timestamp_iso,timestamp_ms,session_id,test_id,state,state_name,fault_flags_hex,fault_list,estop,arm,mode_air,mode_water,charge,discharge,v_alt_V,i_load_A,power_alt_W,i_pump_A,i_comp_A,power_pump_W,power_comp_W,p1_vessel_psi,p2_motor_psi,p_hydro_mbar,temp_water_C,depth_cm,rpm_alt,rpm_water,water_valve_cmd_pct,water_valve_fb_pct,air_pulse_hz,compressor_on,pump_on,air_arm_open,water_valve_open,air_pulsing,v_setpoint_V,energy_alt_J,energy_pump_J,energy_comp_J,energy_input_J,eta_round_trip_pct,dp1_dt_psi_per_s
2026-06-05T00:48:29.171+00:00,207,996060cc-1738-4269-9a35-58ffa0c7dd73,,10,FAULT,0x0400,SELFTEST,0,0,0,0,0,0,0.0,0.0,0.0,0.0,0.0,0.0,0.0,53.93,-0.15,0.0,0.0,0.0,0.0,0.0,0.0,,0.0,0,0,0,0,0,8.0,0.0,0.0,0.0,0.0,0.0,0.0
2026-06-05T00:48:29.295+00:00,330,996060cc-1738-4269-9a35-58ffa0c7dd73,,10,FAULT,0x0440,I2C_TIMEOUT|SELFTEST,0,0,0,0,0,0,0.0,0.0,0.0,0.0,0.0,0.0,0.0,53.69,-0.4,0.0,0.0,0.0,0.0,0.0,0.0,,0.0,0,0,0,0,0,8.0,0.0,0.0,0.0,0.0,0.0,-1.95
2026-06-05T00:48:29.419+00:00,454,996060cc-1738-4269-9a35-58ffa0c7dd73,,10,FAULT,0x0440,I2C_TIMEOUT|SELFTEST,0,0,0,0,0,0,0.0,0.0,0.0,0.0,0.0,0.0,0.0,53.44,0.0,0.0,0.0,0.0,0.0,0.0,0.0,,0.0,0,0,0,0,0,8.0,0.0,0.0,0.0,0.0,0.0,-2.02
2026-06-05T00:48:29.540+00:00,577,996060cc-1738-4269-9a35-58ffa0c7dd73,,10,FAULT,0x0440,I2C_TIMEOUT|SELFTEST,0,0,0,0,0,0,0.0,0.0,0.0,0.0,0.0,0.0,0.0,55.4,0.2,0.0,0.0,0.0,0.0,0.0,0.0,,0.0,0,0,0,0,0,8.0,0.0,0.0,0.0,0.0,0.0,15.93
2026-06-05T00:48:29.664+00:00,700,996060cc-1738-4269-9a35-58ffa0c7dd73,,10,FAULT,0x0440,I2C_TIMEOUT|SELFTEST,0,0,0,0,0,0,0.0,0.0,0.0,0.0,0.0,0.0,0.0,53.69,-0.28,0.0,0.0,0.0,0.0,0.0,0.0,,0.0,0,0,0,0,0,8.0,0.0,0.0,0.0,0.0,0.0,-13.9
2026-06-05T00:48:29.786+00:00,824,996060cc-1738-4269-9a35-58ffa0c7dd73,,10,FAULT,0x0440,I2C_TIMEOUT|SELFTEST,0,0,0,0,0,0,0.0,0.0,0.0,0.0,0.0,0.0,0.0,54.17,0.0,0.0,0.0,0.0,0.0,0.0,0.0,,0.0,0,0,0,0,0,8.0,0.0,0.0,0.0,0.0,0.0,3.87
2026-06-05T00:48:29.912+00:00,947,996060cc-1738-4269-9a35-58ffa0c7dd73,,10,FAULT,0x0440,I2C_TIMEOUT|SELFTEST,0,0,0,0,0,0,0.0,0.0,0.0,0.0,0.0,0.0,0.0,53.69,-0.28,0.0,0.0,0.0,0.0,0.0,0.0,,0.0,0,0,0,0,0,8.0,0.0,0.0,0.0,0.0,0.0,-3.9
2026-06-05T00:48:30.036+00:00,1071,996060cc-1738-4269-9a35-58ffa0c7dd73,,10,FAULT,0x0440,I2C_TIMEOUT|SELFTEST,0,0,0,0,0,0,0.0,0.0,0.0,0.0,0.0,0.0,0.0,53.44,-0.15,0.0,0.0,0.0,0.0,0.0,0.0,,0.0,0,0,0,0,0,8.0,0.0,0.0,0.0,0.0,0.0,-2.02
2026-06-05T00:48:30.159+00:00,1193,996060cc-1738-4269-9a35-58ffa0c7dd73,,10,FAULT,0x0440,I2C_TIMEOUT|SELFTEST,0,0,0,0,0,0,0.0,0.0,0.0,0.0,0.0,0.0,0.0,53.93,-0.52,0.0,0.0,0.0,0.0,0.0,0.0,,0.0,0,0,0,0,0,8.0,0.0,0.0,0.0,0.0,0.0,4.02
2026-06-05T00:48:30.283+00:00,1317,996060cc-1738-4269-9a35-58ffa0c7dd73,,10,FAULT,0x0440,I2C_TIMEOUT|SELFTEST,0,0,0,0,0,0,0.0,0.0,0.0,0.0,0.0,0.0,0.0,53.93,-0.15,0.0,0.0,0.0,0.0,0.0,0.0,,0.0,0,0,0,0,0,8.0,0.0,0.0,0.0,0.0,0.0,0.0
2026-06-05T00:48:30.405+00:00,1440,996060cc-1738-4269-9a35-58ffa0c7dd73,,10,FAULT,0x0440,I2C_TIMEOUT|SELFTEST,0,0,0,0,0,0,0.0,0.0,0.0,0.0,0.0,0.0,0.0,53.69,-0.28,0.0,0.0,0.0,0.0,0.0,0.0,,0.0,0,0,0,0,0,8.0,0.0,0.0,0.0,0.0,0.0,-1.95
2026-06-05T00:48:30.531+00:00,1564,996060cc-1738-4269-9a35-58ffa0c7dd73,,10,FAULT,0x0440,I2C_TIMEOUT|SELFTEST,0,0,0,0,0,0,0.0,0.0,0.0,0.0,0.0,0.0,0.0,54.66,-0.15,0.0,0.0,0.0,0.0,0.0,0.0,,0.0,0,0,0,0,0,8.0,0.0,0.0,0.0,0.0,0.0,7.82
2026-06-05T00:48:30.654+00:00,1688,996060cc-1738-4269-9a35-58ffa0c7dd73,,10,FAULT,0x0440,I2C_TIMEOUT|SELFTEST,0,0,0,0,0,0,0.0,0.0,0.0,0.0,0.0,0.0,0.0,55.4,0.32,0.0,0.0,0.0,0.0,0.0,0.0,,0.0,0,0,0,0,0,8.0,0.0,0.0,0.0,0.0,0.0,5.97
2026-06-05T00:48:30.777+00:00,1811,996060cc-1738-4269-9a35-58ffa0c7dd73,,10,FAULT,0x0440,I2C_TIMEOUT|SELFTEST,0,0,0,0,0,0,0.0,0.0,0.0,0.0,0.0,0.0,0.0,53.93,-0.28,0.0,0.0,0.0,0.0,0.0,0.0,,0.0,0,0,0,0,0,8.0,0.0,0.0,0.0,0.0,0.0,-11.95
2026-06-05T00:48:30.900+00:00,1935,996060cc-1738-4269-9a35-58ffa0c7dd73,,10,FAULT,0x0440,I2C_TIMEOUT|SELFTEST,0,0,0,0,0,0,0.0,0.0,0.0,0.0,0.0,0.0,0.0,53.69,-0.28,0.0,0.0,0.0,0.0,0.0,0.0,,0.0,0,0,0,0,0,8.0,0.0,0.0,0.0,0.0,0.0,-1.94
2026-06-05T00:48:31.026+00:00,2058,996060cc-1738-4269-9a35-58ffa0c7dd73,,10,FAULT,0x0440,I2C_TIMEOUT|SELFTEST,0,0,0,0,0,0,0.0,0.0,0.0,0.0,0.0,0.0,0.0,53.69,-0.28,0.0,0.0,0.0,0.0,0.0,0.0,,0.0,0,0,0,0,0,8.0,0.0,0.0,0.0,0.0,0.0,0.0
2026-06-05T00:48:31.149+00:00,2182,996060cc-1738-4269-9a35-58ffa0c7dd73,,10,FAULT,0x0440,I2C_TIMEOUT|SELFTEST,0,0,0,0,0,0,0.0,0.0,0.0,0.0,0.0,0.0,0.0,53.69,-0.15,0.0,0.0,0.0,0.0,0.0,0.0,,0.0,0,0,0,0,0,8.0,0.0,0.0,0.0,0.0,0.0,0.0
2026-06-05T00:48:31.273+00:00,2306,996060cc-1738-4269-9a35-58ffa0c7dd73,,10,FAULT,0x0440,I2C_TIMEOUT|SELFTEST,0,0,0,0,0,0,0.0,0.0,0.0,0.0,0.0,0.0,0.0,54.17,0.0,0.0,0.0,0.0,0.0,0.0,0.0,,0.0,0,0,0,0,0,8.0,0.0,0.0,0.0,0.0,0.0,3.87
2026-06-05T00:48:31.396+00:00,2428,996060cc-1738-4269-9a35-58ffa0c7dd73,,10,FAULT,0x0440,I2C_TIMEOUT|SELFTEST,0,0,0,0,0,0,0.0,0.0,0.0,0.0,0.0,0.0,0.0,53.69,-0.28,0.0,0.0,0.0,0.0,0.0,0.0,,0.0,0,0,0,0,0,8.0,0.0,0.0,0.0,0.0,0.0,-3.93
2026-06-05T00:48:31.519+00:00,2552,996060cc-1738-4269-9a35-58ffa0c7dd73,,10,FAULT,0x0440,I2C_TIMEOUT|SELFTEST,0,0,0,0,0,0,0.0,0.0,0.0,0.0,0.0,0.0,0.0,53.69,-0.28,0.0,0.0,0.0,0.0,0.0,0.0,,0.0,0,0,0,0,0,8.0,0.0,0.0,0.0,0.0,0.0,0.0
2026-06-05T00:48:31.642+00:00,2675,996060cc-1738-4269-9a35-58ffa0c7dd73,,10,FAULT,0x0440,I2C_TIMEOUT|SELFTEST,0,0,0,0,0,0,0.0,0.0,0.0,0.0,0.0,0.0,0.0,54.17,0.0,0.0,0.0,0.0,0.0,0.0,0.0,,0.0,0,0,0,0,0,8.0,0.0,0.0,0.0,0.0,0.0,3.9
2026-06-05T00:48:31.768+00:00,2799,996060cc-1738-4269-9a35-58ffa0c7dd73,,10,FAULT,0x0440,I2C_TIMEOUT|SELFTEST,0,0,0,0,0,0,0.0,0.0,0.0,0.0,0.0,0.0,0.0,54.17,-0.28,0.0,0.0,0.0,0.0,0.0,0.0,,0.0,0,0,0,0,0,8.0,0.0,0.0,0.0,0.0,0.0,0.0
2026-06-05T00:48:31.891+00:00,2922,996060cc-1738-4269-9a35-58ffa0c7dd73,,10,FAULT,0x0440,I2C_TIMEOUT|SELFTEST,0,0,0,0,0,0,0.0,0.0,0.0,0.0,0.0,0.0,0.0,53.69,-0.28,0.0,0.0,0.0,0.0,0.0,0.0,,0.0,0,0,0,0,0,8.0,0.0,0.0,0.0,0.0,0.0,-3.9
2026-06-05T00:48:32.014+00:00,3046,996060cc-1738-4269-9a35-58ffa0c7dd73,,10,FAULT,0x0440,I2C_TIMEOUT|SELFTEST,0,0,0,0,0,0,0.0,0.0,0.0,0.0,0.0,0.0,0.0,53.69,-0.28,0.0,0.0,0.0,0.0,0.0,0.0,,0.0,0,0,0,0,0,8.0,0.0,0.0,0.0,0.0,0.0,0.0
2026-06-05T00:48:32.137+00:00,3169,996060cc-1738-4269-9a35-58ffa0c7dd73,,10,FAULT,0x0440,I2C_TIMEOUT|SELFTEST,0,0,0,0,0,0,0.0,0.0,0.0,0.0,0.0,0.0,0.0,53.69,-0.15,0.0,0.0,0.0,0.0,0.0,0.0,,0.0,0,0,0,0,0,8.0,0.0,0.0,0.0,0.0,0.0,0.0
2026-06-05T00:48:32.260+00:00,3293,996060cc-1738-4269-9a35-58ffa0c7dd73,,10,FAULT,0x0440,I2C_TIMEOUT|SELFTEST,0,0,0,0,0,0,0.0,0.0,0.0,0.0,0.0,0.0,0.0,55.15,0.0,0.0,0.0,0.0,0.0,0.0,0.0,,0.0,0,0,0,0,0,8.0,0.0,0.0,0.0,0.0,0.0,11.77
2026-06-05T00:48:32.386+00:00,3416,996060cc-1738-4269-9a35-58ffa0c7dd73,,10,FAULT,0x0440,I2C_TIMEOUT|SELFTEST,0,0,0,0,0,0,0.0,0.0,0.0,0.0,0.0,0.0,0.0,53.69,-0.4,0.0,0.0,0.0,0.0,0.0,0.0,,0.0,0,0,0,0,0,8.0,0.0,0.0,0.0,0.0,0.0,-11.87
2026-06-05T00:48:32.510+00:00,3539,996060cc-1738-4269-9a35-58ffa0c7dd73,,10,FAULT,0x0440,I2C_TIMEOUT|SELFTEST,0,0,0,0,0,0,0.0,0.0,0.0,0.0,0.0,0.0,0.0,53.93,-0.15,0.0,0.0,0.0,0.0,0.0,0.0,,0.0,0,0,0,0,0,8.0,0.0,0.0,0.0,0.0,0.0,1.95
2026-06-05T00:48:32.633+00:00,3663,996060cc-1738-4269-9a35-58ffa0c7dd73,,10,FAULT,0x0440,I2C_TIMEOUT|SELFTEST,0,0,0,0,0,0,0.0,0.0,0.0,0.0,0.0,0.0,0.0,54.17,-0.15,0.0,0.0,0.0,0.0,0.0,0.0,,0.0,0,0,0,0,0,8.0,0.0,0.0,0.0,0.0,0.0,1.94
2026-06-05T00:48:32.756+00:00,3786,996060cc-1738-4269-9a35-58ffa0c7dd73,,10,FAULT,0x0440,I2C_TIMEOUT|SELFTEST,0,0,0,0,0,0,0.0,0.0,0.0,0.0,0.0,0.0,0.0,55.4,0.2,0.0,0.0,0.0,0.0,0.0,0.0,,0.0,0,0,0,0,0,8.0,0.0,0.0,0.0,0.0,0.0,10.0
2026-06-05T00:48:32.879+00:00,3910,996060cc-1738-4269-9a35-58ffa0c7dd73,,10,FAULT,0x0440,I2C_TIMEOUT|SELFTEST,0,0,0,0,0,0,0.0,0.0,0.0,0.0,0.0,0.0,0.0,54.42,-0.28,0.0,0.0,0.0,0.0,0.0,0.0,,0.0,0,0,0,0,0,8.0,0.0,0.0,0.0,0.0,0.0,-7.9
2026-06-05T00:48:33.005+00:00,4033,996060cc-1738-4269-9a35-58ffa0c7dd73,,10,FAULT,0x0440,I2C_TIMEOUT|SELFTEST,0,0,0,0,0,0,0.0,0.0,0.0,0.0,0.0,0.0,0.0,53.69,-0.4,0.0,0.0,0.0,0.0,0.0,0.0,,0.0,0,0,0,0,0,8.0,0.0,0.0,0.0,0.0,0.0,-5.93
2026-06-05T00:48:33.132+00:00,4160,996060cc-1738-4269-9a35-58ffa0c7dd73,,10,FAULT,0x0440,I2C_TIMEOUT|SELFTEST,0,0,0,0,0,0,0.0,0.0,0.0,4.819,3.582,578.28,429.84,53.93,-0.15,0.0,0.0,0.0,0.0,0.0,0.0,,0.0,0,0,0,0,0,8.0,0.0,73.44,54.59,128.03,0.0,1.89
2026-06-05T00:48:33.260+00:00,4289,996060cc-1738-4269-9a35-58ffa0c7dd73,,10,FAULT,0x0440,I2C_TIMEOUT|SELFTEST,0,0,0,0,0,0,0.0,0.0,0.0,4.655,3.089,558.6,370.68,53.69,-0.4,0.0,0.0,0.0,0.0,0.0,0.0,,0.0,0,0,0,0,0,8.0,0.0,145.5,102.41,247.91,0.0,-1.86
2026-06-05T00:48:33.390+00:00,4418,996060cc-1738-4269-9a35-58ffa0c7dd73,,10,FAULT,0x0440,I2C_TIMEOUT|SELFTEST,0,0,0,0,0,0,0.0,0.0,0.0,4.682,3.117,561.84,374.04,55.4,0.32,0.0,0.0,0.0,0.0,0.0,0.0,,0.0,0,0,0,0,0,8.0,0.0,217.98,150.66,368.64,0.0,13.26
2026-06-05T00:48:33.518+00:00,4547,996060cc-1738-4269-9a35-58ffa0c7dd73,,10,FAULT,0x0440,I2C_TIMEOUT|SELFTEST,0,0,0,0,0,0,0.0,0.0,0.0,4.665,3.058,559.8,366.96,53.93,-0.28,0.0,0.0,0.0,0.0,0.0,0.0,,0.0,0,0,0,0,0,8.0,0.0,290.19,198.0,488.19,0.0,-11.4
2026-06-05T00:48:33.648+00:00,4676,996060cc-1738-4269-9a35-58ffa0c7dd73,,10,FAULT,0x0440,I2C_TIMEOUT|SELFTEST,0,0,0,0,0,0,0.0,0.0,0.0,4.653,3.034,558.36,364.08,53.69,-0.28,0.0,0.0,0.0,0.0,0.0,0.0,,0.0,0,0,0,0,0,8.0,0.0,362.22,244.96,607.18,0.0,-1.86
2026-06-05T00:48:33.779+00:00,4805,996060cc-1738-4269-9a35-58ffa0c7dd73,,10,FAULT,0x0440,I2C_TIMEOUT|SELFTEST,0,0,0,0,0,0,0.0,0.0,0.0,4.653,3.01,558.36,361.2,53.2,-0.64,0.0,0.0,0.0,0.0,0.0,0.0,,0.0,0,0,0,0,0,8.0,0.0,434.25,291.56,725.81,0.0,-3.8
2026-06-05T00:48:33.906+00:00,4934,996060cc-1738-4269-9a35-58ffa0c7dd73,,10,FAULT,0x0440,I2C_TIMEOUT|SELFTEST,0,0,0,0,0,0,0.0,0.0,0.0,4.683,3.025,561.96,363.0,53.93,-0.15,0.0,0.0,0.0,0.0,0.0,0.0,,0.0,0,0,0,0,0,8.0,0.0,506.74,338.38,845.13,0.0,5.66
2026-06-05T00:48:34.037+00:00,5062,996060cc-1738-4269-9a35-58ffa0c7dd73,,10,FAULT,0x0440,I2C_TIMEOUT|SELFTEST,0,0,0,0,0,0,0.0,0.0,0.0,4.723,3.032,566.76,363.84,53.93,-0.15,0.0,0.0,0.0,0.0,0.0,0.0,,0.0,0,0,0,0,0,8.0,0.0,579.29,384.96,964.24,0.0,0.0
2026-06-05T00:48:34.164+00:00,5191,996060cc-1738-4269-9a35-58ffa0c7dd73,,10,FAULT,0x0440,I2C_TIMEOUT|SELFTEST,0,0,0,0,0,0,0.0,0.0,0.0,4.727,3.015,567.24,361.8,53.69,-0.28,0.0,0.0,0.0,0.0,0.0,0.0,,0.0,0,0,0,0,0,8.0,0.0,652.46,431.63,1084.09,0.0,-1.86
2026-06-05T00:48:34.295+00:00,5320,996060cc-1738-4269-9a35-58ffa0c7dd73,,10,FAULT,0x0440,I2C_TIMEOUT|SELFTEST,0,0,0,0,0,0,0.0,0.0,0.0,4.715,2.983,565.8,357.96,53.93,-0.4,0.0,0.0,0.0,0.0,0.0,0.0,,0.0,0,0,0,0,0,8.0,0.0,725.45,477.81,1203.25,0.0,1.86
2026-06-05T00:48:34.423+00:00,5449,996060cc-1738-4269-9a35-58ffa0c7dd73,,10,FAULT,0x0440,I2C_TIMEOUT|SELFTEST,0,0,0,0,0,0,0.0,0.0,0.0,4.708,2.954,564.96,354.48,53.93,-0.15,0.0,0.0,0.0,0.0,0.0,0.0,,0.0,0,0,0,0,0,8.0,0.0,798.33,523.53,1321.86,0.0,0.0
2026-06-05T00:48:34.553+00:00,5578,996060cc-1738-4269-9a35-58ffa0c7dd73,,10,FAULT,0x0440,I2C_TIMEOUT|SELFTEST,0,0,0,0,0,0,0.0,0.0,0.0,4.729,2.948,567.48,353.76,53.69,-0.28,0.0,0.0,0.0,0.0,0.0,0.0,,0.0,0,0,0,0,0,8.0,0.0,871.53,569.17,1440.7,0.0,-1.86
2026-06-05T00:48:34.681+00:00,5707,996060cc-1738-4269-9a35-58ffa0c7dd73,,10,FAULT,0x0440,I2C_TIMEOUT|SELFTEST,0,0,0,0,0,0,0.0,0.0,0.0,4.751,2.958,570.12,354.96,54.42,0.2,0.0,0.0,0.0,0.0,0.0,0.0,,0.0,0,0,0,0,0,8.0,0.0,945.08,614.96,1560.04,0.0,5.66
2026-06-05T00:48:34.811+00:00,5836,996060cc-1738-4269-9a35-58ffa0c7dd73,,10,FAULT,0x0440,I2C_TIMEOUT|SELFTEST,0,0,0,0,0,0,0.0,0.0,0.0,4.774,2.962,572.88,355.44,53.69,-0.52,0.0,0.0,0.0,0.0,0.0,0.0,,0.0,0,0,0,0,0,8.0,0.0,1018.98,660.81,1679.79,0.0,-5.66
2026-06-05T00:48:34.939+00:00,5965,996060cc-1738-4269-9a35-58ffa0c7dd73,,10,FAULT,0x0440,I2C_TIMEOUT|SELFTEST,0,0,0,0,0,0,0.0,0.0,0.0,4.792,2.957,575.04,354.84,53.93,-0.28,0.0,0.0,0.0,0.0,0.0,0.0,,0.0,0,0,0,0,0,8.0,0.0,1093.16,706.58,1799.75,0.0,1.86
2026-06-05T00:48:35.069+00:00,6094,996060cc-1738-4269-9a35-58ffa0c7dd73,,10,FAULT,0x0440,I2C_TIMEOUT|SELFTEST,0,0,0,0,0,0,0.0,0.0,0.0,4.801,2.94,576.12,352.8,53.93,-0.28,0.0,0.0,0.0,0.0,0.0,0.0,,0.0,0,0,0,0,0,8.0,0.0,1167.48,752.1,1919.58,0.0,0.0
2026-06-05T00:48:35.200+00:00,6223,996060cc-1738-4269-9a35-58ffa0c7dd73,,10,FAULT,0x0440,I2C_TIMEOUT|SELFTEST,0,0,0,0,0,0,0.0,0.0,0.0,4.78,2.898,573.6,347.76,53.44,-0.28,0.0,0.0,0.0,0.0,0.0,0.0,,0.0,0,0,0,0,0,8.0,0.0,1241.48,796.96,2038.43,0.0,-3.8
2026-06-05T00:48:35.328+00:00,6352,996060cc-1738-4269-9a35-58ffa0c7dd73,,10,FAULT,0x0440,I2C_TIMEOUT|SELFTEST,0,0,0,0,0,0,0.0,0.0,0.0,4.785,2.876,574.2,345.12,53.93,-0.4,0.0,0.0,0.0,0.0,0.0,0.0,,0.0,0,0,0,0,0,8.0,0.0,1315.55,841.48,2157.02,0.0,3.8
2026-06-05T00:48:35.458+00:00,6481,996060cc-1738-4269-9a35-58ffa0c7dd73,,10,FAULT,0x0440,I2C_TIMEOUT|SELFTEST,0,0,0,0,0,0,0.0,0.0,0.0,4.806,2.883,576.72,345.96,53.69,-0.15,0.0,0.0,0.0,0.0,0.0,0.0,,0.0,0,0,0,0,0,8.0,0.0,1389.94,886.11,2276.05,0.0,-1.86
2026-06-05T00:48:35.586+00:00,6610,996060cc-1738-4269-9a35-58ffa0c7dd73,,10,FAULT,0x0440,I2C_TIMEOUT|SELFTEST,0,0,0,0,0,0,0.0,0.0,0.0,4.841,2.891,580.92,346.92,53.69,-0.28,0.0,0.0,0.0,0.0,0.0,0.0,,0.0,0,0,0,0,0,8.0,0.0,1464.88,930.86,2395.74,0.0,0.0
2026-06-05T00:48:35.716+00:00,6739,996060cc-1738-4269-9a35-58ffa0c7dd73,,10,FAULT,0x0440,I2C_TIMEOUT|SELFTEST,0,0,0,0,0,0,0.0,0.0,0.0,4.853,2.889,582.36,346.68,52.95,-0.52,0.0,0.0,0.0,0.0,0.0,0.0,,0.0,0,0,0,0,0,8.0,0.0,1540.01,975.58,2515.59,0.0,-5.74
2026-06-05T00:48:35.844+00:00,6868,996060cc-1738-4269-9a35-58ffa0c7dd73,,10,FAULT,0x0440,I2C_TIMEOUT|SELFTEST,0,0,0,0,0,0,0.0,0.0,0.0,4.855,2.865,582.6,343.8,53.93,-0.28,0.0,0.0,0.0,0.0,0.0,0.0,,0.0,0,0,0,0,0,8.0,0.0,1615.16,1019.93,2635.09,0.0,7.6
2026-06-05T00:48:35.974+00:00,6998,996060cc-1738-4269-9a35-58ffa0c7dd73,,10,FAULT,0x0440,I2C_TIMEOUT|SELFTEST,0,0,0,0,0,0,0.0,0.0,0.0,4.855,2.845,582.6,341.4,53.93,-0.15,0.0,0.0,0.0,0.0,0.0,0.0,,0.0,0,0,0,0,0,8.0,0.0,1690.9,1064.31,2755.21,0.0,0.0
2026-06-05T00:48:36.102+00:00,7126,996060cc-1738-4269-9a35-58ffa0c7dd73,,10,FAULT,0x0440,I2C_TIMEOUT|SELFTEST,0,0,0,0,0,0,0.0,0.0,0.0,4.857,2.807,582.84,336.84,54.42,-0.15,0.0,0.0,0.0,0.0,0.0,0.0,,0.0,0,0,0,0,0,8.0,0.0,1765.5,1107.43,2872.93,0.0,3.83
2026-06-05T00:48:36.233+00:00,7255,996060cc-1738-4269-9a35-58ffa0c7dd73,,10,FAULT,0x0440,I2C_TIMEOUT|SELFTEST,0,0,0,0,0,0,0.0,0.0,0.0,4.87,2.81,584.4,337.2,53.93,-0.15,0.0,0.0,0.0,0.0,0.0,0.0,,0.0,0,0,0,0,0,8.0,0.0,1840.89,1150.93,2991.82,0.0,-3.8
2026-06-05T00:48:36.363+00:00,7384,996060cc-1738-4269-9a35-58ffa0c7dd73,,10,FAULT,0x0440,I2C_TIMEOUT|SELFTEST,0,0,0,0,0,0,0.0,0.0,0.0,4.887,2.808,586.44,336.96,53.93,-0.28,0.0,0.0,0.0,0.0,0.0,0.0,,0.0,0,0,0,0,0,8.0,0.0,1916.54,1194.39,3110.94,0.0,0.0
2026-06-05T00:48:36.491+00:00,7513,996060cc-1738-4269-9a35-58ffa0c7dd73,,10,FAULT,0x0440,I2C_TIMEOUT|SELFTEST,0,0,0,0,0,0,0.0,0.0,0.0,4.925,2.824,591.0,338.88,53.93,-0.28,0.0,0.0,0.0,0.0,0.0,0.0,,0.0,0,0,0,0,0,8.0,0.0,1992.78,1238.11,3230.89,0.0,0.0
2026-06-05T00:48:36.621+00:00,7642,996060cc-1738-4269-9a35-58ffa0c7dd73,,10,FAULT,0x0440,I2C_TIMEOUT|SELFTEST,0,0,0,0,0,0,0.0,0.0,0.0,4.946,2.814,593.52,337.68,53.93,0.0,0.0,0.0,0.0,0.0,0.0,0.0,,0.0,0,0,0,0,0,8.0,0.0,2069.35,1281.67,3351.02,0.0,0.0
2026-06-05T00:48:36.751+00:00,7771,996060cc-1738-4269-9a35-58ffa0c7dd73,,10,FAULT,0x0440,I2C_TIMEOUT|SELFTEST,0,0,0,0,0,0,0.0,0.0,0.0,4.931,2.783,591.72,333.96,53.93,-0.15,0.0,0.0,0.0,0.0,0.0,0.0,,0.0,0,0,0,0,0,8.0,0.0,2145.68,1324.75,3470.43,0.0,0.0
2026-06-05T00:48:36.880+00:00,7900,996060cc-1738-4269-9a35-58ffa0c7dd73,,10,FAULT,0x0440,I2C_TIMEOUT|SELFTEST,0,0,0,0,0,0,0.0,0.0,0.0,4.921,2.743,590.52,329.16,53.93,-0.15,0.0,0.0,0.0,0.0,0.0,0.0,,0.0,0,0,0,0,0,8.0,0.0,2221.85,1367.21,3589.07,0.0,0.0
2026-06-05T00:48:37.008+00:00,8029,996060cc-1738-4269-9a35-58ffa0c7dd73,,10,FAULT,0x0440,I2C_TIMEOUT|SELFTEST,0,0,0,0,0,0,0.0,0.0,0.0,4.925,2.729,591.0,327.48,53.69,-0.28,0.0,0.0,0.0,0.0,0.0,0.0,,0.0,0,0,0,0,0,8.0,0.0,2298.09,1409.46,3707.55,0.0,-1.86
2026-06-05T00:48:37.138+00:00,8158,996060cc-1738-4269-9a35-58ffa0c7dd73,,10,FAULT,0x0440,I2C_TIMEOUT|SELFTEST,0,0,0,0,0,0,0.0,0.0,0.0,4.96,2.742,595.2,329.04,53.69,-0.15,0.0,0.0,0.0,0.0,0.0,0.0,,0.0,0,0,0,0,0,8.0,0.0,2374.87,1451.9,3826.78,0.0,0.0
2026-06-05T00:48:37.266+00:00,8287,996060cc-1738-4269-9a35-58ffa0c7dd73,,10,FAULT,0x0440,I2C_TIMEOUT|SELFTEST,0,0,0,0,0,0,0.0,0.0,0.0,4.984,2.747,598.08,329.64,53.69,-0.28,0.0,0.0,0.0,0.0,0.0,0.0,,0.0,0,0,0,0,0,8.0,0.0,2452.03,1494.43,3946.45,0.0,0.0
2026-06-05T00:48:37.397+00:00,8416,996060cc-1738-4269-9a35-58ffa0c7dd73,,10,FAULT,0x0440,I2C_TIMEOUT|SELFTEST,0,0,0,0,0,0,0.0,0.0,0.0,4.987,2.729,598.44,327.48,53.69,-0.28,0.0,0.0,0.0,0.0,0.0,0.0,,0.0,0,0,0,0,0,8.0,0.0,2529.23,1536.67,4065.9,0.0,0.0
2026-06-05T00:48:37.524+00:00,8545,996060cc-1738-4269-9a35-58ffa0c7dd73,,10,FAULT,0x0440,I2C_TIMEOUT|SELFTEST,0,0,0,0,0,0,0.0,0.0,0.0,5.013,2.749,601.56,329.88,53.69,-0.28,0.0,0.0,0.0,0.0,0.0,0.0,,0.0,0,0,0,0,0,8.0,0.0,2606.83,1579.23,4186.05,0.0,0.0
2026-06-05T00:48:37.654+00:00,8674,996060cc-1738-4269-9a35-58ffa0c7dd73,,10,FAULT,0x0440,I2C_TIMEOUT|SELFTEST,0,0,0,0,0,0,0.0,0.0,0.0,5.007,2.746,600.84,329.52,53.44,-0.4,0.0,0.0,0.0,0.0,0.0,0.0,,0.0,0,0,0,0,0,8.0,0.0,2684.34,1621.74,4306.07,0.0,-1.94
2026-06-05T00:48:37.785+00:00,8803,996060cc-1738-4269-9a35-58ffa0c7dd73,,10,FAULT,0x0440,I2C_TIMEOUT|SELFTEST,0,0,0,0,0,0,0.0,0.0,0.0,5.023,2.752,602.76,330.24,53.69,-0.28,0.0,0.0,0.0,0.0,0.0,0.0,,0.0,0,0,0,0,0,8.0,0.0,2762.09,1664.34,4426.43,0.0,1.94
2026-06-05T00:48:37.913+00:00,8932,996060cc-1738-4269-9a35-58ffa0c7dd73,,10,FAULT,0x0440,I2C_TIMEOUT|SELFTEST,0,0,0,0,0,0,0.0,0.0,0.0,5.002,2.747,600.24,329.64,53.69,-0.28,0.0,0.0,0.0,0.0,0.0,0.0,,0.0,0,0,0,0,0,8.0,0.0,2839.52,1706.86,4546.38,0.0,0.0
2026-06-05T00:48:38.043+00:00,9061,996060cc-1738-4269-9a35-58ffa0c7dd73,,10,FAULT,0x0440,I2C_TIMEOUT|SELFTEST,0,0,0,0,0,0,0.0,0.0,0.0,5.034,2.764,604.08,331.68,53.93,-0.28,0.0,0.0,0.0,0.0,0.0,0.0,,0.0,0,0,0,0,0,8.0,0.0,2917.45,1749.65,4667.09,0.0,1.86
2026-06-05T00:48:38.171+00:00,9189,996060cc-1738-4269-9a35-58ffa0c7dd73,,10,FAULT,0x0440,I2C_TIMEOUT|SELFTEST,0,0,0,0,0,0,0.0,0.0,0.0,5.019,2.76,602.28,331.2,53.69,-0.15,0.0,0.0,0.0,0.0,0.0,0.0,,0.0,0,0,0,0,0,8.0,0.0,2994.54,1792.04,4786.58,0.0,-1.88
2026-06-05T00:48:38.301+00:00,9318,996060cc-1738-4269-9a35-58ffa0c7dd73,,10,FAULT,0x0440,I2C_TIMEOUT|SELFTEST,0,0,0,0,0,0,0.0,0.0,0.0,5.033,2.759,603.96,331.08,53.69,-0.28,0.0,0.0,0.0,0.0,0.0,0.0,,0.0,0,0,0,0,0,8.0,0.0,3072.45,1834.75,4907.2,0.0,0.0
2026-06-05T00:48:38.429+00:00,9447,996060cc-1738-4269-9a35-58ffa0c7dd73,,10,FAULT,0x0440,I2C_TIMEOUT|SELFTEST,0,0,0,0,0,0,0.0,0.0,0.0,5.003,2.748,600.36,329.76,53.69,-0.28,0.0,0.0,0.0,0.0,0.0,0.0,,0.0,0,0,0,0,0,8.0,0.0,3149.9,1877.29,5027.19,0.0,0.0
2026-06-05T00:48:38.559+00:00,9576,996060cc-1738-4269-9a35-58ffa0c7dd73,,10,FAULT,0x0440,I2C_TIMEOUT|SELFTEST,0,0,0,0,0,0,0.0,0.0,0.0,5.036,2.764,604.32,331.68,53.93,-0.4,0.0,0.0,0.0,0.0,0.0,0.0,,0.0,0,0,0,0,0,8.0,0.0,3227.85,1920.08,5147.93,0.0,1.86
2026-06-05T00:48:38.687+00:00,9705,996060cc-1738-4269-9a35-58ffa0c7dd73,,10,FAULT,0x0440,I2C_TIMEOUT|SELFTEST,0,0,0,0,0,0,0.0,0.0,0.0,5.017,2.757,602.04,330.84,53.69,-0.28,0.0,0.0,0.0,0.0,0.0,0.0,,0.0,0,0,0,0,0,8.0,0.0,3305.52,1962.75,5268.27,0.0,-1.86
2026-06-05T00:48:38.818+00:00,9834,996060cc-1738-4269-9a35-58ffa0c7dd73,,10,FAULT,0x0440,I2C_TIMEOUT|SELFTEST,0,0,0,0,0,0,0.0,0.0,0.0,5.039,2.764,604.68,331.68,53.69,-0.28,0.0,0.0,0.0,0.0,0.0,0.0,,0.0,0,0,0,0,0,8.0,0.0,3383.52,2005.54,5389.06,0.0,0.0
2026-06-05T00:48:38.945+00:00,9963,996060cc-1738-4269-9a35-58ffa0c7dd73,,10,FAULT,0x0440,I2C_TIMEOUT|SELFTEST,0,0,0,0,0,0,0.0,0.0,0.0,4.995,2.744,599.4,329.28,53.69,-0.15,0.0,0.0,0.0,0.0,0.0,0.0,,0.0,0,0,0,0,0,8.0,0.0,3460.84,2048.02,5508.86,0.0,0.0
2026-06-05T00:48:39.076+00:00,10092,996060cc-1738-4269-9a35-58ffa0c7dd73,,10,FAULT,0x0440,I2C_TIMEOUT|SELFTEST,0,0,0,0,0,0,0.0,0.0,0.0,5.03,2.758,603.6,330.96,54.66,0.0,0.0,0.0,0.0,0.0,0.0,0.0,,0.0,0,0,0,0,0,8.0,0.0,3538.71,2090.71,5629.42,0.0,7.52
2026-06-05T00:48:39.206+00:00,10221,996060cc-1738-4269-9a35-58ffa0c7dd73,,10,FAULT,0x0440,I2C_TIMEOUT|SELFTEST,0,0,0,0,0,0,0.0,0.0,0.0,4.999,2.742,599.88,329.04,53.44,-0.28,0.0,0.0,0.0,0.0,0.0,0.0,,0.0,0,0,0,0,0,8.0,0.0,3616.09,2133.16,5749.25,0.0,-9.46
2026-06-05T00:48:39.334+00:00,10350,996060cc-1738-4269-9a35-58ffa0c7dd73,,10,FAULT,0x0440,I2C_TIMEOUT|SELFTEST,0,0,0,0,0,0,0.0,0.0,0.0,5.025,2.744,603.0,329.28,53.93,-0.28,0.0,0.0,0.0,0.0,0.0,0.0,,0.0,0,0,0,0,0,8.0,0.0,3693.88,2175.63,5869.51,0.0,3.8
2026-06-05T00:48:39.464+00:00,10479,996060cc-1738-4269-9a35-58ffa0c7dd73,,10,FAULT,0x0440,I2C_TIMEOUT|SELFTEST,0,0,0,0,0,0,0.0,0.0,0.0,4.987,2.726,598.44,327.12,53.93,-0.15,0.0,0.0,0.0,0.0,0.0,0.0,,0.0,0,0,0,0,0,8.0,0.0,3771.08,2217.83,5988.91,0.0,0.0
2026-06-05T00:48:39.592+00:00,10608,996060cc-1738-4269-9a35-58ffa0c7dd73,,10,FAULT,0x0440,I2C_TIMEOUT|SELFTEST,0,0,0,0,0,0,0.0,0.0,0.0,5.022,2.743,602.64,329.16,53.44,-0.4,0.0,0.0,0.0,0.0,0.0,0.0,,0.0,0,0,0,0,0,8.0,0.0,3848.82,2260.29,6109.11,0.0,-3.8
2026-06-05T00:48:39.723+00:00,10737,996060cc-1738-4269-9a35-58ffa0c7dd73,,10,FAULT,0x0440,I2C_TIMEOUT|SELFTEST,0,0,0,0,0,0,0.0,0.0,0.0,4.997,2.736,599.64,328.32,53.93,-0.28,0.0,0.0,0.0,0.0,0.0,0.0,,0.0,0,0,0,0,0,8.0,0.0,3926.17,2302.65,6228.82,0.0,3.8
2026-06-05T00:48:39.851+00:00,10866,996060cc-1738-4269-9a35-58ffa0c7dd73,,10,FAULT,0x0440,I2C_TIMEOUT|SELFTEST,0,0,0,0,0,0,0.0,0.0,0.0,5.023,2.742,602.76,329.04,53.69,-0.28,0.0,0.0,0.0,0.0,0.0,0.0,,0.0,0,0,0,0,0,8.0,0.0,4003.93,2345.09,6349.02,0.0,-1.86
2026-06-05T00:48:39.981+00:00,10995,996060cc-1738-4269-9a35-58ffa0c7dd73,,10,FAULT,0x0440,I2C_TIMEOUT|SELFTEST,0,0,0,0,0,0,0.0,0.0,0.0,4.979,2.725,597.48,327.0,54.42,-0.28,0.0,0.0,0.0,0.0,0.0,0.0,,0.0,0,0,0,0,0,8.0,0.0,4081.0,2387.28,6468.28,0.0,5.66
2026-06-05T00:48:40.111+00:00,11124,996060cc-1738-4269-9a35-58ffa0c7dd73,,10,FAULT,0x0440,I2C_TIMEOUT|SELFTEST,0,0,0,0,0,0,0.0,0.0,0.0,5.012,2.738,601.44,328.56,53.44,-0.76,0.0,0.0,0.0,0.0,0.0,0.0,,0.0,0,0,0,0,0,8.0,0.0,4158.59,2429.66,6588.25,0.0,-7.6
2026-06-05T00:48:40.239+00:00,11253,996060cc-1738-4269-9a35-58ffa0c7dd73,,10,FAULT,0x0440,I2C_TIMEOUT|SELFTEST,0,0,0,0,0,0,0.0,0.0,0.0,4.99,2.731,598.8,327.72,53.93,-0.4,0.0,0.0,0.0,0.0,0.0,0.0,,0.0,0,0,0,0,0,8.0,0.0,4235.84,2471.94,6707.77,0.0,3.8
2026-06-05T00:48:40.369+00:00,11382,996060cc-1738-4269-9a35-58ffa0c7dd73,,10,FAULT,0x0440,I2C_TIMEOUT|SELFTEST,0,0,0,0,0,0,0.0,0.0,0.0,5.021,2.739,602.52,328.68,53.69,-0.28,0.0,0.0,0.0,0.0,0.0,0.0,,0.0,0,0,0,0,0,8.0,0.0,4313.56,2514.34,6827.9,0.0,-1.86
2026-06-05T00:48:40.498+00:00,11511,996060cc-1738-4269-9a35-58ffa0c7dd73,,10,FAULT,0x0440,I2C_TIMEOUT|SELFTEST,0,0,0,0,0,0,0.0,0.0,0.0,4.972,2.723,596.64,326.76,53.69,-0.28,0.0,0.0,0.0,0.0,0.0,0.0,,0.0,0,0,0,0,0,8.0,0.0,4390.53,2556.49,6947.02,0.0,0.0
2026-06-05T00:48:40.628+00:00,11640,996060cc-1738-4269-9a35-58ffa0c7dd73,,10,FAULT,0x0440,I2C_TIMEOUT|SELFTEST,0,0,0,0,0,0,0.0,0.0,0.0,5.014,2.737,601.68,328.44,53.44,-0.76,0.0,0.0,0.0,0.0,0.0,0.0,,0.0,0,0,0,0,0,8.0,0.0,4468.14,2598.86,7067.0,0.0,-1.94
2026-06-05T00:48:40.756+00:00,11769,996060cc-1738-4269-9a35-58ffa0c7dd73,,10,FAULT,0x0440,I2C_TIMEOUT|SELFTEST,0,0,0,0,0,0,0.0,0.0,0.0,4.979,2.721,597.48,326.52,53.69,-0.28,0.0,0.0,0.0,0.0,0.0,0.0,,0.0,0,0,0,0,0,8.0,0.0,4545.22,2640.98,7186.2,0.0,1.94
2026-06-05T00:48:40.886+00:00,11898,996060cc-1738-4269-9a35-58ffa0c7dd73,,10,FAULT,0x0440,I2C_TIMEOUT|SELFTEST,0,0,0,0,0,0,0.0,0.0,0.0,5.02,2.735,602.4,328.2,53.69,-0.28,0.0,0.0,0.0,0.0,0.0,0.0,,0.0,0,0,0,0,0,8.0,0.0,4622.93,2683.32,7306.24,0.0,0.0
2026-06-05T00:48:41.016+00:00,12027,996060cc-1738-4269-9a35-58ffa0c7dd73,,10,FAULT,0x0440,I2C_TIMEOUT|SELFTEST,0,0,0,0,0,0,0.0,0.0,0.0,4.96,2.705,595.2,324.6,53.69,-0.4,0.0,0.0,0.0,0.0,0.0,0.0,,0.0,0,0,0,0,0,8.0,0.0,4699.71,2725.19,7424.9,0.0,0.0
2026-06-05T00:48:41.146+00:00,12157,996060cc-1738-4269-9a35-58ffa0c7dd73,,10,FAULT,0x0440,I2C_TIMEOUT|SELFTEST,0,0,0,0,0,0,0.0,0.0,0.0,5.005,2.727,600.6,327.24,53.69,-0.28,0.0,0.0,0.0,0.0,0.0,0.0,,0.0,0,0,0,0,0,8.0,0.0,4777.79,2767.73,7545.52,0.0,0.0
2026-06-05T00:48:41.275+00:00,12286,996060cc-1738-4269-9a35-58ffa0c7dd73,,10,FAULT,0x0440,I2C_TIMEOUT|SELFTEST,0,0,0,0,0,0,0.0,0.0,0.0,4.96,2.705,595.2,324.6,53.69,-0.28,0.0,0.0,0.0,0.0,0.0,0.0,,0.0,0,0,0,0,0,8.0,0.0,4854.57,2809.6,7664.17,0.0,0.0
2026-06-05T00:48:41.403+00:00,12416,996060cc-1738-4269-9a35-58ffa0c7dd73,,10,FAULT,0x0440,I2C_TIMEOUT|SELFTEST,0,0,0,0,0,0,0.0,0.0,0.0,5.015,2.727,601.8,327.24,53.69,-0.15,0.0,0.0,0.0,0.0,0.0,0.0,,0.0,0,0,0,0,0,8.0,0.0,4932.8,2852.15,7784.95,0.0,0.0
2026-06-05T00:48:41.533+00:00,12545,996060cc-1738-4269-9a35-58ffa0c7dd73,,10,FAULT,0x0440,I2C_TIMEOUT|SELFTEST,0,0,0,0,0,0,0.0,0.0,0.0,4.95,2.698,594.0,323.76,53.69,-0.15,0.0,0.0,0.0,0.0,0.0,0.0,,0.0,0,0,0,0,0,8.0,0.0,5009.43,2893.91,7903.34,0.0,0.0
2026-06-05T00:48:41.661+00:00,12674,996060cc-1738-4269-9a35-58ffa0c7dd73,,10,FAULT,0x0440,I2C_TIMEOUT|SELFTEST,0,0,0,0,0,0,0.0,0.0,0.0,5.002,2.719,600.24,326.28,53.69,-0.28,0.0,0.0,0.0,0.0,0.0,0.0,,0.0,0,0,0,0,0,8.0,0.0,5086.86,2936.0,8022.86,0.0,0.0
2026-06-05T00:48:41.791+00:00,12803,996060cc-1738-4269-9a35-58ffa0c7dd73,,10,FAULT,0x0440,I2C_TIMEOUT|SELFTEST,0,0,0,0,0,0,0.0,0.0,0.0,4.949,2.696,593.88,323.52,53.69,-0.15,0.0,0.0,0.0,0.0,0.0,0.0,,0.0,0,0,0,0,0,8.0,0.0,5163.47,2977.73,8141.2,0.0,0.0
2026-06-05T00:48:41.921+00:00,12932,996060cc-1738-4269-9a35-58ffa0c7dd73,,10,FAULT,0x0440,I2C_TIMEOUT|SELFTEST,0,0,0,0,0,0,0.0,0.0,0.0,5.002,2.717,600.24,326.04,53.69,-0.28,0.0,0.0,0.0,0.0,0.0,0.0,,0.0,0,0,0,0,0,8.0,0.0,5240.9,3019.79,8260.69,0.0,0.0
2026-06-05T00:48:42.049+00:00,13061,996060cc-1738-4269-9a35-58ffa0c7dd73,,10,FAULT,0x0440,I2C_TIMEOUT|SELFTEST,0,0,0,0,0,0,0.0,0.0,0.0,4.94,2.689,592.8,322.68,54.17,0.0,0.0,0.0,0.0,0.0,0.0,0.0,,0.0,0,0,0,0,0,8.0,0.0,5317.37,3061.42,8378.79,0.0,3.72
2026-06-05T00:48:42.180+00:00,13190,996060cc-1738-4269-9a35-58ffa0c7dd73,,10,FAULT,0x0440,I2C_TIMEOUT|SELFTEST,0,0,0,0,0,0,0.0,0.0,0.0,4.987,2.709,598.44,325.08,53.69,-0.28,0.0,0.0,0.0,0.0,0.0,0.0,,0.0,0,0,0,0,0,8.0,0.0,5394.57,3103.36,8497.93,0.0,-3.72
2026-06-05T00:48:42.308+00:00,13319,996060cc-1738-4269-9a35-58ffa0c7dd73,,10,FAULT,0x0440,I2C_TIMEOUT|SELFTEST,0,0,0,0,0,0,0.0,0.0,0.0,4.941,2.689,592.92,322.68,53.69,-0.28,0.0,0.0,0.0,0.0,0.0,0.0,,0.0,0,0,0,0,0,8.0,0.0,5471.06,3144.98,8616.04,0.0,0.0
2026-06-05T00:48:42.438+00:00,13448,996060cc-1738-4269-9a35-58ffa0c7dd73,,10,FAULT,0x0440,I2C_TIMEOUT|SELFTEST,0,0,0,0,0,0,0.0,0.0,0.0,4.997,2.715,599.64,325.8,53.69,-0.15,0.0,0.0,0.0,0.0,0.0,0.0,,0.0,0,0,0,0,0,8.0,0.0,5548.41,3187.01,8735.42,0.0,0.0
2026-06-05T00:48:42.566+00:00,13577,996060cc-1738-4269-9a35-58ffa0c7dd73,,10,FAULT,0x0440,I2C_TIMEOUT|SELFTEST,0,0,0,0,0,0,0.0,0.0,0.0,4.946,2.69,593.52,322.8,53.69,-0.15,0.0,0.0,0.0,0.0,0.0,0.0,,0.0,0,0,0,0,0,8.0,0.0,5624.97,3228.65,8853.62,0.0,0.0
2026-06-05T00:48:42.697+00:00,13706,996060cc-1738-4269-9a35-58ffa0c7dd73,,10,FAULT,0x0440,I2C_TIMEOUT|SELFTEST,0,0,0,0,0,0,0.0,0.0,0.0,4.988,2.71,598.56,325.2,53.69,-0.28,0.0,0.0,0.0,0.0,0.0,0.0,,0.0,0,0,0,0,0,8.0,0.0,5702.19,3270.6,8972.79,0.0,0.0
2026-06-05T00:48:42.827+00:00,13835,996060cc-1738-4269-9a35-58ffa0c7dd73,,10,FAULT,0x0440,I2C_TIMEOUT|SELFTEST,0,0,0,0,0,0,0.0,0.0,0.0,4.941,2.689,592.92,322.68,53.44,-0.28,0.0,0.0,0.0,0.0,0.0,0.0,,0.0,0,0,0,0,0,8.0,0.0,5778.68,3312.23,9090.9,0.0,-1.94
2026-06-05T00:48:42.955+00:00,13964,996060cc-1738-4269-9a35-58ffa0c7dd73,,10,FAULT,0x0440,I2C_TIMEOUT|SELFTEST,0,0,0,0,0,0,0.0,0.0,0.0,4.996,2.715,599.52,325.8,53.69,-0.28,0.0,0.0,0.0,0.0,0.0,0.0,,0.0,0,0,0,0,0,8.0,0.0,5856.01,3354.26,9210.27,0.0,1.94
2026-06-05T00:48:43.085+00:00,14093,996060cc-1738-4269-9a35-58ffa0c7dd73,,10,FAULT,0x0440,I2C_TIMEOUT|SELFTEST,0,0,0,0,0,0,0.0,0.0,0.0,4.941,2.683,592.92,321.96,53.69,-0.28,0.0,0.0,0.0,0.0,0.0,0.0,,0.0,0,0,0,0,0,8.0,0.0,5932.5,3395.79,9328.29,0.0,0.0
2026-06-05T00:48:43.213+00:00,14222,996060cc-1738-4269-9a35-58ffa0c7dd73,,10,FAULT,0x0440,I2C_TIMEOUT|SELFTEST,0,0,0,0,0,0,0.0,0.0,0.0,4.986,2.707,598.32,324.84,53.69,-0.28,0.0,0.0,0.0,0.0,0.0,0.0,,0.0,0,0,0,0,0,8.0,0.0,6009.68,3437.69,9447.38,0.0,0.0
2026-06-05T00:48:43.343+00:00,14351,996060cc-1738-4269-9a35-58ffa0c7dd73,,10,FAULT,0x0440,I2C_TIMEOUT|SELFTEST,0,0,0,0,0,0,0.0,0.0,0.0,4.94,2.684,592.8,322.08,53.69,-0.28,0.0,0.0,0.0,0.0,0.0,0.0,,0.0,0,0,0,0,0,8.0,0.0,6086.15,3479.24,9565.39,0.0,0.0
2026-06-05T00:48:43.471+00:00,14480,996060cc-1738-4269-9a35-58ffa0c7dd73,,10,FAULT,0x0440,I2C_TIMEOUT|SELFTEST,0,0,0,0,0,0,0.0,0.0,0.0,5.004,2.72,600.48,326.4,53.69,-0.15,0.0,0.0,0.0,0.0,0.0,0.0,,0.0,0,0,0,0,0,8.0,0.0,6163.62,3521.35,9684.96,0.0,0.0
2026-06-05T00:48:43.602+00:00,14609,996060cc-1738-4269-9a35-58ffa0c7dd73,,10,FAULT,0x0440,I2C_TIMEOUT|SELFTEST,0,0,0,0,0,0,0.0,0.0,0.0,4.946,2.692,593.52,323.04,53.69,-0.28,0.0,0.0,0.0,0.0,0.0,0.0,,0.0,0,0,0,0,0,8.0,0.0,6240.18,3563.02,9803.2,0.0,0.0
2026-06-05T00:48:43.732+00:00,14738,996060cc-1738-4269-9a35-58ffa0c7dd73,,10,FAULT,0x0440,I2C_TIMEOUT|SELFTEST,0,0,0,0,0,0,0.0,0.0,0.0,4.988,2.716,598.56,325.92,53.44,-0.28,0.0,0.0,0.0,0.0,0.0,0.0,,0.0,0,0,0,0,0,8.0,0.0,6317.39,3605.06,9922.46,0.0,-1.94
2026-06-05T00:48:43.860+00:00,14867,996060cc-1738-4269-9a35-58ffa0c7dd73,,10,FAULT,0x0440,I2C_TIMEOUT|SELFTEST,0,0,0,0,0,0,0.0,0.0,0.0,4.945,2.692,593.4,323.04,53.44,-0.28,0.0,0.0,0.0,0.0,0.0,0.0,,0.0,0,0,0,0,0,8.0,0.0,6393.94,3646.73,10040.68,0.0,0.0
2026-06-05T00:48:43.990+00:00,14996,996060cc-1738-4269-9a35-58ffa0c7dd73,,10,FAULT,0x0440,I2C_TIMEOUT|SELFTEST,0,0,0,0,0,0,0.0,0.0,0.0,4.998,2.719,599.76,326.28,53.69,-0.15,0.0,0.0,0.0,0.0,0.0,0.0,,0.0,0,0,0,0,0,8.0,0.0,6471.31,3688.82,10160.14,0.0,1.94
2026-06-05T00:48:44.118+00:00,15125,996060cc-1738-4269-9a35-58ffa0c7dd73,,10,FAULT,0x0440,I2C_TIMEOUT|SELFTEST,0,0,0,0,0,0,0.0,0.0,0.0,4.96,2.695,595.2,323.4,53.69,-0.28,0.0,0.0,0.0,0.0,0.0,0.0,,0.0,0,0,0,0,0,8.0,0.0,6548.09,3730.54,10278.64,0.0,0.0
2026-06-05T00:48:44.249+00:00,15254,996060cc-1738-4269-9a35-58ffa0c7dd73,,10,FAULT,0x0440,I2C_TIMEOUT|SELFTEST,0,0,0,0,0,0,0.0,0.0,0.0,4.995,2.716,599.4,325.92,53.44,-0.28,0.0,0.0,0.0,0.0,0.0,0.0,,0.0,0,0,0,0,0,8.0,0.0,6625.42,3772.59,10398.0,0.0,-1.94
2026-06-05T00:48:44.377+00:00,15383,996060cc-1738-4269-9a35-58ffa0c7dd73,,10,FAULT,0x0440,I2C_TIMEOUT|SELFTEST,0,0,0,0,0,0,0.0,0.0,0.0,4.964,2.696,595.68,323.52,53.93,-0.28,0.0,0.0,0.0,0.0,0.0,0.0,,0.0,0,0,0,0,0,8.0,0.0,6702.26,3814.32,10516.58,0.0,3.8
2026-06-05T00:48:44.507+00:00,15512,996060cc-1738-4269-9a35-58ffa0c7dd73,,10,FAULT,0x0440,I2C_TIMEOUT|SELFTEST,0,0,0,0,0,0,0.0,0.0,0.0,4.994,2.717,599.28,326.04,54.42,0.0,0.0,0.0,0.0,0.0,0.0,0.0,,0.0,0,0,0,0,0,8.0,0.0,6779.57,3856.38,10635.95,0.0,3.8
2026-06-05T00:48:44.637+00:00,15641,996060cc-1738-4269-9a35-58ffa0c7dd73,,10,FAULT,0x0440,I2C_TIMEOUT|SELFTEST,0,0,0,0,0,0,0.0,0.0,0.0,4.973,2.701,596.76,324.12,53.69,-0.28,0.0,0.0,0.0,0.0,0.0,0.0,,0.0,0,0,0,0,0,8.0,0.0,6856.55,3898.19,10754.74,0.0,-5.66
2026-06-05T00:48:44.765+00:00,15770,996060cc-1738-4269-9a35-58ffa0c7dd73,,10,FAULT,0x0440,I2C_TIMEOUT|SELFTEST,0,0,0,0,0,0,0.0,0.0,0.0,4.985,2.709,598.2,325.08,53.69,-0.28,0.0,0.0,0.0,0.0,0.0,0.0,,0.0,0,0,0,0,0,8.0,0.0,6933.72,3940.13,10873.84,0.0,0.0
2026-06-05T00:48:44.895+00:00,15899,996060cc-1738-4269-9a35-58ffa0c7dd73,,10,FAULT,0x0440,I2C_TIMEOUT|SELFTEST,0,0,0,0,0,0,0.0,0.0,0.0,4.974,2.699,596.88,323.88,54.42,-0.15,0.0,0.0,0.0,0.0,0.0,0.0,,0.0,0,0,0,0,0,8.0,0.0,7010.71,3981.91,10992.62,0.0,5.66
2026-06-05T00:48:45.023+00:00,16028,996060cc-1738-4269-9a35-58ffa0c7dd73,,10,FAULT,0x0440,I2C_TIMEOUT|SELFTEST,0,0,0,0,0,0,0.0,0.0,0.0,4.976,2.709,597.12,325.08,53.69,-0.15,0.0,0.0,0.0,0.0,0.0,0.0,,0.0,0,0,0,0,0,8.0,0.0,7087.74,4023.84,11111.58,0.0,-5.66
2026-06-05T00:48:45.154+00:00,16157,996060cc-1738-4269-9a35-58ffa0c7dd73,,10,FAULT,0x0440,I2C_TIMEOUT|SELFTEST,0,0,0,0,0,0,0.0,0.0,0.0,4.977,2.705,597.24,324.6,53.69,-0.4,0.0,0.0,0.0,0.0,0.0,0.0,,0.0,0,0,0,0,0,8.0,0.0,7164.79,4065.72,11230.5,0.0,0.0
2026-06-05T00:48:45.282+00:00,16286,996060cc-1738-4269-9a35-58ffa0c7dd73,,10,FAULT,0x0440,I2C_TIMEOUT|SELFTEST,0,0,0,0,0,0,0.0,0.0,0.0,4.965,2.702,595.8,324.24,53.69,-0.28,0.0,0.0,0.0,0.0,0.0,0.0,,0.0,0,0,0,0,0,8.0,0.0,7241.64,4107.54,11349.19,0.0,0.0
2026-06-05T00:48:45.412+00:00,16415,996060cc-1738-4269-9a35-58ffa0c7dd73,,10,FAULT,0x0440,I2C_TIMEOUT|SELFTEST,0,0,0,0,0,0,0.0,0.0,0.0,4.981,2.703,597.72,324.36,53.93,-0.15,0.0,0.0,0.0,0.0,0.0,0.0,,0.0,0,0,0,0,0,8.0,0.0,7318.75,4149.39,11468.13,0.0,1.86
2026-06-05T00:48:45.542+00:00,16544,996060cc-1738-4269-9a35-58ffa0c7dd73,,10,FAULT,0x0440,I2C_TIMEOUT|SELFTEST,0,0,0,0,0,0,0.0,0.0,0.0,4.964,2.704,595.68,324.48,53.69,-0.28,0.0,0.0,0.0,0.0,0.0,0.0,,0.0,0,0,0,0,0,8.0,0.0,7395.59,4191.24,11586.84,0.0,-1.86
2026-06-05T00:48:45.670+00:00,16674,996060cc-1738-4269-9a35-58ffa0c7dd73,,10,FAULT,0x0440,I2C_TIMEOUT|SELFTEST,0,0,0,0,0,0,0.0,0.0,0.0,4.999,2.718,599.88,326.16,53.69,-0.28,0.0,0.0,0.0,0.0,0.0,0.0,,0.0,0,0,0,0,0,8.0,0.0,7473.58,4233.64,11707.22,0.0,0.0
2026-06-05T00:48:45.800+00:00,16803,996060cc-1738-4269-9a35-58ffa0c7dd73,,10,FAULT,0x0440,I2C_TIMEOUT|SELFTEST,0,0,0,0,0,0,0.0,0.0,0.0,4.96,2.702,595.2,324.24,53.93,-0.28,0.0,0.0,0.0,0.0,0.0,0.0,,0.0,0,0,0,0,0,8.0,0.0,7550.36,4275.47,11825.83,0.0,1.86
2026-06-05T00:48:45.928+00:00,16932,996060cc-1738-4269-9a35-58ffa0c7dd73,,10,FAULT,0x0440,I2C_TIMEOUT|SELFTEST,0,0,0,0,0,0,0.0,0.0,0.0,4.995,2.715,599.4,325.8,53.44,-0.28,0.0,0.0,0.0,0.0,0.0,0.0,,0.0,0,0,0,0,0,8.0,0.0,7627.68,4317.5,11945.18,0.0,-3.8
2026-06-05T00:48:46.059+00:00,17061,996060cc-1738-4269-9a35-58ffa0c7dd73,,10,FAULT,0x0440,I2C_TIMEOUT|SELFTEST,0,0,0,0,0,0,0.0,0.0,0.0,4.962,2.707,595.44,324.84,53.69,-0.28,0.0,0.0,0.0,0.0,0.0,0.0,,0.0,0,0,0,0,0,8.0,0.0,7704.49,4359.4,12063.9,0.0,1.94
2026-06-05T00:48:46.187+00:00,17190,996060cc-1738-4269-9a35-58ffa0c7dd73,,10,FAULT,0x0440,I2C_TIMEOUT|SELFTEST,0,0,0,0,0,0,0.0,0.0,0.0,5.011,2.731,601.32,327.72,53.69,-0.28,0.0,0.0,0.0,0.0,0.0,0.0,,0.0,0,0,0,0,0,8.0,0.0,7782.06,4401.68,12183.74,0.0,0.0
2026-06-05T00:48:46.317+00:00,17319,996060cc-1738-4269-9a35-58ffa0c7dd73,,10,FAULT,0x0440,I2C_TIMEOUT|SELFTEST,0,0,0,0,0,0,0.0,0.0,0.0,4.956,2.704,594.72,324.48,53.69,-0.28,0.0,0.0,0.0,0.0,0.0,0.0,,0.0,0,0,0,0,0,8.0,0.0,7858.78,4443.54,12302.32,0.0,0.0
2026-06-05T00:48:46.445+00:00,17448,996060cc-1738-4269-9a35-58ffa0c7dd73,,10,FAULT,0x0440,I2C_TIMEOUT|SELFTEST,0,0,0,0,0,0,0.0,0.0,0.0,5.003,2.724,600.36,326.88,54.66,0.0,0.0,0.0,0.0,0.0,0.0,0.0,,0.0,0,0,0,0,0,8.0,0.0,7936.23,4485.7,12421.93,0.0,7.52
2026-06-05T00:48:46.576+00:00,17577,996060cc-1738-4269-9a35-58ffa0c7dd73,,10,FAULT,0x0440,I2C_TIMEOUT|SELFTEST,0,0,0,0,0,0,0.0,0.0,0.0,4.96,2.706,595.2,324.72,53.69,-0.15,0.0,0.0,0.0,0.0,0.0,0.0,,0.0,0,0,0,0,0,8.0,0.0,8013.01,4527.59,12540.6,0.0,-7.52
2026-06-05T00:48:46.705+00:00,17707,996060cc-1738-4269-9a35-58ffa0c7dd73,,10,FAULT,0x0440,I2C_TIMEOUT|SELFTEST,0,0,0,0,0,0,0.0,0.0,0.0,5.012,2.731,601.44,327.72,53.69,-0.28,0.0,0.0,0.0,0.0,0.0,0.0,,0.0,0,0,0,0,0,8.0,0.0,8091.2,4570.2,12661.39,0.0,0.0
2026-06-05T00:48:46.834+00:00,17836,996060cc-1738-4269-9a35-58ffa0c7dd73,,10,FAULT,0x0440,I2C_TIMEOUT|SELFTEST,0,0,0,0,0,0,0.0,0.0,0.0,4.949,2.698,593.88,323.76,53.93,-0.15,0.0,0.0,0.0,0.0,0.0,0.0,,0.0,0,0,0,0,0,8.0,0.0,8167.81,4611.96,12779.77,0.0,1.86
2026-06-05T00:48:46.964+00:00,17965,996060cc-1738-4269-9a35-58ffa0c7dd73,,10,FAULT,0x0440,I2C_TIMEOUT|SELFTEST,0,0,0,0,0,0,0.0,0.0,0.0,5.0,2.72,600.0,326.4,53.2,-0.64,0.0,0.0,0.0,0.0,0.0,0.0,,0.0,0,0,0,0,0,8.0,0.0,8245.21,4654.07,12899.27,0.0,-5.66
2026-06-05T00:48:47.092+00:00,18094,996060cc-1738-4269-9a35-58ffa0c7dd73,,10,FAULT,0x0440,I2C_TIMEOUT|SELFTEST,0,0,0,0,0,0,0.0,0.0,0.0,4.946,2.695,593.52,323.4,53.69,-0.28,0.0,0.0,0.0,0.0,0.0,0.0,,0.0,0,0,0,0,0,8.0,0.0,8321.77,4695.79,13017.56,0.0,3.8
2026-06-05T00:48:47.222+00:00,18223,996060cc-1738-4269-9a35-58ffa0c7dd73,,10,FAULT,0x0440,I2C_TIMEOUT|SELFTEST,0,0,0,0,0,0,0.0,0.0,0.0,5.005,2.724,600.6,326.88,53.69,-0.28,0.0,0.0,0.0,0.0,0.0,0.0,,0.0,0,0,0,0,0,8.0,0.0,8399.25,4737.95,13137.2,0.0,0.0
2026-06-05T00:48:47.350+00:00,18352,996060cc-1738-4269-9a35-58ffa0c7dd73,,10,FAULT,0x0440,I2C_TIMEOUT|SELFTEST,0,0,0,0,0,0,0.0,0.0,0.0,4.944,2.693,593.28,323.16,53.44,-0.52,0.0,0.0,0.0,0.0,0.0,0.0,,0.0,0,0,0,0,0,8.0,0.0,8475.78,4779.64,13255.42,0.0,-1.94
2026-06-05T00:48:47.480+00:00,18481,996060cc-1738-4269-9a35-58ffa0c7dd73,,10,FAULT,0x0440,I2C_TIMEOUT|SELFTEST,0,0,0,0,0,0,0.0,0.0,0.0,4.989,2.714,598.68,325.68,53.69,-0.15,0.0,0.0,0.0,0.0,0.0,0.0,,0.0,0,0,0,0,0,8.0,0.0,8553.01,4821.65,13374.66,0.0,1.94
2026-06-05T00:48:47.611+00:00,18610,996060cc-1738-4269-9a35-58ffa0c7dd73,,10,FAULT,0x0440,I2C_TIMEOUT|SELFTEST,0,0,0,0,0,0,0.0,0.0,0.0,4.944,2.693,593.28,323.16,53.69,-0.28,0.0,0.0,0.0,0.0,0.0,0.0,,0.0,0,0,0,0,0,8.0,0.0,8629.54,4863.34,13492.89,0.0,0.0
2026-06-05T00:48:47.739+00:00,18739,996060cc-1738-4269-9a35-58ffa0c7dd73,,10,FAULT,0x0440,I2C_TIMEOUT|SELFTEST,0,0,0,0,0,0,0.0,0.0,0.0,4.993,2.715,599.16,325.8,53.69,-0.28,0.0,0.0,0.0,0.0,0.0,0.0,,0.0,0,0,0,0,0,8.0,0.0,8706.83,4905.37,13612.21,0.0,0.0
2026-06-05T00:48:47.869+00:00,18868,996060cc-1738-4269-9a35-58ffa0c7dd73,,10,FAULT,0x0440,I2C_TIMEOUT|SELFTEST,0,0,0,0,0,0,0.0,0.0,0.0,4.947,2.692,593.64,323.04,53.69,-0.28,0.0,0.0,0.0,0.0,0.0,0.0,,0.0,0,0,0,0,0,8.0,0.0,8783.41,4947.04,13730.46,0.0,0.0
2026-06-05T00:48:47.997+00:00,18997,996060cc-1738-4269-9a35-58ffa0c7dd73,,10,FAULT,0x0440,I2C_TIMEOUT|SELFTEST,0,0,0,0,0,0,0.0,0.0,0.0,4.978,2.708,597.36,324.96,53.69,-0.28,0.0,0.0,0.0,0.0,0.0,0.0,,0.0,0,0,0,0,0,8.0,0.0,8860.47,4988.96,13849.44,0.0,0.0
2026-06-05T00:48:48.128+00:00,19126,996060cc-1738-4269-9a35-58ffa0c7dd73,,10,FAULT,0x0440,I2C_TIMEOUT|SELFTEST,0,0,0,0,0,0,0.0,0.0,0.0,4.947,2.69,593.64,322.8,53.69,-0.28,0.0,0.0,0.0,0.0,0.0,0.0,,0.0,0,0,0,0,0,8.0,0.0,8937.05,5030.6,13967.66,0.0,0.0
2026-06-05T00:48:48.255+00:00,19255,996060cc-1738-4269-9a35-58ffa0c7dd73,,10,FAULT,0x0440,I2C_TIMEOUT|SELFTEST,0,0,0,0,0,0,0.0,0.0,0.0,4.981,2.709,597.72,325.08,53.69,-0.28,0.0,0.0,0.0,0.0,0.0,0.0,,0.0,0,0,0,0,0,8.0,0.0,9014.16,5072.54,14086.7,0.0,0.0
2026-06-05T00:48:48.386+00:00,19384,996060cc-1738-4269-9a35-58ffa0c7dd73,,10,FAULT,0x0440,I2C_TIMEOUT|SELFTEST,0,0,0,0,0,0,0.0,0.0,0.0,4.952,2.691,594.24,322.92,53.93,-0.4,0.0,0.0,0.0,0.0,0.0,0.0,,0.0,0,0,0,0,0,8.0,0.0,9090.82,5114.2,14205.01,0.0,1.86
2026-06-05T00:48:48.516+00:00,19513,996060cc-1738-4269-9a35-58ffa0c7dd73,,10,FAULT,0x0440,I2C_TIMEOUT|SELFTEST,0,0,0,0,0,0,0.0,0.0,0.0,4.961,2.702,595.32,324.24,53.69,-0.15,0.0,0.0,0.0,0.0,0.0,0.0,,0.0,0,0,0,0,0,8.0,0.0,9167.61,5156.02,14323.63,0.0,-1.86
2026-06-05T00:48:48.645+00:00,19642,996060cc-1738-4269-9a35-58ffa0c7dd73,,10,FAULT,0x0440,I2C_TIMEOUT|SELFTEST,0,0,0,0,0,0,0.0,0.0,0.0,4.949,2.692,593.88,323.04,53.69,-0.28,0.0,0.0,0.0,0.0,0.0,0.0,,0.0,0,0,0,0,0,8.0,0.0,9244.22,5197.69,14441.92,0.0,0.0
2026-06-05T00:48:48.774+00:00,19771,996060cc-1738-4269-9a35-58ffa0c7dd73,,10,FAULT,0x0440,I2C_TIMEOUT|SELFTEST,0,0,0,0,0,0,0.0,0.0,0.0,4.961,2.699,595.32,323.88,53.69,-0.28,0.0,0.0,0.0,0.0,0.0,0.0,,0.0,0,0,0,0,0,8.0,0.0,9321.02,5239.48,14560.49,0.0,0.0
2026-06-05T00:48:48.902+00:00,19900,996060cc-1738-4269-9a35-58ffa0c7dd73,,10,FAULT,0x0440,I2C_TIMEOUT|SELFTEST,0,0,0,0,0,0,0.0,0.0,0.0,4.959,2.692,595.08,323.04,54.17,-0.28,0.0,0.0,0.0,0.0,0.0,0.0,,0.0,0,0,0,0,0,8.0,0.0,9397.78,5281.15,14678.93,0.0,3.72
2026-06-05T00:48:49.033+00:00,20029,996060cc-1738-4269-9a35-58ffa0c7dd73,,10,FAULT,0x0440,I2C_TIMEOUT|SELFTEST,0,0,0,0,0,0,0.0,0.0,0.0,4.949,2.693,593.88,323.16,53.69,-0.28,0.0,0.0,0.0,0.0,0.0,0.0,,0.0,0,0,0,0,0,8.0,0.0,9474.4,5322.83,14797.23,0.0,-3.72
2026-06-05T00:48:49.163+00:00,20158,996060cc-1738-4269-9a35-58ffa0c7dd73,,10,FAULT,0x0440,I2C_TIMEOUT|SELFTEST,0,0,0,0,0,0,0.0,0.0,0.0,4.957,2.691,594.84,322.92,53.69,-0.28,0.0,0.0,0.0,0.0,0.0,0.0,,0.0,0,0,0,0,0,8.0,0.0,9551.13,5364.49,14915.62,0.0,0.0
2026-06-05T00:48:49.291+00:00,20287,996060cc-1738-4269-9a35-58ffa0c7dd73,,10,FAULT,0x0440,I2C_TIMEOUT|SELFTEST,0,0,0,0,0,0,0.0,0.0,0.0,4.953,2.689,594.36,322.68,53.69,-0.4,0.0,0.0,0.0,0.0,0.0,0.0,,0.0,0,0,0,0,0,8.0,0.0,9627.8,5406.12,15033.92,0.0,0.0
2026-06-05T00:48:49.421+00:00,20417,996060cc-1738-4269-9a35-58ffa0c7dd73,,10,FAULT,0x0440,I2C_TIMEOUT|SELFTEST,0,0,0,0,0,0,0.0,0.0,0.0,4.976,2.695,597.12,323.4,53.44,-0.64,0.0,0.0,0.0,0.0,0.0,0.0,,0.0,0,0,0,0,0,8.0,0.0,9705.43,5448.16,15153.59,0.0,-1.92
2026-06-05T00:48:49.550+00:00,20546,996060cc-1738-4269-9a35-58ffa0c7dd73,,10,FAULT,0x0440,I2C_TIMEOUT|SELFTEST,0,0,0,0,0,0,0.0,0.0,0.0,4.945,2.687,593.4,322.44,53.69,-0.28,0.0,0.0,0.0,0.0,0.0,0.0,,0.0,0,0,0,0,0,8.0,0.0,9781.98,5489.75,15271.73,0.0,1.94
2026-06-05T00:48:49.679+00:00,20675,996060cc-1738-4269-9a35-58ffa0c7dd73,,10,FAULT,0x0440,I2C_TIMEOUT|SELFTEST,0,0,0,0,0,0,0.0,0.0,0.0,4.962,2.693,595.44,323.16,53.2,-0.4,0.0,0.0,0.0,0.0,0.0,0.0,,0.0,0,0,0,0,0,8.0,0.0,9858.79,5531.44,15390.23,0.0,-3.8
2026-06-05T00:48:49.808+00:00,20804,996060cc-1738-4269-9a35-58ffa0c7dd73,,10,FAULT,0x0440,I2C_TIMEOUT|SELFTEST,0,0,0,0,0,0,0.0,0.0,0.0,4.934,2.679,592.08,321.48,53.2,-0.4,0.0,0.0,0.0,0.0,0.0,0.0,,0.0,0,0,0,0,0,8.0,0.0,9935.17,5572.91,15508.08,0.0,0.0
2026-06-05T00:48:49.938+00:00,20933,996060cc-1738-4269-9a35-58ffa0c7dd73,,10,FAULT,0x0440,I2C_TIMEOUT|SELFTEST,0,0,0,0,0,0,0.0,0.0,0.0,4.97,2.695,596.4,323.4,53.2,-0.4,0.0,0.0,0.0,0.0,0.0,0.0,,0.0,0,0,0,0,0,8.0,0.0,10012.1,5614.63,15626.73,0.0,0.0
2026-06-05T00:48:50.068+00:00,21062,996060cc-1738-4269-9a35-58ffa0c7dd73,,10,FAULT,0x0440,I2C_TIMEOUT|SELFTEST,0,0,0,0,0,0,0.0,0.0,0.0,4.923,2.672,590.76,320.64,52.95,-0.4,0.0,0.0,0.0,0.0,0.0,0.0,,0.0,0,0,0,0,0,8.0,0.0,10088.31,5655.99,15744.3,0.0,-1.94
2026-06-05T00:48:50.196+00:00,21191,996060cc-1738-4269-9a35-58ffa0c7dd73,,10,FAULT,0x0440,I2C_TIMEOUT|SELFTEST,0,0,0,0,0,0,0.0,0.0,0.0,4.96,2.693,595.2,323.16,53.2,-0.4,0.0,0.0,0.0,0.0,0.0,0.0,,0.0,0,0,0,0,0,8.0,0.0,10165.09,5697.68,15862.77,0.0,1.94
2026-06-05T00:48:50.326+00:00,21320,996060cc-1738-4269-9a35-58ffa0c7dd73,,10,FAULT,0x0440,I2C_TIMEOUT|SELFTEST,0,0,0,0,0,0,0.0,0.0,0.0,4.915,2.667,589.8,320.04,53.2,-0.4,0.0,0.0,0.0,0.0,0.0,0.0,,0.0,0,0,0,0,0,8.0,0.0,10241.17,5738.97,15980.14,0.0,0.0
2026-06-05T00:48:50.454+00:00,21449,996060cc-1738-4269-9a35-58ffa0c7dd73,,10,FAULT,0x0440,I2C_TIMEOUT|SELFTEST,0,0,0,0,0,0,0.0,0.0,0.0,4.965,2.692,595.8,323.04,53.2,-0.4,0.0,0.0,0.0,0.0,0.0,0.0,,0.0,0,0,0,0,0,8.0,0.0,10318.03,5780.64,16098.67,0.0,0.0
2026-06-05T00:48:50.585+00:00,21578,996060cc-1738-4269-9a35-58ffa0c7dd73,,10,FAULT,0x0440,I2C_TIMEOUT|SELFTEST,0,0,0,0,0,0,0.0,0.0,0.0,4.907,2.658,588.84,318.96,53.2,-0.28,0.0,0.0,0.0,0.0,0.0,0.0,,0.0,0,0,0,0,0,8.0,0.0,10393.99,5821.78,16215.78,0.0,0.0
2026-06-05T00:48:50.712+00:00,21707,996060cc-1738-4269-9a35-58ffa0c7dd73,,10,FAULT,0x0440,I2C_TIMEOUT|SELFTEST,0,0,0,0,0,0,0.0,0.0,0.0,4.952,2.683,594.24,321.96,53.2,-0.4,0.0,0.0,0.0,0.0,0.0,0.0,,0.0,0,0,0,0,0,8.0,0.0,10470.65,5863.32,16333.97,0.0,0.0
2026-06-05T00:48:50.843+00:00,21836,996060cc-1738-4269-9a35-58ffa0c7dd73,,10,FAULT,0x0440,I2C_TIMEOUT|SELFTEST,0,0,0,0,0,0,0.0,0.0,0.0,4.89,2.646,586.8,317.52,53.2,-0.4,0.0,0.0,0.0,0.0,0.0,0.0,,0.0,0,0,0,0,0,8.0,0.0,10546.35,5904.28,16450.63,0.0,0.0
2026-06-05T00:48:50.973+00:00,21965,996060cc-1738-4269-9a35-58ffa0c7dd73,,10,FAULT,0x0440,I2C_TIMEOUT|SELFTEST,0,0,0,0,0,0,0.0,0.0,0.0,4.95,2.677,594.0,321.24,52.95,-0.4,0.0,0.0,0.0,0.0,0.0,0.0,,0.0,0,0,0,0,0,8.0,0.0,10622.97,5945.72,16568.69,0.0,-1.94
2026-06-05T00:48:51.102+00:00,22094,996060cc-1738-4269-9a35-58ffa0c7dd73,,10,FAULT,0x0440,I2C_TIMEOUT|SELFTEST,0,0,0,0,0,0,0.0,0.0,0.0,4.885,2.644,586.2,317.28,53.2,-0.4,0.0,0.0,0.0,0.0,0.0,0.0,,0.0,0,0,0,0,0,8.0,0.0,10698.59,5986.65,16685.24,0.0,1.94
2026-06-05T00:48:51.231+00:00,22223,996060cc-1738-4269-9a35-58ffa0c7dd73,,10,FAULT,0x0440,I2C_TIMEOUT|SELFTEST,0,0,0,0,0,0,0.0,0.0,0.0,4.932,2.672,591.84,320.64,53.2,-0.4,0.0,0.0,0.0,0.0,0.0,0.0,,0.0,0,0,0,0,0,8.0,0.0,10774.94,6028.01,16802.95,0.0,0.0
2026-06-05T00:48:51.360+00:00,22352,996060cc-1738-4269-9a35-58ffa0c7dd73,,10,FAULT,0x0440,I2C_TIMEOUT|SELFTEST,0,0,0,0,0,0,0.0,0.0,0.0,4.875,2.639,585.0,316.68,53.2,-0.4,0.0,0.0,0.0,0.0,0.0,0.0,,0.0,0,0,0,0,0,8.0,0.0,10850.41,6068.86,16919.27,0.0,0.0
2026-06-05T00:48:51.490+00:00,22481,996060cc-1738-4269-9a35-58ffa0c7dd73,,10,FAULT,0x0440,I2C_TIMEOUT|SELFTEST,0,0,0,0,0,0,0.0,0.0,0.0,4.929,2.671,591.48,320.52,52.95,-0.4,0.0,0.0,0.0,0.0,0.0,0.0,,0.0,0,0,0,0,0,8.0,0.0,10926.71,6110.21,17036.91,0.0,-1.94
2026-06-05T00:48:51.618+00:00,22610,996060cc-1738-4269-9a35-58ffa0c7dd73,,10,FAULT,0x0440,I2C_TIMEOUT|SELFTEST,0,0,0,0,0,0,0.0,0.0,0.0,4.882,2.644,585.84,317.28,53.2,-0.4,0.0,0.0,0.0,0.0,0.0,0.0,,0.0,0,0,0,0,0,8.0,0.0,11002.28,6151.14,17153.42,0.0,1.94
2026-06-05T00:48:51.748+00:00,22739,996060cc-1738-4269-9a35-58ffa0c7dd73,,10,FAULT,0x0440,I2C_TIMEOUT|SELFTEST,0,0,0,0,0,0,0.0,0.0,0.0,4.92,2.67,590.4,320.4,53.2,-0.4,0.0,0.0,0.0,0.0,0.0,0.0,,0.0,0,0,0,0,0,8.0,0.0,11078.44,6192.47,17270.91,0.0,0.0
2026-06-05T00:48:51.878+00:00,22868,996060cc-1738-4269-9a35-58ffa0c7dd73,,10,FAULT,0x0440,I2C_TIMEOUT|SELFTEST,0,0,0,0,0,0,0.0,0.0,0.0,4.881,2.645,585.72,317.4,53.2,-0.4,0.0,0.0,0.0,0.0,0.0,0.0,,0.0,0,0,0,0,0,8.0,0.0,11154.0,6233.41,17387.41,0.0,0.0
2026-06-05T00:48:52.007+00:00,22998,996060cc-1738-4269-9a35-58ffa0c7dd73,,10,FAULT,0x0440,I2C_TIMEOUT|SELFTEST,0,0,0,0,0,0,0.0,0.0,0.0,4.924,2.671,590.88,320.52,52.95,-0.4,0.0,0.0,0.0,0.0,0.0,0.0,,0.0,0,0,0,0,0,8.0,0.0,11230.81,6275.08,17505.89,0.0,-1.92
2026-06-05T00:48:52.137+00:00,23127,996060cc-1738-4269-9a35-58ffa0c7dd73,,10,FAULT,0x0440,I2C_TIMEOUT|SELFTEST,0,0,0,0,0,0,0.0,0.0,0.0,4.895,2.651,587.4,318.12,52.95,-0.4,0.0,0.0,0.0,0.0,0.0,0.0,,0.0,0,0,0,0,0,8.0,0.0,11306.59,6316.12,17622.71,0.0,0.0
2026-06-05T00:48:52.265+00:00,23256,996060cc-1738-4269-9a35-58ffa0c7dd73,,10,FAULT,0x0440,I2C_TIMEOUT|SELFTEST,0,0,0,0,0,0,0.0,0.0,0.0,4.924,2.671,590.88,320.52,52.95,-0.4,0.0,0.0,0.0,0.0,0.0,0.0,,0.0,0,0,0,0,0,8.0,0.0,11382.81,6357.47,17740.28,0.0,0.0
2026-06-05T00:48:52.395+00:00,23385,996060cc-1738-4269-9a35-58ffa0c7dd73,,10,FAULT,0x0440,I2C_TIMEOUT|SELFTEST,0,0,0,0,0,0,0.0,0.0,0.0,4.897,2.657,587.64,318.84,52.95,-0.28,0.0,0.0,0.0,0.0,0.0,0.0,,0.0,0,0,0,0,0,8.0,0.0,11458.62,6398.6,17857.21,0.0,0.0
2026-06-05T00:48:52.523+00:00,23514,996060cc-1738-4269-9a35-58ffa0c7dd73,,10,FAULT,0x0440,I2C_TIMEOUT|SELFTEST,0,0,0,0,0,0,0.0,0.0,0.0,4.917,2.669,590.04,320.28,52.95,-0.4,0.0,0.0,0.0,0.0,0.0,0.0,,0.0,0,0,0,0,0,8.0,0.0,11534.73,6439.91,17974.64,0.0,0.0
2026-06-05T00:48:52.653+00:00,23643,996060cc-1738-4269-9a35-58ffa0c7dd73,,10,FAULT,0x0440,I2C_TIMEOUT|SELFTEST,0,0,0,0,0,0,0.0,0.0,0.0,4.905,2.656,588.6,318.72,52.95,-0.4,0.0,0.0,0.0,0.0,0.0,0.0,,0.0,0,0,0,0,0,8.0,0.0,11610.66,6481.03,18091.69,0.0,0.0
2026-06-05T00:48:52.783+00:00,23772,996060cc-1738-4269-9a35-58ffa0c7dd73,,10,FAULT,0x0440,I2C_TIMEOUT|SELFTEST,0,0,0,0,0,0,0.0,0.0,0.0,4.9,2.661,588.0,319.32,52.95,-0.4,0.0,0.0,0.0,0.0,0.0,0.0,,0.0,0,0,0,0,0,8.0,0.0,11686.51,6522.22,18208.73,0.0,0.0
2026-06-05T00:48:52.912+00:00,23901,996060cc-1738-4269-9a35-58ffa0c7dd73,,10,FAULT,0x0440,I2C_TIMEOUT|SELFTEST,0,0,0,0,0,0,0.0,0.0,0.0,4.899,2.658,587.88,318.96,52.95,-0.4,0.0,0.0,0.0,0.0,0.0,0.0,,0.0,0,0,0,0,0,8.0,0.0,11762.35,6563.36,18325.72,0.0,0.0
2026-06-05T00:48:53.042+00:00,24031,996060cc-1738-4269-9a35-58ffa0c7dd73,,10,FAULT,0x0440,I2C_TIMEOUT|SELFTEST,0,0,0,0,0,0,0.0,0.0,0.0,4.899,2.66,587.88,319.2,52.95,-0.4,0.0,0.0,0.0,0.0,0.0,0.0,,0.0,0,0,0,0,0,8.0,0.0,11838.78,6604.86,18443.64,0.0,0.0
2026-06-05T00:48:53.170+00:00,24160,996060cc-1738-4269-9a35-58ffa0c7dd73,,10,FAULT,0x0440,I2C_TIMEOUT|SELFTEST,0,0,0,0,0,0,0.0,0.0,0.0,4.916,2.665,589.92,319.8,53.2,-0.4,0.0,0.0,0.0,0.0,0.0,0.0,,0.0,0,0,0,0,0,8.0,0.0,11914.87,6646.12,18560.99,0.0,1.94
2026-06-05T00:48:53.300+00:00,24289,996060cc-1738-4269-9a35-58ffa0c7dd73,,10,FAULT,0x0440,I2C_TIMEOUT|SELFTEST,0,0,0,0,0,0,0.0,0.0,0.0,4.889,2.661,586.68,319.32,53.2,-0.4,0.0,0.0,0.0,0.0,0.0,0.0,,0.0,0,0,0,0,0,8.0,0.0,11990.56,6687.31,18677.86,0.0,0.0
2026-06-05T00:48:53.428+00:00,24418,996060cc-1738-4269-9a35-58ffa0c7dd73,,10,FAULT,0x0440,I2C_TIMEOUT|SELFTEST,0,0,0,0,0,0,0.0,0.0,0.0,4.914,2.667,589.68,320.04,52.95,-0.4,0.0,0.0,0.0,0.0,0.0,0.0,,0.0,0,0,0,0,0,8.0,0.0,12066.63,6728.59,18795.22,0.0,-1.94
2026-06-05T00:48:53.559+00:00,24547,996060cc-1738-4269-9a35-58ffa0c7dd73,,10,FAULT,0x0440,I2C_TIMEOUT|SELFTEST,0,0,0,0,0,0,0.0,0.0,0.0,4.891,2.66,586.92,319.2,53.2,-0.4,0.0,0.0,0.0,0.0,0.0,0.0,,0.0,0,0,0,0,0,8.0,0.0,12142.34,6769.77,18912.11,0.0,1.94
2026-06-05T00:48:53.689+00:00,24676,996060cc-1738-4269-9a35-58ffa0c7dd73,,10,FAULT,0x0440,I2C_TIMEOUT|SELFTEST,0,0,0,0,0,0,0.0,0.0,0.0,4.929,2.678,591.48,321.36,53.2,-0.28,0.0,0.0,0.0,0.0,0.0,0.0,,0.0,0,0,0,0,0,8.0,0.0,12218.64,6811.22,19029.86,0.0,0.0
2026-06-05T00:48:53.817+00:00,24805,996060cc-1738-4269-9a35-58ffa0c7dd73,,10,FAULT,0x0440,I2C_TIMEOUT|SELFTEST,0,0,0,0,0,0,0.0,0.0,0.0,4.883,2.658,585.96,318.96,53.44,-0.28,0.0,0.0,0.0,0.0,0.0,0.0,,0.0,0,0,0,0,0,8.0,0.0,12294.23,6852.37,19146.6,0.0,1.86
2026-06-05T00:48:53.947+00:00,24934,996060cc-1738-4269-9a35-58ffa0c7dd73,,10,FAULT,0x0440,I2C_TIMEOUT|SELFTEST,0,0,0,0,0,0,0.0,0.0,0.0,4.915,2.675,589.8,321.0,52.46,-0.4,0.0,0.0,0.0,0.0,0.0,0.0,,0.0,0,0,0,0,0,8.0,0.0,12370.31,6893.78,19264.09,0.0,-7.6
2026-06-05T00:48:54.075+00:00,25063,996060cc-1738-4269-9a35-58ffa0c7dd73,,10,FAULT,0x0440,I2C_TIMEOUT|SELFTEST,0,0,0,0,0,0,0.0,0.0,0.0,4.894,2.666,587.28,319.92,53.2,-0.52,0.0,0.0,0.0,0.0,0.0,0.0,,0.0,0,0,0,0,0,8.0,0.0,12446.07,6935.05,19381.12,0.0,5.74
2026-06-05T00:48:54.205+00:00,25192,996060cc-1738-4269-9a35-58ffa0c7dd73,,10,FAULT,0x0440,I2C_TIMEOUT|SELFTEST,0,0,0,0,0,0,0.0,0.0,0.0,4.942,2.693,593.04,323.16,53.2,-0.4,0.0,0.0,0.0,0.0,0.0,0.0,,0.0,0,0,0,0,0,8.0,0.0,12522.57,6976.74,19499.31,0.0,0.0
2026-06-05T00:48:54.333+00:00,25321,996060cc-1738-4269-9a35-58ffa0c7dd73,,10,FAULT,0x0440,I2C_TIMEOUT|SELFTEST,0,0,0,0,0,0,0.04,0.0,0.0,4.896,2.663,587.52,319.56,53.2,-0.28,0.0,0.0,0.0,0.0,0.0,0.0,,0.0,0,0,0,0,0,8.0,0.0,12598.36,7017.96,19616.32,0.0,0.0
2026-06-05T00:48:54.464+00:00,25450,996060cc-1738-4269-9a35-58ffa0c7dd73,,10,FAULT,0x0440,I2C_TIMEOUT|SELFTEST,0,0,0,0,0,0,0.0,0.0,0.0,4.939,2.681,592.68,321.72,52.95,-0.4,0.0,0.0,0.0,0.0,0.0,0.0,,0.0,0,0,0,0,0,8.0,0.0,12674.82,7059.46,19734.28,0.0,-1.94
2026-06-05T00:48:54.594+00:00,25579,996060cc-1738-4269-9a35-58ffa0c7dd73,,10,FAULT,0x0440,I2C_TIMEOUT|SELFTEST,0,0,0,0,0,0,0.09,0.0,0.0,4.884,2.652,586.08,318.24,53.44,-0.4,0.0,0.0,0.0,0.0,0.0,0.0,,0.0,0,0,0,0,0,8.0,0.0,12750.42,7100.51,19850.94,0.0,3.8
2026-06-05T00:48:54.722+00:00,25708,996060cc-1738-4269-9a35-58ffa0c7dd73,,10,FAULT,0x0440,I2C_TIMEOUT|SELFTEST,0,0,0,0,0,0,0.0,0.0,0.0,4.939,2.679,592.68,321.48,52.95,-0.15,0.0,0.0,0.0,0.0,0.0,0.0,,0.0,0,0,0,0,0,8.0,0.0,12826.88,7141.99,19968.86,0.0,-3.8
2026-06-05T00:48:54.852+00:00,25837,996060cc-1738-4269-9a35-58ffa0c7dd73,,10,FAULT,0x0440,I2C_TIMEOUT|SELFTEST,0,0,0,0,0,0,0.0,0.0,0.0,4.88,2.651,585.6,318.12,53.2,-0.28,0.0,0.0,0.0,0.0,0.0,0.0,,0.0,0,0,0,0,0,8.0,0.0,12902.42,7183.02,20085.44,0.0,1.94
2026-06-05T00:48:54.981+00:00,25966,996060cc-1738-4269-9a35-58ffa0c7dd73,,10,FAULT,0x0440,I2C_TIMEOUT|SELFTEST,0,0,0,0,0,0,0.0,0.0,0.0,4.929,2.678,591.48,321.36,53.69,-0.28,0.0,0.0,0.0,0.0,0.0,0.0,,0.0,0,0,0,0,0,8.0,0.0,12978.72,7224.48,20203.2,0.0,3.8
2026-06-05T00:48:55.111+00:00,26095,996060cc-1738-4269-9a35-58ffa0c7dd73,,10,FAULT,0x0440,I2C_TIMEOUT|SELFTEST,0,0,0,0,0,0,0.09,0.0,0.0,4.875,2.65,585.0,318.0,53.2,-0.4,0.0,0.0,0.0,0.0,0.0,0.0,,0.0,0,0,0,0,0,8.0,0.0,13054.19,7265.5,20319.69,0.0,-3.8
2026-06-05T00:48:55.239+00:00,26225,996060cc-1738-4269-9a35-58ffa0c7dd73,,10,FAULT,0x0440,I2C_TIMEOUT|SELFTEST,0,0,0,0,0,0,0.09,0.0,0.0,4.933,2.679,591.96,321.48,53.2,-0.4,0.0,0.0,0.0,0.0,0.0,0.0,,0.0,0,0,0,0,0,8.0,0.0,13131.14,7307.29,20438.44,0.0,0.0
2026-06-05T00:48:55.369+00:00,26354,996060cc-1738-4269-9a35-58ffa0c7dd73,,10,FAULT,0x0440,I2C_TIMEOUT|SELFTEST,0,0,0,0,0,0,0.19,0.0,0.0,4.887,2.658,586.44,318.96,52.71,-0.89,0.0,0.0,0.0,0.0,0.0,0.0,,0.0,0,0,0,0,0,8.0,0.0,13206.79,7348.44,20555.23,0.0,-3.8
2026-06-05T00:48:55.499+00:00,26483,996060cc-1738-4269-9a35-58ffa0c7dd73,,10,FAULT,0x0440,I2C_TIMEOUT|SELFTEST,0,0,0,0,0,0,0.04,0.0,0.0,4.923,2.678,590.76,321.36,53.44,-0.4,0.0,0.0,0.0,0.0,0.0,0.0,,0.0,0,0,0,0,0,8.0,0.0,13283.0,7389.89,20672.9,0.0,5.66
2026-06-05T00:48:55.627+00:00,26612,996060cc-1738-4269-9a35-58ffa0c7dd73,,10,FAULT,0x0440,I2C_TIMEOUT|SELFTEST,0,0,0,0,0,0,0.0,0.0,0.0,4.884,2.654,586.08,318.48,53.2,-0.4,0.0,0.0,0.0,0.0,0.0,0.0,,0.0,0,0,0,0,0,8.0,0.0,13358.61,7430.98,20789.58,0.0,-1.86
2026-06-05T00:48:55.758+00:00,26741,996060cc-1738-4269-9a35-58ffa0c7dd73,,10,FAULT,0x0440,I2C_TIMEOUT|SELFTEST,0,0,0,0,0,0,0.04,0.0,0.0,4.932,2.685,591.84,322.2,53.2,-0.52,0.0,0.0,0.0,0.0,0.0,0.0,,0.0,0,0,0,0,0,8.0,0.0,13434.95,7472.54,20907.49,0.0,0.0
2026-06-05T00:48:55.886+00:00,26870,996060cc-1738-4269-9a35-58ffa0c7dd73,,10,FAULT,0x0440,I2C_TIMEOUT|SELFTEST,0,0,0,0,0,0,0.0,0.0,0.0,4.899,2.666,587.88,319.92,53.2,-0.52,0.0,0.0,0.0,0.0,0.0,0.0,,0.0,0,0,0,0,0,8.0,0.0,13510.79,7513.81,21024.6,0.0,0.0
2026-06-05T00:48:56.016+00:00,26999,996060cc-1738-4269-9a35-58ffa0c7dd73,,10,FAULT,0x0440,I2C_TIMEOUT|SELFTEST,0,0,0,0,0,0,0.09,0.0,0.0,4.925,2.681,591.0,321.72,53.2,0.0,0.0,0.0,0.0,0.0,0.0,0.0,,0.0,0,0,0,0,0,8.0,0.0,13587.03,7555.31,21142.34,0.0,0.0
2026-06-05T00:48:56.146+00:00,27128,996060cc-1738-4269-9a35-58ffa0c7dd73,,10,FAULT,0x0440,I2C_TIMEOUT|SELFTEST,0,0,0,0,0,0,0.0,0.0,0.0,4.898,2.665,587.76,319.8,52.71,-0.4,0.0,0.0,0.0,0.0,0.0,0.0,,0.0,0,0,0,0,0,8.0,0.0,13662.85,7596.57,21259.42,0.0,-3.8
2026-06-05T00:48:56.274+00:00,27257,996060cc-1738-4269-9a35-58ffa0c7dd73,,10,FAULT,0x0440,I2C_TIMEOUT|SELFTEST,0,0,0,0,0,0,0.04,0.0,0.0,4.92,2.677,590.4,321.24,51.24,-0.4,0.0,0.0,0.0,0.0,0.0,0.0,,0.0,0,0,0,0,0,8.0,0.0,13739.01,7638.01,21377.02,0.0,-11.4
2026-06-05T00:48:56.405+00:00,27386,996060cc-1738-4269-9a35-58ffa0c7dd73,,10,FAULT,0x0440,I2C_TIMEOUT|SELFTEST,0,0,0,0,0,0,0.0,0.0,0.0,4.906,2.673,588.72,320.76,52.95,-0.4,0.0,0.0,0.0,0.0,0.0,0.0,,0.0,0,0,0,0,0,8.0,0.0,13814.96,7679.39,21494.34,0.0,13.26
2026-06-05T00:48:56.533+00:00,27515,996060cc-1738-4269-9a35-58ffa0c7dd73,,10,FAULT,0x0440,I2C_TIMEOUT|SELFTEST,0,0,0,0,0,0,0.0,0.0,0.0,4.912,2.677,589.44,321.24,53.2,-0.4,0.0,0.0,0.0,0.0,0.0,0.0,,0.0,0,0,0,0,0,8.0,0.0,13890.99,7720.83,21611.82,0.0,1.94
2026-06-05T00:48:56.663+00:00,27644,996060cc-1738-4269-9a35-58ffa0c7dd73,,10,FAULT,0x0440,I2C_TIMEOUT|SELFTEST,0,0,0,0,0,0,0.0,0.0,0.0,4.909,2.668,589.08,320.16,53.2,0.0,0.0,0.0,0.0,0.0,0.0,0.0,,0.0,0,0,0,0,0,8.0,0.0,13966.98,7762.13,21729.11,0.0,0.0
2026-06-05T00:48:56.791+00:00,27773,996060cc-1738-4269-9a35-58ffa0c7dd73,,10,FAULT,0x0440,I2C_TIMEOUT|SELFTEST,0,0,0,0,0,0,0.04,0.0,0.0,4.91,2.677,589.2,321.24,53.44,-0.52,0.0,0.0,0.0,0.0,0.0,0.0,,0.0,0,0,0,0,0,8.0,0.0,14042.99,7803.57,21846.56,0.0,1.86
2026-06-05T00:48:56.921+00:00,27902,996060cc-1738-4269-9a35-58ffa0c7dd73,,10,FAULT,0x0440,I2C_TIMEOUT|SELFTEST,0,0,0,0,0,0,0.0,0.0,0.0,4.923,2.678,590.76,321.36,53.2,-0.52,0.0,0.0,0.0,0.0,0.0,0.0,,0.0,0,0,0,0,0,8.0,0.0,14119.2,7845.02,21964.22,0.0,-1.86
2026-06-05T00:48:57.051+00:00,28032,996060cc-1738-4269-9a35-58ffa0c7dd73,,10,FAULT,0x0440,I2C_TIMEOUT|SELFTEST,0,0,0,0,0,0,0.0,0.0,0.0,4.907,2.674,588.84,320.88,52.95,-0.64,0.0,0.0,0.0,0.0,0.0,0.0,,0.0,0,0,0,0,0,8.0,0.0,14195.75,7886.74,22082.49,0.0,-1.92
2026-06-05T00:48:57.180+00:00,28161,996060cc-1738-4269-9a35-58ffa0c7dd73,,10,FAULT,0x0440,I2C_TIMEOUT|SELFTEST,0,0,0,0,0,0,0.04,0.0,0.0,4.912,2.678,589.44,321.36,53.44,-0.28,0.0,0.0,0.0,0.0,0.0,0.0,,0.0,0,0,0,0,0,8.0,0.0,14271.79,7928.19,22199.98,0.0,3.8
2026-06-05T00:48:57.310+00:00,28291,996060cc-1738-4269-9a35-58ffa0c7dd73,,10,FAULT,0x0440,I2C_TIMEOUT|SELFTEST,0,0,0,0,0,0,0.0,0.0,0.0,4.897,2.677,587.64,321.24,53.44,-0.28,0.0,0.0,0.0,0.0,0.0,0.0,,0.0,0,0,0,0,0,8.0,0.0,14348.18,7969.95,22318.13,0.0,0.0
2026-06-05T00:48:57.438+00:00,28420,996060cc-1738-4269-9a35-58ffa0c7dd73,,10,FAULT,0x0440,I2C_TIMEOUT|SELFTEST,0,0,0,0,0,0,0.0,0.0,0.0,4.923,2.687,590.76,322.44,53.2,-0.52,0.0,0.0,0.0,0.0,0.0,0.0,,0.0,0,0,0,0,0,8.0,0.0,14424.39,8011.55,22435.94,0.0,-1.86
2026-06-05T00:48:57.568+00:00,28549,996060cc-1738-4269-9a35-58ffa0c7dd73,,10,FAULT,0x0440,I2C_TIMEOUT|SELFTEST,0,0,0,0,0,0,0.0,0.0,0.0,4.894,2.681,587.28,321.72,53.2,-0.52,0.0,0.0,0.0,0.0,0.0,0.0,,0.0,0,0,0,0,0,8.0,0.0,14500.15,8053.05,22553.2,0.0,0.0
2026-06-05T00:48:57.696+00:00,28678,996060cc-1738-4269-9a35-58ffa0c7dd73,,10,FAULT,0x0440,I2C_TIMEOUT|SELFTEST,0,0,0,0,0,0,0.19,0.0,0.0,4.929,2.688,591.48,322.56,53.2,-0.28,0.0,0.0,0.0,0.0,0.0,0.0,,0.0,0,0,0,0,0,8.0,0.0,14576.45,8094.66,22671.11,0.0,0.0
2026-06-05T00:48:57.826+00:00,28807,996060cc-1738-4269-9a35-58ffa0c7dd73,,10,FAULT,0x0440,I2C_TIMEOUT|SELFTEST,0,0,0,0,0,0,0.0,0.0,0.0,4.893,2.67,587.16,320.4,52.95,0.2,0.0,0.0,0.0,0.0,0.0,0.0,,0.0,0,0,0,0,0,8.0,0.0,14652.19,8135.99,22788.18,0.0,-1.94
2026-06-05T00:48:57.957+00:00,28936,996060cc-1738-4269-9a35-58ffa0c7dd73,,10,FAULT,0x0440,I2C_TIMEOUT|SELFTEST,0,0,0,0,0,0,0.0,0.0,0.0,4.94,2.696,592.8,323.52,53.44,-0.52,0.0,0.0,0.0,0.0,0.0,0.0,,0.0,0,0,0,0,0,8.0,0.0,14728.66,8177.73,22906.39,0.0,3.8
2026-06-05T00:48:58.085+00:00,29065,996060cc-1738-4269-9a35-58ffa0c7dd73,,10,FAULT,0x0440,I2C_TIMEOUT|SELFTEST,0,0,0,0,0,0,0.0,0.0,0.0,4.891,2.664,586.92,319.68,53.2,-0.52,0.0,0.0,0.0,0.0,0.0,0.0,,0.0,0,0,0,0,0,8.0,0.0,14804.38,8218.96,23023.34,0.0,-1.86
2026-06-05T00:48:58.215+00:00,29194,996060cc-1738-4269-9a35-58ffa0c7dd73,,10,FAULT,0x0440,I2C_TIMEOUT|SELFTEST,0,0,0,0,0,0,0.0,0.0,0.0,4.938,2.685,592.56,322.2,53.44,-0.4,0.0,0.0,0.0,0.0,0.0,0.0,,0.0,0,0,0,0,0,8.0,0.0,14880.82,8260.53,23141.34,0.0,1.86
2026-06-05T00:48:58.345+00:00,29323,996060cc-1738-4269-9a35-58ffa0c7dd73,,10,FAULT,0x0440,I2C_TIMEOUT|SELFTEST,0,0,0,0,0,0,0.0,0.0,0.0,4.876,2.647,585.12,317.64,53.2,-0.52,0.0,0.0,0.0,0.0,0.0,0.0,,0.0,0,0,0,0,0,8.0,0.0,14956.3,8301.5,23257.8,0.0,-1.86
2026-06-05T00:48:58.473+00:00,29452,996060cc-1738-4269-9a35-58ffa0c7dd73,,10,FAULT,0x0440,I2C_TIMEOUT|SELFTEST,0,0,0,0,0,0,0.0,0.0,0.0,4.939,2.676,592.68,321.12,53.2,0.0,0.0,0.0,0.0,0.0,0.0,0.0,,0.0,0,0,0,0,0,8.0,0.0,15032.75,8342.93,23375.68,0.0,0.0
2026-06-05T00:48:58.601+00:00,29581,996060cc-1738-4269-9a35-58ffa0c7dd73,,10,FAULT,0x0440,I2C_TIMEOUT|SELFTEST,0,0,0,0,0,0,0.0,0.0,0.0,4.868,2.635,584.16,316.2,53.2,-0.4,0.0,0.0,0.0,0.0,0.0,0.0,,0.0,0,0,0,0,0,8.0,0.0,15108.11,8383.72,23491.83,0.0,0.0
2026-06-05T00:48:58.732+00:00,29710,996060cc-1738-4269-9a35-58ffa0c7dd73,,10,FAULT,0x0440,I2C_TIMEOUT|SELFTEST,0,0,0,0,0,0,0.04,0.0,0.0,4.927,2.666,591.24,319.92,54.17,-0.4,0.0,0.0,0.0,0.0,0.0,0.0,,0.0,0,0,0,0,0,8.0,0.0,15184.38,8424.99,23609.37,0.0,7.52
2026-06-05T00:48:58.862+00:00,29839,996060cc-1738-4269-9a35-58ffa0c7dd73,,10,FAULT,0x0440,I2C_TIMEOUT|SELFTEST,0,0,0,0,0,0,0.0,0.0,0.0,4.87,2.636,584.4,316.32,53.2,-0.52,0.0,0.0,0.0,0.0,0.0,0.0,,0.0,0,0,0,0,0,8.0,0.0,15259.77,8465.79,23725.56,0.0,-7.52
2026-06-05T00:48:58.990+00:00,29968,996060cc-1738-4269-9a35-58ffa0c7dd73,,10,FAULT,0x0440,I2C_TIMEOUT|SELFTEST,0,0,0,0,0,0,0.0,0.0,0.0,4.924,2.656,590.88,318.72,53.2,-0.28,0.0,0.0,0.0,0.0,0.0,0.0,,0.0,0,0,0,0,0,8.0,0.0,15335.99,8506.91,23842.9,0.0,0.0
2026-06-05T00:48:59.120+00:00,30097,996060cc-1738-4269-9a35-58ffa0c7dd73,,10,FAULT,0x0440,I2C_TIMEOUT|SELFTEST,0,0,0,0,0,0,0.0,0.0,0.0,4.884,2.629,586.08,315.48,53.2,-0.4,0.0,0.0,0.0,0.0,0.0,0.0,,0.0,0,0,0,0,0,8.0,0.0,15411.59,8547.6,23959.2,0.0,0.0
2026-06-05T00:48:59.248+00:00,30226,996060cc-1738-4269-9a35-58ffa0c7dd73,,10,FAULT,0x0440,I2C_TIMEOUT|SELFTEST,0,0,0,0,0,0,0.0,0.0,0.0,4.927,2.655,591.24,318.6,51.24,-0.64,0.0,0.0,0.0,0.0,0.0,0.0,,0.0,0,0,0,0,0,8.0,0.0,15487.86,8588.7,24076.57,0.0,-15.19
2026-06-05T00:48:59.379+00:00,30355,996060cc-1738-4269-9a35-58ffa0c7dd73,,10,FAULT,0x0440,I2C_TIMEOUT|SELFTEST,0,0,0,0,0,0,0.04,0.0,0.0,4.89,2.636,586.8,316.32,51.97,-0.52,0.0,0.0,0.0,0.0,0.0,0.0,,0.0,0,0,0,0,0,8.0,0.0,15563.56,8629.51,24193.07,0.0,5.66
2026-06-05T00:48:59.509+00:00,30484,996060cc-1738-4269-9a35-58ffa0c7dd73,,10,FAULT,0x0440,I2C_TIMEOUT|SELFTEST,0,0,0,0,0,0,0.0,0.0,0.0,4.932,2.661,591.84,319.32,53.2,-0.52,0.0,0.0,0.0,0.0,0.0,0.0,,0.0,0,0,0,0,0,8.0,0.0,15639.91,8670.7,24310.61,0.0,9.53
2026-06-05T00:48:59.637+00:00,30613,996060cc-1738-4269-9a35-58ffa0c7dd73,,10,FAULT,0x0440,I2C_TIMEOUT|SELFTEST,0,0,0,0,0,0,0.0,0.0,0.0,4.914,2.639,589.68,316.68,53.2,-0.4,0.0,0.0,0.0,0.0,0.0,0.0,,0.0,0,0,0,0,0,8.0,0.0,15715.98,8711.55,24427.53,0.0,0.0
2026-06-05T00:48:59.767+00:00,30743,996060cc-1738-4269-9a35-58ffa0c7dd73,,10,FAULT,0x0440,I2C_TIMEOUT|SELFTEST,0,0,0,0,0,0,0.0,0.0,0.0,4.927,2.647,591.24,317.64,54.17,-0.52,0.0,0.0,0.0,0.0,0.0,0.0,,0.0,0,0,0,0,0,8.0,0.0,15792.84,8752.85,24545.68,0.0,7.46
2026-06-05T00:48:59.895+00:00,30872,996060cc-1738-4269-9a35-58ffa0c7dd73,,10,FAULT,0x0440,I2C_TIMEOUT|SELFTEST,0,0,0,0,0,0,0.0,0.0,0.0,4.916,2.64,589.92,316.8,53.2,-0.28,0.0,0.0,0.0,0.0,0.0,0.0,,0.0,0,0,0,0,0,8.0,0.0,15868.94,8793.71,24662.65,0.0,-7.52
2026-06-05T00:49:00.025+00:00,31001,996060cc-1738-4269-9a35-58ffa0c7dd73,,10,FAULT,0x0440,I2C_TIMEOUT|SELFTEST,0,0,0,0,0,0,0.0,0.0,0.0,4.935,2.658,592.2,318.96,53.2,-0.4,0.0,0.0,0.0,0.0,0.0,0.0,,0.0,0,0,0,0,0,8.0,0.0,15945.33,8834.86,24780.19,0.0,0.0
2026-06-05T00:49:00.154+00:00,31130,996060cc-1738-4269-9a35-58ffa0c7dd73,,10,FAULT,0x0440,I2C_TIMEOUT|SELFTEST,0,0,0,0,0,0,0.0,0.0,0.0,4.935,2.647,592.2,317.64,53.44,-0.52,0.0,0.0,0.0,0.0,0.0,0.0,,0.0,0,0,0,0,0,8.0,0.0,16021.73,8875.84,24897.56,0.0,1.86
2026-06-05T00:49:00.284+00:00,31259,996060cc-1738-4269-9a35-58ffa0c7dd73,,10,FAULT,0x0440,I2C_TIMEOUT|SELFTEST,0,0,0,0,0,0,0.04,0.0,0.0,4.921,2.64,590.52,316.8,53.2,-0.52,0.0,0.0,0.0,0.0,0.0,0.0,,0.0,0,0,0,0,0,8.0,0.0,16097.9,8916.7,25014.6,0.0,-1.86
2026-06-05T00:49:00.414+00:00,31388,996060cc-1738-4269-9a35-58ffa0c7dd73,,10,FAULT,0x0440,I2C_TIMEOUT|SELFTEST,0,0,0,0,0,0,0.0,0.0,0.0,4.944,2.642,593.28,317.04,53.2,-0.28,0.0,0.0,0.0,0.0,0.0,0.0,,0.0,0,0,0,0,0,8.0,0.0,16174.44,8957.6,25132.04,0.0,0.0
2026-06-05T00:49:00.542+00:00,31517,996060cc-1738-4269-9a35-58ffa0c7dd73,,10,FAULT,0x0440,I2C_TIMEOUT|SELFTEST,0,0,0,0,0,0,0.0,0.0,0.0,4.943,2.647,593.16,317.64,52.71,-0.52,0.0,0.0,0.0,0.0,0.0,0.0,,0.0,0,0,0,0,0,8.0,0.0,16250.95,8998.58,25249.53,0.0,-3.8
2026-06-05T00:49:00.672+00:00,31646,996060cc-1738-4269-9a35-58ffa0c7dd73,,10,FAULT,0x0440,I2C_TIMEOUT|SELFTEST,0,0,0,0,0,0,0.0,0.0,0.0,4.975,2.66,597.0,319.2,53.2,-0.4,0.0,0.0,0.0,0.0,0.0,0.0,,0.0,0,0,0,0,0,8.0,0.0,16327.97,9039.75,25367.72,0.0,3.8
2026-06-05T00:49:00.802+00:00,31775,996060cc-1738-4269-9a35-58ffa0c7dd73,,10,FAULT,0x0440,I2C_TIMEOUT|SELFTEST,0,0,0,0,0,0,0.04,0.0,0.0,4.942,2.65,593.04,318.0,53.44,-0.4,0.0,0.0,0.0,0.0,0.0,0.0,,0.0,0,0,0,0,0,8.0,0.0,16404.47,9080.77,25485.24,0.0,1.86
2026-06-05T00:49:00.931+00:00,31904,996060cc-1738-4269-9a35-58ffa0c7dd73,,10,FAULT,0x0440,I2C_TIMEOUT|SELFTEST,0,0,0,0,0,0,0.0,0.0,0.0,4.971,2.665,596.52,319.8,52.95,-0.4,0.0,0.0,0.0,0.0,0.0,0.0,,0.0,0,0,0,0,0,8.0,0.0,16481.42,9122.03,25603.45,0.0,-3.8
2026-06-05T00:49:01.059+00:00,32033,996060cc-1738-4269-9a35-58ffa0c7dd73,,10,FAULT,0x0440,I2C_TIMEOUT|SELFTEST,0,0,0,0,0,0,0.0,0.0,0.0,4.943,2.665,593.16,319.8,52.95,-0.4,0.0,0.0,0.0,0.0,0.0,0.0,,0.0,0,0,0,0,0,8.0,0.0,16557.94,9163.28,25721.22,0.0,0.0
2026-06-05T00:49:01.189+00:00,32162,996060cc-1738-4269-9a35-58ffa0c7dd73,,10,FAULT,0x0440,I2C_TIMEOUT|SELFTEST,0,0,0,0,0,0,0.04,0.0,0.0,4.985,2.687,598.2,322.44,53.2,-0.4,0.0,0.0,0.0,0.0,0.0,0.0,,0.0,0,0,0,0,0,8.0,0.0,16635.1,9204.88,25839.98,0.0,1.94
2026-06-05T00:49:01.319+00:00,32291,996060cc-1738-4269-9a35-58ffa0c7dd73,,10,FAULT,0x0440,I2C_TIMEOUT|SELFTEST,0,0,0,0,0,0,0.0,0.0,0.0,4.93,2.656,591.6,318.72,52.71,-0.52,0.0,0.0,0.0,0.0,0.0,0.0,,0.0,0,0,0,0,0,8.0,0.0,16711.42,9245.99,25957.41,0.0,-3.8
2026-06-05T00:49:01.448+00:00,32420,996060cc-1738-4269-9a35-58ffa0c7dd73,,10,FAULT,0x0440,I2C_TIMEOUT|SELFTEST,0,0,0,0,0,0,0.0,0.0,0.0,4.981,2.683,597.72,321.96,53.2,-0.28,0.0,0.0,0.0,0.0,0.0,0.0,,0.0,0,0,0,0,0,8.0,0.0,16788.53,9287.53,26076.05,0.0,3.8
2026-06-05T00:49:01.578+00:00,32549,996060cc-1738-4269-9a35-58ffa0c7dd73,,10,FAULT,0x0440,I2C_TIMEOUT|SELFTEST,0,0,0,0,0,0,0.0,0.0,0.0,4.924,2.648,590.88,317.76,53.44,-0.4,0.0,0.0,0.0,0.0,0.0,0.0,,0.0,0,0,0,0,0,8.0,0.0,16864.75,9328.52,26193.27,0.0,1.86
2026-06-05T00:49:01.706+00:00,32679,996060cc-1738-4269-9a35-58ffa0c7dd73,,10,FAULT,0x0440,I2C_TIMEOUT|SELFTEST,0,0,0,0,0,0,0.04,0.0,0.0,4.984,2.686,598.08,322.32,52.95,-0.52,0.0,0.0,0.0,0.0,0.0,0.0,,0.0,0,0,0,0,0,8.0,0.0,16942.5,9370.42,26312.92,0.0,-3.77
2026-06-05T00:49:01.836+00:00,32808,996060cc-1738-4269-9a35-58ffa0c7dd73,,10,FAULT,0x0440,I2C_TIMEOUT|SELFTEST,0,0,0,0,0,0,0.0,0.0,0.0,4.907,2.634,588.84,316.08,53.2,-0.52,0.0,0.0,0.0,0.0,0.0,0.0,,0.0,0,0,0,0,0,8.0,0.0,17018.46,9411.19,26429.65,0.0,1.94
2026-06-05T00:49:01.966+00:00,32937,996060cc-1738-4269-9a35-58ffa0c7dd73,,10,FAULT,0x0440,I2C_TIMEOUT|SELFTEST,0,0,0,0,0,0,0.0,0.0,0.0,4.967,2.662,596.04,319.44,53.44,-0.52,0.0,0.0,0.0,0.0,0.0,0.0,,0.0,0,0,0,0,0,8.0,0.0,17095.35,9452.4,26547.75,0.0,1.86
2026-06-05T00:49:02.094+00:00,33067,996060cc-1738-4269-9a35-58ffa0c7dd73,,10,FAULT,0x0440,I2C_TIMEOUT|SELFTEST,0,0,0,0,0,0,0.04,0.0,0.0,4.893,2.63,587.16,315.6,53.2,-0.4,0.0,0.0,0.0,0.0,0.0,0.0,,0.0,0,0,0,0,0,8.0,0.0,17171.68,9493.43,26665.11,0.0,-1.85
2026-06-05T00:49:02.225+00:00,33196,996060cc-1738-4269-9a35-58ffa0c7dd73,,10,FAULT,0x0440,I2C_TIMEOUT|SELFTEST,0,0,0,0,0,0,0.19,0.0,0.0,4.957,2.668,594.84,320.16,53.93,-0.64,0.0,0.0,0.0,0.0,0.0,0.0,,0.0,0,0,0,0,0,8.0,0.0,17248.42,9534.73,26783.14,0.0,5.66
2026-06-05T00:49:02.353+00:00,33325,996060cc-1738-4269-9a35-58ffa0c7dd73,,10,FAULT,0x0440,I2C_TIMEOUT|SELFTEST,0,0,0,0,0,0,0.0,0.0,0.0,4.901,2.636,588.12,316.32,52.95,-0.4,0.0,0.0,0.0,0.0,0.0,0.0,,0.0,0,0,0,0,0,8.0,0.0,17324.28,9575.53,26899.82,0.0,-7.6
2026-06-05T00:49:02.483+00:00,33454,996060cc-1738-4269-9a35-58ffa0c7dd73,,10,FAULT,0x0440,I2C_TIMEOUT|SELFTEST,0,0,0,0,0,0,0.0,0.0,0.0,4.948,2.664,593.76,319.68,52.95,-0.52,0.0,0.0,0.0,0.0,0.0,0.0,,0.0,0,0,0,0,0,8.0,0.0,17400.88,9616.77,27017.65,0.0,0.0
2026-06-05T00:49:02.611+00:00,33583,996060cc-1738-4269-9a35-58ffa0c7dd73,,10,FAULT,0x0440,I2C_TIMEOUT|SELFTEST,0,0,0,0,0,0,0.09,0.0,0.0,4.898,2.647,587.76,317.64,51.24,-0.4,0.0,0.0,0.0,0.0,0.0,0.0,,0.0,0,0,0,0,0,8.0,0.0,17476.7,9657.75,27134.45,0.0,-13.26
2026-06-05T00:49:02.741+00:00,33712,996060cc-1738-4269-9a35-58ffa0c7dd73,,10,FAULT,0x0440,I2C_TIMEOUT|SELFTEST,0,0,0,0,0,0,0.0,0.0,0.0,4.938,2.666,592.56,319.92,53.44,-0.52,0.0,0.0,0.0,0.0,0.0,0.0,,0.0,0,0,0,0,0,8.0,0.0,17553.14,9699.02,27252.16,0.0,17.05
2026-06-05T00:49:02.872+00:00,33841,996060cc-1738-4269-9a35-58ffa0c7dd73,,10,FAULT,0x0440,I2C_TIMEOUT|SELFTEST,0,0,0,0,0,0,0.0,0.0,0.0,4.91,2.659,589.2,319.08,53.2,-0.28,0.0,0.0,0.0,0.0,0.0,0.0,,0.0,0,0,0,0,0,8.0,0.0,17629.15,9740.18,27369.33,0.0,-1.86
2026-06-05T00:49:03.000+00:00,33970,996060cc-1738-4269-9a35-58ffa0c7dd73,,10,FAULT,0x0440,I2C_TIMEOUT|SELFTEST,0,0,0,0,0,0,0.0,0.0,0.0,4.938,2.673,592.56,320.76,53.2,-0.52,0.0,0.0,0.0,0.0,0.0,0.0,,0.0,0,0,0,0,0,8.0,0.0,17705.59,9781.56,27487.14,0.0,0.0
2026-06-05T00:49:03.130+00:00,34099,996060cc-1738-4269-9a35-58ffa0c7dd73,,10,FAULT,0x0440,I2C_TIMEOUT|SELFTEST,0,0,0,0,0,0,0.0,0.0,0.0,4.905,2.658,588.6,318.96,53.44,-0.28,0.0,0.0,0.0,0.0,0.0,0.0,,0.0,0,0,0,0,0,8.0,0.0,17781.52,9822.7,27604.22,0.0,1.86
2026-06-05T00:49:03.259+00:00,34228,996060cc-1738-4269-9a35-58ffa0c7dd73,,10,FAULT,0x0440,I2C_TIMEOUT|SELFTEST,0,0,0,0,0,0,0.0,0.0,0.0,4.94,2.684,592.8,322.08,53.69,-0.28,0.0,0.0,0.0,0.0,0.0,0.0,,0.0,0,0,0,0,0,8.0,0.0,17857.99,9864.25,27722.24,0.0,1.94
2026-06-05T00:49:03.388+00:00,34357,996060cc-1738-4269-9a35-58ffa0c7dd73,,10,FAULT,0x0440,I2C_TIMEOUT|SELFTEST,0,0,0,0,0,0,0.0,0.0,0.0,4.921,2.681,590.52,321.72,53.69,-0.28,0.0,0.0,0.0,0.0,0.0,0.0,,0.0,0,0,0,0,0,8.0,0.0,17934.16,9905.75,27839.92,0.0,0.0
2026-06-05T00:49:03.516+00:00,34486,996060cc-1738-4269-9a35-58ffa0c7dd73,,10,FAULT,0x0440,I2C_TIMEOUT|SELFTEST,0,0,0,0,0,0,0.0,0.0,0.0,4.93,2.683,591.6,321.96,53.69,-0.28,0.0,0.0,0.0,0.0,0.0,0.0,,0.0,0,0,0,0,0,8.0,0.0,18010.48,9947.29,27957.77,0.0,0.0
2026-06-05T00:49:03.647+00:00,34615,996060cc-1738-4269-9a35-58ffa0c7dd73,,10,FAULT,0x0440,I2C_TIMEOUT|SELFTEST,0,0,0,0,0,0,0.0,0.0,0.0,4.92,2.676,590.4,321.12,54.66,-0.28,0.0,0.0,0.0,0.0,0.0,0.0,,0.0,0,0,0,0,0,8.0,0.0,18086.64,9988.71,28075.35,0.0,7.52
2026-06-05T00:49:03.777+00:00,34745,996060cc-1738-4269-9a35-58ffa0c7dd73,,10,FAULT,0x0440,I2C_TIMEOUT|SELFTEST,0,0,0,0,0,0,0.0,0.0,0.0,4.923,2.683,590.76,321.96,53.69,-0.28,0.0,0.0,0.0,0.0,0.0,0.0,,0.0,0,0,0,0,0,8.0,0.0,18163.44,10030.57,28194.01,0.0,-7.46
2026-06-05T00:49:03.905+00:00,34874,996060cc-1738-4269-9a35-58ffa0c7dd73,,10,FAULT,0x0440,I2C_TIMEOUT|SELFTEST,0,0,0,0,0,0,0.0,0.0,0.0,4.929,2.693,591.48,323.16,53.44,-0.4,0.0,0.0,0.0,0.0,0.0,0.0,,0.0,0,0,0,0,0,8.0,0.0,18239.74,10072.25,28312.0,0.0,-1.94
2026-06-05T00:49:04.035+00:00,35003,996060cc-1738-4269-9a35-58ffa0c7dd73,,10,FAULT,0x0440,I2C_TIMEOUT|SELFTEST,0,0,0,0,0,0,0.0,0.0,0.0,4.924,2.692,590.88,323.04,53.93,-0.28,0.0,0.0,0.0,0.0,0.0,0.0,,0.0,0,0,0,0,0,8.0,0.0,18315.97,10113.93,28429.89,0.0,3.8
2026-06-05T00:49:04.163+00:00,35132,996060cc-1738-4269-9a35-58ffa0c7dd73,,10,FAULT,0x0440,I2C_TIMEOUT|SELFTEST,0,0,0,0,0,0,0.0,0.0,0.0,4.935,2.697,592.2,323.64,53.69,-0.52,0.0,0.0,0.0,0.0,0.0,0.0,,0.0,0,0,0,0,0,8.0,0.0,18392.36,10155.68,28548.03,0.0,-1.86
2026-06-05T00:49:04.294+00:00,35261,996060cc-1738-4269-9a35-58ffa0c7dd73,,10,FAULT,0x0440,I2C_TIMEOUT|SELFTEST,0,0,0,0,0,0,0.0,0.0,0.0,4.921,2.694,590.52,323.28,53.69,-0.28,0.0,0.0,0.0,0.0,0.0,0.0,,0.0,0,0,0,0,0,8.0,0.0,18468.54,10197.38,28665.91,0.0,0.0
2026-06-05T00:49:04.421+00:00,35390,996060cc-1738-4269-9a35-58ffa0c7dd73,,10,FAULT,0x0440,I2C_TIMEOUT|SELFTEST,0,0,0,0,0,0,0.0,0.0,0.0,4.953,2.71,594.36,325.2,53.44,-0.28,0.0,0.0,0.0,0.0,0.0,0.0,,0.0,0,0,0,0,0,8.0,0.0,18545.21,10239.33,28784.54,0.0,-1.94
2026-06-05T00:49:04.552+00:00,35519,996060cc-1738-4269-9a35-58ffa0c7dd73,,10,FAULT,0x0440,I2C_TIMEOUT|SELFTEST,0,0,0,0,0,0,0.0,0.0,0.0,4.916,2.69,589.92,322.8,53.69,-0.28,0.0,0.0,0.0,0.0,0.0,0.0,,0.0,0,0,0,0,0,8.0,0.0,18621.31,10280.97,28902.28,0.0,1.94
2026-06-05T00:49:04.682+00:00,35648,996060cc-1738-4269-9a35-58ffa0c7dd73,,10,FAULT,0x0440,I2C_TIMEOUT|SELFTEST,0,0,0,0,0,0,0.0,0.0,0.0,4.952,2.715,594.24,325.8,53.69,-0.28,0.0,0.0,0.0,0.0,0.0,0.0,,0.0,0,0,0,0,0,8.0,0.0,18697.97,10323.0,29020.96,0.0,0.0
2026-06-05T00:49:04.810+00:00,35777,996060cc-1738-4269-9a35-58ffa0c7dd73,,10,FAULT,0x0440,I2C_TIMEOUT|SELFTEST,0,0,0,0,0,0,0.0,0.0,0.0,4.894,2.689,587.28,322.68,53.93,-0.28,0.0,0.0,0.0,0.0,0.0,0.0,,0.0,0,0,0,0,0,8.0,0.0,18773.72,10364.62,29138.35,0.0,1.86
2026-06-05T00:49:04.940+00:00,35906,996060cc-1738-4269-9a35-58ffa0c7dd73,,10,FAULT,0x0440,I2C_TIMEOUT|SELFTEST,0,0,0,0,0,0,0.0,0.0,0.0,4.952,2.716,594.24,325.92,53.69,-0.28,0.0,0.0,0.0,0.0,0.0,0.0,,0.0,0,0,0,0,0,8.0,0.0,18850.38,10406.67,29257.05,0.0,-1.86
2026-06-05T00:49:05.068+00:00,36035,996060cc-1738-4269-9a35-58ffa0c7dd73,,10,FAULT,0x0440,I2C_TIMEOUT|SELFTEST,0,0,0,0,0,0,0.0,0.0,0.0,4.884,2.671,586.08,320.52,53.69,-0.4,0.0,0.0,0.0,0.0,0.0,0.0,,0.0,0,0,0,0,0,8.0,0.0,18925.99,10448.02,29374.0,0.0,0.0
2026-06-05T00:49:05.199+00:00,36164,996060cc-1738-4269-9a35-58ffa0c7dd73,,10,FAULT,0x0440,I2C_TIMEOUT|SELFTEST,0,0,0,0,0,0,0.0,0.0,0.0,4.94,2.705,592.8,324.6,53.69,-0.28,0.0,0.0,0.0,0.0,0.0,0.0,,0.0,0,0,0,0,0,8.0,0.0,19002.46,10489.89,29492.35,0.0,0.0
2026-06-05T00:49:05.327+00:00,36293,996060cc-1738-4269-9a35-58ffa0c7dd73,,10,FAULT,0x0440,I2C_TIMEOUT|SELFTEST,0,0,0,0,0,0,0.0,0.0,0.0,4.871,2.655,584.52,318.6,53.44,-0.28,0.0,0.0,0.0,0.0,0.0,0.0,,0.0,0,0,0,0,0,8.0,0.0,19077.86,10530.99,29608.85,0.0,-1.94
2026-06-05T00:49:05.457+00:00,36422,996060cc-1738-4269-9a35-58ffa0c7dd73,,10,FAULT,0x0440,I2C_TIMEOUT|SELFTEST,0,0,0,0,0,0,0.0,0.0,0.0,4.931,2.693,591.72,323.16,53.69,-0.28,0.0,0.0,0.0,0.0,0.0,0.0,,0.0,0,0,0,0,0,8.0,0.0,19154.19,10572.68,29726.87,0.0,1.94
2026-06-05T00:49:05.587+00:00,36551,996060cc-1738-4269-9a35-58ffa0c7dd73,,10,FAULT,0x0440,I2C_TIMEOUT|SELFTEST,0,0,0,0,0,0,0.0,0.0,0.0,4.887,2.661,586.44,319.32,53.69,-0.28,0.0,0.0,0.0,0.0,0.0,0.0,,0.0,0,0,0,0,0,8.0,0.0,19229.84,10613.87,29843.71,0.0,0.0
2026-06-05T00:49:05.715+00:00,36680,996060cc-1738-4269-9a35-58ffa0c7dd73,,10,FAULT,0x0440,I2C_TIMEOUT|SELFTEST,0,0,0,0,0,0,0.0,0.0,0.0,4.938,2.686,592.56,322.32,53.93,-0.15,0.0,0.0,0.0,0.0,0.0,0.0,,0.0,0,0,0,0,0,8.0,0.0,19306.28,10655.45,29961.73,0.0,1.86
2026-06-05T00:49:05.845+00:00,36809,996060cc-1738-4269-9a35-58ffa0c7dd73,,10,FAULT,0x0440,I2C_TIMEOUT|SELFTEST,0,0,0,0,0,0,0.0,0.0,0.0,4.888,2.655,586.56,318.6,53.69,-0.28,0.0,0.0,0.0,0.0,0.0,0.0,,0.0,0,0,0,0,0,8.0,0.0,19381.95,10696.55,30078.5,0.0,-1.86
2026-06-05T00:49:05.974+00:00,36938,996060cc-1738-4269-9a35-58ffa0c7dd73,,10,FAULT,0x0440,I2C_TIMEOUT|SELFTEST,0,0,0,0,0,0,0.0,0.0,0.0,4.944,2.686,593.28,322.32,53.69,-0.28,0.0,0.0,0.0,0.0,0.0,0.0,,0.0,0,0,0,0,0,8.0,0.0,19458.48,10738.13,30196.61,0.0,0.0
2026-06-05T00:49:06.104+00:00,37067,996060cc-1738-4269-9a35-58ffa0c7dd73,,10,FAULT,0x0440,I2C_TIMEOUT|SELFTEST,0,0,0,0,0,0,0.0,0.0,0.0,4.915,2.668,589.8,320.16,53.69,-0.28,0.0,0.0,0.0,0.0,0.0,0.0,,0.0,0,0,0,0,0,8.0,0.0,19534.57,10779.43,30313.99,0.0,0.0
2026-06-05T00:49:06.232+00:00,37196,996060cc-1738-4269-9a35-58ffa0c7dd73,,10,FAULT,0x0440,I2C_TIMEOUT|SELFTEST,0,0,0,0,0,0,0.0,0.0,0.0,4.95,2.695,594.0,323.4,53.69,-0.28,0.0,0.0,0.0,0.0,0.0,0.0,,0.0,0,0,0,0,0,8.0,0.0,19611.19,10821.14,30432.34,0.0,0.0
2026-06-05T00:49:06.362+00:00,37325,996060cc-1738-4269-9a35-58ffa0c7dd73,,10,FAULT,0x0440,I2C_TIMEOUT|SELFTEST,0,0,0,0,0,0,0.0,0.0,0.0,4.919,2.675,590.28,321.0,53.69,-0.28,0.0,0.0,0.0,0.0,0.0,0.0,,0.0,0,0,0,0,0,8.0,0.0,19687.34,10862.55,30549.89,0.0,0.0
2026-06-05T00:49:06.492+00:00,37454,996060cc-1738-4269-9a35-58ffa0c7dd73,,10,FAULT,0x0440,I2C_TIMEOUT|SELFTEST,0,0,0,0,0,0,0.0,0.0,0.0,4.945,2.691,593.4,322.92,53.69,-0.28,0.0,0.0,0.0,0.0,0.0,0.0,,0.0,0,0,0,0,0,8.0,0.0,19763.89,10904.21,30668.1,0.0,0.0
2026-06-05T00:49:06.620+00:00,37583,996060cc-1738-4269-9a35-58ffa0c7dd73,,10,FAULT,0x0440,I2C_TIMEOUT|SELFTEST,0,0,0,0,0,0,0.0,0.0,0.0,4.932,2.682,591.84,321.84,53.69,-0.28,0.0,0.0,0.0,0.0,0.0,0.0,,0.0,0,0,0,0,0,8.0,0.0,19840.23,10945.73,30785.96,0.0,0.0
2026-06-05T00:49:06.751+00:00,37712,996060cc-1738-4269-9a35-58ffa0c7dd73,,10,FAULT,0x0440,I2C_TIMEOUT|SELFTEST,0,0,0,0,0,0,0.0,0.0,0.0,4.935,2.688,592.2,322.56,53.69,-0.28,0.0,0.0,0.0,0.0,0.0,0.0,,0.0,0,0,0,0,0,8.0,0.0,19916.63,10987.34,30903.97,0.0,0.0
2026-06-05T00:49:06.879+00:00,37841,996060cc-1738-4269-9a35-58ffa0c7dd73,,10,FAULT,0x0440,I2C_TIMEOUT|SELFTEST,0,0,0,0,0,0,0.0,0.0,0.0,4.944,2.68,593.28,321.6,53.69,-0.15,0.0,0.0,0.0,0.0,0.0,0.0,,0.0,0,0,0,0,0,8.0,0.0,19993.16,11028.82,31021.99,0.0,0.0
2026-06-05T00:49:07.009+00:00,37970,996060cc-1738-4269-9a35-58ffa0c7dd73,,10,FAULT,0x0440,I2C_TIMEOUT|SELFTEST,0,0,0,0,0,0,0.0,0.0,0.0,4.939,2.684,592.68,322.08,54.66,0.0,0.0,0.0,0.0,0.0,0.0,0.0,,0.0,0,0,0,0,0,8.0,0.0,20069.62,11070.37,31139.99,0.0,7.52
2026-06-05T00:49:07.137+00:00,38099,996060cc-1738-4269-9a35-58ffa0c7dd73,,10,FAULT,0x0440,I2C_TIMEOUT|SELFTEST,0,0,0,0,0,0,0.0,0.0,0.0,4.954,2.691,594.48,322.92,53.69,-0.15,0.0,0.0,0.0,0.0,0.0,0.0,,0.0,0,0,0,0,0,8.0,0.0,20146.31,11112.03,31258.33,0.0,-7.52
2026-06-05T00:49:07.267+00:00,38228,996060cc-1738-4269-9a35-58ffa0c7dd73,,10,FAULT,0x0440,I2C_TIMEOUT|SELFTEST,0,0,0,0,0,0,0.0,0.0,0.0,4.928,2.683,591.36,321.96,53.69,-0.28,0.0,0.0,0.0,0.0,0.0,0.0,,0.0,0,0,0,0,0,8.0,0.0,20222.59,11153.56,31376.15,0.0,0.0
2026-06-05T00:49:07.397+00:00,38358,996060cc-1738-4269-9a35-58ffa0c7dd73,,10,FAULT,0x0440,I2C_TIMEOUT|SELFTEST,0,0,0,0,0,0,0.0,0.0,0.0,4.954,2.691,594.48,322.92,53.69,-0.28,0.0,0.0,0.0,0.0,0.0,0.0,,0.0,0,0,0,0,0,8.0,0.0,20299.87,11195.54,31495.42,0.0,0.0
2026-06-05T00:49:07.526+00:00,38487,996060cc-1738-4269-9a35-58ffa0c7dd73,,10,FAULT,0x0440,I2C_TIMEOUT|SELFTEST,0,0,0,0,0,0,0.0,0.0,0.0,4.932,2.686,591.84,322.32,53.93,-0.52,0.0,0.0,0.0,0.0,0.0,0.0,,0.0,0,0,0,0,0,8.0,0.0,20376.22,11237.12,31613.34,0.0,1.86
2026-06-05T00:49:07.656+00:00,38616,996060cc-1738-4269-9a35-58ffa0c7dd73,,10,FAULT,0x0440,I2C_TIMEOUT|SELFTEST,0,0,0,0,0,0,0.0,0.0,0.0,4.966,2.702,595.92,324.24,53.69,0.0,0.0,0.0,0.0,0.0,0.0,0.0,,0.0,0,0,0,0,0,8.0,0.0,20453.09,11278.95,31732.04,0.0,-1.86
2026-06-05T00:49:07.784+00:00,38745,996060cc-1738-4269-9a35-58ffa0c7dd73,,10,FAULT,0x0440,I2C_TIMEOUT|SELFTEST,0,0,0,0,0,0,0.0,0.0,0.0,4.926,2.684,591.12,322.08,53.69,-0.28,0.0,0.0,0.0,0.0,0.0,0.0,,0.0,0,0,0,0,0,8.0,0.0,20529.35,11320.5,31849.85,0.0,0.0
2026-06-05T00:49:07.914+00:00,38874,996060cc-1738-4269-9a35-58ffa0c7dd73,,10,FAULT,0x0440,I2C_TIMEOUT|SELFTEST,0,0,0,0,0,0,0.0,0.0,0.0,4.962,2.698,595.44,323.76,53.69,-0.28,0.0,0.0,0.0,0.0,0.0,0.0,,0.0,0,0,0,0,0,8.0,0.0,20606.16,11362.26,31968.42,0.0,0.0
2026-06-05T00:49:08.042+00:00,39003,996060cc-1738-4269-9a35-58ffa0c7dd73,,10,FAULT,0x0440,I2C_TIMEOUT|SELFTEST,0,0,0,0,0,0,0.0,0.0,0.0,4.921,2.681,590.52,321.72,54.66,0.0,0.0,0.0,0.0,0.0,0.0,0.0,,0.0,0,0,0,0,0,8.0,0.0,20682.34,11403.76,32086.1,0.0,7.52
2026-06-05T00:49:08.172+00:00,39132,996060cc-1738-4269-9a35-58ffa0c7dd73,,10,FAULT,0x0440,I2C_TIMEOUT|SELFTEST,0,0,0,0,0,0,0.0,0.0,0.0,4.971,2.706,596.52,324.72,53.69,-0.28,0.0,0.0,0.0,0.0,0.0,0.0,,0.0,0,0,0,0,0,8.0,0.0,20759.29,11445.65,32204.94,0.0,-7.52
2026-06-05T00:49:08.301+00:00,39261,996060cc-1738-4269-9a35-58ffa0c7dd73,,10,FAULT,0x0440,I2C_TIMEOUT|SELFTEST,0,0,0,0,0,0,0.0,0.0,0.0,4.916,2.679,589.92,321.48,53.69,-0.28,0.0,0.0,0.0,0.0,0.0,0.0,,0.0,0,0,0,0,0,8.0,0.0,20835.39,11487.12,32322.51,0.0,0.0
2026-06-05T00:49:08.430+00:00,39390,996060cc-1738-4269-9a35-58ffa0c7dd73,,10,FAULT,0x0440,I2C_TIMEOUT|SELFTEST,0,0,0,0,0,0,0.0,0.0,0.0,4.963,2.699,595.56,323.88,53.69,-0.28,0.0,0.0,0.0,0.0,0.0,0.0,,0.0,0,0,0,0,0,8.0,0.0,20912.22,11528.9,32441.12,0.0,0.0
2026-06-05T00:49:08.561+00:00,39519,996060cc-1738-4269-9a35-58ffa0c7dd73,,10,FAULT,0x0440,I2C_TIMEOUT|SELFTEST,0,0,0,0,0,0,0.0,0.0,0.0,4.913,2.677,589.56,321.24,53.93,-0.15,0.0,0.0,0.0,0.0,0.0,0.0,,0.0,0,0,0,0,0,8.0,0.0,20988.27,11570.34,32558.61,0.0,1.86
2026-06-05T00:49:08.689+00:00,39648,996060cc-1738-4269-9a35-58ffa0c7dd73,,10,FAULT,0x0440,I2C_TIMEOUT|SELFTEST,0,0,0,0,0,0,0.0,0.0,0.0,4.969,2.705,596.28,324.6,53.44,-0.28,0.0,0.0,0.0,0.0,0.0,0.0,,0.0,0,0,0,0,0,8.0,0.0,21065.19,11612.22,32677.41,0.0,-3.8
2026-06-05T00:49:08.819+00:00,39777,996060cc-1738-4269-9a35-58ffa0c7dd73,,10,FAULT,0x0440,I2C_TIMEOUT|SELFTEST,0,0,0,0,0,0,0.0,0.0,0.0,4.911,2.675,589.32,321.0,53.69,-0.28,0.0,0.0,0.0,0.0,0.0,0.0,,0.0,0,0,0,0,0,8.0,0.0,21141.21,11653.63,32794.84,0.0,1.94
2026-06-05T00:49:08.947+00:00,39906,996060cc-1738-4269-9a35-58ffa0c7dd73,,10,FAULT,0x0440,I2C_TIMEOUT|SELFTEST,0,0,0,0,0,0,0.0,0.0,0.0,4.96,2.7,595.2,324.0,53.69,-0.15,0.0,0.0,0.0,0.0,0.0,0.0,,0.0,0,0,0,0,0,8.0,0.0,21217.99,11695.42,32913.41,0.0,0.0
2026-06-05T00:49:09.077+00:00,40036,996060cc-1738-4269-9a35-58ffa0c7dd73,,10,FAULT,0x0440,I2C_TIMEOUT|SELFTEST,0,0,0,0,0,0,0.0,0.0,0.0,4.912,2.675,589.44,321.0,53.69,-0.28,0.0,0.0,0.0,0.0,0.0,0.0,,0.0,0,0,0,0,0,8.0,0.0,21294.62,11737.15,33031.77,0.0,0.0
2026-06-05T00:49:09.206+00:00,40165,996060cc-1738-4269-9a35-58ffa0c7dd73,,10,FAULT,0x0440,I2C_TIMEOUT|SELFTEST,0,0,0,0,0,0,0.0,0.0,0.0,4.961,2.699,595.32,323.88,53.69,-0.28,0.0,0.0,0.0,0.0,0.0,0.0,,0.0,0,0,0,0,0,8.0,0.0,21371.42,11778.93,33150.35,0.0,0.0
2026-06-05T00:49:09.336+00:00,40294,996060cc-1738-4269-9a35-58ffa0c7dd73,,10,FAULT,0x0440,I2C_TIMEOUT|SELFTEST,0,0,0,0,0,0,0.0,0.0,0.0,4.906,2.672,588.72,320.64,53.44,-0.28,0.0,0.0,0.0,0.0,0.0,0.0,,0.0,0,0,0,0,0,8.0,0.0,21447.36,11820.3,33267.66,0.0,-1.94
2026-06-05T00:49:09.466+00:00,40423,996060cc-1738-4269-9a35-58ffa0c7dd73,,10,FAULT,0x0440,I2C_TIMEOUT|SELFTEST,0,0,0,0,0,0,0.0,0.0,0.0,4.936,2.688,592.32,322.56,54.66,0.0,0.0,0.0,0.0,0.0,0.0,0.0,,0.0,0,0,0,0,0,8.0,0.0,21523.77,11861.91,33385.68,0.0,9.46
2026-06-05T00:49:09.594+00:00,40552,996060cc-1738-4269-9a35-58ffa0c7dd73,,10,FAULT,0x0440,I2C_TIMEOUT|SELFTEST,0,0,0,0,0,0,0.0,0.0,0.0,4.887,2.665,586.44,319.8,53.44,-0.52,0.0,0.0,0.0,0.0,0.0,0.0,,0.0,0,0,0,0,0,8.0,0.0,21599.42,11903.16,33502.58,0.0,-9.46
2026-06-05T00:49:09.724+00:00,40681,996060cc-1738-4269-9a35-58ffa0c7dd73,,10,FAULT,0x0440,I2C_TIMEOUT|SELFTEST,0,0,0,0,0,0,0.0,0.0,0.0,4.925,2.688,591.0,322.56,53.44,-0.28,0.0,0.0,0.0,0.0,0.0,0.0,,0.0,0,0,0,0,0,8.0,0.0,21675.66,11944.77,33620.43,0.0,0.0
2026-06-05T00:49:09.852+00:00,40810,996060cc-1738-4269-9a35-58ffa0c7dd73,,10,FAULT,0x0440,I2C_TIMEOUT|SELFTEST,0,0,0,0,0,0,0.0,0.0,0.0,4.883,2.665,585.96,319.8,53.69,-0.28,0.0,0.0,0.0,0.0,0.0,0.0,,0.0,0,0,0,0,0,8.0,0.0,21751.25,11986.02,33737.27,0.0,1.94
2026-06-05T00:49:09.983+00:00,40939,996060cc-1738-4269-9a35-58ffa0c7dd73,,10,FAULT,0x0440,I2C_TIMEOUT|SELFTEST,0,0,0,0,0,0,0.0,0.0,0.0,4.897,2.674,587.64,320.88,53.69,-0.52,0.0,0.0,0.0,0.0,0.0,0.0,,0.0,0,0,0,0,0,8.0,0.0,21827.05,12027.42,33854.47,0.0,0.0
2026-06-05T00:49:10.111+00:00,41068,996060cc-1738-4269-9a35-58ffa0c7dd73,,10,FAULT,0x0440,I2C_TIMEOUT|SELFTEST,0,0,0,0,0,0,0.0,0.0,0.0,4.868,2.659,584.16,319.08,53.44,-0.28,0.0,0.0,0.0,0.0,0.0,0.0,,0.0,0,0,0,0,0,8.0,0.0,21902.41,12068.58,33970.99,0.0,-1.94
2026-06-05T00:49:10.241+00:00,41197,996060cc-1738-4269-9a35-58ffa0c7dd73,,10,FAULT,0x0440,I2C_TIMEOUT|SELFTEST,0,0,0,0,0,0,0.0,0.0,0.0,4.889,2.676,586.68,321.12,53.69,-0.28,0.0,0.0,0.0,0.0,0.0,0.0,,0.0,0,0,0,0,0,8.0,0.0,21978.09,12110.0,34088.1,0.0,1.94
2026-06-05T00:49:10.371+00:00,41326,996060cc-1738-4269-9a35-58ffa0c7dd73,,10,FAULT,0x0440,I2C_TIMEOUT|SELFTEST,0,0,0,0,0,0,0.0,0.0,0.0,4.865,2.656,583.8,318.72,53.69,-0.28,0.0,0.0,0.0,0.0,0.0,0.0,,0.0,0,0,0,0,0,8.0,0.0,22053.4,12151.12,34204.52,0.0,0.0
2026-06-05T00:49:10.499+00:00,41455,996060cc-1738-4269-9a35-58ffa0c7dd73,,10,FAULT,0x0440,I2C_TIMEOUT|SELFTEST,0,0,0,0,0,0,0.0,0.0,0.0,4.86,2.657,583.2,318.84,53.2,-0.28,0.0,0.0,0.0,0.0,0.0,0.0,,0.0,0,0,0,0,0,8.0,0.0,22128.64,12192.25,34320.88,0.0,-3.8
2026-06-05T00:49:10.629+00:00,41584,996060cc-1738-4269-9a35-58ffa0c7dd73,,10,FAULT,0x0440,I2C_TIMEOUT|SELFTEST,0,0,0,0,0,0,0.0,0.0,0.0,4.85,2.648,582.0,317.76,53.44,-0.28,0.0,0.0,0.0,0.0,0.0,0.0,,0.0,0,0,0,0,0,8.0,0.0,22203.71,12233.24,34436.95,0.0,1.86
2026-06-05T00:49:10.758+00:00,41713,996060cc-1738-4269-9a35-58ffa0c7dd73,,10,FAULT,0x0440,I2C_TIMEOUT|SELFTEST,0,0,0,0,0,0,0.0,0.0,0.0,4.848,2.655,581.76,318.6,53.69,-0.28,0.0,0.0,0.0,0.0,0.0,0.0,,0.0,0,0,0,0,0,8.0,0.0,22278.76,12274.34,34553.1,0.0,1.94
2026-06-05T00:49:10.888+00:00,41842,996060cc-1738-4269-9a35-58ffa0c7dd73,,10,FAULT,0x0440,I2C_TIMEOUT|SELFTEST,0,0,0,0,0,0,0.0,0.0,0.0,4.849,2.65,581.88,318.0,53.69,-0.15,0.0,0.0,0.0,0.0,0.0,0.0,,0.0,0,0,0,0,0,8.0,0.0,22353.82,12315.36,34669.18,0.0,0.0
2026-06-05T00:49:11.016+00:00,41971,996060cc-1738-4269-9a35-58ffa0c7dd73,,10,FAULT,0x0440,I2C_TIMEOUT|SELFTEST,0,0,0,0,0,0,0.0,0.0,0.0,4.826,2.639,579.12,316.68,53.2,0.0,0.0,0.0,0.0,0.0,0.0,0.0,,0.0,0,0,0,0,0,8.0,0.0,22428.53,12356.21,34784.74,0.0,-3.8
2026-06-05T00:49:11.146+00:00,42100,996060cc-1738-4269-9a35-58ffa0c7dd73,,10,FAULT,0x0440,I2C_TIMEOUT|SELFTEST,0,0,0,0,0,0,0.0,0.0,0.0,4.836,2.64,580.32,316.8,53.69,-0.28,0.0,0.0,0.0,0.0,0.0,0.0,,0.0,0,0,0,0,0,8.0,0.0,22503.39,12397.08,34900.47,0.0,3.8
2026-06-05T00:49:11.276+00:00,42229,996060cc-1738-4269-9a35-58ffa0c7dd73,,10,FAULT,0x0440,I2C_TIMEOUT|SELFTEST,0,0,0,0,0,0,0.0,0.0,0.0,4.81,2.633,577.2,315.96,53.69,-0.28,0.0,0.0,0.0,0.0,0.0,0.0,,0.0,0,0,0,0,0,8.0,0.0,22577.85,12437.84,35015.69,0.0,0.0
2026-06-05T00:49:11.404+00:00,42358,996060cc-1738-4269-9a35-58ffa0c7dd73,,10,FAULT,0x0440,I2C_TIMEOUT|SELFTEST,0,0,0,0,0,0,0.0,0.0,0.0,4.839,2.643,580.68,317.16,53.69,0.0,0.0,0.0,0.0,0.0,0.0,0.0,,0.0,0,0,0,0,0,8.0,0.0,22652.76,12478.75,35131.51,0.0,0.0
2026-06-05T00:49:11.534+00:00,42487,996060cc-1738-4269-9a35-58ffa0c7dd73,,10,FAULT,0x0440,I2C_TIMEOUT|SELFTEST,0,0,0,0,0,0,0.0,0.0,0.0,4.789,2.619,574.68,314.28,53.93,0.0,0.0,0.0,0.0,0.0,0.0,0.0,,0.0,0,0,0,0,0,8.0,0.0,22726.89,12519.29,35246.19,0.0,1.86
2026-06-05T00:49:11.663+00:00,42616,996060cc-1738-4269-9a35-58ffa0c7dd73,,10,FAULT,0x0440,I2C_TIMEOUT|SELFTEST,0,0,0,0,0,0,0.0,0.0,0.0,4.824,2.632,578.88,315.84,53.69,-0.28,0.0,0.0,0.0,0.0,0.0,0.0,,0.0,0,0,0,0,0,8.0,0.0,22801.57,12560.04,35361.6,0.0,-1.86
2026-06-05T00:49:11.793+00:00,42745,996060cc-1738-4269-9a35-58ffa0c7dd73,,10,FAULT,0x0440,I2C_TIMEOUT|SELFTEST,0,0,0,0,0,0,0.0,0.0,0.0,4.778,2.617,573.36,314.04,53.44,-0.28,0.0,0.0,0.0,0.0,0.0,0.0,,0.0,0,0,0,0,0,8.0,0.0,22875.53,12600.55,35476.08,0.0,-1.94
2026-06-05T00:49:11.921+00:00,42874,996060cc-1738-4269-9a35-58ffa0c7dd73,,10,FAULT,0x0440,I2C_TIMEOUT|SELFTEST,0,0,0,0,0,0,0.0,0.0,0.0,4.821,2.629,578.52,315.48,53.69,-0.15,0.0,0.0,0.0,0.0,0.0,0.0,,0.0,0,0,0,0,0,8.0,0.0,22950.16,12641.25,35591.4,0.0,1.94
2026-06-05T00:49:12.051+00:00,43003,996060cc-1738-4269-9a35-58ffa0c7dd73,,10,FAULT,0x0440,I2C_TIMEOUT|SELFTEST,0,0,0,0,0,0,0.0,0.0,0.0,4.755,2.602,570.6,312.24,53.69,-0.15,0.0,0.0,0.0,0.0,0.0,0.0,,0.0,0,0,0,0,0,8.0,0.0,23023.77,12681.53,35705.29,0.0,0.0
2026-06-05T00:49:12.179+00:00,43132,996060cc-1738-4269-9a35-58ffa0c7dd73,,10,FAULT,0x0440,I2C_TIMEOUT|SELFTEST,0,0,0,0,0,0,0.0,0.0,0.0,4.799,2.618,575.88,314.16,53.44,-0.28,0.0,0.0,0.0,0.0,0.0,0.0,,0.0,0,0,0,0,0,8.0,0.0,23098.05,12722.05,35820.11,0.0,-1.94
2026-06-05T00:49:12.309+00:00,43261,996060cc-1738-4269-9a35-58ffa0c7dd73,,10,FAULT,0x0440,I2C_TIMEOUT|SELFTEST,0,0,0,0,0,0,0.0,0.0,0.0,4.738,2.596,568.56,311.52,53.69,-0.28,0.0,0.0,0.0,0.0,0.0,0.0,,0.0,0,0,0,0,0,8.0,0.0,23171.4,12762.24,35933.64,0.0,1.94
2026-06-05T00:49:12.439+00:00,43390,996060cc-1738-4269-9a35-58ffa0c7dd73,,10,FAULT,0x0440,I2C_TIMEOUT|SELFTEST,0,0,0,0,0,0,0.0,0.0,0.0,4.794,2.616,575.28,313.92,53.69,-0.28,0.0,0.0,0.0,0.0,0.0,0.0,,0.0,0,0,0,0,0,8.0,0.0,23245.61,12802.73,36048.34,0.0,0.0
2026-06-05T00:49:12.568+00:00,43520,996060cc-1738-4269-9a35-58ffa0c7dd73,,10,FAULT,0x0440,I2C_TIMEOUT|SELFTEST,0,0,0,0,0,0,0.0,0.0,0.0,4.718,2.581,566.16,309.72,53.69,-0.15,0.0,0.0,0.0,0.0,0.0,0.0,,0.0,0,0,0,0,0,8.0,0.0,23319.21,12843.0,36162.21,0.0,0.0
2026-06-05T00:49:12.704+00:00,43656,996060cc-1738-4269-9a35-58ffa0c7dd73,,10,FAULT,0x0440,I2C_TIMEOUT|SELFTEST,0,0,0,0,0,0,0.0,0.0,0.0,4.737,2.598,568.44,311.76,52.46,-0.52,0.0,0.0,0.0,0.0,0.0,0.0,,0.0,0,0,0,0,0,8.0,0.0,23396.52,12885.4,36281.92,0.0,-9.04
2026-06-05T00:49:12.834+00:00,43785,996060cc-1738-4269-9a35-58ffa0c7dd73,,10,FAULT,0x04C0,I2C_TIMEOUT|SENSOR_RANGE|SELFTEST,0,1,1,0,0,0,0.0,0.0,0.0,7.428,4.688,891.36,562.56,-24.75,-12.5,0.0,0.0,0.0,0.0,0.0,0.0,,0.0,0,0,0,0,0,8.0,0.0,23511.5,12957.97,36469.47,0.0,-598.53
2026-06-05T00:49:12.967+00:00,43914,996060cc-1738-4269-9a35-58ffa0c7dd73,,10,FAULT,0x04C0,I2C_TIMEOUT|SENSOR_RANGE|SELFTEST,0,1,1,0,0,0,0.0,0.0,0.0,10.748,8.234,1289.76,988.08,-25.0,-12.5,0.0,0.0,0.0,0.0,0.0,0.0,,0.0,0,0,0,0,0,8.0,0.0,23677.88,13085.43,36763.31,0.0,-1.94
2026-06-05T00:49:13.092+00:00,44043,996060cc-1738-4269-9a35-58ffa0c7dd73,,10,FAULT,0x04C0,I2C_TIMEOUT|SENSOR_RANGE|SELFTEST,0,1,1,0,0,0,0.0,0.0,0.0,13.216,11.022,1585.92,1322.64,-25.0,-12.5,0.0,0.0,0.0,0.0,0.0,0.0,,0.0,0,0,0,0,0,8.0,0.0,23882.47,13256.05,37138.52,0.0,0.0
2026-06-05T00:49:13.267+00:00,44172,996060cc-1738-4269-9a35-58ffa0c7dd73,,10,FAULT,0x04C0,I2C_TIMEOUT|SENSOR_RANGE|SELFTEST,0,1,1,0,0,0,0.0,0.0,0.0,15.342,13.254,1841.04,1590.48,-25.0,-12.5,0.0,0.0,0.0,0.0,0.0,0.0,,0.0,0,0,0,0,0,8.0,0.0,24119.96,13461.22,37581.18,0.0,0.0
2026-06-05T00:49:13.353+00:00,44302,996060cc-1738-4269-9a35-58ffa0c7dd73,,10,FAULT,0x04C0,I2C_TIMEOUT|SENSOR_RANGE|SELFTEST,0,1,1,0,0,0,0.0,0.0,0.0,17.186,15.111,2062.32,1813.32,-25.0,-12.5,0.0,0.0,0.0,0.0,0.0,0.0,,0.0,0,0,0,0,0,8.0,0.0,24388.06,13696.95,38085.02,0.0,0.0
2026-06-05T00:49:13.480+00:00,44431,996060cc-1738-4269-9a35-58ffa0c7dd73,,10,FAULT,0x04C0,I2C_TIMEOUT|SENSOR_RANGE|SELFTEST,0,1,1,0,0,0,0.0,0.0,0.0,18.704,16.635,2244.48,1996.2,-25.0,-12.5,0.0,0.0,0.0,0.0,0.0,0.0,,0.0,0,0,0,0,0,8.0,0.0,24677.6,13954.46,38632.06,0.0,0.0
2026-06-05T00:49:13.611+00:00,44560,996060cc-1738-4269-9a35-58ffa0c7dd73,,10,FAULT,0x04C0,I2C_TIMEOUT|SENSOR_RANGE|SELFTEST,0,1,1,0,0,0,0.0,0.0,0.0,19.897,17.887,2387.64,2146.44,-25.0,-12.5,0.0,0.0,0.0,0.0,0.0,0.0,,0.0,0,0,0,0,0,8.0,0.0,24985.61,14231.35,39216.96,0.0,0.0
2026-06-05T00:49:13.773+00:00,44689,996060cc-1738-4269-9a35-58ffa0c7dd73,,10,FAULT,0x04C0,I2C_TIMEOUT|SENSOR_RANGE|SELFTEST,0,1,1,0,0,0,0.0,0.0,0.0,20.972,19.002,2516.64,2280.24,-25.0,-12.5,0.0,0.0,0.0,0.0,0.0,0.0,,0.0,0,0,0,0,0,8.0,0.0,25310.25,14525.5,39835.76,0.0,0.0
2026-06-05T00:49:13.893+00:00,44819,996060cc-1738-4269-9a35-58ffa0c7dd73,,10,FAULT,0x04C0,I2C_TIMEOUT|SENSOR_RANGE|SELFTEST,0,1,1,0,0,0,0.0,0.0,0.0,21.996,20.01,2639.52,2401.2,-25.0,-12.5,0.0,0.0,0.0,0.0,0.0,0.0,,0.0,0,0,0,0,0,8.0,0.0,25653.39,14837.66,40491.05,0.0,0.0
2026-06-05T00:49:14.014+00:00,44948,996060cc-1738-4269-9a35-58ffa0c7dd73,,10,FAULT,0x04C0,I2C_TIMEOUT|SENSOR_RANGE|SELFTEST,0,1,1,0,0,0,0.0,0.0,0.0,22.93,20.887,2751.6,2506.44,-25.0,-12.5,0.0,0.0,0.0,0.0,0.0,0.0,,0.0,0,0,0,0,0,8.0,0.0,26008.35,15160.99,41169.34,0.0,0.0
2026-06-05T00:49:14.128+00:00,45077,996060cc-1738-4269-9a35-58ffa0c7dd73,,10,FAULT,0x04C0,I2C_TIMEOUT|SENSOR_RANGE|SELFTEST,0,1,1,0,0,0,0.0,0.0,0.0,23.626,21.602,2835.12,2592.24,-25.0,-12.5,0.0,0.0,0.0,0.0,0.0,0.0,,0.0,0,0,0,0,0,8.0,0.0,26374.08,15495.39,41869.47,0.0,0.0
2026-06-05T00:49:14.258+00:00,45206,996060cc-1738-4269-9a35-58ffa0c7dd73,,10,FAULT,0x04C0,I2C_TIMEOUT|SENSOR_RANGE|SELFTEST,0,1,1,0,0,0,0.0,0.0,0.0,24.172,22.191,2900.64,2662.92,-25.0,-12.5,0.0,0.0,0.0,0.0,0.0,0.0,,0.0,0,0,0,0,0,8.0,0.0,26748.26,15838.91,42587.17,0.0,0.0
2026-06-05T00:49:14.389+00:00,45336,996060cc-1738-4269-9a35-58ffa0c7dd73,,10,FAULT,0x04C0,I2C_TIMEOUT|SENSOR_RANGE|SELFTEST,0,1,1,0,0,0,0.0,0.0,0.0,24.711,22.736,2965.32,2728.32,-25.0,-12.5,0.0,0.0,0.0,0.0,0.0,0.0,,0.0,0,0,0,0,0,8.0,0.0,27133.75,16193.59,43327.34,0.0,0.0
2026-06-05T00:49:14.538+00:00,45465,996060cc-1738-4269-9a35-58ffa0c7dd73,,10,FAULT,0x04C0,I2C_TIMEOUT|SENSOR_RANGE|SELFTEST,0,1,1,0,0,0,0.0,0.0,0.0,25.218,23.198,3026.16,2783.76,-25.0,-12.5,0.0,0.0,0.0,0.0,0.0,0.0,,0.0,0,0,0,0,0,8.0,0.0,27524.13,16552.69,44076.82,0.0,0.0
2026-06-05T00:49:14.716+00:00,45594,996060cc-1738-4269-9a35-58ffa0c7dd73,,10,FAULT,0x04C0,I2C_TIMEOUT|SENSOR_RANGE|SELFTEST,0,1,1,0,0,0,0.0,0.0,0.0,25.527,23.503,3063.24,2820.36,-25.0,-12.5,0.0,0.0,0.0,0.0,0.0,0.0,,0.0,0,0,0,0,0,8.0,0.0,27919.28,16916.52,44835.8,0.0,0.0
2026-06-05T00:49:14.778+00:00,45724,996060cc-1738-4269-9a35-58ffa0c7dd73,,10,FAULT,0x04C0,I2C_TIMEOUT|SENSOR_RANGE|SELFTEST,0,1,1,0,0,0,0.0,0.0,0.0,25.637,23.671,3076.44,2840.52,-25.0,-12.5,0.0,0.0,0.0,0.0,0.0,0.0,,0.0,0,0,0,0,0,8.0,0.0,28319.22,17285.79,45605.01,0.0,0.0
2026-06-05T00:49:14.906+00:00,45853,996060cc-1738-4269-9a35-58ffa0c7dd73,,10,FAULT,0x04C0,I2C_TIMEOUT|SENSOR_RANGE|SELFTEST,0,1,1,0,0,0,0.0,0.0,0.0,25.723,23.796,3086.76,2855.52,-25.0,-12.5,0.0,0.0,0.0,0.0,0.0,0.0,,0.0,0,0,0,0,0,8.0,0.0,28717.41,17654.15,46371.56,0.0,0.0
2026-06-05T00:49:15.036+00:00,45982,996060cc-1738-4269-9a35-58ffa0c7dd73,,10,FAULT,0x04C0,I2C_TIMEOUT|SENSOR_RANGE|SELFTEST,0,1,1,0,0,0,0.0,0.0,0.0,25.826,23.878,3099.12,2865.36,-25.0,-12.5,0.0,0.0,0.0,0.0,0.0,0.0,,0.0,0,0,0,0,0,8.0,0.0,29117.2,18023.78,47140.98,0.0,0.0
2026-06-05T00:49:15.240+00:00,46111,996060cc-1738-4269-9a35-58ffa0c7dd73,,10,FAULT,0x04C0,I2C_TIMEOUT|SENSOR_RANGE|SELFTEST,0,1,1,0,0,0,0.0,0.0,0.0,25.768,23.812,3092.16,2857.44,-25.0,-12.5,0.0,0.0,0.0,0.0,0.0,0.0,,0.0,0,0,0,0,0,8.0,0.0,29516.09,18392.39,47908.48,0.0,0.0
2026-06-05T00:49:15.332+00:00,46241,996060cc-1738-4269-9a35-58ffa0c7dd73,,10,FAULT,0x04C0,I2C_TIMEOUT|SENSOR_RANGE|SELFTEST,0,1,1,0,0,0,0.0,0.0,0.0,25.477,23.585,3057.24,2830.2,-25.0,-12.5,0.0,0.0,0.0,0.0,0.0,0.0,,0.0,0,0,0,0,0,8.0,0.0,29913.53,18760.32,48673.85,0.0,0.0
2026-06-05T00:49:15.426+00:00,46370,996060cc-1738-4269-9a35-58ffa0c7dd73,,10,FAULT,0x04C0,I2C_TIMEOUT|SENSOR_RANGE|SELFTEST,0,1,1,0,0,0,0.0,0.0,0.0,25.139,23.316,3016.68,2797.92,-25.0,-12.5,0.0,0.0,0.0,0.0,0.0,0.0,,0.0,0,0,0,0,0,8.0,0.0,30302.68,19121.25,49423.93,0.0,0.0
2026-06-05T00:49:15.553+00:00,46499,996060cc-1738-4269-9a35-58ffa0c7dd73,,10,FAULT,0x04C0,I2C_TIMEOUT|SENSOR_RANGE|SELFTEST,0,1,1,0,0,0,0.0,0.0,0.0,24.852,23.033,2982.24,2763.96,-25.0,-12.5,0.0,0.0,0.0,0.0,0.0,0.0,,0.0,0,0,0,0,0,8.0,0.0,30687.39,19477.8,50165.19,0.0,0.0
2026-06-05T00:49:15.684+00:00,46628,996060cc-1738-4269-9a35-58ffa0c7dd73,,10,FAULT,0x04C0,I2C_TIMEOUT|SENSOR_RANGE|SELFTEST,0,1,1,0,0,0,0.0,0.0,0.0,24.493,22.658,2939.16,2718.96,-25.0,-12.5,0.0,0.0,0.0,0.0,0.0,0.0,,0.0,0,0,0,0,0,8.0,0.0,31066.54,19828.55,50895.09,0.0,0.0
2026-06-05T00:49:15.814+00:00,46758,996060cc-1738-4269-9a35-58ffa0c7dd73,,10,FAULT,0x04C0,I2C_TIMEOUT|SENSOR_RANGE|SELFTEST,0,1,1,0,0,0,0.0,0.0,0.0,23.844,22.076,2861.28,2649.12,-25.0,-12.5,0.0,0.0,0.0,0.0,0.0,0.0,,0.0,0,0,0,0,0,8.0,0.0,31438.51,20172.93,51611.44,0.0,0.0
2026-06-05T00:49:15.942+00:00,46887,996060cc-1738-4269-9a35-58ffa0c7dd73,,10,FAULT,0x04C0,I2C_TIMEOUT|SENSOR_RANGE|SELFTEST,0,1,1,0,0,0,0.0,0.0,0.0,23.103,21.418,2772.36,2570.16,-25.0,-12.5,0.0,0.0,0.0,0.0,0.0,0.0,,0.0,0,0,0,0,0,8.0,0.0,31796.14,20504.48,52300.62,0.0,0.0
2026-06-05T00:49:16.115+00:00,47016,996060cc-1738-4269-9a35-58ffa0c7dd73,,10,FAULT,0x04C0,I2C_TIMEOUT|SENSOR_RANGE|SELFTEST,0,1,1,0,0,0,0.0,0.0,0.0,22.385,20.74,2686.2,2488.8,-25.0,-12.5,0.0,0.0,0.0,0.0,0.0,0.0,,0.0,0,0,0,0,0,8.0,0.0,32142.66,20825.54,52968.2,0.0,0.0
2026-06-05T00:49:16.203+00:00,47147,996060cc-1738-4269-9a35-58ffa0c7dd73,,10,FAULT,0x04C0,I2C_TIMEOUT|SENSOR_RANGE|SELFTEST,0,1,1,0,0,0,0.0,0.0,0.0,21.509,19.874,2581.08,2384.88,-25.0,-12.5,0.0,0.0,0.0,0.0,0.0,0.0,,0.0,0,0,0,0,0,8.0,0.0,32480.78,21137.96,53618.74,0.0,0.0
2026-06-05T00:49:16.331+00:00,47276,996060cc-1738-4269-9a35-58ffa0c7dd73,,10,FAULT,0x04C0,I2C_TIMEOUT|SENSOR_RANGE|SELFTEST,0,1,1,0,0,0,0.0,0.0,0.0,20.261,18.716,2431.32,2245.92,-25.0,-12.5,0.0,0.0,0.0,0.0,0.0,0.0,,0.0,0,0,0,0,0,8.0,0.0,32794.42,21427.68,54222.1,0.0,0.0
2026-06-05T00:49:16.462+00:00,47405,996060cc-1738-4269-9a35-58ffa0c7dd73,,10,FAULT,0x04C0,I2C_TIMEOUT|SENSOR_RANGE|SELFTEST,0,1,1,0,0,0,0.0,0.0,0.0,18.805,17.393,2256.6,2087.16,-25.0,-12.5,0.0,0.0,0.0,0.0,0.0,0.0,,0.0,0,0,0,0,0,8.0,0.0,33085.53,21696.92,54782.45,0.0,0.0
2026-06-05T00:49:16.639+00:00,47534,996060cc-1738-4269-9a35-58ffa0c7dd73,,10,FAULT,0x04C0,I2C_TIMEOUT|SENSOR_RANGE|SELFTEST,0,1,1,0,0,0,0.0,0.0,0.0,17.31,15.978,2077.2,1917.36,-25.0,-12.5,0.0,0.0,0.0,0.0,0.0,0.0,,0.0,0,0,0,0,0,8.0,0.0,33353.48,21944.26,55297.75,0.0,0.0
2026-06-05T00:49:16.727+00:00,47664,996060cc-1738-4269-9a35-58ffa0c7dd73,,10,FAULT,0x04C0,I2C_TIMEOUT|SENSOR_RANGE|SELFTEST,0,1,1,0,0,0,0.0,0.0,0.0,15.531,14.236,1863.72,1708.32,-25.0,-12.5,0.0,0.0,0.0,0.0,0.0,0.0,,0.0,0,0,0,0,0,8.0,0.0,33595.77,22166.34,55762.11,0.0,0.0
2026-06-05T00:49:16.851+00:00,47793,996060cc-1738-4269-9a35-58ffa0c7dd73,,10,FAULT,0x04C0,I2C_TIMEOUT|SENSOR_RANGE|SELFTEST,0,1,1,0,0,0,0.0,0.0,0.0,12.978,11.813,1557.36,1417.56,-25.0,-12.5,0.0,0.0,0.0,0.0,0.0,0.0,,0.0,0,0,0,0,0,8.0,0.0,33796.67,22349.21,56145.88,0.0,0.0
2026-06-05T00:49:16.978+00:00,47922,996060cc-1738-4269-9a35-58ffa0c7dd73,,10,FAULT,0x04C0,I2C_TIMEOUT|SENSOR_RANGE|SELFTEST,0,1,1,0,0,0,0.0,0.0,0.0,9.475,8.502,1137.0,1020.24,-25.0,-12.5,0.0,0.0,0.0,0.0,0.0,0.0,,0.0,0,0,0,0,0,8.0,0.0,33943.34,22480.82,56424.16,0.0,0.0
2026-06-05T00:49:17.109+00:00,48051,996060cc-1738-4269-9a35-58ffa0c7dd73,,10,FAULT,0x04C0,I2C_TIMEOUT|SENSOR_RANGE|SELFTEST,0,1,1,0,0,0,0.0,0.0,0.0,5.322,3.718,638.64,446.16,-25.0,-12.5,0.0,0.0,0.0,0.0,0.0,0.0,,0.0,0,0,0,0,0,8.0,0.0,34025.72,22538.38,56564.1,0.0,0.0
2026-06-05T00:49:17.237+00:00,48180,996060cc-1738-4269-9a35-58ffa0c7dd73,,10,FAULT,0x04C0,I2C_TIMEOUT|SENSOR_RANGE|SELFTEST,0,1,1,0,0,0,0.0,0.0,0.0,5.174,2.962,620.88,355.44,-25.0,-12.5,0.0,0.0,0.0,0.0,0.0,0.0,,0.0,0,0,0,0,0,8.0,0.0,34105.82,22584.23,56690.05,0.0,0.0
2026-06-05T00:49:17.419+00:00,48309,996060cc-1738-4269-9a35-58ffa0c7dd73,,10,FAULT,0x04C0,I2C_TIMEOUT|SENSOR_RANGE|SELFTEST,0,1,1,0,0,0,0.0,0.0,0.0,5.179,2.925,621.48,351.0,-25.0,-12.5,0.0,0.0,0.0,0.0,0.0,0.0,,0.0,0,0,0,0,0,8.0,0.0,34185.99,22629.51,56815.5,0.0,0.0
2026-06-05T00:49:17.511+00:00,48439,996060cc-1738-4269-9a35-58ffa0c7dd73,,10,FAULT,0x04C0,I2C_TIMEOUT|SENSOR_RANGE|SELFTEST,0,1,1,0,0,0,0.0,0.0,0.0,5.232,2.921,627.84,350.52,-25.0,-12.5,0.0,0.0,0.0,0.0,0.0,0.0,,0.0,0,0,0,0,0,8.0,0.0,34267.61,22675.07,56942.68,0.0,0.0
2026-06-05T00:49:17.625+00:00,48568,996060cc-1738-4269-9a35-58ffa0c7dd73,,10,FAULT,0x04C0,I2C_TIMEOUT|SENSOR_RANGE|SELFTEST,0,1,1,0,0,0,0.0,0.0,0.0,5.147,2.858,617.64,342.96,-25.0,-12.5,0.0,0.0,0.0,0.0,0.0,0.0,,0.0,0,0,0,0,0,8.0,0.0,34347.28,22719.32,57066.6,0.0,0.0
2026-06-05T00:49:17.756+00:00,48697,996060cc-1738-4269-9a35-58ffa0c7dd73,,10,FAULT,0x04C0,I2C_TIMEOUT|SENSOR_RANGE|SELFTEST,0,1,1,0,0,0,0.0,0.0,0.0,5.144,2.83,617.28,339.6,-25.0,-12.5,0.0,0.0,0.0,0.0,0.0,0.0,,0.0,0,0,0,0,0,8.0,0.0,34426.91,22763.12,57190.04,0.0,0.0
2026-06-05T00:49:17.883+00:00,48826,996060cc-1738-4269-9a35-58ffa0c7dd73,,10,FAULT,0x04C0,I2C_TIMEOUT|SENSOR_RANGE|SELFTEST,0,1,1,0,0,0,0.0,0.0,0.0,5.129,2.816,615.48,337.92,-25.0,-12.5,0.0,0.0,0.0,0.0,0.0,0.0,,0.0,0,0,0,0,0,8.0,0.0,34506.31,22806.72,57313.03,0.0,0.0
2026-06-05T00:49:18.054+00:00,48955,996060cc-1738-4269-9a35-58ffa0c7dd73,,10,FAULT,0x04C0,I2C_TIMEOUT|SENSOR_RANGE|SELFTEST,0,1,1,0,0,0,0.0,0.0,0.0,5.184,2.847,622.08,341.64,-25.0,-12.5,0.0,0.0,0.0,0.0,0.0,0.0,,0.0,0,0,0,0,0,8.0,0.0,34586.56,22850.79,57437.35,0.0,0.0
2026-06-05T00:49:18.152+00:00,49084,996060cc-1738-4269-9a35-58ffa0c7dd73,,10,FAULT,0x04C0,I2C_TIMEOUT|SENSOR_RANGE|SELFTEST,0,1,1,0,0,0,0.0,0.0,0.0,5.136,2.808,616.32,336.96,-25.0,-12.5,0.0,0.0,0.0,0.0,0.0,0.0,,0.0,0,0,0,0,0,8.0,0.0,34666.06,22894.25,57560.32,0.0,0.0
2026-06-05T00:49:18.272+00:00,49213,996060cc-1738-4269-9a35-58ffa0c7dd73,,10,FAULT,0x04C0,I2C_TIMEOUT|SENSOR_RANGE|SELFTEST,0,1,1,0,0,0,0.0,0.0,0.0,5.118,2.779,614.16,333.48,-25.0,-12.5,0.0,0.0,0.0,0.0,0.0,0.0,,0.0,0,0,0,0,0,8.0,0.0,34745.29,22937.27,57682.56,0.0,0.0
2026-06-05T00:49:18.403+00:00,49342,996060cc-1738-4269-9a35-58ffa0c7dd73,,10,FAULT,0x04C0,I2C_TIMEOUT|SENSOR_RANGE|SELFTEST,0,1,1,0,0,0,0.0,0.0,0.0,5.107,2.777,612.84,333.24,-25.0,-12.5,0.0,0.0,0.0,0.0,0.0,0.0,,0.0,0,0,0,0,0,8.0,0.0,34824.35,22980.26,57804.61,0.0,0.0
2026-06-05T00:49:18.530+00:00,49471,996060cc-1738-4269-9a35-58ffa0c7dd73,,10,FAULT,0x04C0,I2C_TIMEOUT|SENSOR_RANGE|SELFTEST,0,1,1,0,0,0,0.0,0.0,0.0,5.127,2.796,615.24,335.52,-25.0,-12.5,0.0,0.0,0.0,0.0,0.0,0.0,,0.0,0,0,0,0,0,8.0,0.0,34903.71,23023.54,57927.26,0.0,0.0
2026-06-05T00:49:18.661+00:00,49600,996060cc-1738-4269-9a35-58ffa0c7dd73,,10,FAULT,0x04C0,I2C_TIMEOUT|SENSOR_RANGE|SELFTEST,0,1,1,0,0,0,0.0,0.0,0.0,5.126,2.792,615.12,335.04,-25.0,-12.5,0.0,0.0,0.0,0.0,0.0,0.0,,0.0,0,0,0,0,0,8.0,0.0,34983.06,23066.76,58049.83,0.0,0.0
2026-06-05T00:49:18.842+00:00,49729,996060cc-1738-4269-9a35-58ffa0c7dd73,,10,FAULT,0x04C0,I2C_TIMEOUT|SENSOR_RANGE|SELFTEST,0,1,1,0,0,0,0.0,0.0,0.0,5.084,2.765,610.08,331.8,-25.0,-12.5,0.0,0.0,0.0,0.0,0.0,0.0,,0.0,0,0,0,0,0,8.0,0.0,35061.76,23109.57,58171.33,0.0,0.0
2026-06-05T00:49:18.933+00:00,49859,996060cc-1738-4269-9a35-58ffa0c7dd73,,10,FAULT,0x04C0,I2C_TIMEOUT|SENSOR_RANGE|SELFTEST,0,1,1,0,0,0,0.0,0.0,0.0,5.099,2.753,611.88,330.36,-25.0,-12.5,0.0,0.0,0.0,0.0,0.0,0.0,,0.0,0,0,0,0,0,8.0,0.0,35141.31,23152.51,58293.82,0.0,0.0
2026-06-05T00:49:19.050+00:00,49988,996060cc-1738-4269-9a35-58ffa0c7dd73,,10,FAULT,0x04C0,I2C_TIMEOUT|SENSOR_RANGE|SELFTEST,0,1,1,0,0,0,0.0,0.0,0.0,5.065,2.749,607.8,329.88,-25.0,-12.5,0.0,0.0,0.0,0.0,0.0,0.0,,0.0,0,0,0,0,0,8.0,0.0,35219.71,23195.07,58414.78,0.0,0.0
2026-06-05T00:49:19.178+00:00,50117,996060cc-1738-4269-9a35-58ffa0c7dd73,,10,FAULT,0x04C0,I2C_TIMEOUT|SENSOR_RANGE|SELFTEST,0,1,1,0,0,0,0.0,0.0,0.0,5.108,2.766,612.96,331.92,-25.0,-12.5,0.0,0.0,0.0,0.0,0.0,0.0,,0.0,0,0,0,0,0,8.0,0.0,35298.79,23237.89,58536.67,0.0,0.0
2026-06-05T00:49:19.308+00:00,50246,996060cc-1738-4269-9a35-58ffa0c7dd73,,10,FAULT,0x04C0,I2C_TIMEOUT|SENSOR_RANGE|SELFTEST,0,1,1,0,0,0,0.0,0.0,0.0,5.052,2.723,606.24,326.76,-25.0,-12.5,0.0,0.0,0.0,0.0,0.0,0.0,,0.0,0,0,0,0,0,8.0,0.0,35376.99,23280.04,58657.03,0.0,0.0
2026-06-05T00:49:19.459+00:00,50375,996060cc-1738-4269-9a35-58ffa0c7dd73,,10,FAULT,0x04C0,I2C_TIMEOUT|SENSOR_RANGE|SELFTEST,0,1,1,0,0,0,0.0,0.0,0.0,5.031,2.666,603.72,319.92,-25.0,-12.5,0.0,0.0,0.0,0.0,0.0,0.0,,0.0,0,0,0,0,0,8.0,0.0,35454.87,23321.31,58776.18,0.0,0.0
2026-06-05T00:49:19.640+00:00,50504,996060cc-1738-4269-9a35-58ffa0c7dd73,,10,FAULT,0x04C0,I2C_TIMEOUT|SENSOR_RANGE|SELFTEST,0,1,1,0,0,0,0.0,0.0,0.0,5.003,2.649,600.36,317.88,-25.0,-12.5,0.0,0.0,0.0,0.0,0.0,0.0,,0.0,0,0,0,0,0,8.0,0.0,35532.32,23362.31,58894.63,0.0,0.0
2026-06-05T00:49:19.697+00:00,50633,996060cc-1738-4269-9a35-58ffa0c7dd73,,10,FAULT,0x04C0,I2C_TIMEOUT|SENSOR_RANGE|SELFTEST,0,1,1,0,0,0,0.0,0.0,0.0,5.031,2.653,603.72,318.36,-25.0,-12.5,0.0,0.0,0.0,0.0,0.0,0.0,,0.0,0,0,0,0,0,8.0,0.0,35610.2,23403.38,59013.58,0.0,0.0
2026-06-05T00:49:19.825+00:00,50762,996060cc-1738-4269-9a35-58ffa0c7dd73,,10,FAULT,0x04C0,I2C_TIMEOUT|SENSOR_RANGE|SELFTEST,0,1,1,0,0,0,0.0,0.0,0.0,4.994,2.613,599.28,313.56,-25.0,-12.5,0.0,0.0,0.0,0.0,0.0,0.0,,0.0,0,0,0,0,0,8.0,0.0,35687.5,23443.83,59131.34,0.0,0.0
2026-06-05T00:49:19.955+00:00,50891,996060cc-1738-4269-9a35-58ffa0c7dd73,,10,FAULT,0x04C0,I2C_TIMEOUT|SENSOR_RANGE|SELFTEST,0,1,1,0,0,0,0.0,0.0,0.0,4.971,2.572,596.52,308.64,-25.0,-12.5,0.0,0.0,0.0,0.0,0.0,0.0,,0.0,0,0,0,0,0,8.0,0.0,35764.46,23483.65,59248.1,0.0,0.0
2026-06-05T00:49:20.085+00:00,51020,996060cc-1738-4269-9a35-58ffa0c7dd73,,10,FAULT,0x04C0,I2C_TIMEOUT|SENSOR_RANGE|SELFTEST,0,1,1,0,0,0,0.0,0.0,0.0,4.987,2.58,598.44,309.6,-25.0,-12.5,0.0,0.0,0.0,0.0,0.0,0.0,,0.0,0,0,0,0,0,8.0,0.0,35841.65,23523.58,59365.24,0.0,0.0
2026-06-05T00:49:20.257+00:00,51149,996060cc-1738-4269-9a35-58ffa0c7dd73,,10,FAULT,0x04C0,I2C_TIMEOUT|SENSOR_RANGE|SELFTEST,0,1,1,0,0,0,0.0,0.0,0.0,4.955,2.57,594.6,308.4,-25.0,-12.5,0.0,0.0,0.0,0.0,0.0,0.0,,0.0,0,0,0,0,0,8.0,0.0,35918.36,23563.37,59481.73,0.0,0.0
2026-06-05T00:49:20.362+00:00,51279,996060cc-1738-4269-9a35-58ffa0c7dd73,,10,FAULT,0x04C0,I2C_TIMEOUT|SENSOR_RANGE|SELFTEST,0,1,1,0,0,0,0.0,0.0,0.0,5.007,2.595,600.84,311.4,-25.0,-12.5,0.0,0.0,0.0,0.0,0.0,0.0,,0.0,0,0,0,0,0,8.0,0.0,35996.47,23603.85,59600.32,0.0,0.0
2026-06-05T00:49:20.472+00:00,51408,996060cc-1738-4269-9a35-58ffa0c7dd73,,10,FAULT,0x04C0,I2C_TIMEOUT|SENSOR_RANGE|SELFTEST,0,1,1,0,0,0,0.0,0.0,0.0,4.948,2.566,593.76,307.92,-25.0,-12.5,0.0,0.0,0.0,0.0,0.0,0.0,,0.0,0,0,0,0,0,8.0,0.0,36073.06,23643.57,59716.63,0.0,0.0
2026-06-05T00:49:20.602+00:00,51537,996060cc-1738-4269-9a35-58ffa0c7dd73,,10,FAULT,0x04C0,I2C_TIMEOUT|SENSOR_RANGE|SELFTEST,0,1,1,0,0,0,0.0,0.0,0.0,4.981,2.563,597.72,307.56,-25.0,-12.5,0.0,0.0,0.0,0.0,0.0,0.0,,0.0,0,0,0,0,0,8.0,0.0,36150.17,23683.25,59833.41,0.0,0.0
2026-06-05T00:49:20.730+00:00,51666,996060cc-1738-4269-9a35-58ffa0c7dd73,,10,FAULT,0x04C0,I2C_TIMEOUT|SENSOR_RANGE|SELFTEST,0,1,1,0,0,0,0.0,0.0,0.0,4.956,2.559,594.72,307.08,-25.0,-12.5,0.0,0.0,0.0,0.0,0.0,0.0,,0.0,0,0,0,0,0,8.0,0.0,36226.89,23722.86,59949.75,0.0,0.0
2026-06-05T00:49:20.877+00:00,51795,996060cc-1738-4269-9a35-58ffa0c7dd73,,10,FAULT,0x04C0,I2C_TIMEOUT|SENSOR_RANGE|SELFTEST,0,1,1,0,0,0,0.0,0.0,0.0,4.987,2.575,598.44,309.0,-25.0,-12.5,0.0,0.0,0.0,0.0,0.0,0.0,,0.0,0,0,0,0,0,8.0,0.0,36304.09,23762.72,60066.81,0.0,0.0
2026-06-05T00:49:21.059+00:00,51924,996060cc-1738-4269-9a35-58ffa0c7dd73,,10,FAULT,0x04C0,I2C_TIMEOUT|SENSOR_RANGE|SELFTEST,0,1,1,0,0,0,0.0,0.0,0.0,4.974,2.573,596.88,308.76,-25.0,-12.5,0.0,0.0,0.0,0.0,0.0,0.0,,0.0,0,0,0,0,0,8.0,0.0,36381.08,23802.55,60183.63,0.0,0.0
2026-06-05T00:49:21.119+00:00,52054,996060cc-1738-4269-9a35-58ffa0c7dd73,,10,FAULT,0x04C0,I2C_TIMEOUT|SENSOR_RANGE|SELFTEST,0,1,1,0,0,0,0.0,0.0,0.0,4.963,2.561,595.56,307.32,-25.0,-12.5,0.0,0.0,0.0,0.0,0.0,0.0,,0.0,0,0,0,0,0,8.0,0.0,36458.51,23842.5,60301.01,0.0,0.0
2026-06-05T00:49:21.249+00:00,52183,996060cc-1738-4269-9a35-58ffa0c7dd73,,10,FAULT,0x04C0,I2C_TIMEOUT|SENSOR_RANGE|SELFTEST,0,1,1,0,0,0,0.0,0.0,0.0,4.974,2.567,596.88,308.04,-25.0,-12.5,0.0,0.0,0.0,0.0,0.0,0.0,,0.0,0,0,0,0,0,8.0,0.0,36535.5,23882.24,60417.74,0.0,0.0
2026-06-05T00:49:21.377+00:00,52312,996060cc-1738-4269-9a35-58ffa0c7dd73,,10,FAULT,0x04C0,I2C_TIMEOUT|SENSOR_RANGE|SELFTEST,0,1,1,0,0,0,0.0,0.0,0.0,4.952,2.551,594.24,306.12,-25.0,-12.5,0.0,0.0,0.0,0.0,0.0,0.0,,0.0,0,0,0,0,0,8.0,0.0,36612.16,23921.73,60533.89,0.0,0.0
2026-06-05T00:49:21.509+00:00,52441,996060cc-1738-4269-9a35-58ffa0c7dd73,,10,FAULT,0x04C0,I2C_TIMEOUT|SENSOR_RANGE|SELFTEST,0,1,1,0,0,0,0.0,0.0,0.0,4.981,2.565,597.72,307.8,-25.0,-12.5,0.0,0.0,0.0,0.0,0.0,0.0,,0.0,0,0,0,0,0,8.0,0.0,36689.27,23961.44,60650.7,0.0,0.0
2026-06-05T00:49:21.687+00:00,52570,996060cc-1738-4269-9a35-58ffa0c7dd73,,10,FAULT,0x04C0,I2C_TIMEOUT|SENSOR_RANGE|SELFTEST,0,1,1,0,0,0,0.0,0.0,0.0,4.938,2.538,592.56,304.56,-25.0,-12.5,0.0,0.0,0.0,0.0,0.0,0.0,,0.0,0,0,0,0,0,8.0,0.0,36765.71,24000.72,60766.43,0.0,0.0
2026-06-05T00:49:21.782+00:00,52699,996060cc-1738-4269-9a35-58ffa0c7dd73,,10,FAULT,0x04C0,I2C_TIMEOUT|SENSOR_RANGE|SELFTEST,0,1,1,0,0,0,0.0,0.0,0.0,4.985,2.563,598.2,307.56,-25.0,-12.5,0.0,0.0,0.0,0.0,0.0,0.0,,0.0,0,0,0,0,0,8.0,0.0,36842.87,24040.4,60883.27,0.0,0.0
2026-06-05T00:49:21.896+00:00,52829,996060cc-1738-4269-9a35-58ffa0c7dd73,,10,FAULT,0x04C0,I2C_TIMEOUT|SENSOR_RANGE|SELFTEST,0,1,1,0,0,0,0.0,0.0,0.0,4.927,2.529,591.24,303.48,-25.0,-12.5,0.0,0.0,0.0,0.0,0.0,0.0,,0.0,0,0,0,0,0,8.0,0.0,36919.74,24079.85,60999.59,0.0,0.0
2026-06-05T00:49:22.024+00:00,52958,996060cc-1738-4269-9a35-58ffa0c7dd73,,10,FAULT,0x04C0,I2C_TIMEOUT|SENSOR_RANGE|SELFTEST,0,1,1,0,0,0,0.0,0.0,0.0,4.978,2.55,597.36,306.0,-25.0,-12.5,0.0,0.0,0.0,0.0,0.0,0.0,,0.0,0,0,0,0,0,8.0,0.0,36996.79,24119.33,61116.12,0.0,0.0
2026-06-05T00:49:22.155+00:00,53087,996060cc-1738-4269-9a35-58ffa0c7dd73,,10,FAULT,0x04C0,I2C_TIMEOUT|SENSOR_RANGE|SELFTEST,0,1,1,0,0,0,0.0,0.0,0.0,4.921,2.52,590.52,302.4,-25.0,-12.5,0.0,0.0,0.0,0.0,0.0,0.0,,0.0,0,0,0,0,0,8.0,0.0,37072.97,24158.33,61231.31,0.0,0.0
2026-06-05T00:49:22.311+00:00,53216,996060cc-1738-4269-9a35-58ffa0c7dd73,,10,FAULT,0x04C0,I2C_TIMEOUT|SENSOR_RANGE|SELFTEST,0,1,1,0,0,0,0.0,0.0,0.0,4.965,2.544,595.8,305.28,-25.0,-12.5,0.0,0.0,0.0,0.0,0.0,0.0,,0.0,0,0,0,0,0,8.0,0.0,37149.83,24197.72,61347.55,0.0,0.0
2026-06-05T00:49:22.484+00:00,53345,996060cc-1738-4269-9a35-58ffa0c7dd73,,10,FAULT,0x04C0,I2C_TIMEOUT|SENSOR_RANGE|SELFTEST,0,1,1,0,0,0,0.0,0.0,0.0,4.915,2.52,589.8,302.4,-25.0,-12.5,0.0,0.0,0.0,0.0,0.0,0.0,,0.0,0,0,0,0,0,8.0,0.0,37225.91,24236.73,61462.64,0.0,0.0
2026-06-05T00:49:22.540+00:00,53474,996060cc-1738-4269-9a35-58ffa0c7dd73,,10,FAULT,0x04C0,I2C_TIMEOUT|SENSOR_RANGE|SELFTEST,0,1,1,0,0,0,0.0,0.0,0.0,4.96,2.536,595.2,304.32,-25.0,-12.5,0.0,0.0,0.0,0.0,0.0,0.0,,0.0,0,0,0,0,0,8.0,0.0,37302.69,24275.98,61578.68,0.0,0.0
2026-06-05T00:49:22.671+00:00,53603,996060cc-1738-4269-9a35-58ffa0c7dd73,,10,FAULT,0x04C0,I2C_TIMEOUT|SENSOR_RANGE|SELFTEST,0,1,1,0,0,0,0.0,0.0,0.0,4.925,2.517,591.0,302.04,-25.0,-12.5,0.0,0.0,0.0,0.0,0.0,0.0,,0.0,0,0,0,0,0,8.0,0.0,37378.93,24314.95,61693.88,0.0,0.0
2026-06-05T00:49:22.802+00:00,53732,996060cc-1738-4269-9a35-58ffa0c7dd73,,10,FAULT,0x04C0,I2C_TIMEOUT|SENSOR_RANGE|SELFTEST,0,1,1,0,0,0,0.0,0.0,0.0,4.967,2.54,596.04,304.8,-25.0,-12.5,0.0,0.0,0.0,0.0,0.0,0.0,,0.0,0,0,0,0,0,8.0,0.0,37455.82,24354.27,61810.09,0.0,0.0
2026-06-05T00:49:23.000+00:00,53861,996060cc-1738-4269-9a35-58ffa0c7dd73,,10,FAULT,0x04C0,I2C_TIMEOUT|SENSOR_RANGE|SELFTEST,0,1,1,0,0,0,0.0,0.0,0.0,4.94,2.531,592.8,303.72,-25.0,-12.5,0.0,0.0,0.0,0.0,0.0,0.0,,0.0,0,0,0,0,0,8.0,0.0,37532.29,24393.45,61925.74,0.0,0.0
2026-06-05T00:49:23.129+00:00,53990,996060cc-1738-4269-9a35-58ffa0c7dd73,,10,FAULT,0x04C0,I2C_TIMEOUT|SENSOR_RANGE|SELFTEST,0,1,1,0,0,0,0.0,0.0,0.0,4.971,2.543,596.52,305.16,-25.0,-12.5,0.0,0.0,0.0,0.0,0.0,0.0,,0.0,0,0,0,0,0,8.0,0.0,37609.25,24432.81,62042.06,0.0,0.0
2026-06-05T00:49:23.247+00:00,54119,996060cc-1738-4269-9a35-58ffa0c7dd73,,10,FAULT,0x04C0,I2C_TIMEOUT|SENSOR_RANGE|SELFTEST,0,1,1,0,0,0,0.0,0.0,0.0,4.951,2.539,594.12,304.68,-25.0,-12.5,0.0,0.0,0.0,0.0,0.0,0.0,,0.0,0,0,0,0,0,8.0,0.0,37685.89,24472.11,62158.0,0.0,0.0
2026-06-05T00:49:23.318+00:00,54249,996060cc-1738-4269-9a35-58ffa0c7dd73,,10,FAULT,0x04C0,I2C_TIMEOUT|SENSOR_RANGE|SELFTEST,0,1,1,0,0,0,0.0,0.0,0.0,4.96,2.541,595.2,304.92,-25.0,-12.5,0.0,0.0,0.0,0.0,0.0,0.0,,0.0,0,0,0,0,0,8.0,0.0,37763.26,24511.75,62275.02,0.0,0.0
2026-06-05T00:49:23.446+00:00,54378,996060cc-1738-4269-9a35-58ffa0c7dd73,,10,FAULT,0x04C0,I2C_TIMEOUT|SENSOR_RANGE|SELFTEST,0,1,1,0,0,0,0.0,0.0,0.0,4.954,2.548,594.48,305.76,-25.0,-12.5,0.0,0.0,0.0,0.0,0.0,0.0,,0.0,0,0,0,0,0,8.0,0.0,37839.95,24551.2,62391.15,0.0,0.0
2026-06-05T00:49:23.576+00:00,54507,996060cc-1738-4269-9a35-58ffa0c7dd73,,10,FAULT,0x04C0,I2C_TIMEOUT|SENSOR_RANGE|SELFTEST,0,1,1,0,0,0,0.0,0.0,0.0,4.952,2.54,594.24,304.8,-25.0,-12.5,0.0,0.0,0.0,0.0,0.0,0.0,,0.0,0,0,0,0,0,8.0,0.0,37916.61,24590.52,62507.12,0.0,0.0
2026-06-05T00:49:23.779+00:00,54636,996060cc-1738-4269-9a35-58ffa0c7dd73,,10,FAULT,0x04C0,I2C_TIMEOUT|SENSOR_RANGE|SELFTEST,0,1,1,0,0,0,0.0,0.0,0.0,4.959,2.547,595.08,305.64,-25.0,-12.5,0.0,0.0,0.0,0.0,0.0,0.0,,0.0,0,0,0,0,0,8.0,0.0,37993.37,24629.94,62623.32,0.0,0.0
2026-06-05T00:49:23.870+00:00,54765,996060cc-1738-4269-9a35-58ffa0c7dd73,,10,FAULT,0x04C0,I2C_TIMEOUT|SENSOR_RANGE|SELFTEST,0,1,1,0,0,0,0.0,0.0,0.0,4.943,2.538,593.16,304.56,-25.0,-12.5,0.0,0.0,0.0,0.0,0.0,0.0,,0.0,0,0,0,0,0,8.0,0.0,38069.89,24669.23,62739.12,0.0,0.0
2026-06-05T00:49:23.966+00:00,54894,996060cc-1738-4269-9a35-58ffa0c7dd73,,10,FAULT,0x04C0,I2C_TIMEOUT|SENSOR_RANGE|SELFTEST,0,1,1,0,0,0,0.0,0.0,0.0,4.967,2.555,596.04,306.6,-25.0,-12.5,0.0,0.0,0.0,0.0,0.0,0.0,,0.0,0,0,0,0,0,8.0,0.0,38146.78,24708.78,62855.56,0.0,0.0
2026-06-05T00:49:24.093+00:00,55023,996060cc-1738-4269-9a35-58ffa0c7dd73,,10,FAULT,0x04C0,I2C_TIMEOUT|SENSOR_RANGE|SELFTEST,0,1,1,0,0,0,0.0,0.0,0.0,4.935,2.529,592.2,303.48,-25.0,-12.5,0.0,0.0,0.0,0.0,0.0,0.0,,0.0,0,0,0,0,0,8.0,0.0,38223.17,24747.93,62971.11,0.0,0.0
2026-06-05T00:49:24.223+00:00,55152,996060cc-1738-4269-9a35-58ffa0c7dd73,,10,FAULT,0x04C0,I2C_TIMEOUT|SENSOR_RANGE|SELFTEST,0,1,1,0,0,0,0.0,0.0,0.0,4.972,2.551,596.64,306.12,-25.0,-12.5,0.0,0.0,0.0,0.0,0.0,0.0,,0.0,0,0,0,0,0,8.0,0.0,38300.14,24787.42,63087.56,0.0,0.0
2026-06-05T00:49:24.354+00:00,55281,996060cc-1738-4269-9a35-58ffa0c7dd73,,10,FAULT,0x04C0,I2C_TIMEOUT|SENSOR_RANGE|SELFTEST,0,1,1,0,0,0,0.0,0.0,0.0,4.924,2.522,590.88,302.64,-25.0,-12.5,0.0,0.0,0.0,0.0,0.0,0.0,,0.0,0,0,0,0,0,8.0,0.0,38376.36,24826.46,63202.83,0.0,0.0
2026-06-05T00:49:24.485+00:00,55410,996060cc-1738-4269-9a35-58ffa0c7dd73,,10,FAULT,0x04C0,I2C_TIMEOUT|SENSOR_RANGE|SELFTEST,0,1,1,0,0,0,0.0,0.0,0.0,4.972,2.551,596.64,306.12,-25.0,-12.5,0.0,0.0,0.0,0.0,0.0,0.0,,0.0,0,0,0,0,0,8.0,0.0,38453.33,24865.95,63319.28,0.0,0.0
2026-06-05T00:49:24.668+00:00,55539,996060cc-1738-4269-9a35-58ffa0c7dd73,,10,FAULT,0x04C0,I2C_TIMEOUT|SENSOR_RANGE|SELFTEST,0,1,1,0,0,0,0.0,0.0,0.0,4.92,2.521,590.4,302.52,-25.0,-12.5,0.0,0.0,0.0,0.0,0.0,0.0,,0.0,0,0,0,0,0,8.0,0.0,38529.49,24904.98,63434.47,0.0,0.0
2026-06-05T00:49:24.740+00:00,55669,996060cc-1738-4269-9a35-58ffa0c7dd73,,10,FAULT,0x04C0,I2C_TIMEOUT|SENSOR_RANGE|SELFTEST,0,1,1,0,0,0,0.0,0.0,0.0,4.968,2.543,596.16,305.16,-25.0,-12.5,0.0,0.0,0.0,0.0,0.0,0.0,,0.0,0,0,0,0,0,8.0,0.0,38606.99,24944.65,63551.64,0.0,0.0
2026-06-05T00:49:24.870+00:00,55798,996060cc-1738-4269-9a35-58ffa0c7dd73,,10,FAULT,0x04C0,I2C_TIMEOUT|SENSOR_RANGE|SELFTEST,0,1,1,0,0,0,0.0,0.0,0.0,4.919,2.515,590.28,301.8,-25.0,-12.5,0.0,0.0,0.0,0.0,0.0,0.0,,0.0,0,0,0,0,0,8.0,0.0,38683.14,24983.58,63666.72,0.0,0.0
2026-06-05T00:49:25.001+00:00,55927,996060cc-1738-4269-9a35-58ffa0c7dd73,,10,FAULT,0x04C0,I2C_TIMEOUT|SENSOR_RANGE|SELFTEST,0,1,1,0,0,0,0.0,0.0,0.0,4.967,2.545,596.04,305.4,-25.0,-12.5,0.0,0.0,0.0,0.0,0.0,0.0,,0.0,0,0,0,0,0,8.0,0.0,38760.03,25022.98,63783.0,0.0,0.0
2026-06-05T00:49:25.197+00:00,56056,996060cc-1738-4269-9a35-58ffa0c7dd73,,10,FAULT,0x04C0,I2C_TIMEOUT|SENSOR_RANGE|SELFTEST,0,1,1,0,0,0,0.0,0.0,0.0,4.927,2.528,591.24,303.36,-25.0,-12.5,0.0,0.0,0.0,0.0,0.0,0.0,,0.0,0,0,0,0,0,8.0,0.0,38836.3,25062.11,63898.41,0.0,0.0
2026-06-05T00:49:25.293+00:00,56185,996060cc-1738-4269-9a35-58ffa0c7dd73,,10,FAULT,0x04C0,I2C_TIMEOUT|SENSOR_RANGE|SELFTEST,0,1,1,0,0,0,0.0,0.0,0.0,4.975,2.546,597.0,305.52,-25.0,-12.5,0.0,0.0,0.0,0.0,0.0,0.0,,0.0,0,0,0,0,0,8.0,0.0,38913.31,25101.52,64014.83,0.0,0.0
2026-06-05T00:49:25.387+00:00,56314,996060cc-1738-4269-9a35-58ffa0c7dd73,,10,FAULT,0x04C0,I2C_TIMEOUT|SENSOR_RANGE|SELFTEST,0,1,1,0,0,0,0.0,0.0,0.0,4.945,2.533,593.4,303.96,-25.0,-12.5,0.0,0.0,0.0,0.0,0.0,0.0,,0.0,0,0,0,0,0,8.0,0.0,38989.86,25140.73,64130.59,0.0,0.0
2026-06-05T00:49:25.518+00:00,56443,996060cc-1738-4269-9a35-58ffa0c7dd73,,10,FAULT,0x04C0,I2C_TIMEOUT|SENSOR_RANGE|SELFTEST,0,1,1,0,0,0,0.0,0.0,0.0,4.975,2.545,597.0,305.4,-25.0,-12.5,0.0,0.0,0.0,0.0,0.0,0.0,,0.0,0,0,0,0,0,8.0,0.0,39066.87,25180.13,64247.0,0.0,0.0
2026-06-05T00:49:25.645+00:00,56572,996060cc-1738-4269-9a35-58ffa0c7dd73,,10,FAULT,0x04C0,I2C_TIMEOUT|SENSOR_RANGE|SELFTEST,0,1,1,0,0,0,0.0,0.0,0.0,4.956,2.542,594.72,305.04,-25.0,-12.5,0.0,0.0,0.0,0.0,0.0,0.0,,0.0,0,0,0,0,0,8.0,0.0,39143.59,25219.48,64363.07,0.0,0.0
2026-06-05T00:49:25.776+00:00,56701,996060cc-1738-4269-9a35-58ffa0c7dd73,,10,FAULT,0x04C0,I2C_TIMEOUT|SENSOR_RANGE|SELFTEST,0,1,1,0,0,0,0.0,0.0,0.0,4.968,2.541,596.16,304.92,-25.0,-12.5,0.0,0.0,0.0,0.0,0.0,0.0,,0.0,0,0,0,0,0,8.0,0.0,39220.5,25258.81,64479.31,0.0,0.0
2026-06-05T00:49:25.910+00:00,56830,996060cc-1738-4269-9a35-58ffa0c7dd73,,10,FAULT,0x04C0,I2C_TIMEOUT|SENSOR_RANGE|SELFTEST,0,1,1,0,0,0,0.0,0.0,0.0,4.959,2.542,595.08,305.04,-25.0,-12.5,0.0,0.0,0.0,0.0,0.0,0.0,,0.0,0,0,0,0,0,8.0,0.0,39297.26,25298.16,64595.43,0.0,0.0
2026-06-05T00:49:26.092+00:00,56960,996060cc-1738-4269-9a35-58ffa0c7dd73,,10,FAULT,0x04C0,I2C_TIMEOUT|SENSOR_RANGE|SELFTEST,0,1,1,0,0,0,0.0,0.0,0.0,4.953,2.539,594.36,304.68,-25.0,-12.5,0.0,0.0,0.0,0.0,0.0,0.0,,0.0,0,0,0,0,0,8.0,0.0,39374.53,25337.77,64712.3,0.0,0.0
2026-06-05T00:49:26.165+00:00,57090,996060cc-1738-4269-9a35-58ffa0c7dd73,,10,FAULT,0x04C0,I2C_TIMEOUT|SENSOR_RANGE|SELFTEST,0,1,1,0,0,0,0.0,0.0,0.0,4.962,2.552,595.44,306.24,-25.0,-12.5,0.0,0.0,0.0,0.0,0.0,0.0,,0.0,0,0,0,0,0,8.0,0.0,39451.94,25377.58,64829.52,0.0,0.0
2026-06-05T00:49:26.292+00:00,57219,996060cc-1738-4269-9a35-58ffa0c7dd73,,10,FAULT,0x04C0,I2C_TIMEOUT|SENSOR_RANGE|SELFTEST,0,1,1,0,0,0,0.0,0.0,0.0,4.948,2.541,593.76,304.92,-25.0,-12.5,0.0,0.0,0.0,0.0,0.0,0.0,,0.0,0,0,0,0,0,8.0,0.0,39528.53,25416.92,64945.45,0.0,0.0
2026-06-05T00:49:26.423+00:00,57348,996060cc-1738-4269-9a35-58ffa0c7dd73,,10,FAULT,0x04C0,I2C_TIMEOUT|SENSOR_RANGE|SELFTEST,0,1,1,0,0,0,0.0,0.0,0.0,4.969,2.556,596.28,306.72,-25.0,-12.5,0.0,0.0,0.0,0.0,0.0,0.0,,0.0,0,0,0,0,0,8.0,0.0,39605.45,25456.49,65061.94,0.0,0.0
2026-06-05T00:49:26.623+00:00,57477,996060cc-1738-4269-9a35-58ffa0c7dd73,,10,FAULT,0x04C0,I2C_TIMEOUT|SENSOR_RANGE|SELFTEST,0,1,1,0,0,0,0.0,0.0,0.0,4.937,2.54,592.44,304.8,-25.0,-12.5,0.0,0.0,0.0,0.0,0.0,0.0,,0.0,0,0,0,0,0,8.0,0.0,39681.88,25495.81,65177.68,0.0,0.0
2026-06-05T00:49:26.714+00:00,57606,996060cc-1738-4269-9a35-58ffa0c7dd73,,10,FAULT,0x04C0,I2C_TIMEOUT|SENSOR_RANGE|SELFTEST,0,1,1,0,0,0,0.0,0.0,0.0,4.98,2.564,597.6,307.68,-25.0,-12.5,0.0,0.0,0.0,0.0,0.0,0.0,,0.0,0,0,0,0,0,8.0,0.0,39758.97,25535.5,65294.46,0.0,0.0
2026-06-05T00:49:26.812+00:00,57735,996060cc-1738-4269-9a35-58ffa0c7dd73,,10,FAULT,0x04C0,I2C_TIMEOUT|SENSOR_RANGE|SELFTEST,0,1,1,0,0,0,0.0,0.0,0.0,4.936,2.539,592.32,304.68,-25.0,-12.5,0.0,0.0,0.0,0.0,0.0,0.0,,0.0,0,0,0,0,0,8.0,0.0,39835.37,25574.8,65410.17,0.0,0.0
2026-06-05T00:49:26.939+00:00,57864,996060cc-1738-4269-9a35-58ffa0c7dd73,,10,FAULT,0x04C0,I2C_TIMEOUT|SENSOR_RANGE|SELFTEST,0,1,1,0,0,0,0.0,0.0,0.0,4.984,2.563,598.08,307.56,-25.0,-12.5,0.0,0.0,0.0,0.0,0.0,0.0,,0.0,0,0,0,0,0,8.0,0.0,39912.53,25614.47,65527.0,0.0,0.0
2026-06-05T00:49:27.070+00:00,57993,996060cc-1738-4269-9a35-58ffa0c7dd73,,10,FAULT,0x04C0,I2C_TIMEOUT|SENSOR_RANGE|SELFTEST,0,1,1,0,0,0,0.0,0.0,0.0,4.928,2.533,591.36,303.96,-25.0,-12.5,0.0,0.0,0.0,0.0,0.0,0.0,,0.0,0,0,0,0,0,8.0,0.0,39988.81,25653.69,65642.5,0.0,0.0
2026-06-05T00:49:27.197+00:00,58122,996060cc-1738-4269-9a35-58ffa0c7dd73,,10,FAULT,0x04C0,I2C_TIMEOUT|SENSOR_RANGE|SELFTEST,0,1,1,0,0,0,0.0,0.0,0.0,4.977,2.556,597.24,306.72,-25.0,-12.5,0.0,0.0,0.0,0.0,0.0,0.0,,0.0,0,0,0,0,0,8.0,0.0,40065.86,25693.25,65759.11,0.0,0.0
2026-06-05T00:49:27.334+00:00,58251,996060cc-1738-4269-9a35-58ffa0c7dd73,,10,FAULT,0x04C0,I2C_TIMEOUT|SENSOR_RANGE|SELFTEST,0,1,1,0,0,0,0.0,0.0,0.0,4.932,2.538,591.84,304.56,-25.0,-12.5,0.0,0.0,0.0,0.0,0.0,0.0,,0.0,0,0,0,0,0,8.0,0.0,40142.2,25732.54,65874.74,0.0,0.0
2026-06-05T00:49:27.518+00:00,58380,996060cc-1738-4269-9a35-58ffa0c7dd73,,10,FAULT,0x04C0,I2C_TIMEOUT|SENSOR_RANGE|SELFTEST,0,1,1,0,0,0,0.0,0.0,0.0,4.983,2.559,597.96,307.08,-25.0,-12.5,0.0,0.0,0.0,0.0,0.0,0.0,,0.0,0,0,0,0,0,8.0,0.0,40219.34,25772.15,65991.49,0.0,0.0
2026-06-05T00:49:27.586+00:00,58510,996060cc-1738-4269-9a35-58ffa0c7dd73,,10,FAULT,0x04C0,I2C_TIMEOUT|SENSOR_RANGE|SELFTEST,0,1,1,0,0,0,0.0,0.0,0.0,4.947,2.541,593.64,304.92,-25.0,-12.5,0.0,0.0,0.0,0.0,0.0,0.0,,0.0,0,0,0,0,0,8.0,0.0,40296.51,25811.79,66108.31,0.0,0.0
2026-06-05T00:49:27.717+00:00,58639,996060cc-1738-4269-9a35-58ffa0c7dd73,,10,FAULT,0x04C0,I2C_TIMEOUT|SENSOR_RANGE|SELFTEST,0,1,1,0,0,0,0.0,0.0,0.0,4.984,2.555,598.08,306.6,-25.0,-12.5,0.0,0.0,0.0,0.0,0.0,0.0,,0.0,0,0,0,0,0,8.0,0.0,40373.67,25851.35,66225.01,0.0,0.0
2026-06-05T00:49:27.845+00:00,58768,996060cc-1738-4269-9a35-58ffa0c7dd73,,10,FAULT,0x04C0,I2C_TIMEOUT|SENSOR_RANGE|SELFTEST,0,1,1,0,0,0,0.0,0.0,0.0,4.956,2.551,594.72,306.12,-25.0,-12.5,0.0,0.0,0.0,0.0,0.0,0.0,,0.0,0,0,0,0,0,8.0,0.0,40450.39,25890.83,66341.22,0.0,0.0
2026-06-05T00:49:28.048+00:00,58897,996060cc-1738-4269-9a35-58ffa0c7dd73,,10,FAULT,0x04C0,I2C_TIMEOUT|SENSOR_RANGE|SELFTEST,0,1,1,0,0,0,0.0,0.0,0.0,4.981,2.555,597.72,306.6,-25.0,-12.5,0.0,0.0,0.0,0.0,0.0,0.0,,0.0,0,0,0,0,0,8.0,0.0,40527.49,25930.39,66457.88,0.0,0.0
2026-06-05T00:49:28.143+00:00,59026,996060cc-1738-4269-9a35-58ffa0c7dd73,,10,FAULT,0x04C0,I2C_TIMEOUT|SENSOR_RANGE|SELFTEST,0,1,1,0,0,0,0.0,0.0,0.0,4.963,2.552,595.56,306.24,-25.0,-12.5,0.0,0.0,0.0,0.0,0.0,0.0,,0.0,0,0,0,0,0,8.0,0.0,40604.32,25969.89,66574.21,0.0,0.0
2026-06-05T00:49:28.264+00:00,59155,996060cc-1738-4269-9a35-58ffa0c7dd73,,10,FAULT,0x04C0,I2C_TIMEOUT|SENSOR_RANGE|SELFTEST,0,1,1,0,0,0,0.0,0.0,0.0,4.967,2.548,596.04,305.76,-25.0,-12.5,0.0,0.0,0.0,0.0,0.0,0.0,,0.0,0,0,0,0,0,8.0,0.0,40681.21,26009.33,66690.54,0.0,0.0
2026-06-05T00:49:28.364+00:00,59284,996060cc-1738-4269-9a35-58ffa0c7dd73,,10,FAULT,0x04C0,I2C_TIMEOUT|SENSOR_RANGE|SELFTEST,0,1,1,0,0,0,0.0,0.0,0.0,4.968,2.557,596.16,306.84,-25.0,-12.5,0.0,0.0,0.0,0.0,0.0,0.0,,0.0,0,0,0,0,0,8.0,0.0,40758.11,26048.92,66807.03,0.0,0.0
2026-06-05T00:49:28.492+00:00,59413,996060cc-1738-4269-9a35-58ffa0c7dd73,,10,FAULT,0x04C0,I2C_TIMEOUT|SENSOR_RANGE|SELFTEST,0,1,1,0,0,0,0.0,0.0,0.0,4.956,2.541,594.72,304.92,-25.0,-12.5,0.0,0.0,0.0,0.0,0.0,0.0,,0.0,0,0,0,0,0,8.0,0.0,40834.83,26088.25,66923.08,0.0,0.0
2026-06-05T00:49:28.622+00:00,59542,996060cc-1738-4269-9a35-58ffa0c7dd73,,10,FAULT,0x04C0,I2C_TIMEOUT|SENSOR_RANGE|SELFTEST,0,1,1,0,0,0,0.0,0.0,0.0,4.967,2.551,596.04,306.12,-25.0,-12.5,0.0,0.0,0.0,0.0,0.0,0.0,,0.0,0,0,0,0,0,8.0,0.0,40911.72,26127.74,67039.46,0.0,0.0
2026-06-05T00:49:28.794+00:00,59671,996060cc-1738-4269-9a35-58ffa0c7dd73,,10,FAULT,0x04C0,I2C_TIMEOUT|SENSOR_RANGE|SELFTEST,0,1,1,0,0,0,0.0,0.0,0.0,4.946,2.538,593.52,304.56,-25.0,-12.5,0.0,0.0,0.0,0.0,0.0,0.0,,0.0,0,0,0,0,0,8.0,0.0,40988.28,26167.03,67155.31,0.0,0.0
2026-06-05T00:49:28.886+00:00,59800,996060cc-1738-4269-9a35-58ffa0c7dd73,,10,FAULT,0x04C0,I2C_TIMEOUT|SENSOR_RANGE|SELFTEST,0,1,1,0,0,0,0.0,0.0,0.0,4.976,2.56,597.12,307.2,-25.0,-12.5,0.0,0.0,0.0,0.0,0.0,0.0,,0.0,0,0,0,0,0,8.0,0.0,41065.31,26206.66,67271.97,0.0,0.0
2026-06-05T00:49:29.011+00:00,59930,996060cc-1738-4269-9a35-58ffa0c7dd73,,10,FAULT,0x04C0,I2C_TIMEOUT|SENSOR_RANGE|SELFTEST,0,1,1,0,0,0,0.0,0.0,0.0,4.941,2.54,592.92,304.8,-25.0,-12.5,0.0,0.0,0.0,0.0,0.0,0.0,,0.0,0,0,0,0,0,8.0,0.0,41142.39,26246.28,67388.67,0.0,0.0
2026-06-05T00:49:29.139+00:00,60059,996060cc-1738-4269-9a35-58ffa0c7dd73,,10,FAULT,0x04C0,I2C_TIMEOUT|SENSOR_RANGE|SELFTEST,0,1,1,0,0,0,0.0,0.0,0.0,4.979,2.562,597.48,307.44,-25.0,-12.5,0.0,0.0,0.0,0.0,0.0,0.0,,0.0,0,0,0,0,0,8.0,0.0,41219.47,26285.94,67505.41,0.0,0.0
2026-06-05T00:49:29.269+00:00,60188,996060cc-1738-4269-9a35-58ffa0c7dd73,,10,FAULT,0x04C0,I2C_TIMEOUT|SENSOR_RANGE|SELFTEST,0,1,1,0,0,0,0.0,0.0,0.0,4.933,2.54,591.96,304.8,-25.0,-12.5,0.0,0.0,0.0,0.0,0.0,0.0,,0.0,0,0,0,0,0,8.0,0.0,41295.83,26325.26,67621.09,0.0,0.0
2026-06-05T00:49:29.397+00:00,60317,996060cc-1738-4269-9a35-58ffa0c7dd73,,10,FAULT,0x04C0,I2C_TIMEOUT|SENSOR_RANGE|SELFTEST,0,1,1,0,0,0,0.0,0.0,0.0,4.974,2.564,596.88,307.68,-25.0,-12.5,0.0,0.0,0.0,0.0,0.0,0.0,,0.0,0,0,0,0,0,8.0,0.0,41372.83,26364.95,67737.78,0.0,0.0
2026-06-05T00:49:29.588+00:00,60446,996060cc-1738-4269-9a35-58ffa0c7dd73,,10,FAULT,0x04C0,I2C_TIMEOUT|SENSOR_RANGE|SELFTEST,0,1,1,0,0,0,0.0,0.0,0.0,4.921,2.539,590.52,304.68,-25.0,-12.5,0.0,0.0,0.0,0.0,0.0,0.0,,0.0,0,0,0,0,0,8.0,0.0,41449.0,26404.25,67853.26,0.0,0.0
2026-06-05T00:49:29.685+00:00,60575,996060cc-1738-4269-9a35-58ffa0c7dd73,,10,FAULT,0x04C0,I2C_TIMEOUT|SENSOR_RANGE|SELFTEST,0,1,1,0,0,0,0.0,0.0,0.0,4.969,2.56,596.28,307.2,-25.0,-12.5,0.0,0.0,0.0,0.0,0.0,0.0,,0.0,0,0,0,0,0,8.0,0.0,41525.92,26443.88,67969.81,0.0,0.0
2026-06-05T00:49:29.786+00:00,60704,996060cc-1738-4269-9a35-58ffa0c7dd73,,10,FAULT,0x04C0,I2C_TIMEOUT|SENSOR_RANGE|SELFTEST,0,1,1,0,0,0,0.0,0.0,0.0,4.919,2.537,590.28,304.44,-25.0,-12.5,0.0,0.0,0.0,0.0,0.0,0.0,,0.0,0,0,0,0,0,8.0,0.0,41602.07,26483.16,68085.23,0.0,0.0
2026-06-05T00:49:29.916+00:00,60833,996060cc-1738-4269-9a35-58ffa0c7dd73,,10,FAULT,0x04C0,I2C_TIMEOUT|SENSOR_RANGE|SELFTEST,0,1,1,0,0,0,0.0,0.0,0.0,4.968,2.566,596.16,307.92,-25.0,-12.5,0.0,0.0,0.0,0.0,0.0,0.0,,0.0,0,0,0,0,0,8.0,0.0,41678.98,26522.88,68201.85,0.0,0.0
2026-06-05T00:49:30.044+00:00,60962,996060cc-1738-4269-9a35-58ffa0c7dd73,,10,FAULT,0x04C0,I2C_TIMEOUT|SENSOR_RANGE|SELFTEST,0,1,1,0,0,0,0.0,0.0,0.0,4.933,2.559,591.96,307.08,-25.0,-12.5,0.0,0.0,0.0,0.0,0.0,0.0,,0.0,0,0,0,0,0,8.0,0.0,41755.34,26562.49,68317.83,0.0,0.0
2026-06-05T00:49:30.215+00:00,61091,996060cc-1738-4269-9a35-58ffa0c7dd73,,10,FAULT,0x04C0,I2C_TIMEOUT|SENSOR_RANGE|SELFTEST,0,1,1,0,0,0,0.0,0.0,0.0,4.972,2.569,596.64,308.28,-25.0,-12.5,0.0,0.0,0.0,0.0,0.0,0.0,,0.0,0,0,0,0,0,8.0,0.0,41832.31,26602.26,68434.56,0.0,0.0
2026-06-05T00:49:30.314+00:00,61220,996060cc-1738-4269-9a35-58ffa0c7dd73,,10,FAULT,0x04C0,I2C_TIMEOUT|SENSOR_RANGE|SELFTEST,0,1,1,0,0,0,0.0,0.0,0.0,4.946,2.559,593.52,307.08,-25.0,-12.5,0.0,0.0,0.0,0.0,0.0,0.0,,0.0,0,0,0,0,0,8.0,0.0,41908.87,26641.87,68550.74,0.0,0.0
2026-06-05T00:49:30.433+00:00,61350,996060cc-1738-4269-9a35-58ffa0c7dd73,,10,FAULT,0x04C0,I2C_TIMEOUT|SENSOR_RANGE|SELFTEST,0,1,1,0,0,0,0.0,0.0,0.0,4.966,2.562,595.92,307.44,-25.0,-12.5,0.0,0.0,0.0,0.0,0.0,0.0,,0.0,0,0,0,0,0,8.0,0.0,41986.34,26681.84,68668.18,0.0,0.0
2026-06-05T00:49:30.563+00:00,61479,996060cc-1738-4269-9a35-58ffa0c7dd73,,10,FAULT,0x04C0,I2C_TIMEOUT|SENSOR_RANGE|SELFTEST,0,1,1,0,0,0,0.0,0.0,0.0,4.954,2.563,594.48,307.56,-25.0,-12.5,0.0,0.0,0.0,0.0,0.0,0.0,,0.0,0,0,0,0,0,8.0,0.0,42063.03,26721.52,68784.54,0.0,0.0
2026-06-05T00:49:30.691+00:00,61608,996060cc-1738-4269-9a35-58ffa0c7dd73,,10,FAULT,0x04C0,I2C_TIMEOUT|SENSOR_RANGE|SELFTEST,0,1,1,0,0,0,0.0,0.0,0.0,4.959,2.558,595.08,306.96,-25.0,-12.5,0.0,0.0,0.0,0.0,0.0,0.0,,0.0,0,0,0,0,0,8.0,0.0,42139.79,26761.11,68900.91,0.0,0.0
2026-06-05T00:49:30.827+00:00,61737,996060cc-1738-4269-9a35-58ffa0c7dd73,,10,FAULT,0x04C0,I2C_TIMEOUT|SENSOR_RANGE|SELFTEST,0,1,1,0,0,0,0.0,0.0,0.0,4.961,2.557,595.32,306.84,-25.0,-12.5,0.0,0.0,0.0,0.0,0.0,0.0,,0.0,0,0,0,0,0,8.0,0.0,42216.59,26800.7,69017.28,0.0,0.0
2026-06-05T00:49:31.025+00:00,61867,996060cc-1738-4269-9a35-58ffa0c7dd73,,10,FAULT,0x04C0,I2C_TIMEOUT|SENSOR_RANGE|SELFTEST,0,1,1,0,0,0,0.0,0.0,0.0,4.948,2.55,593.76,306.0,-25.0,-12.5,0.0,0.0,0.0,0.0,0.0,0.0,,0.0,0,0,0,0,0,8.0,0.0,42293.78,26840.48,69134.25,0.0,0.0
2026-06-05T00:49:31.129+00:00,61996,996060cc-1738-4269-9a35-58ffa0c7dd73,,10,FAULT,0x04C0,I2C_TIMEOUT|SENSOR_RANGE|SELFTEST,0,1,1,0,0,0,0.0,0.0,0.0,4.964,2.566,595.68,307.92,-25.0,-12.5,0.0,0.0,0.0,0.0,0.0,0.0,,0.0,0,0,0,0,0,8.0,0.0,42370.62,26880.2,69250.82,0.0,0.0
2026-06-05T00:49:31.210+00:00,62125,996060cc-1738-4269-9a35-58ffa0c7dd73,,10,FAULT,0x04C0,I2C_TIMEOUT|SENSOR_RANGE|SELFTEST,0,1,1,0,0,0,0.0,0.0,0.0,4.937,2.552,592.44,306.24,-25.0,-12.5,0.0,0.0,0.0,0.0,0.0,0.0,,0.0,0,0,0,0,0,8.0,0.0,42447.04,26919.7,69366.75,0.0,0.0
2026-06-05T00:49:31.338+00:00,62254,996060cc-1738-4269-9a35-58ffa0c7dd73,,10,FAULT,0x04C0,I2C_TIMEOUT|SENSOR_RANGE|SELFTEST,0,1,1,0,0,0,0.0,0.0,0.0,4.976,2.57,597.12,308.4,-25.0,-12.5,0.0,0.0,0.0,0.0,0.0,0.0,,0.0,0,0,0,0,0,8.0,0.0,42524.07,26959.49,69483.56,0.0,0.0
2026-06-05T00:49:31.469+00:00,62383,996060cc-1738-4269-9a35-58ffa0c7dd73,,10,FAULT,0x04C0,I2C_TIMEOUT|SENSOR_RANGE|SELFTEST,0,1,1,0,0,0,0.0,0.0,0.0,4.933,2.547,591.96,305.64,-25.0,-12.5,0.0,0.0,0.0,0.0,0.0,0.0,,0.0,0,0,0,0,0,8.0,0.0,42600.44,26998.91,69599.35,0.0,0.0
2026-06-05T00:49:31.665+00:00,62512,996060cc-1738-4269-9a35-58ffa0c7dd73,,10,FAULT,0x04C0,I2C_TIMEOUT|SENSOR_RANGE|SELFTEST,0,1,1,0,0,0,0.0,0.0,0.0,4.981,2.572,597.72,308.64,-25.0,-12.5,0.0,0.0,0.0,0.0,0.0,0.0,,0.0,0,0,0,0,0,8.0,0.0,42677.54,27038.73,69716.27,0.0,0.0
2026-06-05T00:49:31.760+00:00,62641,996060cc-1738-4269-9a35-58ffa0c7dd73,,10,FAULT,0x04C0,I2C_TIMEOUT|SENSOR_RANGE|SELFTEST,0,1,1,0,0,0,0.0,0.0,0.0,4.922,2.544,590.64,305.28,-25.0,-12.5,0.0,0.0,0.0,0.0,0.0,0.0,,0.0,0,0,0,0,0,8.0,0.0,42753.73,27078.11,69831.84,0.0,0.0
2026-06-05T00:49:31.859+00:00,62770,996060cc-1738-4269-9a35-58ffa0c7dd73,,10,FAULT,0x04C0,I2C_TIMEOUT|SENSOR_RANGE|SELFTEST,0,1,1,0,0,0,0.0,0.0,0.0,4.971,2.563,596.52,307.56,-25.0,-12.5,0.0,0.0,0.0,0.0,0.0,0.0,,0.0,0,0,0,0,0,8.0,0.0,42830.69,27117.78,69948.47,0.0,0.0
2026-06-05T00:49:31.985+00:00,62900,996060cc-1738-4269-9a35-58ffa0c7dd73,,10,FAULT,0x04C0,I2C_TIMEOUT|SENSOR_RANGE|SELFTEST,0,1,1,0,0,0,0.0,0.0,0.0,4.914,2.538,589.68,304.56,-25.0,-12.5,0.0,0.0,0.0,0.0,0.0,0.0,,0.0,0,0,0,0,0,8.0,0.0,42907.34,27157.38,70064.72,0.0,0.0
2026-06-05T00:49:32.116+00:00,63029,996060cc-1738-4269-9a35-58ffa0c7dd73,,10,FAULT,0x04C0,I2C_TIMEOUT|SENSOR_RANGE|SELFTEST,0,1,1,0,0,0,0.0,0.0,0.0,4.965,2.561,595.8,307.32,-25.0,-12.5,0.0,0.0,0.0,0.0,0.0,0.0,,0.0,0,0,0,0,0,8.0,0.0,42984.2,27197.02,70181.22,0.0,0.0
2026-06-05T00:49:32.243+00:00,63158,996060cc-1738-4269-9a35-58ffa0c7dd73,,10,FAULT,0x04C0,I2C_TIMEOUT|SENSOR_RANGE|SELFTEST,0,1,1,0,0,0,0.0,0.0,0.0,4.919,2.547,590.28,305.64,-25.0,-12.5,0.0,0.0,0.0,0.0,0.0,0.0,,0.0,0,0,0,0,0,8.0,0.0,43060.35,27236.45,70296.8,0.0,0.0
2026-06-05T00:49:32.389+00:00,63287,996060cc-1738-4269-9a35-58ffa0c7dd73,,10,FAULT,0x04C0,I2C_TIMEOUT|SENSOR_RANGE|SELFTEST,0,1,1,0,0,0,0.0,0.0,0.0,4.967,2.565,596.04,307.8,-25.0,-12.5,0.0,0.0,0.0,0.0,0.0,0.0,,0.0,0,0,0,0,0,8.0,0.0,43137.24,27276.16,70413.39,0.0,0.0
2026-06-05T00:49:32.577+00:00,63416,996060cc-1738-4269-9a35-58ffa0c7dd73,,10,FAULT,0x04C0,I2C_TIMEOUT|SENSOR_RANGE|SELFTEST,0,1,1,0,0,0,0.0,0.0,0.0,4.935,2.555,592.2,306.6,-25.0,-12.5,0.0,0.0,0.0,0.0,0.0,0.0,,0.0,0,0,0,0,0,8.0,0.0,43213.63,27315.71,70529.34,0.0,0.0
2026-06-05T00:49:32.632+00:00,63545,996060cc-1738-4269-9a35-58ffa0c7dd73,,10,FAULT,0x04C0,I2C_TIMEOUT|SENSOR_RANGE|SELFTEST,0,1,1,0,0,0,0.0,0.0,0.0,4.974,2.563,596.88,307.56,-25.0,-12.5,0.0,0.0,0.0,0.0,0.0,0.0,,0.0,0,0,0,0,0,8.0,0.0,43290.63,27355.38,70646.01,0.0,0.0
2026-06-05T00:49:32.763+00:00,63674,996060cc-1738-4269-9a35-58ffa0c7dd73,,10,FAULT,0x04C0,I2C_TIMEOUT|SENSOR_RANGE|SELFTEST,0,1,1,0,0,0,0.0,0.0,0.0,4.956,2.569,594.72,308.28,-25.0,-12.5,0.0,0.0,0.0,0.0,0.0,0.0,,0.0,0,0,0,0,0,8.0,0.0,43367.35,27395.15,70762.5,0.0,0.0
2026-06-05T00:49:32.891+00:00,63803,996060cc-1738-4269-9a35-58ffa0c7dd73,,10,FAULT,0x04C0,I2C_TIMEOUT|SENSOR_RANGE|SELFTEST,0,1,1,0,0,0,0.0,0.0,0.0,4.971,2.569,596.52,308.28,-25.0,-12.5,0.0,0.0,0.0,0.0,0.0,0.0,,0.0,0,0,0,0,0,8.0,0.0,43444.3,27434.92,70879.22,0.0,0.0
2026-06-05T00:49:33.094+00:00,63932,996060cc-1738-4269-9a35-58ffa0c7dd73,,10,FAULT,0x04C0,I2C_TIMEOUT|SENSOR_RANGE|SELFTEST,0,1,1,0,0,0,0.0,0.0,0.0,4.964,2.569,595.68,308.28,-25.0,-12.5,0.0,0.0,0.0,0.0,0.0,0.0,,0.0,0,0,0,0,0,8.0,0.0,43521.14,27474.69,70995.83,0.0,0.0
2026-06-05T00:49:33.209+00:00,64061,996060cc-1738-4269-9a35-58ffa0c7dd73,,10,FAULT,0x04C0,I2C_TIMEOUT|SENSOR_RANGE|SELFTEST,0,1,1,0,0,0,0.0,0.0,0.0,4.958,2.56,594.96,307.2,-25.0,-12.5,0.0,0.0,0.0,0.0,0.0,0.0,,0.0,0,0,0,0,0,8.0,0.0,43597.89,27514.31,71112.21,0.0,0.0
2026-06-05T00:49:33.324+00:00,64190,996060cc-1738-4269-9a35-58ffa0c7dd73,,10,FAULT,0x04C0,I2C_TIMEOUT|SENSOR_RANGE|SELFTEST,0,1,1,0,0,0,0.0,0.0,0.0,4.97,2.567,596.4,308.04,-25.0,-12.5,0.0,0.0,0.0,0.0,0.0,0.0,,0.0,0,0,0,0,0,8.0,0.0,43674.83,27554.05,71228.88,0.0,0.0
2026-06-05T00:49:33.410+00:00,64320,996060cc-1738-4269-9a35-58ffa0c7dd73,,10,FAULT,0x04C0,I2C_TIMEOUT|SENSOR_RANGE|SELFTEST,0,1,1,0,0,0,0.0,0.0,0.0,4.947,2.553,593.64,306.36,-25.0,-12.5,0.0,0.0,0.0,0.0,0.0,0.0,,0.0,0,0,0,0,0,8.0,0.0,43752.0,27593.88,71345.88,0.0,0.0
2026-06-05T00:49:33.538+00:00,64449,996060cc-1738-4269-9a35-58ffa0c7dd73,,10,FAULT,0x04C0,I2C_TIMEOUT|SENSOR_RANGE|SELFTEST,0,1,1,0,0,0,0.0,0.0,0.0,4.972,2.565,596.64,307.8,-25.0,-12.5,0.0,0.0,0.0,0.0,0.0,0.0,,0.0,0,0,0,0,0,8.0,0.0,43828.97,27633.58,71462.55,0.0,0.0
2026-06-05T00:49:33.668+00:00,64578,996060cc-1738-4269-9a35-58ffa0c7dd73,,10,FAULT,0x04C0,I2C_TIMEOUT|SENSOR_RANGE|SELFTEST,0,1,1,0,0,0,0.0,0.0,0.0,4.937,2.54,592.44,304.8,-25.0,-12.5,0.0,0.0,0.0,0.0,0.0,0.0,,0.0,0,0,0,0,0,8.0,0.0,43905.39,27672.9,71578.3,0.0,0.0
2026-06-05T00:49:33.914+00:00,64707,996060cc-1738-4269-9a35-58ffa0c7dd73,,10,FAULT,0x04C0,I2C_TIMEOUT|SENSOR_RANGE|SELFTEST,0,1,1,0,0,0,0.0,0.0,0.0,4.98,2.568,597.6,308.16,-25.0,-12.5,0.0,0.0,0.0,0.0,0.0,0.0,,0.0,0,0,0,0,0,8.0,0.0,43982.48,27712.66,71695.14,0.0,0.0
2026-06-05T00:49:33.927+00:00,64836,996060cc-1738-4269-9a35-58ffa0c7dd73,,10,FAULT,0x04C0,I2C_TIMEOUT|SENSOR_RANGE|SELFTEST,0,1,1,0,0,0,0.0,0.0,0.0,4.928,2.543,591.36,305.16,-25.0,-12.5,0.0,0.0,0.0,0.0,0.0,0.0,,0.0,0,0,0,0,0,8.0,0.0,44058.77,27752.02,71810.79,0.0,0.0
2026-06-05T00:49:34.107+00:00,64965,996060cc-1738-4269-9a35-58ffa0c7dd73,,10,FAULT,0x04C0,I2C_TIMEOUT|SENSOR_RANGE|SELFTEST,0,1,1,0,0,0,0.0,0.0,0.0,4.983,2.565,597.96,307.8,-25.0,-12.5,0.0,0.0,0.0,0.0,0.0,0.0,,0.0,0,0,0,0,0,8.0,0.0,44135.9,27791.73,71927.63,0.0,0.0
2026-06-05T00:49:34.184+00:00,65094,996060cc-1738-4269-9a35-58ffa0c7dd73,,10,FAULT,0x04C0,I2C_TIMEOUT|SENSOR_RANGE|SELFTEST,0,1,1,0,0,0,0.0,0.0,0.0,4.926,2.535,591.12,304.2,-25.0,-12.5,0.0,0.0,0.0,0.0,0.0,0.0,,0.0,0,0,0,0,0,8.0,0.0,44212.16,27830.97,72043.13,0.0,0.0
2026-06-05T00:49:34.315+00:00,65223,996060cc-1738-4269-9a35-58ffa0c7dd73,,10,FAULT,0x04C0,I2C_TIMEOUT|SENSOR_RANGE|SELFTEST,0,1,1,0,0,0,0.0,0.0,0.0,4.972,2.558,596.64,306.96,-25.0,-12.5,0.0,0.0,0.0,0.0,0.0,0.0,,0.0,0,0,0,0,0,8.0,0.0,44289.12,27870.57,72159.69,0.0,0.0
2026-06-05T00:49:34.443+00:00,65352,996060cc-1738-4269-9a35-58ffa0c7dd73,,10,FAULT,0x04C0,I2C_TIMEOUT|SENSOR_RANGE|SELFTEST,0,1,1,0,0,0,0.0,0.0,0.0,4.924,2.541,590.88,304.92,-25.0,-12.5,0.0,0.0,0.0,0.0,0.0,0.0,,0.0,0,0,0,0,0,8.0,0.0,44365.35,27909.9,72275.25,0.0,0.0
2026-06-05T00:49:34.642+00:00,65481,996060cc-1738-4269-9a35-58ffa0c7dd73,,10,FAULT,0x04C0,I2C_TIMEOUT|SENSOR_RANGE|SELFTEST,0,1,1,0,0,0,0.0,0.0,0.0,4.973,2.569,596.76,308.28,-25.0,-12.5,0.0,0.0,0.0,0.0,0.0,0.0,,0.0,0,0,0,0,0,8.0,0.0,44442.33,27949.67,72392.0,0.0,0.0
2026-06-05T00:49:34.739+00:00,65610,996060cc-1738-4269-9a35-58ffa0c7dd73,,10,FAULT,0x04C0,I2C_TIMEOUT|SENSOR_RANGE|SELFTEST,0,1,1,0,0,0,0.0,0.0,0.0,4.934,2.55,592.08,306.0,-25.0,-12.5,0.0,0.0,0.0,0.0,0.0,0.0,,0.0,0,0,0,0,0,8.0,0.0,44518.71,27989.15,72507.85,0.0,0.0
2026-06-05T00:49:34.837+00:00,65740,996060cc-1738-4269-9a35-58ffa0c7dd73,,10,FAULT,0x04C0,I2C_TIMEOUT|SENSOR_RANGE|SELFTEST,0,1,1,0,0,0,0.0,0.0,0.0,4.973,2.567,596.76,308.04,-25.0,-12.5,0.0,0.0,0.0,0.0,0.0,0.0,,0.0,0,0,0,0,0,8.0,0.0,44596.29,28029.19,72625.48,0.0,0.0
2026-06-05T00:49:34.962+00:00,65869,996060cc-1738-4269-9a35-58ffa0c7dd73,,10,FAULT,0x04C0,I2C_TIMEOUT|SENSOR_RANGE|SELFTEST,0,1,1,0,0,0,0.0,0.0,0.0,4.945,2.558,593.4,306.96,-25.0,-12.5,0.0,0.0,0.0,0.0,0.0,0.0,,0.0,0,0,0,0,0,8.0,0.0,44672.84,28068.79,72741.62,0.0,0.0
2026-06-05T00:49:35.090+00:00,65998,996060cc-1738-4269-9a35-58ffa0c7dd73,,10,FAULT,0x04C0,I2C_TIMEOUT|SENSOR_RANGE|SELFTEST,0,1,1,0,0,0,0.0,0.0,0.0,4.98,2.581,597.6,309.72,-25.0,-12.5,0.0,0.0,0.0,0.0,0.0,0.0,,0.0,0,0,0,0,0,8.0,0.0,44749.93,28108.74,72858.67,0.0,0.0
2026-06-05T00:49:35.220+00:00,66127,996060cc-1738-4269-9a35-58ffa0c7dd73,,10,FAULT,0x04C0,I2C_TIMEOUT|SENSOR_RANGE|SELFTEST,0,1,1,0,0,0,0.0,0.0,0.0,4.957,2.568,594.84,308.16,-25.0,-12.5,0.0,0.0,0.0,0.0,0.0,0.0,,0.0,0,0,0,0,0,8.0,0.0,44826.66,28148.49,72975.16,0.0,0.0
2026-06-05T00:49:35.369+00:00,66256,996060cc-1738-4269-9a35-58ffa0c7dd73,,10,FAULT,0x04C0,I2C_TIMEOUT|SENSOR_RANGE|SELFTEST,0,1,1,0,0,0,0.0,0.0,0.0,4.976,2.573,597.12,308.76,-25.0,-12.5,0.0,0.0,0.0,0.0,0.0,0.0,,0.0,0,0,0,0,0,8.0,0.0,44903.69,28188.32,73092.01,0.0,0.0
2026-06-05T00:49:35.558+00:00,66385,996060cc-1738-4269-9a35-58ffa0c7dd73,,10,FAULT,0x04C0,I2C_TIMEOUT|SENSOR_RANGE|SELFTEST,0,1,1,0,0,0,0.0,0.0,0.0,4.971,2.576,596.52,309.12,-25.0,-12.5,0.0,0.0,0.0,0.0,0.0,0.0,,0.0,0,0,0,0,0,8.0,0.0,44980.64,28228.2,73208.84,0.0,0.0
2026-06-05T00:49:35.606+00:00,66514,996060cc-1738-4269-9a35-58ffa0c7dd73,,10,FAULT,0x04C0,I2C_TIMEOUT|SENSOR_RANGE|SELFTEST,0,1,1,0,0,0,0.0,0.0,0.0,4.963,2.571,595.56,308.52,-25.0,-12.5,0.0,0.0,0.0,0.0,0.0,0.0,,0.0,0,0,0,0,0,8.0,0.0,45057.47,28268.0,73325.47,0.0,0.0
2026-06-05T00:49:35.737+00:00,66643,996060cc-1738-4269-9a35-58ffa0c7dd73,,10,FAULT,0x04C0,I2C_TIMEOUT|SENSOR_RANGE|SELFTEST,0,1,1,0,0,0,0.0,0.0,0.0,4.963,2.57,595.56,308.4,-25.0,-12.5,0.0,0.0,0.0,0.0,0.0,0.0,,0.0,0,0,0,0,0,8.0,0.0,45134.3,28307.78,73442.08,0.0,0.0
2026-06-05T00:49:35.867+00:00,66772,996060cc-1738-4269-9a35-58ffa0c7dd73,,10,FAULT,0x04C0,I2C_TIMEOUT|SENSOR_RANGE|SELFTEST,0,1,1,0,0,0,0.0,0.0,0.0,4.944,2.556,593.28,306.72,-25.0,-12.5,0.0,0.0,0.0,0.0,0.0,0.0,,0.0,0,0,0,0,0,8.0,0.0,45210.83,28347.35,73558.18,0.0,0.0
2026-06-05T00:49:36.030+00:00,66902,996060cc-1738-4269-9a35-58ffa0c7dd73,,10,FAULT,0x04C0,I2C_TIMEOUT|SENSOR_RANGE|SELFTEST,0,1,1,0,0,0,0.0,0.0,0.0,4.969,2.568,596.28,308.16,-25.0,-12.5,0.0,0.0,0.0,0.0,0.0,0.0,,0.0,0,0,0,0,0,8.0,0.0,45288.34,28387.41,73675.76,0.0,0.0
2026-06-05T00:49:36.188+00:00,67031,996060cc-1738-4269-9a35-58ffa0c7dd73,,10,FAULT,0x04C0,I2C_TIMEOUT|SENSOR_RANGE|SELFTEST,0,1,1,0,0,0,0.0,0.0,0.0,4.936,2.555,592.32,306.6,-25.0,-12.5,0.0,0.0,0.0,0.0,0.0,0.0,,0.0,0,0,0,0,0,8.0,0.0,45364.75,28426.96,73791.72,0.0,0.0
2026-06-05T00:49:36.292+00:00,67161,996060cc-1738-4269-9a35-58ffa0c7dd73,,10,FAULT,0x04C0,I2C_TIMEOUT|SENSOR_RANGE|SELFTEST,0,1,1,0,0,0,0.0,0.0,0.0,4.973,2.574,596.76,308.88,-25.0,-12.5,0.0,0.0,0.0,0.0,0.0,0.0,,0.0,0,0,0,0,0,8.0,0.0,45442.33,28467.12,73909.45,0.0,0.0
2026-06-05T00:49:36.384+00:00,67290,996060cc-1738-4269-9a35-58ffa0c7dd73,,10,FAULT,0x04C0,I2C_TIMEOUT|SENSOR_RANGE|SELFTEST,0,1,1,0,0,0,0.0,0.0,0.0,4.932,2.547,591.84,305.64,-25.0,-12.5,0.0,0.0,0.0,0.0,0.0,0.0,,0.0,0,0,0,0,0,8.0,0.0,45518.68,28506.54,74025.22,0.0,0.0
2026-06-05T00:49:36.515+00:00,67419,996060cc-1738-4269-9a35-58ffa0c7dd73,,10,FAULT,0x04C0,I2C_TIMEOUT|SENSOR_RANGE|SELFTEST,0,1,1,0,0,0,0.0,0.0,0.0,4.981,2.576,597.72,309.12,-25.0,-12.5,0.0,0.0,0.0,0.0,0.0,0.0,,0.0,0,0,0,0,0,8.0,0.0,45595.79,28546.42,74142.21,0.0,0.0
2026-06-05T00:49:36.642+00:00,67548,996060cc-1738-4269-9a35-58ffa0c7dd73,,10,FAULT,0x04C0,I2C_TIMEOUT|SENSOR_RANGE|SELFTEST,0,1,1,0,0,0,0.0,0.0,0.0,4.926,2.545,591.12,305.4,-25.0,-12.5,0.0,0.0,0.0,0.0,0.0,0.0,,0.0,0,0,0,0,0,8.0,0.0,45672.04,28585.82,74257.86,0.0,0.0
2026-06-05T00:49:36.823+00:00,67677,996060cc-1738-4269-9a35-58ffa0c7dd73,,10,FAULT,0x04C0,I2C_TIMEOUT|SENSOR_RANGE|SELFTEST,0,1,1,0,0,0,0.0,0.0,0.0,4.975,2.567,597.0,308.04,-25.0,-12.5,0.0,0.0,0.0,0.0,0.0,0.0,,0.0,0,0,0,0,0,8.0,0.0,45749.05,28625.56,74374.61,0.0,0.0
2026-06-05T00:49:36.920+00:00,67806,996060cc-1738-4269-9a35-58ffa0c7dd73,,10,FAULT,0x04C0,I2C_TIMEOUT|SENSOR_RANGE|SELFTEST,0,1,1,0,0,0,0.0,0.0,0.0,4.916,2.538,589.92,304.56,-25.0,-12.5,0.0,0.0,0.0,0.0,0.0,0.0,,0.0,0,0,0,0,0,8.0,0.0,45825.15,28664.84,74490.0,0.0,0.0
2026-06-05T00:49:37.032+00:00,67935,996060cc-1738-4269-9a35-58ffa0c7dd73,,10,FAULT,0x04C0,I2C_TIMEOUT|SENSOR_RANGE|SELFTEST,0,1,1,0,0,0,0.0,0.0,0.0,4.968,2.56,596.16,307.2,-25.0,-12.5,0.0,0.0,0.0,0.0,0.0,0.0,,0.0,0,0,0,0,0,8.0,0.0,45902.06,28704.47,74606.53,0.0,0.0
2026-06-05T00:49:37.162+00:00,68064,996060cc-1738-4269-9a35-58ffa0c7dd73,,10,FAULT,0x04C0,I2C_TIMEOUT|SENSOR_RANGE|SELFTEST,0,1,1,0,0,0,0.0,0.0,0.0,4.927,2.538,591.24,304.56,-25.0,-12.5,0.0,0.0,0.0,0.0,0.0,0.0,,0.0,0,0,0,0,0,8.0,0.0,45978.33,28743.76,74722.09,0.0,0.0
2026-06-05T00:49:37.289+00:00,68193,996060cc-1738-4269-9a35-58ffa0c7dd73,,10,FAULT,0x04C0,I2C_TIMEOUT|SENSOR_RANGE|SELFTEST,0,1,1,0,0,0,0.0,0.0,0.0,4.974,2.562,596.88,307.44,-25.0,-12.5,0.0,0.0,0.0,0.0,0.0,0.0,,0.0,0,0,0,0,0,8.0,0.0,46055.33,28783.42,74838.75,0.0,0.0
2026-06-05T00:49:37.420+00:00,68322,996060cc-1738-4269-9a35-58ffa0c7dd73,,10,FAULT,0x04C0,I2C_TIMEOUT|SENSOR_RANGE|SELFTEST,0,1,1,0,0,0,0.0,0.0,0.0,4.942,2.547,593.04,305.64,-25.0,-12.5,0.0,0.0,0.0,0.0,0.0,0.0,,0.0,0,0,0,0,0,8.0,0.0,46131.83,28822.85,74954.68,0.0,0.0
2026-06-05T00:49:37.548+00:00,68451,996060cc-1738-4269-9a35-58ffa0c7dd73,,10,FAULT,0x04C0,I2C_TIMEOUT|SENSOR_RANGE|SELFTEST,0,1,1,0,0,0,0.0,0.0,0.0,4.982,2.569,597.84,308.28,-25.0,-12.5,0.0,0.0,0.0,0.0,0.0,0.0,,0.0,0,0,0,0,0,8.0,0.0,46208.95,28862.62,75071.56,0.0,0.0
2026-06-05T00:49:37.728+00:00,68581,996060cc-1738-4269-9a35-58ffa0c7dd73,,10,FAULT,0x04C0,I2C_TIMEOUT|SENSOR_RANGE|SELFTEST,0,1,1,0,0,0,0.0,0.0,0.0,4.956,2.563,594.72,307.56,-25.0,-12.5,0.0,0.0,0.0,0.0,0.0,0.0,,0.0,0,0,0,0,0,8.0,0.0,46286.26,28902.6,75188.86,0.0,0.0
2026-06-05T00:49:37.806+00:00,68710,996060cc-1738-4269-9a35-58ffa0c7dd73,,10,FAULT,0x04C0,I2C_TIMEOUT|SENSOR_RANGE|SELFTEST,0,1,1,0,0,0,0.0,0.0,0.0,4.982,2.574,597.84,308.88,-25.0,-12.5,0.0,0.0,0.0,0.0,0.0,0.0,,0.0,0,0,0,0,0,8.0,0.0,46363.38,28942.44,75305.83,0.0,0.0
2026-06-05T00:49:37.936+00:00,68839,996060cc-1738-4269-9a35-58ffa0c7dd73,,10,FAULT,0x04C0,I2C_TIMEOUT|SENSOR_RANGE|SELFTEST,0,1,1,0,0,0,0.0,0.0,0.0,4.965,2.567,595.8,308.04,-25.0,-12.5,0.0,0.0,0.0,0.0,0.0,0.0,,0.0,0,0,0,0,0,8.0,0.0,46440.24,28982.18,75422.42,0.0,0.0
2026-06-05T00:49:38.067+00:00,68968,996060cc-1738-4269-9a35-58ffa0c7dd73,,10,FAULT,0x04C0,I2C_TIMEOUT|SENSOR_RANGE|SELFTEST,0,1,1,0,0,0,0.0,0.0,0.0,4.971,2.563,596.52,307.56,-25.0,-12.5,0.0,0.0,0.0,0.0,0.0,0.0,,0.0,0,0,0,0,0,8.0,0.0,46517.19,29021.86,75539.05,0.0,0.0
2026-06-05T00:49:38.264+00:00,69097,996060cc-1738-4269-9a35-58ffa0c7dd73,,10,FAULT,0x04C0,I2C_TIMEOUT|SENSOR_RANGE|SELFTEST,0,1,1,0,0,0,0.0,0.0,0.0,4.974,2.568,596.88,308.16,-25.0,-12.5,0.0,0.0,0.0,0.0,0.0,0.0,,0.0,0,0,0,0,0,8.0,0.0,46594.19,29061.61,75655.8,0.0,0.0
2026-06-05T00:49:38.366+00:00,69226,996060cc-1738-4269-9a35-58ffa0c7dd73,,10,FAULT,0x04C0,I2C_TIMEOUT|SENSOR_RANGE|SELFTEST,0,1,1,0,0,0,0.0,0.0,0.0,4.952,2.556,594.24,306.72,-25.0,-12.5,0.0,0.0,0.0,0.0,0.0,0.0,,0.0,0,0,0,0,0,8.0,0.0,46670.85,29101.18,75772.02,0.0,0.0
2026-06-05T00:49:38.465+00:00,69355,996060cc-1738-4269-9a35-58ffa0c7dd73,,10,FAULT,0x04C0,I2C_TIMEOUT|SENSOR_RANGE|SELFTEST,0,1,1,0,0,0,0.0,0.0,0.0,4.977,2.568,597.24,308.16,-25.0,-12.5,0.0,0.0,0.0,0.0,0.0,0.0,,0.0,0,0,0,0,0,8.0,0.0,46747.89,29140.93,75888.82,0.0,0.0
2026-06-05T00:49:38.583+00:00,69484,996060cc-1738-4269-9a35-58ffa0c7dd73,,10,FAULT,0x04C0,I2C_TIMEOUT|SENSOR_RANGE|SELFTEST,0,1,1,0,0,0,0.0,0.0,0.0,4.944,2.547,593.28,305.64,-25.0,-12.5,0.0,0.0,0.0,0.0,0.0,0.0,,0.0,0,0,0,0,0,8.0,0.0,46824.42,29180.36,76004.78,0.0,0.0
2026-06-05T00:49:38.714+00:00,69613,996060cc-1738-4269-9a35-58ffa0c7dd73,,10,FAULT,0x04C0,I2C_TIMEOUT|SENSOR_RANGE|SELFTEST,0,1,1,0,0,0,0.0,0.0,0.0,4.982,2.571,597.84,308.52,-25.0,-12.5,0.0,0.0,0.0,0.0,0.0,0.0,,0.0,0,0,0,0,0,8.0,0.0,46901.55,29220.16,76121.7,0.0,0.0
2026-06-05T00:49:38.841+00:00,69742,996060cc-1738-4269-9a35-58ffa0c7dd73,,10,FAULT,0x04C0,I2C_TIMEOUT|SENSOR_RANGE|SELFTEST,0,1,1,0,0,0,0.0,0.0,0.0,4.928,2.541,591.36,304.92,-25.0,-12.5,0.0,0.0,0.0,0.0,0.0,0.0,,0.0,0,0,0,0,0,8.0,0.0,46977.83,29259.49,76237.32,0.0,0.0
2026-06-05T00:49:39.027+00:00,69872,996060cc-1738-4269-9a35-58ffa0c7dd73,,10,FAULT,0x04C0,I2C_TIMEOUT|SENSOR_RANGE|SELFTEST,0,1,1,0,0,0,0.0,0.0,0.0,4.981,2.567,597.72,308.04,-25.0,-12.5,0.0,0.0,0.0,0.0,0.0,0.0,,0.0,0,0,0,0,0,8.0,0.0,47055.53,29299.54,76355.07,0.0,0.0
2026-06-05T00:49:39.124+00:00,70001,996060cc-1738-4269-9a35-58ffa0c7dd73,,10,FAULT,0x04C0,I2C_TIMEOUT|SENSOR_RANGE|SELFTEST,0,1,1,0,0,0,0.0,0.0,0.0,4.924,2.533,590.88,303.96,-25.0,-12.5,0.0,0.0,0.0,0.0,0.0,0.0,,0.0,0,0,0,0,0,8.0,0.0,47131.76,29338.75,76470.5,0.0,0.0
2026-06-05T00:49:39.231+00:00,70130,996060cc-1738-4269-9a35-58ffa0c7dd73,,10,FAULT,0x04C0,I2C_TIMEOUT|SENSOR_RANGE|SELFTEST,0,1,1,0,0,0,0.0,0.0,0.0,4.985,2.568,598.2,308.16,-25.0,-12.5,0.0,0.0,0.0,0.0,0.0,0.0,,0.0,0,0,0,0,0,8.0,0.0,47208.93,29378.5,76587.42,0.0,0.0
2026-06-05T00:49:39.358+00:00,70259,996060cc-1738-4269-9a35-58ffa0c7dd73,,10,FAULT,0x04C0,I2C_TIMEOUT|SENSOR_RANGE|SELFTEST,0,1,1,0,0,0,0.0,0.0,0.0,4.921,2.531,590.52,303.72,-25.0,-12.5,0.0,0.0,0.0,0.0,0.0,0.0,,0.0,0,0,0,0,0,8.0,0.0,47285.1,29417.68,76702.78,0.0,0.0
2026-06-05T00:49:39.489+00:00,70388,996060cc-1738-4269-9a35-58ffa0c7dd73,,10,FAULT,0x04C0,I2C_TIMEOUT|SENSOR_RANGE|SELFTEST,0,1,1,0,0,0,0.0,0.0,0.0,4.979,2.556,597.48,306.72,-25.0,-12.5,0.0,0.0,0.0,0.0,0.0,0.0,,0.0,0,0,0,0,0,8.0,0.0,47362.18,29457.25,76819.42,0.0,0.0
2026-06-05T00:49:39.619+00:00,70517,996060cc-1738-4269-9a35-58ffa0c7dd73,,10,FAULT,0x04C0,I2C_TIMEOUT|SENSOR_RANGE|SELFTEST,0,1,1,0,0,0,0.0,0.0,0.0,4.933,2.532,591.96,303.84,-25.0,-12.5,0.0,0.0,0.0,0.0,0.0,0.0,,0.0,0,0,0,0,0,8.0,0.0,47438.54,29496.44,76934.98,0.0,0.0
2026-06-05T00:49:39.751+00:00,70646,996060cc-1738-4269-9a35-58ffa0c7dd73,,10,FAULT,0x04C0,I2C_TIMEOUT|SENSOR_RANGE|SELFTEST,0,1,1,0,0,0,0.0,0.0,0.0,4.974,2.549,596.88,305.88,-25.0,-12.5,0.0,0.0,0.0,0.0,0.0,0.0,,0.0,0,0,0,0,0,8.0,0.0,47515.54,29535.9,77051.44,0.0,0.0
2026-06-05T00:49:39.942+00:00,70775,996060cc-1738-4269-9a35-58ffa0c7dd73,,10,FAULT,0x04C0,I2C_TIMEOUT|SENSOR_RANGE|SELFTEST,0,1,1,0,0,0,0.0,0.0,0.0,4.946,2.539,593.52,304.68,-25.0,-12.5,0.0,0.0,0.0,0.0,0.0,0.0,,0.0,0,0,0,0,0,8.0,0.0,47592.1,29575.2,77167.31,0.0,0.0
2026-06-05T00:49:40.005+00:00,70904,996060cc-1738-4269-9a35-58ffa0c7dd73,,10,FAULT,0x04C0,I2C_TIMEOUT|SENSOR_RANGE|SELFTEST,0,1,1,0,0,0,0.0,0.0,0.0,4.983,2.559,597.96,307.08,-25.0,-12.5,0.0,0.0,0.0,0.0,0.0,0.0,,0.0,0,0,0,0,0,8.0,0.0,47669.24,29614.82,77284.06,0.0,0.0
2026-06-05T00:49:40.136+00:00,71033,996060cc-1738-4269-9a35-58ffa0c7dd73,,10,FAULT,0x04C0,I2C_TIMEOUT|SENSOR_RANGE|SELFTEST,0,1,1,0,0,0,0.0,0.0,0.0,4.966,2.552,595.92,306.24,-25.0,-12.5,0.0,0.0,0.0,0.0,0.0,0.0,,0.0,0,0,0,0,0,8.0,0.0,47746.11,29654.32,77400.43,0.0,0.0
2026-06-05T00:49:40.266+00:00,71162,996060cc-1738-4269-9a35-58ffa0c7dd73,,10,FAULT,0x04C0,I2C_TIMEOUT|SENSOR_RANGE|SELFTEST,0,1,1,0,0,0,0.0,0.0,0.0,4.994,2.567,599.28,308.04,-25.0,-12.5,0.0,0.0,0.0,0.0,0.0,0.0,,0.0,0,0,0,0,0,8.0,0.0,47823.42,29694.06,77517.48,0.0,0.0
2026-06-05T00:49:40.479+00:00,71292,996060cc-1738-4269-9a35-58ffa0c7dd73,,10,FAULT,0x04C0,I2C_TIMEOUT|SENSOR_RANGE|SELFTEST,0,1,1,0,0,0,0.0,0.0,0.0,4.979,2.566,597.48,307.92,-25.0,-12.5,0.0,0.0,0.0,0.0,0.0,0.0,,0.0,0,0,0,0,0,8.0,0.0,47901.09,29734.09,77635.18,0.0,0.0
2026-06-05T00:49:40.587+00:00,71421,996060cc-1738-4269-9a35-58ffa0c7dd73,,10,FAULT,0x04C0,I2C_TIMEOUT|SENSOR_RANGE|SELFTEST,0,1,1,0,0,0,0.0,0.0,0.0,4.998,2.572,599.76,308.64,-25.0,-12.5,0.0,0.0,0.0,0.0,0.0,0.0,,0.0,0,0,0,0,0,8.0,0.0,47978.46,29773.9,77752.36,0.0,0.0
2026-06-05T00:49:40.691+00:00,71550,996060cc-1738-4269-9a35-58ffa0c7dd73,,10,FAULT,0x04C0,I2C_TIMEOUT|SENSOR_RANGE|SELFTEST,0,1,1,0,0,0,0.0,0.0,0.0,4.99,2.571,598.8,308.52,-25.0,-12.5,0.0,0.0,0.0,0.0,0.0,0.0,,0.0,0,0,0,0,0,8.0,0.0,48055.71,29813.7,77869.41,0.0,0.0
2026-06-05T00:49:40.783+00:00,71680,996060cc-1738-4269-9a35-58ffa0c7dd73,,10,FAULT,0x04C0,I2C_TIMEOUT|SENSOR_RANGE|SELFTEST,0,1,1,0,0,0,0.0,0.0,0.0,4.991,2.565,598.92,307.8,-25.0,-12.5,0.0,0.0,0.0,0.0,0.0,0.0,,0.0,0,0,0,0,0,8.0,0.0,48133.57,29853.72,77987.28,0.0,0.0
2026-06-05T00:49:40.913+00:00,71809,996060cc-1738-4269-9a35-58ffa0c7dd73,,10,FAULT,0x04C0,I2C_TIMEOUT|SENSOR_RANGE|SELFTEST,0,1,1,0,0,0,0.0,0.0,0.0,4.998,2.573,599.76,308.76,-25.0,-12.5,0.0,0.0,0.0,0.0,0.0,0.0,,0.0,0,0,0,0,0,8.0,0.0,48210.94,29893.55,78104.48,0.0,0.0
2026-06-05T00:49:41.041+00:00,71938,996060cc-1738-4269-9a35-58ffa0c7dd73,,10,FAULT,0x04C0,I2C_TIMEOUT|SENSOR_RANGE|SELFTEST,0,1,1,0,0,0,0.0,0.0,0.0,4.979,2.568,597.48,308.16,-25.0,-12.5,0.0,0.0,0.0,0.0,0.0,0.0,,0.0,0,0,0,0,0,8.0,0.0,48288.01,29933.3,78221.31,0.0,0.0
2026-06-05T00:49:41.227+00:00,72067,996060cc-1738-4269-9a35-58ffa0c7dd73,,10,FAULT,0x04C0,I2C_TIMEOUT|SENSOR_RANGE|SELFTEST,0,1,1,0,0,0,0.0,0.0,0.0,5.002,2.578,600.24,309.36,-25.0,-12.5,0.0,0.0,0.0,0.0,0.0,0.0,,0.0,0,0,0,0,0,8.0,0.0,48365.44,29973.21,78338.65,0.0,0.0
2026-06-05T00:49:41.330+00:00,72196,996060cc-1738-4269-9a35-58ffa0c7dd73,,10,FAULT,0x04C0,I2C_TIMEOUT|SENSOR_RANGE|SELFTEST,0,1,1,0,0,0,0.0,0.0,0.0,4.963,2.556,595.56,306.72,-25.0,-12.5,0.0,0.0,0.0,0.0,0.0,0.0,,0.0,0,0,0,0,0,8.0,0.0,48442.27,30012.77,78455.04,0.0,0.0
2026-06-05T00:49:41.430+00:00,72325,996060cc-1738-4269-9a35-58ffa0c7dd73,,10,FAULT,0x04C0,I2C_TIMEOUT|SENSOR_RANGE|SELFTEST,0,1,1,0,0,0,0.0,0.0,0.0,5.009,2.586,601.08,310.32,-25.0,-12.5,0.0,0.0,0.0,0.0,0.0,0.0,,0.0,0,0,0,0,0,8.0,0.0,48519.81,30052.8,78572.61,0.0,0.0
2026-06-05T00:49:41.557+00:00,72454,996060cc-1738-4269-9a35-58ffa0c7dd73,,10,FAULT,0x04C0,I2C_TIMEOUT|SENSOR_RANGE|SELFTEST,0,1,1,0,0,0,0.0,0.0,0.0,4.951,2.556,594.12,306.72,-25.0,-12.5,0.0,0.0,0.0,0.0,0.0,0.0,,0.0,0,0,0,0,0,8.0,0.0,48596.45,30092.37,78688.82,0.0,0.0
2026-06-05T00:49:41.688+00:00,72583,996060cc-1738-4269-9a35-58ffa0c7dd73,,10,FAULT,0x04C0,I2C_TIMEOUT|SENSOR_RANGE|SELFTEST,0,1,1,0,0,0,0.0,0.0,0.0,5.0,2.582,600.0,309.84,-25.0,-12.5,0.0,0.0,0.0,0.0,0.0,0.0,,0.0,0,0,0,0,0,8.0,0.0,48673.85,30132.34,78806.19,0.0,0.0
2026-06-05T00:49:41.819+00:00,72713,996060cc-1738-4269-9a35-58ffa0c7dd73,,10,FAULT,0x04C0,I2C_TIMEOUT|SENSOR_RANGE|SELFTEST,0,1,1,0,0,0,0.0,0.0,0.0,4.936,2.542,592.32,305.04,-25.0,-12.5,0.0,0.0,0.0,0.0,0.0,0.0,,0.0,0,0,0,0,0,8.0,0.0,48750.85,30172.0,78922.85,0.0,0.0
2026-06-05T00:49:41.962+00:00,72842,996060cc-1738-4269-9a35-58ffa0c7dd73,,10,FAULT,0x04C0,I2C_TIMEOUT|SENSOR_RANGE|SELFTEST,0,1,1,0,0,0,0.0,0.0,0.0,4.993,2.574,599.16,308.88,-25.0,-12.5,0.0,0.0,0.0,0.0,0.0,0.0,,0.0,0,0,0,0,0,8.0,0.0,48828.14,30211.84,79039.98,0.0,0.0
2026-06-05T00:49:42.156+00:00,72971,996060cc-1738-4269-9a35-58ffa0c7dd73,,10,FAULT,0x04C0,I2C_TIMEOUT|SENSOR_RANGE|SELFTEST,0,1,1,0,0,0,0.0,0.0,0.0,4.933,2.544,591.96,305.28,-25.0,-12.5,0.0,0.0,0.0,0.0,0.0,0.0,,0.0,0,0,0,0,0,8.0,0.0,48904.51,30251.22,79155.73,0.0,0.0
2026-06-05T00:49:42.204+00:00,73100,996060cc-1738-4269-9a35-58ffa0c7dd73,,10,FAULT,0x04C0,I2C_TIMEOUT|SENSOR_RANGE|SELFTEST,0,1,1,0,0,0,0.0,0.0,0.0,4.986,2.573,598.32,308.76,-25.0,-12.5,0.0,0.0,0.0,0.0,0.0,0.0,,0.0,0,0,0,0,0,8.0,0.0,48981.69,30291.05,79272.74,0.0,0.0
2026-06-05T00:49:42.335+00:00,73229,996060cc-1738-4269-9a35-58ffa0c7dd73,,10,FAULT,0x04C0,I2C_TIMEOUT|SENSOR_RANGE|SELFTEST,0,1,1,0,0,0,0.0,0.0,0.0,4.942,2.545,593.04,305.4,-25.0,-12.5,0.0,0.0,0.0,0.0,0.0,0.0,,0.0,0,0,0,0,0,8.0,0.0,49058.19,30330.45,79388.64,0.0,0.0
2026-06-05T00:49:42.466+00:00,73358,996060cc-1738-4269-9a35-58ffa0c7dd73,,10,FAULT,0x04C0,I2C_TIMEOUT|SENSOR_RANGE|SELFTEST,0,1,1,0,0,0,0.0,0.0,0.0,4.984,2.565,598.08,307.8,-25.0,-12.5,0.0,0.0,0.0,0.0,0.0,0.0,,0.0,0,0,0,0,0,8.0,0.0,49135.34,30370.15,79505.5,0.0,0.0
2026-06-05T00:49:42.593+00:00,73487,996060cc-1738-4269-9a35-58ffa0c7dd73,,10,FAULT,0x04C0,I2C_TIMEOUT|SENSOR_RANGE|SELFTEST,0,1,1,0,0,0,0.0,0.0,0.0,4.958,2.551,594.96,306.12,-25.0,-12.5,0.0,0.0,0.0,0.0,0.0,0.0,,0.0,0,0,0,0,0,8.0,0.0,49212.09,30409.64,79621.74,0.0,0.0
2026-06-05T00:49:42.793+00:00,73616,996060cc-1738-4269-9a35-58ffa0c7dd73,,10,FAULT,0x04C0,I2C_TIMEOUT|SENSOR_RANGE|SELFTEST,0,1,1,0,0,0,0.0,0.0,0.0,4.983,2.565,597.96,307.8,-25.0,-12.5,0.0,0.0,0.0,0.0,0.0,0.0,,0.0,0,0,0,0,0,8.0,0.0,49289.23,30449.35,79738.58,0.0,0.0
2026-06-05T00:49:42.897+00:00,73745,996060cc-1738-4269-9a35-58ffa0c7dd73,,10,FAULT,0x04C0,I2C_TIMEOUT|SENSOR_RANGE|SELFTEST,0,1,1,0,0,0,0.0,0.0,0.0,4.961,2.549,595.32,305.88,-25.0,-12.5,0.0,0.0,0.0,0.0,0.0,0.0,,0.0,0,0,0,0,0,8.0,0.0,49366.03,30488.81,79854.84,0.0,0.0
2026-06-05T00:49:42.982+00:00,73874,996060cc-1738-4269-9a35-58ffa0c7dd73,,10,FAULT,0x04C0,I2C_TIMEOUT|SENSOR_RANGE|SELFTEST,0,1,1,0,0,0,0.0,0.0,0.0,4.992,2.562,599.04,307.44,-25.0,-12.5,0.0,0.0,0.0,0.0,0.0,0.0,,0.0,0,0,0,0,0,8.0,0.0,49443.3,30528.47,79971.77,0.0,0.0
2026-06-05T00:49:43.110+00:00,74003,996060cc-1738-4269-9a35-58ffa0c7dd73,,10,FAULT,0x04C0,I2C_TIMEOUT|SENSOR_RANGE|SELFTEST,0,1,1,0,0,0,0.0,0.0,0.0,4.975,2.557,597.0,306.84,-25.0,-12.5,0.0,0.0,0.0,0.0,0.0,0.0,,0.0,0,0,0,0,0,8.0,0.0,49520.32,30568.05,80088.37,0.0,0.0
2026-06-05T00:49:43.240+00:00,74133,996060cc-1738-4269-9a35-58ffa0c7dd73,,10,FAULT,0x04C0,I2C_TIMEOUT|SENSOR_RANGE|SELFTEST,0,1,1,0,0,0,0.0,0.0,0.0,4.992,2.567,599.04,308.04,-25.0,-12.5,0.0,0.0,0.0,0.0,0.0,0.0,,0.0,0,0,0,0,0,8.0,0.0,49598.19,30608.1,80206.29,0.0,0.0
2026-06-05T00:49:43.438+00:00,74262,996060cc-1738-4269-9a35-58ffa0c7dd73,,10,FAULT,0x04C0,I2C_TIMEOUT|SENSOR_RANGE|SELFTEST,0,1,1,0,0,0,0.0,0.0,0.0,4.979,2.558,597.48,306.96,-25.0,-12.5,0.0,0.0,0.0,0.0,0.0,0.0,,0.0,0,0,0,0,0,8.0,0.0,49675.27,30647.69,80322.96,0.0,0.0
2026-06-05T00:49:43.541+00:00,74391,996060cc-1738-4269-9a35-58ffa0c7dd73,,10,FAULT,0x04C0,I2C_TIMEOUT|SENSOR_RANGE|SELFTEST,0,1,1,0,0,0,0.0,0.0,0.0,4.988,2.562,598.56,307.44,-25.0,-12.5,0.0,0.0,0.0,0.0,0.0,0.0,,0.0,0,0,0,0,0,8.0,0.0,49752.48,30687.35,80439.83,0.0,0.0
2026-06-05T00:49:43.643+00:00,74520,996060cc-1738-4269-9a35-58ffa0c7dd73,,10,FAULT,0x04C0,I2C_TIMEOUT|SENSOR_RANGE|SELFTEST,0,1,1,0,0,0,0.0,0.0,0.0,4.987,2.564,598.44,307.68,-25.0,-12.5,0.0,0.0,0.0,0.0,0.0,0.0,,0.0,0,0,0,0,0,8.0,0.0,49829.68,30727.04,80556.72,0.0,0.0
2026-06-05T00:49:43.757+00:00,74649,996060cc-1738-4269-9a35-58ffa0c7dd73,,10,FAULT,0x04C0,I2C_TIMEOUT|SENSOR_RANGE|SELFTEST,0,1,1,0,0,0,0.0,0.0,0.0,4.968,2.563,596.16,307.56,-25.0,-12.5,0.0,0.0,0.0,0.0,0.0,0.0,,0.0,0,0,0,0,0,8.0,0.0,49906.58,30766.72,80673.3,0.0,0.0
2026-06-05T00:49:43.887+00:00,74778,996060cc-1738-4269-9a35-58ffa0c7dd73,,10,FAULT,0x04C0,I2C_TIMEOUT|SENSOR_RANGE|SELFTEST,0,1,1,0,0,0,0.0,0.0,0.0,4.986,2.574,598.32,308.88,-25.0,-12.5,0.0,0.0,0.0,0.0,0.0,0.0,,0.0,0,0,0,0,0,8.0,0.0,49983.77,30806.57,80790.33,0.0,0.0
2026-06-05T00:49:44.018+00:00,74907,996060cc-1738-4269-9a35-58ffa0c7dd73,,10,FAULT,0x04C0,I2C_TIMEOUT|SENSOR_RANGE|SELFTEST,0,1,1,0,0,0,0.0,0.0,0.0,4.952,2.554,594.24,306.48,-25.0,-12.5,0.0,0.0,0.0,0.0,0.0,0.0,,0.0,0,0,0,0,0,8.0,0.0,50060.42,30846.1,80906.52,0.0,0.0
2026-06-05T00:49:44.233+00:00,75036,996060cc-1738-4269-9a35-58ffa0c7dd73,,10,FAULT,0x04C0,I2C_TIMEOUT|SENSOR_RANGE|SELFTEST,0,1,1,0,0,0,0.0,0.0,0.0,4.991,2.581,598.92,309.72,-25.0,-12.5,0.0,0.0,0.0,0.0,0.0,0.0,,0.0,0,0,0,0,0,8.0,0.0,50137.68,30886.06,81023.74,0.0,0.0
2026-06-05T00:49:44.341+00:00,75165,996060cc-1738-4269-9a35-58ffa0c7dd73,,10,FAULT,0x04C0,I2C_TIMEOUT|SENSOR_RANGE|SELFTEST,0,1,1,0,0,0,0.0,0.0,0.0,4.934,2.544,592.08,305.28,-25.0,-12.5,0.0,0.0,0.0,0.0,0.0,0.0,,0.0,0,0,0,0,0,8.0,0.0,50214.06,30925.44,81139.5,0.0,0.0
2026-06-05T00:49:44.447+00:00,75294,996060cc-1738-4269-9a35-58ffa0c7dd73,,10,FAULT,0x04C0,I2C_TIMEOUT|SENSOR_RANGE|SELFTEST,0,1,1,0,0,0,0.0,0.0,0.0,4.983,2.565,597.96,307.8,-25.0,-12.5,0.0,0.0,0.0,0.0,0.0,0.0,,0.0,0,0,0,0,0,8.0,0.0,50291.2,30965.14,81256.34,0.0,0.0
2026-06-05T00:49:44.534+00:00,75423,996060cc-1738-4269-9a35-58ffa0c7dd73,,10,FAULT,0x04C0,I2C_TIMEOUT|SENSOR_RANGE|SELFTEST,0,1,1,0,0,0,0.0,0.0,0.0,4.912,2.522,589.44,302.64,-25.0,-12.5,0.0,0.0,0.0,0.0,0.0,0.0,,0.0,0,0,0,0,0,8.0,0.0,50367.24,31004.18,81371.42,0.0,0.0
2026-06-05T00:49:44.662+00:00,75553,996060cc-1738-4269-9a35-58ffa0c7dd73,,10,FAULT,0x04C0,I2C_TIMEOUT|SENSOR_RANGE|SELFTEST,0,1,1,0,0,0,0.0,0.0,0.0,4.973,2.562,596.76,307.44,-25.0,-12.5,0.0,0.0,0.0,0.0,0.0,0.0,,0.0,0,0,0,0,0,8.0,0.0,50444.82,31044.15,81488.97,0.0,0.0
2026-06-05T00:49:44.793+00:00,75682,996060cc-1738-4269-9a35-58ffa0c7dd73,,10,FAULT,0x04C0,I2C_TIMEOUT|SENSOR_RANGE|SELFTEST,0,1,1,0,0,0,0.0,0.0,0.0,4.901,2.519,588.12,302.28,-25.0,-12.5,0.0,0.0,0.0,0.0,0.0,0.0,,0.0,0,0,0,0,0,8.0,0.0,50520.68,31083.14,81603.83,0.0,0.0
2026-06-05T00:49:44.987+00:00,75811,996060cc-1738-4269-9a35-58ffa0c7dd73,,10,FAULT,0x04C0,I2C_TIMEOUT|SENSOR_RANGE|SELFTEST,0,1,1,0,0,0,0.0,0.0,0.0,4.961,2.547,595.32,305.64,-25.0,-12.5,0.0,0.0,0.0,0.0,0.0,0.0,,0.0,0,0,0,0,0,8.0,0.0,50597.48,31122.57,81720.05,0.0,0.0
2026-06-05T00:49:45.088+00:00,75940,996060cc-1738-4269-9a35-58ffa0c7dd73,,10,FAULT,0x04C0,I2C_TIMEOUT|SENSOR_RANGE|SELFTEST,0,1,1,0,0,0,0.0,0.0,0.0,4.904,2.512,588.48,301.44,-25.0,-12.5,0.0,0.0,0.0,0.0,0.0,0.0,,0.0,0,0,0,0,0,8.0,0.0,50673.39,31161.46,81834.85,0.0,0.0
2026-06-05T00:49:45.190+00:00,76069,996060cc-1738-4269-9a35-58ffa0c7dd73,,10,FAULT,0x04C0,I2C_TIMEOUT|SENSOR_RANGE|SELFTEST,0,1,1,0,0,0,0.0,0.0,0.0,4.963,2.544,595.56,305.28,-25.0,-12.5,0.0,0.0,0.0,0.0,0.0,0.0,,0.0,0,0,0,0,0,8.0,0.0,50750.22,31200.84,81951.06,0.0,0.0
2026-06-05T00:49:45.309+00:00,76198,996060cc-1738-4269-9a35-58ffa0c7dd73,,10,FAULT,0x04C0,I2C_TIMEOUT|SENSOR_RANGE|SELFTEST,0,1,1,0,0,0,0.0,0.0,0.0,4.915,2.52,589.8,302.4,-25.0,-12.5,0.0,0.0,0.0,0.0,0.0,0.0,,0.0,0,0,0,0,0,8.0,0.0,50826.3,31239.85,82066.15,0.0,0.0
2026-06-05T00:49:45.440+00:00,76327,996060cc-1738-4269-9a35-58ffa0c7dd73,,10,FAULT,0x04C0,I2C_TIMEOUT|SENSOR_RANGE|SELFTEST,0,1,1,0,0,0,0.0,0.0,0.0,4.956,2.542,594.72,305.04,-25.0,-12.5,0.0,0.0,0.0,0.0,0.0,0.0,,0.0,0,0,0,0,0,8.0,0.0,50903.02,31279.2,82182.22,0.0,0.0
2026-06-05T00:49:45.570+00:00,76456,996060cc-1738-4269-9a35-58ffa0c7dd73,,10,FAULT,0x04C0,I2C_TIMEOUT|SENSOR_RANGE|SELFTEST,0,1,1,0,0,0,0.0,0.0,0.0,4.921,2.527,590.52,303.24,-25.0,-12.5,0.0,0.0,0.0,0.0,0.0,0.0,,0.0,0,0,0,0,0,8.0,0.0,50979.2,31318.32,82297.52,0.0,0.0
2026-06-05T00:49:45.725+00:00,76585,996060cc-1738-4269-9a35-58ffa0c7dd73,,10,FAULT,0x04C0,I2C_TIMEOUT|SENSOR_RANGE|SELFTEST,0,1,1,0,0,0,0.0,0.0,0.0,4.953,2.542,594.36,305.04,-25.0,-12.5,0.0,0.0,0.0,0.0,0.0,0.0,,0.0,0,0,0,0,0,8.0,0.0,51055.87,31357.67,82413.54,0.0,0.0
2026-06-05T00:49:45.864+00:00,76715,996060cc-1738-4269-9a35-58ffa0c7dd73,,10,FAULT,0x04C0,I2C_TIMEOUT|SENSOR_RANGE|SELFTEST,0,1,1,0,0,0,0.0,0.0,0.0,4.942,2.536,593.04,304.32,-25.0,-12.5,0.0,0.0,0.0,0.0,0.0,0.0,,0.0,0,0,0,0,0,8.0,0.0,51132.97,31397.23,82530.2,0.0,0.0
2026-06-05T00:49:45.956+00:00,76844,996060cc-1738-4269-9a35-58ffa0c7dd73,,10,FAULT,0x04C0,I2C_TIMEOUT|SENSOR_RANGE|SELFTEST,0,1,1,0,0,0,0.0,0.0,0.0,4.962,2.544,595.44,305.28,-25.0,-12.5,0.0,0.0,0.0,0.0,0.0,0.0,,0.0,0,0,0,0,0,8.0,0.0,51209.78,31436.61,82646.39,0.0,0.0
2026-06-05T00:49:46.087+00:00,76974,996060cc-1738-4269-9a35-58ffa0c7dd73,,10,FAULT,0x04C0,I2C_TIMEOUT|SENSOR_RANGE|SELFTEST,0,1,1,0,0,0,0.0,0.0,0.0,4.956,2.538,594.72,304.56,-25.0,-12.5,0.0,0.0,0.0,0.0,0.0,0.0,,0.0,0,0,0,0,0,8.0,0.0,51287.09,31476.2,82763.3,0.0,0.0
2026-06-05T00:49:46.217+00:00,77103,996060cc-1738-4269-9a35-58ffa0c7dd73,,10,FAULT,0x04C0,I2C_TIMEOUT|SENSOR_RANGE|SELFTEST,0,1,1,0,0,0,0.0,0.0,0.0,4.968,2.55,596.16,306.0,-25.0,-12.5,0.0,0.0,0.0,0.0,0.0,0.0,,0.0,0,0,0,0,0,8.0,0.0,51364.0,31515.68,82879.67,0.0,0.0
2026-06-05T00:49:46.345+00:00,77232,996060cc-1738-4269-9a35-58ffa0c7dd73,,10,FAULT,0x04C0,I2C_TIMEOUT|SENSOR_RANGE|SELFTEST,0,1,1,0,0,0,0.0,0.0,0.0,4.968,2.549,596.16,305.88,-25.0,-12.5,0.0,0.0,0.0,0.0,0.0,0.0,,0.0,0,0,0,0,0,8.0,0.0,51440.9,31555.13,82996.04,0.0,0.0
2026-06-05T00:49:46.551+00:00,77361,996060cc-1738-4269-9a35-58ffa0c7dd73,,10,FAULT,0x04C0,I2C_TIMEOUT|SENSOR_RANGE|SELFTEST,0,1,1,0,0,0,0.0,0.0,0.0,4.966,2.545,595.92,305.4,-25.0,-12.5,0.0,0.0,0.0,0.0,0.0,0.0,,0.0,0,0,0,0,0,8.0,0.0,51517.78,31594.53,83112.31,0.0,0.0
2026-06-05T00:49:46.656+00:00,77490,996060cc-1738-4269-9a35-58ffa0c7dd73,,10,FAULT,0x04C0,I2C_TIMEOUT|SENSOR_RANGE|SELFTEST,0,1,1,0,0,0,0.0,0.0,0.0,4.98,2.551,597.6,306.12,-25.0,-12.5,0.0,0.0,0.0,0.0,0.0,0.0,,0.0,0,0,0,0,0,8.0,0.0,51594.87,31634.02,83228.89,0.0,0.0
2026-06-05T00:49:46.734+00:00,77619,996060cc-1738-4269-9a35-58ffa0c7dd73,,10,FAULT,0x04C0,I2C_TIMEOUT|SENSOR_RANGE|SELFTEST,0,1,1,0,0,0,0.0,0.0,0.0,4.966,2.548,595.92,305.76,-25.0,-12.5,0.0,0.0,0.0,0.0,0.0,0.0,,0.0,0,0,0,0,0,8.0,0.0,51671.74,31673.46,83345.2,0.0,0.0
2026-06-05T00:49:46.861+00:00,77748,996060cc-1738-4269-9a35-58ffa0c7dd73,,10,FAULT,0x04C0,I2C_TIMEOUT|SENSOR_RANGE|SELFTEST,0,1,1,0,0,0,0.0,0.0,0.0,4.99,2.573,598.8,308.76,-25.0,-12.5,0.0,0.0,0.0,0.0,0.0,0.0,,0.0,0,0,0,0,0,8.0,0.0,51748.99,31713.29,83462.28,0.0,0.0
2026-06-05T00:49:46.992+00:00,77877,996060cc-1738-4269-9a35-58ffa0c7dd73,,10,FAULT,0x04C0,I2C_TIMEOUT|SENSOR_RANGE|SELFTEST,0,1,1,0,0,0,0.0,0.0,0.0,4.96,2.558,595.2,306.96,-25.0,-12.5,0.0,0.0,0.0,0.0,0.0,0.0,,0.0,0,0,0,0,0,8.0,0.0,51825.77,31752.89,83578.66,0.0,0.0
2026-06-05T00:49:47.199+00:00,78006,996060cc-1738-4269-9a35-58ffa0c7dd73,,10,FAULT,0x04C0,I2C_TIMEOUT|SENSOR_RANGE|SELFTEST,0,1,1,0,0,0,0.0,0.0,0.0,4.998,2.577,599.76,309.24,-25.0,-12.5,0.0,0.0,0.0,0.0,0.0,0.0,,0.0,0,0,0,0,0,8.0,0.0,51903.14,31792.78,83695.92,0.0,0.0
2026-06-05T00:49:47.303+00:00,78135,996060cc-1738-4269-9a35-58ffa0c7dd73,,10,FAULT,0x04C0,I2C_TIMEOUT|SENSOR_RANGE|SELFTEST,0,1,1,0,0,0,0.0,0.0,0.0,4.949,2.549,593.88,305.88,-25.0,-12.5,0.0,0.0,0.0,0.0,0.0,0.0,,0.0,0,0,0,0,0,8.0,0.0,51979.75,31832.24,83811.99,0.0,0.0
2026-06-05T00:49:47.407+00:00,78264,996060cc-1738-4269-9a35-58ffa0c7dd73,,10,FAULT,0x04C0,I2C_TIMEOUT|SENSOR_RANGE|SELFTEST,0,1,1,0,0,0,0.0,0.0,0.0,5.004,2.581,600.48,309.72,-25.0,-12.5,0.0,0.0,0.0,0.0,0.0,0.0,,0.0,0,0,0,0,0,8.0,0.0,52057.21,31872.2,83929.4,0.0,0.0
2026-06-05T00:49:47.508+00:00,78394,996060cc-1738-4269-9a35-58ffa0c7dd73,,10,FAULT,0x04C0,I2C_TIMEOUT|SENSOR_RANGE|SELFTEST,0,1,1,0,0,0,0.0,0.0,0.0,4.942,2.548,593.04,305.76,-25.0,-12.5,0.0,0.0,0.0,0.0,0.0,0.0,,0.0,0,0,0,0,0,8.0,0.0,52134.3,31911.95,84046.25,0.0,0.0
2026-06-05T00:49:47.639+00:00,78523,996060cc-1738-4269-9a35-58ffa0c7dd73,,10,FAULT,0x04C0,I2C_TIMEOUT|SENSOR_RANGE|SELFTEST,0,1,1,0,0,0,0.0,0.0,0.0,4.998,2.573,599.76,308.76,-25.0,-12.5,0.0,0.0,0.0,0.0,0.0,0.0,,0.0,0,0,0,0,0,8.0,0.0,52211.67,31951.78,84163.45,0.0,0.0
2026-06-05T00:49:47.770+00:00,78652,996060cc-1738-4269-9a35-58ffa0c7dd73,,10,FAULT,0x04C0,I2C_TIMEOUT|SENSOR_RANGE|SELFTEST,0,1,1,0,0,0,0.0,0.0,0.0,4.926,2.54,591.12,304.8,-25.0,-12.5,0.0,0.0,0.0,0.0,0.0,0.0,,0.0,0,0,0,0,0,8.0,0.0,52287.93,31991.09,84279.02,0.0,0.0
2026-06-05T00:49:47.942+00:00,78781,996060cc-1738-4269-9a35-58ffa0c7dd73,,10,FAULT,0x04C0,I2C_TIMEOUT|SENSOR_RANGE|SELFTEST,0,1,1,0,0,0,0.0,0.0,0.0,4.981,2.58,597.72,309.6,-25.0,-12.5,0.0,0.0,0.0,0.0,0.0,0.0,,0.0,0,0,0,0,0,8.0,0.0,52365.03,32031.03,84396.07,0.0,0.0
2026-06-05T00:49:48.041+00:00,78910,996060cc-1738-4269-9a35-58ffa0c7dd73,,10,FAULT,0x04C0,I2C_TIMEOUT|SENSOR_RANGE|SELFTEST,0,1,1,0,0,0,0.0,0.0,0.0,4.927,2.541,591.24,304.92,-25.0,-12.5,0.0,0.0,0.0,0.0,0.0,0.0,,0.0,0,0,0,0,0,8.0,0.0,52441.3,32070.37,84511.67,0.0,0.0
2026-06-05T00:49:48.156+00:00,79039,996060cc-1738-4269-9a35-58ffa0c7dd73,,10,FAULT,0x04C0,I2C_TIMEOUT|SENSOR_RANGE|SELFTEST,0,1,1,0,0,0,0.0,0.0,0.0,4.979,2.571,597.48,308.52,-25.0,-12.5,0.0,0.0,0.0,0.0,0.0,0.0,,0.0,0,0,0,0,0,8.0,0.0,52518.38,32110.17,84628.54,0.0,0.0
2026-06-05T00:49:48.286+00:00,79168,996060cc-1738-4269-9a35-58ffa0c7dd73,,10,FAULT,0x04C0,I2C_TIMEOUT|SENSOR_RANGE|SELFTEST,0,1,1,0,0,0,0.0,0.0,0.0,4.929,2.543,591.48,305.16,-25.0,-12.5,0.0,0.0,0.0,0.0,0.0,0.0,,0.0,0,0,0,0,0,8.0,0.0,52594.68,32149.53,84744.21,0.0,0.0
2026-06-05T00:49:48.414+00:00,79297,996060cc-1738-4269-9a35-58ffa0c7dd73,,10,FAULT,0x04C0,I2C_TIMEOUT|SENSOR_RANGE|SELFTEST,0,1,1,0,0,0,0.0,0.0,0.0,4.978,2.576,597.36,309.12,-25.0,-12.5,0.0,0.0,0.0,0.0,0.0,0.0,,0.0,0,0,0,0,0,8.0,0.0,52671.74,32189.41,84861.15,0.0,0.0
2026-06-05T00:49:48.544+00:00,79426,996060cc-1738-4269-9a35-58ffa0c7dd73,,10,FAULT,0x04C0,I2C_TIMEOUT|SENSOR_RANGE|SELFTEST,0,1,1,0,0,0,0.0,0.0,0.0,4.94,2.554,592.8,306.48,-25.0,-12.5,0.0,0.0,0.0,0.0,0.0,0.0,,0.0,0,0,0,0,0,8.0,0.0,52748.21,32228.94,84977.15,0.0,0.0
2026-06-05T00:49:48.714+00:00,79555,996060cc-1738-4269-9a35-58ffa0c7dd73,,10,FAULT,0x04C0,I2C_TIMEOUT|SENSOR_RANGE|SELFTEST,0,1,1,0,0,0,0.0,0.0,0.0,4.98,2.576,597.6,309.12,-25.0,-12.5,0.0,0.0,0.0,0.0,0.0,0.0,,0.0,0,0,0,0,0,8.0,0.0,52825.3,32268.82,85094.12,0.0,0.0
2026-06-05T00:49:48.861+00:00,79685,996060cc-1738-4269-9a35-58ffa0c7dd73,,10,FAULT,0x04C0,I2C_TIMEOUT|SENSOR_RANGE|SELFTEST,0,1,1,0,0,0,0.0,0.0,0.0,4.948,2.563,593.76,307.56,-25.0,-12.5,0.0,0.0,0.0,0.0,0.0,0.0,,0.0,0,0,0,0,0,8.0,0.0,52902.49,32308.8,85211.29,0.0,0.0
2026-06-05T00:49:48.933+00:00,79814,996060cc-1738-4269-9a35-58ffa0c7dd73,,10,FAULT,0x04C0,I2C_TIMEOUT|SENSOR_RANGE|SELFTEST,0,1,1,0,0,0,0.0,0.0,0.0,4.982,2.579,597.84,309.48,-25.0,-12.5,0.0,0.0,0.0,0.0,0.0,0.0,,0.0,0,0,0,0,0,8.0,0.0,52979.61,32348.73,85328.34,0.0,0.0
2026-06-05T00:49:49.061+00:00,79943,996060cc-1738-4269-9a35-58ffa0c7dd73,,10,FAULT,0x04C0,I2C_TIMEOUT|SENSOR_RANGE|SELFTEST,0,1,1,0,0,0,0.0,0.0,0.0,4.965,2.57,595.8,308.4,-25.0,-12.5,0.0,0.0,0.0,0.0,0.0,0.0,,0.0,0,0,0,0,0,8.0,0.0,53056.47,32388.51,85444.98,0.0,0.0
2026-06-05T00:49:49.192+00:00,80072,996060cc-1738-4269-9a35-58ffa0c7dd73,,10,FAULT,0x04C0,I2C_TIMEOUT|SENSOR_RANGE|SELFTEST,0,1,1,0,0,0,0.0,0.0,0.0,4.976,2.579,597.12,309.48,-25.0,-12.5,0.0,0.0,0.0,0.0,0.0,0.0,,0.0,0,0,0,0,0,8.0,0.0,53133.5,32428.43,85561.93,0.0,0.0
2026-06-05T00:49:49.418+00:00,80201,996060cc-1738-4269-9a35-58ffa0c7dd73,,10,FAULT,0x04C0,I2C_TIMEOUT|SENSOR_RANGE|SELFTEST,0,1,1,0,0,0,0.0,0.0,0.0,4.961,2.57,595.32,308.4,-25.0,-12.5,0.0,0.0,0.0,0.0,0.0,0.0,,0.0,0,0,0,0,0,8.0,0.0,53210.29,32468.22,85678.51,0.0,0.0
2026-06-05T00:49:49.458+00:00,80330,996060cc-1738-4269-9a35-58ffa0c7dd73,,10,FAULT,0x04C0,I2C_TIMEOUT|SENSOR_RANGE|SELFTEST,0,1,1,0,0,0,0.0,0.0,0.0,4.968,2.576,596.16,309.12,-25.0,-12.5,0.0,0.0,0.0,0.0,0.0,0.0,,0.0,0,0,0,0,0,8.0,0.0,53287.2,32508.09,85795.29,0.0,0.0
2026-06-05T00:49:49.656+00:00,80459,996060cc-1738-4269-9a35-58ffa0c7dd73,,10,FAULT,0x04C0,I2C_TIMEOUT|SENSOR_RANGE|SELFTEST,0,1,1,0,0,0,0.0,0.0,0.0,4.972,2.572,596.64,308.64,-25.0,-12.5,0.0,0.0,0.0,0.0,0.0,0.0,,0.0,0,0,0,0,0,8.0,0.0,53364.16,32547.91,85912.07,0.0,0.0
2026-06-05T00:49:49.708+00:00,80588,996060cc-1738-4269-9a35-58ffa0c7dd73,,10,FAULT,0x04C0,I2C_TIMEOUT|SENSOR_RANGE|SELFTEST,0,1,1,0,0,0,0.0,0.0,0.0,4.972,2.574,596.64,308.88,-25.0,-12.5,0.0,0.0,0.0,0.0,0.0,0.0,,0.0,0,0,0,0,0,8.0,0.0,53441.13,32587.75,86028.88,0.0,0.0
2026-06-05T00:49:49.839+00:00,80717,996060cc-1738-4269-9a35-58ffa0c7dd73,,10,FAULT,0x04C0,I2C_TIMEOUT|SENSOR_RANGE|SELFTEST,0,1,1,0,0,0,0.0,0.0,0.0,4.983,2.573,597.96,308.76,-25.0,-12.5,0.0,0.0,0.0,0.0,0.0,0.0,,0.0,0,0,0,0,0,8.0,0.0,53518.27,32627.58,86145.85,0.0,0.0
2026-06-05T00:49:49.966+00:00,80846,996060cc-1738-4269-9a35-58ffa0c7dd73,,10,FAULT,0x04C0,I2C_TIMEOUT|SENSOR_RANGE|SELFTEST,0,1,1,0,0,0,0.0,0.0,0.0,4.968,2.571,596.16,308.52,-25.0,-12.5,0.0,0.0,0.0,0.0,0.0,0.0,,0.0,0,0,0,0,0,8.0,0.0,53595.17,32667.38,86262.55,0.0,0.0
2026-06-05T00:49:50.097+00:00,80975,996060cc-1738-4269-9a35-58ffa0c7dd73,,10,FAULT,0x04C0,I2C_TIMEOUT|SENSOR_RANGE|SELFTEST,0,1,1,0,0,0,0.0,0.0,0.0,4.989,2.589,598.68,310.68,-25.0,-12.5,0.0,0.0,0.0,0.0,0.0,0.0,,0.0,0,0,0,0,0,8.0,0.0,53672.4,32707.46,86379.86,0.0,0.0
2026-06-05T00:49:50.294+00:00,81104,996060cc-1738-4269-9a35-58ffa0c7dd73,,10,FAULT,0x04C0,I2C_TIMEOUT|SENSOR_RANGE|SELFTEST,0,1,1,0,0,0,0.0,0.0,0.0,4.962,2.573,595.44,308.76,-25.0,-12.5,0.0,0.0,0.0,0.0,0.0,0.0,,0.0,0,0,0,0,0,8.0,0.0,53749.21,32747.29,86496.5,0.0,0.0
2026-06-05T00:49:50.399+00:00,81234,996060cc-1738-4269-9a35-58ffa0c7dd73,,10,FAULT,0x04C0,I2C_TIMEOUT|SENSOR_RANGE|SELFTEST,0,1,1,0,0,0,0.0,0.0,0.0,4.994,2.586,599.28,310.32,-25.0,-12.5,0.0,0.0,0.0,0.0,0.0,0.0,,0.0,0,0,0,0,0,8.0,0.0,53827.12,32787.63,86614.75,0.0,0.0
2026-06-05T00:49:50.486+00:00,81363,996060cc-1738-4269-9a35-58ffa0c7dd73,,10,FAULT,0x04C0,I2C_TIMEOUT|SENSOR_RANGE|SELFTEST,0,1,1,0,0,0,0.0,0.0,0.0,4.946,2.56,593.52,307.2,-25.0,-12.5,0.0,0.0,0.0,0.0,0.0,0.0,,0.0,0,0,0,0,0,8.0,0.0,53903.68,32827.26,86730.94,0.0,0.0
2026-06-05T00:49:50.613+00:00,81492,996060cc-1738-4269-9a35-58ffa0c7dd73,,10,FAULT,0x04C0,I2C_TIMEOUT|SENSOR_RANGE|SELFTEST,0,1,1,0,0,0,0.0,0.0,0.0,4.993,2.589,599.16,310.68,-25.0,-12.5,0.0,0.0,0.0,0.0,0.0,0.0,,0.0,0,0,0,0,0,8.0,0.0,53980.98,32867.34,86848.31,0.0,0.0
2026-06-05T00:49:50.744+00:00,81622,996060cc-1738-4269-9a35-58ffa0c7dd73,,10,FAULT,0x04C0,I2C_TIMEOUT|SENSOR_RANGE|SELFTEST,0,1,1,0,0,0,0.0,0.0,0.0,4.923,2.556,590.76,306.72,-25.0,-12.5,0.0,0.0,0.0,0.0,0.0,0.0,,0.0,0,0,0,0,0,8.0,0.0,54057.77,32907.21,86964.99,0.0,0.0
2026-06-05T00:49:50.936+00:00,81751,996060cc-1738-4269-9a35-58ffa0c7dd73,,10,FAULT,0x04C0,I2C_TIMEOUT|SENSOR_RANGE|SELFTEST,0,1,1,0,0,0,0.0,0.0,0.0,4.979,2.579,597.48,309.48,-25.0,-12.5,0.0,0.0,0.0,0.0,0.0,0.0,,0.0,0,0,0,0,0,8.0,0.0,54134.85,32947.13,87081.98,0.0,0.0
2026-06-05T00:49:51.034+00:00,81880,996060cc-1738-4269-9a35-58ffa0c7dd73,,10,FAULT,0x04C0,I2C_TIMEOUT|SENSOR_RANGE|SELFTEST,0,1,1,0,0,0,0.0,0.0,0.0,4.913,2.543,589.56,305.16,-25.0,-12.5,0.0,0.0,0.0,0.0,0.0,0.0,,0.0,0,0,0,0,0,8.0,0.0,54210.9,32986.5,87197.4,0.0,0.0
2026-06-05T00:49:51.133+00:00,82009,996060cc-1738-4269-9a35-58ffa0c7dd73,,10,FAULT,0x04C0,I2C_TIMEOUT|SENSOR_RANGE|SELFTEST,0,1,1,0,0,0,0.0,0.0,0.0,4.968,2.574,596.16,308.88,-25.0,-12.5,0.0,0.0,0.0,0.0,0.0,0.0,,0.0,0,0,0,0,0,8.0,0.0,54287.81,33026.35,87314.15,0.0,0.0
2026-06-05T00:49:51.261+00:00,82138,996060cc-1738-4269-9a35-58ffa0c7dd73,,10,FAULT,0x04C0,I2C_TIMEOUT|SENSOR_RANGE|SELFTEST,0,1,1,0,0,0,0.0,0.0,0.0,4.904,2.532,588.48,303.84,-25.0,-12.5,0.0,0.0,0.0,0.0,0.0,0.0,,0.0,0,0,0,0,0,8.0,0.0,54363.72,33065.54,87429.26,0.0,0.0
2026-06-05T00:49:51.391+00:00,82267,996060cc-1738-4269-9a35-58ffa0c7dd73,,10,FAULT,0x04C0,I2C_TIMEOUT|SENSOR_RANGE|SELFTEST,0,1,1,0,0,0,0.0,0.0,0.0,4.96,2.561,595.2,307.32,-25.0,-12.5,0.0,0.0,0.0,0.0,0.0,0.0,,0.0,0,0,0,0,0,8.0,0.0,54440.5,33105.19,87545.69,0.0,0.0
2026-06-05T00:49:51.521+00:00,82396,996060cc-1738-4269-9a35-58ffa0c7dd73,,10,FAULT,0x04C0,I2C_TIMEOUT|SENSOR_RANGE|SELFTEST,0,1,1,0,0,0,0.0,0.0,0.0,4.899,2.533,587.88,303.96,-25.0,-12.5,0.0,0.0,0.0,0.0,0.0,0.0,,0.0,0,0,0,0,0,8.0,0.0,54516.34,33144.4,87660.74,0.0,0.0
2026-06-05T00:49:51.664+00:00,82525,996060cc-1738-4269-9a35-58ffa0c7dd73,,10,FAULT,0x04C0,I2C_TIMEOUT|SENSOR_RANGE|SELFTEST,0,1,1,0,0,0,0.0,0.0,0.0,4.949,2.561,593.88,307.32,-25.0,-12.5,0.0,0.0,0.0,0.0,0.0,0.0,,0.0,0,0,0,0,0,8.0,0.0,54592.95,33184.04,87776.99,0.0,0.0
2026-06-05T00:49:51.859+00:00,82655,996060cc-1738-4269-9a35-58ffa0c7dd73,,10,FAULT,0x04C0,I2C_TIMEOUT|SENSOR_RANGE|SELFTEST,0,1,1,0,0,0,0.0,0.0,0.0,4.907,2.535,588.84,304.2,-25.0,-12.5,0.0,0.0,0.0,0.0,0.0,0.0,,0.0,0,0,0,0,0,8.0,0.0,54669.5,33223.59,87893.09,0.0,0.0
2026-06-05T00:49:51.907+00:00,82784,996060cc-1738-4269-9a35-58ffa0c7dd73,,10,FAULT,0x04C0,I2C_TIMEOUT|SENSOR_RANGE|SELFTEST,0,1,1,0,0,0,0.0,0.0,0.0,4.948,2.556,593.76,306.72,-25.0,-12.5,0.0,0.0,0.0,0.0,0.0,0.0,,0.0,0,0,0,0,0,8.0,0.0,54746.09,33263.15,88009.25,0.0,0.0
2026-06-05T00:49:52.038+00:00,82913,996060cc-1738-4269-9a35-58ffa0c7dd73,,10,FAULT,0x04C0,I2C_TIMEOUT|SENSOR_RANGE|SELFTEST,0,1,1,0,0,0,0.0,0.0,0.0,4.918,2.538,590.16,304.56,-25.0,-12.5,0.0,0.0,0.0,0.0,0.0,0.0,,0.0,0,0,0,0,0,8.0,0.0,54822.22,33302.44,88124.67,0.0,0.0
2026-06-05T00:49:52.166+00:00,83042,996060cc-1738-4269-9a35-58ffa0c7dd73,,10,FAULT,0x04C0,I2C_TIMEOUT|SENSOR_RANGE|SELFTEST,0,1,1,0,0,0,0.0,0.0,0.0,4.953,2.56,594.36,307.2,-25.0,-12.5,0.0,0.0,0.0,0.0,0.0,0.0,,0.0,0,0,0,0,0,8.0,0.0,54898.9,33342.07,88240.97,0.0,0.0
2026-06-05T00:49:52.297+00:00,83171,996060cc-1738-4269-9a35-58ffa0c7dd73,,10,FAULT,0x04C0,I2C_TIMEOUT|SENSOR_RANGE|SELFTEST,0,1,1,0,0,0,0.0,0.0,0.0,4.933,2.544,591.96,305.28,-25.0,-12.5,0.0,0.0,0.0,0.0,0.0,0.0,,0.0,0,0,0,0,0,8.0,0.0,54975.26,33381.45,88356.71,0.0,0.0
2026-06-05T00:49:52.498+00:00,83300,996060cc-1738-4269-9a35-58ffa0c7dd73,,10,FAULT,0x04C0,I2C_TIMEOUT|SENSOR_RANGE|SELFTEST,0,1,1,0,0,0,0.0,0.0,0.0,4.949,2.55,593.88,306.0,-25.0,-12.5,0.0,0.0,0.0,0.0,0.0,0.0,,0.0,0,0,0,0,0,8.0,0.0,55051.87,33420.93,88472.8,0.0,0.0
2026-06-05T00:49:52.603+00:00,83429,996060cc-1738-4269-9a35-58ffa0c7dd73,,10,FAULT,0x04C0,I2C_TIMEOUT|SENSOR_RANGE|SELFTEST,0,1,1,0,0,0,0.0,0.0,0.0,4.945,2.545,593.4,305.4,-25.0,-12.5,0.0,0.0,0.0,0.0,0.0,0.0,,0.0,0,0,0,0,0,8.0,0.0,55128.42,33460.32,88588.74,0.0,0.0
2026-06-05T00:49:52.685+00:00,83558,996060cc-1738-4269-9a35-58ffa0c7dd73,,10,FAULT,0x04C0,I2C_TIMEOUT|SENSOR_RANGE|SELFTEST,0,1,1,0,0,0,0.0,0.0,0.0,4.956,2.556,594.72,306.72,-25.0,-12.5,0.0,0.0,0.0,0.0,0.0,0.0,,0.0,0,0,0,0,0,8.0,0.0,55205.14,33499.89,88705.03,0.0,0.0
2026-06-05T00:49:52.813+00:00,83687,996060cc-1738-4269-9a35-58ffa0c7dd73,,10,FAULT,0x04C0,I2C_TIMEOUT|SENSOR_RANGE|SELFTEST,0,1,1,0,0,0,0.0,0.0,0.0,4.953,2.548,594.36,305.76,-25.0,-12.5,0.0,0.0,0.0,0.0,0.0,0.0,,0.0,0,0,0,0,0,8.0,0.0,55281.81,33539.33,88821.14,0.0,0.0
2026-06-05T00:49:52.943+00:00,83816,996060cc-1738-4269-9a35-58ffa0c7dd73,,10,FAULT,0x04C0,I2C_TIMEOUT|SENSOR_RANGE|SELFTEST,0,1,1,0,0,0,0.0,0.0,0.0,4.957,2.555,594.84,306.6,-25.0,-12.5,0.0,0.0,0.0,0.0,0.0,0.0,,0.0,0,0,0,0,0,8.0,0.0,55358.54,33578.88,88937.43,0.0,0.0
2026-06-05T00:49:53.139+00:00,83945,996060cc-1738-4269-9a35-58ffa0c7dd73,,10,FAULT,0x04C0,I2C_TIMEOUT|SENSOR_RANGE|SELFTEST,0,1,1,0,0,0,0.0,0.0,0.0,4.96,2.554,595.2,306.48,-25.0,-12.5,0.0,0.0,0.0,0.0,0.0,0.0,,0.0,0,0,0,0,0,8.0,0.0,55435.32,33618.42,89053.74,0.0,0.0
2026-06-05T00:49:53.239+00:00,84075,996060cc-1738-4269-9a35-58ffa0c7dd73,,10,FAULT,0x04C0,I2C_TIMEOUT|SENSOR_RANGE|SELFTEST,0,1,1,0,0,0,0.0,0.0,0.0,4.954,2.558,594.48,306.96,-25.0,-12.5,0.0,0.0,0.0,0.0,0.0,0.0,,0.0,0,0,0,0,0,8.0,0.0,55512.61,33658.32,89170.93,0.0,0.0
2026-06-05T00:49:53.343+00:00,84204,996060cc-1738-4269-9a35-58ffa0c7dd73,,10,FAULT,0x04C0,I2C_TIMEOUT|SENSOR_RANGE|SELFTEST,0,1,1,0,0,0,0.0,0.0,0.0,4.967,2.569,596.04,308.28,-25.0,-12.5,0.0,0.0,0.0,0.0,0.0,0.0,,0.0,0,0,0,0,0,8.0,0.0,55589.5,33698.09,89287.59,0.0,0.0
2026-06-05T00:49:53.460+00:00,84333,996060cc-1738-4269-9a35-58ffa0c7dd73,,10,FAULT,0x04C0,I2C_TIMEOUT|SENSOR_RANGE|SELFTEST,0,1,1,0,0,0,0.0,0.0,0.0,4.954,2.563,594.48,307.56,-25.0,-12.5,0.0,0.0,0.0,0.0,0.0,0.0,,0.0,0,0,0,0,0,8.0,0.0,55666.18,33737.77,89403.95,0.0,0.0
2026-06-05T00:49:53.590+00:00,84462,996060cc-1738-4269-9a35-58ffa0c7dd73,,10,FAULT,0x04C0,I2C_TIMEOUT|SENSOR_RANGE|SELFTEST,0,1,1,0,0,0,0.0,0.0,0.0,4.984,2.574,598.08,308.88,-25.0,-12.5,0.0,0.0,0.0,0.0,0.0,0.0,,0.0,0,0,0,0,0,8.0,0.0,55743.34,33777.61,89520.95,0.0,0.0
2026-06-05T00:49:53.718+00:00,84591,996060cc-1738-4269-9a35-58ffa0c7dd73,,10,FAULT,0x04C0,I2C_TIMEOUT|SENSOR_RANGE|SELFTEST,0,1,1,0,0,0,0.0,0.0,0.0,4.951,2.565,594.12,307.8,-25.0,-12.5,0.0,0.0,0.0,0.0,0.0,0.0,,0.0,0,0,0,0,0,8.0,0.0,55819.98,33817.32,89637.3,0.0,0.0
2026-06-05T00:49:53.876+00:00,84720,996060cc-1738-4269-9a35-58ffa0c7dd73,,10,FAULT,0x04C0,I2C_TIMEOUT|SENSOR_RANGE|SELFTEST,0,1,1,0,0,0,0.0,0.0,0.0,4.991,2.591,598.92,310.92,-25.0,-12.5,0.0,0.0,0.0,0.0,0.0,0.0,,0.0,0,0,0,0,0,8.0,0.0,55897.24,33857.43,89754.67,0.0,0.0
2026-06-05T00:49:54.015+00:00,84849,996060cc-1738-4269-9a35-58ffa0c7dd73,,10,FAULT,0x04C0,I2C_TIMEOUT|SENSOR_RANGE|SELFTEST,0,1,1,0,0,0,0.0,0.0,0.0,4.931,2.559,591.72,307.08,-25.0,-12.5,0.0,0.0,0.0,0.0,0.0,0.0,,0.0,0,0,0,0,0,8.0,0.0,55973.57,33897.04,89870.61,0.0,0.0
2026-06-05T00:49:54.107+00:00,84978,996060cc-1738-4269-9a35-58ffa0c7dd73,,10,FAULT,0x04C0,I2C_TIMEOUT|SENSOR_RANGE|SELFTEST,0,1,1,0,0,0,0.0,0.0,0.0,4.985,2.584,598.2,310.08,-25.0,-12.5,0.0,0.0,0.0,0.0,0.0,0.0,,0.0,0,0,0,0,0,8.0,0.0,56050.74,33937.04,89987.78,0.0,0.0
2026-06-05T00:49:54.237+00:00,85107,996060cc-1738-4269-9a35-58ffa0c7dd73,,10,FAULT,0x04C0,I2C_TIMEOUT|SENSOR_RANGE|SELFTEST,0,1,1,0,0,0,0.0,0.0,0.0,4.921,2.554,590.52,306.48,-25.0,-12.5,0.0,0.0,0.0,0.0,0.0,0.0,,0.0,0,0,0,0,0,8.0,0.0,56126.92,33976.58,90103.49,0.0,0.0
2026-06-05T00:49:54.365+00:00,85236,996060cc-1738-4269-9a35-58ffa0c7dd73,,10,FAULT,0x04C0,I2C_TIMEOUT|SENSOR_RANGE|SELFTEST,0,1,1,0,0,0,0.0,0.0,0.0,4.981,2.583,597.72,309.96,-25.0,-12.5,0.0,0.0,0.0,0.0,0.0,0.0,,0.0,0,0,0,0,0,8.0,0.0,56204.02,34016.56,90220.58,0.0,0.0
2026-06-05T00:49:54.504+00:00,85366,996060cc-1738-4269-9a35-58ffa0c7dd73,,10,FAULT,0x04C0,I2C_TIMEOUT|SENSOR_RANGE|SELFTEST,0,1,1,0,0,0,0.0,0.0,0.0,4.911,2.54,589.32,304.8,-25.0,-12.5,0.0,0.0,0.0,0.0,0.0,0.0,,0.0,0,0,0,0,0,8.0,0.0,56280.63,34056.19,90336.82,0.0,0.0
2026-06-05T00:49:54.656+00:00,85495,996060cc-1738-4269-9a35-58ffa0c7dd73,,10,FAULT,0x04C0,I2C_TIMEOUT|SENSOR_RANGE|SELFTEST,0,1,1,0,0,0,0.0,0.0,0.0,4.971,2.569,596.52,308.28,-25.0,-12.5,0.0,0.0,0.0,0.0,0.0,0.0,,0.0,0,0,0,0,0,8.0,0.0,56357.58,34095.95,90453.54,0.0,0.0
2026-06-05T00:49:54.756+00:00,85624,996060cc-1738-4269-9a35-58ffa0c7dd73,,10,FAULT,0x04C0,I2C_TIMEOUT|SENSOR_RANGE|SELFTEST,0,1,1,0,0,0,0.0,0.0,0.0,4.917,2.541,590.04,304.92,-25.0,-12.5,0.0,0.0,0.0,0.0,0.0,0.0,,0.0,0,0,0,0,0,8.0,0.0,56433.7,34135.29,90568.99,0.0,0.0
2026-06-05T00:49:54.884+00:00,85753,996060cc-1738-4269-9a35-58ffa0c7dd73,,10,FAULT,0x04C0,I2C_TIMEOUT|SENSOR_RANGE|SELFTEST,0,1,1,0,0,0,0.0,0.0,0.0,4.97,2.574,596.4,308.88,-25.0,-12.5,0.0,0.0,0.0,0.0,0.0,0.0,,0.0,0,0,0,0,0,8.0,0.0,56510.63,34175.14,90685.77,0.0,0.0
2026-06-05T00:49:55.012+00:00,85882,996060cc-1738-4269-9a35-58ffa0c7dd73,,10,FAULT,0x04C0,I2C_TIMEOUT|SENSOR_RANGE|SELFTEST,0,1,1,0,0,0,0.0,0.0,0.0,4.929,2.547,591.48,305.64,-25.0,-12.5,0.0,0.0,0.0,0.0,0.0,0.0,,0.0,0,0,0,0,0,8.0,0.0,56586.94,34214.56,90801.5,0.0,0.0
2026-06-05T00:49:55.143+00:00,86011,996060cc-1738-4269-9a35-58ffa0c7dd73,,10,FAULT,0x04C0,I2C_TIMEOUT|SENSOR_RANGE|SELFTEST,0,1,1,0,0,0,0.0,0.0,0.0,4.974,2.573,596.88,308.76,-25.0,-12.5,0.0,0.0,0.0,0.0,0.0,0.0,,0.0,0,0,0,0,0,8.0,0.0,56663.93,34254.39,90918.33,0.0,0.0
2026-06-05T00:49:55.275+00:00,86140,996060cc-1738-4269-9a35-58ffa0c7dd73,,10,FAULT,0x04C0,I2C_TIMEOUT|SENSOR_RANGE|SELFTEST,0,1,1,0,0,0,0.0,0.0,0.0,4.928,2.551,591.36,306.12,-25.0,-12.5,0.0,0.0,0.0,0.0,0.0,0.0,,0.0,0,0,0,0,0,8.0,0.0,56740.22,34293.88,91034.1,0.0,0.0
2026-06-05T00:49:55.481+00:00,86269,996060cc-1738-4269-9a35-58ffa0c7dd73,,10,FAULT,0x04C0,I2C_TIMEOUT|SENSOR_RANGE|SELFTEST,0,1,1,0,0,0,0.0,0.0,0.0,4.974,2.578,596.88,309.36,-25.0,-12.5,0.0,0.0,0.0,0.0,0.0,0.0,,0.0,0,0,0,0,0,8.0,0.0,56817.22,34333.79,91151.01,0.0,0.0
2026-06-05T00:49:55.585+00:00,86398,996060cc-1738-4269-9a35-58ffa0c7dd73,,10,FAULT,0x04C0,I2C_TIMEOUT|SENSOR_RANGE|SELFTEST,0,1,1,0,0,0,0.0,0.0,0.0,4.946,2.562,593.52,307.44,-25.0,-12.5,0.0,0.0,0.0,0.0,0.0,0.0,,0.0,0,0,0,0,0,8.0,0.0,56893.78,34373.45,91267.23,0.0,0.0
2026-06-05T00:49:55.659+00:00,86528,996060cc-1738-4269-9a35-58ffa0c7dd73,,10,FAULT,0x04C0,I2C_TIMEOUT|SENSOR_RANGE|SELFTEST,0,1,1,0,0,0,0.0,0.0,0.0,4.977,2.571,597.24,308.52,-25.0,-12.5,0.0,0.0,0.0,0.0,0.0,0.0,,0.0,0,0,0,0,0,8.0,0.0,56971.42,34413.56,91384.98,0.0,0.0
2026-06-05T00:49:55.790+00:00,86657,996060cc-1738-4269-9a35-58ffa0c7dd73,,10,FAULT,0x04C0,I2C_TIMEOUT|SENSOR_RANGE|SELFTEST,0,1,1,0,0,0,0.0,0.0,0.0,4.962,2.559,595.44,307.08,-25.0,-12.5,0.0,0.0,0.0,0.0,0.0,0.0,,0.0,0,0,0,0,0,8.0,0.0,57048.23,34453.17,91501.4,0.0,0.0
2026-06-05T00:49:55.918+00:00,86786,996060cc-1738-4269-9a35-58ffa0c7dd73,,10,FAULT,0x04C0,I2C_TIMEOUT|SENSOR_RANGE|SELFTEST,0,1,1,0,0,0,0.0,0.0,0.0,4.978,2.575,597.36,309.0,-25.0,-12.5,0.0,0.0,0.0,0.0,0.0,0.0,,0.0,0,0,0,0,0,8.0,0.0,57125.29,34493.03,91618.32,0.0,0.0
2026-06-05T00:49:56.126+00:00,86916,996060cc-1738-4269-9a35-58ffa0c7dd73,,10,FAULT,0x04C0,I2C_TIMEOUT|SENSOR_RANGE|SELFTEST,0,1,1,0,0,0,0.0,0.0,0.0,4.968,2.57,596.16,308.4,-25.0,-12.5,0.0,0.0,0.0,0.0,0.0,0.0,,0.0,0,0,0,0,0,8.0,0.0,57202.79,34533.12,91735.92,0.0,0.0
2026-06-05T00:49:56.229+00:00,87045,996060cc-1738-4269-9a35-58ffa0c7dd73,,10,FAULT,0x04C0,I2C_TIMEOUT|SENSOR_RANGE|SELFTEST,0,1,1,0,0,0,0.0,0.0,0.0,4.972,2.572,596.64,308.64,-25.0,-12.5,0.0,0.0,0.0,0.0,0.0,0.0,,0.0,0,0,0,0,0,8.0,0.0,57279.76,34572.94,91852.7,0.0,0.0
2026-06-05T00:49:56.335+00:00,87174,996060cc-1738-4269-9a35-58ffa0c7dd73,,10,FAULT,0x04C0,I2C_TIMEOUT|SENSOR_RANGE|SELFTEST,0,1,1,0,0,0,0.0,0.0,0.0,4.976,2.565,597.12,307.8,-25.0,-12.5,0.0,0.0,0.0,0.0,0.0,0.0,,0.0,0,0,0,0,0,8.0,0.0,57356.79,34612.64,91969.43,0.0,0.0
2026-06-05T00:49:56.437+00:00,87303,996060cc-1738-4269-9a35-58ffa0c7dd73,,10,FAULT,0x04C0,I2C_TIMEOUT|SENSOR_RANGE|SELFTEST,0,1,1,0,0,0,0.0,0.0,0.0,4.968,2.568,596.16,308.16,-25.0,-12.5,0.0,0.0,0.0,0.0,0.0,0.0,,0.0,0,0,0,0,0,8.0,0.0,57433.69,34652.4,92086.09,0.0,0.0
2026-06-05T00:49:56.565+00:00,87432,996060cc-1738-4269-9a35-58ffa0c7dd73,,10,FAULT,0x04C0,I2C_TIMEOUT|SENSOR_RANGE|SELFTEST,0,1,1,0,0,0,0.0,0.0,0.0,4.983,2.574,597.96,308.88,-25.0,-12.5,0.0,0.0,0.0,0.0,0.0,0.0,,0.0,0,0,0,0,0,8.0,0.0,57510.83,34692.24,92203.07,0.0,0.0
2026-06-05T00:49:56.695+00:00,87561,996060cc-1738-4269-9a35-58ffa0c7dd73,,10,FAULT,0x04C0,I2C_TIMEOUT|SENSOR_RANGE|SELFTEST,0,1,1,0,0,0,0.0,0.0,0.0,5.039,2.6,604.68,312.0,-25.0,-12.5,0.0,0.0,0.0,0.0,0.0,0.0,,0.0,0,0,0,0,0,8.0,0.0,57588.83,34732.49,92321.32,0.0,0.0
2026-06-05T00:49:56.869+00:00,87690,996060cc-1738-4269-9a35-58ffa0c7dd73,,10,FAULT,0x04C0,I2C_TIMEOUT|SENSOR_RANGE|SELFTEST,0,1,1,0,0,0,0.0,0.0,0.0,5.076,2.616,609.12,313.92,-25.0,-12.5,0.0,0.0,0.0,0.0,0.0,0.0,,0.0,0,0,0,0,0,8.0,0.0,57667.41,34772.99,92440.4,0.0,0.0
2026-06-05T00:49:56.969+00:00,87819,996060cc-1738-4269-9a35-58ffa0c7dd73,,10,FAULT,0x04C0,I2C_TIMEOUT|SENSOR_RANGE|SELFTEST,0,1,1,0,0,0,0.0,0.0,0.0,5.089,2.626,610.68,315.12,-25.0,-12.5,0.0,0.0,0.0,0.0,0.0,0.0,,0.0,0,0,0,0,0,8.0,0.0,57746.19,34813.64,92559.82,0.0,0.0
2026-06-05T00:49:57.084+00:00,87948,996060cc-1738-4269-9a35-58ffa0c7dd73,,10,FAULT,0x04C0,I2C_TIMEOUT|SENSOR_RANGE|SELFTEST,0,1,1,0,0,0,0.0,0.0,0.0,5.111,2.641,613.32,316.92,-25.0,-12.5,0.0,0.0,0.0,0.0,0.0,0.0,,0.0,0,0,0,0,0,8.0,0.0,57825.31,34854.52,92679.83,0.0,0.0
2026-06-05T00:49:57.212+00:00,88077,996060cc-1738-4269-9a35-58ffa0c7dd73,,10,FAULT,0x04C0,I2C_TIMEOUT|SENSOR_RANGE|SELFTEST,0,1,1,0,0,0,0.0,0.0,0.0,5.075,2.621,609.0,314.52,-25.0,-12.5,0.0,0.0,0.0,0.0,0.0,0.0,,0.0,0,0,0,0,0,8.0,0.0,57903.87,34895.09,92798.96,0.0,0.0
2026-06-05T00:49:57.342+00:00,88207,996060cc-1738-4269-9a35-58ffa0c7dd73,,10,FAULT,0x04C0,I2C_TIMEOUT|SENSOR_RANGE|SELFTEST,0,1,1,0,0,0,0.0,0.0,0.0,5.13,2.651,615.6,318.12,-25.0,-12.5,0.0,0.0,0.0,0.0,0.0,0.0,,0.0,0,0,0,0,0,8.0,0.0,57983.9,34936.45,92920.34,0.0,0.0
2026-06-05T00:49:57.470+00:00,88336,996060cc-1738-4269-9a35-58ffa0c7dd73,,10,FAULT,0x04C0,I2C_TIMEOUT|SENSOR_RANGE|SELFTEST,0,1,1,0,0,0,0.0,0.0,0.0,5.076,2.618,609.12,314.16,-25.0,-12.5,0.0,0.0,0.0,0.0,0.0,0.0,,0.0,0,0,0,0,0,8.0,0.0,58062.47,34976.97,93039.45,0.0,0.0
2026-06-05T00:49:57.601+00:00,88465,996060cc-1738-4269-9a35-58ffa0c7dd73,,10,FAULT,0x04C0,I2C_TIMEOUT|SENSOR_RANGE|SELFTEST,0,1,1,0,0,0,0.0,0.0,0.0,5.136,2.655,616.32,318.6,-25.0,-12.5,0.0,0.0,0.0,0.0,0.0,0.0,,0.0,0,0,0,0,0,8.0,0.0,58141.98,35018.07,93160.05,0.0,0.0
2026-06-05T00:49:57.790+00:00,88594,996060cc-1738-4269-9a35-58ffa0c7dd73,,10,FAULT,0x04C0,I2C_TIMEOUT|SENSOR_RANGE|SELFTEST,0,1,1,0,0,0,0.0,0.0,0.0,5.076,2.619,609.12,314.28,-25.0,-12.5,0.0,0.0,0.0,0.0,0.0,0.0,,0.0,0,0,0,0,0,8.0,0.0,58220.55,35058.62,93279.17,0.0,0.0
2026-06-05T00:49:57.858+00:00,88723,996060cc-1738-4269-9a35-58ffa0c7dd73,,10,FAULT,0x04C0,I2C_TIMEOUT|SENSOR_RANGE|SELFTEST,0,1,1,0,0,0,0.0,0.0,0.0,5.14,2.649,616.8,317.88,-25.0,-12.5,0.0,0.0,0.0,0.0,0.0,0.0,,0.0,0,0,0,0,0,8.0,0.0,58300.12,35099.62,93399.74,0.0,0.0
2026-06-05T00:49:57.989+00:00,88852,996060cc-1738-4269-9a35-58ffa0c7dd73,,10,FAULT,0x04C0,I2C_TIMEOUT|SENSOR_RANGE|SELFTEST,0,1,1,0,0,0,0.0,0.0,0.0,5.085,2.617,610.2,314.04,-25.0,-12.5,0.0,0.0,0.0,0.0,0.0,0.0,,0.0,0,0,0,0,0,8.0,0.0,58378.84,35140.13,93518.97,0.0,0.0
2026-06-05T00:49:58.117+00:00,88981,996060cc-1738-4269-9a35-58ffa0c7dd73,,10,FAULT,0x04C0,I2C_TIMEOUT|SENSOR_RANGE|SELFTEST,0,1,1,0,0,0,0.0,0.0,0.0,5.145,2.651,617.4,318.12,-25.0,-12.5,0.0,0.0,0.0,0.0,0.0,0.0,,0.0,0,0,0,0,0,8.0,0.0,58458.48,35181.17,93639.65,0.0,0.0
2026-06-05T00:49:58.334+00:00,89110,996060cc-1738-4269-9a35-58ffa0c7dd73,,10,FAULT,0x04C0,I2C_TIMEOUT|SENSOR_RANGE|SELFTEST,0,1,1,0,0,0,0.0,0.0,0.0,5.102,2.627,612.24,315.24,-25.0,-12.5,0.0,0.0,0.0,0.0,0.0,0.0,,0.0,0,0,0,0,0,8.0,0.0,58537.46,35221.84,93759.3,0.0,0.0
2026-06-05T00:49:58.435+00:00,89239,996060cc-1738-4269-9a35-58ffa0c7dd73,,10,FAULT,0x04C0,I2C_TIMEOUT|SENSOR_RANGE|SELFTEST,0,1,1,0,0,0,0.0,0.0,0.0,5.153,2.655,618.36,318.6,-25.0,-12.5,0.0,0.0,0.0,0.0,0.0,0.0,,0.0,0,0,0,0,0,8.0,0.0,58617.23,35262.94,93880.16,0.0,0.0
2026-06-05T00:49:58.538+00:00,89368,996060cc-1738-4269-9a35-58ffa0c7dd73,,10,FAULT,0x04C0,I2C_TIMEOUT|SENSOR_RANGE|SELFTEST,0,1,1,0,0,0,0.0,0.0,0.0,5.121,2.637,614.52,316.44,-25.0,-12.5,0.0,0.0,0.0,0.0,0.0,0.0,,0.0,0,0,0,0,0,8.0,0.0,58696.5,35303.76,94000.26,0.0,0.0
2026-06-05T00:49:58.636+00:00,89497,996060cc-1738-4269-9a35-58ffa0c7dd73,,10,FAULT,0x04C0,I2C_TIMEOUT|SENSOR_RANGE|SELFTEST,0,1,1,0,0,0,0.0,0.0,0.0,5.165,2.661,619.8,319.32,-25.0,-12.5,0.0,0.0,0.0,0.0,0.0,0.0,,0.0,0,0,0,0,0,8.0,0.0,58776.46,35344.95,94121.41,0.0,0.0
2026-06-05T00:49:58.764+00:00,89627,996060cc-1738-4269-9a35-58ffa0c7dd73,,10,FAULT,0x04C0,I2C_TIMEOUT|SENSOR_RANGE|SELFTEST,0,1,1,0,0,0,0.0,0.0,0.0,5.144,2.653,617.28,318.36,-25.0,-12.5,0.0,0.0,0.0,0.0,0.0,0.0,,0.0,0,0,0,0,0,8.0,0.0,58856.7,35386.34,94243.04,0.0,0.0
2026-06-05T00:49:58.894+00:00,89756,996060cc-1738-4269-9a35-58ffa0c7dd73,,10,FAULT,0x04C0,I2C_TIMEOUT|SENSOR_RANGE|SELFTEST,0,1,1,0,0,0,0.0,0.0,0.0,5.181,2.676,621.72,321.12,-25.0,-12.5,0.0,0.0,0.0,0.0,0.0,0.0,,0.0,0,0,0,0,0,8.0,0.0,58936.9,35427.76,94364.66,0.0,0.0
2026-06-05T00:49:59.073+00:00,89885,996060cc-1738-4269-9a35-58ffa0c7dd73,,10,FAULT,0x04C0,I2C_TIMEOUT|SENSOR_RANGE|SELFTEST,0,1,1,0,0,0,0.0,0.0,0.0,5.167,2.668,620.04,320.16,-25.0,-12.5,0.0,0.0,0.0,0.0,0.0,0.0,,0.0,0,0,0,0,0,8.0,0.0,59016.89,35469.06,94485.95,0.0,0.0
2026-06-05T00:49:59.172+00:00,90014,996060cc-1738-4269-9a35-58ffa0c7dd73,,10,FAULT,0x04C0,I2C_TIMEOUT|SENSOR_RANGE|SELFTEST,0,1,1,0,0,0,0.0,0.0,0.0,5.191,2.679,622.92,321.48,-25.0,-12.5,0.0,0.0,0.0,0.0,0.0,0.0,,0.0,0,0,0,0,0,8.0,0.0,59097.25,35510.53,94607.78,0.0,0.0
2026-06-05T00:49:59.283+00:00,90143,996060cc-1738-4269-9a35-58ffa0c7dd73,,10,FAULT,0x04C0,I2C_TIMEOUT|SENSOR_RANGE|SELFTEST,0,1,1,0,0,0,0.0,0.0,0.0,5.187,2.675,622.44,321.0,-25.0,-12.5,0.0,0.0,0.0,0.0,0.0,0.0,,0.0,0,0,0,0,0,8.0,0.0,59177.54,35551.94,94729.48,0.0,0.0
2026-06-05T00:49:59.411+00:00,90272,996060cc-1738-4269-9a35-58ffa0c7dd73,,10,FAULT,0x04C0,I2C_TIMEOUT|SENSOR_RANGE|SELFTEST,0,1,1,0,0,0,0.0,0.0,0.0,5.205,2.69,624.6,322.8,-25.0,-12.5,0.0,0.0,0.0,0.0,0.0,0.0,,0.0,0,0,0,0,0,8.0,0.0,59258.11,35593.58,94851.7,0.0,0.0
2026-06-05T00:49:59.541+00:00,90401,996060cc-1738-4269-9a35-58ffa0c7dd73,,10,FAULT,0x04C0,I2C_TIMEOUT|SENSOR_RANGE|SELFTEST,0,1,1,0,0,0,0.0,0.0,0.0,5.211,2.684,625.32,322.08,-25.0,-12.5,0.0,0.0,0.0,0.0,0.0,0.0,,0.0,0,0,0,0,0,8.0,0.0,59338.78,35635.13,94973.91,0.0,0.0
2026-06-05T00:49:59.669+00:00,90530,996060cc-1738-4269-9a35-58ffa0c7dd73,,10,FAULT,0x04C0,I2C_TIMEOUT|SENSOR_RANGE|SELFTEST,0,1,1,0,0,0,0.0,0.0,0.0,5.214,2.69,625.68,322.8,-25.0,-12.5,0.0,0.0,0.0,0.0,0.0,0.0,,0.0,0,0,0,0,0,8.0,0.0,59419.49,35676.77,95096.27,0.0,0.0
2026-06-05T00:49:59.852+00:00,90659,996060cc-1738-4269-9a35-58ffa0c7dd73,,10,FAULT,0x04C0,I2C_TIMEOUT|SENSOR_RANGE|SELFTEST,0,1,1,0,0,0,0.0,0.0,0.0,5.23,2.699,627.6,323.88,-25.0,-12.5,0.0,0.0,0.0,0.0,0.0,0.0,,0.0,0,0,0,0,0,8.0,0.0,59500.45,35718.55,95219.01,0.0,0.0
2026-06-05T00:49:59.953+00:00,90788,996060cc-1738-4269-9a35-58ffa0c7dd73,,10,FAULT,0x04C0,I2C_TIMEOUT|SENSOR_RANGE|SELFTEST,0,1,1,0,0,0,0.0,0.0,0.0,5.226,2.701,627.12,324.12,-25.0,-12.5,0.0,0.0,0.0,0.0,0.0,0.0,,0.0,0,0,0,0,0,8.0,0.0,59581.35,35760.36,95341.72,0.0,0.0
2026-06-05T00:50:00.058+00:00,90917,996060cc-1738-4269-9a35-58ffa0c7dd73,,10,FAULT,0x04C0,I2C_TIMEOUT|SENSOR_RANGE|SELFTEST,0,1,1,0,0,0,0.0,0.0,0.0,5.244,2.709,629.28,325.08,-25.0,-12.5,0.0,0.0,0.0,0.0,0.0,0.0,,0.0,0,0,0,0,0,8.0,0.0,59662.53,35802.3,95464.83,0.0,0.0
2026-06-05T00:50:00.188+00:00,91047,996060cc-1738-4269-9a35-58ffa0c7dd73,,10,FAULT,0x04C0,I2C_TIMEOUT|SENSOR_RANGE|SELFTEST,0,1,1,0,0,0,0.0,0.0,0.0,5.231,2.702,627.72,324.24,-25.0,-12.5,0.0,0.0,0.0,0.0,0.0,0.0,,0.0,0,0,0,0,0,8.0,0.0,59744.13,35844.45,95588.58,0.0,0.0
2026-06-05T00:50:00.316+00:00,91176,996060cc-1738-4269-9a35-58ffa0c7dd73,,10,FAULT,0x04C0,I2C_TIMEOUT|SENSOR_RANGE|SELFTEST,0,1,1,0,0,0,0.0,0.0,0.0,5.265,2.722,631.8,326.64,-25.0,-12.5,0.0,0.0,0.0,0.0,0.0,0.0,,0.0,0,0,0,0,0,8.0,0.0,59825.63,35886.59,95712.22,0.0,0.0
2026-06-05T00:50:00.447+00:00,91305,996060cc-1738-4269-9a35-58ffa0c7dd73,,10,FAULT,0x04C0,I2C_TIMEOUT|SENSOR_RANGE|SELFTEST,0,1,1,0,0,0,0.0,0.0,0.0,5.239,2.704,628.68,324.48,-25.0,-12.5,0.0,0.0,0.0,0.0,0.0,0.0,,0.0,0,0,0,0,0,8.0,0.0,59906.73,35928.44,95835.18,0.0,0.0
2026-06-05T00:50:00.584+00:00,91435,996060cc-1738-4269-9a35-58ffa0c7dd73,,10,FAULT,0x04C0,I2C_TIMEOUT|SENSOR_RANGE|SELFTEST,0,1,1,0,0,0,0.0,0.0,0.0,5.283,2.726,633.96,327.12,-25.0,-12.5,0.0,0.0,0.0,0.0,0.0,0.0,,0.0,0,0,0,0,0,8.0,0.0,59989.15,35970.97,95960.12,0.0,0.0
2026-06-05T00:50:00.779+00:00,91564,996060cc-1738-4269-9a35-58ffa0c7dd73,,10,FAULT,0x04C0,I2C_TIMEOUT|SENSOR_RANGE|SELFTEST,0,1,1,0,0,0,0.0,0.0,0.0,5.235,2.708,628.2,324.96,-25.0,-12.5,0.0,0.0,0.0,0.0,0.0,0.0,,0.0,0,0,0,0,0,8.0,0.0,60070.19,36012.89,96083.08,0.0,0.0
2026-06-05T00:50:00.836+00:00,91693,996060cc-1738-4269-9a35-58ffa0c7dd73,,10,FAULT,0x04C0,I2C_TIMEOUT|SENSOR_RANGE|SELFTEST,0,1,1,0,0,0,0.0,0.0,0.0,5.289,2.735,634.68,328.2,-25.0,-12.5,0.0,0.0,0.0,0.0,0.0,0.0,,0.0,0,0,0,0,0,8.0,0.0,60152.06,36055.23,96207.29,0.0,0.0
2026-06-05T00:50:00.963+00:00,91822,996060cc-1738-4269-9a35-58ffa0c7dd73,,10,FAULT,0x04C0,I2C_TIMEOUT|SENSOR_RANGE|SELFTEST,0,1,1,0,0,0,0.0,0.0,0.0,5.168,2.675,620.16,321.0,-25.0,-12.5,0.0,0.0,0.0,0.0,0.0,0.0,,0.0,0,0,0,0,0,8.0,0.0,60232.06,36096.64,96328.7,0.0,0.0
2026-06-05T00:50:01.094+00:00,91951,996060cc-1738-4269-9a35-58ffa0c7dd73,,10,FAULT,0x04C0,I2C_TIMEOUT|SENSOR_RANGE|SELFTEST,0,1,1,0,0,0,0.0,0.0,0.0,5.2,2.689,624.0,322.68,-25.0,-12.5,0.0,0.0,0.0,0.0,0.0,0.0,,0.0,0,0,0,0,0,8.0,0.0,60312.56,36138.26,96450.82,0.0,0.0
2026-06-05T00:50:01.261+00:00,92080,996060cc-1738-4269-9a35-58ffa0c7dd73,,10,FAULT,0x04C0,I2C_TIMEOUT|SENSOR_RANGE|SELFTEST,0,1,1,0,0,0,0.0,0.0,0.0,5.122,2.656,614.64,318.72,-25.0,-12.5,0.0,0.0,0.0,0.0,0.0,0.0,,0.0,0,0,0,0,0,8.0,0.0,60391.85,36179.38,96571.22,0.0,0.0
2026-06-05T00:50:01.423+00:00,92209,996060cc-1738-4269-9a35-58ffa0c7dd73,,10,FAULT,0x04C0,I2C_TIMEOUT|SENSOR_RANGE|SELFTEST,0,1,1,0,0,0,0.0,0.0,0.0,5.195,2.695,623.4,323.4,-25.0,-12.5,0.0,0.0,0.0,0.0,0.0,0.0,,0.0,0,0,0,0,0,8.0,0.0,60472.26,36221.1,96693.36,0.0,0.0
2026-06-05T00:50:01.526+00:00,92338,996060cc-1738-4269-9a35-58ffa0c7dd73,,10,FAULT,0x04C0,I2C_TIMEOUT|SENSOR_RANGE|SELFTEST,0,1,1,0,0,0,0.0,0.0,0.0,5.126,2.647,615.12,317.64,-25.0,-12.5,0.0,0.0,0.0,0.0,0.0,0.0,,0.0,0,0,0,0,0,8.0,0.0,60551.62,36262.07,96813.69,0.0,0.0
2026-06-05T00:50:01.610+00:00,92468,996060cc-1738-4269-9a35-58ffa0c7dd73,,10,FAULT,0x04C0,I2C_TIMEOUT|SENSOR_RANGE|SELFTEST,0,1,1,0,0,0,0.0,0.0,0.0,5.181,2.672,621.72,320.64,-25.0,-12.5,0.0,0.0,0.0,0.0,0.0,0.0,,0.0,0,0,0,0,0,8.0,0.0,60632.44,36303.76,96936.19,0.0,0.0
2026-06-05T00:50:01.741+00:00,92597,996060cc-1738-4269-9a35-58ffa0c7dd73,,10,FAULT,0x04C0,I2C_TIMEOUT|SENSOR_RANGE|SELFTEST,0,1,1,0,0,0,0.0,0.0,0.0,5.129,2.65,615.48,318.0,-25.0,-12.5,0.0,0.0,0.0,0.0,0.0,0.0,,0.0,0,0,0,0,0,8.0,0.0,60711.84,36344.78,97056.61,0.0,0.0
2026-06-05T00:50:01.868+00:00,92726,996060cc-1738-4269-9a35-58ffa0c7dd73,,10,FAULT,0x04C0,I2C_TIMEOUT|SENSOR_RANGE|SELFTEST,0,1,1,0,0,0,0.0,0.0,0.0,5.18,2.678,621.6,321.36,-25.0,-12.5,0.0,0.0,0.0,0.0,0.0,0.0,,0.0,0,0,0,0,0,8.0,0.0,60792.02,36386.23,97178.25,0.0,0.0
2026-06-05T00:50:02.062+00:00,92855,996060cc-1738-4269-9a35-58ffa0c7dd73,,10,FAULT,0x04C0,I2C_TIMEOUT|SENSOR_RANGE|SELFTEST,0,1,1,0,0,0,0.0,0.0,0.0,5.139,2.658,616.68,318.96,-25.0,-12.5,0.0,0.0,0.0,0.0,0.0,0.0,,0.0,0,0,0,0,0,8.0,0.0,60871.57,36427.38,97298.95,0.0,0.0
2026-06-05T00:50:02.164+00:00,92984,996060cc-1738-4269-9a35-58ffa0c7dd73,,10,FAULT,0x04C0,I2C_TIMEOUT|SENSOR_RANGE|SELFTEST,0,1,1,0,0,0,0.0,0.0,0.0,5.181,2.676,621.72,321.12,-25.0,-12.5,0.0,0.0,0.0,0.0,0.0,0.0,,0.0,0,0,0,0,0,8.0,0.0,60951.78,36468.8,97420.58,0.0,0.0
2026-06-05T00:50:02.264+00:00,93113,996060cc-1738-4269-9a35-58ffa0c7dd73,,10,FAULT,0x04C0,I2C_TIMEOUT|SENSOR_RANGE|SELFTEST,0,1,1,0,0,0,0.0,0.0,0.0,5.153,2.668,618.36,320.16,-25.0,-12.5,0.0,0.0,0.0,0.0,0.0,0.0,,0.0,0,0,0,0,0,8.0,0.0,61031.54,36510.1,97541.65,0.0,0.0
2026-06-05T00:50:02.388+00:00,93242,996060cc-1738-4269-9a35-58ffa0c7dd73,,10,FAULT,0x04C0,I2C_TIMEOUT|SENSOR_RANGE|SELFTEST,0,1,1,0,0,0,0.0,0.0,0.0,5.18,2.678,621.6,321.36,-25.0,-12.5,0.0,0.0,0.0,0.0,0.0,0.0,,0.0,0,0,0,0,0,8.0,0.0,61111.73,36551.56,97663.29,0.0,0.0
2026-06-05T00:50:02.515+00:00,93371,996060cc-1738-4269-9a35-58ffa0c7dd73,,10,FAULT,0x04C0,I2C_TIMEOUT|SENSOR_RANGE|SELFTEST,0,1,1,0,0,0,0.0,0.0,0.0,5.166,2.67,619.92,320.4,-25.0,-12.5,0.0,0.0,0.0,0.0,0.0,0.0,,0.0,0,0,0,0,0,8.0,0.0,61191.7,36592.89,97784.59,0.0,0.0
2026-06-05T00:50:02.646+00:00,93500,996060cc-1738-4269-9a35-58ffa0c7dd73,,10,FAULT,0x04C0,I2C_TIMEOUT|SENSOR_RANGE|SELFTEST,0,1,1,0,0,0,0.0,0.0,0.0,5.18,2.671,621.6,320.52,-25.0,-12.5,0.0,0.0,0.0,0.0,0.0,0.0,,0.0,0,0,0,0,0,8.0,0.0,61271.89,36634.24,97906.12,0.0,0.0
2026-06-05T00:50:02.796+00:00,93629,996060cc-1738-4269-9a35-58ffa0c7dd73,,10,FAULT,0x04C0,I2C_TIMEOUT|SENSOR_RANGE|SELFTEST,0,1,1,0,0,0,0.0,0.0,0.0,5.169,2.665,620.28,319.8,-25.0,-12.5,0.0,0.0,0.0,0.0,0.0,0.0,,0.0,0,0,0,0,0,8.0,0.0,61351.9,36675.49,98027.39,0.0,0.0
2026-06-05T00:50:02.984+00:00,93759,996060cc-1738-4269-9a35-58ffa0c7dd73,,10,FAULT,0x04C0,I2C_TIMEOUT|SENSOR_RANGE|SELFTEST,0,1,1,0,0,0,0.0,0.0,0.0,5.173,2.67,620.76,320.4,-25.0,-12.5,0.0,0.0,0.0,0.0,0.0,0.0,,0.0,0,0,0,0,0,8.0,0.0,61432.6,36717.14,98149.75,0.0,0.0
2026-06-05T00:50:03.035+00:00,93888,996060cc-1738-4269-9a35-58ffa0c7dd73,,10,FAULT,0x04C0,I2C_TIMEOUT|SENSOR_RANGE|SELFTEST,0,1,1,0,0,0,0.0,0.0,0.0,5.174,2.667,620.88,320.04,-25.0,-12.5,0.0,0.0,0.0,0.0,0.0,0.0,,0.0,0,0,0,0,0,8.0,0.0,61512.7,36758.43,98271.12,0.0,0.0
2026-06-05T00:50:03.163+00:00,94017,996060cc-1738-4269-9a35-58ffa0c7dd73,,10,FAULT,0x04C0,I2C_TIMEOUT|SENSOR_RANGE|SELFTEST,0,1,1,0,0,0,0.0,0.0,0.0,5.174,2.668,620.88,320.16,-25.0,-12.5,0.0,0.0,0.0,0.0,0.0,0.0,,0.0,0,0,0,0,0,8.0,0.0,61592.79,36799.73,98392.52,0.0,0.0
2026-06-05T00:50:03.293+00:00,94146,996060cc-1738-4269-9a35-58ffa0c7dd73,,10,FAULT,0x04C0,I2C_TIMEOUT|SENSOR_RANGE|SELFTEST,0,1,1,0,0,0,0.0,0.0,0.0,5.181,2.668,621.72,320.16,-25.0,-12.5,0.0,0.0,0.0,0.0,0.0,0.0,,0.0,0,0,0,0,0,8.0,0.0,61672.99,36841.03,98514.02,0.0,0.0
2026-06-05T00:50:03.422+00:00,94275,996060cc-1738-4269-9a35-58ffa0c7dd73,,10,FAULT,0x04C0,I2C_TIMEOUT|SENSOR_RANGE|SELFTEST,0,1,1,0,0,0,0.0,0.0,0.0,5.169,2.67,620.28,320.4,-25.0,-12.5,0.0,0.0,0.0,0.0,0.0,0.0,,0.0,0,0,0,0,0,8.0,0.0,61753.01,36882.36,98635.37,0.0,0.0
2026-06-05T00:50:03.625+00:00,94404,996060cc-1738-4269-9a35-58ffa0c7dd73,,10,FAULT,0x04C0,I2C_TIMEOUT|SENSOR_RANGE|SELFTEST,0,1,1,0,0,0,0.0,0.0,0.0,5.195,2.685,623.4,322.2,-25.0,-12.5,0.0,0.0,0.0,0.0,0.0,0.0,,0.0,0,0,0,0,0,8.0,0.0,61833.43,36923.93,98757.35,0.0,0.0
2026-06-05T00:50:03.731+00:00,94533,996060cc-1738-4269-9a35-58ffa0c7dd73,,10,FAULT,0x04C0,I2C_TIMEOUT|SENSOR_RANGE|SELFTEST,0,1,1,0,0,0,0.0,0.0,0.0,5.167,2.669,620.04,320.28,-25.0,-12.5,0.0,0.0,0.0,0.0,0.0,0.0,,0.0,0,0,0,0,0,8.0,0.0,61913.41,36965.24,98878.65,0.0,0.0
2026-06-05T00:50:03.810+00:00,94662,996060cc-1738-4269-9a35-58ffa0c7dd73,,10,FAULT,0x04C0,I2C_TIMEOUT|SENSOR_RANGE|SELFTEST,0,1,1,0,0,0,0.0,0.0,0.0,5.206,2.684,624.72,322.08,-25.0,-12.5,0.0,0.0,0.0,0.0,0.0,0.0,,0.0,0,0,0,0,0,8.0,0.0,61994.0,37006.79,99000.79,0.0,0.0
2026-06-05T00:50:03.940+00:00,94791,996060cc-1738-4269-9a35-58ffa0c7dd73,,10,FAULT,0x04C0,I2C_TIMEOUT|SENSOR_RANGE|SELFTEST,0,1,1,0,0,0,0.0,0.0,0.0,5.164,2.67,619.68,320.4,-25.0,-12.5,0.0,0.0,0.0,0.0,0.0,0.0,,0.0,0,0,0,0,0,8.0,0.0,62073.94,37048.12,99122.06,0.0,0.0
2026-06-05T00:50:04.068+00:00,94920,996060cc-1738-4269-9a35-58ffa0c7dd73,,10,FAULT,0x04C0,I2C_TIMEOUT|SENSOR_RANGE|SELFTEST,0,1,1,0,0,0,0.0,0.0,0.0,5.213,2.696,625.56,323.52,-25.0,-12.5,0.0,0.0,0.0,0.0,0.0,0.0,,0.0,0,0,0,0,0,8.0,0.0,62154.64,37089.86,99244.49,0.0,0.0
2026-06-05T00:50:04.267+00:00,95049,996060cc-1738-4269-9a35-58ffa0c7dd73,,10,FAULT,0x04C0,I2C_TIMEOUT|SENSOR_RANGE|SELFTEST,0,1,1,0,0,0,0.0,0.0,0.0,5.153,2.67,618.36,320.4,-25.0,-12.5,0.0,0.0,0.0,0.0,0.0,0.0,,0.0,0,0,0,0,0,8.0,0.0,62234.4,37131.19,99365.59,0.0,0.0
2026-06-05T00:50:04.372+00:00,95179,996060cc-1738-4269-9a35-58ffa0c7dd73,,10,FAULT,0x04C0,I2C_TIMEOUT|SENSOR_RANGE|SELFTEST,0,1,1,0,0,0,0.0,0.0,0.0,5.209,2.691,625.08,322.92,-25.0,-12.5,0.0,0.0,0.0,0.0,0.0,0.0,,0.0,0,0,0,0,0,8.0,0.0,62315.66,37173.17,99488.83,0.0,0.0
2026-06-05T00:50:04.473+00:00,95308,996060cc-1738-4269-9a35-58ffa0c7dd73,,10,FAULT,0x04C0,I2C_TIMEOUT|SENSOR_RANGE|SELFTEST,0,1,1,0,0,0,0.0,0.0,0.0,5.149,2.662,617.88,319.44,-25.0,-12.5,0.0,0.0,0.0,0.0,0.0,0.0,,0.0,0,0,0,0,0,8.0,0.0,62395.37,37214.37,99609.75,0.0,0.0
2026-06-05T00:50:04.588+00:00,95437,996060cc-1738-4269-9a35-58ffa0c7dd73,,10,FAULT,0x04C0,I2C_TIMEOUT|SENSOR_RANGE|SELFTEST,0,1,1,0,0,0,0.0,0.0,0.0,5.213,2.695,625.56,323.4,-25.0,-12.5,0.0,0.0,0.0,0.0,0.0,0.0,,0.0,0,0,0,0,0,8.0,0.0,62476.07,37256.09,99732.16,0.0,0.0
2026-06-05T00:50:04.715+00:00,95566,996060cc-1738-4269-9a35-58ffa0c7dd73,,10,FAULT,0x04C0,I2C_TIMEOUT|SENSOR_RANGE|SELFTEST,0,1,1,0,0,0,0.0,0.0,0.0,5.148,2.666,617.76,319.92,-25.0,-12.5,0.0,0.0,0.0,0.0,0.0,0.0,,0.0,0,0,0,0,0,8.0,0.0,62555.76,37297.36,99853.12,0.0,0.0
2026-06-05T00:50:04.846+00:00,95695,996060cc-1738-4269-9a35-58ffa0c7dd73,,10,FAULT,0x04C0,I2C_TIMEOUT|SENSOR_RANGE|SELFTEST,0,1,1,0,0,0,0.0,0.0,0.0,5.204,2.685,624.48,322.2,-25.0,-12.5,0.0,0.0,0.0,0.0,0.0,0.0,,0.0,0,0,0,0,0,8.0,0.0,62636.32,37338.93,99975.24,0.0,0.0
2026-06-05T00:50:05.059+00:00,95824,996060cc-1738-4269-9a35-58ffa0c7dd73,,10,FAULT,0x04C0,I2C_TIMEOUT|SENSOR_RANGE|SELFTEST,0,1,1,0,0,0,0.0,0.0,0.0,5.156,2.665,618.72,319.8,-25.0,-12.5,0.0,0.0,0.0,0.0,0.0,0.0,,0.0,0,0,0,0,0,8.0,0.0,62716.13,37380.18,100096.31,0.0,0.0
2026-06-05T00:50:05.163+00:00,95953,996060cc-1738-4269-9a35-58ffa0c7dd73,,10,FAULT,0x04C0,I2C_TIMEOUT|SENSOR_RANGE|SELFTEST,0,1,1,0,0,0,0.0,0.0,0.0,5.208,2.693,624.96,323.16,-25.0,-12.5,0.0,0.0,0.0,0.0,0.0,0.0,,0.0,0,0,0,0,0,8.0,0.0,62796.75,37421.87,100218.62,0.0,0.0
2026-06-05T00:50:05.265+00:00,96082,996060cc-1738-4269-9a35-58ffa0c7dd73,,10,FAULT,0x04C0,I2C_TIMEOUT|SENSOR_RANGE|SELFTEST,0,1,1,0,0,0,0.0,0.0,0.0,5.163,2.666,619.56,319.92,-25.0,-12.5,0.0,0.0,0.0,0.0,0.0,0.0,,0.0,0,0,0,0,0,8.0,0.0,62876.67,37463.14,100339.81,0.0,0.0
2026-06-05T00:50:05.362+00:00,96211,996060cc-1738-4269-9a35-58ffa0c7dd73,,10,FAULT,0x04C0,I2C_TIMEOUT|SENSOR_RANGE|SELFTEST,0,1,1,0,0,0,0.0,0.0,0.0,5.206,2.69,624.72,322.8,-25.0,-12.5,0.0,0.0,0.0,0.0,0.0,0.0,,0.0,0,0,0,0,0,8.0,0.0,62957.26,37504.78,100462.04,0.0,0.0
2026-06-05T00:50:05.493+00:00,96340,996060cc-1738-4269-9a35-58ffa0c7dd73,,10,FAULT,0x04C0,I2C_TIMEOUT|SENSOR_RANGE|SELFTEST,0,1,1,0,0,0,0.0,0.0,0.0,5.175,2.677,621.0,321.24,-25.0,-12.5,0.0,0.0,0.0,0.0,0.0,0.0,,0.0,0,0,0,0,0,8.0,0.0,63037.37,37546.22,100583.59,0.0,0.0
2026-06-05T00:50:05.620+00:00,96470,996060cc-1738-4269-9a35-58ffa0c7dd73,,10,FAULT,0x04C0,I2C_TIMEOUT|SENSOR_RANGE|SELFTEST,0,1,1,0,0,0,0.0,0.0,0.0,5.208,2.693,624.96,323.16,-25.0,-12.5,0.0,0.0,0.0,0.0,0.0,0.0,,0.0,0,0,0,0,0,8.0,0.0,63118.62,37588.23,100706.85,0.0,0.0
2026-06-05T00:50:05.800+00:00,96600,996060cc-1738-4269-9a35-58ffa0c7dd73,,10,FAULT,0x04C0,I2C_TIMEOUT|SENSOR_RANGE|SELFTEST,0,1,1,0,0,0,0.0,0.0,0.0,5.184,2.676,622.08,321.12,-25.0,-12.5,0.0,0.0,0.0,0.0,0.0,0.0,,0.0,0,0,0,0,0,8.0,0.0,63199.49,37629.98,100829.46,0.0,0.0
2026-06-05T00:50:05.898+00:00,96729,996060cc-1738-4269-9a35-58ffa0c7dd73,,10,FAULT,0x04C0,I2C_TIMEOUT|SENSOR_RANGE|SELFTEST,0,1,1,0,0,0,0.0,0.0,0.0,5.208,2.689,624.96,322.68,-25.0,-12.5,0.0,0.0,0.0,0.0,0.0,0.0,,0.0,0,0,0,0,0,8.0,0.0,63280.11,37671.6,100951.71,0.0,0.0
2026-06-05T00:50:06.009+00:00,96858,996060cc-1738-4269-9a35-58ffa0c7dd73,,10,FAULT,0x04C0,I2C_TIMEOUT|SENSOR_RANGE|SELFTEST,0,1,1,0,0,0,0.0,0.0,0.0,5.192,2.677,623.04,321.24,-25.0,-12.5,0.0,0.0,0.0,0.0,0.0,0.0,,0.0,0,0,0,0,0,8.0,0.0,63360.48,37713.04,101073.52,0.0,0.0
2026-06-05T00:50:06.140+00:00,96987,996060cc-1738-4269-9a35-58ffa0c7dd73,,10,FAULT,0x04C0,I2C_TIMEOUT|SENSOR_RANGE|SELFTEST,0,1,1,0,0,0,0.0,0.0,0.0,5.203,2.684,624.36,322.08,-25.0,-12.5,0.0,0.0,0.0,0.0,0.0,0.0,,0.0,0,0,0,0,0,8.0,0.0,63441.02,37754.59,101195.61,0.0,0.0
2026-06-05T00:50:06.267+00:00,97116,996060cc-1738-4269-9a35-58ffa0c7dd73,,10,FAULT,0x04C0,I2C_TIMEOUT|SENSOR_RANGE|SELFTEST,0,1,1,0,0,0,0.0,0.0,0.0,5.199,2.676,623.88,321.12,-25.0,-12.5,0.0,0.0,0.0,0.0,0.0,0.0,,0.0,0,0,0,0,0,8.0,0.0,63521.5,37796.01,101317.52,0.0,0.0
2026-06-05T00:50:06.398+00:00,97245,996060cc-1738-4269-9a35-58ffa0c7dd73,,10,FAULT,0x04C0,I2C_TIMEOUT|SENSOR_RANGE|SELFTEST,0,1,1,0,0,0,0.0,0.0,0.0,5.199,2.68,623.88,321.6,-25.0,-12.5,0.0,0.0,0.0,0.0,0.0,0.0,,0.0,0,0,0,0,0,8.0,0.0,63601.98,37837.5,101439.48,0.0,0.0
2026-06-05T00:50:06.526+00:00,97374,996060cc-1738-4269-9a35-58ffa0c7dd73,,10,FAULT,0x04C0,I2C_TIMEOUT|SENSOR_RANGE|SELFTEST,0,1,1,0,0,0,0.0,0.0,0.0,5.201,2.676,624.12,321.12,-25.0,-12.5,0.0,0.0,0.0,0.0,0.0,0.0,,0.0,0,0,0,0,0,8.0,0.0,63682.49,37878.93,101561.42,0.0,0.0
2026-06-05T00:50:06.716+00:00,97503,996060cc-1738-4269-9a35-58ffa0c7dd73,,10,FAULT,0x04C0,I2C_TIMEOUT|SENSOR_RANGE|SELFTEST,0,1,1,0,0,0,0.0,0.0,0.0,5.194,2.681,623.28,321.72,-25.0,-12.5,0.0,0.0,0.0,0.0,0.0,0.0,,0.0,0,0,0,0,0,8.0,0.0,63762.9,37920.43,101683.33,0.0,0.0
2026-06-05T00:50:06.787+00:00,97632,996060cc-1738-4269-9a35-58ffa0c7dd73,,10,FAULT,0x04C0,I2C_TIMEOUT|SENSOR_RANGE|SELFTEST,0,1,1,0,0,0,0.0,0.0,0.0,5.206,2.687,624.72,322.44,-25.0,-12.5,0.0,0.0,0.0,0.0,0.0,0.0,,0.0,0,0,0,0,0,8.0,0.0,63843.49,37962.02,101805.51,0.0,0.0
2026-06-05T00:50:06.914+00:00,97761,996060cc-1738-4269-9a35-58ffa0c7dd73,,10,FAULT,0x04C0,I2C_TIMEOUT|SENSOR_RANGE|SELFTEST,0,1,1,0,0,0,0.0,0.0,0.0,5.193,2.687,623.16,322.44,-25.0,-12.5,0.0,0.0,0.0,0.0,0.0,0.0,,0.0,0,0,0,0,0,8.0,0.0,63923.87,38003.62,101927.49,0.0,0.0
2026-06-05T00:50:07.045+00:00,97891,996060cc-1738-4269-9a35-58ffa0c7dd73,,10,FAULT,0x04C0,I2C_TIMEOUT|SENSOR_RANGE|SELFTEST,0,1,1,0,0,0,0.0,0.0,0.0,5.221,2.699,626.52,323.88,-25.0,-12.5,0.0,0.0,0.0,0.0,0.0,0.0,,0.0,0,0,0,0,0,8.0,0.0,64005.32,38045.72,102051.04,0.0,0.0
2026-06-05T00:50:07.257+00:00,98020,996060cc-1738-4269-9a35-58ffa0c7dd73,,10,FAULT,0x04C0,I2C_TIMEOUT|SENSOR_RANGE|SELFTEST,0,1,1,0,0,0,0.0,0.0,0.0,5.19,2.683,622.8,321.96,-25.0,-12.5,0.0,0.0,0.0,0.0,0.0,0.0,,0.0,0,0,0,0,0,8.0,0.0,64085.66,38087.25,102172.92,0.0,0.0
2026-06-05T00:50:07.363+00:00,98149,996060cc-1738-4269-9a35-58ffa0c7dd73,,10,FAULT,0x04C0,I2C_TIMEOUT|SENSOR_RANGE|SELFTEST,0,1,1,0,0,0,0.0,0.0,0.0,5.229,2.705,627.48,324.6,-25.0,-12.5,0.0,0.0,0.0,0.0,0.0,0.0,,0.0,0,0,0,0,0,8.0,0.0,64166.61,38129.13,102295.74,0.0,0.0
2026-06-05T00:50:07.466+00:00,98278,996060cc-1738-4269-9a35-58ffa0c7dd73,,10,FAULT,0x04C0,I2C_TIMEOUT|SENSOR_RANGE|SELFTEST,0,1,1,0,0,0,0.0,0.0,0.0,5.181,2.679,621.72,321.48,-25.0,-12.5,0.0,0.0,0.0,0.0,0.0,0.0,,0.0,0,0,0,0,0,8.0,0.0,64246.81,38170.6,102417.41,0.0,0.0
2026-06-05T00:50:07.561+00:00,98407,996060cc-1738-4269-9a35-58ffa0c7dd73,,10,FAULT,0x04C0,I2C_TIMEOUT|SENSOR_RANGE|SELFTEST,0,1,1,0,0,0,0.0,0.0,0.0,5.231,2.7,627.72,324.0,-25.0,-12.5,0.0,0.0,0.0,0.0,0.0,0.0,,0.0,0,0,0,0,0,8.0,0.0,64327.79,38212.39,102540.18,0.0,0.0
2026-06-05T00:50:07.692+00:00,98536,996060cc-1738-4269-9a35-58ffa0c7dd73,,10,FAULT,0x04C0,I2C_TIMEOUT|SENSOR_RANGE|SELFTEST,0,1,1,0,0,0,0.0,0.0,0.0,5.171,2.666,620.52,319.92,-25.0,-12.5,0.0,0.0,0.0,0.0,0.0,0.0,,0.0,0,0,0,0,0,8.0,0.0,64407.83,38253.66,102661.5,0.0,0.0
2026-06-05T00:50:07.820+00:00,98665,996060cc-1738-4269-9a35-58ffa0c7dd73,,10,FAULT,0x04C0,I2C_TIMEOUT|SENSOR_RANGE|SELFTEST,0,1,1,0,0,0,0.0,0.0,0.0,5.228,2.694,627.36,323.28,-25.0,-12.5,0.0,0.0,0.0,0.0,0.0,0.0,,0.0,0,0,0,0,0,8.0,0.0,64488.76,38295.37,102784.13,0.0,0.0
2026-06-05T00:50:08.001+00:00,98794,996060cc-1738-4269-9a35-58ffa0c7dd73,,10,FAULT,0x04C0,I2C_TIMEOUT|SENSOR_RANGE|SELFTEST,0,1,1,0,0,0,0.0,0.0,0.0,5.156,2.658,618.72,318.96,-25.0,-12.5,0.0,0.0,0.0,0.0,0.0,0.0,,0.0,0,0,0,0,0,8.0,0.0,64568.58,38336.51,102905.09,0.0,0.0
2026-06-05T00:50:08.097+00:00,98923,996060cc-1738-4269-9a35-58ffa0c7dd73,,10,FAULT,0x04C0,I2C_TIMEOUT|SENSOR_RANGE|SELFTEST,0,1,1,0,0,0,0.0,0.0,0.0,5.218,2.684,626.16,322.08,-25.0,-12.5,0.0,0.0,0.0,0.0,0.0,0.0,,0.0,0,0,0,0,0,8.0,0.0,64649.35,38378.06,103027.41,0.0,0.0
2026-06-05T00:50:08.209+00:00,99052,996060cc-1738-4269-9a35-58ffa0c7dd73,,10,FAULT,0x04C0,I2C_TIMEOUT|SENSOR_RANGE|SELFTEST,0,1,1,0,0,0,0.0,0.0,0.0,5.151,2.65,618.12,318.0,-25.0,-12.5,0.0,0.0,0.0,0.0,0.0,0.0,,0.0,0,0,0,0,0,8.0,0.0,64729.09,38419.08,103148.17,0.0,0.0
2026-06-05T00:50:08.339+00:00,99181,996060cc-1738-4269-9a35-58ffa0c7dd73,,10,FAULT,0x04C0,I2C_TIMEOUT|SENSOR_RANGE|SELFTEST,0,1,1,0,0,0,0.0,0.0,0.0,5.209,2.673,625.08,320.76,-25.0,-12.5,0.0,0.0,0.0,0.0,0.0,0.0,,0.0,0,0,0,0,0,8.0,0.0,64809.72,38460.46,103270.19,0.0,0.0
2026-06-05T00:50:08.467+00:00,99311,996060cc-1738-4269-9a35-58ffa0c7dd73,,10,FAULT,0x04C0,I2C_TIMEOUT|SENSOR_RANGE|SELFTEST,0,1,1,0,0,0,0.0,0.0,0.0,5.146,2.641,617.52,316.92,-25.0,-12.5,0.0,0.0,0.0,0.0,0.0,0.0,,0.0,0,0,0,0,0,8.0,0.0,64890.0,38501.66,103391.66,0.0,0.0
2026-06-05T00:50:08.597+00:00,99440,996060cc-1738-4269-9a35-58ffa0c7dd73,,10,FAULT,0x04C0,I2C_TIMEOUT|SENSOR_RANGE|SELFTEST,0,1,1,0,0,0,0.0,0.0,0.0,5.199,2.667,623.88,320.04,-25.0,-12.5,0.0,0.0,0.0,0.0,0.0,0.0,,0.0,0,0,0,0,0,8.0,0.0,64970.48,38542.95,103513.43,0.0,0.0
2026-06-05T00:50:08.725+00:00,99569,996060cc-1738-4269-9a35-58ffa0c7dd73,,10,FAULT,0x04C0,I2C_TIMEOUT|SENSOR_RANGE|SELFTEST,0,1,1,0,0,0,0.0,0.0,0.0,5.151,2.648,618.12,317.76,-25.0,-12.5,0.0,0.0,0.0,0.0,0.0,0.0,,0.0,0,0,0,0,0,8.0,0.0,65050.22,38583.94,103634.16,0.0,0.0
2026-06-05T00:50:08.916+00:00,99698,996060cc-1738-4269-9a35-58ffa0c7dd73,,10,FAULT,0x04C0,I2C_TIMEOUT|SENSOR_RANGE|SELFTEST,0,1,1,0,0,0,0.0,0.0,0.0,5.2,2.67,624.0,320.4,-25.0,-12.5,0.0,0.0,0.0,0.0,0.0,0.0,,0.0,0,0,0,0,0,8.0,0.0,65130.72,38625.27,103755.99,0.0,0.0
2026-06-05T00:50:08.986+00:00,99827,996060cc-1738-4269-9a35-58ffa0c7dd73,,10,FAULT,0x04C0,I2C_TIMEOUT|SENSOR_RANGE|SELFTEST,0,1,1,0,0,0,0.0,0.0,0.0,5.162,2.653,619.44,318.36,-25.0,-12.5,0.0,0.0,0.0,0.0,0.0,0.0,,0.0,0,0,0,0,0,8.0,0.0,65210.62,38666.34,103876.96,0.0,0.0
2026-06-05T00:50:09.114+00:00,99956,996060cc-1738-4269-9a35-58ffa0c7dd73,,10,FAULT,0x04C0,I2C_TIMEOUT|SENSOR_RANGE|SELFTEST,0,1,1,0,0,0,0.0,0.0,0.0,5.195,2.677,623.4,321.24,-25.0,-12.5,0.0,0.0,0.0,0.0,0.0,0.0,,0.0,0,0,0,0,0,8.0,0.0,65291.04,38707.78,103998.82,0.0,0.0
2026-06-05T00:50:09.245+00:00,100085,996060cc-1738-4269-9a35-58ffa0c7dd73,,10,FAULT,0x04C0,I2C_TIMEOUT|SENSOR_RANGE|SELFTEST,0,1,1,0,0,0,0.0,0.0,0.0,5.174,2.668,620.88,320.16,-25.0,-12.5,0.0,0.0,0.0,0.0,0.0,0.0,,0.0,0,0,0,0,0,8.0,0.0,65371.14,38749.08,104120.21,0.0,0.0
2026-06-05T00:50:09.458+00:00,100214,996060cc-1738-4269-9a35-58ffa0c7dd73,,10,FAULT,0x04C0,I2C_TIMEOUT|SENSOR_RANGE|SELFTEST,0,1,1,0,0,0,0.0,0.0,0.0,5.195,2.678,623.4,321.36,-25.0,-12.5,0.0,0.0,0.0,0.0,0.0,0.0,,0.0,0,0,0,0,0,8.0,0.0,65451.55,38790.53,104242.09,0.0,0.0
2026-06-05T00:50:09.559+00:00,100343,996060cc-1738-4269-9a35-58ffa0c7dd73,,10,FAULT,0x04C0,I2C_TIMEOUT|SENSOR_RANGE|SELFTEST,0,1,1,0,0,0,0.0,0.0,0.0,5.188,2.674,622.56,320.88,-25.0,-12.5,0.0,0.0,0.0,0.0,0.0,0.0,,0.0,0,0,0,0,0,8.0,0.0,65531.87,38831.93,104363.79,0.0,0.0
2026-06-05T00:50:09.662+00:00,100473,996060cc-1738-4269-9a35-58ffa0c7dd73,,10,FAULT,0x04C0,I2C_TIMEOUT|SENSOR_RANGE|SELFTEST,0,1,1,0,0,0,0.0,0.0,0.0,5.195,2.685,623.4,322.2,-25.0,-12.5,0.0,0.0,0.0,0.0,0.0,0.0,,0.0,0,0,0,0,0,8.0,0.0,65612.91,38873.81,104486.72,0.0,0.0
2026-06-05T00:50:09.761+00:00,100602,996060cc-1738-4269-9a35-58ffa0c7dd73,,10,FAULT,0x04C0,I2C_TIMEOUT|SENSOR_RANGE|SELFTEST,0,1,1,0,0,0,0.0,0.0,0.0,5.188,2.677,622.56,321.24,-25.0,-12.5,0.0,0.0,0.0,0.0,0.0,0.0,,0.0,0,0,0,0,0,8.0,0.0,65693.22,38915.25,104608.47,0.0,0.0
2026-06-05T00:50:09.892+00:00,100731,996060cc-1738-4269-9a35-58ffa0c7dd73,,10,FAULT,0x04C0,I2C_TIMEOUT|SENSOR_RANGE|SELFTEST,0,1,1,0,0,0,0.0,0.0,0.0,5.195,2.686,623.4,322.32,-25.0,-12.5,0.0,0.0,0.0,0.0,0.0,0.0,,0.0,0,0,0,0,0,8.0,0.0,65773.64,38956.83,104730.47,0.0,0.0
2026-06-05T00:50:10.020+00:00,100860,996060cc-1738-4269-9a35-58ffa0c7dd73,,10,FAULT,0x04C0,I2C_TIMEOUT|SENSOR_RANGE|SELFTEST,0,1,1,0,0,0,0.0,0.0,0.0,5.199,2.691,623.88,322.92,-25.0,-12.5,0.0,0.0,0.0,0.0,0.0,0.0,,0.0,0,0,0,0,0,8.0,0.0,65854.12,38998.49,104852.61,0.0,0.0
2026-06-05T00:50:10.255+00:00,100989,996060cc-1738-4269-9a35-58ffa0c7dd73,,10,FAULT,0x04C0,I2C_TIMEOUT|SENSOR_RANGE|SELFTEST,0,1,1,0,0,0,0.0,0.0,0.0,5.194,2.691,623.28,322.92,-25.0,-12.5,0.0,0.0,0.0,0.0,0.0,0.0,,0.0,0,0,0,0,0,8.0,0.0,65934.52,39040.15,104974.66,0.0,0.0
2026-06-05T00:50:10.359+00:00,101120,996060cc-1738-4269-9a35-58ffa0c7dd73,,10,FAULT,0x04C0,I2C_TIMEOUT|SENSOR_RANGE|SELFTEST,0,1,1,0,0,0,0.0,0.0,0.0,5.206,2.695,624.72,323.4,-25.0,-12.5,0.0,0.0,0.0,0.0,0.0,0.0,,0.0,0,0,0,0,0,8.0,0.0,66016.36,39082.51,105098.87,0.0,0.0
2026-06-05T00:50:10.463+00:00,101249,996060cc-1738-4269-9a35-58ffa0c7dd73,,10,FAULT,0x04C0,I2C_TIMEOUT|SENSOR_RANGE|SELFTEST,0,1,1,0,0,0,0.0,0.0,0.0,5.182,2.68,621.84,321.6,-25.0,-12.5,0.0,0.0,0.0,0.0,0.0,0.0,,0.0,0,0,0,0,0,8.0,0.0,66096.58,39124.0,105220.57,0.0,0.0
2026-06-05T00:50:10.539+00:00,101378,996060cc-1738-4269-9a35-58ffa0c7dd73,,10,FAULT,0x04C0,I2C_TIMEOUT|SENSOR_RANGE|SELFTEST,0,1,1,0,0,0,0.0,0.0,0.0,5.214,2.701,625.68,324.12,-25.0,-12.5,0.0,0.0,0.0,0.0,0.0,0.0,,0.0,0,0,0,0,0,8.0,0.0,66177.29,39165.81,105343.1,0.0,0.0
2026-06-05T00:50:10.669+00:00,101507,996060cc-1738-4269-9a35-58ffa0c7dd73,,10,FAULT,0x04C0,I2C_TIMEOUT|SENSOR_RANGE|SELFTEST,0,1,1,0,0,0,0.0,0.0,0.0,5.167,2.677,620.04,321.24,-25.0,-12.5,0.0,0.0,0.0,0.0,0.0,0.0,,0.0,0,0,0,0,0,8.0,0.0,66257.27,39207.25,105464.52,0.0,0.0
2026-06-05T00:50:10.797+00:00,101636,996060cc-1738-4269-9a35-58ffa0c7dd73,,10,FAULT,0x04C0,I2C_TIMEOUT|SENSOR_RANGE|SELFTEST,0,1,1,0,0,0,0.0,0.0,0.0,5.208,2.698,624.96,323.76,-25.0,-12.5,0.0,0.0,0.0,0.0,0.0,0.0,,0.0,0,0,0,0,0,8.0,0.0,66337.89,39249.01,105586.91,0.0,0.0
2026-06-05T00:50:11.000+00:00,101765,996060cc-1738-4269-9a35-58ffa0c7dd73,,10,FAULT,0x04C0,I2C_TIMEOUT|SENSOR_RANGE|SELFTEST,0,1,1,0,0,0,0.0,0.0,0.0,5.151,2.663,618.12,319.56,-25.0,-12.5,0.0,0.0,0.0,0.0,0.0,0.0,,0.0,0,0,0,0,0,8.0,0.0,66417.63,39290.24,105707.87,0.0,0.0
2026-06-05T00:50:11.098+00:00,101895,996060cc-1738-4269-9a35-58ffa0c7dd73,,10,FAULT,0x04C0,I2C_TIMEOUT|SENSOR_RANGE|SELFTEST,0,1,1,0,0,0,0.0,0.0,0.0,5.202,2.694,624.24,323.28,-25.0,-12.5,0.0,0.0,0.0,0.0,0.0,0.0,,0.0,0,0,0,0,0,8.0,0.0,66498.78,39332.26,105831.04,0.0,0.0
2026-06-05T00:50:11.200+00:00,102024,996060cc-1738-4269-9a35-58ffa0c7dd73,,10,FAULT,0x04C0,I2C_TIMEOUT|SENSOR_RANGE|SELFTEST,0,1,1,0,0,0,0.0,0.0,0.0,5.142,2.661,617.04,319.32,-25.0,-12.5,0.0,0.0,0.0,0.0,0.0,0.0,,0.0,0,0,0,0,0,8.0,0.0,66578.38,39373.46,105951.84,0.0,0.0
2026-06-05T00:50:11.317+00:00,102153,996060cc-1738-4269-9a35-58ffa0c7dd73,,10,FAULT,0x04C0,I2C_TIMEOUT|SENSOR_RANGE|SELFTEST,0,1,1,0,0,0,0.0,0.0,0.0,5.196,2.69,623.52,322.8,-25.0,-12.5,0.0,0.0,0.0,0.0,0.0,0.0,,0.0,0,0,0,0,0,8.0,0.0,66658.81,39415.1,106073.91,0.0,0.0
2026-06-05T00:50:11.444+00:00,102282,996060cc-1738-4269-9a35-58ffa0c7dd73,,10,FAULT,0x04C0,I2C_TIMEOUT|SENSOR_RANGE|SELFTEST,0,1,1,0,0,0,0.0,0.0,0.0,5.136,2.663,616.32,319.56,-25.0,-12.5,0.0,0.0,0.0,0.0,0.0,0.0,,0.0,0,0,0,0,0,8.0,0.0,66738.32,39456.32,106194.64,0.0,0.0
2026-06-05T00:50:11.575+00:00,102411,996060cc-1738-4269-9a35-58ffa0c7dd73,,10,FAULT,0x04C0,I2C_TIMEOUT|SENSOR_RANGE|SELFTEST,0,1,1,0,0,0,0.0,0.0,0.0,5.187,2.688,622.44,322.56,-25.0,-12.5,0.0,0.0,0.0,0.0,0.0,0.0,,0.0,0,0,0,0,0,8.0,0.0,66818.61,39497.93,106316.54,0.0,0.0
2026-06-05T00:50:11.733+00:00,102541,996060cc-1738-4269-9a35-58ffa0c7dd73,,10,FAULT,0x04C0,I2C_TIMEOUT|SENSOR_RANGE|SELFTEST,0,1,1,0,0,0,0.0,0.0,0.0,5.136,2.666,616.32,319.92,-25.0,-12.5,0.0,0.0,0.0,0.0,0.0,0.0,,0.0,0,0,0,0,0,8.0,0.0,66898.74,39539.52,106438.26,0.0,0.0
2026-06-05T00:50:11.868+00:00,102670,996060cc-1738-4269-9a35-58ffa0c7dd73,,10,FAULT,0x04C0,I2C_TIMEOUT|SENSOR_RANGE|SELFTEST,0,1,1,0,0,0,0.0,0.0,0.0,5.182,2.69,621.84,322.8,-25.0,-12.5,0.0,0.0,0.0,0.0,0.0,0.0,,0.0,0,0,0,0,0,8.0,0.0,66978.95,39581.16,106560.11,0.0,0.0
2026-06-05T00:50:11.964+00:00,102799,996060cc-1738-4269-9a35-58ffa0c7dd73,,10,FAULT,0x04C0,I2C_TIMEOUT|SENSOR_RANGE|SELFTEST,0,1,1,0,0,0,0.0,0.0,0.0,5.134,2.666,616.08,319.92,-25.0,-12.5,0.0,0.0,0.0,0.0,0.0,0.0,,0.0,0,0,0,0,0,8.0,0.0,67058.43,39622.43,106680.86,0.0,0.0
2026-06-05T00:50:12.091+00:00,102928,996060cc-1738-4269-9a35-58ffa0c7dd73,,10,FAULT,0x04C0,I2C_TIMEOUT|SENSOR_RANGE|SELFTEST,0,1,1,0,0,0,0.0,0.0,0.0,5.181,2.686,621.72,322.32,-25.0,-12.5,0.0,0.0,0.0,0.0,0.0,0.0,,0.0,0,0,0,0,0,8.0,0.0,67138.63,39664.01,106802.64,0.0,0.0
2026-06-05T00:50:12.222+00:00,103057,996060cc-1738-4269-9a35-58ffa0c7dd73,,10,FAULT,0x04C0,I2C_TIMEOUT|SENSOR_RANGE|SELFTEST,0,1,1,0,0,0,0.0,0.0,0.0,5.144,2.679,617.28,321.48,-25.0,-12.5,0.0,0.0,0.0,0.0,0.0,0.0,,0.0,0,0,0,0,0,8.0,0.0,67218.26,39705.48,106923.74,0.0,0.0
2026-06-05T00:50:12.352+00:00,103187,996060cc-1738-4269-9a35-58ffa0c7dd73,,10,FAULT,0x04C0,I2C_TIMEOUT|SENSOR_RANGE|SELFTEST,0,1,1,0,0,0,0.0,0.0,0.0,5.181,2.696,621.72,323.52,-25.0,-12.5,0.0,0.0,0.0,0.0,0.0,0.0,,0.0,0,0,0,0,0,8.0,0.0,67299.08,39747.54,107046.62,0.0,0.0
2026-06-05T00:50:12.557+00:00,103316,996060cc-1738-4269-9a35-58ffa0c7dd73,,10,FAULT,0x04C0,I2C_TIMEOUT|SENSOR_RANGE|SELFTEST,0,1,1,0,0,0,0.0,0.0,0.0,5.153,2.685,618.36,322.2,-25.0,-12.5,0.0,0.0,0.0,0.0,0.0,0.0,,0.0,0,0,0,0,0,8.0,0.0,67378.85,39789.1,107167.95,0.0,0.0
2026-06-05T00:50:12.662+00:00,103445,996060cc-1738-4269-9a35-58ffa0c7dd73,,10,FAULT,0x04C0,I2C_TIMEOUT|SENSOR_RANGE|SELFTEST,0,1,1,0,0,0,0.0,0.0,0.0,5.176,2.691,621.12,322.92,-25.0,-12.5,0.0,0.0,0.0,0.0,0.0,0.0,,0.0,0,0,0,0,0,8.0,0.0,67458.97,39830.76,107289.73,0.0,0.0
2026-06-05T00:50:12.739+00:00,103574,996060cc-1738-4269-9a35-58ffa0c7dd73,,10,FAULT,0x04C0,I2C_TIMEOUT|SENSOR_RANGE|SELFTEST,0,1,1,0,0,0,0.0,0.0,0.0,5.164,2.695,619.68,323.4,-25.0,-12.5,0.0,0.0,0.0,0.0,0.0,0.0,,0.0,0,0,0,0,0,8.0,0.0,67538.91,39872.48,107411.39,0.0,0.0
2026-06-05T00:50:12.869+00:00,103703,996060cc-1738-4269-9a35-58ffa0c7dd73,,10,FAULT,0x04C0,I2C_TIMEOUT|SENSOR_RANGE|SELFTEST,0,1,1,0,0,0,0.0,0.0,0.0,5.173,2.696,620.76,323.52,-25.0,-12.5,0.0,0.0,0.0,0.0,0.0,0.0,,0.0,0,0,0,0,0,8.0,0.0,67618.99,39914.21,107533.2,0.0,0.0
2026-06-05T00:50:12.997+00:00,103832,996060cc-1738-4269-9a35-58ffa0c7dd73,,10,FAULT,0x04C0,I2C_TIMEOUT|SENSOR_RANGE|SELFTEST,0,1,1,0,0,0,0.0,0.0,0.0,5.165,2.694,619.8,323.28,-25.0,-12.5,0.0,0.0,0.0,0.0,0.0,0.0,,0.0,0,0,0,0,0,8.0,0.0,67698.95,39955.91,107654.86,0.0,0.0
2026-06-05T00:50:13.201+00:00,103962,996060cc-1738-4269-9a35-58ffa0c7dd73,,10,FAULT,0x04C0,I2C_TIMEOUT|SENSOR_RANGE|SELFTEST,0,1,1,0,0,0,0.0,0.0,0.0,5.163,2.68,619.56,321.6,-25.0,-12.5,0.0,0.0,0.0,0.0,0.0,0.0,,0.0,0,0,0,0,0,8.0,0.0,67779.49,39997.72,107777.21,0.0,0.0
2026-06-05T00:50:13.305+00:00,104091,996060cc-1738-4269-9a35-58ffa0c7dd73,,10,FAULT,0x04C0,I2C_TIMEOUT|SENSOR_RANGE|SELFTEST,0,1,1,0,0,0,0.0,0.0,0.0,5.163,2.689,619.56,322.68,-25.0,-12.5,0.0,0.0,0.0,0.0,0.0,0.0,,0.0,0,0,0,0,0,8.0,0.0,67859.41,40039.35,107898.76,0.0,0.0
2026-06-05T00:50:13.408+00:00,104220,996060cc-1738-4269-9a35-58ffa0c7dd73,,10,FAULT,0x04C0,I2C_TIMEOUT|SENSOR_RANGE|SELFTEST,0,1,1,0,0,0,0.0,0.0,0.0,5.154,2.68,618.48,321.6,-25.0,-12.5,0.0,0.0,0.0,0.0,0.0,0.0,,0.0,0,0,0,0,0,8.0,0.0,67939.2,40080.83,108020.03,0.0,0.0
2026-06-05T00:50:13.517+00:00,104349,996060cc-1738-4269-9a35-58ffa0c7dd73,,10,FAULT,0x04C0,I2C_TIMEOUT|SENSOR_RANGE|SELFTEST,0,1,1,0,0,0,0.0,0.0,0.0,5.162,2.69,619.44,322.8,-25.0,-12.5,0.0,0.0,0.0,0.0,0.0,0.0,,0.0,0,0,0,0,0,8.0,0.0,68019.1,40122.48,108141.58,0.0,0.0
2026-06-05T00:50:13.647+00:00,104478,996060cc-1738-4269-9a35-58ffa0c7dd73,,10,FAULT,0x04C0,I2C_TIMEOUT|SENSOR_RANGE|SELFTEST,0,1,1,0,0,0,0.0,0.0,0.0,5.147,2.672,617.64,320.64,-25.0,-12.5,0.0,0.0,0.0,0.0,0.0,0.0,,0.0,0,0,0,0,0,8.0,0.0,68098.78,40163.84,108262.62,0.0,0.0
2026-06-05T00:50:13.775+00:00,104608,996060cc-1738-4269-9a35-58ffa0c7dd73,,10,FAULT,0x04C0,I2C_TIMEOUT|SENSOR_RANGE|SELFTEST,0,1,1,0,0,0,0.0,0.0,0.0,5.17,2.692,620.4,323.04,-25.0,-12.5,0.0,0.0,0.0,0.0,0.0,0.0,,0.0,0,0,0,0,0,8.0,0.0,68179.43,40205.83,108385.26,0.0,0.0
2026-06-05T00:50:13.942+00:00,104737,996060cc-1738-4269-9a35-58ffa0c7dd73,,10,FAULT,0x04C0,I2C_TIMEOUT|SENSOR_RANGE|SELFTEST,0,1,1,0,0,0,0.0,0.0,0.0,5.14,2.676,616.8,321.12,-25.0,-12.5,0.0,0.0,0.0,0.0,0.0,0.0,,0.0,0,0,0,0,0,8.0,0.0,68259.0,40247.26,108506.26,0.0,0.0
2026-06-05T00:50:14.039+00:00,104866,996060cc-1738-4269-9a35-58ffa0c7dd73,,10,FAULT,0x04C0,I2C_TIMEOUT|SENSOR_RANGE|SELFTEST,0,1,1,0,0,0,0.0,0.0,0.0,5.185,2.7,622.2,324.0,-25.0,-12.5,0.0,0.0,0.0,0.0,0.0,0.0,,0.0,0,0,0,0,0,8.0,0.0,68339.26,40289.05,108628.32,0.0,0.0
2026-06-05T00:50:14.164+00:00,104995,996060cc-1738-4269-9a35-58ffa0c7dd73,,10,FAULT,0x04C0,I2C_TIMEOUT|SENSOR_RANGE|SELFTEST,0,1,1,0,0,0,0.0,0.0,0.0,5.133,2.662,615.96,319.44,-25.0,-12.5,0.0,0.0,0.0,0.0,0.0,0.0,,0.0,0,0,0,0,0,8.0,0.0,68418.72,40330.26,108748.98,0.0,0.0
2026-06-05T00:50:14.295+00:00,105124,996060cc-1738-4269-9a35-58ffa0c7dd73,,10,FAULT,0x04C0,I2C_TIMEOUT|SENSOR_RANGE|SELFTEST,0,1,1,0,0,0,0.0,0.0,0.0,5.184,2.681,622.08,321.72,-25.0,-12.5,0.0,0.0,0.0,0.0,0.0,0.0,,0.0,0,0,0,0,0,8.0,0.0,68498.97,40371.76,108870.73,0.0,0.0
2026-06-05T00:50:14.422+00:00,105253,996060cc-1738-4269-9a35-58ffa0c7dd73,,10,FAULT,0x04C0,I2C_TIMEOUT|SENSOR_RANGE|SELFTEST,0,1,1,0,0,0,0.0,0.0,0.0,5.133,2.66,615.96,319.2,-25.0,-12.5,0.0,0.0,0.0,0.0,0.0,0.0,,0.0,0,0,0,0,0,8.0,0.0,68578.43,40412.94,108991.37,0.0,0.0
2026-06-05T00:50:14.558+00:00,105383,996060cc-1738-4269-9a35-58ffa0c7dd73,,10,FAULT,0x04C0,I2C_TIMEOUT|SENSOR_RANGE|SELFTEST,0,1,1,0,0,0,0.0,0.0,0.0,5.171,2.679,620.52,321.48,-25.0,-12.5,0.0,0.0,0.0,0.0,0.0,0.0,,0.0,0,0,0,0,0,8.0,0.0,68659.1,40454.73,109113.83,0.0,0.0
2026-06-05T00:50:14.760+00:00,105512,996060cc-1738-4269-9a35-58ffa0c7dd73,,10,FAULT,0x04C0,I2C_TIMEOUT|SENSOR_RANGE|SELFTEST,0,1,1,0,0,0,0.0,0.0,0.0,5.138,2.668,616.56,320.16,-25.0,-12.5,0.0,0.0,0.0,0.0,0.0,0.0,,0.0,0,0,0,0,0,8.0,0.0,68738.63,40496.03,109234.67,0.0,0.0
2026-06-05T00:50:14.867+00:00,105641,996060cc-1738-4269-9a35-58ffa0c7dd73,,10,FAULT,0x04C0,I2C_TIMEOUT|SENSOR_RANGE|SELFTEST,0,1,1,0,0,0,0.0,0.0,0.0,5.164,2.668,619.68,320.16,-25.0,-12.5,0.0,0.0,0.0,0.0,0.0,0.0,,0.0,0,0,0,0,0,8.0,0.0,68818.57,40537.33,109355.9,0.0,0.0
2026-06-05T00:50:14.941+00:00,105771,996060cc-1738-4269-9a35-58ffa0c7dd73,,10,FAULT,0x04C0,I2C_TIMEOUT|SENSOR_RANGE|SELFTEST,0,1,1,0,0,0,0.0,0.0,0.0,5.153,2.673,618.36,320.76,-25.0,-12.5,0.0,0.0,0.0,0.0,0.0,0.0,,0.0,0,0,0,0,0,8.0,0.0,68898.96,40579.03,109477.99,0.0,0.0
2026-06-05T00:50:15.069+00:00,105900,996060cc-1738-4269-9a35-58ffa0c7dd73,,10,FAULT,0x04C0,I2C_TIMEOUT|SENSOR_RANGE|SELFTEST,0,1,1,0,0,0,0.0,0.0,0.0,5.17,2.678,620.4,321.36,-25.0,-12.5,0.0,0.0,0.0,0.0,0.0,0.0,,0.0,0,0,0,0,0,8.0,0.0,68978.99,40620.49,109599.48,0.0,0.0
2026-06-05T00:50:15.201+00:00,106030,996060cc-1738-4269-9a35-58ffa0c7dd73,,10,FAULT,0x04C0,I2C_TIMEOUT|SENSOR_RANGE|SELFTEST,0,1,1,0,0,0,0.0,0.0,0.0,5.163,2.678,619.56,321.36,-25.0,-12.5,0.0,0.0,0.0,0.0,0.0,0.0,,0.0,0,0,0,0,0,8.0,0.0,69059.53,40662.27,109721.8,0.0,0.0
2026-06-05T00:50:15.450+00:00,106159,996060cc-1738-4269-9a35-58ffa0c7dd73,,10,FAULT,0x04C0,I2C_TIMEOUT|SENSOR_RANGE|SELFTEST,0,1,1,0,0,0,0.0,0.0,0.0,5.168,2.666,620.16,319.92,-25.0,-12.5,0.0,0.0,0.0,0.0,0.0,0.0,,0.0,0,0,0,0,0,8.0,0.0,69139.53,40703.54,109843.07,0.0,0.0
2026-06-05T00:50:15.464+00:00,106288,996060cc-1738-4269-9a35-58ffa0c7dd73,,10,FAULT,0x04C0,I2C_TIMEOUT|SENSOR_RANGE|SELFTEST,0,1,1,0,0,0,0.0,0.0,0.0,5.175,2.678,621.0,321.36,-25.0,-12.5,0.0,0.0,0.0,0.0,0.0,0.0,,0.0,0,0,0,0,0,8.0,0.0,69219.64,40744.99,109964.63,0.0,0.0
2026-06-05T00:50:15.659+00:00,106417,996060cc-1738-4269-9a35-58ffa0c7dd73,,10,FAULT,0x04C0,I2C_TIMEOUT|SENSOR_RANGE|SELFTEST,0,1,1,0,0,0,0.0,0.0,0.0,5.169,2.669,620.28,320.28,-25.0,-12.5,0.0,0.0,0.0,0.0,0.0,0.0,,0.0,0,0,0,0,0,8.0,0.0,69299.66,40786.31,110085.96,0.0,0.0
2026-06-05T00:50:15.716+00:00,106546,996060cc-1738-4269-9a35-58ffa0c7dd73,,10,FAULT,0x04C0,I2C_TIMEOUT|SENSOR_RANGE|SELFTEST,0,1,1,0,0,0,0.0,0.0,0.0,5.182,2.678,621.84,321.36,-25.0,-12.5,0.0,0.0,0.0,0.0,0.0,0.0,,0.0,0,0,0,0,0,8.0,0.0,69379.87,40827.76,110207.64,0.0,0.0
2026-06-05T00:50:15.847+00:00,106676,996060cc-1738-4269-9a35-58ffa0c7dd73,,10,FAULT,0x04C0,I2C_TIMEOUT|SENSOR_RANGE|SELFTEST,0,1,1,0,0,0,0.0,0.0,0.0,5.173,2.664,620.76,319.68,-25.0,-12.5,0.0,0.0,0.0,0.0,0.0,0.0,,0.0,0,0,0,0,0,8.0,0.0,69460.57,40869.32,110329.89,0.0,0.0
2026-06-05T00:50:15.976+00:00,106805,996060cc-1738-4269-9a35-58ffa0c7dd73,,10,FAULT,0x04C0,I2C_TIMEOUT|SENSOR_RANGE|SELFTEST,0,1,1,0,0,0,0.0,0.0,0.0,5.192,2.677,623.04,321.24,-25.0,-12.5,0.0,0.0,0.0,0.0,0.0,0.0,,0.0,0,0,0,0,0,8.0,0.0,69540.95,40910.76,110451.71,0.0,0.0
2026-06-05T00:50:16.162+00:00,106934,996060cc-1738-4269-9a35-58ffa0c7dd73,,10,FAULT,0x04C0,I2C_TIMEOUT|SENSOR_RANGE|SELFTEST,0,1,1,0,0,0,0.0,0.0,0.0,5.171,2.671,620.52,320.52,-25.0,-12.5,0.0,0.0,0.0,0.0,0.0,0.0,,0.0,0,0,0,0,0,8.0,0.0,69620.99,40952.11,110573.1,0.0,0.0
2026-06-05T00:50:16.299+00:00,107063,996060cc-1738-4269-9a35-58ffa0c7dd73,,10,FAULT,0x04C0,I2C_TIMEOUT|SENSOR_RANGE|SELFTEST,0,1,1,0,0,0,0.0,0.0,0.0,5.214,2.692,625.68,323.04,-25.0,-12.5,0.0,0.0,0.0,0.0,0.0,0.0,,0.0,0,0,0,0,0,8.0,0.0,69701.71,40993.78,110695.49,0.0,0.0
2026-06-05T00:50:16.402+00:00,107192,996060cc-1738-4269-9a35-58ffa0c7dd73,,10,FAULT,0x04C0,I2C_TIMEOUT|SENSOR_RANGE|SELFTEST,0,1,1,0,0,0,0.0,0.0,0.0,5.167,2.669,620.04,320.28,-25.0,-12.5,0.0,0.0,0.0,0.0,0.0,0.0,,0.0,0,0,0,0,0,8.0,0.0,69781.69,41035.1,110816.79,0.0,0.0
2026-06-05T00:50:16.494+00:00,107321,996060cc-1738-4269-9a35-58ffa0c7dd73,,10,FAULT,0x04C0,I2C_TIMEOUT|SENSOR_RANGE|SELFTEST,0,1,1,0,0,0,0.0,0.0,0.0,5.216,2.688,625.92,322.56,-25.0,-12.5,0.0,0.0,0.0,0.0,0.0,0.0,,0.0,0,0,0,0,0,8.0,0.0,69862.43,41076.71,110939.14,0.0,0.0
2026-06-05T00:50:16.625+00:00,107451,996060cc-1738-4269-9a35-58ffa0c7dd73,,10,FAULT,0x04C0,I2C_TIMEOUT|SENSOR_RANGE|SELFTEST,0,1,1,0,0,0,0.0,0.0,0.0,5.168,2.669,620.16,320.28,-25.0,-12.5,0.0,0.0,0.0,0.0,0.0,0.0,,0.0,0,0,0,0,0,8.0,0.0,69943.06,41118.34,111061.4,0.0,0.0
2026-06-05T00:50:16.752+00:00,107580,996060cc-1738-4269-9a35-58ffa0c7dd73,,10,FAULT,0x04C0,I2C_TIMEOUT|SENSOR_RANGE|SELFTEST,0,1,1,0,0,0,0.0,0.0,0.0,5.21,2.686,625.2,322.32,-25.0,-12.5,0.0,0.0,0.0,0.0,0.0,0.0,,0.0,0,0,0,0,0,8.0,0.0,70023.71,41159.92,111183.63,0.0,0.0
2026-06-05T00:50:16.938+00:00,107709,996060cc-1738-4269-9a35-58ffa0c7dd73,,10,FAULT,0x04C0,I2C_TIMEOUT|SENSOR_RANGE|SELFTEST,0,1,1,0,0,0,0.0,0.0,0.0,5.177,2.671,621.24,320.52,-25.0,-12.5,0.0,0.0,0.0,0.0,0.0,0.0,,0.0,0,0,0,0,0,8.0,0.0,70103.85,41201.27,111305.11,0.0,0.0
2026-06-05T00:50:17.037+00:00,107838,996060cc-1738-4269-9a35-58ffa0c7dd73,,10,FAULT,0x04C0,I2C_TIMEOUT|SENSOR_RANGE|SELFTEST,0,1,1,0,0,0,0.0,0.0,0.0,5.203,2.675,624.36,321.0,-25.0,-12.5,0.0,0.0,0.0,0.0,0.0,0.0,,0.0,0,0,0,0,0,8.0,0.0,70184.39,41242.68,111427.07,0.0,0.0
2026-06-05T00:50:17.142+00:00,107967,996060cc-1738-4269-9a35-58ffa0c7dd73,,10,FAULT,0x04C0,I2C_TIMEOUT|SENSOR_RANGE|SELFTEST,0,1,1,0,0,0,0.0,0.0,0.0,5.188,2.678,622.56,321.36,-25.0,-12.5,0.0,0.0,0.0,0.0,0.0,0.0,,0.0,0,0,0,0,0,8.0,0.0,70264.7,41284.13,111548.83,0.0,0.0
2026-06-05T00:50:17.272+00:00,108097,996060cc-1738-4269-9a35-58ffa0c7dd73,,10,FAULT,0x04C0,I2C_TIMEOUT|SENSOR_RANGE|SELFTEST,0,1,1,0,0,0,0.0,0.0,0.0,5.208,2.685,624.96,322.2,-25.0,-12.5,0.0,0.0,0.0,0.0,0.0,0.0,,0.0,0,0,0,0,0,8.0,0.0,70345.94,41326.02,111671.96,0.0,0.0
2026-06-05T00:50:17.400+00:00,108226,996060cc-1738-4269-9a35-58ffa0c7dd73,,10,FAULT,0x04C0,I2C_TIMEOUT|SENSOR_RANGE|SELFTEST,0,1,1,0,0,0,0.0,0.0,0.0,5.201,2.692,624.12,323.04,-25.0,-12.5,0.0,0.0,0.0,0.0,0.0,0.0,,0.0,0,0,0,0,0,8.0,0.0,70426.45,41367.69,111794.15,0.0,0.0
2026-06-05T00:50:17.530+00:00,108355,996060cc-1738-4269-9a35-58ffa0c7dd73,,10,FAULT,0x04C0,I2C_TIMEOUT|SENSOR_RANGE|SELFTEST,0,1,1,0,0,0,0.0,0.0,0.0,5.205,2.688,624.6,322.56,-25.0,-12.5,0.0,0.0,0.0,0.0,0.0,0.0,,0.0,0,0,0,0,0,8.0,0.0,70507.03,41409.3,111916.33,0.0,0.0
2026-06-05T00:50:17.665+00:00,108484,996060cc-1738-4269-9a35-58ffa0c7dd73,,10,FAULT,0x04C0,I2C_TIMEOUT|SENSOR_RANGE|SELFTEST,0,1,1,0,0,0,0.0,0.0,0.0,5.208,2.693,624.96,323.16,-25.0,-12.5,0.0,0.0,0.0,0.0,0.0,0.0,,0.0,0,0,0,0,0,8.0,0.0,70587.65,41450.99,112038.64,0.0,0.0
2026-06-05T00:50:17.861+00:00,108613,996060cc-1738-4269-9a35-58ffa0c7dd73,,10,FAULT,0x04C0,I2C_TIMEOUT|SENSOR_RANGE|SELFTEST,0,1,1,0,0,0,0.0,0.0,0.0,5.208,2.691,624.96,322.92,-25.0,-12.5,0.0,0.0,0.0,0.0,0.0,0.0,,0.0,0,0,0,0,0,8.0,0.0,70668.27,41492.65,112160.91,0.0,0.0
2026-06-05T00:50:17.919+00:00,108742,996060cc-1738-4269-9a35-58ffa0c7dd73,,10,FAULT,0x04C0,I2C_TIMEOUT|SENSOR_RANGE|SELFTEST,0,1,1,0,0,0,0.0,0.0,0.0,5.213,2.69,625.56,322.8,-25.0,-12.5,0.0,0.0,0.0,0.0,0.0,0.0,,0.0,0,0,0,0,0,8.0,0.0,70748.97,41534.29,112283.25,0.0,0.0
2026-06-05T00:50:18.047+00:00,108872,996060cc-1738-4269-9a35-58ffa0c7dd73,,10,FAULT,0x04C0,I2C_TIMEOUT|SENSOR_RANGE|SELFTEST,0,1,1,0,0,0,0.0,0.0,0.0,5.198,2.676,623.76,321.12,-25.0,-12.5,0.0,0.0,0.0,0.0,0.0,0.0,,0.0,0,0,0,0,0,8.0,0.0,70830.05,41576.03,112406.09,0.0,0.0
2026-06-05T00:50:18.178+00:00,109001,996060cc-1738-4269-9a35-58ffa0c7dd73,,10,FAULT,0x04C0,I2C_TIMEOUT|SENSOR_RANGE|SELFTEST,0,1,1,0,0,0,0.0,0.0,0.0,5.226,2.693,627.12,323.16,-25.0,-12.5,0.0,0.0,0.0,0.0,0.0,0.0,,0.0,0,0,0,0,0,8.0,0.0,70910.95,41617.72,112528.67,0.0,0.0
2026-06-05T00:50:18.343+00:00,109130,996060cc-1738-4269-9a35-58ffa0c7dd73,,10,FAULT,0x04C0,I2C_TIMEOUT|SENSOR_RANGE|SELFTEST,0,1,1,0,0,0,0.0,0.0,0.0,5.185,2.672,622.2,320.64,-25.0,-12.5,0.0,0.0,0.0,0.0,0.0,0.0,,0.0,0,0,0,0,0,8.0,0.0,70991.22,41659.08,112650.3,0.0,0.0
2026-06-05T00:50:18.499+00:00,109259,996060cc-1738-4269-9a35-58ffa0c7dd73,,10,FAULT,0x04C0,I2C_TIMEOUT|SENSOR_RANGE|SELFTEST,0,1,1,0,0,0,0.0,0.0,0.0,5.235,2.697,628.2,323.64,-25.0,-12.5,0.0,0.0,0.0,0.0,0.0,0.0,,0.0,0,0,0,0,0,8.0,0.0,71072.25,41700.83,112773.09,0.0,0.0
2026-06-05T00:50:18.602+00:00,109388,996060cc-1738-4269-9a35-58ffa0c7dd73,,10,FAULT,0x04C0,I2C_TIMEOUT|SENSOR_RANGE|SELFTEST,0,1,1,0,0,0,0.0,0.0,0.0,5.183,2.671,621.96,320.52,-25.0,-12.5,0.0,0.0,0.0,0.0,0.0,0.0,,0.0,0,0,0,0,0,8.0,0.0,71152.49,41742.18,112894.67,0.0,0.0
2026-06-05T00:50:18.694+00:00,109518,996060cc-1738-4269-9a35-58ffa0c7dd73,,10,FAULT,0x04C0,I2C_TIMEOUT|SENSOR_RANGE|SELFTEST,0,1,1,0,0,0,0.0,0.0,0.0,5.238,2.696,628.56,323.52,-25.0,-12.5,0.0,0.0,0.0,0.0,0.0,0.0,,0.0,0,0,0,0,0,8.0,0.0,71234.2,41784.24,113018.44,0.0,0.0
2026-06-05T00:50:18.825+00:00,109647,996060cc-1738-4269-9a35-58ffa0c7dd73,,10,FAULT,0x04C0,I2C_TIMEOUT|SENSOR_RANGE|SELFTEST,0,1,1,0,0,0,0.0,0.0,0.0,5.195,2.681,623.4,321.72,-25.0,-12.5,0.0,0.0,0.0,0.0,0.0,0.0,,0.0,0,0,0,0,0,8.0,0.0,71314.62,41825.74,113140.36,0.0,0.0
2026-06-05T00:50:18.952+00:00,109776,996060cc-1738-4269-9a35-58ffa0c7dd73,,10,FAULT,0x04C0,I2C_TIMEOUT|SENSOR_RANGE|SELFTEST,0,1,1,0,0,0,0.0,0.0,0.0,5.233,2.7,627.96,324.0,-25.0,-12.5,0.0,0.0,0.0,0.0,0.0,0.0,,0.0,0,0,0,0,0,8.0,0.0,71395.63,41867.54,113263.16,0.0,0.0
2026-06-05T00:50:19.137+00:00,109905,996060cc-1738-4269-9a35-58ffa0c7dd73,,10,FAULT,0x04C0,I2C_TIMEOUT|SENSOR_RANGE|SELFTEST,0,1,1,0,0,0,0.0,0.0,0.0,5.201,2.683,624.12,321.96,-25.0,-12.5,0.0,0.0,0.0,0.0,0.0,0.0,,0.0,0,0,0,0,0,8.0,0.0,71476.14,41909.07,113385.2,0.0,0.0
2026-06-05T00:50:19.237+00:00,110034,996060cc-1738-4269-9a35-58ffa0c7dd73,,10,FAULT,0x04C0,I2C_TIMEOUT|SENSOR_RANGE|SELFTEST,0,1,1,0,0,0,0.0,0.0,0.0,5.223,2.687,626.76,322.44,-25.0,-12.5,0.0,0.0,0.0,0.0,0.0,0.0,,0.0,0,0,0,0,0,8.0,0.0,71556.99,41950.66,113507.65,0.0,0.0
2026-06-05T00:50:19.342+00:00,110164,996060cc-1738-4269-9a35-58ffa0c7dd73,,10,FAULT,0x04C0,I2C_TIMEOUT|SENSOR_RANGE|SELFTEST,0,1,1,0,0,0,0.0,0.0,0.0,5.202,2.687,624.24,322.44,-25.0,-12.5,0.0,0.0,0.0,0.0,0.0,0.0,,0.0,0,0,0,0,0,8.0,0.0,71638.14,41992.58,113630.72,0.0,0.0
2026-06-05T00:50:19.472+00:00,110294,996060cc-1738-4269-9a35-58ffa0c7dd73,,10,FAULT,0x04C0,I2C_TIMEOUT|SENSOR_RANGE|SELFTEST,0,1,1,0,0,0,0.0,0.0,0.0,5.219,2.693,626.28,323.16,-25.0,-12.5,0.0,0.0,0.0,0.0,0.0,0.0,,0.0,0,0,0,0,0,8.0,0.0,71719.56,42034.59,113754.15,0.0,0.0
2026-06-05T00:50:19.602+00:00,110423,996060cc-1738-4269-9a35-58ffa0c7dd73,,10,FAULT,0x04C0,I2C_TIMEOUT|SENSOR_RANGE|SELFTEST,0,1,1,0,0,0,0.0,0.0,0.0,5.211,2.697,625.32,323.64,-25.0,-12.5,0.0,0.0,0.0,0.0,0.0,0.0,,0.0,0,0,0,0,0,8.0,0.0,71800.22,42076.34,113876.56,0.0,0.0
2026-06-05T00:50:19.730+00:00,110552,996060cc-1738-4269-9a35-58ffa0c7dd73,,10,FAULT,0x04C0,I2C_TIMEOUT|SENSOR_RANGE|SELFTEST,0,1,1,0,0,0,0.0,0.0,0.0,5.211,2.688,625.32,322.56,-25.0,-12.5,0.0,0.0,0.0,0.0,0.0,0.0,,0.0,0,0,0,0,0,8.0,0.0,71880.89,42117.95,113998.84,0.0,0.0
2026-06-05T00:50:19.868+00:00,110681,996060cc-1738-4269-9a35-58ffa0c7dd73,,10,FAULT,0x04C0,I2C_TIMEOUT|SENSOR_RANGE|SELFTEST,0,1,1,0,0,0,0.0,0.0,0.0,5.21,2.696,625.2,323.52,-25.0,-12.5,0.0,0.0,0.0,0.0,0.0,0.0,,0.0,0,0,0,0,0,8.0,0.0,71961.54,42159.68,114121.22,0.0,0.0
2026-06-05T00:50:20.062+00:00,110810,996060cc-1738-4269-9a35-58ffa0c7dd73,,10,FAULT,0x04C0,I2C_TIMEOUT|SENSOR_RANGE|SELFTEST,0,1,1,0,0,0,0.0,0.0,0.0,5.199,2.691,623.88,322.92,-25.0,-12.5,0.0,0.0,0.0,0.0,0.0,0.0,,0.0,0,0,0,0,0,8.0,0.0,72042.02,42201.34,114243.36,0.0,0.0
2026-06-05T00:50:20.119+00:00,110940,996060cc-1738-4269-9a35-58ffa0c7dd73,,10,FAULT,0x04C0,I2C_TIMEOUT|SENSOR_RANGE|SELFTEST,0,1,1,0,0,0,0.0,0.0,0.0,5.21,2.697,625.2,323.64,-25.0,-12.5,0.0,0.0,0.0,0.0,0.0,0.0,,0.0,0,0,0,0,0,8.0,0.0,72123.3,42243.41,114366.71,0.0,0.0
2026-06-05T00:50:20.250+00:00,111069,996060cc-1738-4269-9a35-58ffa0c7dd73,,10,FAULT,0x04C0,I2C_TIMEOUT|SENSOR_RANGE|SELFTEST,0,1,1,0,0,0,0.0,0.0,0.0,5.185,2.676,622.2,321.12,-25.0,-12.5,0.0,0.0,0.0,0.0,0.0,0.0,,0.0,0,0,0,0,0,8.0,0.0,72203.56,42284.84,114488.4,0.0,0.0
2026-06-05T00:50:20.377+00:00,111198,996060cc-1738-4269-9a35-58ffa0c7dd73,,10,FAULT,0x04C0,I2C_TIMEOUT|SENSOR_RANGE|SELFTEST,0,1,1,0,0,0,0.0,0.0,0.0,5.223,2.697,626.76,323.64,-25.0,-12.5,0.0,0.0,0.0,0.0,0.0,0.0,,0.0,0,0,0,0,0,8.0,0.0,72284.41,42326.59,114611.0,0.0,0.0
2026-06-05T00:50:20.508+00:00,111327,996060cc-1738-4269-9a35-58ffa0c7dd73,,10,FAULT,0x04C0,I2C_TIMEOUT|SENSOR_RANGE|SELFTEST,0,1,1,0,0,0,0.0,0.0,0.0,5.172,2.674,620.64,320.88,-25.0,-12.5,0.0,0.0,0.0,0.0,0.0,0.0,,0.0,0,0,0,0,0,8.0,0.0,72364.47,42367.98,114732.46,0.0,0.0
2026-06-05T00:50:20.660+00:00,111456,996060cc-1738-4269-9a35-58ffa0c7dd73,,10,FAULT,0x04C0,I2C_TIMEOUT|SENSOR_RANGE|SELFTEST,0,1,1,0,0,0,0.0,0.0,0.0,5.226,2.7,627.12,324.0,-25.0,-12.5,0.0,0.0,0.0,0.0,0.0,0.0,,0.0,0,0,0,0,0,8.0,0.0,72445.37,42409.78,114855.15,0.0,0.0
2026-06-05T00:50:20.844+00:00,111586,996060cc-1738-4269-9a35-58ffa0c7dd73,,10,FAULT,0x04C0,I2C_TIMEOUT|SENSOR_RANGE|SELFTEST,0,1,1,0,0,0,0.0,0.0,0.0,5.17,2.671,620.4,320.52,-25.0,-12.5,0.0,0.0,0.0,0.0,0.0,0.0,,0.0,0,0,0,0,0,8.0,0.0,72526.03,42451.45,114977.47,0.0,0.0
2026-06-05T00:50:20.897+00:00,111715,996060cc-1738-4269-9a35-58ffa0c7dd73,,10,FAULT,0x04C0,I2C_TIMEOUT|SENSOR_RANGE|SELFTEST,0,1,1,0,0,0,0.0,0.0,0.0,5.216,2.69,625.92,322.8,-25.0,-12.5,0.0,0.0,0.0,0.0,0.0,0.0,,0.0,0,0,0,0,0,8.0,0.0,72606.77,42493.09,115099.86,0.0,0.0
2026-06-05T00:50:21.024+00:00,111844,996060cc-1738-4269-9a35-58ffa0c7dd73,,10,FAULT,0x04C0,I2C_TIMEOUT|SENSOR_RANGE|SELFTEST,0,1,1,0,0,0,0.0,0.0,0.0,5.171,2.68,620.52,321.6,-25.0,-12.5,0.0,0.0,0.0,0.0,0.0,0.0,,0.0,0,0,0,0,0,8.0,0.0,72686.82,42534.57,115221.39,0.0,0.0
2026-06-05T00:50:21.155+00:00,111973,996060cc-1738-4269-9a35-58ffa0c7dd73,,10,FAULT,0x04C0,I2C_TIMEOUT|SENSOR_RANGE|SELFTEST,0,1,1,0,0,0,0.0,0.0,0.0,5.201,2.689,624.12,322.68,-25.0,-12.5,0.0,0.0,0.0,0.0,0.0,0.0,,0.0,0,0,0,0,0,8.0,0.0,72767.33,42576.2,115343.53,0.0,0.0
2026-06-05T00:50:21.285+00:00,112102,996060cc-1738-4269-9a35-58ffa0c7dd73,,10,FAULT,0x04C0,I2C_TIMEOUT|SENSOR_RANGE|SELFTEST,0,1,1,0,0,0,0.0,0.0,0.0,5.183,2.683,621.96,321.96,-25.0,-12.5,0.0,0.0,0.0,0.0,0.0,0.0,,0.0,0,0,0,0,0,8.0,0.0,72847.56,42617.73,115465.29,0.0,0.0
2026-06-05T00:50:21.482+00:00,112232,996060cc-1738-4269-9a35-58ffa0c7dd73,,10,FAULT,0x04C0,I2C_TIMEOUT|SENSOR_RANGE|SELFTEST,0,1,1,0,0,0,0.0,0.0,0.0,5.2,2.678,624.0,321.36,-25.0,-12.5,0.0,0.0,0.0,0.0,0.0,0.0,,0.0,0,0,0,0,0,8.0,0.0,72928.68,42659.51,115588.19,0.0,0.0
2026-06-05T00:50:21.598+00:00,112361,996060cc-1738-4269-9a35-58ffa0c7dd73,,10,FAULT,0x04C0,I2C_TIMEOUT|SENSOR_RANGE|SELFTEST,0,1,1,0,0,0,0.0,0.0,0.0,5.191,2.686,622.92,322.32,-25.0,-12.5,0.0,0.0,0.0,0.0,0.0,0.0,,0.0,0,0,0,0,0,8.0,0.0,73009.04,42701.09,115710.12,0.0,0.0
2026-06-05T00:50:21.672+00:00,112490,996060cc-1738-4269-9a35-58ffa0c7dd73,,10,FAULT,0x04C0,I2C_TIMEOUT|SENSOR_RANGE|SELFTEST,0,1,1,0,0,0,0.0,0.0,0.0,5.19,2.681,622.8,321.72,-25.0,-12.5,0.0,0.0,0.0,0.0,0.0,0.0,,0.0,0,0,0,0,0,8.0,0.0,73089.38,42742.59,115831.97,0.0,0.0
2026-06-05T00:50:21.802+00:00,112619,996060cc-1738-4269-9a35-58ffa0c7dd73,,10,FAULT,0x04C0,I2C_TIMEOUT|SENSOR_RANGE|SELFTEST,0,1,1,0,0,0,0.0,0.0,0.0,5.186,2.686,622.32,322.32,-25.0,-12.5,0.0,0.0,0.0,0.0,0.0,0.0,,0.0,0,0,0,0,0,8.0,0.0,73169.66,42784.17,115953.83,0.0,0.0
2026-06-05T00:50:21.930+00:00,112748,996060cc-1738-4269-9a35-58ffa0c7dd73,,10,FAULT,0x04C0,I2C_TIMEOUT|SENSOR_RANGE|SELFTEST,0,1,1,0,0,0,0.0,0.0,0.0,5.187,2.675,622.44,321.0,-25.0,-12.5,0.0,0.0,0.0,0.0,0.0,0.0,,0.0,0,0,0,0,0,8.0,0.0,73249.95,42825.58,116075.53,0.0,0.0
2026-06-05T00:50:22.136+00:00,112877,996060cc-1738-4269-9a35-58ffa0c7dd73,,10,FAULT,0x04C0,I2C_TIMEOUT|SENSOR_RANGE|SELFTEST,0,1,1,0,0,0,0.0,0.0,0.0,5.191,2.679,622.92,321.48,-25.0,-12.5,0.0,0.0,0.0,0.0,0.0,0.0,,0.0,0,0,0,0,0,8.0,0.0,73330.31,42867.05,116197.36,0.0,0.0
2026-06-05T00:50:22.238+00:00,113007,996060cc-1738-4269-9a35-58ffa0c7dd73,,10,FAULT,0x04C0,I2C_TIMEOUT|SENSOR_RANGE|SELFTEST,0,1,1,0,0,0,0.0,0.0,0.0,5.181,2.675,621.72,321.0,-25.0,-12.5,0.0,0.0,0.0,0.0,0.0,0.0,,0.0,0,0,0,0,0,8.0,0.0,73411.13,42908.78,116319.91,0.0,0.0
2026-06-05T00:50:22.342+00:00,113136,996060cc-1738-4269-9a35-58ffa0c7dd73,,10,FAULT,0x04C0,I2C_TIMEOUT|SENSOR_RANGE|SELFTEST,0,1,1,0,0,0,0.0,0.0,0.0,5.198,2.686,623.76,322.32,-25.0,-12.5,0.0,0.0,0.0,0.0,0.0,0.0,,0.0,0,0,0,0,0,8.0,0.0,73491.6,42950.36,116441.96,0.0,0.0
2026-06-05T00:50:22.450+00:00,113265,996060cc-1738-4269-9a35-58ffa0c7dd73,,10,FAULT,0x04C0,I2C_TIMEOUT|SENSOR_RANGE|SELFTEST,0,1,1,0,0,0,0.0,0.0,0.0,5.171,2.667,620.52,320.04,-25.0,-12.5,0.0,0.0,0.0,0.0,0.0,0.0,,0.0,0,0,0,0,0,8.0,0.0,73571.64,42991.64,116563.29,0.0,0.0
2026-06-05T00:50:22.580+00:00,113394,996060cc-1738-4269-9a35-58ffa0c7dd73,,10,FAULT,0x04C0,I2C_TIMEOUT|SENSOR_RANGE|SELFTEST,0,1,1,0,0,0,0.0,0.0,0.0,5.21,2.684,625.2,322.08,-25.0,-12.5,0.0,0.0,0.0,0.0,0.0,0.0,,0.0,0,0,0,0,0,8.0,0.0,73652.3,43033.19,116685.49,0.0,0.0
2026-06-05T00:50:22.708+00:00,113523,996060cc-1738-4269-9a35-58ffa0c7dd73,,10,FAULT,0x04C0,I2C_TIMEOUT|SENSOR_RANGE|SELFTEST,0,1,1,0,0,0,0.0,0.0,0.0,5.168,2.667,620.16,320.04,-25.0,-12.5,0.0,0.0,0.0,0.0,0.0,0.0,,0.0,0,0,0,0,0,8.0,0.0,73732.3,43074.48,116806.77,0.0,0.0
2026-06-05T00:50:22.877+00:00,113653,996060cc-1738-4269-9a35-58ffa0c7dd73,,10,FAULT,0x04C0,I2C_TIMEOUT|SENSOR_RANGE|SELFTEST,0,1,1,0,0,0,0.0,0.0,0.0,5.21,2.687,625.2,322.44,-25.0,-12.5,0.0,0.0,0.0,0.0,0.0,0.0,,0.0,0,0,0,0,0,8.0,0.0,73813.57,43116.39,116929.97,0.0,0.0
2026-06-05T00:50:22.975+00:00,113782,996060cc-1738-4269-9a35-58ffa0c7dd73,,10,FAULT,0x04C0,I2C_TIMEOUT|SENSOR_RANGE|SELFTEST,0,1,1,0,0,0,0.0,0.0,0.0,5.159,2.666,619.08,319.92,-25.0,-12.5,0.0,0.0,0.0,0.0,0.0,0.0,,0.0,0,0,0,0,0,8.0,0.0,73893.43,43157.66,117051.1,0.0,0.0
2026-06-05T00:50:23.097+00:00,113911,996060cc-1738-4269-9a35-58ffa0c7dd73,,10,FAULT,0x04C0,I2C_TIMEOUT|SENSOR_RANGE|SELFTEST,0,1,1,0,0,0,0.0,0.0,0.0,5.194,2.674,623.28,320.88,-25.0,-12.5,0.0,0.0,0.0,0.0,0.0,0.0,,0.0,0,0,0,0,0,8.0,0.0,73973.84,43199.06,117172.89,0.0,0.0
2026-06-05T00:50:23.227+00:00,114040,996060cc-1738-4269-9a35-58ffa0c7dd73,,10,FAULT,0x04C0,I2C_TIMEOUT|SENSOR_RANGE|SELFTEST,0,1,1,0,0,0,0.0,0.0,0.0,5.17,2.671,620.4,320.52,-25.0,-12.5,0.0,0.0,0.0,0.0,0.0,0.0,,0.0,0,0,0,0,0,8.0,0.0,74053.87,43240.4,117294.27,0.0,0.0
2026-06-05T00:50:23.355+00:00,114169,996060cc-1738-4269-9a35-58ffa0c7dd73,,10,FAULT,0x04C0,I2C_TIMEOUT|SENSOR_RANGE|SELFTEST,0,1,1,0,0,0,0.0,0.0,0.0,5.196,2.68,623.52,321.6,-25.0,-12.5,0.0,0.0,0.0,0.0,0.0,0.0,,0.0,0,0,0,0,0,8.0,0.0,74134.3,43281.89,117416.19,0.0,0.0
2026-06-05T00:50:23.491+00:00,114298,996060cc-1738-4269-9a35-58ffa0c7dd73,,10,FAULT,0x04C0,I2C_TIMEOUT|SENSOR_RANGE|SELFTEST,0,1,1,0,0,0,0.0,0.0,0.0,5.176,2.678,621.12,321.36,-25.0,-12.5,0.0,0.0,0.0,0.0,0.0,0.0,,0.0,0,0,0,0,0,8.0,0.0,74214.43,43323.35,117537.77,0.0,0.0
2026-06-05T00:50:23.684+00:00,114428,996060cc-1738-4269-9a35-58ffa0c7dd73,,10,FAULT,0x04C0,I2C_TIMEOUT|SENSOR_RANGE|SELFTEST,0,1,1,0,0,0,0.0,0.0,0.0,5.196,2.674,623.52,320.88,-25.0,-12.5,0.0,0.0,0.0,0.0,0.0,0.0,,0.0,0,0,0,0,0,8.0,0.0,74295.48,43365.06,117660.54,0.0,0.0
2026-06-05T00:50:23.799+00:00,114557,996060cc-1738-4269-9a35-58ffa0c7dd73,,10,FAULT,0x04C0,I2C_TIMEOUT|SENSOR_RANGE|SELFTEST,0,1,1,0,0,0,0.0,0.0,0.0,5.187,2.677,622.44,321.24,-25.0,-12.5,0.0,0.0,0.0,0.0,0.0,0.0,,0.0,0,0,0,0,0,8.0,0.0,74375.78,43406.5,117782.28,0.0,0.0
2026-06-05T00:50:23.874+00:00,114686,996060cc-1738-4269-9a35-58ffa0c7dd73,,10,FAULT,0x04C0,I2C_TIMEOUT|SENSOR_RANGE|SELFTEST,0,1,1,0,0,0,0.0,0.0,0.0,5.201,2.681,624.12,321.72,-25.0,-12.5,0.0,0.0,0.0,0.0,0.0,0.0,,0.0,0,0,0,0,0,8.0,0.0,74456.29,43448.0,117904.29,0.0,0.0
2026-06-05T00:50:24.002+00:00,114816,996060cc-1738-4269-9a35-58ffa0c7dd73,,10,FAULT,0x04C0,I2C_TIMEOUT|SENSOR_RANGE|SELFTEST,0,1,1,0,0,0,0.0,0.0,0.0,5.195,2.678,623.4,321.36,-25.0,-12.5,0.0,0.0,0.0,0.0,0.0,0.0,,0.0,0,0,0,0,0,8.0,0.0,74537.33,43489.78,118027.11,0.0,0.0
2026-06-05T00:50:24.133+00:00,114945,996060cc-1738-4269-9a35-58ffa0c7dd73,,10,FAULT,0x04C0,I2C_TIMEOUT|SENSOR_RANGE|SELFTEST,0,1,1,0,0,0,0.0,0.0,0.0,5.198,2.674,623.76,320.88,-25.0,-12.5,0.0,0.0,0.0,0.0,0.0,0.0,,0.0,0,0,0,0,0,8.0,0.0,74617.8,43531.17,118148.97,0.0,0.0
2026-06-05T00:50:24.347+00:00,115075,996060cc-1738-4269-9a35-58ffa0c7dd73,,10,FAULT,0x04C0,I2C_TIMEOUT|SENSOR_RANGE|SELFTEST,0,1,1,0,0,0,0.0,0.0,0.0,5.201,2.678,624.12,321.36,-25.0,-12.5,0.0,0.0,0.0,0.0,0.0,0.0,,0.0,0,0,0,0,0,8.0,0.0,74698.93,43572.95,118271.88,0.0,0.0
2026-06-05T00:50:24.448+00:00,115204,996060cc-1738-4269-9a35-58ffa0c7dd73,,10,FAULT,0x04C0,I2C_TIMEOUT|SENSOR_RANGE|SELFTEST,0,1,1,0,0,0,0.0,0.0,0.0,5.198,2.677,623.76,321.24,-25.0,-12.5,0.0,0.0,0.0,0.0,0.0,0.0,,0.0,0,0,0,0,0,8.0,0.0,74779.4,43614.39,118393.79,0.0,0.0
2026-06-05T00:50:24.550+00:00,115333,996060cc-1738-4269-9a35-58ffa0c7dd73,,10,FAULT,0x04C0,I2C_TIMEOUT|SENSOR_RANGE|SELFTEST,0,1,1,0,0,0,0.0,0.0,0.0,5.222,2.694,626.64,323.28,-25.0,-12.5,0.0,0.0,0.0,0.0,0.0,0.0,,0.0,0,0,0,0,0,8.0,0.0,74860.23,43656.09,118516.33,0.0,0.0
2026-06-05T00:50:24.649+00:00,115462,996060cc-1738-4269-9a35-58ffa0c7dd73,,10,FAULT,0x04C0,I2C_TIMEOUT|SENSOR_RANGE|SELFTEST,0,1,1,0,0,0,0.0,0.0,0.0,5.186,2.673,622.32,320.76,-25.0,-12.5,0.0,0.0,0.0,0.0,0.0,0.0,,0.0,0,0,0,0,0,8.0,0.0,74940.51,43697.47,118637.98,0.0,0.0
2026-06-05T00:50:24.780+00:00,115591,996060cc-1738-4269-9a35-58ffa0c7dd73,,10,FAULT,0x04C0,I2C_TIMEOUT|SENSOR_RANGE|SELFTEST,0,1,1,0,0,0,0.0,0.0,0.0,5.235,2.694,628.2,323.28,-25.0,-12.5,0.0,0.0,0.0,0.0,0.0,0.0,,0.0,0,0,0,0,0,8.0,0.0,75021.55,43739.17,118760.73,0.0,0.0
2026-06-05T00:50:24.911+00:00,115721,996060cc-1738-4269-9a35-58ffa0c7dd73,,10,FAULT,0x04C0,I2C_TIMEOUT|SENSOR_RANGE|SELFTEST,0,1,1,0,0,0,0.0,0.0,0.0,5.177,2.671,621.24,320.52,-25.0,-12.5,0.0,0.0,0.0,0.0,0.0,0.0,,0.0,0,0,0,0,0,8.0,0.0,75102.31,43780.84,118883.15,0.0,0.0
2026-06-05T00:50:25.085+00:00,115850,996060cc-1738-4269-9a35-58ffa0c7dd73,,10,FAULT,0x04C0,I2C_TIMEOUT|SENSOR_RANGE|SELFTEST,0,1,1,0,0,0,0.0,0.0,0.0,5.221,2.686,626.52,322.32,-25.0,-12.5,0.0,0.0,0.0,0.0,0.0,0.0,,0.0,0,0,0,0,0,8.0,0.0,75183.13,43822.42,119005.55,0.0,0.0
2026-06-05T00:50:25.184+00:00,115979,996060cc-1738-4269-9a35-58ffa0c7dd73,,10,FAULT,0x04C0,I2C_TIMEOUT|SENSOR_RANGE|SELFTEST,0,1,1,0,0,0,0.0,0.0,0.0,5.177,2.667,621.24,320.04,-25.0,-12.5,0.0,0.0,0.0,0.0,0.0,0.0,,0.0,0,0,0,0,0,8.0,0.0,75263.27,43863.71,119126.98,0.0,0.0
2026-06-05T00:50:25.297+00:00,116108,996060cc-1738-4269-9a35-58ffa0c7dd73,,10,FAULT,0x04C0,I2C_TIMEOUT|SENSOR_RANGE|SELFTEST,0,1,1,0,0,0,0.0,0.0,0.0,5.212,2.671,625.44,320.52,-25.0,-12.5,0.0,0.0,0.0,0.0,0.0,0.0,,0.0,0,0,0,0,0,8.0,0.0,75343.96,43905.05,119249.01,0.0,0.0
2026-06-05T00:50:25.427+00:00,116237,996060cc-1738-4269-9a35-58ffa0c7dd73,,10,FAULT,0x04C0,I2C_TIMEOUT|SENSOR_RANGE|SELFTEST,0,1,1,0,0,0,0.0,0.0,0.0,5.188,2.667,622.56,320.04,-25.0,-12.5,0.0,0.0,0.0,0.0,0.0,0.0,,0.0,0,0,0,0,0,8.0,0.0,75424.27,43946.34,119370.6,0.0,0.0
2026-06-05T00:50:25.558+00:00,116366,996060cc-1738-4269-9a35-58ffa0c7dd73,,10,FAULT,0x04C0,I2C_TIMEOUT|SENSOR_RANGE|SELFTEST,0,1,1,0,0,0,0.0,0.0,0.0,5.215,2.677,625.8,321.24,-25.0,-12.5,0.0,0.0,0.0,0.0,0.0,0.0,,0.0,0,0,0,0,0,8.0,0.0,75504.99,43987.78,119492.77,0.0,0.0
2026-06-05T00:50:25.686+00:00,116496,996060cc-1738-4269-9a35-58ffa0c7dd73,,10,FAULT,0x04C0,I2C_TIMEOUT|SENSOR_RANGE|SELFTEST,0,1,1,0,0,0,0.0,0.0,0.0,5.188,2.671,622.56,320.52,-25.0,-12.5,0.0,0.0,0.0,0.0,0.0,0.0,,0.0,0,0,0,0,0,8.0,0.0,75585.93,44029.45,119615.37,0.0,0.0
2026-06-05T00:50:25.862+00:00,116625,996060cc-1738-4269-9a35-58ffa0c7dd73,,10,FAULT,0x04C0,I2C_TIMEOUT|SENSOR_RANGE|SELFTEST,0,1,1,0,0,0,0.0,0.0,0.0,5.202,2.671,624.24,320.52,-25.0,-12.5,0.0,0.0,0.0,0.0,0.0,0.0,,0.0,0,0,0,0,0,8.0,0.0,75666.45,44070.79,119737.25,0.0,0.0
2026-06-05T00:50:25.961+00:00,116754,996060cc-1738-4269-9a35-58ffa0c7dd73,,10,FAULT,0x04C0,I2C_TIMEOUT|SENSOR_RANGE|SELFTEST,0,1,1,0,0,0,0.0,0.0,0.0,5.201,2.674,624.12,320.88,-25.0,-12.5,0.0,0.0,0.0,0.0,0.0,0.0,,0.0,0,0,0,0,0,8.0,0.0,75746.97,44112.19,119859.15,0.0,0.0
2026-06-05T00:50:26.074+00:00,116883,996060cc-1738-4269-9a35-58ffa0c7dd73,,10,FAULT,0x04C0,I2C_TIMEOUT|SENSOR_RANGE|SELFTEST,0,1,1,0,0,0,0.0,0.0,0.0,5.214,2.68,625.68,321.6,-25.0,-12.5,0.0,0.0,0.0,0.0,0.0,0.0,,0.0,0,0,0,0,0,8.0,0.0,75827.68,44153.67,119981.35,0.0,0.0
2026-06-05T00:50:26.205+00:00,117012,996060cc-1738-4269-9a35-58ffa0c7dd73,,10,FAULT,0x04C0,I2C_TIMEOUT|SENSOR_RANGE|SELFTEST,0,1,1,0,0,0,0.0,0.0,0.0,5.21,2.682,625.2,321.84,-25.0,-12.5,0.0,0.0,0.0,0.0,0.0,0.0,,0.0,0,0,0,0,0,8.0,0.0,75908.33,44195.19,120103.52,0.0,0.0
2026-06-05T00:50:26.333+00:00,117142,996060cc-1738-4269-9a35-58ffa0c7dd73,,10,FAULT,0x04C0,I2C_TIMEOUT|SENSOR_RANGE|SELFTEST,0,1,1,0,0,0,0.0,0.0,0.0,5.204,2.673,624.48,320.76,-25.0,-12.5,0.0,0.0,0.0,0.0,0.0,0.0,,0.0,0,0,0,0,0,8.0,0.0,75989.51,44236.89,120226.4,0.0,0.0
2026-06-05T00:50:26.463+00:00,117271,996060cc-1738-4269-9a35-58ffa0c7dd73,,10,FAULT,0x04C0,I2C_TIMEOUT|SENSOR_RANGE|SELFTEST,0,1,1,0,0,0,0.0,0.0,0.0,5.222,2.686,626.64,322.32,-25.0,-12.5,0.0,0.0,0.0,0.0,0.0,0.0,,0.0,0,0,0,0,0,8.0,0.0,76070.35,44278.47,120348.82,0.0,0.0
2026-06-05T00:50:26.592+00:00,117400,996060cc-1738-4269-9a35-58ffa0c7dd73,,10,FAULT,0x04C0,I2C_TIMEOUT|SENSOR_RANGE|SELFTEST,0,1,1,0,0,0,0.0,0.0,0.0,5.19,2.674,622.8,320.88,-25.0,-12.5,0.0,0.0,0.0,0.0,0.0,0.0,,0.0,0,0,0,0,0,8.0,0.0,76150.69,44319.86,120470.55,0.0,0.0
2026-06-05T00:50:26.779+00:00,117529,996060cc-1738-4269-9a35-58ffa0c7dd73,,10,FAULT,0x04C0,I2C_TIMEOUT|SENSOR_RANGE|SELFTEST,0,1,1,0,0,0,0.0,0.0,0.0,5.239,2.698,628.68,323.76,-25.0,-12.5,0.0,0.0,0.0,0.0,0.0,0.0,,0.0,0,0,0,0,0,8.0,0.0,76231.79,44361.63,120593.42,0.0,0.0
2026-06-05T00:50:26.852+00:00,117658,996060cc-1738-4269-9a35-58ffa0c7dd73,,10,FAULT,0x04C0,I2C_TIMEOUT|SENSOR_RANGE|SELFTEST,0,1,1,0,0,0,0.0,0.0,0.0,5.184,2.668,622.08,320.16,-25.0,-12.5,0.0,0.0,0.0,0.0,0.0,0.0,,0.0,0,0,0,0,0,8.0,0.0,76312.04,44402.93,120714.96,0.0,0.0
2026-06-05T00:50:26.980+00:00,117787,996060cc-1738-4269-9a35-58ffa0c7dd73,,10,FAULT,0x04C0,I2C_TIMEOUT|SENSOR_RANGE|SELFTEST,0,1,1,0,0,0,0.0,0.0,0.0,5.226,2.692,627.12,323.04,-25.0,-12.5,0.0,0.0,0.0,0.0,0.0,0.0,,0.0,0,0,0,0,0,8.0,0.0,76392.94,44444.6,120837.54,0.0,0.0
2026-06-05T00:50:27.110+00:00,117917,996060cc-1738-4269-9a35-58ffa0c7dd73,,10,FAULT,0x04C0,I2C_TIMEOUT|SENSOR_RANGE|SELFTEST,0,1,1,0,0,0,0.0,0.0,0.0,5.178,2.67,621.36,320.4,-25.0,-12.5,0.0,0.0,0.0,0.0,0.0,0.0,,0.0,0,0,0,0,0,8.0,0.0,76473.71,44486.25,120959.96,0.0,0.0
2026-06-05T00:50:27.287+00:00,118046,996060cc-1738-4269-9a35-58ffa0c7dd73,,10,FAULT,0x04C0,I2C_TIMEOUT|SENSOR_RANGE|SELFTEST,0,1,1,0,0,0,0.0,0.0,0.0,5.216,2.683,625.92,321.96,-25.0,-12.5,0.0,0.0,0.0,0.0,0.0,0.0,,0.0,0,0,0,0,0,8.0,0.0,76554.46,44527.78,121082.24,0.0,0.0
2026-06-05T00:50:27.424+00:00,118175,996060cc-1738-4269-9a35-58ffa0c7dd73,,10,FAULT,0x04C0,I2C_TIMEOUT|SENSOR_RANGE|SELFTEST,0,1,1,0,0,0,0.0,0.0,0.0,5.188,2.673,622.56,320.76,-25.0,-12.5,0.0,0.0,0.0,0.0,0.0,0.0,,0.0,0,0,0,0,0,8.0,0.0,76634.77,44569.16,121203.93,0.0,0.0
2026-06-05T00:50:27.527+00:00,118304,996060cc-1738-4269-9a35-58ffa0c7dd73,,10,FAULT,0x04C0,I2C_TIMEOUT|SENSOR_RANGE|SELFTEST,0,1,1,0,0,0,0.0,0.0,0.0,5.209,2.674,625.08,320.88,-25.0,-12.5,0.0,0.0,0.0,0.0,0.0,0.0,,0.0,0,0,0,0,0,8.0,0.0,76715.4,44610.56,121325.96,0.0,0.0
2026-06-05T00:50:27.627+00:00,118433,996060cc-1738-4269-9a35-58ffa0c7dd73,,10,FAULT,0x04C0,I2C_TIMEOUT|SENSOR_RANGE|SELFTEST,0,1,1,0,0,0,0.0,0.0,0.0,5.188,2.672,622.56,320.64,-25.0,-12.5,0.0,0.0,0.0,0.0,0.0,0.0,,0.0,0,0,0,0,0,8.0,0.0,76795.71,44651.92,121447.63,0.0,0.0
2026-06-05T00:50:27.758+00:00,118563,996060cc-1738-4269-9a35-58ffa0c7dd73,,10,FAULT,0x04C0,I2C_TIMEOUT|SENSOR_RANGE|SELFTEST,0,1,1,0,0,0,0.0,0.0,0.0,5.206,2.673,624.72,320.76,-25.0,-12.5,0.0,0.0,0.0,0.0,0.0,0.0,,0.0,0,0,0,0,0,8.0,0.0,76876.93,44693.62,121570.54,0.0,0.0
2026-06-05T00:50:27.888+00:00,118692,996060cc-1738-4269-9a35-58ffa0c7dd73,,10,FAULT,0x04C0,I2C_TIMEOUT|SENSOR_RANGE|SELFTEST,0,1,1,0,0,0,0.0,0.0,0.0,5.194,2.675,623.28,321.0,-25.0,-12.5,0.0,0.0,0.0,0.0,0.0,0.0,,0.0,0,0,0,0,0,8.0,0.0,76957.33,44735.03,121692.35,0.0,0.0
2026-06-05T00:50:28.061+00:00,118821,996060cc-1738-4269-9a35-58ffa0c7dd73,,10,FAULT,0x04C0,I2C_TIMEOUT|SENSOR_RANGE|SELFTEST,0,1,1,0,0,0,0.0,0.0,0.0,5.202,2.668,624.24,320.16,-25.0,-12.5,0.0,0.0,0.0,0.0,0.0,0.0,,0.0,0,0,0,0,0,8.0,0.0,77037.86,44776.33,121814.18,0.0,0.0
2026-06-05T00:50:28.159+00:00,118950,996060cc-1738-4269-9a35-58ffa0c7dd73,,10,FAULT,0x04C0,I2C_TIMEOUT|SENSOR_RANGE|SELFTEST,0,1,1,0,0,0,0.0,0.0,0.0,5.197,2.671,623.64,320.52,-25.0,-12.5,0.0,0.0,0.0,0.0,0.0,0.0,,0.0,0,0,0,0,0,8.0,0.0,77118.31,44817.67,121935.98,0.0,0.0
2026-06-05T00:50:28.275+00:00,119079,996060cc-1738-4269-9a35-58ffa0c7dd73,,10,FAULT,0x04C0,I2C_TIMEOUT|SENSOR_RANGE|SELFTEST,0,1,1,0,0,0,0.0,0.0,0.0,5.194,2.668,623.28,320.16,-25.0,-12.5,0.0,0.0,0.0,0.0,0.0,0.0,,0.0,0,0,0,0,0,8.0,0.0,77198.71,44858.97,122057.68,0.0,0.0
2026-06-05T00:50:28.405+00:00,119209,996060cc-1738-4269-9a35-58ffa0c7dd73,,10,FAULT,0x04C0,I2C_TIMEOUT|SENSOR_RANGE|SELFTEST,0,1,1,0,0,0,0.0,0.0,0.0,5.209,2.682,625.08,321.84,-25.0,-12.5,0.0,0.0,0.0,0.0,0.0,0.0,,0.0,0,0,0,0,0,8.0,0.0,77279.97,44900.81,122180.78,0.0,0.0
2026-06-05T00:50:28.535+00:00,119339,996060cc-1738-4269-9a35-58ffa0c7dd73,,10,FAULT,0x04C0,I2C_TIMEOUT|SENSOR_RANGE|SELFTEST,0,1,1,0,0,0,0.0,0.0,0.0,5.182,2.662,621.84,319.44,-25.0,-12.5,0.0,0.0,0.0,0.0,0.0,0.0,,0.0,0,0,0,0,0,8.0,0.0,77360.81,44942.34,122303.15,0.0,0.0
2026-06-05T00:50:28.664+00:00,119468,996060cc-1738-4269-9a35-58ffa0c7dd73,,10,FAULT,0x04C0,I2C_TIMEOUT|SENSOR_RANGE|SELFTEST,0,1,1,0,0,0,0.0,0.0,0.0,5.224,2.68,626.88,321.6,-25.0,-12.5,0.0,0.0,0.0,0.0,0.0,0.0,,0.0,0,0,0,0,0,8.0,0.0,77441.68,44983.83,122425.5,0.0,0.0
2026-06-05T00:50:28.819+00:00,119597,996060cc-1738-4269-9a35-58ffa0c7dd73,,10,FAULT,0x04C0,I2C_TIMEOUT|SENSOR_RANGE|SELFTEST,0,1,1,0,0,0,0.0,0.0,0.0,5.173,2.663,620.76,319.56,-25.0,-12.5,0.0,0.0,0.0,0.0,0.0,0.0,,0.0,0,0,0,0,0,8.0,0.0,77521.75,45025.05,122546.8,0.0,0.0
2026-06-05T00:50:28.978+00:00,119726,996060cc-1738-4269-9a35-58ffa0c7dd73,,10,FAULT,0x04C0,I2C_TIMEOUT|SENSOR_RANGE|SELFTEST,0,1,1,0,0,0,0.0,0.0,0.0,5.209,2.678,625.08,321.36,-25.0,-12.5,0.0,0.0,0.0,0.0,0.0,0.0,,0.0,0,0,0,0,0,8.0,0.0,77602.39,45066.51,122668.89,0.0,0.0
2026-06-05T00:50:29.052+00:00,119855,996060cc-1738-4269-9a35-58ffa0c7dd73,,10,FAULT,0x04C0,I2C_TIMEOUT|SENSOR_RANGE|SELFTEST,0,1,1,0,0,0,0.0,0.0,0.0,5.166,2.658,619.92,318.96,-25.0,-12.5,0.0,0.0,0.0,0.0,0.0,0.0,,0.0,0,0,0,0,0,8.0,0.0,77682.36,45107.65,122790.01,0.0,0.0
2026-06-05T00:50:29.183+00:00,119985,996060cc-1738-4269-9a35-58ffa0c7dd73,,10,FAULT,0x04C0,I2C_TIMEOUT|SENSOR_RANGE|SELFTEST,0,1,1,0,0,0,0.0,0.0,0.0,5.197,2.664,623.64,319.68,-25.0,-12.5,0.0,0.0,0.0,0.0,0.0,0.0,,0.0,0,0,0,0,0,8.0,0.0,77763.43,45149.21,122912.64,0.0,0.0
2026-06-05T00:50:29.311+00:00,120114,996060cc-1738-4269-9a35-58ffa0c7dd73,,10,FAULT,0x04C0,I2C_TIMEOUT|SENSOR_RANGE|SELFTEST,0,1,1,0,0,0,0.0,0.0,0.0,5.173,2.664,620.76,319.68,-25.0,-12.5,0.0,0.0,0.0,0.0,0.0,0.0,,0.0,0,0,0,0,0,8.0,0.0,77843.51,45190.45,123033.96,0.0,0.0
2026-06-05T00:50:29.517+00:00,120243,996060cc-1738-4269-9a35-58ffa0c7dd73,,10,FAULT,0x04C0,I2C_TIMEOUT|SENSOR_RANGE|SELFTEST,0,1,1,0,0,0,0.0,0.0,0.0,5.203,2.669,624.36,320.28,-25.0,-12.5,0.0,0.0,0.0,0.0,0.0,0.0,,0.0,0,0,0,0,0,8.0,0.0,77924.05,45231.77,123155.82,0.0,0.0
2026-06-05T00:50:29.618+00:00,120372,996060cc-1738-4269-9a35-58ffa0c7dd73,,10,FAULT,0x04C0,I2C_TIMEOUT|SENSOR_RANGE|SELFTEST,0,1,1,0,0,0,0.0,0.0,0.0,5.18,2.666,621.6,319.92,-25.0,-12.5,0.0,0.0,0.0,0.0,0.0,0.0,,0.0,0,0,0,0,0,8.0,0.0,78004.24,45273.03,123277.27,0.0,0.0
2026-06-05T00:50:29.720+00:00,120501,996060cc-1738-4269-9a35-58ffa0c7dd73,,10,FAULT,0x04C0,I2C_TIMEOUT|SENSOR_RANGE|SELFTEST,0,1,1,0,0,0,0.0,0.0,0.0,5.202,2.668,624.24,320.16,-25.0,-12.5,0.0,0.0,0.0,0.0,0.0,0.0,,0.0,0,0,0,0,0,8.0,0.0,78084.77,45314.34,123399.1,0.0,0.0
2026-06-05T00:50:29.831+00:00,120631,996060cc-1738-4269-9a35-58ffa0c7dd73,,10,FAULT,0x04C0,I2C_TIMEOUT|SENSOR_RANGE|SELFTEST,0,1,1,0,0,0,0.0,0.0,0.0,5.193,2.676,623.16,321.12,-25.0,-12.5,0.0,0.0,0.0,0.0,0.0,0.0,,0.0,0,0,0,0,0,8.0,0.0,78165.78,45356.08,123521.86,0.0,0.0
2026-06-05T00:50:29.957+00:00,120760,996060cc-1738-4269-9a35-58ffa0c7dd73,,10,FAULT,0x04C0,I2C_TIMEOUT|SENSOR_RANGE|SELFTEST,0,1,1,0,0,0,0.0,0.0,0.0,5.215,2.68,625.8,321.6,-25.0,-12.5,0.0,0.0,0.0,0.0,0.0,0.0,,0.0,0,0,0,0,0,8.0,0.0,78246.5,45397.57,123644.07,0.0,0.0
2026-06-05T00:50:30.088+00:00,120889,996060cc-1738-4269-9a35-58ffa0c7dd73,,10,FAULT,0x04C0,I2C_TIMEOUT|SENSOR_RANGE|SELFTEST,0,1,1,0,0,0,0.0,0.0,0.0,5.206,2.679,624.72,321.48,-25.0,-12.5,0.0,0.0,0.0,0.0,0.0,0.0,,0.0,0,0,0,0,0,8.0,0.0,78327.09,45439.04,123766.13,0.0,0.0
2026-06-05T00:50:30.255+00:00,121018,996060cc-1738-4269-9a35-58ffa0c7dd73,,10,FAULT,0x04C0,I2C_TIMEOUT|SENSOR_RANGE|SELFTEST,0,1,1,0,0,0,0.0,0.0,0.0,5.208,2.672,624.96,320.64,-25.0,-12.5,0.0,0.0,0.0,0.0,0.0,0.0,,0.0,0,0,0,0,0,8.0,0.0,78407.71,45480.4,123888.11,0.0,0.0
2026-06-05T00:50:30.355+00:00,121147,996060cc-1738-4269-9a35-58ffa0c7dd73,,10,FAULT,0x04C0,I2C_TIMEOUT|SENSOR_RANGE|SELFTEST,0,1,1,0,0,0,0.0,0.0,0.0,5.215,2.676,625.8,321.12,-25.0,-12.5,0.0,0.0,0.0,0.0,0.0,0.0,,0.0,0,0,0,0,0,8.0,0.0,78488.44,45521.83,124010.27,0.0,0.0
2026-06-05T00:50:30.477+00:00,121276,996060cc-1738-4269-9a35-58ffa0c7dd73,,10,FAULT,0x04C0,I2C_TIMEOUT|SENSOR_RANGE|SELFTEST,0,1,1,0,0,0,0.0,0.0,0.0,5.202,2.676,624.24,321.12,-25.0,-12.5,0.0,0.0,0.0,0.0,0.0,0.0,,0.0,0,0,0,0,0,8.0,0.0,78568.97,45563.25,124132.22,0.0,0.0
2026-06-05T00:50:30.605+00:00,121406,996060cc-1738-4269-9a35-58ffa0c7dd73,,10,FAULT,0x04C0,I2C_TIMEOUT|SENSOR_RANGE|SELFTEST,0,1,1,0,0,0,0.0,0.0,0.0,5.234,2.695,628.08,323.4,-25.0,-12.5,0.0,0.0,0.0,0.0,0.0,0.0,,0.0,0,0,0,0,0,8.0,0.0,78650.62,45605.29,124255.91,0.0,0.0
2026-06-05T00:50:30.735+00:00,121535,996060cc-1738-4269-9a35-58ffa0c7dd73,,10,FAULT,0x04C0,I2C_TIMEOUT|SENSOR_RANGE|SELFTEST,0,1,1,0,0,0,0.0,0.0,0.0,5.192,2.675,623.04,321.0,-25.0,-12.5,0.0,0.0,0.0,0.0,0.0,0.0,,0.0,0,0,0,0,0,8.0,0.0,78730.99,45646.7,124377.69,0.0,0.0
2026-06-05T00:50:30.878+00:00,121664,996060cc-1738-4269-9a35-58ffa0c7dd73,,10,FAULT,0x04C0,I2C_TIMEOUT|SENSOR_RANGE|SELFTEST,0,1,1,0,0,0,0.0,0.0,0.0,5.231,2.687,627.72,322.44,-25.0,-12.5,0.0,0.0,0.0,0.0,0.0,0.0,,0.0,0,0,0,0,0,8.0,0.0,78811.97,45688.3,124500.26,0.0,0.0
2026-06-05T00:50:31.031+00:00,121793,996060cc-1738-4269-9a35-58ffa0c7dd73,,10,FAULT,0x04C0,I2C_TIMEOUT|SENSOR_RANGE|SELFTEST,0,1,1,0,0,0,0.0,0.0,0.0,5.193,2.676,623.16,321.12,-25.0,-12.5,0.0,0.0,0.0,0.0,0.0,0.0,,0.0,0,0,0,0,0,8.0,0.0,78892.35,45729.72,124622.07,0.0,0.0
2026-06-05T00:50:31.129+00:00,121922,996060cc-1738-4269-9a35-58ffa0c7dd73,,10,FAULT,0x04C0,I2C_TIMEOUT|SENSOR_RANGE|SELFTEST,0,1,1,0,0,0,0.0,0.0,0.0,5.228,2.686,627.36,322.32,-25.0,-12.5,0.0,0.0,0.0,0.0,0.0,0.0,,0.0,0,0,0,0,0,8.0,0.0,78973.28,45771.3,124744.58,0.0,0.0
2026-06-05T00:50:31.252+00:00,122052,996060cc-1738-4269-9a35-58ffa0c7dd73,,10,FAULT,0x04C0,I2C_TIMEOUT|SENSOR_RANGE|SELFTEST,0,1,1,0,0,0,0.0,0.0,0.0,5.197,2.678,623.64,321.36,-25.0,-12.5,0.0,0.0,0.0,0.0,0.0,0.0,,0.0,0,0,0,0,0,8.0,0.0,79054.36,45813.08,124867.43,0.0,0.0
2026-06-05T00:50:31.382+00:00,122181,996060cc-1738-4269-9a35-58ffa0c7dd73,,10,FAULT,0x04C0,I2C_TIMEOUT|SENSOR_RANGE|SELFTEST,0,1,1,0,0,0,0.0,0.0,0.0,5.223,2.679,626.76,321.48,-25.0,-12.5,0.0,0.0,0.0,0.0,0.0,0.0,,0.0,0,0,0,0,0,8.0,0.0,79135.21,45854.55,124989.76,0.0,0.0
2026-06-05T00:50:31.513+00:00,122310,996060cc-1738-4269-9a35-58ffa0c7dd73,,10,FAULT,0x04C0,I2C_TIMEOUT|SENSOR_RANGE|SELFTEST,0,1,1,0,0,0,0.0,0.0,0.0,5.202,2.68,624.24,321.6,-25.0,-12.5,0.0,0.0,0.0,0.0,0.0,0.0,,0.0,0,0,0,0,0,8.0,0.0,79215.74,45896.03,125111.77,0.0,0.0
2026-06-05T00:50:31.644+00:00,122439,996060cc-1738-4269-9a35-58ffa0c7dd73,,10,FAULT,0x04C0,I2C_TIMEOUT|SENSOR_RANGE|SELFTEST,0,1,1,0,0,0,0.0,0.0,0.0,5.23,2.688,627.6,322.56,-25.0,-12.5,0.0,0.0,0.0,0.0,0.0,0.0,,0.0,0,0,0,0,0,8.0,0.0,79296.7,45937.64,125234.34,0.0,0.0
2026-06-05T00:50:31.845+00:00,122568,996060cc-1738-4269-9a35-58ffa0c7dd73,,10,FAULT,0x04C0,I2C_TIMEOUT|SENSOR_RANGE|SELFTEST,0,1,1,0,0,0,0.0,0.0,0.0,5.206,2.681,624.72,321.72,-25.0,-12.5,0.0,0.0,0.0,0.0,0.0,0.0,,0.0,0,0,0,0,0,8.0,0.0,79377.29,45979.15,125356.43,0.0,0.0
2026-06-05T00:50:31.945+00:00,122698,996060cc-1738-4269-9a35-58ffa0c7dd73,,10,FAULT,0x04C0,I2C_TIMEOUT|SENSOR_RANGE|SELFTEST,0,1,1,0,0,0,0.0,0.0,0.0,5.229,2.681,627.48,321.72,-25.0,-12.5,0.0,0.0,0.0,0.0,0.0,0.0,,0.0,0,0,0,0,0,8.0,0.0,79458.86,46020.97,125479.83,0.0,0.0
2026-06-05T00:50:32.030+00:00,122827,996060cc-1738-4269-9a35-58ffa0c7dd73,,10,FAULT,0x04C0,I2C_TIMEOUT|SENSOR_RANGE|SELFTEST,0,1,1,0,0,0,0.0,0.0,0.0,5.221,2.684,626.52,322.08,-25.0,-12.5,0.0,0.0,0.0,0.0,0.0,0.0,,0.0,0,0,0,0,0,8.0,0.0,79539.68,46062.52,125602.2,0.0,0.0
2026-06-05T00:50:32.163+00:00,122956,996060cc-1738-4269-9a35-58ffa0c7dd73,,10,FAULT,0x04C0,I2C_TIMEOUT|SENSOR_RANGE|SELFTEST,0,1,1,0,0,0,0.0,0.0,0.0,5.225,2.687,627.0,322.44,-25.0,-12.5,0.0,0.0,0.0,0.0,0.0,0.0,,0.0,0,0,0,0,0,8.0,0.0,79620.56,46104.11,125724.67,0.0,0.0
2026-06-05T00:50:32.288+00:00,123085,996060cc-1738-4269-9a35-58ffa0c7dd73,,10,FAULT,0x04C0,I2C_TIMEOUT|SENSOR_RANGE|SELFTEST,0,1,1,0,0,0,0.0,0.0,0.0,5.233,2.696,627.96,323.52,-25.0,-12.5,0.0,0.0,0.0,0.0,0.0,0.0,,0.0,0,0,0,0,0,8.0,0.0,79701.57,46145.85,125847.42,0.0,0.0
2026-06-05T00:50:32.484+00:00,123214,996060cc-1738-4269-9a35-58ffa0c7dd73,,10,FAULT,0x04C0,I2C_TIMEOUT|SENSOR_RANGE|SELFTEST,0,1,1,0,0,0,0.0,0.0,0.0,5.209,2.68,625.08,321.6,-25.0,-12.5,0.0,0.0,0.0,0.0,0.0,0.0,,0.0,0,0,0,0,0,8.0,0.0,79782.2,46187.33,125969.54,0.0,0.0
2026-06-05T00:50:32.584+00:00,123343,996060cc-1738-4269-9a35-58ffa0c7dd73,,10,FAULT,0x04C0,I2C_TIMEOUT|SENSOR_RANGE|SELFTEST,0,1,1,0,0,0,0.0,0.0,0.0,5.244,2.695,629.28,323.4,-25.0,-12.5,0.0,0.0,0.0,0.0,0.0,0.0,,0.0,0,0,0,0,0,8.0,0.0,79863.38,46229.05,126092.43,0.0,0.0
2026-06-05T00:50:32.681+00:00,123473,996060cc-1738-4269-9a35-58ffa0c7dd73,,10,FAULT,0x04C0,I2C_TIMEOUT|SENSOR_RANGE|SELFTEST,0,1,1,0,0,0,0.0,0.0,0.0,5.2,2.679,624.0,321.48,-25.0,-12.5,0.0,0.0,0.0,0.0,0.0,0.0,,0.0,0,0,0,0,0,8.0,0.0,79944.5,46270.84,126215.34,0.0,0.0
2026-06-05T00:50:32.808+00:00,123602,996060cc-1738-4269-9a35-58ffa0c7dd73,,10,FAULT,0x04C0,I2C_TIMEOUT|SENSOR_RANGE|SELFTEST,0,1,1,0,0,0,0.0,0.0,0.0,5.24,2.697,628.8,323.64,-25.0,-12.5,0.0,0.0,0.0,0.0,0.0,0.0,,0.0,0,0,0,0,0,8.0,0.0,80025.62,46312.59,126338.21,0.0,0.0
2026-06-05T00:50:32.935+00:00,123731,996060cc-1738-4269-9a35-58ffa0c7dd73,,10,FAULT,0x04C0,I2C_TIMEOUT|SENSOR_RANGE|SELFTEST,0,1,1,0,0,0,0.0,0.0,0.0,5.19,2.677,622.8,321.24,-25.0,-12.5,0.0,0.0,0.0,0.0,0.0,0.0,,0.0,0,0,0,0,0,8.0,0.0,80105.96,46354.03,126459.99,0.0,0.0
2026-06-05T00:50:33.066+00:00,123860,996060cc-1738-4269-9a35-58ffa0c7dd73,,10,FAULT,0x04C0,I2C_TIMEOUT|SENSOR_RANGE|SELFTEST,0,1,1,0,0,0,0.0,0.0,0.0,5.226,2.683,627.12,321.96,-25.0,-12.5,0.0,0.0,0.0,0.0,0.0,0.0,,0.0,0,0,0,0,0,8.0,0.0,80186.86,46395.57,126582.42,0.0,0.0
2026-06-05T00:50:33.213+00:00,123990,996060cc-1738-4269-9a35-58ffa0c7dd73,,10,FAULT,0x04C0,I2C_TIMEOUT|SENSOR_RANGE|SELFTEST,0,1,1,0,0,0,0.0,0.0,0.0,5.197,2.68,623.64,321.6,-25.0,-12.5,0.0,0.0,0.0,0.0,0.0,0.0,,0.0,0,0,0,0,0,8.0,0.0,80267.93,46437.37,126705.3,0.0,0.0
2026-06-05T00:50:33.404+00:00,124120,996060cc-1738-4269-9a35-58ffa0c7dd73,,10,FAULT,0x04C0,I2C_TIMEOUT|SENSOR_RANGE|SELFTEST,0,1,1,0,0,0,0.0,0.0,0.0,5.226,2.687,627.12,322.44,-25.0,-12.5,0.0,0.0,0.0,0.0,0.0,0.0,,0.0,0,0,0,0,0,8.0,0.0,80349.45,46479.29,126828.75,0.0,0.0
2026-06-05T00:50:33.455+00:00,124249,996060cc-1738-4269-9a35-58ffa0c7dd73,,10,FAULT,0x04C0,I2C_TIMEOUT|SENSOR_RANGE|SELFTEST,0,1,1,0,0,0,0.0,0.0,0.0,5.201,2.68,624.12,321.6,-25.0,-12.5,0.0,0.0,0.0,0.0,0.0,0.0,,0.0,0,0,0,0,0,8.0,0.0,80429.97,46520.78,126950.74,0.0,0.0
2026-06-05T00:50:33.582+00:00,124378,996060cc-1738-4269-9a35-58ffa0c7dd73,,10,FAULT,0x04C0,I2C_TIMEOUT|SENSOR_RANGE|SELFTEST,0,1,1,0,0,0,0.0,0.0,0.0,5.229,2.677,627.48,321.24,-25.0,-12.5,0.0,0.0,0.0,0.0,0.0,0.0,,0.0,0,0,0,0,0,8.0,0.0,80510.91,46562.22,127073.13,0.0,0.0
2026-06-05T00:50:33.713+00:00,124507,996060cc-1738-4269-9a35-58ffa0c7dd73,,10,FAULT,0x04C0,I2C_TIMEOUT|SENSOR_RANGE|SELFTEST,0,1,1,0,0,0,0.0,0.0,0.0,5.209,2.678,625.08,321.36,-25.0,-12.5,0.0,0.0,0.0,0.0,0.0,0.0,,0.0,0,0,0,0,0,8.0,0.0,80591.55,46603.67,127195.22,0.0,0.0
2026-06-05T00:50:33.844+00:00,124636,996060cc-1738-4269-9a35-58ffa0c7dd73,,10,FAULT,0x04C0,I2C_TIMEOUT|SENSOR_RANGE|SELFTEST,0,1,1,0,0,0,0.0,0.0,0.0,5.224,2.682,626.88,321.84,-25.0,-12.5,0.0,0.0,0.0,0.0,0.0,0.0,,0.0,0,0,0,0,0,8.0,0.0,80672.41,46645.19,127317.6,0.0,0.0
2026-06-05T00:50:34.040+00:00,124766,996060cc-1738-4269-9a35-58ffa0c7dd73,,10,FAULT,0x04C0,I2C_TIMEOUT|SENSOR_RANGE|SELFTEST,0,1,1,0,0,0,0.0,0.0,0.0,5.22,2.684,626.4,322.08,-25.0,-12.5,0.0,0.0,0.0,0.0,0.0,0.0,,0.0,0,0,0,0,0,8.0,0.0,80753.85,46687.06,127440.91,0.0,0.0
2026-06-05T00:50:34.140+00:00,124895,996060cc-1738-4269-9a35-58ffa0c7dd73,,10,FAULT,0x04C0,I2C_TIMEOUT|SENSOR_RANGE|SELFTEST,0,1,1,0,0,0,0.0,0.0,0.0,5.208,2.666,624.96,319.92,-25.0,-12.5,0.0,0.0,0.0,0.0,0.0,0.0,,0.0,0,0,0,0,0,8.0,0.0,80834.47,46728.33,127562.8,0.0,0.0
2026-06-05T00:50:34.229+00:00,125024,996060cc-1738-4269-9a35-58ffa0c7dd73,,10,FAULT,0x04C0,I2C_TIMEOUT|SENSOR_RANGE|SELFTEST,0,1,1,0,0,0,0.0,0.0,0.0,5.224,2.681,626.88,321.72,-25.0,-12.5,0.0,0.0,0.0,0.0,0.0,0.0,,0.0,0,0,0,0,0,8.0,0.0,80915.33,46769.83,127685.17,0.0,0.0
2026-06-05T00:50:34.360+00:00,125153,996060cc-1738-4269-9a35-58ffa0c7dd73,,10,FAULT,0x04C0,I2C_TIMEOUT|SENSOR_RANGE|SELFTEST,0,1,1,0,0,0,0.0,0.0,0.0,5.197,2.67,623.64,320.4,-25.0,-12.5,0.0,0.0,0.0,0.0,0.0,0.0,,0.0,0,0,0,0,0,8.0,0.0,80995.78,46811.16,127806.95,0.0,0.0
2026-06-05T00:50:34.491+00:00,125282,996060cc-1738-4269-9a35-58ffa0c7dd73,,10,FAULT,0x04C0,I2C_TIMEOUT|SENSOR_RANGE|SELFTEST,0,1,1,0,0,0,0.0,0.0,0.0,5.24,2.692,628.8,323.04,-25.0,-12.5,0.0,0.0,0.0,0.0,0.0,0.0,,0.0,0,0,0,0,0,8.0,0.0,81076.9,46852.84,127929.73,0.0,0.0
2026-06-05T00:50:34.678+00:00,125411,996060cc-1738-4269-9a35-58ffa0c7dd73,,10,FAULT,0x04C0,I2C_TIMEOUT|SENSOR_RANGE|SELFTEST,0,1,1,0,0,0,0.0,0.0,0.0,5.188,2.666,622.56,319.92,-25.0,-12.5,0.0,0.0,0.0,0.0,0.0,0.0,,0.0,0,0,0,0,0,8.0,0.0,81157.21,46894.11,128051.31,0.0,0.0
2026-06-05T00:50:34.776+00:00,125541,996060cc-1738-4269-9a35-58ffa0c7dd73,,10,FAULT,0x04C0,I2C_TIMEOUT|SENSOR_RANGE|SELFTEST,0,1,1,0,0,0,0.0,0.0,0.0,5.229,2.678,627.48,321.36,-25.0,-12.5,0.0,0.0,0.0,0.0,0.0,0.0,,0.0,0,0,0,0,0,8.0,0.0,81238.78,46935.88,128174.66,0.0,0.0
2026-06-05T00:50:34.877+00:00,125670,996060cc-1738-4269-9a35-58ffa0c7dd73,,10,FAULT,0x04C0,I2C_TIMEOUT|SENSOR_RANGE|SELFTEST,0,1,1,0,0,0,0.0,0.0,0.0,5.18,2.658,621.6,318.96,-25.0,-12.5,0.0,0.0,0.0,0.0,0.0,0.0,,0.0,0,0,0,0,0,8.0,0.0,81318.97,46977.03,128296.0,0.0,0.0
2026-06-05T00:50:35.007+00:00,125799,996060cc-1738-4269-9a35-58ffa0c7dd73,,10,FAULT,0x04C0,I2C_TIMEOUT|SENSOR_RANGE|SELFTEST,0,1,1,0,0,0,0.0,0.0,0.0,5.214,2.669,625.68,320.28,-25.0,-12.5,0.0,0.0,0.0,0.0,0.0,0.0,,0.0,0,0,0,0,0,8.0,0.0,81399.68,47018.34,128418.02,0.0,0.0
2026-06-05T00:50:35.138+00:00,125928,996060cc-1738-4269-9a35-58ffa0c7dd73,,10,FAULT,0x04C0,I2C_TIMEOUT|SENSOR_RANGE|SELFTEST,0,1,1,0,0,0,0.0,0.0,0.0,5.182,2.657,621.84,318.84,-25.0,-12.5,0.0,0.0,0.0,0.0,0.0,0.0,,0.0,0,0,0,0,0,8.0,0.0,81479.9,47059.48,128539.37,0.0,0.0
2026-06-05T00:50:35.266+00:00,126057,996060cc-1738-4269-9a35-58ffa0c7dd73,,10,FAULT,0x04C0,I2C_TIMEOUT|SENSOR_RANGE|SELFTEST,0,1,1,0,0,0,0.0,0.0,0.0,5.199,2.654,623.88,318.48,-25.0,-12.5,0.0,0.0,0.0,0.0,0.0,0.0,,0.0,0,0,0,0,0,8.0,0.0,81560.38,47100.56,128660.94,0.0,0.0
2026-06-05T00:50:35.403+00:00,126187,996060cc-1738-4269-9a35-58ffa0c7dd73,,10,FAULT,0x04C0,I2C_TIMEOUT|SENSOR_RANGE|SELFTEST,0,1,1,0,0,0,0.0,0.0,0.0,5.183,2.665,621.96,319.8,-25.0,-12.5,0.0,0.0,0.0,0.0,0.0,0.0,,0.0,0,0,0,0,0,8.0,0.0,81641.23,47142.13,128783.37,0.0,0.0
2026-06-05T00:50:35.601+00:00,126316,996060cc-1738-4269-9a35-58ffa0c7dd73,,10,FAULT,0x04C0,I2C_TIMEOUT|SENSOR_RANGE|SELFTEST,0,1,1,0,0,0,0.0,0.0,0.0,5.202,2.665,624.24,319.8,-25.0,-12.5,0.0,0.0,0.0,0.0,0.0,0.0,,0.0,0,0,0,0,0,8.0,0.0,81721.76,47183.39,128905.15,0.0,0.0
2026-06-05T00:50:35.654+00:00,126445,996060cc-1738-4269-9a35-58ffa0c7dd73,,10,FAULT,0x04C0,I2C_TIMEOUT|SENSOR_RANGE|SELFTEST,0,1,1,0,0,0,0.0,0.0,0.0,5.192,2.668,623.04,320.16,-25.0,-12.5,0.0,0.0,0.0,0.0,0.0,0.0,,0.0,0,0,0,0,0,8.0,0.0,81802.13,47224.69,129026.82,0.0,0.0
2026-06-05T00:50:35.785+00:00,126574,996060cc-1738-4269-9a35-58ffa0c7dd73,,10,FAULT,0x04C0,I2C_TIMEOUT|SENSOR_RANGE|SELFTEST,0,1,1,0,0,0,0.0,0.0,0.0,5.204,2.663,624.48,319.56,-25.0,-12.5,0.0,0.0,0.0,0.0,0.0,0.0,,0.0,0,0,0,0,0,8.0,0.0,81882.69,47265.91,129148.6,0.0,0.0
2026-06-05T00:50:35.913+00:00,126703,996060cc-1738-4269-9a35-58ffa0c7dd73,,10,FAULT,0x04C0,I2C_TIMEOUT|SENSOR_RANGE|SELFTEST,0,1,1,0,0,0,0.0,0.0,0.0,5.203,2.67,624.36,320.4,-25.0,-12.5,0.0,0.0,0.0,0.0,0.0,0.0,,0.0,0,0,0,0,0,8.0,0.0,81963.23,47307.24,129270.47,0.0,0.0
2026-06-05T00:50:36.045+00:00,126832,996060cc-1738-4269-9a35-58ffa0c7dd73,,10,FAULT,0x04C0,I2C_TIMEOUT|SENSOR_RANGE|SELFTEST,0,1,1,0,0,0,0.0,0.0,0.0,5.198,2.67,623.76,320.4,-25.0,-12.5,0.0,0.0,0.0,0.0,0.0,0.0,,0.0,0,0,0,0,0,8.0,0.0,82043.7,47348.57,129392.27,0.0,0.0
2026-06-05T00:50:36.175+00:00,126962,996060cc-1738-4269-9a35-58ffa0c7dd73,,10,FAULT,0x04C0,I2C_TIMEOUT|SENSOR_RANGE|SELFTEST,0,1,1,0,0,0,0.0,0.0,0.0,5.217,2.684,626.04,322.08,-25.0,-12.5,0.0,0.0,0.0,0.0,0.0,0.0,,0.0,0,0,0,0,0,8.0,0.0,82125.08,47390.44,129515.53,0.0,0.0
2026-06-05T00:50:36.368+00:00,127091,996060cc-1738-4269-9a35-58ffa0c7dd73,,10,FAULT,0x04C0,I2C_TIMEOUT|SENSOR_RANGE|SELFTEST,0,1,1,0,0,0,0.0,0.0,0.0,5.191,2.671,622.92,320.52,-25.0,-12.5,0.0,0.0,0.0,0.0,0.0,0.0,,0.0,0,0,0,0,0,8.0,0.0,82205.44,47431.79,129637.23,0.0,0.0
2026-06-05T00:50:36.432+00:00,127220,996060cc-1738-4269-9a35-58ffa0c7dd73,,10,FAULT,0x04C0,I2C_TIMEOUT|SENSOR_RANGE|SELFTEST,0,1,1,0,0,0,0.0,0.0,0.0,5.23,2.688,627.6,322.56,-25.0,-12.5,0.0,0.0,0.0,0.0,0.0,0.0,,0.0,0,0,0,0,0,8.0,0.0,82286.4,47473.4,129759.8,0.0,0.0
2026-06-05T00:50:36.560+00:00,127349,996060cc-1738-4269-9a35-58ffa0c7dd73,,10,FAULT,0x04C0,I2C_TIMEOUT|SENSOR_RANGE|SELFTEST,0,1,1,0,0,0,0.0,0.0,0.0,5.19,2.679,622.8,321.48,-25.0,-12.5,0.0,0.0,0.0,0.0,0.0,0.0,,0.0,0,0,0,0,0,8.0,0.0,82366.74,47514.87,129881.61,0.0,0.0
2026-06-05T00:50:36.691+00:00,127478,996060cc-1738-4269-9a35-58ffa0c7dd73,,10,FAULT,0x04C0,I2C_TIMEOUT|SENSOR_RANGE|SELFTEST,0,1,1,0,0,0,0.0,0.0,0.0,5.226,2.695,627.12,323.4,-25.0,-12.5,0.0,0.0,0.0,0.0,0.0,0.0,,0.0,0,0,0,0,0,8.0,0.0,82447.64,47556.59,130004.23,0.0,0.0
2026-06-05T00:50:36.899+00:00,127608,996060cc-1738-4269-9a35-58ffa0c7dd73,,10,FAULT,0x04C0,I2C_TIMEOUT|SENSOR_RANGE|SELFTEST,0,1,1,0,0,0,0.0,0.0,0.0,5.185,2.679,622.2,321.48,-25.0,-12.5,0.0,0.0,0.0,0.0,0.0,0.0,,0.0,0,0,0,0,0,8.0,0.0,82528.53,47598.38,130126.91,0.0,0.0
2026-06-05T00:50:37.010+00:00,127737,996060cc-1738-4269-9a35-58ffa0c7dd73,,10,FAULT,0x04C0,I2C_TIMEOUT|SENSOR_RANGE|SELFTEST,0,1,1,0,0,0,0.0,0.0,0.0,5.217,2.683,626.04,321.96,-25.0,-12.5,0.0,0.0,0.0,0.0,0.0,0.0,,0.0,0,0,0,0,0,8.0,0.0,82609.28,47639.92,130249.2,0.0,0.0
2026-06-05T00:50:37.110+00:00,127866,996060cc-1738-4269-9a35-58ffa0c7dd73,,10,FAULT,0x04C0,I2C_TIMEOUT|SENSOR_RANGE|SELFTEST,0,1,1,0,0,0,0.0,0.0,0.0,5.197,2.684,623.64,322.08,-25.0,-12.5,0.0,0.0,0.0,0.0,0.0,0.0,,0.0,0,0,0,0,0,8.0,0.0,82689.73,47681.47,130371.2,0.0,0.0
2026-06-05T00:50:37.207+00:00,127995,996060cc-1738-4269-9a35-58ffa0c7dd73,,10,FAULT,0x04C0,I2C_TIMEOUT|SENSOR_RANGE|SELFTEST,0,1,1,0,0,0,0.0,0.0,0.0,5.218,2.685,626.16,322.2,-25.0,-12.5,0.0,0.0,0.0,0.0,0.0,0.0,,0.0,0,0,0,0,0,8.0,0.0,82770.51,47723.03,130493.54,0.0,0.0
2026-06-05T00:50:37.338+00:00,128124,996060cc-1738-4269-9a35-58ffa0c7dd73,,10,FAULT,0x04C0,I2C_TIMEOUT|SENSOR_RANGE|SELFTEST,0,1,1,0,0,0,0.0,0.0,0.0,5.208,2.687,624.96,322.44,-25.0,-12.5,0.0,0.0,0.0,0.0,0.0,0.0,,0.0,0,0,0,0,0,8.0,0.0,82851.13,47764.62,130615.75,0.0,0.0
2026-06-05T00:50:37.468+00:00,128254,996060cc-1738-4269-9a35-58ffa0c7dd73,,10,FAULT,0x04C0,I2C_TIMEOUT|SENSOR_RANGE|SELFTEST,0,1,1,0,0,0,0.0,0.0,0.0,5.223,2.681,626.76,321.72,-25.0,-12.5,0.0,0.0,0.0,0.0,0.0,0.0,,0.0,0,0,0,0,0,8.0,0.0,82932.61,47806.45,130739.05,0.0,0.0
2026-06-05T00:50:37.646+00:00,128384,996060cc-1738-4269-9a35-58ffa0c7dd73,,10,FAULT,0x04C0,I2C_TIMEOUT|SENSOR_RANGE|SELFTEST,0,1,1,0,0,0,0.0,0.0,0.0,5.209,2.684,625.08,322.08,-25.0,-12.5,0.0,0.0,0.0,0.0,0.0,0.0,,0.0,0,0,0,0,0,8.0,0.0,83013.87,47848.32,130862.19,0.0,0.0
2026-06-05T00:50:37.742+00:00,128513,996060cc-1738-4269-9a35-58ffa0c7dd73,,10,FAULT,0x04C0,I2C_TIMEOUT|SENSOR_RANGE|SELFTEST,0,1,1,0,0,0,0.0,0.0,0.0,5.225,2.692,627.0,323.04,-25.0,-12.5,0.0,0.0,0.0,0.0,0.0,0.0,,0.0,0,0,0,0,0,8.0,0.0,83094.75,47889.99,130984.74,0.0,0.0
2026-06-05T00:50:37.855+00:00,128642,996060cc-1738-4269-9a35-58ffa0c7dd73,,10,FAULT,0x04C0,I2C_TIMEOUT|SENSOR_RANGE|SELFTEST,0,1,1,0,0,0,0.0,0.0,0.0,5.221,2.693,626.52,323.16,-25.0,-12.5,0.0,0.0,0.0,0.0,0.0,0.0,,0.0,0,0,0,0,0,8.0,0.0,83175.57,47931.68,131107.25,0.0,0.0
2026-06-05T00:50:37.985+00:00,128771,996060cc-1738-4269-9a35-58ffa0c7dd73,,10,FAULT,0x04C0,I2C_TIMEOUT|SENSOR_RANGE|SELFTEST,0,1,1,0,0,0,0.0,0.0,0.0,5.22,2.688,626.4,322.56,-25.0,-12.5,0.0,0.0,0.0,0.0,0.0,0.0,,0.0,0,0,0,0,0,8.0,0.0,83256.38,47973.29,131229.66,0.0,0.0
2026-06-05T00:50:38.116+00:00,128900,996060cc-1738-4269-9a35-58ffa0c7dd73,,10,FAULT,0x04C0,I2C_TIMEOUT|SENSOR_RANGE|SELFTEST,0,1,1,0,0,0,0.0,0.0,0.0,5.239,2.698,628.68,323.76,-25.0,-12.5,0.0,0.0,0.0,0.0,0.0,0.0,,0.0,0,0,0,0,0,8.0,0.0,83337.48,48015.05,131352.53,0.0,0.0
2026-06-05T00:50:38.254+00:00,129030,996060cc-1738-4269-9a35-58ffa0c7dd73,,10,FAULT,0x04C0,I2C_TIMEOUT|SENSOR_RANGE|SELFTEST,0,1,1,0,0,0,0.0,0.0,0.0,5.208,2.687,624.96,322.44,-25.0,-12.5,0.0,0.0,0.0,0.0,0.0,0.0,,0.0,0,0,0,0,0,8.0,0.0,83418.72,48056.97,131475.69,0.0,0.0
2026-06-05T00:50:38.402+00:00,129159,996060cc-1738-4269-9a35-58ffa0c7dd73,,10,FAULT,0x04C0,I2C_TIMEOUT|SENSOR_RANGE|SELFTEST,0,1,1,0,0,0,0.0,0.0,0.0,5.252,2.703,630.24,324.36,-25.0,-12.5,0.0,0.0,0.0,0.0,0.0,0.0,,0.0,0,0,0,0,0,8.0,0.0,83500.02,48098.81,131598.83,0.0,0.0
2026-06-05T00:50:38.558+00:00,129288,996060cc-1738-4269-9a35-58ffa0c7dd73,,10,FAULT,0x04C0,I2C_TIMEOUT|SENSOR_RANGE|SELFTEST,0,1,1,0,0,0,0.0,0.0,0.0,5.198,2.68,623.76,321.6,-25.0,-12.5,0.0,0.0,0.0,0.0,0.0,0.0,,0.0,0,0,0,0,0,8.0,0.0,83580.49,48140.3,131720.79,0.0,0.0
2026-06-05T00:50:38.632+00:00,129417,996060cc-1738-4269-9a35-58ffa0c7dd73,,10,FAULT,0x04C0,I2C_TIMEOUT|SENSOR_RANGE|SELFTEST,0,1,1,0,0,0,0.0,0.0,0.0,5.24,2.693,628.8,323.16,-25.0,-12.5,0.0,0.0,0.0,0.0,0.0,0.0,,0.0,0,0,0,0,0,8.0,0.0,83661.6,48181.99,131843.59,0.0,0.0
2026-06-05T00:50:38.763+00:00,129546,996060cc-1738-4269-9a35-58ffa0c7dd73,,10,FAULT,0x04C0,I2C_TIMEOUT|SENSOR_RANGE|SELFTEST,0,1,1,0,0,0,0.0,0.0,0.0,5.192,2.678,623.04,321.36,-25.0,-12.5,0.0,0.0,0.0,0.0,0.0,0.0,,0.0,0,0,0,0,0,8.0,0.0,83741.98,48223.44,131965.42,0.0,0.0
2026-06-05T00:50:38.891+00:00,129676,996060cc-1738-4269-9a35-58ffa0c7dd73,,10,FAULT,0x04C0,I2C_TIMEOUT|SENSOR_RANGE|SELFTEST,0,1,1,0,0,0,0.0,0.0,0.0,5.226,2.689,627.12,322.68,-25.0,-12.5,0.0,0.0,0.0,0.0,0.0,0.0,,0.0,0,0,0,0,0,8.0,0.0,83823.5,48265.39,132088.89,0.0,0.0
2026-06-05T00:50:39.097+00:00,129805,996060cc-1738-4269-9a35-58ffa0c7dd73,,10,FAULT,0x04C0,I2C_TIMEOUT|SENSOR_RANGE|SELFTEST,0,1,1,0,0,0,0.0,0.0,0.0,5.199,2.677,623.88,321.24,-25.0,-12.5,0.0,0.0,0.0,0.0,0.0,0.0,,0.0,0,0,0,0,0,8.0,0.0,83903.98,48306.83,132210.81,0.0,0.0
2026-06-05T00:50:39.196+00:00,129934,996060cc-1738-4269-9a35-58ffa0c7dd73,,10,FAULT,0x04C0,I2C_TIMEOUT|SENSOR_RANGE|SELFTEST,0,1,1,0,0,0,0.0,0.0,0.0,5.22,2.678,626.4,321.36,-25.0,-12.5,0.0,0.0,0.0,0.0,0.0,0.0,,0.0,0,0,0,0,0,8.0,0.0,83984.79,48348.29,132333.07,0.0,0.0
2026-06-05T00:50:39.294+00:00,130063,996060cc-1738-4269-9a35-58ffa0c7dd73,,10,FAULT,0x04C0,I2C_TIMEOUT|SENSOR_RANGE|SELFTEST,0,1,1,0,0,0,0.0,0.0,0.0,5.2,2.678,624.0,321.36,-25.0,-12.5,0.0,0.0,0.0,0.0,0.0,0.0,,0.0,0,0,0,0,0,8.0,0.0,84065.28,48389.74,132455.02,0.0,0.0
2026-06-05T00:50:39.410+00:00,130192,996060cc-1738-4269-9a35-58ffa0c7dd73,,10,FAULT,0x04C0,I2C_TIMEOUT|SENSOR_RANGE|SELFTEST,0,1,1,0,0,0,0.0,0.0,0.0,5.22,2.685,626.4,322.2,-25.0,-12.5,0.0,0.0,0.0,0.0,0.0,0.0,,0.0,0,0,0,0,0,8.0,0.0,84146.09,48431.3,132577.39,0.0,0.0
2026-06-05T00:50:39.538+00:00,130322,996060cc-1738-4269-9a35-58ffa0c7dd73,,10,FAULT,0x04C0,I2C_TIMEOUT|SENSOR_RANGE|SELFTEST,0,1,1,0,0,0,0.0,0.0,0.0,5.205,2.686,624.6,322.32,-25.0,-12.5,0.0,0.0,0.0,0.0,0.0,0.0,,0.0,0,0,0,0,0,8.0,0.0,84227.29,48473.21,132700.49,0.0,0.0
2026-06-05T00:50:39.668+00:00,130451,996060cc-1738-4269-9a35-58ffa0c7dd73,,10,FAULT,0x04C0,I2C_TIMEOUT|SENSOR_RANGE|SELFTEST,0,1,1,0,0,0,0.0,0.0,0.0,5.216,2.678,625.92,321.36,-25.0,-12.5,0.0,0.0,0.0,0.0,0.0,0.0,,0.0,0,0,0,0,0,8.0,0.0,84308.03,48514.66,132822.69,0.0,0.0
2026-06-05T00:50:39.831+00:00,130580,996060cc-1738-4269-9a35-58ffa0c7dd73,,10,FAULT,0x04C0,I2C_TIMEOUT|SENSOR_RANGE|SELFTEST,0,1,1,0,0,0,0.0,0.0,0.0,5.209,2.674,625.08,320.88,-25.0,-12.5,0.0,0.0,0.0,0.0,0.0,0.0,,0.0,0,0,0,0,0,8.0,0.0,84388.67,48556.06,132944.72,0.0,0.0
2026-06-05T00:50:39.956+00:00,130709,996060cc-1738-4269-9a35-58ffa0c7dd73,,10,FAULT,0x04C0,I2C_TIMEOUT|SENSOR_RANGE|SELFTEST,0,1,1,0,0,0,0.0,0.0,0.0,5.207,2.669,624.84,320.28,-25.0,-12.5,0.0,0.0,0.0,0.0,0.0,0.0,,0.0,0,0,0,0,0,8.0,0.0,84469.27,48597.37,133066.64,0.0,0.0
2026-06-05T00:50:40.057+00:00,130838,996060cc-1738-4269-9a35-58ffa0c7dd73,,10,FAULT,0x04C0,I2C_TIMEOUT|SENSOR_RANGE|SELFTEST,0,1,1,0,0,0,0.0,0.0,0.0,5.219,2.674,626.28,320.88,-25.0,-12.5,0.0,0.0,0.0,0.0,0.0,0.0,,0.0,0,0,0,0,0,8.0,0.0,84550.06,48638.77,133188.82,0.0,0.0
2026-06-05T00:50:40.185+00:00,130967,996060cc-1738-4269-9a35-58ffa0c7dd73,,10,FAULT,0x04C0,I2C_TIMEOUT|SENSOR_RANGE|SELFTEST,0,1,1,0,0,0,0.0,0.0,0.0,5.184,2.655,622.08,318.6,-25.0,-12.5,0.0,0.0,0.0,0.0,0.0,0.0,,0.0,0,0,0,0,0,8.0,0.0,84630.31,48679.86,133310.17,0.0,0.0
2026-06-05T00:50:40.315+00:00,131097,996060cc-1738-4269-9a35-58ffa0c7dd73,,10,FAULT,0x04C0,I2C_TIMEOUT|SENSOR_RANGE|SELFTEST,0,1,1,0,0,0,0.0,0.0,0.0,5.228,2.677,627.36,321.24,-25.0,-12.5,0.0,0.0,0.0,0.0,0.0,0.0,,0.0,0,0,0,0,0,8.0,0.0,84711.86,48721.63,133433.49,0.0,0.0
2026-06-05T00:50:40.446+00:00,131226,996060cc-1738-4269-9a35-58ffa0c7dd73,,10,FAULT,0x04C0,I2C_TIMEOUT|SENSOR_RANGE|SELFTEST,0,1,1,0,0,0,0.0,0.0,0.0,5.175,2.655,621.0,318.6,-25.0,-12.5,0.0,0.0,0.0,0.0,0.0,0.0,,0.0,0,0,0,0,0,8.0,0.0,84791.97,48762.73,133554.7,0.0,0.0
2026-06-05T00:50:40.645+00:00,131355,996060cc-1738-4269-9a35-58ffa0c7dd73,,10,FAULT,0x04C0,I2C_TIMEOUT|SENSOR_RANGE|SELFTEST,0,1,1,0,0,0,0.0,0.0,0.0,5.229,2.674,627.48,320.88,-25.0,-12.5,0.0,0.0,0.0,0.0,0.0,0.0,,0.0,0,0,0,0,0,8.0,0.0,84872.92,48804.12,133677.04,0.0,0.0
2026-06-05T00:50:40.745+00:00,131484,996060cc-1738-4269-9a35-58ffa0c7dd73,,10,FAULT,0x04C0,I2C_TIMEOUT|SENSOR_RANGE|SELFTEST,0,1,1,0,0,0,0.0,0.0,0.0,5.173,2.642,620.76,317.04,-25.0,-12.5,0.0,0.0,0.0,0.0,0.0,0.0,,0.0,0,0,0,0,0,8.0,0.0,84953.0,48845.02,133798.01,0.0,0.0
2026-06-05T00:50:40.832+00:00,131613,996060cc-1738-4269-9a35-58ffa0c7dd73,,10,FAULT,0x04C0,I2C_TIMEOUT|SENSOR_RANGE|SELFTEST,0,1,1,0,0,0,0.0,0.0,0.0,5.21,2.652,625.2,318.24,-25.0,-12.5,0.0,0.0,0.0,0.0,0.0,0.0,,0.0,0,0,0,0,0,8.0,0.0,85033.65,48886.07,133919.72,0.0,0.0
2026-06-05T00:50:40.963+00:00,131743,996060cc-1738-4269-9a35-58ffa0c7dd73,,10,FAULT,0x04C0,I2C_TIMEOUT|SENSOR_RANGE|SELFTEST,0,1,1,0,0,0,0.0,0.0,0.0,5.177,2.648,621.24,317.76,-25.0,-12.5,0.0,0.0,0.0,0.0,0.0,0.0,,0.0,0,0,0,0,0,8.0,0.0,85114.41,48927.38,134041.79,0.0,0.0
2026-06-05T00:50:41.093+00:00,131872,996060cc-1738-4269-9a35-58ffa0c7dd73,,10,FAULT,0x04C0,I2C_TIMEOUT|SENSOR_RANGE|SELFTEST,0,1,1,0,0,0,0.0,0.0,0.0,5.202,2.659,624.24,319.08,-25.0,-12.5,0.0,0.0,0.0,0.0,0.0,0.0,,0.0,0,0,0,0,0,8.0,0.0,85194.94,48968.54,134163.48,0.0,0.0
2026-06-05T00:50:41.310+00:00,132001,996060cc-1738-4269-9a35-58ffa0c7dd73,,10,FAULT,0x04C0,I2C_TIMEOUT|SENSOR_RANGE|SELFTEST,0,1,1,0,0,0,0.0,0.0,0.0,5.184,2.657,622.08,318.84,-25.0,-12.5,0.0,0.0,0.0,0.0,0.0,0.0,,0.0,0,0,0,0,0,8.0,0.0,85275.18,49009.67,134284.85,0.0,0.0
2026-06-05T00:50:41.411+00:00,132130,996060cc-1738-4269-9a35-58ffa0c7dd73,,10,FAULT,0x04C0,I2C_TIMEOUT|SENSOR_RANGE|SELFTEST,0,1,1,0,0,0,0.0,0.0,0.0,5.197,2.653,623.64,318.36,-25.0,-12.5,0.0,0.0,0.0,0.0,0.0,0.0,,0.0,0,0,0,0,0,8.0,0.0,85355.63,49050.74,134406.37,0.0,0.0
2026-06-05T00:50:41.511+00:00,132259,996060cc-1738-4269-9a35-58ffa0c7dd73,,10,FAULT,0x04C0,I2C_TIMEOUT|SENSOR_RANGE|SELFTEST,0,1,1,0,0,0,0.0,0.0,0.0,5.191,2.663,622.92,319.56,-25.0,-12.5,0.0,0.0,0.0,0.0,0.0,0.0,,0.0,0,0,0,0,0,8.0,0.0,85435.99,49091.96,134527.95,0.0,0.0
2026-06-05T00:50:41.610+00:00,132388,996060cc-1738-4269-9a35-58ffa0c7dd73,,10,FAULT,0x04C0,I2C_TIMEOUT|SENSOR_RANGE|SELFTEST,0,1,1,0,0,0,0.0,0.0,0.0,5.192,2.658,623.04,318.96,-25.0,-12.5,0.0,0.0,0.0,0.0,0.0,0.0,,0.0,0,0,0,0,0,8.0,0.0,85516.36,49133.11,134649.47,0.0,0.0
2026-06-05T00:50:41.740+00:00,132518,996060cc-1738-4269-9a35-58ffa0c7dd73,,10,FAULT,0x04C0,I2C_TIMEOUT|SENSOR_RANGE|SELFTEST,0,1,1,0,0,0,0.0,0.0,0.0,5.191,2.662,622.92,319.44,-25.0,-12.5,0.0,0.0,0.0,0.0,0.0,0.0,,0.0,0,0,0,0,0,8.0,0.0,85597.34,49174.63,134771.98,0.0,0.0
2026-06-05T00:50:41.868+00:00,132647,996060cc-1738-4269-9a35-58ffa0c7dd73,,10,FAULT,0x04C0,I2C_TIMEOUT|SENSOR_RANGE|SELFTEST,0,1,1,0,0,0,0.0,0.0,0.0,5.183,2.647,621.96,317.64,-25.0,-12.5,0.0,0.0,0.0,0.0,0.0,0.0,,0.0,0,0,0,0,0,8.0,0.0,85677.58,49215.61,134893.19,0.0,0.0
2026-06-05T00:50:42.046+00:00,132776,996060cc-1738-4269-9a35-58ffa0c7dd73,,10,FAULT,0x04C0,I2C_TIMEOUT|SENSOR_RANGE|SELFTEST,0,1,1,0,0,0,0.0,0.0,0.0,5.197,2.656,623.64,318.72,-25.0,-12.5,0.0,0.0,0.0,0.0,0.0,0.0,,0.0,0,0,0,0,0,8.0,0.0,85758.02,49256.73,135014.75,0.0,0.0
2026-06-05T00:50:42.142+00:00,132905,996060cc-1738-4269-9a35-58ffa0c7dd73,,10,FAULT,0x04C0,I2C_TIMEOUT|SENSOR_RANGE|SELFTEST,0,1,1,0,0,0,0.0,0.0,0.0,5.172,2.647,620.64,317.64,-25.0,-12.5,0.0,0.0,0.0,0.0,0.0,0.0,,0.0,0,0,0,0,0,8.0,0.0,85838.09,49297.7,135135.79,0.0,0.0
2026-06-05T00:50:42.257+00:00,133035,996060cc-1738-4269-9a35-58ffa0c7dd73,,10,FAULT,0x04C0,I2C_TIMEOUT|SENSOR_RANGE|SELFTEST,0,1,1,0,0,0,0.0,0.0,0.0,5.204,2.666,624.48,319.92,-25.0,-12.5,0.0,0.0,0.0,0.0,0.0,0.0,,0.0,0,0,0,0,0,8.0,0.0,85919.27,49339.29,135258.56,0.0,0.0
2026-06-05T00:50:42.388+00:00,133165,996060cc-1738-4269-9a35-58ffa0c7dd73,,10,FAULT,0x04C0,I2C_TIMEOUT|SENSOR_RANGE|SELFTEST,0,1,1,0,0,0,0.0,0.0,0.0,5.156,2.646,618.72,317.52,-25.0,-12.5,0.0,0.0,0.0,0.0,0.0,0.0,,0.0,0,0,0,0,0,8.0,0.0,85999.7,49380.57,135380.27,0.0,0.0
2026-06-05T00:50:42.515+00:00,133294,996060cc-1738-4269-9a35-58ffa0c7dd73,,10,FAULT,0x04C0,I2C_TIMEOUT|SENSOR_RANGE|SELFTEST,0,1,1,0,0,0,0.0,0.0,0.0,5.213,2.67,625.56,320.4,-25.0,-12.5,0.0,0.0,0.0,0.0,0.0,0.0,,0.0,0,0,0,0,0,8.0,0.0,86080.4,49421.9,135502.3,0.0,0.0
2026-06-05T00:50:42.655+00:00,133423,996060cc-1738-4269-9a35-58ffa0c7dd73,,10,FAULT,0x04C0,I2C_TIMEOUT|SENSOR_RANGE|SELFTEST,0,1,1,0,0,0,0.0,0.0,0.0,5.159,2.654,619.08,318.48,-25.0,-12.5,0.0,0.0,0.0,0.0,0.0,0.0,,0.0,0,0,0,0,0,8.0,0.0,86160.26,49462.98,135623.25,0.0,0.0
2026-06-05T00:50:42.845+00:00,133552,996060cc-1738-4269-9a35-58ffa0c7dd73,,10,FAULT,0x04C0,I2C_TIMEOUT|SENSOR_RANGE|SELFTEST,0,1,1,0,0,0,0.0,0.0,0.0,5.205,2.667,624.6,320.04,-25.0,-12.5,0.0,0.0,0.0,0.0,0.0,0.0,,0.0,0,0,0,0,0,8.0,0.0,86240.84,49504.27,135745.1,0.0,0.0
2026-06-05T00:50:42.957+00:00,133681,996060cc-1738-4269-9a35-58ffa0c7dd73,,10,FAULT,0x04C0,I2C_TIMEOUT|SENSOR_RANGE|SELFTEST,0,1,1,0,0,0,0.0,0.0,0.0,5.173,2.662,620.76,319.44,-25.0,-12.5,0.0,0.0,0.0,0.0,0.0,0.0,,0.0,0,0,0,0,0,8.0,0.0,86320.91,49545.48,135866.39,0.0,0.0
2026-06-05T00:50:43.035+00:00,133810,996060cc-1738-4269-9a35-58ffa0c7dd73,,10,FAULT,0x04C0,I2C_TIMEOUT|SENSOR_RANGE|SELFTEST,0,1,1,0,0,0,0.0,0.0,0.0,5.208,2.666,624.96,319.92,-25.0,-12.5,0.0,0.0,0.0,0.0,0.0,0.0,,0.0,0,0,0,0,0,8.0,0.0,86401.53,49586.75,135988.28,0.0,0.0
2026-06-05T00:50:43.162+00:00,133940,996060cc-1738-4269-9a35-58ffa0c7dd73,,10,FAULT,0x04C0,I2C_TIMEOUT|SENSOR_RANGE|SELFTEST,0,1,1,0,0,0,0.0,0.0,0.0,5.195,2.667,623.4,320.04,-25.0,-12.5,0.0,0.0,0.0,0.0,0.0,0.0,,0.0,0,0,0,0,0,8.0,0.0,86482.57,49628.35,136110.93,0.0,0.0
2026-06-05T00:50:43.293+00:00,134069,996060cc-1738-4269-9a35-58ffa0c7dd73,,10,FAULT,0x04C0,I2C_TIMEOUT|SENSOR_RANGE|SELFTEST,0,1,1,0,0,0,0.0,0.0,0.0,5.208,2.669,624.96,320.28,-25.0,-12.5,0.0,0.0,0.0,0.0,0.0,0.0,,0.0,0,0,0,0,0,8.0,0.0,86563.19,49669.67,136232.86,0.0,0.0
2026-06-05T00:50:43.497+00:00,134198,996060cc-1738-4269-9a35-58ffa0c7dd73,,10,FAULT,0x04C0,I2C_TIMEOUT|SENSOR_RANGE|SELFTEST,0,1,1,0,0,0,0.0,0.0,0.0,5.202,2.671,624.24,320.52,-25.0,-12.5,0.0,0.0,0.0,0.0,0.0,0.0,,0.0,0,0,0,0,0,8.0,0.0,86643.72,49711.01,136354.74,0.0,0.0
2026-06-05T00:50:43.596+00:00,134327,996060cc-1738-4269-9a35-58ffa0c7dd73,,10,FAULT,0x04C0,I2C_TIMEOUT|SENSOR_RANGE|SELFTEST,0,1,1,0,0,0,0.0,0.0,0.0,5.21,2.668,625.2,320.16,-25.0,-12.5,0.0,0.0,0.0,0.0,0.0,0.0,,0.0,0,0,0,0,0,8.0,0.0,86724.37,49752.32,136476.69,0.0,0.0
2026-06-05T00:50:43.694+00:00,134456,996060cc-1738-4269-9a35-58ffa0c7dd73,,10,FAULT,0x04C0,I2C_TIMEOUT|SENSOR_RANGE|SELFTEST,0,1,1,0,0,0,0.0,0.0,0.0,5.213,2.68,625.56,321.6,-25.0,-12.5,0.0,0.0,0.0,0.0,0.0,0.0,,0.0,0,0,0,0,0,8.0,0.0,86805.07,49793.8,136598.87,0.0,0.0
2026-06-05T00:50:43.810+00:00,134586,996060cc-1738-4269-9a35-58ffa0c7dd73,,10,FAULT,0x04C0,I2C_TIMEOUT|SENSOR_RANGE|SELFTEST,0,1,1,0,0,0,0.0,0.0,0.0,5.212,2.675,625.44,321.0,-25.0,-12.5,0.0,0.0,0.0,0.0,0.0,0.0,,0.0,0,0,0,0,0,8.0,0.0,86886.38,49835.53,136721.91,0.0,0.0
2026-06-05T00:50:43.940+00:00,134715,996060cc-1738-4269-9a35-58ffa0c7dd73,,10,FAULT,0x04C0,I2C_TIMEOUT|SENSOR_RANGE|SELFTEST,0,1,1,0,0,0,0.0,0.0,0.0,5.223,2.683,626.76,321.96,-25.0,-12.5,0.0,0.0,0.0,0.0,0.0,0.0,,0.0,0,0,0,0,0,8.0,0.0,86967.23,49877.06,136844.29,0.0,0.0
2026-06-05T00:50:44.071+00:00,134844,996060cc-1738-4269-9a35-58ffa0c7dd73,,10,FAULT,0x04C0,I2C_TIMEOUT|SENSOR_RANGE|SELFTEST,0,1,1,0,0,0,0.0,0.0,0.0,5.213,2.674,625.56,320.88,-25.0,-12.5,0.0,0.0,0.0,0.0,0.0,0.0,,0.0,0,0,0,0,0,8.0,0.0,87047.93,49918.46,136966.38,0.0,0.0
2026-06-05T00:50:44.228+00:00,134973,996060cc-1738-4269-9a35-58ffa0c7dd73,,10,FAULT,0x04C0,I2C_TIMEOUT|SENSOR_RANGE|SELFTEST,0,1,1,0,0,0,0.0,0.0,0.0,5.229,2.687,627.48,322.44,-25.0,-12.5,0.0,0.0,0.0,0.0,0.0,0.0,,0.0,0,0,0,0,0,8.0,0.0,87128.87,49960.05,137088.92,0.0,0.0
2026-06-05T00:50:44.360+00:00,135102,996060cc-1738-4269-9a35-58ffa0c7dd73,,10,FAULT,0x04C0,I2C_TIMEOUT|SENSOR_RANGE|SELFTEST,0,1,1,0,0,0,0.0,0.0,0.0,5.205,2.682,624.6,321.84,-25.0,-12.5,0.0,0.0,0.0,0.0,0.0,0.0,,0.0,0,0,0,0,0,8.0,0.0,87209.44,50001.57,137211.01,0.0,0.0
2026-06-05T00:50:44.457+00:00,135231,996060cc-1738-4269-9a35-58ffa0c7dd73,,10,FAULT,0x04C0,I2C_TIMEOUT|SENSOR_RANGE|SELFTEST,0,1,1,0,0,0,0.0,0.0,0.0,5.243,2.705,629.16,324.6,-25.0,-12.5,0.0,0.0,0.0,0.0,0.0,0.0,,0.0,0,0,0,0,0,8.0,0.0,87290.61,50043.44,137334.05,0.0,0.0
2026-06-05T00:50:44.587+00:00,135361,996060cc-1738-4269-9a35-58ffa0c7dd73,,10,FAULT,0x04C0,I2C_TIMEOUT|SENSOR_RANGE|SELFTEST,0,1,1,0,0,0,0.0,0.0,0.0,5.2,2.678,624.0,321.36,-25.0,-12.5,0.0,0.0,0.0,0.0,0.0,0.0,,0.0,0,0,0,0,0,8.0,0.0,87371.73,50085.22,137456.95,0.0,0.0
2026-06-05T00:50:44.718+00:00,135490,996060cc-1738-4269-9a35-58ffa0c7dd73,,10,FAULT,0x04C0,I2C_TIMEOUT|SENSOR_RANGE|SELFTEST,0,1,1,0,0,0,0.0,0.0,0.0,5.251,2.7,630.12,324.0,-25.0,-12.5,0.0,0.0,0.0,0.0,0.0,0.0,,0.0,0,0,0,0,0,8.0,0.0,87453.01,50127.02,137580.03,0.0,0.0
2026-06-05T00:50:44.847+00:00,135619,996060cc-1738-4269-9a35-58ffa0c7dd73,,10,FAULT,0x04C0,I2C_TIMEOUT|SENSOR_RANGE|SELFTEST,0,1,1,0,0,0,0.0,0.0,0.0,5.198,2.68,623.76,321.6,-25.0,-12.5,0.0,0.0,0.0,0.0,0.0,0.0,,0.0,0,0,0,0,0,8.0,0.0,87533.48,50168.5,137701.98,0.0,0.0
2026-06-05T00:50:45.049+00:00,135748,996060cc-1738-4269-9a35-58ffa0c7dd73,,10,FAULT,0x04C0,I2C_TIMEOUT|SENSOR_RANGE|SELFTEST,0,1,1,0,0,0,0.0,0.0,0.0,5.243,2.699,629.16,323.88,-25.0,-12.5,0.0,0.0,0.0,0.0,0.0,0.0,,0.0,0,0,0,0,0,8.0,0.0,87614.64,50210.28,137824.92,0.0,0.0
2026-06-05T00:50:45.150+00:00,135877,996060cc-1738-4269-9a35-58ffa0c7dd73,,10,FAULT,0x04C0,I2C_TIMEOUT|SENSOR_RANGE|SELFTEST,0,1,1,0,0,0,0.0,0.0,0.0,5.212,2.687,625.44,322.44,-25.0,-12.5,0.0,0.0,0.0,0.0,0.0,0.0,,0.0,0,0,0,0,0,8.0,0.0,87695.32,50251.88,137947.2,0.0,0.0
2026-06-05T00:50:45.235+00:00,136007,996060cc-1738-4269-9a35-58ffa0c7dd73,,10,FAULT,0x04C0,I2C_TIMEOUT|SENSOR_RANGE|SELFTEST,0,1,1,0,0,0,0.0,0.0,0.0,5.237,2.689,628.44,322.68,-25.0,-12.5,0.0,0.0,0.0,0.0,0.0,0.0,,0.0,0,0,0,0,0,8.0,0.0,87777.02,50293.83,138070.84,0.0,0.0
2026-06-05T00:50:45.366+00:00,136136,996060cc-1738-4269-9a35-58ffa0c7dd73,,10,FAULT,0x04C0,I2C_TIMEOUT|SENSOR_RANGE|SELFTEST,0,1,1,0,0,0,0.0,0.0,0.0,5.221,2.689,626.52,322.68,-25.0,-12.5,0.0,0.0,0.0,0.0,0.0,0.0,,0.0,0,0,0,0,0,8.0,0.0,87857.84,50335.45,138193.29,0.0,0.0
2026-06-05T00:50:45.493+00:00,136265,996060cc-1738-4269-9a35-58ffa0c7dd73,,10,FAULT,0x04C0,I2C_TIMEOUT|SENSOR_RANGE|SELFTEST,0,1,1,0,0,0,0.0,0.0,0.0,5.242,2.695,629.04,323.4,-25.0,-12.5,0.0,0.0,0.0,0.0,0.0,0.0,,0.0,0,0,0,0,0,8.0,0.0,87938.98,50377.17,138316.16,0.0,0.0
2026-06-05T00:50:45.687+00:00,136394,996060cc-1738-4269-9a35-58ffa0c7dd73,,10,FAULT,0x04C0,I2C_TIMEOUT|SENSOR_RANGE|SELFTEST,0,1,1,0,0,0,0.0,0.0,0.0,5.226,2.685,627.12,322.2,-25.0,-12.5,0.0,0.0,0.0,0.0,0.0,0.0,,0.0,0,0,0,0,0,8.0,0.0,88019.88,50418.73,138438.62,0.0,0.0
2026-06-05T00:50:45.787+00:00,136523,996060cc-1738-4269-9a35-58ffa0c7dd73,,10,FAULT,0x04C0,I2C_TIMEOUT|SENSOR_RANGE|SELFTEST,0,1,1,0,0,0,0.0,0.0,0.0,5.23,2.677,627.6,321.24,-25.0,-12.5,0.0,0.0,0.0,0.0,0.0,0.0,,0.0,0,0,0,0,0,8.0,0.0,88100.84,50460.17,138561.02,0.0,0.0
2026-06-05T00:50:45.884+00:00,136653,996060cc-1738-4269-9a35-58ffa0c7dd73,,10,FAULT,0x04C0,I2C_TIMEOUT|SENSOR_RANGE|SELFTEST,0,1,1,0,0,0,0.0,0.0,0.0,5.229,2.685,627.48,322.2,-25.0,-12.5,0.0,0.0,0.0,0.0,0.0,0.0,,0.0,0,0,0,0,0,8.0,0.0,88182.42,50502.06,138684.48,0.0,0.0
2026-06-05T00:50:46.013+00:00,136782,996060cc-1738-4269-9a35-58ffa0c7dd73,,10,FAULT,0x04C0,I2C_TIMEOUT|SENSOR_RANGE|SELFTEST,0,1,1,0,0,0,0.0,0.0,0.0,5.223,2.681,626.76,321.72,-25.0,-12.5,0.0,0.0,0.0,0.0,0.0,0.0,,0.0,0,0,0,0,0,8.0,0.0,88263.27,50543.56,138806.83,0.0,0.0
2026-06-05T00:50:46.140+00:00,136911,996060cc-1738-4269-9a35-58ffa0c7dd73,,10,FAULT,0x04C0,I2C_TIMEOUT|SENSOR_RANGE|SELFTEST,0,1,1,0,0,0,0.0,0.0,0.0,5.238,2.69,628.56,322.8,-25.0,-12.5,0.0,0.0,0.0,0.0,0.0,0.0,,0.0,0,0,0,0,0,8.0,0.0,88344.35,50585.2,138929.56,0.0,0.0
2026-06-05T00:50:46.271+00:00,137040,996060cc-1738-4269-9a35-58ffa0c7dd73,,10,FAULT,0x04C0,I2C_TIMEOUT|SENSOR_RANGE|SELFTEST,0,1,1,0,0,0,0.0,0.0,0.0,5.215,2.671,625.8,320.52,-25.0,-12.5,0.0,0.0,0.0,0.0,0.0,0.0,,0.0,0,0,0,0,0,8.0,0.0,88425.08,50626.55,139051.63,0.0,0.0
2026-06-05T00:50:46.474+00:00,137169,996060cc-1738-4269-9a35-58ffa0c7dd73,,10,FAULT,0x04C0,I2C_TIMEOUT|SENSOR_RANGE|SELFTEST,0,1,1,0,0,0,0.0,0.0,0.0,5.249,2.69,629.88,322.8,-25.0,-12.5,0.0,0.0,0.0,0.0,0.0,0.0,,0.0,0,0,0,0,0,8.0,0.0,88506.33,50668.19,139174.53,0.0,0.0
2026-06-05T00:50:46.575+00:00,137298,996060cc-1738-4269-9a35-58ffa0c7dd73,,10,FAULT,0x04C0,I2C_TIMEOUT|SENSOR_RANGE|SELFTEST,0,1,1,0,0,0,0.0,0.0,0.0,5.21,2.669,625.2,320.28,-25.0,-12.5,0.0,0.0,0.0,0.0,0.0,0.0,,0.0,0,0,0,0,0,8.0,0.0,88586.99,50709.51,139296.49,0.0,0.0
2026-06-05T00:50:46.673+00:00,137428,996060cc-1738-4269-9a35-58ffa0c7dd73,,10,FAULT,0x04C0,I2C_TIMEOUT|SENSOR_RANGE|SELFTEST,0,1,1,0,0,0,0.0,0.0,0.0,5.262,2.694,631.44,323.28,-25.0,-12.5,0.0,0.0,0.0,0.0,0.0,0.0,,0.0,0,0,0,0,0,8.0,0.0,88669.07,50751.53,139420.61,0.0,0.0
2026-06-05T00:50:46.788+00:00,137558,996060cc-1738-4269-9a35-58ffa0c7dd73,,10,FAULT,0x04C0,I2C_TIMEOUT|SENSOR_RANGE|SELFTEST,0,1,1,0,0,0,0.0,0.0,0.0,5.199,2.657,623.88,318.84,-25.0,-12.5,0.0,0.0,0.0,0.0,0.0,0.0,,0.0,0,0,0,0,0,8.0,0.0,88750.18,50792.98,139543.16,0.0,0.0
2026-06-05T00:50:46.918+00:00,137687,996060cc-1738-4269-9a35-58ffa0c7dd73,,10,FAULT,0x04C0,I2C_TIMEOUT|SENSOR_RANGE|SELFTEST,0,1,1,0,0,0,0.0,0.0,0.0,5.254,2.679,630.48,321.48,-25.0,-12.5,0.0,0.0,0.0,0.0,0.0,0.0,,0.0,0,0,0,0,0,8.0,0.0,88831.51,50834.45,139665.96,0.0,0.0
2026-06-05T00:50:47.049+00:00,137816,996060cc-1738-4269-9a35-58ffa0c7dd73,,10,FAULT,0x04C0,I2C_TIMEOUT|SENSOR_RANGE|SELFTEST,0,1,1,0,0,0,0.0,0.0,0.0,5.199,2.664,623.88,319.68,-25.0,-12.5,0.0,0.0,0.0,0.0,0.0,0.0,,0.0,0,0,0,0,0,8.0,0.0,88911.99,50875.69,139787.68,0.0,0.0
2026-06-05T00:50:47.208+00:00,137945,996060cc-1738-4269-9a35-58ffa0c7dd73,,10,FAULT,0x04C0,I2C_TIMEOUT|SENSOR_RANGE|SELFTEST,0,1,1,0,0,0,0.0,0.0,0.0,5.243,2.677,629.16,321.24,-25.0,-12.5,0.0,0.0,0.0,0.0,0.0,0.0,,0.0,0,0,0,0,0,8.0,0.0,88993.15,50917.13,139910.28,0.0,0.0
2026-06-05T00:50:47.332+00:00,138075,996060cc-1738-4269-9a35-58ffa0c7dd73,,10,FAULT,0x04C0,I2C_TIMEOUT|SENSOR_RANGE|SELFTEST,0,1,1,0,0,0,0.0,0.0,0.0,5.193,2.66,623.16,319.2,-25.0,-12.5,0.0,0.0,0.0,0.0,0.0,0.0,,0.0,0,0,0,0,0,8.0,0.0,89074.16,50958.63,140032.79,0.0,0.0
2026-06-05T00:50:47.435+00:00,138204,996060cc-1738-4269-9a35-58ffa0c7dd73,,10,FAULT,0x04C0,I2C_TIMEOUT|SENSOR_RANGE|SELFTEST,0,1,1,0,0,0,0.0,0.0,0.0,5.215,2.659,625.8,319.08,-25.0,-12.5,0.0,0.0,0.0,0.0,0.0,0.0,,0.0,0,0,0,0,0,8.0,0.0,89154.89,50999.79,140154.68,0.0,0.0
2026-06-05T00:50:47.565+00:00,138333,996060cc-1738-4269-9a35-58ffa0c7dd73,,10,FAULT,0x04C0,I2C_TIMEOUT|SENSOR_RANGE|SELFTEST,0,1,1,0,0,0,0.0,0.0,0.0,5.199,2.667,623.88,320.04,-25.0,-12.5,0.0,0.0,0.0,0.0,0.0,0.0,,0.0,0,0,0,0,0,8.0,0.0,89235.37,51041.08,140276.45,0.0,0.0
2026-06-05T00:50:47.696+00:00,138462,996060cc-1738-4269-9a35-58ffa0c7dd73,,10,FAULT,0x04C0,I2C_TIMEOUT|SENSOR_RANGE|SELFTEST,0,1,1,0,0,0,0.0,0.0,0.0,5.205,2.666,624.6,319.92,-25.0,-12.5,0.0,0.0,0.0,0.0,0.0,0.0,,0.0,0,0,0,0,0,8.0,0.0,89315.94,51082.35,140398.29,0.0,0.0
2026-06-05T00:50:47.824+00:00,138591,996060cc-1738-4269-9a35-58ffa0c7dd73,,10,FAULT,0x04C0,I2C_TIMEOUT|SENSOR_RANGE|SELFTEST,0,1,1,0,0,0,0.0,0.0,0.0,5.204,2.672,624.48,320.64,-25.0,-12.5,0.0,0.0,0.0,0.0,0.0,0.0,,0.0,0,0,0,0,0,8.0,0.0,89396.5,51123.71,140520.21,0.0,0.0
2026-06-05T00:50:48.029+00:00,138721,996060cc-1738-4269-9a35-58ffa0c7dd73,,10,FAULT,0x04C0,I2C_TIMEOUT|SENSOR_RANGE|SELFTEST,0,1,1,0,0,0,0.0,0.0,0.0,5.193,2.656,623.16,318.72,-25.0,-12.5,0.0,0.0,0.0,0.0,0.0,0.0,,0.0,0,0,0,0,0,8.0,0.0,89477.51,51165.14,140642.65,0.0,0.0
2026-06-05T00:50:48.130+00:00,138850,996060cc-1738-4269-9a35-58ffa0c7dd73,,10,FAULT,0x04C0,I2C_TIMEOUT|SENSOR_RANGE|SELFTEST,0,1,1,0,0,0,0.0,0.0,0.0,5.201,2.668,624.12,320.16,-25.0,-12.5,0.0,0.0,0.0,0.0,0.0,0.0,,0.0,0,0,0,0,0,8.0,0.0,89558.02,51206.44,140764.47,0.0,0.0
2026-06-05T00:50:48.212+00:00,138979,996060cc-1738-4269-9a35-58ffa0c7dd73,,10,FAULT,0x04C0,I2C_TIMEOUT|SENSOR_RANGE|SELFTEST,0,1,1,0,0,0,0.0,0.0,0.0,5.18,2.652,621.6,318.24,-25.0,-12.5,0.0,0.0,0.0,0.0,0.0,0.0,,0.0,0,0,0,0,0,8.0,0.0,89638.21,51247.5,140885.71,0.0,0.0
2026-06-05T00:50:48.343+00:00,139108,996060cc-1738-4269-9a35-58ffa0c7dd73,,10,FAULT,0x04C0,I2C_TIMEOUT|SENSOR_RANGE|SELFTEST,0,1,1,0,0,0,0.0,0.0,0.0,5.189,2.656,622.68,318.72,-25.0,-12.5,0.0,0.0,0.0,0.0,0.0,0.0,,0.0,0,0,0,0,0,8.0,0.0,89718.54,51288.61,141007.15,0.0,0.0
2026-06-05T00:50:48.471+00:00,139237,996060cc-1738-4269-9a35-58ffa0c7dd73,,10,FAULT,0x04C0,I2C_TIMEOUT|SENSOR_RANGE|SELFTEST,0,1,1,0,0,0,0.0,0.0,0.0,5.149,2.632,617.88,315.84,-25.0,-12.5,0.0,0.0,0.0,0.0,0.0,0.0,,0.0,0,0,0,0,0,8.0,0.0,89798.24,51329.35,141127.6,0.0,0.0
2026-06-05T00:50:48.668+00:00,139366,996060cc-1738-4269-9a35-58ffa0c7dd73,,10,FAULT,0x04C0,I2C_TIMEOUT|SENSOR_RANGE|SELFTEST,0,1,1,0,0,0,0.0,0.0,0.0,5.175,2.647,621.0,317.64,-25.0,-12.5,0.0,0.0,0.0,0.0,0.0,0.0,,0.0,0,0,0,0,0,8.0,0.0,89878.35,51370.33,141248.68,0.0,0.0
2026-06-05T00:50:48.769+00:00,139496,996060cc-1738-4269-9a35-58ffa0c7dd73,,10,FAULT,0x04C0,I2C_TIMEOUT|SENSOR_RANGE|SELFTEST,0,1,1,0,0,0,0.0,0.0,0.0,5.109,2.62,613.08,314.4,-25.0,-12.5,0.0,0.0,0.0,0.0,0.0,0.0,,0.0,0,0,0,0,0,8.0,0.0,89958.05,51411.2,141369.25,0.0,0.0
2026-06-05T00:50:48.866+00:00,139625,996060cc-1738-4269-9a35-58ffa0c7dd73,,10,FAULT,0x04C0,I2C_TIMEOUT|SENSOR_RANGE|SELFTEST,0,1,1,0,0,0,0.0,0.0,0.0,5.148,2.638,617.76,316.56,-25.0,-12.5,0.0,0.0,0.0,0.0,0.0,0.0,,0.0,0,0,0,0,0,8.0,0.0,90037.74,51452.04,141489.78,0.0,0.0
2026-06-05T00:50:48.991+00:00,139754,996060cc-1738-4269-9a35-58ffa0c7dd73,,10,FAULT,0x04C0,I2C_TIMEOUT|SENSOR_RANGE|SELFTEST,0,1,1,0,0,0,0.0,0.0,0.0,5.075,2.601,609.0,312.12,-25.0,-12.5,0.0,0.0,0.0,0.0,0.0,0.0,,0.0,0,0,0,0,0,8.0,0.0,90116.3,51492.3,141608.61,0.0,0.0
2026-06-05T00:50:49.118+00:00,139883,996060cc-1738-4269-9a35-58ffa0c7dd73,,10,FAULT,0x04C0,I2C_TIMEOUT|SENSOR_RANGE|SELFTEST,0,1,1,0,0,0,0.0,0.0,0.0,5.107,2.612,612.84,313.44,-25.0,-12.5,0.0,0.0,0.0,0.0,0.0,0.0,,0.0,0,0,0,0,0,8.0,0.0,90195.36,51532.73,141728.1,0.0,0.0
2026-06-05T00:50:49.248+00:00,140012,996060cc-1738-4269-9a35-58ffa0c7dd73,,10,FAULT,0x04C0,I2C_TIMEOUT|SENSOR_RANGE|SELFTEST,0,1,1,0,0,0,0.0,0.0,0.0,5.049,2.597,605.88,311.64,-25.0,-12.5,0.0,0.0,0.0,0.0,0.0,0.0,,0.0,0,0,0,0,0,8.0,0.0,90273.52,51572.94,141846.46,0.0,0.0
2026-06-05T00:50:49.403+00:00,140142,996060cc-1738-4269-9a35-58ffa0c7dd73,,10,FAULT,0x04C0,I2C_TIMEOUT|SENSOR_RANGE|SELFTEST,0,1,1,0,0,0,0.0,0.0,0.0,5.066,2.597,607.92,311.64,-25.0,-12.5,0.0,0.0,0.0,0.0,0.0,0.0,,0.0,0,0,0,0,0,8.0,0.0,90352.55,51613.45,141966.0,0.0,0.0
2026-06-05T00:50:49.563+00:00,140271,996060cc-1738-4269-9a35-58ffa0c7dd73,,10,FAULT,0x04C0,I2C_TIMEOUT|SENSOR_RANGE|SELFTEST,0,1,1,0,0,0,0.0,0.0,0.0,5.022,2.581,602.64,309.72,-25.0,-12.5,0.0,0.0,0.0,0.0,0.0,0.0,,0.0,0,0,0,0,0,8.0,0.0,90430.29,51653.4,142083.69,0.0,0.0
2026-06-05T00:50:49.637+00:00,140400,996060cc-1738-4269-9a35-58ffa0c7dd73,,10,FAULT,0x04C0,I2C_TIMEOUT|SENSOR_RANGE|SELFTEST,0,1,1,0,0,0,0.0,0.0,0.0,5.025,2.569,603.0,308.28,-25.0,-12.5,0.0,0.0,0.0,0.0,0.0,0.0,,0.0,0,0,0,0,0,8.0,0.0,90508.08,51693.17,142201.25,0.0,0.0
2026-06-05T00:50:49.765+00:00,140529,996060cc-1738-4269-9a35-58ffa0c7dd73,,10,FAULT,0x04C0,I2C_TIMEOUT|SENSOR_RANGE|SELFTEST,0,1,1,0,0,0,0.0,0.0,0.0,5.0,2.569,600.0,308.28,-25.0,-12.5,0.0,0.0,0.0,0.0,0.0,0.0,,0.0,0,0,0,0,0,8.0,0.0,90585.48,51732.94,142318.42,0.0,0.0
2026-06-05T00:50:49.896+00:00,140658,996060cc-1738-4269-9a35-58ffa0c7dd73,,10,FAULT,0x04C0,I2C_TIMEOUT|SENSOR_RANGE|SELFTEST,0,1,1,0,0,0,0.0,0.0,0.0,4.999,2.565,599.88,307.8,-25.0,-12.5,0.0,0.0,0.0,0.0,0.0,0.0,,0.0,0,0,0,0,0,8.0,0.0,90662.86,51772.65,142435.51,0.0,0.0
2026-06-05T00:50:50.027+00:00,140788,996060cc-1738-4269-9a35-58ffa0c7dd73,,10,FAULT,0x04C0,I2C_TIMEOUT|SENSOR_RANGE|SELFTEST,0,1,1,0,0,0,0.0,0.0,0.0,4.975,2.564,597.0,307.68,-25.0,-12.5,0.0,0.0,0.0,0.0,0.0,0.0,,0.0,0,0,0,0,0,8.0,0.0,90740.47,51812.64,142553.11,0.0,0.0
2026-06-05T00:50:50.225+00:00,140917,996060cc-1738-4269-9a35-58ffa0c7dd73,,10,FAULT,0x04C0,I2C_TIMEOUT|SENSOR_RANGE|SELFTEST,0,1,1,0,0,0,0.0,0.0,0.0,4.967,2.55,596.04,306.0,-25.0,-12.5,0.0,0.0,0.0,0.0,0.0,0.0,,0.0,0,0,0,0,0,8.0,0.0,90817.36,51852.12,142669.48,0.0,0.0
2026-06-05T00:50:50.327+00:00,141046,996060cc-1738-4269-9a35-58ffa0c7dd73,,10,FAULT,0x04C0,I2C_TIMEOUT|SENSOR_RANGE|SELFTEST,0,1,1,0,0,0,0.0,0.0,0.0,4.944,2.546,593.28,305.52,-25.0,-12.5,0.0,0.0,0.0,0.0,0.0,0.0,,0.0,0,0,0,0,0,8.0,0.0,90893.89,51891.53,142785.42,0.0,0.0
2026-06-05T00:50:50.412+00:00,141175,996060cc-1738-4269-9a35-58ffa0c7dd73,,10,FAULT,0x04C0,I2C_TIMEOUT|SENSOR_RANGE|SELFTEST,0,1,1,0,0,0,0.0,0.0,0.0,4.927,2.541,591.24,304.92,-25.0,-12.5,0.0,0.0,0.0,0.0,0.0,0.0,,0.0,0,0,0,0,0,8.0,0.0,90970.16,51930.86,142901.03,0.0,0.0
2026-06-05T00:50:50.543+00:00,141304,996060cc-1738-4269-9a35-58ffa0c7dd73,,10,FAULT,0x04C0,I2C_TIMEOUT|SENSOR_RANGE|SELFTEST,0,1,1,0,0,0,0.0,0.0,0.0,4.919,2.535,590.28,304.2,-25.0,-12.5,0.0,0.0,0.0,0.0,0.0,0.0,,0.0,0,0,0,0,0,8.0,0.0,91046.31,51970.11,143016.42,0.0,0.0
2026-06-05T00:50:50.673+00:00,141433,996060cc-1738-4269-9a35-58ffa0c7dd73,,10,FAULT,0x04C0,I2C_TIMEOUT|SENSOR_RANGE|SELFTEST,0,1,1,0,0,0,0.0,0.0,0.0,4.881,2.517,585.72,302.04,-25.0,-12.5,0.0,0.0,0.0,0.0,0.0,0.0,,0.0,0,0,0,0,0,8.0,0.0,91121.87,52009.07,143130.94,0.0,0.0
2026-06-05T00:50:50.866+00:00,141563,996060cc-1738-4269-9a35-58ffa0c7dd73,,10,FAULT,0x04C0,I2C_TIMEOUT|SENSOR_RANGE|SELFTEST,0,1,1,0,0,0,0.0,0.0,0.0,4.899,2.527,587.88,303.24,-25.0,-12.5,0.0,0.0,0.0,0.0,0.0,0.0,,0.0,0,0,0,0,0,8.0,0.0,91198.29,52048.49,143246.78,0.0,0.0
2026-06-05T00:50:50.966+00:00,141692,996060cc-1738-4269-9a35-58ffa0c7dd73,,10,FAULT,0x04C0,I2C_TIMEOUT|SENSOR_RANGE|SELFTEST,0,1,1,0,0,0,0.0,0.0,0.0,4.822,2.501,578.64,300.12,-25.0,-12.5,0.0,0.0,0.0,0.0,0.0,0.0,,0.0,0,0,0,0,0,8.0,0.0,91272.94,52087.21,143360.14,0.0,0.0
2026-06-05T00:50:51.063+00:00,141821,996060cc-1738-4269-9a35-58ffa0c7dd73,,10,FAULT,0x04C0,I2C_TIMEOUT|SENSOR_RANGE|SELFTEST,0,1,1,0,0,0,0.0,0.0,0.0,4.852,2.513,582.24,301.56,-25.0,-12.5,0.0,0.0,0.0,0.0,0.0,0.0,,0.0,0,0,0,0,0,8.0,0.0,91348.05,52126.11,143474.15,0.0,0.0
2026-06-05T00:50:51.190+00:00,141950,996060cc-1738-4269-9a35-58ffa0c7dd73,,10,FAULT,0x04C0,I2C_TIMEOUT|SENSOR_RANGE|SELFTEST,0,1,1,0,0,0,0.0,0.0,0.0,4.78,2.482,573.6,297.84,-25.0,-12.5,0.0,0.0,0.0,0.0,0.0,0.0,,0.0,0,0,0,0,0,8.0,0.0,91422.04,52164.53,143586.57,0.0,0.0
2026-06-05T00:50:51.321+00:00,142080,996060cc-1738-4269-9a35-58ffa0c7dd73,,10,FAULT,0x04C0,I2C_TIMEOUT|SENSOR_RANGE|SELFTEST,0,1,1,0,0,0,0.0,0.0,0.0,4.81,2.489,577.2,298.68,-25.0,-12.5,0.0,0.0,0.0,0.0,0.0,0.0,,0.0,0,0,0,0,0,8.0,0.0,91497.08,52203.36,143700.43,0.0,0.0
2026-06-05T00:50:51.449+00:00,142210,996060cc-1738-4269-9a35-58ffa0c7dd73,,10,FAULT,0x04C0,I2C_TIMEOUT|SENSOR_RANGE|SELFTEST,0,1,1,0,0,0,0.0,0.0,0.0,4.749,2.474,569.88,296.88,-25.0,-12.5,0.0,0.0,0.0,0.0,0.0,0.0,,0.0,0,0,0,0,0,8.0,0.0,91571.16,52241.95,143813.11,0.0,0.0
2026-06-05T00:50:51.644+00:00,142339,996060cc-1738-4269-9a35-58ffa0c7dd73,,10,FAULT,0x04C0,I2C_TIMEOUT|SENSOR_RANGE|SELFTEST,0,1,1,0,0,0,0.0,0.0,0.0,4.771,2.48,572.52,297.6,-25.0,-12.5,0.0,0.0,0.0,0.0,0.0,0.0,,0.0,0,0,0,0,0,8.0,0.0,91645.02,52280.34,143925.36,0.0,0.0
2026-06-05T00:50:51.747+00:00,142468,996060cc-1738-4269-9a35-58ffa0c7dd73,,10,FAULT,0x04C0,I2C_TIMEOUT|SENSOR_RANGE|SELFTEST,0,1,1,0,0,0,0.0,0.0,0.0,4.738,2.464,568.56,295.68,-25.0,-12.5,0.0,0.0,0.0,0.0,0.0,0.0,,0.0,0,0,0,0,0,8.0,0.0,91718.36,52318.48,144036.84,0.0,0.0
2026-06-05T00:50:51.843+00:00,142597,996060cc-1738-4269-9a35-58ffa0c7dd73,,10,FAULT,0x04C0,I2C_TIMEOUT|SENSOR_RANGE|SELFTEST,0,1,1,0,0,0,0.0,0.0,0.0,4.765,2.468,571.8,296.16,-25.0,-12.5,0.0,0.0,0.0,0.0,0.0,0.0,,0.0,0,0,0,0,0,8.0,0.0,91792.12,52356.69,144148.81,0.0,0.0
2026-06-05T00:50:51.968+00:00,142726,996060cc-1738-4269-9a35-58ffa0c7dd73,,10,FAULT,0x04C0,I2C_TIMEOUT|SENSOR_RANGE|SELFTEST,0,1,1,0,0,0,0.0,0.0,0.0,4.744,2.468,569.28,296.16,-25.0,-12.5,0.0,0.0,0.0,0.0,0.0,0.0,,0.0,0,0,0,0,0,8.0,0.0,91865.56,52394.89,144260.45,0.0,0.0
2026-06-05T00:50:52.095+00:00,142855,996060cc-1738-4269-9a35-58ffa0c7dd73,,10,FAULT,0x04C0,I2C_TIMEOUT|SENSOR_RANGE|SELFTEST,0,1,1,0,0,0,0.0,0.0,0.0,4.764,2.469,571.68,296.28,-25.0,-12.5,0.0,0.0,0.0,0.0,0.0,0.0,,0.0,0,0,0,0,0,8.0,0.0,91939.31,52433.11,144372.42,0.0,0.0
2026-06-05T00:50:52.226+00:00,142985,996060cc-1738-4269-9a35-58ffa0c7dd73,,10,FAULT,0x04C0,I2C_TIMEOUT|SENSOR_RANGE|SELFTEST,0,1,1,0,0,0,0.0,0.0,0.0,4.754,2.463,570.48,295.56,-25.0,-12.5,0.0,0.0,0.0,0.0,0.0,0.0,,0.0,0,0,0,0,0,8.0,0.0,92013.47,52471.54,144485.0,0.0,0.0
2026-06-05T00:50:52.382+00:00,143114,996060cc-1738-4269-9a35-58ffa0c7dd73,,10,FAULT,0x04C0,I2C_TIMEOUT|SENSOR_RANGE|SELFTEST,0,1,1,0,0,0,0.0,0.0,0.0,4.765,2.461,571.8,295.32,-25.0,-12.5,0.0,0.0,0.0,0.0,0.0,0.0,,0.0,0,0,0,0,0,8.0,0.0,92087.23,52509.63,144596.86,0.0,0.0
2026-06-05T00:50:52.544+00:00,143243,996060cc-1738-4269-9a35-58ffa0c7dd73,,10,FAULT,0x04C0,I2C_TIMEOUT|SENSOR_RANGE|SELFTEST,0,1,1,0,0,0,0.0,0.0,0.0,4.764,2.463,571.68,295.56,-25.0,-12.5,0.0,0.0,0.0,0.0,0.0,0.0,,0.0,0,0,0,0,0,8.0,0.0,92160.98,52547.76,144708.74,0.0,0.0
2026-06-05T00:50:52.615+00:00,143372,996060cc-1738-4269-9a35-58ffa0c7dd73,,10,FAULT,0x04C0,I2C_TIMEOUT|SENSOR_RANGE|SELFTEST,0,1,1,0,0,0,0.0,0.0,0.0,4.763,2.463,571.56,295.56,-25.0,-12.5,0.0,0.0,0.0,0.0,0.0,0.0,,0.0,0,0,0,0,0,8.0,0.0,92234.71,52585.89,144820.6,0.0,0.0
2026-06-05T00:50:52.743+00:00,143501,996060cc-1738-4269-9a35-58ffa0c7dd73,,10,FAULT,0x04C0,I2C_TIMEOUT|SENSOR_RANGE|SELFTEST,0,1,1,0,0,0,0.0,0.0,0.0,4.8,2.482,576.0,297.84,-25.0,-12.5,0.0,0.0,0.0,0.0,0.0,0.0,,0.0,0,0,0,0,0,8.0,0.0,92309.01,52624.31,144933.32,0.0,0.0
2026-06-05T00:50:52.873+00:00,143631,996060cc-1738-4269-9a35-58ffa0c7dd73,,10,FAULT,0x04C0,I2C_TIMEOUT|SENSOR_RANGE|SELFTEST,0,1,1,0,0,0,0.0,0.0,0.0,4.776,2.46,573.12,295.2,-25.0,-12.5,0.0,0.0,0.0,0.0,0.0,0.0,,0.0,0,0,0,0,0,8.0,0.0,92383.52,52662.69,145046.2,0.0,0.0
2026-06-05T00:50:53.004+00:00,143760,996060cc-1738-4269-9a35-58ffa0c7dd73,,10,FAULT,0x04C0,I2C_TIMEOUT|SENSOR_RANGE|SELFTEST,0,1,1,0,0,0,0.0,0.0,0.0,4.833,2.491,579.96,298.92,-25.0,-12.5,0.0,0.0,0.0,0.0,0.0,0.0,,0.0,0,0,0,0,0,8.0,0.0,92458.33,52701.25,145159.58,0.0,0.0
2026-06-05T00:50:53.206+00:00,143889,996060cc-1738-4269-9a35-58ffa0c7dd73,,10,FAULT,0x04C0,I2C_TIMEOUT|SENSOR_RANGE|SELFTEST,0,1,1,0,0,0,0.0,0.0,0.0,4.801,2.477,576.12,297.24,-25.0,-12.5,0.0,0.0,0.0,0.0,0.0,0.0,,0.0,0,0,0,0,0,8.0,0.0,92532.65,52739.59,145272.24,0.0,0.0
2026-06-05T00:50:53.300+00:00,144018,996060cc-1738-4269-9a35-58ffa0c7dd73,,10,FAULT,0x04C0,I2C_TIMEOUT|SENSOR_RANGE|SELFTEST,0,1,1,0,0,0,0.0,0.0,0.0,4.863,2.503,583.56,300.36,-25.0,-12.5,0.0,0.0,0.0,0.0,0.0,0.0,,0.0,0,0,0,0,0,8.0,0.0,92607.93,52778.34,145386.27,0.0,0.0
2026-06-05T00:50:53.390+00:00,144147,996060cc-1738-4269-9a35-58ffa0c7dd73,,10,FAULT,0x04C0,I2C_TIMEOUT|SENSOR_RANGE|SELFTEST,0,1,1,0,0,0,0.0,0.0,0.0,4.839,2.488,580.68,298.56,-25.0,-12.5,0.0,0.0,0.0,0.0,0.0,0.0,,0.0,0,0,0,0,0,8.0,0.0,92682.84,52816.85,145499.69,0.0,0.0
2026-06-05T00:50:53.521+00:00,144277,996060cc-1738-4269-9a35-58ffa0c7dd73,,10,FAULT,0x04C0,I2C_TIMEOUT|SENSOR_RANGE|SELFTEST,0,1,1,0,0,0,0.0,0.0,0.0,4.891,2.504,586.92,300.48,-25.0,-12.5,0.0,0.0,0.0,0.0,0.0,0.0,,0.0,0,0,0,0,0,8.0,0.0,92759.14,52855.91,145615.05,0.0,0.0
2026-06-05T00:50:53.651+00:00,144406,996060cc-1738-4269-9a35-58ffa0c7dd73,,10,FAULT,0x04C0,I2C_TIMEOUT|SENSOR_RANGE|SELFTEST,0,1,1,0,0,0,0.0,0.0,0.0,4.886,2.511,586.32,301.32,-25.0,-12.5,0.0,0.0,0.0,0.0,0.0,0.0,,0.0,0,0,0,0,0,8.0,0.0,92834.77,52894.78,145729.56,0.0,0.0
2026-06-05T00:50:53.845+00:00,144535,996060cc-1738-4269-9a35-58ffa0c7dd73,,10,FAULT,0x04C0,I2C_TIMEOUT|SENSOR_RANGE|SELFTEST,0,1,1,0,0,0,0.0,0.0,0.0,4.92,2.523,590.4,302.76,-25.0,-12.5,0.0,0.0,0.0,0.0,0.0,0.0,,0.0,0,0,0,0,0,8.0,0.0,92910.94,52933.84,145844.77,0.0,0.0
2026-06-05T00:50:53.946+00:00,144664,996060cc-1738-4269-9a35-58ffa0c7dd73,,10,FAULT,0x04C0,I2C_TIMEOUT|SENSOR_RANGE|SELFTEST,0,1,1,0,0,0,0.0,0.0,0.0,4.931,2.536,591.72,304.32,-25.0,-12.5,0.0,0.0,0.0,0.0,0.0,0.0,,0.0,0,0,0,0,0,8.0,0.0,92987.27,52973.1,145960.36,0.0,0.0
2026-06-05T00:50:54.043+00:00,144793,996060cc-1738-4269-9a35-58ffa0c7dd73,,10,FAULT,0x04C0,I2C_TIMEOUT|SENSOR_RANGE|SELFTEST,0,1,1,0,0,0,0.0,0.0,0.0,4.946,2.532,593.52,303.84,-25.0,-12.5,0.0,0.0,0.0,0.0,0.0,0.0,,0.0,0,0,0,0,0,8.0,0.0,93063.83,53012.29,146076.12,0.0,0.0
2026-06-05T00:50:54.168+00:00,144922,996060cc-1738-4269-9a35-58ffa0c7dd73,,10,FAULT,0x04C0,I2C_TIMEOUT|SENSOR_RANGE|SELFTEST,0,1,1,0,0,0,0.0,0.0,0.0,4.962,2.546,595.44,305.52,-25.0,-12.5,0.0,0.0,0.0,0.0,0.0,0.0,,0.0,0,0,0,0,0,8.0,0.0,93140.64,53051.7,146192.35,0.0,0.0
2026-06-05T00:50:54.298+00:00,145052,996060cc-1738-4269-9a35-58ffa0c7dd73,,10,FAULT,0x04C0,I2C_TIMEOUT|SENSOR_RANGE|SELFTEST,0,1,1,0,0,0,0.0,0.0,0.0,4.98,2.552,597.6,306.24,-25.0,-12.5,0.0,0.0,0.0,0.0,0.0,0.0,,0.0,0,0,0,0,0,8.0,0.0,93218.33,53091.52,146309.85,0.0,0.0
2026-06-05T00:50:54.426+00:00,145181,996060cc-1738-4269-9a35-58ffa0c7dd73,,10,FAULT,0x04C0,I2C_TIMEOUT|SENSOR_RANGE|SELFTEST,0,1,1,0,0,0,0.0,0.0,0.0,4.998,2.557,599.76,306.84,-25.0,-12.5,0.0,0.0,0.0,0.0,0.0,0.0,,0.0,0,0,0,0,0,8.0,0.0,93295.7,53131.1,146426.8,0.0,0.0
2026-06-05T00:50:54.574+00:00,145310,996060cc-1738-4269-9a35-58ffa0c7dd73,,10,FAULT,0x04C0,I2C_TIMEOUT|SENSOR_RANGE|SELFTEST,0,1,1,0,0,0,0.0,0.0,0.0,5.008,2.554,600.96,306.48,-25.0,-12.5,0.0,0.0,0.0,0.0,0.0,0.0,,0.0,0,0,0,0,0,8.0,0.0,93373.22,53170.63,146543.86,0.0,0.0
2026-06-05T00:50:54.761+00:00,145439,996060cc-1738-4269-9a35-58ffa0c7dd73,,10,FAULT,0x04C0,I2C_TIMEOUT|SENSOR_RANGE|SELFTEST,0,1,1,0,0,0,0.0,0.0,0.0,5.039,2.573,604.68,308.76,-25.0,-12.5,0.0,0.0,0.0,0.0,0.0,0.0,,0.0,0,0,0,0,0,8.0,0.0,93451.23,53210.46,146661.69,0.0,0.0
2026-06-05T00:50:54.815+00:00,145568,996060cc-1738-4269-9a35-58ffa0c7dd73,,10,FAULT,0x04C0,I2C_TIMEOUT|SENSOR_RANGE|SELFTEST,0,1,1,0,0,0,0.0,0.0,0.0,5.033,2.575,603.96,309.0,-25.0,-12.5,0.0,0.0,0.0,0.0,0.0,0.0,,0.0,0,0,0,0,0,8.0,0.0,93529.14,53250.32,146779.46,0.0,0.0
2026-06-05T00:50:54.945+00:00,145698,996060cc-1738-4269-9a35-58ffa0c7dd73,,10,FAULT,0x04C0,I2C_TIMEOUT|SENSOR_RANGE|SELFTEST,0,1,1,0,0,0,0.0,0.0,0.0,5.079,2.601,609.48,312.12,-25.0,-12.5,0.0,0.0,0.0,0.0,0.0,0.0,,0.0,0,0,0,0,0,8.0,0.0,93608.37,53290.9,146899.27,0.0,0.0
2026-06-05T00:50:55.073+00:00,145827,996060cc-1738-4269-9a35-58ffa0c7dd73,,10,FAULT,0x04C0,I2C_TIMEOUT|SENSOR_RANGE|SELFTEST,0,1,1,0,0,0,0.0,0.0,0.0,5.058,2.587,606.96,310.44,-25.0,-12.5,0.0,0.0,0.0,0.0,0.0,0.0,,0.0,0,0,0,0,0,8.0,0.0,93686.67,53330.95,147017.62,0.0,0.0
2026-06-05T00:50:55.234+00:00,145956,996060cc-1738-4269-9a35-58ffa0c7dd73,,10,FAULT,0x04C0,I2C_TIMEOUT|SENSOR_RANGE|SELFTEST,0,1,1,0,0,0,0.0,0.0,0.0,5.106,2.61,612.72,313.2,-25.0,-12.5,0.0,0.0,0.0,0.0,0.0,0.0,,0.0,0,0,0,0,0,8.0,0.0,93765.71,53371.35,147137.06,0.0,0.0
2026-06-05T00:50:55.401+00:00,146085,996060cc-1738-4269-9a35-58ffa0c7dd73,,10,FAULT,0x04C0,I2C_TIMEOUT|SENSOR_RANGE|SELFTEST,0,1,1,0,0,0,0.0,0.0,0.0,5.095,2.609,611.4,313.08,-25.0,-12.5,0.0,0.0,0.0,0.0,0.0,0.0,,0.0,0,0,0,0,0,8.0,0.0,93844.58,53411.74,147256.32,0.0,0.0
2026-06-05T00:50:55.500+00:00,146214,996060cc-1738-4269-9a35-58ffa0c7dd73,,10,FAULT,0x04C0,I2C_TIMEOUT|SENSOR_RANGE|SELFTEST,0,1,1,0,0,0,0.0,0.0,0.0,5.135,2.624,616.2,314.88,-25.0,-12.5,0.0,0.0,0.0,0.0,0.0,0.0,,0.0,0,0,0,0,0,8.0,0.0,93924.07,53452.36,147376.43,0.0,0.0
2026-06-05T00:50:55.593+00:00,146343,996060cc-1738-4269-9a35-58ffa0c7dd73,,10,FAULT,0x04C0,I2C_TIMEOUT|SENSOR_RANGE|SELFTEST,0,1,1,0,0,0,0.0,0.0,0.0,5.134,2.623,616.08,314.76,-25.0,-12.5,0.0,0.0,0.0,0.0,0.0,0.0,,0.0,0,0,0,0,0,8.0,0.0,94003.54,53492.96,147496.5,0.0,0.0
2026-06-05T00:50:55.720+00:00,146473,996060cc-1738-4269-9a35-58ffa0c7dd73,,10,FAULT,0x04C0,I2C_TIMEOUT|SENSOR_RANGE|SELFTEST,0,1,1,0,0,0,0.0,0.0,0.0,5.167,2.629,620.04,315.48,-25.0,-12.5,0.0,0.0,0.0,0.0,0.0,0.0,,0.0,0,0,0,0,0,8.0,0.0,94084.15,53533.97,147618.12,0.0,0.0
2026-06-05T00:50:55.851+00:00,146603,996060cc-1738-4269-9a35-58ffa0c7dd73,,10,FAULT,0x04C0,I2C_TIMEOUT|SENSOR_RANGE|SELFTEST,0,1,1,0,0,0,0.0,0.0,0.0,5.169,2.636,620.28,316.32,-25.0,-12.5,0.0,0.0,0.0,0.0,0.0,0.0,,0.0,0,0,0,0,0,8.0,0.0,94164.79,53575.09,147739.88,0.0,0.0
2026-06-05T00:50:56.037+00:00,146732,996060cc-1738-4269-9a35-58ffa0c7dd73,,10,FAULT,0x04C0,I2C_TIMEOUT|SENSOR_RANGE|SELFTEST,0,1,1,0,0,0,0.0,0.0,0.0,5.193,2.646,623.16,317.52,-25.0,-12.5,0.0,0.0,0.0,0.0,0.0,0.0,,0.0,0,0,0,0,0,8.0,0.0,94245.17,53616.05,147861.23,0.0,0.0
2026-06-05T00:50:56.134+00:00,146861,996060cc-1738-4269-9a35-58ffa0c7dd73,,10,FAULT,0x04C0,I2C_TIMEOUT|SENSOR_RANGE|SELFTEST,0,1,1,0,0,0,0.0,0.0,0.0,5.176,2.646,621.12,317.52,-25.0,-12.5,0.0,0.0,0.0,0.0,0.0,0.0,,0.0,0,0,0,0,0,8.0,0.0,94325.3,53657.01,147982.31,0.0,0.0
2026-06-05T00:50:56.240+00:00,146990,996060cc-1738-4269-9a35-58ffa0c7dd73,,10,FAULT,0x04C0,I2C_TIMEOUT|SENSOR_RANGE|SELFTEST,0,1,1,0,0,0,0.0,0.0,0.0,5.194,2.646,623.28,317.52,-25.0,-12.5,0.0,0.0,0.0,0.0,0.0,0.0,,0.0,0,0,0,0,0,8.0,0.0,94405.7,53697.97,148103.68,0.0,0.0
2026-06-05T00:50:56.371+00:00,147120,996060cc-1738-4269-9a35-58ffa0c7dd73,,10,FAULT,0x04C0,I2C_TIMEOUT|SENSOR_RANGE|SELFTEST,0,1,1,0,0,0,0.0,0.0,0.0,5.181,2.643,621.72,317.16,-25.0,-12.5,0.0,0.0,0.0,0.0,0.0,0.0,,0.0,0,0,0,0,0,8.0,0.0,94486.52,53739.21,148225.73,0.0,0.0
2026-06-05T00:50:56.498+00:00,147249,996060cc-1738-4269-9a35-58ffa0c7dd73,,10,FAULT,0x04C0,I2C_TIMEOUT|SENSOR_RANGE|SELFTEST,0,1,1,0,0,0,0.0,0.0,0.0,5.193,2.651,623.16,318.12,-25.0,-12.5,0.0,0.0,0.0,0.0,0.0,0.0,,0.0,0,0,0,0,0,8.0,0.0,94566.91,53780.24,148347.16,0.0,0.0
2026-06-05T00:50:56.629+00:00,147378,996060cc-1738-4269-9a35-58ffa0c7dd73,,10,FAULT,0x04C0,I2C_TIMEOUT|SENSOR_RANGE|SELFTEST,0,1,1,0,0,0,0.0,0.0,0.0,5.191,2.651,622.92,318.12,-25.0,-12.5,0.0,0.0,0.0,0.0,0.0,0.0,,0.0,0,0,0,0,0,8.0,0.0,94647.27,53821.28,148468.55,0.0,0.0
2026-06-05T00:50:56.794+00:00,147507,996060cc-1738-4269-9a35-58ffa0c7dd73,,10,FAULT,0x04C0,I2C_TIMEOUT|SENSOR_RANGE|SELFTEST,0,1,1,0,0,0,0.0,0.0,0.0,5.178,2.64,621.36,316.8,-25.0,-12.5,0.0,0.0,0.0,0.0,0.0,0.0,,0.0,0,0,0,0,0,8.0,0.0,94727.42,53862.15,148589.57,0.0,0.0
2026-06-05T00:50:56.892+00:00,147636,996060cc-1738-4269-9a35-58ffa0c7dd73,,10,FAULT,0x04C0,I2C_TIMEOUT|SENSOR_RANGE|SELFTEST,0,1,1,0,0,0,0.0,0.0,0.0,5.205,2.658,624.6,318.96,-25.0,-12.5,0.0,0.0,0.0,0.0,0.0,0.0,,0.0,0,0,0,0,0,8.0,0.0,94808.0,53903.29,148711.29,0.0,0.0
2026-06-05T00:50:57.018+00:00,147766,996060cc-1738-4269-9a35-58ffa0c7dd73,,10,FAULT,0x04C0,I2C_TIMEOUT|SENSOR_RANGE|SELFTEST,0,1,1,0,0,0,0.0,0.0,0.0,5.173,2.646,620.76,317.52,-25.0,-12.5,0.0,0.0,0.0,0.0,0.0,0.0,,0.0,0,0,0,0,0,8.0,0.0,94888.7,53944.57,148833.27,0.0,0.0
2026-06-05T00:50:57.145+00:00,147895,996060cc-1738-4269-9a35-58ffa0c7dd73,,10,FAULT,0x04C0,I2C_TIMEOUT|SENSOR_RANGE|SELFTEST,0,1,1,0,0,0,0.0,0.0,0.0,5.215,2.673,625.8,320.76,-25.0,-12.5,0.0,0.0,0.0,0.0,0.0,0.0,,0.0,0,0,0,0,0,8.0,0.0,94969.42,53985.95,148955.37,0.0,0.0
2026-06-05T00:50:57.276+00:00,148024,996060cc-1738-4269-9a35-58ffa0c7dd73,,10,FAULT,0x04C0,I2C_TIMEOUT|SENSOR_RANGE|SELFTEST,0,1,1,0,0,0,0.0,0.0,0.0,5.167,2.645,620.04,317.4,-25.0,-12.5,0.0,0.0,0.0,0.0,0.0,0.0,,0.0,0,0,0,0,0,8.0,0.0,95049.41,54026.89,149076.3,0.0,0.0
2026-06-05T00:50:57.406+00:00,148153,996060cc-1738-4269-9a35-58ffa0c7dd73,,10,FAULT,0x04C0,I2C_TIMEOUT|SENSOR_RANGE|SELFTEST,0,1,1,0,0,0,0.0,0.0,0.0,5.203,2.658,624.36,318.96,-25.0,-12.5,0.0,0.0,0.0,0.0,0.0,0.0,,0.0,0,0,0,0,0,8.0,0.0,95129.95,54068.04,149197.99,0.0,0.0
2026-06-05T00:50:57.610+00:00,148282,996060cc-1738-4269-9a35-58ffa0c7dd73,,10,FAULT,0x04C0,I2C_TIMEOUT|SENSOR_RANGE|SELFTEST,0,1,1,0,0,0,0.0,0.0,0.0,5.157,2.649,618.84,317.88,-25.0,-12.5,0.0,0.0,0.0,0.0,0.0,0.0,,0.0,0,0,0,0,0,8.0,0.0,95209.78,54109.05,149318.83,0.0,0.0
2026-06-05T00:50:57.711+00:00,148412,996060cc-1738-4269-9a35-58ffa0c7dd73,,10,FAULT,0x04C0,I2C_TIMEOUT|SENSOR_RANGE|SELFTEST,0,1,1,0,0,0,0.0,0.0,0.0,5.195,2.662,623.4,319.44,-25.0,-12.5,0.0,0.0,0.0,0.0,0.0,0.0,,0.0,0,0,0,0,0,8.0,0.0,95290.82,54150.57,149441.4,0.0,0.0
2026-06-05T00:50:57.793+00:00,148541,996060cc-1738-4269-9a35-58ffa0c7dd73,,10,FAULT,0x04C0,I2C_TIMEOUT|SENSOR_RANGE|SELFTEST,0,1,1,0,0,0,0.0,0.0,0.0,5.155,2.652,618.6,318.24,-25.0,-12.5,0.0,0.0,0.0,0.0,0.0,0.0,,0.0,0,0,0,0,0,8.0,0.0,95370.62,54191.63,149562.25,0.0,0.0
2026-06-05T00:50:57.923+00:00,148670,996060cc-1738-4269-9a35-58ffa0c7dd73,,10,FAULT,0x04C0,I2C_TIMEOUT|SENSOR_RANGE|SELFTEST,0,1,1,0,0,0,0.0,0.0,0.0,5.177,2.657,621.24,318.84,-25.0,-12.5,0.0,0.0,0.0,0.0,0.0,0.0,,0.0,0,0,0,0,0,8.0,0.0,95450.76,54232.76,149683.52,0.0,0.0
2026-06-05T00:50:58.051+00:00,148799,996060cc-1738-4269-9a35-58ffa0c7dd73,,10,FAULT,0x04C0,I2C_TIMEOUT|SENSOR_RANGE|SELFTEST,0,1,1,0,0,0,0.0,0.0,0.0,5.162,2.659,619.44,319.08,-25.0,-12.5,0.0,0.0,0.0,0.0,0.0,0.0,,0.0,0,0,0,0,0,8.0,0.0,95530.67,54273.92,149804.59,0.0,0.0
2026-06-05T00:50:58.249+00:00,148928,996060cc-1738-4269-9a35-58ffa0c7dd73,,10,FAULT,0x04C0,I2C_TIMEOUT|SENSOR_RANGE|SELFTEST,0,1,1,0,0,0,0.0,0.0,0.0,5.18,2.663,621.6,319.56,-25.0,-12.5,0.0,0.0,0.0,0.0,0.0,0.0,,0.0,0,0,0,0,0,8.0,0.0,95610.86,54315.14,149926.0,0.0,0.0
2026-06-05T00:50:58.354+00:00,149057,996060cc-1738-4269-9a35-58ffa0c7dd73,,10,FAULT,0x04C0,I2C_TIMEOUT|SENSOR_RANGE|SELFTEST,0,1,1,0,0,0,0.0,0.0,0.0,5.167,2.66,620.04,319.2,-25.0,-12.5,0.0,0.0,0.0,0.0,0.0,0.0,,0.0,0,0,0,0,0,8.0,0.0,95690.84,54356.32,150047.16,0.0,0.0
2026-06-05T00:50:58.452+00:00,149187,996060cc-1738-4269-9a35-58ffa0c7dd73,,10,FAULT,0x04C0,I2C_TIMEOUT|SENSOR_RANGE|SELFTEST,0,1,1,0,0,0,0.0,0.0,0.0,5.179,2.659,621.48,319.08,-25.0,-12.5,0.0,0.0,0.0,0.0,0.0,0.0,,0.0,0,0,0,0,0,8.0,0.0,95771.64,54397.8,150169.43,0.0,0.0
2026-06-05T00:50:58.571+00:00,149316,996060cc-1738-4269-9a35-58ffa0c7dd73,,10,FAULT,0x04C0,I2C_TIMEOUT|SENSOR_RANGE|SELFTEST,0,1,1,0,0,0,0.0,0.0,0.0,5.175,2.66,621.0,319.2,-25.0,-12.5,0.0,0.0,0.0,0.0,0.0,0.0,,0.0,0,0,0,0,0,8.0,0.0,95851.75,54438.98,150290.72,0.0,0.0
2026-06-05T00:50:58.698+00:00,149445,996060cc-1738-4269-9a35-58ffa0c7dd73,,10,FAULT,0x04C0,I2C_TIMEOUT|SENSOR_RANGE|SELFTEST,0,1,1,0,0,0,0.0,0.0,0.0,5.166,2.66,619.92,319.2,-25.0,-12.5,0.0,0.0,0.0,0.0,0.0,0.0,,0.0,0,0,0,0,0,8.0,0.0,95931.71,54480.15,150411.87,0.0,0.0
2026-06-05T00:50:58.829+00:00,149574,996060cc-1738-4269-9a35-58ffa0c7dd73,,10,FAULT,0x04C0,I2C_TIMEOUT|SENSOR_RANGE|SELFTEST,0,1,1,0,0,0,0.0,0.0,0.0,5.196,2.678,623.52,321.36,-25.0,-12.5,0.0,0.0,0.0,0.0,0.0,0.0,,0.0,0,0,0,0,0,8.0,0.0,96012.15,54521.61,150533.76,0.0,0.0
2026-06-05T00:50:58.986+00:00,149703,996060cc-1738-4269-9a35-58ffa0c7dd73,,10,FAULT,0x04C0,I2C_TIMEOUT|SENSOR_RANGE|SELFTEST,0,1,1,0,0,0,0.0,0.0,0.0,5.154,2.651,618.48,318.12,-25.0,-12.5,0.0,0.0,0.0,0.0,0.0,0.0,,0.0,0,0,0,0,0,8.0,0.0,96091.93,54562.64,150654.58,0.0,0.0
2026-06-05T00:50:59.119+00:00,149833,996060cc-1738-4269-9a35-58ffa0c7dd73,,10,FAULT,0x04C0,I2C_TIMEOUT|SENSOR_RANGE|SELFTEST,0,1,1,0,0,0,0.0,0.0,0.0,5.2,2.673,624.0,320.76,-25.0,-12.5,0.0,0.0,0.0,0.0,0.0,0.0,,0.0,0,0,0,0,0,8.0,0.0,96173.05,54604.34,150777.4,0.0,0.0
2026-06-05T00:50:59.218+00:00,149962,996060cc-1738-4269-9a35-58ffa0c7dd73,,10,FAULT,0x04C0,I2C_TIMEOUT|SENSOR_RANGE|SELFTEST,0,1,1,0,0,0,0.0,0.0,0.0,5.152,2.655,618.24,318.6,-25.0,-12.5,0.0,0.0,0.0,0.0,0.0,0.0,,0.0,0,0,0,0,0,8.0,0.0,96252.81,54645.44,150898.25,0.0,0.0
2026-06-05T00:50:59.348+00:00,150091,996060cc-1738-4269-9a35-58ffa0c7dd73,,10,FAULT,0x04C0,I2C_TIMEOUT|SENSOR_RANGE|SELFTEST,0,1,1,0,0,0,0.0,0.0,0.0,5.192,2.672,623.04,320.64,-25.0,-12.5,0.0,0.0,0.0,0.0,0.0,0.0,,0.0,0,0,0,0,0,8.0,0.0,96333.18,54686.81,151019.98,0.0,0.0
2026-06-05T00:50:59.476+00:00,150220,996060cc-1738-4269-9a35-58ffa0c7dd73,,10,FAULT,0x04C0,I2C_TIMEOUT|SENSOR_RANGE|SELFTEST,0,1,1,0,0,0,0.0,0.0,0.0,5.158,2.654,618.96,318.48,-25.0,-12.5,0.0,0.0,0.0,0.0,0.0,0.0,,0.0,0,0,0,0,0,8.0,0.0,96413.02,54727.89,151140.91,0.0,0.0
2026-06-05T00:50:59.607+00:00,150349,996060cc-1738-4269-9a35-58ffa0c7dd73,,10,FAULT,0x04C0,I2C_TIMEOUT|SENSOR_RANGE|SELFTEST,0,1,1,0,0,0,0.0,0.0,0.0,5.189,2.658,622.68,318.96,-25.0,-12.5,0.0,0.0,0.0,0.0,0.0,0.0,,0.0,0,0,0,0,0,8.0,0.0,96493.35,54769.04,151262.38,0.0,0.0
2026-06-05T00:50:59.804+00:00,150479,996060cc-1738-4269-9a35-58ffa0c7dd73,,10,FAULT,0x04C0,I2C_TIMEOUT|SENSOR_RANGE|SELFTEST,0,1,1,0,0,0,0.0,0.0,0.0,5.16,2.653,619.2,318.36,-25.0,-12.5,0.0,0.0,0.0,0.0,0.0,0.0,,0.0,0,0,0,0,0,8.0,0.0,96573.85,54810.42,151384.27,0.0,0.0
2026-06-05T00:50:59.905+00:00,150608,996060cc-1738-4269-9a35-58ffa0c7dd73,,10,FAULT,0x04C0,I2C_TIMEOUT|SENSOR_RANGE|SELFTEST,0,1,1,0,0,0,0.0,0.0,0.0,5.185,2.66,622.2,319.2,-25.0,-12.5,0.0,0.0,0.0,0.0,0.0,0.0,,0.0,0,0,0,0,0,8.0,0.0,96654.11,54851.6,151505.71,0.0,0.0
2026-06-05T00:50:59.995+00:00,150737,996060cc-1738-4269-9a35-58ffa0c7dd73,,10,FAULT,0x04C0,I2C_TIMEOUT|SENSOR_RANGE|SELFTEST,0,1,1,0,0,0,0.0,0.0,0.0,5.17,2.658,620.4,318.96,-25.0,-12.5,0.0,0.0,0.0,0.0,0.0,0.0,,0.0,0,0,0,0,0,8.0,0.0,96734.14,54892.74,151626.89,0.0,0.0
2026-06-05T00:51:00.123+00:00,150866,996060cc-1738-4269-9a35-58ffa0c7dd73,,10,FAULT,0x04C0,I2C_TIMEOUT|SENSOR_RANGE|SELFTEST,0,1,1,0,0,0,0.0,0.0,0.0,5.19,2.656,622.8,318.72,-25.0,-12.5,0.0,0.0,0.0,0.0,0.0,0.0,,0.0,0,0,0,0,0,8.0,0.0,96814.48,54933.86,151748.34,0.0,0.0
2026-06-05T00:51:00.254+00:00,150995,996060cc-1738-4269-9a35-58ffa0c7dd73,,10,FAULT,0x04C0,I2C_TIMEOUT|SENSOR_RANGE|SELFTEST,0,1,1,0,0,0,0.0,0.0,0.0,5.192,2.662,623.04,319.44,-25.0,-12.5,0.0,0.0,0.0,0.0,0.0,0.0,,0.0,0,0,0,0,0,8.0,0.0,96894.85,54975.07,151869.92,0.0,0.0
2026-06-05T00:51:00.441+00:00,151124,996060cc-1738-4269-9a35-58ffa0c7dd73,,10,FAULT,0x04C0,I2C_TIMEOUT|SENSOR_RANGE|SELFTEST,0,0,1,0,0,0,0.0,0.0,0.0,5.201,2.66,624.12,319.2,-25.0,-12.5,0.0,0.0,0.0,0.0,0.0,0.0,,0.0,0,0,0,0,0,8.0,0.0,96975.37,55016.24,151991.61,0.0,0.0
2026-06-05T00:51:00.537+00:00,151255,996060cc-1738-4269-9a35-58ffa0c7dd73,,10,FAULT,0x04C0,I2C_TIMEOUT|SENSOR_RANGE|SELFTEST,0,0,1,0,0,0,0.0,0.0,0.0,5.187,2.658,622.44,318.96,-24.51,-11.15,0.0,0.0,0.0,0.0,0.0,0.0,,0.0,0,0,0,0,0,8.0,0.0,97056.91,55058.03,152114.93,0.0,3.74
2026-06-05T00:51:00.643+00:00,151384,996060cc-1738-4269-9a35-58ffa0c7dd73,,10,FAULT,0x04C0,I2C_TIMEOUT|SENSOR_RANGE|SELFTEST,0,0,1,0,0,0,0.0,0.0,0.0,5.181,2.653,621.72,318.36,-23.28,-10.42,0.0,0.0,0.0,0.0,0.0,0.0,,0.0,0,0,0,0,0,8.0,0.0,97137.11,55099.1,152236.2,0.0,9.53
2026-06-05T00:51:00.770+00:00,151513,996060cc-1738-4269-9a35-58ffa0c7dd73,,10,FAULT,0x04C0,I2C_TIMEOUT|SENSOR_RANGE|SELFTEST,0,0,1,0,0,0,0.0,0.0,0.0,5.202,2.663,624.24,319.56,-24.26,-11.03,0.0,0.0,0.0,0.0,0.0,0.0,,0.0,0,0,0,0,0,8.0,0.0,97217.63,55140.32,152357.95,0.0,-7.6
2026-06-05T00:51:00.901+00:00,151643,996060cc-1738-4269-9a35-58ffa0c7dd73,,10,FAULT,0x04C0,I2C_TIMEOUT|SENSOR_RANGE|SELFTEST,0,0,1,0,0,0,0.0,0.0,0.0,5.178,2.66,621.36,319.2,-23.77,-11.03,0.0,0.0,0.0,0.0,0.0,0.0,,0.0,0,0,0,0,0,8.0,0.0,97298.41,55181.82,152480.23,0.0,3.77
2026-06-05T00:51:01.032+00:00,151772,996060cc-1738-4269-9a35-58ffa0c7dd73,,10,FAULT,0x04C0,I2C_TIMEOUT|SENSOR_RANGE|SELFTEST,0,0,1,0,0,0,0.0,0.0,0.0,5.204,2.667,624.48,320.04,-24.26,-10.78,0.0,0.0,0.0,0.0,0.0,0.0,,0.0,0,0,0,0,0,8.0,0.0,97378.97,55223.1,152602.07,0.0,-3.8
2026-06-05T00:51:01.163+00:00,151902,996060cc-1738-4269-9a35-58ffa0c7dd73,,10,FAULT,0x04C0,I2C_TIMEOUT|SENSOR_RANGE|SELFTEST,0,0,1,0,0,0,0.0,0.0,0.0,5.167,2.653,620.04,318.36,-22.8,-10.3,0.0,0.0,0.0,0.0,0.0,0.0,,0.0,0,0,0,0,0,8.0,0.0,97459.57,55264.49,152724.06,0.0,11.23
2026-06-05T00:51:01.344+00:00,152031,996060cc-1738-4269-9a35-58ffa0c7dd73,,10,FAULT,0x04C0,I2C_TIMEOUT|SENSOR_RANGE|SELFTEST,0,0,1,0,0,0,0.0,0.0,0.0,5.204,2.667,624.48,320.04,-23.28,-10.54,0.0,0.0,0.0,0.0,0.0,0.0,,0.0,0,0,0,0,0,8.0,0.0,97540.13,55305.77,152845.9,0.0,-3.72
2026-06-05T00:51:01.421+00:00,152160,996060cc-1738-4269-9a35-58ffa0c7dd73,,10,FAULT,0x04C0,I2C_TIMEOUT|SENSOR_RANGE|SELFTEST,0,0,1,0,0,0,0.0,0.0,0.0,5.161,2.654,619.32,318.48,-23.53,-10.78,0.0,0.0,0.0,0.0,0.0,0.0,,0.0,0,0,0,0,0,8.0,0.0,97620.02,55346.86,152966.88,0.0,-1.94
2026-06-05T00:51:01.548+00:00,152290,996060cc-1738-4269-9a35-58ffa0c7dd73,,10,FAULT,0x04C0,I2C_TIMEOUT|SENSOR_RANGE|SELFTEST,0,0,1,0,0,0,0.0,0.0,0.0,5.213,2.674,625.56,320.88,-24.26,-10.91,0.0,0.0,0.0,0.0,0.0,0.0,,0.0,0,0,0,0,0,8.0,0.0,97701.35,55388.57,153089.92,0.0,-5.62
2026-06-05T00:51:01.679+00:00,152419,996060cc-1738-4269-9a35-58ffa0c7dd73,,10,FAULT,0x04C0,I2C_TIMEOUT|SENSOR_RANGE|SELFTEST,0,0,1,0,0,0,0.0,0.0,0.0,5.172,2.658,620.64,318.96,-23.53,-10.54,0.0,0.0,0.0,0.0,0.0,0.0,,0.0,0,0,0,0,0,8.0,0.0,97781.41,55429.72,153211.13,0.0,5.66
2026-06-05T00:51:01.862+00:00,152549,996060cc-1738-4269-9a35-58ffa0c7dd73,,10,FAULT,0x04C0,I2C_TIMEOUT|SENSOR_RANGE|SELFTEST,0,0,1,0,0,0,0.0,0.0,0.0,5.211,2.674,625.32,320.88,-23.28,-10.3,0.0,0.0,0.0,0.0,0.0,0.0,,0.0,0,0,0,0,0,8.0,0.0,97862.7,55471.43,153334.13,0.0,1.92
2026-06-05T00:51:01.946+00:00,152678,996060cc-1738-4269-9a35-58ffa0c7dd73,,10,FAULT,0x04C0,I2C_TIMEOUT|SENSOR_RANGE|SELFTEST,0,0,1,0,0,0,0.0,0.0,0.0,5.187,2.667,622.44,320.04,-23.77,-10.66,0.0,0.0,0.0,0.0,0.0,0.0,,0.0,0,0,0,0,0,8.0,0.0,97943.0,55512.72,153455.71,0.0,-3.8
2026-06-05T00:51:02.142+00:00,152807,996060cc-1738-4269-9a35-58ffa0c7dd73,,10,FAULT,0x04C0,I2C_TIMEOUT|SENSOR_RANGE|SELFTEST,0,0,1,0,0,0,0.0,0.0,0.0,5.227,2.691,627.24,322.92,-23.04,-10.54,0.0,0.0,0.0,0.0,0.0,0.0,,0.0,0,0,0,0,0,8.0,0.0,98023.91,55554.37,153578.28,0.0,5.66
2026-06-05T00:51:02.199+00:00,152937,996060cc-1738-4269-9a35-58ffa0c7dd73,,10,FAULT,0x04C0,I2C_TIMEOUT|SENSOR_RANGE|SELFTEST,0,0,1,0,0,0,0.0,0.0,0.0,5.199,2.672,623.88,320.64,-23.04,-10.3,0.0,0.0,0.0,0.0,0.0,0.0,,0.0,0,0,0,0,0,8.0,0.0,98105.01,55596.06,153701.07,0.0,0.0
2026-06-05T00:51:02.327+00:00,153066,996060cc-1738-4269-9a35-58ffa0c7dd73,,10,FAULT,0x04C0,I2C_TIMEOUT|SENSOR_RANGE|SELFTEST,0,0,1,0,0,0,0.0,0.0,0.0,5.22,2.677,626.4,321.24,-22.31,-10.05,0.0,0.0,0.0,0.0,0.0,0.0,,0.0,0,0,0,0,0,8.0,0.0,98185.82,55637.5,153823.32,0.0,5.66
2026-06-05T00:51:02.457+00:00,153196,996060cc-1738-4269-9a35-58ffa0c7dd73,,10,FAULT,0x04C0,I2C_TIMEOUT|SENSOR_RANGE|SELFTEST,0,0,1,0,0,0,0.0,0.0,0.0,5.206,2.666,624.72,319.92,-23.04,-10.3,0.0,0.0,0.0,0.0,0.0,0.0,,0.0,0,0,0,0,0,8.0,0.0,98267.03,55679.09,153946.12,0.0,-5.62
2026-06-05T00:51:02.620+00:00,153325,996060cc-1738-4269-9a35-58ffa0c7dd73,,10,FAULT,0x04C0,I2C_TIMEOUT|SENSOR_RANGE|SELFTEST,0,0,1,0,0,0,0.0,0.0,0.0,5.208,2.678,624.96,321.36,-23.77,-10.91,0.0,0.0,0.0,0.0,0.0,0.0,,0.0,0,0,0,0,0,8.0,0.0,98347.65,55720.54,154068.19,0.0,-5.66
2026-06-05T00:51:02.784+00:00,153454,996060cc-1738-4269-9a35-58ffa0c7dd73,,10,FAULT,0x04C0,I2C_TIMEOUT|SENSOR_RANGE|SELFTEST,0,0,1,0,0,0,0.0,0.0,0.0,5.227,2.683,627.24,321.96,-24.02,-10.54,0.0,0.0,0.0,0.0,0.0,0.0,,0.0,0,0,0,0,0,8.0,0.0,98428.57,55762.07,154190.64,0.0,-1.94
2026-06-05T00:51:02.889+00:00,153584,996060cc-1738-4269-9a35-58ffa0c7dd73,,10,FAULT,0x04C0,I2C_TIMEOUT|SENSOR_RANGE|SELFTEST,0,0,1,0,0,0,0.0,0.0,0.0,5.198,2.673,623.76,320.76,-22.31,-9.93,0.0,0.0,0.0,0.0,0.0,0.0,,0.0,0,0,0,0,0,8.0,0.0,98509.66,55803.77,154313.43,0.0,13.15
2026-06-05T00:51:02.977+00:00,153713,996060cc-1738-4269-9a35-58ffa0c7dd73,,10,FAULT,0x04C0,I2C_TIMEOUT|SENSOR_RANGE|SELFTEST,0,0,1,0,0,0,0.0,0.0,0.0,5.236,2.688,628.32,322.56,-21.82,-9.68,0.0,0.0,0.0,0.0,0.0,0.0,,0.0,0,0,0,0,0,8.0,0.0,98590.71,55845.38,154436.09,0.0,3.8
2026-06-05T00:51:03.105+00:00,153842,996060cc-1738-4269-9a35-58ffa0c7dd73,,10,FAULT,0x04C0,I2C_TIMEOUT|SENSOR_RANGE|SELFTEST,0,0,1,0,0,0,0.0,0.0,0.0,5.192,2.675,623.04,321.0,-23.53,-10.42,0.0,0.0,0.0,0.0,0.0,0.0,,0.0,0,0,0,0,0,8.0,0.0,98671.08,55886.79,154557.87,0.0,-13.26
2026-06-05T00:51:03.235+00:00,153972,996060cc-1738-4269-9a35-58ffa0c7dd73,,10,FAULT,0x04C0,I2C_TIMEOUT|SENSOR_RANGE|SELFTEST,0,0,1,0,0,0,0.0,0.0,0.0,5.258,2.711,630.96,325.32,-23.28,-10.54,0.0,0.0,0.0,0.0,0.0,0.0,,0.0,0,0,0,0,0,8.0,0.0,98753.11,55929.08,154682.19,0.0,1.92
2026-06-05T00:51:03.431+00:00,154101,996060cc-1738-4269-9a35-58ffa0c7dd73,,10,FAULT,0x04C0,I2C_TIMEOUT|SENSOR_RANGE|SELFTEST,0,0,1,0,0,0,0.0,0.0,0.0,5.188,2.68,622.56,321.6,-23.28,-10.3,0.0,0.0,0.0,0.0,0.0,0.0,,0.0,0,0,0,0,0,8.0,0.0,98833.42,55970.57,154803.99,0.0,0.0
2026-06-05T00:51:03.531+00:00,154230,996060cc-1738-4269-9a35-58ffa0c7dd73,,10,FAULT,0x04C0,I2C_TIMEOUT|SENSOR_RANGE|SELFTEST,0,0,1,0,0,0,0.0,0.0,0.0,5.24,2.696,628.8,323.52,-21.82,-9.68,0.0,0.0,0.0,0.0,0.0,0.0,,0.0,0,0,0,0,0,8.0,0.0,98914.53,56012.3,154926.84,0.0,11.32
2026-06-05T00:51:03.633+00:00,154360,996060cc-1738-4269-9a35-58ffa0c7dd73,,10,FAULT,0x04C0,I2C_TIMEOUT|SENSOR_RANGE|SELFTEST,0,0,1,0,0,0,0.0,0.0,0.0,5.19,2.671,622.8,320.52,-22.31,-9.93,0.0,0.0,0.0,0.0,0.0,0.0,,0.0,0,0,0,0,0,8.0,0.0,98995.5,56053.97,155049.47,0.0,-3.77
2026-06-05T00:51:03.752+00:00,154489,996060cc-1738-4269-9a35-58ffa0c7dd73,,10,FAULT,0x04C0,I2C_TIMEOUT|SENSOR_RANGE|SELFTEST,0,0,0,0,0,0,0.0,0.0,0.0,5.241,2.706,628.92,324.72,-20.35,-9.93,0.0,0.0,0.0,0.0,0.0,0.0,,0.0,0,0,0,0,0,8.0,0.0,99076.63,56095.86,155172.49,0.0,15.19
2026-06-05T00:51:03.883+00:00,154618,996060cc-1738-4269-9a35-58ffa0c7dd73,,10,FAULT,0x04C0,I2C_TIMEOUT|SENSOR_RANGE|SELFTEST,0,0,0,0,0,0,0.0,0.0,0.0,5.21,2.689,625.2,322.68,-17.91,-9.2,0.0,0.0,0.0,0.0,0.0,0.0,,0.0,0,0,0,0,0,8.0,0.0,99157.28,56137.49,155294.76,0.0,18.91
2026-06-05T00:51:04.014+00:00,154748,996060cc-1738-4269-9a35-58ffa0c7dd73,,10,FAULT,0x04C0,I2C_TIMEOUT|SENSOR_RANGE|SELFTEST,0,0,0,0,0,0,0.0,0.0,0.0,5.232,2.695,627.84,323.4,-16.44,-8.58,0.0,0.0,0.0,0.0,0.0,0.0,,0.0,0,0,0,0,0,8.0,0.0,99238.9,56179.53,155418.43,0.0,11.31
2026-06-05T00:51:04.141+00:00,154877,996060cc-1738-4269-9a35-58ffa0c7dd73,,10,FAULT,0x04C0,I2C_TIMEOUT|SENSOR_RANGE|SELFTEST,0,0,0,0,0,0,0.0,0.0,0.0,5.211,2.686,625.32,322.32,-16.44,-8.58,0.0,0.0,0.0,0.0,0.0,0.0,,0.0,0,0,0,0,0,8.0,0.0,99319.56,56221.11,155540.67,0.0,0.0
2026-06-05T00:51:04.272+00:00,155006,996060cc-1738-4269-9a35-58ffa0c7dd73,,10,FAULT,0x04C0,I2C_TIMEOUT|SENSOR_RANGE|SELFTEST,0,0,0,0,0,0,0.0,0.0,0.0,5.242,2.709,629.04,325.08,-17.91,-9.07,0.0,0.0,0.0,0.0,0.0,0.0,,0.0,0,0,0,0,0,8.0,0.0,99400.71,56263.04,155663.75,0.0,-11.4
2026-06-05T00:51:04.402+00:00,155136,996060cc-1738-4269-9a35-58ffa0c7dd73,,10,FAULT,0x04C0,I2C_TIMEOUT|SENSOR_RANGE|SELFTEST,0,0,0,0,0,0,0.0,0.0,0.0,5.245,2.722,629.4,326.64,-18.15,-9.32,0.0,0.0,0.0,0.0,0.0,0.0,,0.0,0,0,0,0,0,8.0,0.0,99482.53,56305.51,155788.04,0.0,-1.85
2026-06-05T00:51:04.530+00:00,155266,996060cc-1738-4269-9a35-58ffa0c7dd73,,10,FAULT,0x04C0,I2C_TIMEOUT|SENSOR_RANGE|SELFTEST,0,0,0,0,0,0,0.0,0.0,0.0,5.218,2.703,626.16,324.36,-16.93,-8.83,0.0,0.0,0.0,0.0,0.0,0.0,,0.0,0,0,0,0,0,8.0,0.0,99563.93,56347.67,155911.6,0.0,9.38
2026-06-05T00:51:04.661+00:00,155395,996060cc-1738-4269-9a35-58ffa0c7dd73,,10,FAULT,0x04C0,I2C_TIMEOUT|SENSOR_RANGE|SELFTEST,0,0,0,0,0,0,0.0,0.0,0.0,5.238,2.727,628.56,327.24,-16.69,-8.71,0.0,0.0,0.0,0.0,0.0,0.0,,0.0,0,0,0,0,0,8.0,0.0,99645.02,56389.89,156034.9,0.0,1.86
2026-06-05T00:51:04.788+00:00,155524,996060cc-1738-4269-9a35-58ffa0c7dd73,,10,FAULT,0x04C0,I2C_TIMEOUT|SENSOR_RANGE|SELFTEST,0,0,0,0,0,0,0.0,0.0,0.0,5.224,2.735,626.88,328.2,-17.66,-8.95,0.0,0.0,0.0,0.0,0.0,0.0,,0.0,0,0,0,0,0,8.0,0.0,99725.88,56432.22,156158.11,0.0,-7.52
2026-06-05T00:51:04.919+00:00,155654,996060cc-1738-4269-9a35-58ffa0c7dd73,,10,FAULT,0x04C0,I2C_TIMEOUT|SENSOR_RANGE|SELFTEST,0,0,0,0,0,0,0.0,0.0,0.0,5.303,2.789,636.36,334.68,-18.15,-9.32,0.0,0.0,0.0,0.0,0.0,0.0,,0.0,0,0,0,0,0,8.0,0.0,99808.61,56475.73,156284.34,0.0,-3.77
2026-06-05T00:51:05.050+00:00,155783,996060cc-1738-4269-9a35-58ffa0c7dd73,,10,FAULT,0x04C0,I2C_TIMEOUT|SENSOR_RANGE|SELFTEST,0,0,0,0,0,0,0.0,0.0,0.0,5.228,2.756,627.36,330.72,-17.66,-9.2,0.0,0.0,0.0,0.0,0.0,0.0,,0.0,0,0,0,0,0,8.0,0.0,99889.54,56518.4,156407.94,0.0,3.8
2026-06-05T00:51:05.178+00:00,155912,996060cc-1738-4269-9a35-58ffa0c7dd73,,10,FAULT,0x04C0,I2C_TIMEOUT|SENSOR_RANGE|SELFTEST,0,0,0,0,0,0,0.0,0.0,0.0,5.262,2.775,631.44,333.0,-16.93,-8.71,0.0,0.0,0.0,0.0,0.0,0.0,,0.0,0,0,0,0,0,8.0,0.0,99971.0,56561.35,156532.35,0.0,5.66
2026-06-05T00:51:05.308+00:00,156041,996060cc-1738-4269-9a35-58ffa0c7dd73,,10,FAULT,0x04C0,I2C_TIMEOUT|SENSOR_RANGE|SELFTEST,0,0,0,0,0,0,0.0,0.0,0.0,5.243,2.781,629.16,333.72,-17.42,-8.95,0.0,0.0,0.0,0.0,0.0,0.0,,0.0,0,0,0,0,0,8.0,0.0,100052.16,56604.4,156656.56,0.0,-3.8
2026-06-05T00:51:05.439+00:00,156171,996060cc-1738-4269-9a35-58ffa0c7dd73,,10,FAULT,0x04C0,I2C_TIMEOUT|SENSOR_RANGE|SELFTEST,0,0,0,0,0,0,0.0,0.0,0.0,5.297,2.823,635.64,338.76,-18.4,-9.32,0.0,0.0,0.0,0.0,0.0,0.0,,0.0,0,0,0,0,0,8.0,0.0,100134.79,56648.44,156783.23,0.0,-7.54
2026-06-05T00:51:05.567+00:00,156300,996060cc-1738-4269-9a35-58ffa0c7dd73,,10,FAULT,0x04C0,I2C_TIMEOUT|SENSOR_RANGE|SELFTEST,0,0,0,0,0,0,0.0,0.0,0.0,5.286,2.83,634.32,339.6,-18.4,-9.44,0.0,0.0,0.0,0.0,0.0,0.0,,0.0,0,0,0,0,0,8.0,0.0,100216.62,56692.25,156908.87,0.0,0.0
2026-06-05T00:51:05.697+00:00,156429,996060cc-1738-4269-9a35-58ffa0c7dd73,,10,FAULT,0x04C0,I2C_TIMEOUT|SENSOR_RANGE|SELFTEST,0,0,0,0,0,0,0.0,0.0,0.0,5.283,2.835,633.96,340.2,-17.42,-8.95,0.0,0.0,0.0,0.0,0.0,0.0,,0.0,0,0,0,0,0,8.0,0.0,100298.4,56736.14,157034.53,0.0,7.6
2026-06-05T00:51:05.828+00:00,156559,996060cc-1738-4269-9a35-58ffa0c7dd73,,10,FAULT,0x04C0,I2C_TIMEOUT|SENSOR_RANGE|SELFTEST,0,0,0,0,0,0,0.0,0.0,0.0,5.292,2.848,635.04,341.76,-17.17,-8.71,0.0,0.0,0.0,0.0,0.0,0.0,,0.0,0,0,0,0,0,8.0,0.0,100380.95,56780.56,157161.52,0.0,1.92
2026-06-05T00:51:05.955+00:00,156688,996060cc-1738-4269-9a35-58ffa0c7dd73,,10,FAULT,0x04C0,I2C_TIMEOUT|SENSOR_RANGE|SELFTEST,0,0,0,0,0,0,0.0,0.0,0.0,5.278,2.864,633.36,343.68,-18.4,-9.32,0.0,0.0,0.0,0.0,0.0,0.0,,0.0,0,0,0,0,0,8.0,0.0,100462.66,56824.9,157287.56,0.0,-9.53
2026-06-05T00:51:06.086+00:00,156817,996060cc-1738-4269-9a35-58ffa0c7dd73,,10,FAULT,0x04C0,I2C_TIMEOUT|SENSOR_RANGE|SELFTEST,0,0,0,0,0,0,0.0,0.0,0.0,5.349,2.906,641.88,348.72,-18.89,-9.56,0.0,0.0,0.0,0.0,0.0,0.0,,0.0,0,0,0,0,0,8.0,0.0,100545.46,56869.88,157415.34,0.0,-3.8
2026-06-05T00:51:06.214+00:00,156947,996060cc-1738-4269-9a35-58ffa0c7dd73,,10,FAULT,0x04C0,I2C_TIMEOUT|SENSOR_RANGE|SELFTEST,0,0,0,0,0,0,0.0,0.0,0.0,5.279,2.868,633.48,344.16,-17.66,-9.2,0.0,0.0,0.0,0.0,0.0,0.0,,0.0,0,0,0,0,0,8.0,0.0,100627.81,56914.63,157542.44,0.0,9.46
2026-06-05T00:51:06.344+00:00,157076,996060cc-1738-4269-9a35-58ffa0c7dd73,,10,FAULT,0x04C0,I2C_TIMEOUT|SENSOR_RANGE|SELFTEST,0,0,0,0,0,0,0.0,0.0,0.0,5.311,2.887,637.32,346.44,-16.93,-8.95,0.0,0.0,0.0,0.0,0.0,0.0,,0.0,0,0,0,0,0,8.0,0.0,100710.03,56959.32,157669.34,0.0,5.66
2026-06-05T00:51:06.475+00:00,157205,996060cc-1738-4269-9a35-58ffa0c7dd73,,10,FAULT,0x04C0,I2C_TIMEOUT|SENSOR_RANGE|SELFTEST,0,0,0,0,0,0,0.0,0.0,0.0,5.278,2.889,633.36,346.68,-17.66,-9.07,0.0,0.0,0.0,0.0,0.0,0.0,,0.0,0,0,0,0,0,8.0,0.0,100791.73,57004.04,157795.77,0.0,-5.66
2026-06-05T00:51:06.603+00:00,157334,996060cc-1738-4269-9a35-58ffa0c7dd73,,10,FAULT,0x04C0,I2C_TIMEOUT|SENSOR_RANGE|SELFTEST,0,0,0,0,0,0,0.0,0.0,0.0,5.327,2.925,639.24,351.0,-18.89,-9.68,0.0,0.0,0.0,0.0,0.0,0.0,,0.0,0,0,0,0,0,8.0,0.0,100874.19,57049.32,157923.51,0.0,-9.53
2026-06-05T00:51:06.733+00:00,157464,996060cc-1738-4269-9a35-58ffa0c7dd73,,10,FAULT,0x04C0,I2C_TIMEOUT|SENSOR_RANGE|SELFTEST,0,0,0,0,0,0,0.0,0.0,0.0,5.312,2.915,637.44,349.8,-18.64,-9.56,0.0,0.0,0.0,0.0,0.0,0.0,,0.0,0,0,0,0,0,8.0,0.0,100957.06,57094.79,158051.85,0.0,1.92
2026-06-05T00:51:06.864+00:00,157593,996060cc-1738-4269-9a35-58ffa0c7dd73,,10,FAULT,0x04C0,I2C_TIMEOUT|SENSOR_RANGE|SELFTEST,0,0,0,0,0,0,0.0,0.0,0.0,5.272,2.889,632.64,346.68,-17.17,-8.95,0.0,0.0,0.0,0.0,0.0,0.0,,0.0,0,0,0,0,0,8.0,0.0,101038.67,57139.51,158178.18,0.0,11.4
2026-06-05T00:51:06.993+00:00,157722,996060cc-1738-4269-9a35-58ffa0c7dd73,,10,FAULT,0x04C0,I2C_TIMEOUT|SENSOR_RANGE|SELFTEST,0,0,0,0,0,0,0.0,0.0,0.0,5.28,2.893,633.6,347.16,-17.42,-8.95,0.0,0.0,0.0,0.0,0.0,0.0,,0.0,0,0,0,0,0,8.0,0.0,101120.4,57184.3,158304.7,0.0,-1.94
2026-06-05T00:51:07.123+00:00,157852,996060cc-1738-4269-9a35-58ffa0c7dd73,,10,FAULT,0x04C0,I2C_TIMEOUT|SENSOR_RANGE|SELFTEST,0,0,0,0,0,0,0.0,0.0,0.0,5.252,2.891,630.24,346.92,-18.89,-9.44,0.0,0.0,0.0,0.0,0.0,0.0,,0.0,0,0,0,0,0,8.0,0.0,101202.34,57229.4,158431.73,0.0,-11.31
2026-06-05T00:51:07.253+00:00,157981,996060cc-1738-4269-9a35-58ffa0c7dd73,,10,FAULT,0x04C0,I2C_TIMEOUT|SENSOR_RANGE|SELFTEST,0,0,0,0,0,0,0.0,0.0,0.0,5.314,2.928,637.68,351.36,-19.13,-9.81,0.0,0.0,0.0,0.0,0.0,0.0,,0.0,0,0,0,0,0,8.0,0.0,101284.6,57274.72,158559.32,0.0,-1.86
2026-06-05T00:51:07.382+00:00,158110,996060cc-1738-4269-9a35-58ffa0c7dd73,,10,FAULT,0x04C0,I2C_TIMEOUT|SENSOR_RANGE|SELFTEST,0,0,0,0,0,0,0.0,0.0,0.0,5.216,2.861,625.92,343.32,-17.91,-9.2,0.0,0.0,0.0,0.0,0.0,0.0,,0.0,0,0,0,0,0,8.0,0.0,101365.34,57319.01,158684.35,0.0,9.46
2026-06-05T00:51:07.512+00:00,158239,996060cc-1738-4269-9a35-58ffa0c7dd73,,10,FAULT,0x04C0,I2C_TIMEOUT|SENSOR_RANGE|SELFTEST,0,0,0,0,0,0,0.0,0.0,0.0,5.226,2.843,627.12,341.16,-17.17,-8.83,0.0,0.0,0.0,0.0,0.0,0.0,,0.0,0,0,0,0,0,8.0,0.0,101446.24,57363.02,158809.26,0.0,5.74
2026-06-05T00:51:07.640+00:00,158369,996060cc-1738-4269-9a35-58ffa0c7dd73,,10,FAULT,0x04C0,I2C_TIMEOUT|SENSOR_RANGE|SELFTEST,0,0,0,0,0,0,0.0,0.0,0.0,5.18,2.817,621.6,338.04,-18.15,-9.32,0.0,0.0,0.0,0.0,0.0,0.0,,0.0,0,0,0,0,0,8.0,0.0,101527.05,57406.96,158934.01,0.0,-7.54
2026-06-05T00:51:07.770+00:00,158498,996060cc-1738-4269-9a35-58ffa0c7dd73,,10,FAULT,0x04C0,I2C_TIMEOUT|SENSOR_RANGE|SELFTEST,0,0,0,0,0,0,0.0,0.0,0.0,5.234,2.857,628.08,342.84,-18.89,-9.68,0.0,0.0,0.0,0.0,0.0,0.0,,0.0,0,0,0,0,0,8.0,0.0,101608.07,57451.19,159059.26,0.0,-5.74
2026-06-05T00:51:07.901+00:00,158627,996060cc-1738-4269-9a35-58ffa0c7dd73,,10,FAULT,0x04C0,I2C_TIMEOUT|SENSOR_RANGE|SELFTEST,0,0,0,0,0,0,0.0,0.0,0.0,5.193,2.824,623.16,338.88,-18.15,-9.44,0.0,0.0,0.0,0.0,0.0,0.0,,0.0,0,0,0,0,0,8.0,0.0,101688.46,57494.91,159183.36,0.0,5.74
2026-06-05T00:51:08.029+00:00,158757,996060cc-1738-4269-9a35-58ffa0c7dd73,,10,FAULT,0x04C0,I2C_TIMEOUT|SENSOR_RANGE|SELFTEST,0,0,0,0,0,0,0.0,0.0,0.0,5.137,2.767,616.44,332.04,-17.42,-8.95,0.0,0.0,0.0,0.0,0.0,0.0,,0.0,0,0,0,0,0,8.0,0.0,101768.59,57538.07,159306.66,0.0,5.62
2026-06-05T00:51:08.159+00:00,158886,996060cc-1738-4269-9a35-58ffa0c7dd73,,10,FAULT,0x04C0,I2C_TIMEOUT|SENSOR_RANGE|SELFTEST,0,0,0,0,0,0,0.0,0.0,0.0,5.116,2.735,613.92,328.2,-17.91,-9.2,0.0,0.0,0.0,0.0,0.0,0.0,,0.0,0,0,0,0,0,8.0,0.0,101847.79,57580.41,159428.2,0.0,-3.8
2026-06-05T00:51:08.290+00:00,159015,996060cc-1738-4269-9a35-58ffa0c7dd73,,10,FAULT,0x04C0,I2C_TIMEOUT|SENSOR_RANGE|SELFTEST,0,0,0,0,0,0,0.0,0.0,0.0,5.097,2.733,611.64,327.96,-18.89,-9.68,0.0,0.0,0.0,0.0,0.0,0.0,,0.0,0,0,0,0,0,8.0,0.0,101926.69,57622.72,159549.41,0.0,-7.6
2026-06-05T00:51:08.419+00:00,159144,996060cc-1738-4269-9a35-58ffa0c7dd73,,10,FAULT,0x04C0,I2C_TIMEOUT|SENSOR_RANGE|SELFTEST,0,0,0,0,0,0,0.0,0.0,0.0,5.139,2.745,616.68,329.4,-18.89,-9.68,0.0,0.0,0.0,0.0,0.0,0.0,,0.0,0,0,0,0,0,8.0,0.0,102006.24,57665.21,159671.45,0.0,0.0
2026-06-05T00:51:08.549+00:00,159275,996060cc-1738-4269-9a35-58ffa0c7dd73,,10,FAULT,0x04C0,I2C_TIMEOUT|SENSOR_RANGE|SELFTEST,0,0,0,0,0,0,0.0,0.0,0.0,5.042,2.651,605.04,318.12,-17.66,-9.2,0.0,0.0,0.0,0.0,0.0,0.0,,0.0,0,0,0,0,0,8.0,0.0,102085.5,57706.88,159792.38,0.0,9.39
2026-06-05T00:51:08.679+00:00,159404,996060cc-1738-4269-9a35-58ffa0c7dd73,,10,FAULT,0x04C0,I2C_TIMEOUT|SENSOR_RANGE|SELFTEST,0,0,0,0,0,0,0.0,0.0,0.0,5.059,2.64,607.08,316.8,-17.42,-8.95,0.0,0.0,0.0,0.0,0.0,0.0,,0.0,0,0,0,0,0,8.0,0.0,102163.82,57747.75,159911.57,0.0,1.86
2026-06-05T00:51:08.807+00:00,159533,996060cc-1738-4269-9a35-58ffa0c7dd73,,10,FAULT,0x04C0,I2C_TIMEOUT|SENSOR_RANGE|SELFTEST,0,0,0,0,0,0,0.0,0.0,0.0,5.005,2.614,600.6,313.68,-18.64,-9.44,0.0,0.0,0.0,0.0,0.0,0.0,,0.0,0,0,0,0,0,8.0,0.0,102241.29,57788.21,160029.51,0.0,-9.46
2026-06-05T00:51:08.938+00:00,159663,996060cc-1738-4269-9a35-58ffa0c7dd73,,10,FAULT,0x04C0,I2C_TIMEOUT|SENSOR_RANGE|SELFTEST,0,0,0,0,0,0,0.0,0.0,0.0,5.07,2.654,608.4,318.48,-19.13,-9.68,0.0,0.0,0.0,0.0,0.0,0.0,,0.0,0,0,0,0,0,8.0,0.0,102320.39,57829.62,160150.0,0.0,-3.77
2026-06-05T00:51:09.066+00:00,159792,996060cc-1738-4269-9a35-58ffa0c7dd73,,10,FAULT,0x04C0,I2C_TIMEOUT|SENSOR_RANGE|SELFTEST,0,0,0,0,0,0,0.0,0.0,0.0,5.023,2.624,602.76,314.88,-18.4,-9.56,0.0,0.0,0.0,0.0,0.0,0.0,,0.0,0,0,0,0,0,8.0,0.0,102398.14,57870.24,160268.38,0.0,5.66
2026-06-05T00:51:09.196+00:00,159921,996060cc-1738-4269-9a35-58ffa0c7dd73,,10,FAULT,0x04C0,I2C_TIMEOUT|SENSOR_RANGE|SELFTEST,0,0,0,0,0,0,0.0,0.0,0.0,5.036,2.613,604.32,313.56,-17.42,-8.95,0.0,0.0,0.0,0.0,0.0,0.0,,0.0,0,0,0,0,0,8.0,0.0,102476.1,57910.69,160386.78,0.0,7.6
2026-06-05T00:51:09.326+00:00,160051,996060cc-1738-4269-9a35-58ffa0c7dd73,,10,FAULT,0x04C0,I2C_TIMEOUT|SENSOR_RANGE|SELFTEST,0,0,0,0,0,0,0.0,0.0,0.0,5.023,2.599,602.76,311.88,-17.91,-9.2,0.0,0.0,0.0,0.0,0.0,0.0,,0.0,0,0,0,0,0,8.0,0.0,102554.46,57951.23,160505.69,0.0,-3.77
2026-06-05T00:51:09.455+00:00,160180,996060cc-1738-4269-9a35-58ffa0c7dd73,,10,FAULT,0x04C0,I2C_TIMEOUT|SENSOR_RANGE|SELFTEST,0,0,0,0,0,0,0.0,0.0,0.0,5.028,2.612,603.36,313.44,-19.13,-9.68,0.0,0.0,0.0,0.0,0.0,0.0,,0.0,0,0,0,0,0,8.0,0.0,102632.29,57991.66,160623.95,0.0,-9.46
2026-06-05T00:51:09.585+00:00,160309,996060cc-1738-4269-9a35-58ffa0c7dd73,,10,FAULT,0x04C0,I2C_TIMEOUT|SENSOR_RANGE|SELFTEST,0,0,0,0,0,0,0.0,0.0,0.0,5.04,2.618,604.8,314.16,-18.89,-9.68,0.0,0.0,0.0,0.0,0.0,0.0,,0.0,0,0,0,0,0,8.0,0.0,102710.31,58032.19,160742.5,0.0,1.86
2026-06-05T00:51:09.715+00:00,160438,996060cc-1738-4269-9a35-58ffa0c7dd73,,10,FAULT,0x04C0,I2C_TIMEOUT|SENSOR_RANGE|SELFTEST,0,0,0,0,0,0,0.0,0.0,0.0,5.009,2.6,601.08,312.0,-17.66,-9.2,0.0,0.0,0.0,0.0,0.0,0.0,,0.0,0,0,0,0,0,8.0,0.0,102787.85,58072.44,160860.29,0.0,9.53
2026-06-05T00:51:09.843+00:00,160568,996060cc-1738-4269-9a35-58ffa0c7dd73,,10,FAULT,0x04C0,I2C_TIMEOUT|SENSOR_RANGE|SELFTEST,0,0,0,0,0,0,0.0,0.0,0.0,5.043,2.608,605.16,312.96,-17.66,-9.2,0.0,0.0,0.0,0.0,0.0,0.0,,0.0,0,0,0,0,0,8.0,0.0,102866.52,58113.12,160979.64,0.0,0.0
2026-06-05T00:51:09.974+00:00,160697,996060cc-1738-4269-9a35-58ffa0c7dd73,,10,FAULT,0x04C0,I2C_TIMEOUT|SENSOR_RANGE|SELFTEST,0,0,0,0,0,0,0.0,0.0,0.0,4.991,2.585,598.92,310.2,-18.89,-9.56,0.0,0.0,0.0,0.0,0.0,0.0,,0.0,0,0,0,0,0,8.0,0.0,102943.78,58153.14,161096.92,0.0,-9.53
2026-06-05T00:51:10.104+00:00,160826,996060cc-1738-4269-9a35-58ffa0c7dd73,,10,FAULT,0x04C0,I2C_TIMEOUT|SENSOR_RANGE|SELFTEST,0,0,0,0,0,0,0.0,0.0,0.0,5.048,2.619,605.76,314.28,-19.13,-9.68,0.0,0.0,0.0,0.0,0.0,0.0,,0.0,0,0,0,0,0,8.0,0.0,103021.92,58193.68,161215.6,0.0,-1.86
2026-06-05T00:51:10.232+00:00,160956,996060cc-1738-4269-9a35-58ffa0c7dd73,,10,FAULT,0x04C0,I2C_TIMEOUT|SENSOR_RANGE|SELFTEST,0,0,0,0,0,0,0.0,0.0,0.0,4.991,2.591,598.92,310.92,-18.15,-9.32,0.0,0.0,0.0,0.0,0.0,0.0,,0.0,0,0,0,0,0,8.0,0.0,103099.78,58234.1,161333.88,0.0,7.54
2026-06-05T00:51:10.363+00:00,161085,996060cc-1738-4269-9a35-58ffa0c7dd73,,10,FAULT,0x04C0,I2C_TIMEOUT|SENSOR_RANGE|SELFTEST,0,0,0,0,0,0,0.0,0.0,0.0,5.035,2.6,604.2,312.0,-17.42,-8.95,0.0,0.0,0.0,0.0,0.0,0.0,,0.0,0,0,0,0,0,8.0,0.0,103177.73,58274.35,161452.07,0.0,5.66
2026-06-05T00:51:10.491+00:00,161214,996060cc-1738-4269-9a35-58ffa0c7dd73,,10,FAULT,0x04C0,I2C_TIMEOUT|SENSOR_RANGE|SELFTEST,0,0,0,0,0,0,0.0,0.0,0.0,4.992,2.579,599.04,309.48,-18.4,-9.32,0.0,0.0,0.0,0.0,0.0,0.0,,0.0,0,0,0,0,0,8.0,0.0,103255.0,58314.27,161569.27,0.0,-7.6
2026-06-05T00:51:10.621+00:00,161343,996060cc-1738-4269-9a35-58ffa0c7dd73,,10,FAULT,0x04C0,I2C_TIMEOUT|SENSOR_RANGE|SELFTEST,0,0,0,0,0,0,0.0,0.0,0.0,5.019,2.597,602.28,311.64,-19.37,-9.81,0.0,0.0,0.0,0.0,0.0,0.0,,0.0,0,0,0,0,0,8.0,0.0,103332.7,58354.47,161687.17,0.0,-7.52
2026-06-05T00:51:10.751+00:00,161473,996060cc-1738-4269-9a35-58ffa0c7dd73,,10,FAULT,0x04C0,I2C_TIMEOUT|SENSOR_RANGE|SELFTEST,0,0,0,0,0,0,0.0,0.0,0.0,5.005,2.592,600.6,311.04,-18.64,-9.68,0.0,0.0,0.0,0.0,0.0,0.0,,0.0,0,0,0,0,0,8.0,0.0,103410.77,58394.91,161805.68,0.0,5.62
2026-06-05T00:51:10.880+00:00,161602,996060cc-1738-4269-9a35-58ffa0c7dd73,,10,FAULT,0x04C0,I2C_TIMEOUT|SENSOR_RANGE|SELFTEST,0,0,0,0,0,0,0.0,0.0,0.0,4.986,2.576,598.32,309.12,-17.42,-9.07,0.0,0.0,0.0,0.0,0.0,0.0,,0.0,0,0,0,0,0,8.0,0.0,103487.96,58434.78,161922.74,0.0,9.46
2026-06-05T00:51:11.010+00:00,161731,996060cc-1738-4269-9a35-58ffa0c7dd73,,10,FAULT,0x04C0,I2C_TIMEOUT|SENSOR_RANGE|SELFTEST,0,0,0,0,0,0,0.0,0.0,0.0,5.002,2.579,600.24,309.48,-17.66,-9.2,0.0,0.0,0.0,0.0,0.0,0.0,,0.0,0,0,0,0,0,8.0,0.0,103565.39,58474.71,162040.1,0.0,-1.86
2026-06-05T00:51:11.140+00:00,161861,996060cc-1738-4269-9a35-58ffa0c7dd73,,10,FAULT,0x04C0,I2C_TIMEOUT|SENSOR_RANGE|SELFTEST,0,0,0,0,0,0,0.0,0.0,0.0,4.975,2.572,597.0,308.64,-19.13,-9.81,0.0,0.0,0.0,0.0,0.0,0.0,,0.0,0,0,0,0,0,8.0,0.0,103643.0,58514.83,162157.83,0.0,-11.31
2026-06-05T00:51:11.269+00:00,161990,996060cc-1738-4269-9a35-58ffa0c7dd73,,10,FAULT,0x04C0,I2C_TIMEOUT|SENSOR_RANGE|SELFTEST,0,0,0,0,0,0,0.0,0.0,0.0,5.024,2.595,602.88,311.4,-19.13,-9.68,0.0,0.0,0.0,0.0,0.0,0.0,,0.0,0,0,0,0,0,8.0,0.0,103720.77,58555.0,162275.77,0.0,0.0
2026-06-05T00:51:11.399+00:00,162119,996060cc-1738-4269-9a35-58ffa0c7dd73,,10,FAULT,0x04C0,I2C_TIMEOUT|SENSOR_RANGE|SELFTEST,0,0,0,0,0,0,0.0,0.0,0.0,4.962,2.558,595.44,306.96,-18.15,-9.44,0.0,0.0,0.0,0.0,0.0,0.0,,0.0,0,0,0,0,0,8.0,0.0,103797.58,58594.6,162392.18,0.0,7.6
2026-06-05T00:51:11.529+00:00,162248,996060cc-1738-4269-9a35-58ffa0c7dd73,,10,FAULT,0x04C0,I2C_TIMEOUT|SENSOR_RANGE|SELFTEST,0,0,0,0,0,0,0.0,0.0,0.0,5.015,2.582,601.8,309.84,-17.42,-9.07,0.0,0.0,0.0,0.0,0.0,0.0,,0.0,0,0,0,0,0,8.0,0.0,103875.21,58634.57,162509.78,0.0,5.66
2026-06-05T00:51:11.658+00:00,162378,996060cc-1738-4269-9a35-58ffa0c7dd73,,10,FAULT,0x04C0,I2C_TIMEOUT|SENSOR_RANGE|SELFTEST,0,0,0,0,0,0,0.0,0.0,0.0,4.96,2.556,595.2,306.72,-18.64,-9.56,0.0,0.0,0.0,0.0,0.0,0.0,,0.0,0,0,0,0,0,8.0,0.0,103952.59,58674.44,162627.03,0.0,-9.38
2026-06-05T00:51:11.788+00:00,162507,996060cc-1738-4269-9a35-58ffa0c7dd73,,10,FAULT,0x04C0,I2C_TIMEOUT|SENSOR_RANGE|SELFTEST,0,0,0,0,0,0,0.0,0.0,0.0,5.012,2.581,601.44,309.72,-19.37,-9.68,0.0,0.0,0.0,0.0,0.0,0.0,,0.0,0,0,0,0,0,8.0,0.0,104030.17,58714.4,162744.57,0.0,-5.66
2026-06-05T00:51:11.917+00:00,162636,996060cc-1738-4269-9a35-58ffa0c7dd73,,10,FAULT,0x04C0,I2C_TIMEOUT|SENSOR_RANGE|SELFTEST,0,0,0,0,0,0,0.0,0.0,0.0,4.978,2.566,597.36,307.92,-18.64,-9.56,0.0,0.0,0.0,0.0,0.0,0.0,,0.0,0,0,0,0,0,8.0,0.0,104107.23,58754.12,162861.35,0.0,5.66
2026-06-05T00:51:12.046+00:00,162766,996060cc-1738-4269-9a35-58ffa0c7dd73,,10,FAULT,0x04C0,I2C_TIMEOUT|SENSOR_RANGE|SELFTEST,0,0,0,0,0,0,0.0,0.0,0.0,4.997,2.569,599.64,308.28,-17.66,-9.07,0.0,0.0,0.0,0.0,0.0,0.0,,0.0,0,0,0,0,0,8.0,0.0,104185.19,58794.19,162979.38,0.0,7.54
2026-06-05T00:51:12.177+00:00,162895,996060cc-1738-4269-9a35-58ffa0c7dd73,,10,FAULT,0x04C0,I2C_TIMEOUT|SENSOR_RANGE|SELFTEST,0,0,0,0,0,0,0.0,0.0,0.0,4.992,2.56,599.04,307.2,-17.91,-9.32,0.0,0.0,0.0,0.0,0.0,0.0,,0.0,0,0,0,0,0,8.0,0.0,104262.46,58833.82,163096.29,0.0,-1.94
2026-06-05T00:51:12.305+00:00,163024,996060cc-1738-4269-9a35-58ffa0c7dd73,,10,FAULT,0x04C0,I2C_TIMEOUT|SENSOR_RANGE|SELFTEST,0,0,0,0,0,0,0.0,0.0,0.0,4.983,2.563,597.96,307.56,-19.37,-9.68,0.0,0.0,0.0,0.0,0.0,0.0,,0.0,0,0,0,0,0,8.0,0.0,104339.6,58873.5,163213.1,0.0,-11.32
2026-06-05T00:51:12.436+00:00,163154,996060cc-1738-4269-9a35-58ffa0c7dd73,,10,FAULT,0x04C0,I2C_TIMEOUT|SENSOR_RANGE|SELFTEST,0,0,0,0,0,0,0.0,0.0,0.0,5.006,2.571,600.72,308.52,-19.13,-9.81,0.0,0.0,0.0,0.0,0.0,0.0,,0.0,0,0,0,0,0,8.0,0.0,104417.69,58913.61,163331.3,0.0,1.85
2026-06-05T00:51:12.566+00:00,163283,996060cc-1738-4269-9a35-58ffa0c7dd73,,10,FAULT,0x04C0,I2C_TIMEOUT|SENSOR_RANGE|SELFTEST,0,0,0,0,0,0,0.0,0.0,0.0,4.976,2.556,597.12,306.72,-17.91,-9.32,0.0,0.0,0.0,0.0,0.0,0.0,,0.0,0,0,0,0,0,8.0,0.0,104494.72,58953.17,163447.9,0.0,9.46
2026-06-05T00:51:12.694+00:00,163412,996060cc-1738-4269-9a35-58ffa0c7dd73,,10,FAULT,0x04C0,I2C_TIMEOUT|SENSOR_RANGE|SELFTEST,0,0,0,0,0,0,0.0,0.0,0.0,5.014,2.566,601.68,307.92,-17.42,-9.07,0.0,0.0,0.0,0.0,0.0,0.0,,0.0,0,0,0,0,0,8.0,0.0,104572.34,58992.89,163565.23,0.0,3.8
2026-06-05T00:51:12.824+00:00,163542,996060cc-1738-4269-9a35-58ffa0c7dd73,,10,FAULT,0x04C0,I2C_TIMEOUT|SENSOR_RANGE|SELFTEST,0,0,0,0,0,0,0.0,0.0,0.0,4.948,2.537,593.76,304.44,-18.89,-9.56,0.0,0.0,0.0,0.0,0.0,0.0,,0.0,0,0,0,0,0,8.0,0.0,104649.53,59032.47,163682.0,0.0,-11.31
2026-06-05T00:51:12.955+00:00,163672,996060cc-1738-4269-9a35-58ffa0c7dd73,,10,FAULT,0x04C0,I2C_TIMEOUT|SENSOR_RANGE|SELFTEST,0,0,0,0,0,0,0.0,0.0,0.0,5.01,2.571,601.2,308.52,-19.37,-9.81,0.0,0.0,0.0,0.0,0.0,0.0,,0.0,0,0,0,0,0,8.0,0.0,104727.68,59072.58,163800.26,0.0,-3.69
2026-06-05T00:51:13.083+00:00,163801,996060cc-1738-4269-9a35-58ffa0c7dd73,,10,FAULT,0x04C0,I2C_TIMEOUT|SENSOR_RANGE|SELFTEST,0,0,0,0,0,0,0.0,0.0,0.0,4.962,2.548,595.44,305.76,-18.4,-9.44,0.0,0.0,0.0,0.0,0.0,0.0,,0.0,0,0,0,0,0,8.0,0.0,104804.5,59112.02,163916.52,0.0,7.52
2026-06-05T00:51:13.213+00:00,163930,996060cc-1738-4269-9a35-58ffa0c7dd73,,10,FAULT,0x04C0,I2C_TIMEOUT|SENSOR_RANGE|SELFTEST,0,0,0,0,0,0,0.0,0.0,0.0,4.997,2.557,599.64,306.84,-17.66,-9.07,0.0,0.0,0.0,0.0,0.0,0.0,,0.0,0,0,0,0,0,8.0,0.0,104881.85,59151.6,164033.45,0.0,5.74
2026-06-05T00:51:13.342+00:00,164060,996060cc-1738-4269-9a35-58ffa0c7dd73,,10,FAULT,0x04C0,I2C_TIMEOUT|SENSOR_RANGE|SELFTEST,0,0,0,0,0,0,0.0,0.0,0.0,4.969,2.539,596.28,304.68,-18.64,-9.32,0.0,0.0,0.0,0.0,0.0,0.0,,0.0,0,0,0,0,0,8.0,0.0,104959.37,59191.21,164150.58,0.0,-7.54
2026-06-05T00:51:13.472+00:00,164189,996060cc-1738-4269-9a35-58ffa0c7dd73,,10,FAULT,0x04C0,I2C_TIMEOUT|SENSOR_RANGE|SELFTEST,0,0,0,0,0,0,0.0,0.0,0.0,4.984,2.55,598.08,306.0,-19.37,-9.81,0.0,0.0,0.0,0.0,0.0,0.0,,0.0,0,0,0,0,0,8.0,0.0,105036.52,59230.69,164267.2,0.0,-5.66
2026-06-05T00:51:13.602+00:00,164318,996060cc-1738-4269-9a35-58ffa0c7dd73,,10,FAULT,0x04C0,I2C_TIMEOUT|SENSOR_RANGE|SELFTEST,0,0,0,0,0,0,0.0,0.0,0.0,4.986,2.551,598.32,306.12,-18.89,-9.68,0.0,0.0,0.0,0.0,0.0,0.0,,0.0,0,0,0,0,0,8.0,0.0,105113.7,59270.18,164383.88,0.0,3.72
2026-06-05T00:51:13.730+00:00,164447,996060cc-1738-4269-9a35-58ffa0c7dd73,,10,FAULT,0x04C0,I2C_TIMEOUT|SENSOR_RANGE|SELFTEST,0,0,0,0,0,0,0.0,0.0,0.0,4.971,2.538,596.52,304.56,-17.66,-9.07,0.0,0.0,0.0,0.0,0.0,0.0,,0.0,0,0,0,0,0,8.0,0.0,105190.65,59309.46,164500.12,0.0,9.53
2026-06-05T00:51:13.861+00:00,164577,996060cc-1738-4269-9a35-58ffa0c7dd73,,10,FAULT,0x04C0,I2C_TIMEOUT|SENSOR_RANGE|SELFTEST,0,0,0,0,0,0,0.0,0.0,0.0,4.999,2.547,599.88,305.64,-17.91,-9.2,0.0,0.0,0.0,0.0,0.0,0.0,,0.0,0,0,0,0,0,8.0,0.0,105268.64,59349.2,164617.83,0.0,-1.92
2026-06-05T00:51:13.991+00:00,164706,996060cc-1738-4269-9a35-58ffa0c7dd73,,10,FAULT,0x04C0,I2C_TIMEOUT|SENSOR_RANGE|SELFTEST,0,0,0,0,0,0,0.0,0.0,0.0,4.955,2.53,594.6,303.6,-19.13,-9.68,0.0,0.0,0.0,0.0,0.0,0.0,,0.0,0,0,0,0,0,8.0,0.0,105345.34,59388.36,164733.7,0.0,-9.46
2026-06-05T00:51:14.119+00:00,164835,996060cc-1738-4269-9a35-58ffa0c7dd73,,10,FAULT,0x04C0,I2C_TIMEOUT|SENSOR_RANGE|SELFTEST,0,0,0,0,0,0,0.0,0.0,0.0,5.011,2.565,601.32,307.8,-19.13,-9.81,0.0,0.0,0.0,0.0,0.0,0.0,,0.0,0,0,0,0,0,8.0,0.0,105422.91,59428.07,164850.98,0.0,0.0
2026-06-05T00:51:14.250+00:00,164965,996060cc-1738-4269-9a35-58ffa0c7dd73,,10,FAULT,0x04C0,I2C_TIMEOUT|SENSOR_RANGE|SELFTEST,0,0,0,0,0,0,0.0,0.0,0.0,4.951,2.533,594.12,303.96,-18.15,-9.44,0.0,0.0,0.0,0.0,0.0,0.0,,0.0,0,0,0,0,0,8.0,0.0,105500.15,59467.58,164967.73,0.0,7.54
2026-06-05T00:51:14.380+00:00,165094,996060cc-1738-4269-9a35-58ffa0c7dd73,,10,FAULT,0x04C0,I2C_TIMEOUT|SENSOR_RANGE|SELFTEST,0,0,0,0,0,0,0.0,0.0,0.0,5.001,2.551,600.12,306.12,-17.42,-9.07,0.0,0.0,0.0,0.0,0.0,0.0,,0.0,0,0,0,0,0,8.0,0.0,105577.56,59507.07,165084.63,0.0,5.66
2026-06-05T00:51:14.508+00:00,165223,996060cc-1738-4269-9a35-58ffa0c7dd73,,10,FAULT,0x04C0,I2C_TIMEOUT|SENSOR_RANGE|SELFTEST,0,0,0,0,0,0,0.0,0.0,0.0,4.957,2.528,594.84,303.36,-18.64,-9.44,0.0,0.0,0.0,0.0,0.0,0.0,,0.0,0,0,0,0,0,8.0,0.0,105654.3,59546.21,165200.5,0.0,-9.46
2026-06-05T00:51:14.639+00:00,165352,996060cc-1738-4269-9a35-58ffa0c7dd73,,10,FAULT,0x04C0,I2C_TIMEOUT|SENSOR_RANGE|SELFTEST,0,0,0,0,0,0,0.0,0.0,0.0,4.998,2.557,599.76,306.84,-19.37,-9.81,0.0,0.0,0.0,0.0,0.0,0.0,,0.0,0,0,0,0,0,8.0,0.0,105731.66,59585.79,165317.45,0.0,-5.66
2026-06-05T00:51:14.767+00:00,165482,996060cc-1738-4269-9a35-58ffa0c7dd73,,10,FAULT,0x04C0,I2C_TIMEOUT|SENSOR_RANGE|SELFTEST,0,0,0,0,0,0,0.0,0.0,0.0,4.979,2.548,597.48,305.76,-18.89,-9.68,0.0,0.0,0.0,0.0,0.0,0.0,,0.0,0,0,0,0,0,8.0,0.0,105809.34,59625.54,165434.87,0.0,3.69
2026-06-05T00:51:14.897+00:00,165611,996060cc-1738-4269-9a35-58ffa0c7dd73,,10,FAULT,0x04C0,I2C_TIMEOUT|SENSOR_RANGE|SELFTEST,0,0,0,0,0,0,0.0,0.0,0.0,4.982,2.548,597.84,305.76,-17.66,-9.2,0.0,0.0,0.0,0.0,0.0,0.0,,0.0,0,0,0,0,0,8.0,0.0,105886.46,59664.98,165551.44,0.0,9.53
2026-06-05T00:51:15.027+00:00,165740,996060cc-1738-4269-9a35-58ffa0c7dd73,,10,FAULT,0x04C0,I2C_TIMEOUT|SENSOR_RANGE|SELFTEST,0,0,0,0,0,0,0.0,0.0,0.0,4.991,2.545,598.92,305.4,-18.15,-9.32,0.0,0.0,0.0,0.0,0.0,0.0,,0.0,0,0,0,0,0,8.0,0.0,105963.72,59704.38,165668.1,0.0,-3.8
2026-06-05T00:51:15.156+00:00,165870,996060cc-1738-4269-9a35-58ffa0c7dd73,,10,FAULT,0x04C0,I2C_TIMEOUT|SENSOR_RANGE|SELFTEST,0,0,0,0,0,0,0.0,0.0,0.0,4.979,2.546,597.48,305.52,-19.37,-9.81,0.0,0.0,0.0,0.0,0.0,0.0,,0.0,0,0,0,0,0,8.0,0.0,106041.39,59744.09,165785.49,0.0,-9.38
2026-06-05T00:51:15.286+00:00,165999,996060cc-1738-4269-9a35-58ffa0c7dd73,,10,FAULT,0x04C0,I2C_TIMEOUT|SENSOR_RANGE|SELFTEST,0,0,0,0,0,0,0.0,0.0,0.0,5.017,2.571,602.04,308.52,-19.37,-9.81,0.0,0.0,0.0,0.0,0.0,0.0,,0.0,0,0,0,0,0,8.0,0.0,106119.05,59783.89,165902.95,0.0,0.0
2026-06-05T00:51:15.416+00:00,166128,996060cc-1738-4269-9a35-58ffa0c7dd73,,10,FAULT,0x04C0,I2C_TIMEOUT|SENSOR_RANGE|SELFTEST,0,0,0,0,0,0,0.0,0.0,0.0,4.97,2.546,596.4,305.52,-18.15,-9.44,0.0,0.0,0.0,0.0,0.0,0.0,,0.0,0,0,0,0,0,8.0,0.0,106195.99,59823.31,166019.3,0.0,9.46
2026-06-05T00:51:15.545+00:00,166257,996060cc-1738-4269-9a35-58ffa0c7dd73,,10,FAULT,0x04C0,I2C_TIMEOUT|SENSOR_RANGE|SELFTEST,0,0,0,0,0,0,0.0,0.0,0.0,5.023,2.569,602.76,308.28,-17.66,-9.07,0.0,0.0,0.0,0.0,0.0,0.0,,0.0,0,0,0,0,0,8.0,0.0,106273.75,59863.07,166136.82,0.0,3.8
2026-06-05T00:51:15.675+00:00,166387,996060cc-1738-4269-9a35-58ffa0c7dd73,,10,FAULT,0x04C0,I2C_TIMEOUT|SENSOR_RANGE|SELFTEST,0,0,0,0,0,0,0.0,0.0,0.0,4.962,2.538,595.44,304.56,-18.89,-9.44,0.0,0.0,0.0,0.0,0.0,0.0,,0.0,0,0,0,0,0,8.0,0.0,106351.15,59902.67,166253.82,0.0,-9.46
2026-06-05T00:51:15.805+00:00,166516,996060cc-1738-4269-9a35-58ffa0c7dd73,,10,FAULT,0x04C0,I2C_TIMEOUT|SENSOR_RANGE|SELFTEST,0,0,0,0,0,0,0.0,0.0,0.0,5.011,2.569,601.32,308.28,-19.37,-9.93,0.0,0.0,0.0,0.0,0.0,0.0,,0.0,0,0,0,0,0,8.0,0.0,106428.72,59942.43,166371.16,0.0,-3.72
2026-06-05T00:51:15.933+00:00,166645,996060cc-1738-4269-9a35-58ffa0c7dd73,,10,FAULT,0x04C0,I2C_TIMEOUT|SENSOR_RANGE|SELFTEST,0,0,0,0,0,0,0.0,0.0,0.0,4.974,2.55,596.88,306.0,-18.64,-9.56,0.0,0.0,0.0,0.0,0.0,0.0,,0.0,0,0,0,0,0,8.0,0.0,106505.72,59981.91,166487.63,0.0,5.66
2026-06-05T00:51:16.064+00:00,166775,996060cc-1738-4269-9a35-58ffa0c7dd73,,10,FAULT,0x04C0,I2C_TIMEOUT|SENSOR_RANGE|SELFTEST,0,0,0,0,0,0,0.0,0.0,0.0,5.002,2.56,600.24,307.2,-17.42,-9.07,0.0,0.0,0.0,0.0,0.0,0.0,,0.0,0,0,0,0,0,8.0,0.0,106583.75,60021.84,166605.6,0.0,9.38
2026-06-05T00:51:16.192+00:00,166904,996060cc-1738-4269-9a35-58ffa0c7dd73,,10,FAULT,0x04C0,I2C_TIMEOUT|SENSOR_RANGE|SELFTEST,0,0,0,0,0,0,0.0,0.0,0.0,4.994,2.553,599.28,306.36,-18.4,-9.2,0.0,0.0,0.0,0.0,0.0,0.0,,0.0,0,0,0,0,0,8.0,0.0,106661.06,60061.37,166722.43,0.0,-7.6
2026-06-05T00:51:16.323+00:00,167033,996060cc-1738-4269-9a35-58ffa0c7dd73,,10,FAULT,0x04C0,I2C_TIMEOUT|SENSOR_RANGE|SELFTEST,0,0,0,0,0,0,0.0,0.0,0.0,4.994,2.557,599.28,306.84,-19.37,-9.81,0.0,0.0,0.0,0.0,0.0,0.0,,0.0,0,0,0,0,0,8.0,0.0,106738.37,60100.95,166839.31,0.0,-7.52
2026-06-05T00:51:16.453+00:00,167162,996060cc-1738-4269-9a35-58ffa0c7dd73,,10,FAULT,0x04C0,I2C_TIMEOUT|SENSOR_RANGE|SELFTEST,0,0,0,0,0,0,0.0,0.0,0.0,5.009,2.562,601.08,307.44,-19.37,-9.93,0.0,0.0,0.0,0.0,0.0,0.0,,0.0,0,0,0,0,0,8.0,0.0,106815.91,60140.61,166956.51,0.0,0.0
2026-06-05T00:51:16.581+00:00,167292,996060cc-1738-4269-9a35-58ffa0c7dd73,,10,FAULT,0x04C0,I2C_TIMEOUT|SENSOR_RANGE|SELFTEST,0,0,0,0,0,0,0.0,0.0,0.0,4.986,2.552,598.32,306.24,-17.66,-9.32,0.0,0.0,0.0,0.0,0.0,0.0,,0.0,0,0,0,0,0,8.0,0.0,106893.69,60180.42,167074.11,0.0,13.15
2026-06-05T00:51:16.712+00:00,167421,996060cc-1738-4269-9a35-58ffa0c7dd73,,10,FAULT,0x04C0,I2C_TIMEOUT|SENSOR_RANGE|SELFTEST,0,0,0,0,0,0,0.0,0.0,0.0,5.029,2.57,603.48,308.4,-17.66,-9.07,0.0,0.0,0.0,0.0,0.0,0.0,,0.0,0,0,0,0,0,8.0,0.0,106971.54,60220.2,167191.74,0.0,0.0
2026-06-05T00:51:16.842+00:00,167550,996060cc-1738-4269-9a35-58ffa0c7dd73,,10,FAULT,0x04C0,I2C_TIMEOUT|SENSOR_RANGE|SELFTEST,0,0,0,0,0,0,0.0,0.0,0.0,4.959,2.54,595.08,304.8,-18.89,-9.68,0.0,0.0,0.0,0.0,0.0,0.0,,0.0,0,0,0,0,0,8.0,0.0,107048.3,60259.52,167307.82,0.0,-9.53
2026-06-05T00:51:16.970+00:00,167681,996060cc-1738-4269-9a35-58ffa0c7dd73,,10,FAULT,0x04C0,I2C_TIMEOUT|SENSOR_RANGE|SELFTEST,0,0,0,0,0,0,0.0,0.0,0.0,5.018,2.57,602.16,308.4,-19.37,-9.81,0.0,0.0,0.0,0.0,0.0,0.0,,0.0,0,0,0,0,0,8.0,0.0,107127.19,60299.92,167427.11,0.0,-3.66
2026-06-05T00:51:17.100+00:00,167810,996060cc-1738-4269-9a35-58ffa0c7dd73,,10,FAULT,0x04C0,I2C_TIMEOUT|SENSOR_RANGE|SELFTEST,0,0,0,0,0,0,0.0,0.0,0.0,4.969,2.55,596.28,306.0,-18.4,-9.44,0.0,0.0,0.0,0.0,0.0,0.0,,0.0,0,0,0,0,0,8.0,0.0,107204.11,60339.4,167543.5,0.0,7.52
2026-06-05T00:51:17.229+00:00,167939,996060cc-1738-4269-9a35-58ffa0c7dd73,,10,FAULT,0x04C0,I2C_TIMEOUT|SENSOR_RANGE|SELFTEST,0,0,0,0,0,0,0.0,0.0,0.0,5.01,2.568,601.2,308.16,-17.42,-9.07,0.0,0.0,0.0,0.0,0.0,0.0,,0.0,0,0,0,0,0,8.0,0.0,107281.66,60379.15,167660.81,0.0,7.6
2026-06-05T00:51:17.359+00:00,168069,996060cc-1738-4269-9a35-58ffa0c7dd73,,10,FAULT,0x04C0,I2C_TIMEOUT|SENSOR_RANGE|SELFTEST,0,0,0,0,0,0,0.0,0.0,0.0,4.981,2.554,597.72,306.48,-18.4,-9.32,0.0,0.0,0.0,0.0,0.0,0.0,,0.0,0,0,0,0,0,8.0,0.0,107359.36,60418.99,167778.35,0.0,-7.54
2026-06-05T00:51:17.489+00:00,168198,996060cc-1738-4269-9a35-58ffa0c7dd73,,10,FAULT,0x04C0,I2C_TIMEOUT|SENSOR_RANGE|SELFTEST,0,0,0,0,0,0,0.0,0.0,0.0,5.003,2.572,600.36,308.64,-19.37,-9.81,0.0,0.0,0.0,0.0,0.0,0.0,,0.0,0,0,0,0,0,8.0,0.0,107436.81,60458.81,167895.62,0.0,-7.52
2026-06-05T00:51:17.617+00:00,168327,996060cc-1738-4269-9a35-58ffa0c7dd73,,10,FAULT,0x04C0,I2C_TIMEOUT|SENSOR_RANGE|SELFTEST,0,0,0,0,0,0,0.0,0.0,0.0,4.997,2.57,599.64,308.4,-19.13,-9.81,0.0,0.0,0.0,0.0,0.0,0.0,,0.0,0,0,0,0,0,8.0,0.0,107514.16,60498.59,168012.75,0.0,1.86
2026-06-05T00:51:17.748+00:00,168456,996060cc-1738-4269-9a35-58ffa0c7dd73,,10,FAULT,0x04C0,I2C_TIMEOUT|SENSOR_RANGE|SELFTEST,0,0,0,0,0,0,0.0,0.0,0.0,4.992,2.57,599.04,308.4,-17.66,-9.2,0.0,0.0,0.0,0.0,0.0,0.0,,0.0,0,0,0,0,0,8.0,0.0,107591.44,60538.37,168129.81,0.0,11.4
2026-06-05T00:51:17.878+00:00,168586,996060cc-1738-4269-9a35-58ffa0c7dd73,,10,FAULT,0x04C0,I2C_TIMEOUT|SENSOR_RANGE|SELFTEST,0,0,0,0,0,0,0.0,0.0,0.0,5.013,2.579,601.56,309.48,-17.91,-9.2,0.0,0.0,0.0,0.0,0.0,0.0,,0.0,0,0,0,0,0,8.0,0.0,107669.64,60578.6,168248.25,0.0,-1.92
2026-06-05T00:51:18.006+00:00,168715,996060cc-1738-4269-9a35-58ffa0c7dd73,,10,FAULT,0x04C0,I2C_TIMEOUT|SENSOR_RANGE|SELFTEST,0,0,0,0,0,0,0.0,0.0,0.0,4.97,2.561,596.4,307.32,-19.13,-9.68,0.0,0.0,0.0,0.0,0.0,0.0,,0.0,0,0,0,0,0,8.0,0.0,107746.58,60618.25,168364.83,0.0,-9.46
2026-06-05T00:51:18.137+00:00,168844,996060cc-1738-4269-9a35-58ffa0c7dd73,,10,FAULT,0x04C0,I2C_TIMEOUT|SENSOR_RANGE|SELFTEST,0,0,0,0,0,0,0.0,0.0,0.0,5.018,2.59,602.16,310.8,-19.37,-9.81,0.0,0.0,0.0,0.0,0.0,0.0,,0.0,0,0,0,0,0,8.0,0.0,107824.26,60658.34,168482.6,0.0,-1.86
2026-06-05T00:51:18.267+00:00,168974,996060cc-1738-4269-9a35-58ffa0c7dd73,,10,FAULT,0x04C0,I2C_TIMEOUT|SENSOR_RANGE|SELFTEST,0,0,0,0,0,0,0.0,0.0,0.0,4.955,2.556,594.6,306.72,-18.15,-9.44,0.0,0.0,0.0,0.0,0.0,0.0,,0.0,0,0,0,0,0,8.0,0.0,107901.55,60698.22,168599.77,0.0,9.38
2026-06-05T00:51:18.395+00:00,169103,996060cc-1738-4269-9a35-58ffa0c7dd73,,10,FAULT,0x04C0,I2C_TIMEOUT|SENSOR_RANGE|SELFTEST,0,0,0,0,0,0,0.0,0.0,0.0,5.012,2.577,601.44,309.24,-17.66,-9.2,0.0,0.0,0.0,0.0,0.0,0.0,,0.0,0,0,0,0,0,8.0,0.0,107979.14,60738.11,168717.25,0.0,3.8
2026-06-05T00:51:18.526+00:00,169232,996060cc-1738-4269-9a35-58ffa0c7dd73,,10,FAULT,0x04C0,I2C_TIMEOUT|SENSOR_RANGE|SELFTEST,0,0,0,0,0,0,0.0,0.0,0.0,4.963,2.558,595.56,306.96,-18.64,-9.44,0.0,0.0,0.0,0.0,0.0,0.0,,0.0,0,0,0,0,0,8.0,0.0,108055.97,60777.71,168833.67,0.0,-7.6
2026-06-05T00:51:18.656+00:00,169361,996060cc-1738-4269-9a35-58ffa0c7dd73,,10,FAULT,0x04C0,I2C_TIMEOUT|SENSOR_RANGE|SELFTEST,0,0,0,0,0,0,0.0,0.0,0.0,5.0,2.577,600.0,309.24,-19.37,-9.81,0.0,0.0,0.0,0.0,0.0,0.0,,0.0,0,0,0,0,0,8.0,0.0,108133.37,60817.6,168950.97,0.0,-5.66
2026-06-05T00:51:18.785+00:00,169491,996060cc-1738-4269-9a35-58ffa0c7dd73,,10,FAULT,0x04C0,I2C_TIMEOUT|SENSOR_RANGE|SELFTEST,0,0,0,0,0,0,0.0,0.0,0.0,4.977,2.568,597.24,308.16,-18.89,-9.68,0.0,0.0,0.0,0.0,0.0,0.0,,0.0,0,0,0,0,0,8.0,0.0,108211.01,60857.66,169068.67,0.0,3.69
2026-06-05T00:51:18.914+00:00,169620,996060cc-1738-4269-9a35-58ffa0c7dd73,,10,FAULT,0x04C0,I2C_TIMEOUT|SENSOR_RANGE|SELFTEST,0,0,0,0,0,0,0.0,0.0,0.0,4.987,2.569,598.44,308.28,-17.66,-9.2,0.0,0.0,0.0,0.0,0.0,0.0,,0.0,0,0,0,0,0,8.0,0.0,108288.21,60897.43,169185.63,0.0,9.53
2026-06-05T00:51:19.043+00:00,169749,996060cc-1738-4269-9a35-58ffa0c7dd73,,10,FAULT,0x04C0,I2C_TIMEOUT|SENSOR_RANGE|SELFTEST,0,0,0,0,0,0,0.0,0.0,0.0,4.987,2.564,598.44,307.68,-18.15,-9.07,0.0,0.0,0.0,0.0,0.0,0.0,,0.0,0,0,0,0,0,8.0,0.0,108365.41,60937.12,169302.52,0.0,-3.8
2026-06-05T00:51:19.173+00:00,169879,996060cc-1738-4269-9a35-58ffa0c7dd73,,10,FAULT,0x04C0,I2C_TIMEOUT|SENSOR_RANGE|SELFTEST,0,0,0,0,0,0,0.0,0.0,0.0,4.973,2.567,596.76,308.04,-19.37,-9.81,0.0,0.0,0.0,0.0,0.0,0.0,,0.0,0,0,0,0,0,8.0,0.0,108442.99,60977.16,169420.15,0.0,-9.38
2026-06-05T00:51:19.303+00:00,170008,996060cc-1738-4269-9a35-58ffa0c7dd73,,10,FAULT,0x04C0,I2C_TIMEOUT|SENSOR_RANGE|SELFTEST,0,0,0,0,0,0,0.0,0.0,0.0,5.006,2.581,600.72,309.72,-19.37,-9.93,0.0,0.0,0.0,0.0,0.0,0.0,,0.0,0,0,0,0,0,8.0,0.0,108520.48,61017.12,169537.59,0.0,0.0
2026-06-05T00:51:19.432+00:00,170137,996060cc-1738-4269-9a35-58ffa0c7dd73,,10,FAULT,0x04C0,I2C_TIMEOUT|SENSOR_RANGE|SELFTEST,0,0,0,0,0,0,0.0,0.0,0.0,4.966,2.562,595.92,307.44,-18.15,-9.32,0.0,0.0,0.0,0.0,0.0,0.0,,0.0,0,0,0,0,0,8.0,0.0,108597.35,61056.78,169654.13,0.0,9.46
2026-06-05T00:51:19.562+00:00,170266,996060cc-1738-4269-9a35-58ffa0c7dd73,,10,FAULT,0x04C0,I2C_TIMEOUT|SENSOR_RANGE|SELFTEST,0,0,0,0,0,0,0.0,0.0,0.0,5.016,2.578,601.92,309.36,-17.42,-9.2,0.0,0.0,0.0,0.0,0.0,0.0,,0.0,0,0,0,0,0,8.0,0.0,108675.0,61096.68,169771.68,0.0,5.66
2026-06-05T00:51:19.692+00:00,170396,996060cc-1738-4269-9a35-58ffa0c7dd73,,10,FAULT,0x04C0,I2C_TIMEOUT|SENSOR_RANGE|SELFTEST,0,0,0,0,0,0,0.0,0.0,0.0,4.95,2.546,594.0,305.52,-18.89,-9.56,0.0,0.0,0.0,0.0,0.0,0.0,,0.0,0,0,0,0,0,8.0,0.0,108752.22,61136.4,169888.62,0.0,-11.31
2026-06-05T00:51:19.820+00:00,170525,996060cc-1738-4269-9a35-58ffa0c7dd73,,10,FAULT,0x04C0,I2C_TIMEOUT|SENSOR_RANGE|SELFTEST,0,0,0,0,0,0,0.0,0.0,0.0,5.007,2.573,600.84,308.76,-19.37,-9.81,0.0,0.0,0.0,0.0,0.0,0.0,,0.0,0,0,0,0,0,8.0,0.0,108829.73,61176.23,170005.96,0.0,-3.72
2026-06-05T00:51:19.951+00:00,170654,996060cc-1738-4269-9a35-58ffa0c7dd73,,10,FAULT,0x04C0,I2C_TIMEOUT|SENSOR_RANGE|SELFTEST,0,0,0,0,0,0,0.0,0.0,0.0,4.967,2.56,596.04,307.2,-18.89,-9.56,0.0,0.0,0.0,0.0,0.0,0.0,,0.0,0,0,0,0,0,8.0,0.0,108906.62,61215.86,170122.48,0.0,3.72
2026-06-05T00:51:20.079+00:00,170784,996060cc-1738-4269-9a35-58ffa0c7dd73,,10,FAULT,0x04C0,I2C_TIMEOUT|SENSOR_RANGE|SELFTEST,0,0,0,0,0,0,0.0,0.0,0.0,4.994,2.566,599.28,307.92,-17.91,-9.07,0.0,0.0,0.0,0.0,0.0,0.0,,0.0,0,0,0,0,0,8.0,0.0,108984.52,61255.89,170240.41,0.0,7.54
2026-06-05T00:51:20.210+00:00,170913,996060cc-1738-4269-9a35-58ffa0c7dd73,,10,FAULT,0x04C0,I2C_TIMEOUT|SENSOR_RANGE|SELFTEST,0,0,0,0,0,0,0.0,0.0,0.0,4.979,2.557,597.48,306.84,-18.4,-9.2,0.0,0.0,0.0,0.0,0.0,0.0,,0.0,0,0,0,0,0,8.0,0.0,109061.6,61295.47,170357.07,0.0,-3.8
2026-06-05T00:51:20.340+00:00,171042,996060cc-1738-4269-9a35-58ffa0c7dd73,,10,FAULT,0x04C0,I2C_TIMEOUT|SENSOR_RANGE|SELFTEST,0,0,0,0,0,0,0.0,0.0,0.0,4.977,2.566,597.24,307.92,-19.37,-9.81,0.0,0.0,0.0,0.0,0.0,0.0,,0.0,0,0,0,0,0,8.0,0.0,109138.64,61335.19,170473.84,0.0,-7.52
2026-06-05T00:51:20.468+00:00,171171,996060cc-1738-4269-9a35-58ffa0c7dd73,,10,FAULT,0x04C0,I2C_TIMEOUT|SENSOR_RANGE|SELFTEST,0,0,0,0,0,0,0.0,0.0,0.0,4.984,2.575,598.08,309.0,-19.37,-9.81,0.0,0.0,0.0,0.0,0.0,0.0,,0.0,0,0,0,0,0,8.0,0.0,109215.79,61375.05,170590.85,0.0,0.0
2026-06-05T00:51:20.599+00:00,171301,996060cc-1738-4269-9a35-58ffa0c7dd73,,10,FAULT,0x04C0,I2C_TIMEOUT|SENSOR_RANGE|SELFTEST,0,0,0,0,0,0,0.0,0.0,0.0,4.958,2.561,594.96,307.32,-17.91,-9.32,0.0,0.0,0.0,0.0,0.0,0.0,,0.0,0,0,0,0,0,8.0,0.0,109293.14,61415.01,170708.15,0.0,11.23
2026-06-05T00:51:20.729+00:00,171430,996060cc-1738-4269-9a35-58ffa0c7dd73,,10,FAULT,0x04C0,I2C_TIMEOUT|SENSOR_RANGE|SELFTEST,0,0,0,0,0,0,0.0,0.0,0.0,4.994,2.571,599.28,308.52,-17.91,-9.07,0.0,0.0,0.0,0.0,0.0,0.0,,0.0,0,0,0,0,0,8.0,0.0,109370.45,61454.81,170825.25,0.0,0.0
2026-06-05T00:51:20.857+00:00,171559,996060cc-1738-4269-9a35-58ffa0c7dd73,,10,FAULT,0x04C0,I2C_TIMEOUT|SENSOR_RANGE|SELFTEST,0,0,0,0,0,0,0.0,0.0,0.0,4.928,2.54,591.36,304.8,-18.89,-9.68,0.0,0.0,0.0,0.0,0.0,0.0,,0.0,0,0,0,0,0,8.0,0.0,109446.73,61494.12,170940.86,0.0,-7.6
2026-06-05T00:51:20.987+00:00,171689,996060cc-1738-4269-9a35-58ffa0c7dd73,,10,FAULT,0x04C0,I2C_TIMEOUT|SENSOR_RANGE|SELFTEST,0,0,0,0,0,0,0.0,0.0,0.0,4.991,2.577,598.92,309.24,-19.37,-9.93,0.0,0.0,0.0,0.0,0.0,0.0,,0.0,0,0,0,0,0,8.0,0.0,109524.59,61534.33,171058.92,0.0,-3.69
2026-06-05T00:51:21.118+00:00,171819,996060cc-1738-4269-9a35-58ffa0c7dd73,,10,FAULT,0x04C0,I2C_TIMEOUT|SENSOR_RANGE|SELFTEST,0,0,0,0,0,0,0.0,0.0,0.0,4.94,2.547,592.8,305.64,-18.4,-9.44,0.0,0.0,0.0,0.0,0.0,0.0,,0.0,0,0,0,0,0,8.0,0.0,109601.66,61574.06,171175.71,0.0,7.46
2026-06-05T00:51:21.246+00:00,171948,996060cc-1738-4269-9a35-58ffa0c7dd73,,10,FAULT,0x04C0,I2C_TIMEOUT|SENSOR_RANGE|SELFTEST,0,0,0,0,0,0,0.0,0.0,0.0,4.979,2.558,597.48,306.96,-17.91,-9.07,0.0,0.0,0.0,0.0,0.0,0.0,,0.0,0,0,0,0,0,8.0,0.0,109678.73,61613.66,171292.39,0.0,3.8
2026-06-05T00:51:21.376+00:00,172078,996060cc-1738-4269-9a35-58ffa0c7dd73,,10,FAULT,0x04C0,I2C_TIMEOUT|SENSOR_RANGE|SELFTEST,0,0,0,0,0,0,0.0,0.0,0.0,4.949,2.539,593.88,304.68,-18.4,-9.32,0.0,0.0,0.0,0.0,0.0,0.0,,0.0,0,0,0,0,0,8.0,0.0,109755.94,61653.27,171409.2,0.0,-3.77
2026-06-05T00:51:21.504+00:00,172207,996060cc-1738-4269-9a35-58ffa0c7dd73,,10,FAULT,0x04C0,I2C_TIMEOUT|SENSOR_RANGE|SELFTEST,0,0,0,0,0,0,0.0,0.0,0.0,4.973,2.557,596.76,306.84,-19.13,-9.81,0.0,0.0,0.0,0.0,0.0,0.0,,0.0,0,0,0,0,0,8.0,0.0,109832.92,61692.85,171525.76,0.0,-5.66
2026-06-05T00:51:21.635+00:00,172336,996060cc-1738-4269-9a35-58ffa0c7dd73,,10,FAULT,0x04C0,I2C_TIMEOUT|SENSOR_RANGE|SELFTEST,0,0,0,0,0,0,0.0,0.0,0.0,4.967,2.554,596.04,306.48,-19.13,-9.81,0.0,0.0,0.0,0.0,0.0,0.0,,0.0,0,0,0,0,0,8.0,0.0,109909.81,61732.38,171642.19,0.0,0.0
2026-06-05T00:51:21.765+00:00,172465,996060cc-1738-4269-9a35-58ffa0c7dd73,,10,FAULT,0x04C0,I2C_TIMEOUT|SENSOR_RANGE|SELFTEST,0,0,0,0,0,0,0.0,0.0,0.0,4.957,2.543,594.84,305.16,-17.66,-9.2,0.0,0.0,0.0,0.0,0.0,0.0,,0.0,0,0,0,0,0,8.0,0.0,109986.54,61771.75,171758.29,0.0,11.4
2026-06-05T00:51:21.893+00:00,172595,996060cc-1738-4269-9a35-58ffa0c7dd73,,10,FAULT,0x04C0,I2C_TIMEOUT|SENSOR_RANGE|SELFTEST,0,0,0,0,0,0,0.0,0.0,0.0,4.972,2.546,596.64,305.52,-17.91,-9.2,0.0,0.0,0.0,0.0,0.0,0.0,,0.0,0,0,0,0,0,8.0,0.0,110064.1,61811.47,171875.57,0.0,-1.92
2026-06-05T00:51:22.024+00:00,172724,996060cc-1738-4269-9a35-58ffa0c7dd73,,10,FAULT,0x04C0,I2C_TIMEOUT|SENSOR_RANGE|SELFTEST,0,0,0,0,0,0,0.0,0.0,0.0,4.936,2.537,592.32,304.44,-18.89,-9.68,0.0,0.0,0.0,0.0,0.0,0.0,,0.0,0,0,0,0,0,8.0,0.0,110140.51,61850.74,171991.25,0.0,-7.6
2026-06-05T00:51:22.154+00:00,172853,996060cc-1738-4269-9a35-58ffa0c7dd73,,10,FAULT,0x04C0,I2C_TIMEOUT|SENSOR_RANGE|SELFTEST,0,0,0,0,0,0,0.0,0.0,0.0,4.988,2.565,598.56,307.8,-19.37,-9.81,0.0,0.0,0.0,0.0,0.0,0.0,,0.0,0,0,0,0,0,8.0,0.0,110217.73,61890.45,172108.17,0.0,-3.72
2026-06-05T00:51:22.282+00:00,172983,996060cc-1738-4269-9a35-58ffa0c7dd73,,10,FAULT,0x04C0,I2C_TIMEOUT|SENSOR_RANGE|SELFTEST,0,0,0,0,0,0,0.0,0.0,0.0,4.926,2.531,591.12,303.72,-18.4,-9.44,0.0,0.0,0.0,0.0,0.0,0.0,,0.0,0,0,0,0,0,8.0,0.0,110294.57,61929.93,172224.5,0.0,7.46
2026-06-05T00:51:22.413+00:00,173112,996060cc-1738-4269-9a35-58ffa0c7dd73,,10,FAULT,0x04C0,I2C_TIMEOUT|SENSOR_RANGE|SELFTEST,0,0,0,0,0,0,0.0,0.0,0.0,4.979,2.548,597.48,305.76,-17.66,-9.07,0.0,0.0,0.0,0.0,0.0,0.0,,0.0,0,0,0,0,0,8.0,0.0,110371.65,61969.37,172341.02,0.0,5.74
2026-06-05T00:51:22.543+00:00,173241,996060cc-1738-4269-9a35-58ffa0c7dd73,,10,FAULT,0x04C0,I2C_TIMEOUT|SENSOR_RANGE|SELFTEST,0,0,0,0,0,0,0.0,0.0,0.0,4.933,2.529,591.96,303.48,-18.4,-9.44,0.0,0.0,0.0,0.0,0.0,0.0,,0.0,0,0,0,0,0,8.0,0.0,110448.01,62008.52,172456.53,0.0,-5.74
2026-06-05T00:51:22.672+00:00,173370,996060cc-1738-4269-9a35-58ffa0c7dd73,,10,FAULT,0x04C0,I2C_TIMEOUT|SENSOR_RANGE|SELFTEST,0,0,0,0,0,0,0.0,0.0,0.0,4.969,2.551,596.28,306.12,-19.37,-9.81,0.0,0.0,0.0,0.0,0.0,0.0,,0.0,0,0,0,0,0,8.0,0.0,110524.93,62048.01,172572.94,0.0,-7.52
2026-06-05T00:51:22.801+00:00,173500,996060cc-1738-4269-9a35-58ffa0c7dd73,,10,FAULT,0x04C0,I2C_TIMEOUT|SENSOR_RANGE|SELFTEST,0,0,0,0,0,0,0.0,0.0,0.0,4.945,2.537,593.4,304.44,-18.89,-9.68,0.0,0.0,0.0,0.0,0.0,0.0,,0.0,0,0,0,0,0,8.0,0.0,110602.07,62087.59,172689.66,0.0,3.69
2026-06-05T00:51:22.930+00:00,173629,996060cc-1738-4269-9a35-58ffa0c7dd73,,10,FAULT,0x04C0,I2C_TIMEOUT|SENSOR_RANGE|SELFTEST,0,0,0,0,0,0,0.0,0.0,0.0,4.948,2.535,593.76,304.2,-17.66,-9.07,0.0,0.0,0.0,0.0,0.0,0.0,,0.0,0,0,0,0,0,8.0,0.0,110678.67,62126.83,172805.5,0.0,9.53
2026-06-05T00:51:23.060+00:00,173758,996060cc-1738-4269-9a35-58ffa0c7dd73,,10,FAULT,0x04C0,I2C_TIMEOUT|SENSOR_RANGE|SELFTEST,0,0,0,0,0,0,0.0,0.0,0.0,4.946,2.532,593.52,303.84,-18.15,-9.2,0.0,0.0,0.0,0.0,0.0,0.0,,0.0,0,0,0,0,0,8.0,0.0,110755.23,62166.03,172921.26,0.0,-3.8
2026-06-05T00:51:23.190+00:00,173888,996060cc-1738-4269-9a35-58ffa0c7dd73,,10,FAULT,0x04C0,I2C_TIMEOUT|SENSOR_RANGE|SELFTEST,0,0,0,0,0,0,0.0,0.0,0.0,4.928,2.533,591.36,303.96,-19.37,-9.93,0.0,0.0,0.0,0.0,0.0,0.0,,0.0,0,0,0,0,0,8.0,0.0,110832.11,62205.54,173037.65,0.0,-9.38
2026-06-05T00:51:23.319+00:00,174017,996060cc-1738-4269-9a35-58ffa0c7dd73,,10,FAULT,0x04C0,I2C_TIMEOUT|SENSOR_RANGE|SELFTEST,0,0,0,0,0,0,0.0,0.0,0.0,4.956,2.551,594.72,306.12,-19.13,-9.68,0.0,0.0,0.0,0.0,0.0,0.0,,0.0,0,0,0,0,0,8.0,0.0,110908.83,62245.03,173153.86,0.0,1.86
2026-06-05T00:51:23.449+00:00,174146,996060cc-1738-4269-9a35-58ffa0c7dd73,,10,FAULT,0x04C0,I2C_TIMEOUT|SENSOR_RANGE|SELFTEST,0,0,0,0,0,0,0.0,0.0,0.0,4.908,2.52,588.96,302.4,-18.15,-9.2,0.0,0.0,0.0,0.0,0.0,0.0,,0.0,0,0,0,0,0,8.0,0.0,110984.8,62284.04,173268.84,0.0,7.6
2026-06-05T00:51:23.579+00:00,174275,996060cc-1738-4269-9a35-58ffa0c7dd73,,10,FAULT,0x04C0,I2C_TIMEOUT|SENSOR_RANGE|SELFTEST,0,0,0,0,0,0,0.0,0.0,0.0,4.958,2.537,594.96,304.44,-17.91,-9.32,0.0,0.0,0.0,0.0,0.0,0.0,,0.0,0,0,0,0,0,8.0,0.0,111061.55,62323.31,173384.87,0.0,1.86
2026-06-05T00:51:23.708+00:00,174405,996060cc-1738-4269-9a35-58ffa0c7dd73,,10,FAULT,0x04C0,I2C_TIMEOUT|SENSOR_RANGE|SELFTEST,0,0,0,0,0,0,0.0,0.0,0.0,4.881,2.505,585.72,300.6,-18.89,-9.56,0.0,0.0,0.0,0.0,0.0,0.0,,0.0,0,0,0,0,0,8.0,0.0,111137.7,62362.39,173500.09,0.0,-7.54
2026-06-05T00:51:23.838+00:00,174534,996060cc-1738-4269-9a35-58ffa0c7dd73,,10,FAULT,0x04C0,I2C_TIMEOUT|SENSOR_RANGE|SELFTEST,0,0,0,0,0,0,0.0,0.0,0.0,4.933,2.539,591.96,304.68,-19.37,-10.05,0.0,0.0,0.0,0.0,0.0,0.0,,0.0,0,0,0,0,0,8.0,0.0,111214.06,62401.69,173615.75,0.0,-3.72
2026-06-05T00:51:23.968+00:00,174663,996060cc-1738-4269-9a35-58ffa0c7dd73,,10,FAULT,0x04C0,I2C_TIMEOUT|SENSOR_RANGE|SELFTEST,0,0,0,0,0,0,0.0,0.0,0.0,4.89,2.521,586.8,302.52,-18.89,-9.68,0.0,0.0,0.0,0.0,0.0,0.0,,0.0,0,0,0,0,0,8.0,0.0,111289.76,62440.72,173730.48,0.0,3.72
2026-06-05T00:51:24.097+00:00,174793,996060cc-1738-4269-9a35-58ffa0c7dd73,,10,FAULT,0x04C0,I2C_TIMEOUT|SENSOR_RANGE|SELFTEST,0,0,0,0,0,0,0.0,0.0,0.0,4.913,2.528,589.56,303.36,-17.66,-8.83,0.0,0.0,0.0,0.0,0.0,0.0,,0.0,0,0,0,0,0,8.0,0.0,111366.4,62480.16,173846.56,0.0,9.46
2026-06-05T00:51:24.227+00:00,174922,996060cc-1738-4269-9a35-58ffa0c7dd73,,10,FAULT,0x04C0,I2C_TIMEOUT|SENSOR_RANGE|SELFTEST,0,0,0,0,0,0,0.0,0.0,0.0,4.902,2.519,588.24,302.28,-18.4,-9.07,0.0,0.0,0.0,0.0,0.0,0.0,,0.0,0,0,0,0,0,8.0,0.0,111442.28,62519.15,173961.43,0.0,-5.74
2026-06-05T00:51:24.355+00:00,175051,996060cc-1738-4269-9a35-58ffa0c7dd73,,10,FAULT,0x04C0,I2C_TIMEOUT|SENSOR_RANGE|SELFTEST,0,0,0,0,0,0,0.0,0.0,0.0,4.897,2.523,587.64,302.76,-19.37,-10.05,0.0,0.0,0.0,0.0,0.0,0.0,,0.0,0,0,0,0,0,8.0,0.0,111518.09,62558.21,174076.29,0.0,-7.52
2026-06-05T00:51:24.485+00:00,175181,996060cc-1738-4269-9a35-58ffa0c7dd73,,10,FAULT,0x04C0,I2C_TIMEOUT|SENSOR_RANGE|SELFTEST,0,0,0,0,0,0,0.0,0.0,0.0,4.904,2.527,588.48,303.24,-18.89,-9.81,0.0,0.0,0.0,0.0,0.0,0.0,,0.0,0,0,0,0,0,8.0,0.0,111594.59,62597.63,174192.22,0.0,3.69
2026-06-05T00:51:24.616+00:00,175310,996060cc-1738-4269-9a35-58ffa0c7dd73,,10,FAULT,0x04C0,I2C_TIMEOUT|SENSOR_RANGE|SELFTEST,0,0,0,0,0,0,0.0,0.0,0.0,4.886,2.513,586.32,301.56,-17.91,-9.32,0.0,0.0,0.0,0.0,0.0,0.0,,0.0,0,0,0,0,0,8.0,0.0,111670.23,62636.53,174306.75,0.0,7.6
2026-06-05T00:51:24.744+00:00,175439,996060cc-1738-4269-9a35-58ffa0c7dd73,,10,FAULT,0x04C0,I2C_TIMEOUT|SENSOR_RANGE|SELFTEST,0,0,0,0,0,0,0.0,0.0,0.0,4.921,2.533,590.52,303.96,-17.91,-9.2,0.0,0.0,0.0,0.0,0.0,0.0,,0.0,0,0,0,0,0,8.0,0.0,111746.4,62675.74,174422.14,0.0,0.0
2026-06-05T00:51:24.874+00:00,175568,996060cc-1738-4269-9a35-58ffa0c7dd73,,10,FAULT,0x04C0,I2C_TIMEOUT|SENSOR_RANGE|SELFTEST,0,0,0,0,0,0,0.0,0.0,0.0,4.852,2.499,582.24,299.88,-18.64,-9.44,0.0,0.0,0.0,0.0,0.0,0.0,,0.0,0,0,0,0,0,8.0,0.0,111821.51,62714.42,174535.94,0.0,-5.66
2026-06-05T00:51:25.005+00:00,175698,996060cc-1738-4269-9a35-58ffa0c7dd73,,10,FAULT,0x04C0,I2C_TIMEOUT|SENSOR_RANGE|SELFTEST,0,0,0,0,0,0,0.0,0.0,0.0,4.91,2.53,589.2,303.6,-19.37,-9.68,0.0,0.0,0.0,0.0,0.0,0.0,,0.0,0,0,0,0,0,8.0,0.0,111898.11,62753.89,174652.0,0.0,-5.62
2026-06-05T00:51:25.133+00:00,175827,996060cc-1738-4269-9a35-58ffa0c7dd73,,10,FAULT,0x04C0,I2C_TIMEOUT|SENSOR_RANGE|SELFTEST,0,0,0,0,0,0,0.0,0.0,0.0,4.855,2.51,582.6,301.2,-18.64,-9.56,0.0,0.0,0.0,0.0,0.0,0.0,,0.0,0,0,0,0,0,8.0,0.0,111973.26,62792.75,174766.01,0.0,5.66
2026-06-05T00:51:25.263+00:00,175956,996060cc-1738-4269-9a35-58ffa0c7dd73,,10,FAULT,0x04C0,I2C_TIMEOUT|SENSOR_RANGE|SELFTEST,0,0,0,0,0,0,0.0,0.0,0.0,4.894,2.53,587.28,303.6,-17.66,-9.2,0.0,0.0,0.0,0.0,0.0,0.0,,0.0,0,0,0,0,0,8.0,0.0,112049.02,62831.91,174880.93,0.0,7.6
2026-06-05T00:51:25.394+00:00,176087,996060cc-1738-4269-9a35-58ffa0c7dd73,,10,FAULT,0x04C0,I2C_TIMEOUT|SENSOR_RANGE|SELFTEST,0,0,0,0,0,0,0.0,0.0,0.0,4.858,2.509,582.96,301.08,-18.4,-9.56,0.0,0.0,0.0,0.0,0.0,0.0,,0.0,0,0,0,0,0,8.0,0.0,112125.39,62871.35,174996.74,0.0,-5.65
2026-06-05T00:51:25.522+00:00,176216,996060cc-1738-4269-9a35-58ffa0c7dd73,,10,FAULT,0x04C0,I2C_TIMEOUT|SENSOR_RANGE|SELFTEST,0,0,0,0,0,0,0.0,0.0,0.0,4.875,2.523,585.0,302.76,-19.37,-9.81,0.0,0.0,0.0,0.0,0.0,0.0,,0.0,0,0,0,0,0,8.0,0.0,112200.86,62910.41,175111.26,0.0,-7.52
2026-06-05T00:51:25.652+00:00,176345,996060cc-1738-4269-9a35-58ffa0c7dd73,,10,FAULT,0x04C0,I2C_TIMEOUT|SENSOR_RANGE|SELFTEST,0,0,0,0,0,0,0.0,0.0,0.0,4.868,2.522,584.16,302.64,-19.13,-9.68,0.0,0.0,0.0,0.0,0.0,0.0,,0.0,0,0,0,0,0,8.0,0.0,112276.21,62949.45,175225.66,0.0,1.86
2026-06-05T00:51:25.780+00:00,176474,996060cc-1738-4269-9a35-58ffa0c7dd73,,10,FAULT,0x04C0,I2C_TIMEOUT|SENSOR_RANGE|SELFTEST,0,0,0,0,0,0,0.0,0.0,0.0,4.86,2.523,583.2,302.76,-17.91,-9.2,0.0,0.0,0.0,0.0,0.0,0.0,,0.0,0,0,0,0,0,8.0,0.0,112351.44,62988.5,175339.95,0.0,9.46
2026-06-05T00:51:25.911+00:00,176604,996060cc-1738-4269-9a35-58ffa0c7dd73,,10,FAULT,0x04C0,I2C_TIMEOUT|SENSOR_RANGE|SELFTEST,0,0,0,0,0,0,0.0,0.0,0.0,4.875,2.524,585.0,302.88,-17.91,-9.07,0.0,0.0,0.0,0.0,0.0,0.0,,0.0,0,0,0,0,0,8.0,0.0,112427.49,63027.88,175455.37,0.0,0.0
2026-06-05T00:51:26.041+00:00,176733,996060cc-1738-4269-9a35-58ffa0c7dd73,,10,FAULT,0x04C0,I2C_TIMEOUT|SENSOR_RANGE|SELFTEST,0,0,0,0,0,0,0.0,0.0,0.0,4.836,2.506,580.32,300.72,-19.13,-9.68,0.0,0.0,0.0,0.0,0.0,0.0,,0.0,0,0,0,0,0,8.0,0.0,112502.36,63066.67,175569.03,0.0,-9.46
2026-06-05T00:51:26.169+00:00,176862,996060cc-1738-4269-9a35-58ffa0c7dd73,,10,FAULT,0x04C0,I2C_TIMEOUT|SENSOR_RANGE|SELFTEST,0,0,0,0,0,0,0.0,0.0,0.0,4.882,2.534,585.84,304.08,-19.37,-9.81,0.0,0.0,0.0,0.0,0.0,0.0,,0.0,0,0,0,0,0,8.0,0.0,112577.93,63105.9,175683.83,0.0,-1.86
2026-06-05T00:51:26.300+00:00,176992,996060cc-1738-4269-9a35-58ffa0c7dd73,,10,FAULT,0x04C0,I2C_TIMEOUT|SENSOR_RANGE|SELFTEST,0,0,0,0,0,0,0.0,0.0,0.0,4.818,2.498,578.16,299.76,-18.4,-9.44,0.0,0.0,0.0,0.0,0.0,0.0,,0.0,0,0,0,0,0,8.0,0.0,112653.09,63144.87,175797.96,0.0,7.46
2026-06-05T00:51:26.430+00:00,177121,996060cc-1738-4269-9a35-58ffa0c7dd73,,10,FAULT,0x04C0,I2C_TIMEOUT|SENSOR_RANGE|SELFTEST,0,0,0,0,0,0,0.0,0.0,0.0,4.867,2.516,584.04,301.92,-17.66,-9.2,0.0,0.0,0.0,0.0,0.0,0.0,,0.0,0,0,0,0,0,8.0,0.0,112728.43,63183.81,175912.25,0.0,5.74
2026-06-05T00:51:26.559+00:00,177250,996060cc-1738-4269-9a35-58ffa0c7dd73,,10,FAULT,0x04C0,I2C_TIMEOUT|SENSOR_RANGE|SELFTEST,0,0,0,0,0,0,0.0,0.0,0.0,4.817,2.491,578.04,298.92,-18.64,-9.44,0.0,0.0,0.0,0.0,0.0,0.0,,0.0,0,0,0,0,0,8.0,0.0,112803.0,63222.38,176025.37,0.0,-7.6
2026-06-05T00:51:26.688+00:00,177379,996060cc-1738-4269-9a35-58ffa0c7dd73,,10,FAULT,0x04C0,I2C_TIMEOUT|SENSOR_RANGE|SELFTEST,0,0,0,0,0,0,0.0,0.0,0.0,4.854,2.513,582.48,301.56,-19.37,-9.93,0.0,0.0,0.0,0.0,0.0,0.0,,0.0,0,0,0,0,0,8.0,0.0,112878.14,63261.28,176139.42,0.0,-5.66
2026-06-05T00:51:26.819+00:00,177509,996060cc-1738-4269-9a35-58ffa0c7dd73,,10,FAULT,0x04C0,I2C_TIMEOUT|SENSOR_RANGE|SELFTEST,0,0,0,0,0,0,0.0,0.0,0.0,4.831,2.499,579.72,299.88,-18.89,-9.68,0.0,0.0,0.0,0.0,0.0,0.0,,0.0,0,0,0,0,0,8.0,0.0,112953.5,63300.26,176253.76,0.0,3.69
2026-06-05T00:51:26.947+00:00,177638,996060cc-1738-4269-9a35-58ffa0c7dd73,,10,FAULT,0x04C0,I2C_TIMEOUT|SENSOR_RANGE|SELFTEST,0,0,0,0,0,0,0.0,0.0,0.0,4.831,2.503,579.72,300.36,-17.66,-9.2,0.0,0.0,0.0,0.0,0.0,0.0,,0.0,0,0,0,0,0,8.0,0.0,113028.29,63339.01,176367.29,0.0,9.53
2026-06-05T00:51:27.078+00:00,177767,996060cc-1738-4269-9a35-58ffa0c7dd73,,10,FAULT,0x04C0,I2C_TIMEOUT|SENSOR_RANGE|SELFTEST,0,0,0,0,0,0,0.0,0.0,0.0,4.834,2.504,580.08,300.48,-18.15,-9.32,0.0,0.0,0.0,0.0,0.0,0.0,,0.0,0,0,0,0,0,8.0,0.0,113103.12,63377.77,176480.89,0.0,-3.8
2026-06-05T00:51:27.206+00:00,177897,996060cc-1738-4269-9a35-58ffa0c7dd73,,10,FAULT,0x04C0,I2C_TIMEOUT|SENSOR_RANGE|SELFTEST,0,0,0,0,0,0,0.0,0.0,0.0,4.818,2.505,578.16,300.6,-19.37,-9.81,0.0,0.0,0.0,0.0,0.0,0.0,,0.0,0,0,0,0,0,8.0,0.0,113178.28,63416.85,176595.12,0.0,-9.38
2026-06-05T00:51:27.336+00:00,178026,996060cc-1738-4269-9a35-58ffa0c7dd73,,10,FAULT,0x04C0,I2C_TIMEOUT|SENSOR_RANGE|SELFTEST,0,0,0,0,0,0,0.0,0.0,0.0,4.856,2.521,582.72,302.52,-19.37,-9.81,0.0,0.0,0.0,0.0,0.0,0.0,,0.0,0,0,0,0,0,8.0,0.0,113253.45,63455.87,176709.32,0.0,0.0
2026-06-05T00:51:27.467+00:00,178155,996060cc-1738-4269-9a35-58ffa0c7dd73,,10,FAULT,0x04C0,I2C_TIMEOUT|SENSOR_RANGE|SELFTEST,0,0,0,0,0,0,0.0,0.0,0.0,4.811,2.496,577.32,299.52,-18.15,-9.44,0.0,0.0,0.0,0.0,0.0,0.0,,0.0,0,0,0,0,0,8.0,0.0,113327.92,63494.51,176822.43,0.0,9.46
2026-06-05T00:51:27.596+00:00,178285,996060cc-1738-4269-9a35-58ffa0c7dd73,,10,FAULT,0x04C0,I2C_TIMEOUT|SENSOR_RANGE|SELFTEST,0,0,0,0,0,0,0.0,0.0,0.0,4.86,2.511,583.2,301.32,-17.66,-9.2,0.0,0.0,0.0,0.0,0.0,0.0,,0.0,0,0,0,0,0,8.0,0.0,113403.74,63533.68,176937.42,0.0,3.77
2026-06-05T00:51:27.725+00:00,178414,996060cc-1738-4269-9a35-58ffa0c7dd73,,10,FAULT,0x04C0,I2C_TIMEOUT|SENSOR_RANGE|SELFTEST,0,0,0,0,0,0,0.0,0.0,0.0,4.8,2.483,576.0,297.96,-19.13,-9.56,0.0,0.0,0.0,0.0,0.0,0.0,,0.0,0,0,0,0,0,8.0,0.0,113478.04,63572.12,177050.16,0.0,-11.4
2026-06-05T00:51:27.855+00:00,178543,996060cc-1738-4269-9a35-58ffa0c7dd73,,10,FAULT,0x04C0,I2C_TIMEOUT|SENSOR_RANGE|SELFTEST,0,0,0,0,0,0,0.0,0.0,0.0,4.853,2.512,582.36,301.44,-19.37,-9.93,0.0,0.0,0.0,0.0,0.0,0.0,,0.0,0,0,0,0,0,8.0,0.0,113553.17,63611.0,177164.17,0.0,-1.86
2026-06-05T00:51:27.984+00:00,178672,996060cc-1738-4269-9a35-58ffa0c7dd73,,10,FAULT,0x04C0,I2C_TIMEOUT|SENSOR_RANGE|SELFTEST,0,0,0,0,0,0,0.0,0.0,0.0,4.818,2.498,578.16,299.76,-18.64,-9.56,0.0,0.0,0.0,0.0,0.0,0.0,,0.0,0,0,0,0,0,8.0,0.0,113627.75,63649.67,177277.42,0.0,5.66
2026-06-05T00:51:28.114+00:00,178802,996060cc-1738-4269-9a35-58ffa0c7dd73,,10,FAULT,0x04C0,I2C_TIMEOUT|SENSOR_RANGE|SELFTEST,0,0,0,0,0,0,0.0,0.0,0.0,4.846,2.505,581.52,300.6,-17.91,-9.07,0.0,0.0,0.0,0.0,0.0,0.0,,0.0,0,0,0,0,0,8.0,0.0,113703.35,63688.75,177392.1,0.0,5.62
2026-06-05T00:51:28.244+00:00,178931,996060cc-1738-4269-9a35-58ffa0c7dd73,,10,FAULT,0x04C0,I2C_TIMEOUT|SENSOR_RANGE|SELFTEST,0,0,0,0,0,0,0.0,0.0,0.0,4.831,2.486,579.72,298.32,-18.64,-9.32,0.0,0.0,0.0,0.0,0.0,0.0,,0.0,0,0,0,0,0,8.0,0.0,113778.13,63727.24,177505.37,0.0,-5.66
2026-06-05T00:51:28.372+00:00,179060,996060cc-1738-4269-9a35-58ffa0c7dd73,,10,FAULT,0x04C0,I2C_TIMEOUT|SENSOR_RANGE|SELFTEST,0,0,0,0,0,0,0.0,0.0,0.0,4.832,2.495,579.84,299.4,-19.37,-9.81,0.0,0.0,0.0,0.0,0.0,0.0,,0.0,0,0,0,0,0,8.0,0.0,113852.93,63765.86,177618.79,0.0,-5.66
2026-06-05T00:51:28.503+00:00,179190,996060cc-1738-4269-9a35-58ffa0c7dd73,,10,FAULT,0x04C0,I2C_TIMEOUT|SENSOR_RANGE|SELFTEST,0,0,0,0,0,0,0.0,0.0,0.0,4.847,2.501,581.64,300.12,-19.37,-9.81,0.0,0.0,0.0,0.0,0.0,0.0,,0.0,0,0,0,0,0,8.0,0.0,113928.54,63804.87,177733.42,0.0,0.0
2026-06-05T00:51:28.631+00:00,179319,996060cc-1738-4269-9a35-58ffa0c7dd73,,10,FAULT,0x04C0,I2C_TIMEOUT|SENSOR_RANGE|SELFTEST,0,0,0,0,0,0,0.0,0.0,0.0,4.826,2.495,579.12,299.4,-17.91,-9.2,0.0,0.0,0.0,0.0,0.0,0.0,,0.0,0,0,0,0,0,8.0,0.0,114003.25,63843.5,177846.75,0.0,11.32
2026-06-05T00:51:28.761+00:00,179448,996060cc-1738-4269-9a35-58ffa0c7dd73,,10,FAULT,0x04C0,I2C_TIMEOUT|SENSOR_RANGE|SELFTEST,0,0,0,0,0,0,0.0,0.0,0.0,4.861,2.507,583.32,300.84,-17.91,-9.2,0.0,0.0,0.0,0.0,0.0,0.0,,0.0,0,0,0,0,0,8.0,0.0,114078.5,63882.3,177960.8,0.0,0.0
2026-06-05T00:51:28.892+00:00,179577,996060cc-1738-4269-9a35-58ffa0c7dd73,,10,FAULT,0x04C0,I2C_TIMEOUT|SENSOR_RANGE|SELFTEST,0,0,0,0,0,0,0.0,0.0,0.0,4.803,2.482,576.36,297.84,-19.13,-9.68,0.0,0.0,0.0,0.0,0.0,0.0,,0.0,0,0,0,0,0,8.0,0.0,114152.85,63920.73,178073.57,0.0,-9.46
2026-06-05T00:51:29.020+00:00,179707,996060cc-1738-4269-9a35-58ffa0c7dd73,,10,FAULT,0x04C0,I2C_TIMEOUT|SENSOR_RANGE|SELFTEST,0,0,0,0,0,0,0.0,0.0,0.0,4.858,2.51,582.96,301.2,-19.62,-9.93,0.0,0.0,0.0,0.0,0.0,0.0,,0.0,0,0,0,0,0,8.0,0.0,114228.63,63959.88,178188.51,0.0,-3.77
2026-06-05T00:51:29.150+00:00,179836,996060cc-1738-4269-9a35-58ffa0c7dd73,,10,FAULT,0x04C0,I2C_TIMEOUT|SENSOR_RANGE|SELFTEST,0,0,0,0,0,0,0.0,0.0,0.0,4.815,2.486,577.8,298.32,-18.64,-9.56,0.0,0.0,0.0,0.0,0.0,0.0,,0.0,0,0,0,0,0,8.0,0.0,114303.17,63998.36,178301.53,0.0,7.6
2026-06-05T00:51:29.281+00:00,179965,996060cc-1738-4269-9a35-58ffa0c7dd73,,10,FAULT,0x04C0,I2C_TIMEOUT|SENSOR_RANGE|SELFTEST,0,0,0,0,0,0,0.0,0.0,0.0,4.849,2.498,581.88,299.76,-17.66,-9.07,0.0,0.0,0.0,0.0,0.0,0.0,,0.0,0,0,0,0,0,8.0,0.0,114378.23,64037.03,178415.27,0.0,7.6
2026-06-05T00:51:29.409+00:00,180096,996060cc-1738-4269-9a35-58ffa0c7dd73,,10,FAULT,0x04C0,I2C_TIMEOUT|SENSOR_RANGE|SELFTEST,0,0,0,0,0,0,0.0,0.0,0.0,4.823,2.483,578.76,297.96,-18.64,-9.44,0.0,0.0,0.0,0.0,0.0,0.0,,0.0,0,0,0,0,0,8.0,0.0,114454.05,64076.07,178530.12,0.0,-7.48
2026-06-05T00:51:29.539+00:00,180225,996060cc-1738-4269-9a35-58ffa0c7dd73,,10,FAULT,0x04C0,I2C_TIMEOUT|SENSOR_RANGE|SELFTEST,0,0,0,0,0,0,0.0,0.0,0.0,4.841,2.498,580.92,299.76,-19.37,-10.05,0.0,0.0,0.0,0.0,0.0,0.0,,0.0,0,0,0,0,0,8.0,0.0,114528.99,64114.74,178643.72,0.0,-5.66
2026-06-05T00:51:29.670+00:00,180354,996060cc-1738-4269-9a35-58ffa0c7dd73,,10,FAULT,0x04C0,I2C_TIMEOUT|SENSOR_RANGE|SELFTEST,0,0,0,0,0,0,0.0,0.0,0.0,4.838,2.499,580.56,299.88,-19.13,-9.81,0.0,0.0,0.0,0.0,0.0,0.0,,0.0,0,0,0,0,0,8.0,0.0,114603.88,64153.42,178757.3,0.0,1.86
2026-06-05T00:51:29.798+00:00,180483,996060cc-1738-4269-9a35-58ffa0c7dd73,,10,FAULT,0x04C0,I2C_TIMEOUT|SENSOR_RANGE|SELFTEST,0,0,0,0,0,0,0.0,0.0,0.0,4.825,2.487,579.0,298.44,-17.91,-9.2,0.0,0.0,0.0,0.0,0.0,0.0,,0.0,0,0,0,0,0,8.0,0.0,114678.57,64191.92,178870.49,0.0,9.46
2026-06-05T00:51:29.930+00:00,180613,996060cc-1738-4269-9a35-58ffa0c7dd73,,10,FAULT,0x04C0,I2C_TIMEOUT|SENSOR_RANGE|SELFTEST,0,0,0,0,0,0,0.0,0.0,0.0,4.851,2.493,582.12,299.16,-18.4,-9.32,0.0,0.0,0.0,0.0,0.0,0.0,,0.0,0,0,0,0,0,8.0,0.0,114754.25,64230.81,178985.06,0.0,-3.77
2026-06-05T00:51:30.056+00:00,180742,996060cc-1738-4269-9a35-58ffa0c7dd73,,10,FAULT,0x04C0,I2C_TIMEOUT|SENSOR_RANGE|SELFTEST,0,0,0,0,0,0,0.0,0.0,0.0,4.815,2.477,577.8,297.24,-19.37,-9.68,0.0,0.0,0.0,0.0,0.0,0.0,,0.0,0,0,0,0,0,8.0,0.0,114828.78,64269.15,179097.94,0.0,-7.52
2026-06-05T00:51:30.187+00:00,180871,996060cc-1738-4269-9a35-58ffa0c7dd73,,10,FAULT,0x04C0,I2C_TIMEOUT|SENSOR_RANGE|SELFTEST,0,0,0,0,0,0,0.0,0.0,0.0,4.867,2.502,584.04,300.24,-19.37,-9.68,0.0,0.0,0.0,0.0,0.0,0.0,,0.0,0,0,0,0,0,8.0,0.0,114904.12,64307.88,179212.01,0.0,0.0
2026-06-05T00:51:30.317+00:00,181001,996060cc-1738-4269-9a35-58ffa0c7dd73,,10,FAULT,0x04C0,I2C_TIMEOUT|SENSOR_RANGE|SELFTEST,0,0,0,0,0,0,0.0,0.0,0.0,4.805,2.478,576.6,297.36,-18.4,-9.44,0.0,0.0,0.0,0.0,0.0,0.0,,0.0,0,0,0,0,0,8.0,0.0,114979.08,64346.54,179325.62,0.0,7.46
2026-06-05T00:51:30.446+00:00,181130,996060cc-1738-4269-9a35-58ffa0c7dd73,,10,FAULT,0x04C0,I2C_TIMEOUT|SENSOR_RANGE|SELFTEST,0,0,0,0,0,0,0.0,0.0,0.0,4.854,2.495,582.48,299.4,-17.91,-9.2,0.0,0.0,0.0,0.0,0.0,0.0,,0.0,0,0,0,0,0,8.0,0.0,115054.22,64385.16,179439.39,0.0,3.8
2026-06-05T00:51:30.576+00:00,181259,996060cc-1738-4269-9a35-58ffa0c7dd73,,10,FAULT,0x04C0,I2C_TIMEOUT|SENSOR_RANGE|SELFTEST,0,0,0,0,0,0,0.0,0.0,0.0,4.809,2.472,577.08,296.64,-18.89,-9.68,0.0,0.0,0.0,0.0,0.0,0.0,,0.0,0,0,0,0,0,8.0,0.0,115128.67,64423.43,179552.1,0.0,-7.6
2026-06-05T00:51:30.706+00:00,181389,996060cc-1738-4269-9a35-58ffa0c7dd73,,10,FAULT,0x04C0,I2C_TIMEOUT|SENSOR_RANGE|SELFTEST,0,0,0,0,0,0,0.0,0.0,0.0,4.853,2.503,582.36,300.36,-19.37,-9.93,0.0,0.0,0.0,0.0,0.0,0.0,,0.0,0,0,0,0,0,8.0,0.0,115204.37,64462.48,179666.85,0.0,-3.69
2026-06-05T00:51:30.834+00:00,181518,996060cc-1738-4269-9a35-58ffa0c7dd73,,10,FAULT,0x04C0,I2C_TIMEOUT|SENSOR_RANGE|SELFTEST,0,0,0,0,0,0,0.0,0.0,0.0,4.828,2.491,579.36,298.92,-18.89,-9.68,0.0,0.0,0.0,0.0,0.0,0.0,,0.0,0,0,0,0,0,8.0,0.0,115279.11,64501.04,179780.15,0.0,3.72
2026-06-05T00:51:30.965+00:00,181647,996060cc-1738-4269-9a35-58ffa0c7dd73,,10,FAULT,0x04C0,I2C_TIMEOUT|SENSOR_RANGE|SELFTEST,0,0,0,0,0,0,0.0,0.0,0.0,4.839,2.493,580.68,299.16,-17.91,-9.2,0.0,0.0,0.0,0.0,0.0,0.0,,0.0,0,0,0,0,0,8.0,0.0,115354.02,64539.63,179893.65,0.0,7.6
2026-06-05T00:51:31.093+00:00,181776,996060cc-1738-4269-9a35-58ffa0c7dd73,,10,FAULT,0x04C0,I2C_TIMEOUT|SENSOR_RANGE|SELFTEST,0,0,0,0,0,0,0.0,0.0,0.0,4.839,2.489,580.68,298.68,-18.4,-9.44,0.0,0.0,0.0,0.0,0.0,0.0,,0.0,0,0,0,0,0,8.0,0.0,115428.93,64578.16,180007.08,0.0,-3.8
2026-06-05T00:51:31.223+00:00,181906,996060cc-1738-4269-9a35-58ffa0c7dd73,,10,FAULT,0x04C0,I2C_TIMEOUT|SENSOR_RANGE|SELFTEST,0,0,0,0,0,0,0.0,0.0,0.0,4.823,2.49,578.76,298.8,-19.37,-9.81,0.0,0.0,0.0,0.0,0.0,0.0,,0.0,0,0,0,0,0,8.0,0.0,115504.16,64617.0,180121.17,0.0,-7.46
2026-06-05T00:51:31.354+00:00,182035,996060cc-1738-4269-9a35-58ffa0c7dd73,,10,FAULT,0x04C0,I2C_TIMEOUT|SENSOR_RANGE|SELFTEST,0,0,0,0,0,0,0.0,0.0,0.0,4.854,2.501,582.48,300.12,-19.37,-9.93,0.0,0.0,0.0,0.0,0.0,0.0,,0.0,0,0,0,0,0,8.0,0.0,115579.3,64655.72,180235.02,0.0,0.0
2026-06-05T00:51:31.482+00:00,182164,996060cc-1738-4269-9a35-58ffa0c7dd73,,10,FAULT,0x04C0,I2C_TIMEOUT|SENSOR_RANGE|SELFTEST,0,0,0,0,0,0,0.0,0.0,0.0,4.818,2.484,578.16,298.08,-18.15,-9.44,0.0,0.0,0.0,0.0,0.0,0.0,,0.0,0,0,0,0,0,8.0,0.0,115653.89,64694.17,180348.06,0.0,9.46
2026-06-05T00:51:31.612+00:00,182294,996060cc-1738-4269-9a35-58ffa0c7dd73,,10,FAULT,0x04C0,I2C_TIMEOUT|SENSOR_RANGE|SELFTEST,0,0,0,0,0,0,0.0,0.0,0.0,4.865,2.503,583.8,300.36,-18.15,-9.2,0.0,0.0,0.0,0.0,0.0,0.0,,0.0,0,0,0,0,0,8.0,0.0,115729.78,64733.22,180463.0,0.0,0.0
2026-06-05T00:51:31.742+00:00,182423,996060cc-1738-4269-9a35-58ffa0c7dd73,,10,FAULT,0x04C0,I2C_TIMEOUT|SENSOR_RANGE|SELFTEST,0,0,0,0,0,0,0.0,0.0,0.0,4.802,2.477,576.24,297.24,-19.13,-9.68,0.0,0.0,0.0,0.0,0.0,0.0,,0.0,0,0,0,0,0,8.0,0.0,115804.12,64771.56,180575.68,0.0,-7.6
2026-06-05T00:51:31.871+00:00,182552,996060cc-1738-4269-9a35-58ffa0c7dd73,,10,FAULT,0x04C0,I2C_TIMEOUT|SENSOR_RANGE|SELFTEST,0,0,0,0,0,0,0.0,0.0,0.0,4.859,2.507,583.08,300.84,-19.13,-9.81,0.0,0.0,0.0,0.0,0.0,0.0,,0.0,0,0,0,0,0,8.0,0.0,115879.33,64810.37,180689.7,0.0,0.0
2026-06-05T00:51:32.001+00:00,182681,996060cc-1738-4269-9a35-58ffa0c7dd73,,10,FAULT,0x04C0,I2C_TIMEOUT|SENSOR_RANGE|SELFTEST,0,0,0,0,0,0,0.0,0.0,0.0,4.819,2.492,578.28,299.04,-18.64,-9.68,0.0,0.0,0.0,0.0,0.0,0.0,,0.0,0,0,0,0,0,8.0,0.0,115953.93,64848.95,180802.88,0.0,3.8
2026-06-05T00:51:32.131+00:00,182811,996060cc-1738-4269-9a35-58ffa0c7dd73,,10,FAULT,0x04C0,I2C_TIMEOUT|SENSOR_RANGE|SELFTEST,0,0,0,0,0,0,0.0,0.0,0.0,4.853,2.509,582.36,301.08,-17.91,-9.2,0.0,0.0,0.0,0.0,0.0,0.0,,0.0,0,0,0,0,0,8.0,0.0,116029.64,64888.09,180917.72,0.0,5.62
2026-06-05T00:51:32.260+00:00,182940,996060cc-1738-4269-9a35-58ffa0c7dd73,,10,FAULT,0x04C0,I2C_TIMEOUT|SENSOR_RANGE|SELFTEST,0,0,0,0,0,0,0.0,0.0,0.0,4.831,2.498,579.72,299.76,-18.4,-9.32,0.0,0.0,0.0,0.0,0.0,0.0,,0.0,0,0,0,0,0,8.0,0.0,116104.42,64926.76,181031.18,0.0,-3.8
2026-06-05T00:51:32.390+00:00,183069,996060cc-1738-4269-9a35-58ffa0c7dd73,,10,FAULT,0x04C0,I2C_TIMEOUT|SENSOR_RANGE|SELFTEST,0,0,0,0,0,0,0.0,0.0,0.0,4.835,2.505,580.2,300.6,-19.37,-9.81,0.0,0.0,0.0,0.0,0.0,0.0,,0.0,0,0,0,0,0,8.0,0.0,116179.27,64965.53,181144.8,0.0,-7.52
2026-06-05T00:51:32.518+00:00,183199,996060cc-1738-4269-9a35-58ffa0c7dd73,,10,FAULT,0x04C0,I2C_TIMEOUT|SENSOR_RANGE|SELFTEST,0,0,0,0,0,0,0.0,0.0,0.0,4.843,2.511,581.16,301.32,-19.13,-9.68,0.0,0.0,0.0,0.0,0.0,0.0,,0.0,0,0,0,0,0,8.0,0.0,116254.82,65004.71,181259.52,0.0,1.85
2026-06-05T00:51:32.648+00:00,183328,996060cc-1738-4269-9a35-58ffa0c7dd73,,10,FAULT,0x04C0,I2C_TIMEOUT|SENSOR_RANGE|SELFTEST,0,0,0,0,0,0,0.0,0.0,0.0,4.823,2.505,578.76,300.6,-17.91,-9.44,0.0,0.0,0.0,0.0,0.0,0.0,,0.0,0,0,0,0,0,8.0,0.0,116329.48,65043.48,181372.96,0.0,9.46
2026-06-05T00:51:32.779+00:00,183457,996060cc-1738-4269-9a35-58ffa0c7dd73,,10,FAULT,0x04C0,I2C_TIMEOUT|SENSOR_RANGE|SELFTEST,0,0,0,0,0,0,0.0,0.0,0.0,4.856,2.515,582.72,301.8,-17.91,-9.2,0.0,0.0,0.0,0.0,0.0,0.0,,0.0,0,0,0,0,0,8.0,0.0,116404.65,65082.41,181487.06,0.0,0.0
2026-06-05T00:51:32.908+00:00,183586,996060cc-1738-4269-9a35-58ffa0c7dd73,,10,FAULT,0x04C0,I2C_TIMEOUT|SENSOR_RANGE|SELFTEST,0,0,0,0,0,0,0.0,0.0,0.0,4.803,2.492,576.36,299.04,-18.89,-9.68,0.0,0.0,0.0,0.0,0.0,0.0,,0.0,0,0,0,0,0,8.0,0.0,116479.0,65120.99,181599.99,0.0,-7.6
2026-06-05T00:51:33.037+00:00,183716,996060cc-1738-4269-9a35-58ffa0c7dd73,,10,FAULT,0x04C0,I2C_TIMEOUT|SENSOR_RANGE|SELFTEST,0,0,0,0,0,0,0.0,0.0,0.0,4.853,2.519,582.36,302.28,-19.37,-9.81,0.0,0.0,0.0,0.0,0.0,0.0,,0.0,0,0,0,0,0,8.0,0.0,116554.71,65160.29,181714.99,0.0,-3.69
2026-06-05T00:51:33.168+00:00,183845,996060cc-1738-4269-9a35-58ffa0c7dd73,,10,FAULT,0x04C0,I2C_TIMEOUT|SENSOR_RANGE|SELFTEST,0,0,0,0,0,0,0.0,0.0,0.0,4.799,2.493,575.88,299.16,-18.4,-9.44,0.0,0.0,0.0,0.0,0.0,0.0,,0.0,0,0,0,0,0,8.0,0.0,116629.0,65198.88,181827.87,0.0,7.52
2026-06-05T00:51:33.296+00:00,183974,996060cc-1738-4269-9a35-58ffa0c7dd73,,10,FAULT,0x04C0,I2C_TIMEOUT|SENSOR_RANGE|SELFTEST,0,0,0,0,0,0,0.0,0.0,0.0,4.848,2.51,581.76,301.2,-17.91,-9.2,0.0,0.0,0.0,0.0,0.0,0.0,,0.0,0,0,0,0,0,8.0,0.0,116704.04,65237.73,181941.78,0.0,3.8
2026-06-05T00:51:33.427+00:00,184104,996060cc-1738-4269-9a35-58ffa0c7dd73,,10,FAULT,0x04C0,I2C_TIMEOUT|SENSOR_RANGE|SELFTEST,0,0,0,0,0,0,0.0,0.0,0.0,4.808,2.493,576.96,299.16,-18.64,-9.44,0.0,0.0,0.0,0.0,0.0,0.0,,0.0,0,0,0,0,0,8.0,0.0,116779.05,65276.62,182055.67,0.0,-5.62
2026-06-05T00:51:33.557+00:00,184233,996060cc-1738-4269-9a35-58ffa0c7dd73,,10,FAULT,0x04C0,I2C_TIMEOUT|SENSOR_RANGE|SELFTEST,0,0,0,0,0,0,0.0,0.0,0.0,4.847,2.513,581.64,301.56,-19.37,-9.81,0.0,0.0,0.0,0.0,0.0,0.0,,0.0,0,0,0,0,0,8.0,0.0,116854.08,65315.53,182169.6,0.0,-5.66
2026-06-05T00:51:33.685+00:00,184363,996060cc-1738-4269-9a35-58ffa0c7dd73,,10,FAULT,0x04C0,I2C_TIMEOUT|SENSOR_RANGE|SELFTEST,0,0,0,0,0,0,0.0,0.0,0.0,4.831,2.507,579.72,300.84,-18.89,-9.68,0.0,0.0,0.0,0.0,0.0,0.0,,0.0,0,0,0,0,0,8.0,0.0,116929.44,65354.63,182284.08,0.0,3.69
2026-06-05T00:51:33.816+00:00,184492,996060cc-1738-4269-9a35-58ffa0c7dd73,,10,FAULT,0x04C0,I2C_TIMEOUT|SENSOR_RANGE|SELFTEST,0,0,0,0,0,0,0.0,0.0,0.0,4.839,2.508,580.68,300.96,-17.66,-9.2,0.0,0.0,0.0,0.0,0.0,0.0,,0.0,0,0,0,0,0,8.0,0.0,117004.35,65393.46,182397.81,0.0,9.53
2026-06-05T00:51:33.943+00:00,184622,996060cc-1738-4269-9a35-58ffa0c7dd73,,10,FAULT,0x04C0,I2C_TIMEOUT|SENSOR_RANGE|SELFTEST,0,0,0,0,0,0,0.0,0.0,0.0,4.857,2.51,582.84,301.2,-18.15,-9.32,0.0,0.0,0.0,0.0,0.0,0.0,,0.0,0,0,0,0,0,8.0,0.0,117080.12,65432.61,182512.73,0.0,-3.77
2026-06-05T00:51:34.074+00:00,184751,996060cc-1738-4269-9a35-58ffa0c7dd73,,10,FAULT,0x04C0,I2C_TIMEOUT|SENSOR_RANGE|SELFTEST,0,0,0,0,0,0,0.0,0.0,0.0,4.834,2.51,580.08,301.2,-19.62,-9.81,0.0,0.0,0.0,0.0,0.0,0.0,,0.0,0,0,0,0,0,8.0,0.0,117154.95,65471.47,182626.42,0.0,-11.4
2026-06-05T00:51:34.204+00:00,184880,996060cc-1738-4269-9a35-58ffa0c7dd73,,10,FAULT,0x04C0,I2C_TIMEOUT|SENSOR_RANGE|SELFTEST,0,0,0,0,0,0,0.0,0.0,0.0,4.881,2.531,585.72,303.72,-19.37,-9.93,0.0,0.0,0.0,0.0,0.0,0.0,,0.0,0,0,0,0,0,8.0,0.0,117230.51,65510.65,182741.16,0.0,1.94
2026-06-05T00:51:34.332+00:00,185010,996060cc-1738-4269-9a35-58ffa0c7dd73,,10,FAULT,0x04C0,I2C_TIMEOUT|SENSOR_RANGE|SELFTEST,0,0,0,0,0,0,0.0,0.0,0.0,4.835,2.512,580.2,301.44,-18.15,-9.44,0.0,0.0,0.0,0.0,0.0,0.0,,0.0,0,0,0,0,0,8.0,0.0,117305.93,65549.84,182855.77,0.0,9.38
2026-06-05T00:51:34.463+00:00,185139,996060cc-1738-4269-9a35-58ffa0c7dd73,,10,FAULT,0x04C0,I2C_TIMEOUT|SENSOR_RANGE|SELFTEST,0,0,0,0,0,0,0.0,0.0,0.0,4.885,2.529,586.2,303.48,-17.91,-9.2,0.0,0.0,0.0,0.0,0.0,0.0,,0.0,0,0,0,0,0,8.0,0.0,117381.55,65588.99,182970.54,0.0,1.86
2026-06-05T00:51:34.593+00:00,185268,996060cc-1738-4269-9a35-58ffa0c7dd73,,10,FAULT,0x04C0,I2C_TIMEOUT|SENSOR_RANGE|SELFTEST,0,0,0,0,0,0,0.0,0.0,0.0,4.837,2.507,580.44,300.84,-18.64,-9.44,0.0,0.0,0.0,0.0,0.0,0.0,,0.0,0,0,0,0,0,8.0,0.0,117456.43,65627.79,183084.22,0.0,-5.66
2026-06-05T00:51:34.721+00:00,185397,996060cc-1738-4269-9a35-58ffa0c7dd73,,10,FAULT,0x04C0,I2C_TIMEOUT|SENSOR_RANGE|SELFTEST,0,0,0,0,0,0,0.0,0.0,0.0,4.89,2.536,586.8,304.32,-19.62,-9.81,0.0,0.0,0.0,0.0,0.0,0.0,,0.0,0,0,0,0,0,8.0,0.0,117532.13,65667.05,183199.18,0.0,-7.6
2026-06-05T00:51:34.852+00:00,185527,996060cc-1738-4269-9a35-58ffa0c7dd73,,10,FAULT,0x04C0,I2C_TIMEOUT|SENSOR_RANGE|SELFTEST,0,0,0,0,0,0,0.0,0.0,0.0,4.861,2.521,583.32,302.52,-18.64,-9.68,0.0,0.0,0.0,0.0,0.0,0.0,,0.0,0,0,0,0,0,8.0,0.0,117607.96,65706.38,183314.34,0.0,7.54
2026-06-05T00:51:34.982+00:00,185656,996060cc-1738-4269-9a35-58ffa0c7dd73,,10,FAULT,0x04C0,I2C_TIMEOUT|SENSOR_RANGE|SELFTEST,0,0,0,0,0,0,0.0,0.0,0.0,4.89,2.533,586.8,303.96,-17.91,-9.2,0.0,0.0,0.0,0.0,0.0,0.0,,0.0,0,0,0,0,0,8.0,0.0,117683.66,65745.59,183429.25,0.0,5.66
2026-06-05T00:51:35.110+00:00,185785,996060cc-1738-4269-9a35-58ffa0c7dd73,,10,FAULT,0x04C0,I2C_TIMEOUT|SENSOR_RANGE|SELFTEST,0,0,0,0,0,0,0.0,0.0,0.0,4.888,2.526,586.56,303.12,-18.15,-9.44,0.0,0.0,0.0,0.0,0.0,0.0,,0.0,0,0,0,0,0,8.0,0.0,117759.32,65784.69,183544.01,0.0,-1.86
2026-06-05T00:51:35.241+00:00,185915,996060cc-1738-4269-9a35-58ffa0c7dd73,,10,FAULT,0x04C0,I2C_TIMEOUT|SENSOR_RANGE|SELFTEST,0,0,0,0,0,0,0.0,0.0,0.0,4.888,2.538,586.56,304.56,-19.13,-9.81,0.0,0.0,0.0,0.0,0.0,0.0,,0.0,0,0,0,0,0,8.0,0.0,117835.57,65824.28,183659.86,0.0,-7.54
2026-06-05T00:51:35.369+00:00,186044,996060cc-1738-4269-9a35-58ffa0c7dd73,,10,FAULT,0x04C0,I2C_TIMEOUT|SENSOR_RANGE|SELFTEST,0,0,0,0,0,0,0.0,0.0,0.0,4.91,2.549,589.2,305.88,-19.13,-9.81,0.0,0.0,0.0,0.0,0.0,0.0,,0.0,0,0,0,0,0,8.0,0.0,117911.58,65863.74,183775.33,0.0,0.0
2026-06-05T00:51:35.499+00:00,186173,996060cc-1738-4269-9a35-58ffa0c7dd73,,10,FAULT,0x04C0,I2C_TIMEOUT|SENSOR_RANGE|SELFTEST,0,0,0,0,0,0,0.0,0.0,0.0,4.892,2.54,587.04,304.8,-17.91,-9.32,0.0,0.0,0.0,0.0,0.0,0.0,,0.0,0,0,0,0,0,8.0,0.0,117987.31,65903.06,183890.37,0.0,9.46
2026-06-05T00:51:35.629+00:00,186303,996060cc-1738-4269-9a35-58ffa0c7dd73,,10,FAULT,0x04C0,I2C_TIMEOUT|SENSOR_RANGE|SELFTEST,0,0,0,0,0,0,0.0,0.0,0.0,4.934,2.556,592.08,306.72,-17.66,-9.07,0.0,0.0,0.0,0.0,0.0,0.0,,0.0,0,0,0,0,0,8.0,0.0,118064.28,65942.94,184007.22,0.0,1.92
2026-06-05T00:51:35.758+00:00,186432,996060cc-1738-4269-9a35-58ffa0c7dd73,,10,FAULT,0x04C0,I2C_TIMEOUT|SENSOR_RANGE|SELFTEST,0,0,0,0,0,0,0.0,0.0,0.0,4.877,2.533,585.24,303.96,-18.89,-9.68,0.0,0.0,0.0,0.0,0.0,0.0,,0.0,0,0,0,0,0,8.0,0.0,118139.78,65982.15,184121.92,0.0,-9.53
2026-06-05T00:51:35.888+00:00,186561,996060cc-1738-4269-9a35-58ffa0c7dd73,,10,FAULT,0x04C0,I2C_TIMEOUT|SENSOR_RANGE|SELFTEST,0,0,0,0,0,0,0.0,0.0,0.0,4.933,2.56,591.96,307.2,-19.37,-9.93,0.0,0.0,0.0,0.0,0.0,0.0,,0.0,0,0,0,0,0,8.0,0.0,118216.14,66021.78,184237.91,0.0,-3.72
2026-06-05T00:51:36.018+00:00,186690,996060cc-1738-4269-9a35-58ffa0c7dd73,,10,FAULT,0x04C0,I2C_TIMEOUT|SENSOR_RANGE|SELFTEST,0,0,0,0,0,0,0.0,0.0,0.0,4.894,2.54,587.28,304.8,-18.4,-9.56,0.0,0.0,0.0,0.0,0.0,0.0,,0.0,0,0,0,0,0,8.0,0.0,118291.9,66061.1,184352.99,0.0,7.52
2026-06-05T00:51:36.147+00:00,186820,996060cc-1738-4269-9a35-58ffa0c7dd73,,10,FAULT,0x04C0,I2C_TIMEOUT|SENSOR_RANGE|SELFTEST,0,0,0,0,0,0,0.0,0.0,0.0,4.936,2.556,592.32,306.72,-17.91,-9.2,0.0,0.0,0.0,0.0,0.0,0.0,,0.0,0,0,0,0,0,8.0,0.0,118368.9,66100.97,184469.87,0.0,3.77
2026-06-05T00:51:36.277+00:00,186949,996060cc-1738-4269-9a35-58ffa0c7dd73,,10,FAULT,0x04C0,I2C_TIMEOUT|SENSOR_RANGE|SELFTEST,0,0,0,0,0,0,0.0,0.0,0.0,4.914,2.54,589.68,304.8,-18.64,-9.44,0.0,0.0,0.0,0.0,0.0,0.0,,0.0,0,0,0,0,0,8.0,0.0,118444.97,66140.29,184585.26,0.0,-5.66
2026-06-05T00:51:36.407+00:00,187078,996060cc-1738-4269-9a35-58ffa0c7dd73,,10,FAULT,0x04C0,I2C_TIMEOUT|SENSOR_RANGE|SELFTEST,0,0,0,0,0,0,0.0,0.0,0.0,4.935,2.552,592.2,306.24,-19.37,-9.81,0.0,0.0,0.0,0.0,0.0,0.0,,0.0,0,0,0,0,0,8.0,0.0,118521.36,66179.79,184701.16,0.0,-5.66
2026-06-05T00:51:36.536+00:00,187208,996060cc-1738-4269-9a35-58ffa0c7dd73,,10,FAULT,0x04C0,I2C_TIMEOUT|SENSOR_RANGE|SELFTEST,0,0,0,0,0,0,0.0,0.0,0.0,4.941,2.555,592.92,306.6,-19.13,-9.81,0.0,0.0,0.0,0.0,0.0,0.0,,0.0,0,0,0,0,0,8.0,0.0,118598.44,66219.65,184818.09,0.0,1.85
2026-06-05T00:51:36.666+00:00,187337,996060cc-1738-4269-9a35-58ffa0c7dd73,,10,FAULT,0x04C0,I2C_TIMEOUT|SENSOR_RANGE|SELFTEST,0,0,0,0,0,0,0.0,0.0,0.0,4.94,2.555,592.8,306.6,-17.66,-9.2,0.0,0.0,0.0,0.0,0.0,0.0,,0.0,0,0,0,0,0,8.0,0.0,118674.91,66259.2,184934.12,0.0,11.4
2026-06-05T00:51:36.794+00:00,187466,996060cc-1738-4269-9a35-58ffa0c7dd73,,10,FAULT,0x04C0,I2C_TIMEOUT|SENSOR_RANGE|SELFTEST,0,0,0,0,0,0,0.0,0.0,0.0,4.973,2.564,596.76,307.68,-17.91,-9.2,0.0,0.0,0.0,0.0,0.0,0.0,,0.0,0,0,0,0,0,8.0,0.0,118751.89,66298.89,185050.79,0.0,-1.94
2026-06-05T00:51:36.924+00:00,187595,996060cc-1738-4269-9a35-58ffa0c7dd73,,10,FAULT,0x04C0,I2C_TIMEOUT|SENSOR_RANGE|SELFTEST,0,0,0,0,0,0,0.0,0.0,0.0,4.937,2.55,592.44,306.0,-19.13,-9.81,0.0,0.0,0.0,0.0,0.0,0.0,,0.0,0,0,0,0,0,8.0,0.0,118828.32,66338.37,185166.69,0.0,-9.46
2026-06-05T00:51:37.055+00:00,187725,996060cc-1738-4269-9a35-58ffa0c7dd73,,10,FAULT,0x04C0,I2C_TIMEOUT|SENSOR_RANGE|SELFTEST,0,0,0,0,0,0,0.0,0.0,0.0,4.993,2.579,599.16,309.48,-19.37,-9.93,0.0,0.0,0.0,0.0,0.0,0.0,,0.0,0,0,0,0,0,8.0,0.0,118906.21,66378.6,185284.81,0.0,-1.85
2026-06-05T00:51:37.183+00:00,187854,996060cc-1738-4269-9a35-58ffa0c7dd73,,10,FAULT,0x04C0,I2C_TIMEOUT|SENSOR_RANGE|SELFTEST,0,0,0,0,0,0,0.0,0.0,0.0,4.942,2.553,593.04,306.36,-18.15,-9.44,0.0,0.0,0.0,0.0,0.0,0.0,,0.0,0,0,0,0,0,8.0,0.0,118982.71,66418.12,185400.83,0.0,9.46
2026-06-05T00:51:37.314+00:00,187983,996060cc-1738-4269-9a35-58ffa0c7dd73,,10,FAULT,0x04C0,I2C_TIMEOUT|SENSOR_RANGE|SELFTEST,0,0,0,0,0,0,0.0,0.0,0.0,5.0,2.575,600.0,309.0,-17.91,-9.07,0.0,0.0,0.0,0.0,0.0,0.0,,0.0,0,0,0,0,0,8.0,0.0,119060.11,66457.98,185518.09,0.0,1.86
2026-06-05T00:51:37.444+00:00,188113,996060cc-1738-4269-9a35-58ffa0c7dd73,,10,FAULT,0x04C0,I2C_TIMEOUT|SENSOR_RANGE|SELFTEST,0,0,0,0,0,0,0.0,0.0,0.0,4.96,2.551,595.2,306.12,-18.89,-9.56,0.0,0.0,0.0,0.0,0.0,0.0,,0.0,0,0,0,0,0,8.0,0.0,119137.49,66497.78,185635.27,0.0,-7.54
2026-06-05T00:51:37.572+00:00,188242,996060cc-1738-4269-9a35-58ffa0c7dd73,,10,FAULT,0x04C0,I2C_TIMEOUT|SENSOR_RANGE|SELFTEST,0,0,0,0,0,0,0.0,0.0,0.0,5.002,2.58,600.24,309.6,-19.37,-9.81,0.0,0.0,0.0,0.0,0.0,0.0,,0.0,0,0,0,0,0,8.0,0.0,119214.92,66537.71,185752.63,0.0,-3.72
2026-06-05T00:51:37.702+00:00,188371,996060cc-1738-4269-9a35-58ffa0c7dd73,,10,FAULT,0x04C0,I2C_TIMEOUT|SENSOR_RANGE|SELFTEST,0,0,0,0,0,0,0.0,0.0,0.0,4.984,2.572,598.08,308.64,-18.89,-9.68,0.0,0.0,0.0,0.0,0.0,0.0,,0.0,0,0,0,0,0,8.0,0.0,119292.07,66577.53,185869.6,0.0,3.72
2026-06-05T00:51:37.831+00:00,188500,996060cc-1738-4269-9a35-58ffa0c7dd73,,10,FAULT,0x04C0,I2C_TIMEOUT|SENSOR_RANGE|SELFTEST,0,0,0,0,0,0,0.0,0.0,0.0,4.998,2.576,599.76,309.12,-17.66,-9.07,0.0,0.0,0.0,0.0,0.0,0.0,,0.0,0,0,0,0,0,8.0,0.0,119369.44,66617.41,185986.85,0.0,9.53
2026-06-05T00:51:37.961+00:00,188631,996060cc-1738-4269-9a35-58ffa0c7dd73,,10,FAULT,0x04C0,I2C_TIMEOUT|SENSOR_RANGE|SELFTEST,0,0,0,0,0,0,0.0,0.0,0.0,5.001,2.574,600.12,308.88,-17.91,-9.2,0.0,0.0,0.0,0.0,0.0,0.0,,0.0,0,0,0,0,0,8.0,0.0,119448.06,66657.87,186105.93,0.0,-1.91
2026-06-05T00:51:38.091+00:00,188760,996060cc-1738-4269-9a35-58ffa0c7dd73,,10,FAULT,0x04C0,I2C_TIMEOUT|SENSOR_RANGE|SELFTEST,0,0,0,0,0,0,0.0,0.0,0.0,4.985,2.577,598.2,309.24,-19.13,-9.81,0.0,0.0,0.0,0.0,0.0,0.0,,0.0,0,0,0,0,0,8.0,0.0,119525.22,66697.76,186222.99,0.0,-9.46
2026-06-05T00:51:38.219+00:00,188889,996060cc-1738-4269-9a35-58ffa0c7dd73,,10,FAULT,0x04C0,I2C_TIMEOUT|SENSOR_RANGE|SELFTEST,0,0,0,0,0,0,0.0,0.0,0.0,5.018,2.597,602.16,311.64,-19.37,-9.93,0.0,0.0,0.0,0.0,0.0,0.0,,0.0,0,0,0,0,0,8.0,0.0,119602.9,66737.96,186340.87,0.0,-1.86
2026-06-05T00:51:38.350+00:00,189019,996060cc-1738-4269-9a35-58ffa0c7dd73,,10,FAULT,0x04C0,I2C_TIMEOUT|SENSOR_RANGE|SELFTEST,0,0,0,0,0,0,0.0,0.0,0.0,4.98,2.574,597.6,308.88,-18.15,-9.32,0.0,0.0,0.0,0.0,0.0,0.0,,0.0,0,0,0,0,0,8.0,0.0,119680.59,66778.12,186458.71,0.0,9.38
2026-06-05T00:51:38.480+00:00,189148,996060cc-1738-4269-9a35-58ffa0c7dd73,,10,FAULT,0x04C0,I2C_TIMEOUT|SENSOR_RANGE|SELFTEST,0,0,0,0,0,0,0.0,0.0,0.0,5.03,2.592,603.6,311.04,-17.66,-9.07,0.0,0.0,0.0,0.0,0.0,0.0,,0.0,0,0,0,0,0,8.0,0.0,119758.46,66818.24,186576.7,0.0,3.8
2026-06-05T00:51:38.608+00:00,189277,996060cc-1738-4269-9a35-58ffa0c7dd73,,10,FAULT,0x04C0,I2C_TIMEOUT|SENSOR_RANGE|SELFTEST,0,0,0,0,0,0,0.0,0.0,0.0,4.967,2.562,596.04,307.44,-18.89,-9.56,0.0,0.0,0.0,0.0,0.0,0.0,,0.0,0,0,0,0,0,8.0,0.0,119835.34,66857.9,186693.25,0.0,-9.53
2026-06-05T00:51:38.739+00:00,189406,996060cc-1738-4269-9a35-58ffa0c7dd73,,10,FAULT,0x04C0,I2C_TIMEOUT|SENSOR_RANGE|SELFTEST,0,0,0,0,0,0,0.0,0.0,0.0,5.019,2.594,602.28,311.28,-19.37,-9.81,0.0,0.0,0.0,0.0,0.0,0.0,,0.0,0,0,0,0,0,8.0,0.0,119913.04,66898.06,186811.09,0.0,-3.72
2026-06-05T00:51:38.869+00:00,189536,996060cc-1738-4269-9a35-58ffa0c7dd73,,10,FAULT,0x04C0,I2C_TIMEOUT|SENSOR_RANGE|SELFTEST,0,0,0,0,0,0,0.0,0.0,0.0,4.984,2.577,598.08,309.24,-18.64,-9.68,0.0,0.0,0.0,0.0,0.0,0.0,,0.0,0,0,0,0,0,8.0,0.0,119990.79,66938.26,186929.05,0.0,5.62
2026-06-05T00:51:38.997+00:00,189665,996060cc-1738-4269-9a35-58ffa0c7dd73,,10,FAULT,0x04C0,I2C_TIMEOUT|SENSOR_RANGE|SELFTEST,0,0,0,0,0,0,0.0,0.0,0.0,5.02,2.59,602.4,310.8,-17.66,-9.2,0.0,0.0,0.0,0.0,0.0,0.0,,0.0,0,0,0,0,0,8.0,0.0,120068.5,66978.35,187046.85,0.0,7.6
2026-06-05T00:51:39.127+00:00,189794,996060cc-1738-4269-9a35-58ffa0c7dd73,,10,FAULT,0x04C0,I2C_TIMEOUT|SENSOR_RANGE|SELFTEST,0,0,0,0,0,0,0.0,0.0,0.0,5.004,2.581,600.48,309.72,-18.4,-9.44,0.0,0.0,0.0,0.0,0.0,0.0,,0.0,0,0,0,0,0,8.0,0.0,120145.96,67018.3,187164.27,0.0,-5.74
2026-06-05T00:51:39.256+00:00,189924,996060cc-1738-4269-9a35-58ffa0c7dd73,,10,FAULT,0x04C0,I2C_TIMEOUT|SENSOR_RANGE|SELFTEST,0,0,0,0,0,0,0.0,0.0,0.0,5.006,2.587,600.72,310.44,-19.37,-9.93,0.0,0.0,0.0,0.0,0.0,0.0,,0.0,0,0,0,0,0,8.0,0.0,120224.05,67058.66,187282.72,0.0,-7.46
2026-06-05T00:51:39.386+00:00,190053,996060cc-1738-4269-9a35-58ffa0c7dd73,,10,FAULT,0x04C0,I2C_TIMEOUT|SENSOR_RANGE|SELFTEST,0,0,0,0,0,0,0.0,0.0,0.0,5.017,2.592,602.04,311.04,-19.37,-9.81,0.0,0.0,0.0,0.0,0.0,0.0,,0.0,0,0,0,0,0,8.0,0.0,120301.72,67098.79,187400.5,0.0,0.0
2026-06-05T00:51:39.516+00:00,190182,996060cc-1738-4269-9a35-58ffa0c7dd73,,10,FAULT,0x04C0,I2C_TIMEOUT|SENSOR_RANGE|SELFTEST,0,0,0,0,0,0,0.0,0.0,0.0,4.997,2.58,599.64,309.6,-17.66,-9.32,0.0,0.0,0.0,0.0,0.0,0.0,,0.0,0,0,0,0,0,8.0,0.0,120379.07,67138.72,187517.8,0.0,13.26
2026-06-05T00:51:39.646+00:00,190311,996060cc-1738-4269-9a35-58ffa0c7dd73,,10,FAULT,0x04C0,I2C_TIMEOUT|SENSOR_RANGE|SELFTEST,0,0,0,0,0,0,0.0,0.0,0.0,5.035,2.592,604.2,311.04,-17.91,-9.07,0.0,0.0,0.0,0.0,0.0,0.0,,0.0,0,0,0,0,0,8.0,0.0,120457.01,67178.85,187635.86,0.0,-1.94
2026-06-05T00:51:39.775+00:00,190441,996060cc-1738-4269-9a35-58ffa0c7dd73,,10,FAULT,0x04C0,I2C_TIMEOUT|SENSOR_RANGE|SELFTEST,0,0,0,0,0,0,0.0,0.0,0.0,4.975,2.567,597.0,308.04,-19.13,-9.68,0.0,0.0,0.0,0.0,0.0,0.0,,0.0,0,0,0,0,0,8.0,0.0,120534.62,67218.89,187753.52,0.0,-9.38
2026-06-05T00:51:39.905+00:00,190570,996060cc-1738-4269-9a35-58ffa0c7dd73,,10,FAULT,0x04C0,I2C_TIMEOUT|SENSOR_RANGE|SELFTEST,0,0,0,0,0,0,0.0,0.0,0.0,5.034,2.601,604.08,312.12,-19.37,-9.81,0.0,0.0,0.0,0.0,0.0,0.0,,0.0,0,0,0,0,0,8.0,0.0,120612.55,67259.16,187871.71,0.0,-1.86
2026-06-05T00:51:40.034+00:00,190699,996060cc-1738-4269-9a35-58ffa0c7dd73,,10,FAULT,0x04C0,I2C_TIMEOUT|SENSOR_RANGE|SELFTEST,0,0,0,0,0,0,0.0,0.0,0.0,4.98,2.573,597.6,308.76,-18.4,-9.44,0.0,0.0,0.0,0.0,0.0,0.0,,0.0,0,0,0,0,0,8.0,0.0,120689.64,67298.99,187988.63,0.0,7.52
2026-06-05T00:51:40.164+00:00,190829,996060cc-1738-4269-9a35-58ffa0c7dd73,,10,FAULT,0x04C0,I2C_TIMEOUT|SENSOR_RANGE|SELFTEST,0,0,0,0,0,0,0.0,0.0,0.0,5.022,2.59,602.64,310.8,-17.66,-9.2,0.0,0.0,0.0,0.0,0.0,0.0,,0.0,0,0,0,0,0,8.0,0.0,120767.98,67339.39,188107.37,0.0,5.69
2026-06-05T00:51:40.295+00:00,190958,996060cc-1738-4269-9a35-58ffa0c7dd73,,10,FAULT,0x04C0,I2C_TIMEOUT|SENSOR_RANGE|SELFTEST,0,0,0,0,0,0,0.0,0.0,0.0,4.988,2.57,598.56,308.4,-18.64,-9.44,0.0,0.0,0.0,0.0,0.0,0.0,,0.0,0,0,0,0,0,8.0,0.0,120845.2,67379.17,188224.37,0.0,-7.6
2026-06-05T00:51:40.423+00:00,191087,996060cc-1738-4269-9a35-58ffa0c7dd73,,10,FAULT,0x04C0,I2C_TIMEOUT|SENSOR_RANGE|SELFTEST,0,0,0,0,0,0,0.0,0.0,0.0,5.017,2.589,602.04,310.68,-19.37,-10.05,0.0,0.0,0.0,0.0,0.0,0.0,,0.0,0,0,0,0,0,8.0,0.0,120922.86,67419.25,188342.11,0.0,-5.66
2026-06-05T00:51:40.553+00:00,191217,996060cc-1738-4269-9a35-58ffa0c7dd73,,10,FAULT,0x04C0,I2C_TIMEOUT|SENSOR_RANGE|SELFTEST,0,0,0,0,0,0,0.0,0.0,0.0,5.011,2.588,601.32,310.56,-19.13,-9.81,0.0,0.0,0.0,0.0,0.0,0.0,,0.0,0,0,0,0,0,8.0,0.0,121001.03,67459.63,188460.66,0.0,1.85
2026-06-05T00:51:40.684+00:00,191346,996060cc-1738-4269-9a35-58ffa0c7dd73,,10,FAULT,0x04C0,I2C_TIMEOUT|SENSOR_RANGE|SELFTEST,0,0,0,0,0,0,0.0,0.0,0.0,5.004,2.584,600.48,310.08,-17.66,-9.2,0.0,0.0,0.0,0.0,0.0,0.0,,0.0,0,0,0,0,0,8.0,0.0,121078.49,67499.63,188578.12,0.0,11.4
2026-06-05T00:51:40.812+00:00,191475,996060cc-1738-4269-9a35-58ffa0c7dd73,,10,FAULT,0x04C0,I2C_TIMEOUT|SENSOR_RANGE|SELFTEST,0,0,0,0,0,0,0.0,0.0,0.0,5.016,2.583,601.92,309.96,-17.91,-9.2,0.0,0.0,0.0,0.0,0.0,0.0,,0.0,0,0,0,0,0,8.0,0.0,121156.14,67539.61,188695.75,0.0,-1.94
2026-06-05T00:51:40.942+00:00,191605,996060cc-1738-4269-9a35-58ffa0c7dd73,,10,FAULT,0x04C0,I2C_TIMEOUT|SENSOR_RANGE|SELFTEST,0,0,0,0,0,0,0.0,0.0,0.0,4.983,2.575,597.96,309.0,-19.37,-9.68,0.0,0.0,0.0,0.0,0.0,0.0,,0.0,0,0,0,0,0,8.0,0.0,121233.88,67579.78,188813.66,0.0,-11.23
2026-06-05T00:51:41.070+00:00,191734,996060cc-1738-4269-9a35-58ffa0c7dd73,,10,FAULT,0x04C0,I2C_TIMEOUT|SENSOR_RANGE|SELFTEST,0,0,0,0,0,0,0.0,0.0,0.0,5.029,2.599,603.48,311.88,-19.37,-9.93,0.0,0.0,0.0,0.0,0.0,0.0,,0.0,0,0,0,0,0,8.0,0.0,121311.73,67620.01,188931.74,0.0,0.0
2026-06-05T00:51:41.201+00:00,191863,996060cc-1738-4269-9a35-58ffa0c7dd73,,10,FAULT,0x04C0,I2C_TIMEOUT|SENSOR_RANGE|SELFTEST,0,0,0,0,0,0,0.0,0.0,0.0,4.968,2.562,596.16,307.44,-18.4,-9.44,0.0,0.0,0.0,0.0,0.0,0.0,,0.0,0,0,0,0,0,8.0,0.0,121388.63,67659.67,189048.3,0.0,7.52
2026-06-05T00:51:41.331+00:00,191992,996060cc-1738-4269-9a35-58ffa0c7dd73,,10,FAULT,0x04C0,I2C_TIMEOUT|SENSOR_RANGE|SELFTEST,0,0,0,0,0,0,0.0,0.0,0.0,5.025,2.582,603.0,309.84,-17.91,-9.2,0.0,0.0,0.0,0.0,0.0,0.0,,0.0,0,0,0,0,0,8.0,0.0,121466.42,67699.64,189166.06,0.0,3.8
2026-06-05T00:51:41.459+00:00,192122,996060cc-1738-4269-9a35-58ffa0c7dd73,,10,FAULT,0x04C0,I2C_TIMEOUT|SENSOR_RANGE|SELFTEST,0,0,0,0,0,0,0.0,0.0,0.0,4.971,2.554,596.52,306.48,-18.4,-9.56,0.0,0.0,0.0,0.0,0.0,0.0,,0.0,0,0,0,0,0,8.0,0.0,121543.96,67739.48,189283.45,0.0,-3.77
2026-06-05T00:51:41.589+00:00,192251,996060cc-1738-4269-9a35-58ffa0c7dd73,,10,FAULT,0x04C0,I2C_TIMEOUT|SENSOR_RANGE|SELFTEST,0,0,0,0,0,0,0.0,0.0,0.0,5.017,2.588,602.04,310.56,-19.37,-9.93,0.0,0.0,0.0,0.0,0.0,0.0,,0.0,0,0,0,0,0,8.0,0.0,121621.63,67779.55,189401.17,0.0,-7.52
2026-06-05T00:51:41.721+00:00,192380,996060cc-1738-4269-9a35-58ffa0c7dd73,,10,FAULT,0x04C0,I2C_TIMEOUT|SENSOR_RANGE|SELFTEST,0,0,0,0,0,0,0.0,0.0,0.0,4.99,2.578,598.8,309.36,-18.89,-9.68,0.0,0.0,0.0,0.0,0.0,0.0,,0.0,0,0,0,0,0,8.0,0.0,121698.87,67819.45,189518.33,0.0,3.72
2026-06-05T00:51:41.848+00:00,192510,996060cc-1738-4269-9a35-58ffa0c7dd73,,10,FAULT,0x04C0,I2C_TIMEOUT|SENSOR_RANGE|SELFTEST,0,0,0,0,0,0,0.0,0.0,0.0,5.008,2.582,600.96,309.84,-17.91,-9.2,0.0,0.0,0.0,0.0,0.0,0.0,,0.0,0,0,0,0,0,8.0,0.0,121777.0,67859.73,189636.73,0.0,7.54
2026-06-05T00:51:41.978+00:00,192640,996060cc-1738-4269-9a35-58ffa0c7dd73,,10,FAULT,0x04C0,I2C_TIMEOUT|SENSOR_RANGE|SELFTEST,0,0,0,0,0,0,0.0,0.0,0.0,5.003,2.575,600.36,309.0,-18.15,-9.32,0.0,0.0,0.0,0.0,0.0,0.0,,0.0,0,0,0,0,0,8.0,0.0,121855.04,67899.9,189754.95,0.0,-1.85
2026-06-05T00:51:42.107+00:00,192769,996060cc-1738-4269-9a35-58ffa0c7dd73,,10,FAULT,0x04C0,I2C_TIMEOUT|SENSOR_RANGE|SELFTEST,0,0,0,0,0,0,0.0,0.0,0.0,4.998,2.579,599.76,309.48,-19.37,-9.93,0.0,0.0,0.0,0.0,0.0,0.0,,0.0,0,0,0,0,0,8.0,0.0,121932.41,67939.83,189872.24,0.0,-9.46
2026-06-05T00:51:42.237+00:00,192898,996060cc-1738-4269-9a35-58ffa0c7dd73,,10,FAULT,0x04C0,I2C_TIMEOUT|SENSOR_RANGE|SELFTEST,0,0,0,0,0,0,0.0,0.0,0.0,5.024,2.594,602.88,311.28,-19.37,-9.93,0.0,0.0,0.0,0.0,0.0,0.0,,0.0,0,0,0,0,0,8.0,0.0,122010.18,67979.98,189990.17,0.0,0.0
2026-06-05T00:51:42.367+00:00,193028,996060cc-1738-4269-9a35-58ffa0c7dd73,,10,FAULT,0x04C0,I2C_TIMEOUT|SENSOR_RANGE|SELFTEST,0,0,0,0,0,0,0.0,0.0,0.0,4.991,2.575,598.92,309.0,-18.15,-9.32,0.0,0.0,0.0,0.0,0.0,0.0,,0.0,0,0,0,0,0,8.0,0.0,122088.04,68020.15,190108.2,0.0,9.38
2026-06-05T00:51:42.495+00:00,193157,996060cc-1738-4269-9a35-58ffa0c7dd73,,10,FAULT,0x04C0,I2C_TIMEOUT|SENSOR_RANGE|SELFTEST,0,0,0,0,0,0,0.0,0.0,0.0,5.037,2.593,604.44,311.16,-17.42,-9.07,0.0,0.0,0.0,0.0,0.0,0.0,,0.0,0,0,0,0,0,8.0,0.0,122166.02,68060.29,190226.31,0.0,5.66
2026-06-05T00:51:42.626+00:00,193286,996060cc-1738-4269-9a35-58ffa0c7dd73,,10,FAULT,0x04C0,I2C_TIMEOUT|SENSOR_RANGE|SELFTEST,0,0,0,0,0,0,0.0,0.0,0.0,4.97,2.562,596.4,307.44,-18.89,-9.68,0.0,0.0,0.0,0.0,0.0,0.0,,0.0,0,0,0,0,0,8.0,0.0,122242.95,68099.95,190342.9,0.0,-11.4
2026-06-05T00:51:42.756+00:00,193416,996060cc-1738-4269-9a35-58ffa0c7dd73,,10,FAULT,0x04C0,I2C_TIMEOUT|SENSOR_RANGE|SELFTEST,0,0,0,0,0,0,0.0,0.0,0.0,5.026,2.594,603.12,311.28,-19.62,-9.93,0.0,0.0,0.0,0.0,0.0,0.0,,0.0,0,0,0,0,0,8.0,0.0,122321.36,68140.42,190461.78,0.0,-5.62
2026-06-05T00:51:42.884+00:00,193545,996060cc-1738-4269-9a35-58ffa0c7dd73,,10,FAULT,0x04C0,I2C_TIMEOUT|SENSOR_RANGE|SELFTEST,0,0,0,0,0,0,0.0,0.0,0.0,4.98,2.574,597.6,308.88,-18.64,-9.68,0.0,0.0,0.0,0.0,0.0,0.0,,0.0,0,0,0,0,0,8.0,0.0,122398.45,68180.26,190578.71,0.0,7.6
2026-06-05T00:51:43.015+00:00,193674,996060cc-1738-4269-9a35-58ffa0c7dd73,,10,FAULT,0x04C0,I2C_TIMEOUT|SENSOR_RANGE|SELFTEST,0,0,0,0,0,0,0.0,0.0,0.0,5.017,2.587,602.04,310.44,-17.66,-9.2,0.0,0.0,0.0,0.0,0.0,0.0,,0.0,0,0,0,0,0,8.0,0.0,122476.11,68220.31,190696.42,0.0,7.6
2026-06-05T00:51:43.145+00:00,193803,996060cc-1738-4269-9a35-58ffa0c7dd73,,10,FAULT,0x04C0,I2C_TIMEOUT|SENSOR_RANGE|SELFTEST,0,0,0,0,0,0,0.0,0.0,0.0,4.995,2.574,599.4,308.88,-18.4,-9.44,0.0,0.0,0.0,0.0,0.0,0.0,,0.0,0,0,0,0,0,8.0,0.0,122553.43,68260.15,190813.59,0.0,-5.74
2026-06-05T00:51:43.273+00:00,193933,996060cc-1738-4269-9a35-58ffa0c7dd73,,10,FAULT,0x04C0,I2C_TIMEOUT|SENSOR_RANGE|SELFTEST,0,0,0,0,0,0,0.0,0.0,0.0,5.003,2.58,600.36,309.6,-19.37,-9.93,0.0,0.0,0.0,0.0,0.0,0.0,,0.0,0,0,0,0,0,8.0,0.0,122631.48,68300.4,190931.88,0.0,-7.46
2026-06-05T00:51:43.404+00:00,194062,996060cc-1738-4269-9a35-58ffa0c7dd73,,10,FAULT,0x04C0,I2C_TIMEOUT|SENSOR_RANGE|SELFTEST,0,0,0,0,0,0,0.0,0.0,0.0,5.007,2.582,600.84,309.84,-19.37,-9.81,0.0,0.0,0.0,0.0,0.0,0.0,,0.0,0,0,0,0,0,8.0,0.0,122708.99,68340.37,191049.36,0.0,0.0
2026-06-05T00:51:43.532+00:00,194191,996060cc-1738-4269-9a35-58ffa0c7dd73,,10,FAULT,0x04C0,I2C_TIMEOUT|SENSOR_RANGE|SELFTEST,0,0,0,0,0,0,0.0,0.0,0.0,4.999,2.575,599.88,309.0,-17.66,-9.2,0.0,0.0,0.0,0.0,0.0,0.0,,0.0,0,0,0,0,0,8.0,0.0,122786.37,68380.23,191166.61,0.0,13.26
2026-06-05T00:51:43.662+00:00,194321,996060cc-1738-4269-9a35-58ffa0c7dd73,,10,FAULT,0x04C0,I2C_TIMEOUT|SENSOR_RANGE|SELFTEST,0,0,0,0,0,0,0.0,0.0,0.0,5.028,2.584,603.36,310.08,-17.91,-9.07,0.0,0.0,0.0,0.0,0.0,0.0,,0.0,0,0,0,0,0,8.0,0.0,122864.81,68420.54,191285.35,0.0,-1.92
2026-06-05T00:51:43.792+00:00,194450,996060cc-1738-4269-9a35-58ffa0c7dd73,,10,FAULT,0x04C0,I2C_TIMEOUT|SENSOR_RANGE|SELFTEST,0,0,0,0,0,0,0.0,0.0,0.0,4.972,2.56,596.64,307.2,-19.13,-9.68,0.0,0.0,0.0,0.0,0.0,0.0,,0.0,0,0,0,0,0,8.0,0.0,122941.78,68460.17,191401.95,0.0,-9.46
2026-06-05T00:51:43.921+00:00,194579,996060cc-1738-4269-9a35-58ffa0c7dd73,,10,FAULT,0x04C0,I2C_TIMEOUT|SENSOR_RANGE|SELFTEST,0,0,0,0,0,0,0.0,0.0,0.0,5.028,2.594,603.36,311.28,-19.37,-9.93,0.0,0.0,0.0,0.0,0.0,0.0,,0.0,0,0,0,0,0,8.0,0.0,123019.61,68500.33,191519.94,0.0,-1.86
2026-06-05T00:51:44.051+00:00,194709,996060cc-1738-4269-9a35-58ffa0c7dd73,,10,FAULT,0x04C0,I2C_TIMEOUT|SENSOR_RANGE|SELFTEST,0,0,0,0,0,0,0.0,0.0,0.0,4.972,2.563,596.64,307.56,-18.4,-9.56,0.0,0.0,0.0,0.0,0.0,0.0,,0.0,0,0,0,0,0,8.0,0.0,123097.17,68540.31,191637.48,0.0,7.46
2026-06-05T00:51:44.181+00:00,194838,996060cc-1738-4269-9a35-58ffa0c7dd73,,10,FAULT,0x04C0,I2C_TIMEOUT|SENSOR_RANGE|SELFTEST,0,0,0,0,0,0,0.0,0.0,0.0,5.019,2.579,602.28,309.48,-17.66,-9.07,0.0,0.0,0.0,0.0,0.0,0.0,,0.0,0,0,0,0,0,8.0,0.0,123174.87,68580.23,191755.1,0.0,5.74
2026-06-05T00:51:44.310+00:00,194967,996060cc-1738-4269-9a35-58ffa0c7dd73,,10,FAULT,0x04C0,I2C_TIMEOUT|SENSOR_RANGE|SELFTEST,0,0,0,0,0,0,0.0,0.0,0.0,4.98,2.558,597.6,306.96,-18.64,-9.56,0.0,0.0,0.0,0.0,0.0,0.0,,0.0,0,0,0,0,0,8.0,0.0,123251.96,68619.83,191871.79,0.0,-7.6
2026-06-05T00:51:44.440+00:00,195096,996060cc-1738-4269-9a35-58ffa0c7dd73,,10,FAULT,0x04C0,I2C_TIMEOUT|SENSOR_RANGE|SELFTEST,0,0,0,0,0,0,0.0,0.0,0.0,5.012,2.579,601.44,309.48,-19.37,-9.93,0.0,0.0,0.0,0.0,0.0,0.0,,0.0,0,0,0,0,0,8.0,0.0,123329.54,68659.75,191989.3,0.0,-5.66
2026-06-05T00:51:44.570+00:00,195226,996060cc-1738-4269-9a35-58ffa0c7dd73,,10,FAULT,0x04C0,I2C_TIMEOUT|SENSOR_RANGE|SELFTEST,0,0,0,0,0,0,0.0,0.0,0.0,4.998,2.575,599.76,309.0,-19.13,-9.68,0.0,0.0,0.0,0.0,0.0,0.0,,0.0,0,0,0,0,0,8.0,0.0,123407.51,68699.92,192107.44,0.0,1.85
2026-06-05T00:51:44.699+00:00,195355,996060cc-1738-4269-9a35-58ffa0c7dd73,,10,FAULT,0x04C0,I2C_TIMEOUT|SENSOR_RANGE|SELFTEST,0,0,0,0,0,0,0.0,0.0,0.0,4.998,2.577,599.76,309.24,-17.91,-9.2,0.0,0.0,0.0,0.0,0.0,0.0,,0.0,0,0,0,0,0,8.0,0.0,123484.88,68739.82,192224.7,0.0,9.46
2026-06-05T00:51:44.829+00:00,195484,996060cc-1738-4269-9a35-58ffa0c7dd73,,10,FAULT,0x04C0,I2C_TIMEOUT|SENSOR_RANGE|SELFTEST,0,0,0,0,0,0,0.0,0.0,0.0,5.009,2.574,601.08,308.88,-18.4,-9.44,0.0,0.0,0.0,0.0,0.0,0.0,,0.0,0,0,0,0,0,8.0,0.0,123562.42,68779.66,192342.08,0.0,-3.8
2026-06-05T00:51:44.957+00:00,195614,996060cc-1738-4269-9a35-58ffa0c7dd73,,10,FAULT,0x04C0,I2C_TIMEOUT|SENSOR_RANGE|SELFTEST,0,0,0,0,0,0,0.0,0.0,0.0,4.982,2.565,597.84,307.8,-19.37,-9.81,0.0,0.0,0.0,0.0,0.0,0.0,,0.0,0,0,0,0,0,8.0,0.0,123640.14,68819.68,192459.82,0.0,-7.46
2026-06-05T00:51:45.088+00:00,195743,996060cc-1738-4269-9a35-58ffa0c7dd73,,10,FAULT,0x04C0,I2C_TIMEOUT|SENSOR_RANGE|SELFTEST,0,0,0,0,0,0,0.0,0.0,0.0,5.025,2.592,603.0,311.04,-19.62,-9.93,0.0,0.0,0.0,0.0,0.0,0.0,,0.0,0,0,0,0,0,8.0,0.0,123717.93,68859.8,192577.73,0.0,-1.94
2026-06-05T00:51:45.218+00:00,195872,996060cc-1738-4269-9a35-58ffa0c7dd73,,10,FAULT,0x04C0,I2C_TIMEOUT|SENSOR_RANGE|SELFTEST,0,0,0,0,0,0,0.0,0.0,0.0,4.972,2.566,596.64,307.92,-18.15,-9.44,0.0,0.0,0.0,0.0,0.0,0.0,,0.0,0,0,0,0,0,8.0,0.0,123794.89,68899.52,192694.42,0.0,11.4
2026-06-05T00:51:45.346+00:00,196001,996060cc-1738-4269-9a35-58ffa0c7dd73,,10,FAULT,0x04C0,I2C_TIMEOUT|SENSOR_RANGE|SELFTEST,0,0,0,0,0,0,0.0,0.0,0.0,5.021,2.58,602.52,309.6,-17.66,-9.07,0.0,0.0,0.0,0.0,0.0,0.0,,0.0,0,0,0,0,0,8.0,0.0,123872.62,68939.46,192812.08,0.0,3.8
2026-06-05T00:51:45.476+00:00,196131,996060cc-1738-4269-9a35-58ffa0c7dd73,,10,FAULT,0x04C0,I2C_TIMEOUT|SENSOR_RANGE|SELFTEST,0,0,0,0,0,0,0.0,0.0,0.0,4.969,2.561,596.28,307.32,-18.89,-9.56,0.0,0.0,0.0,0.0,0.0,0.0,,0.0,0,0,0,0,0,8.0,0.0,123950.14,68979.41,192929.55,0.0,-9.46
2026-06-05T00:51:45.607+00:00,196260,996060cc-1738-4269-9a35-58ffa0c7dd73,,10,FAULT,0x04C0,I2C_TIMEOUT|SENSOR_RANGE|SELFTEST,0,0,0,0,0,0,0.0,0.0,0.0,5.016,2.59,601.92,310.8,-19.62,-9.81,0.0,0.0,0.0,0.0,0.0,0.0,,0.0,0,0,0,0,0,8.0,0.0,124027.78,69019.5,193047.29,0.0,-5.66
2026-06-05T00:51:45.735+00:00,196389,996060cc-1738-4269-9a35-58ffa0c7dd73,,10,FAULT,0x04C0,I2C_TIMEOUT|SENSOR_RANGE|SELFTEST,0,0,0,0,0,0,0.0,0.0,0.0,4.984,2.578,598.08,309.36,-19.13,-9.81,0.0,0.0,0.0,0.0,0.0,0.0,,0.0,0,0,0,0,0,8.0,0.0,124104.94,69059.41,193164.35,0.0,3.8
2026-06-05T00:51:45.865+00:00,196519,996060cc-1738-4269-9a35-58ffa0c7dd73,,10,FAULT,0x04C0,I2C_TIMEOUT|SENSOR_RANGE|SELFTEST,0,0,0,0,0,0,0.0,0.0,0.0,5.003,2.579,600.36,309.48,-17.66,-9.2,0.0,0.0,0.0,0.0,0.0,0.0,,0.0,0,0,0,0,0,8.0,0.0,124182.98,69099.64,193282.63,0.0,11.31
2026-06-05T00:51:45.996+00:00,196648,996060cc-1738-4269-9a35-58ffa0c7dd73,,10,FAULT,0x04C0,I2C_TIMEOUT|SENSOR_RANGE|SELFTEST,0,0,0,0,0,0,0.0,0.0,0.0,5.0,2.572,600.0,308.64,-18.64,-9.44,0.0,0.0,0.0,0.0,0.0,0.0,,0.0,0,0,0,0,0,8.0,0.0,124260.38,69139.46,193399.84,0.0,-7.6
2026-06-05T00:51:46.124+00:00,196777,996060cc-1738-4269-9a35-58ffa0c7dd73,,10,FAULT,0x04C0,I2C_TIMEOUT|SENSOR_RANGE|SELFTEST,0,0,0,0,0,0,0.0,0.0,0.0,4.985,2.575,598.2,309.0,-19.62,-9.93,0.0,0.0,0.0,0.0,0.0,0.0,,0.0,0,0,0,0,0,8.0,0.0,124337.55,69179.32,193516.87,0.0,-7.6
2026-06-05T00:51:46.254+00:00,196907,996060cc-1738-4269-9a35-58ffa0c7dd73,,10,FAULT,0x04C0,I2C_TIMEOUT|SENSOR_RANGE|SELFTEST,0,0,0,0,0,0,0.0,0.0,0.0,5.013,2.592,601.56,311.04,-19.62,-9.93,0.0,0.0,0.0,0.0,0.0,0.0,,0.0,0,0,0,0,0,8.0,0.0,124415.75,69219.76,193635.51,0.0,0.0
2026-06-05T00:51:46.383+00:00,197037,996060cc-1738-4269-9a35-58ffa0c7dd73,,10,FAULT,0x04C0,I2C_TIMEOUT|SENSOR_RANGE|SELFTEST,0,0,0,0,0,0,0.0,0.0,0.0,4.975,2.575,597.0,309.0,-17.91,-9.32,0.0,0.0,0.0,0.0,0.0,0.0,,0.0,0,0,0,0,0,8.0,0.0,124493.36,69259.93,193753.29,0.0,13.15
2026-06-05T00:51:46.513+00:00,197166,996060cc-1738-4269-9a35-58ffa0c7dd73,,10,FAULT,0x04C0,I2C_TIMEOUT|SENSOR_RANGE|SELFTEST,0,0,0,0,0,0,0.0,0.0,0.0,5.02,2.59,602.4,310.8,-17.91,-9.2,0.0,0.0,0.0,0.0,0.0,0.0,,0.0,0,0,0,0,0,8.0,0.0,124571.07,69300.02,193871.09,0.0,0.0
2026-06-05T00:51:46.643+00:00,197295,996060cc-1738-4269-9a35-58ffa0c7dd73,,10,FAULT,0x04C0,I2C_TIMEOUT|SENSOR_RANGE|SELFTEST,0,0,0,0,0,0,0.0,0.0,0.0,4.957,2.559,594.84,307.08,-19.37,-9.68,0.0,0.0,0.0,0.0,0.0,0.0,,0.0,0,0,0,0,0,8.0,0.0,124647.81,69339.63,193987.44,0.0,-11.32
2026-06-05T00:51:46.771+00:00,197425,996060cc-1738-4269-9a35-58ffa0c7dd73,,10,FAULT,0x04C0,I2C_TIMEOUT|SENSOR_RANGE|SELFTEST,0,0,0,0,0,0,0.0,0.0,0.0,5.012,2.589,601.44,310.68,-19.62,-10.05,0.0,0.0,0.0,0.0,0.0,0.0,,0.0,0,0,0,0,0,8.0,0.0,124725.99,69380.02,194106.01,0.0,-1.92
2026-06-05T00:51:46.902+00:00,197554,996060cc-1738-4269-9a35-58ffa0c7dd73,,10,FAULT,0x04C0,I2C_TIMEOUT|SENSOR_RANGE|SELFTEST,0,0,0,0,0,0,0.0,0.0,0.0,4.964,2.567,595.68,308.04,-18.64,-9.68,0.0,0.0,0.0,0.0,0.0,0.0,,0.0,0,0,0,0,0,8.0,0.0,124802.84,69419.76,194222.59,0.0,7.6
2026-06-05T00:51:47.032+00:00,197683,996060cc-1738-4269-9a35-58ffa0c7dd73,,10,FAULT,0x04C0,I2C_TIMEOUT|SENSOR_RANGE|SELFTEST,0,0,0,0,0,0,0.0,0.0,0.0,5.001,2.581,600.12,309.72,-17.66,-9.32,0.0,0.0,0.0,0.0,0.0,0.0,,0.0,0,0,0,0,0,8.0,0.0,124880.25,69459.71,194339.96,0.0,7.6
2026-06-05T00:51:47.160+00:00,197813,996060cc-1738-4269-9a35-58ffa0c7dd73,,10,FAULT,0x04C0,I2C_TIMEOUT|SENSOR_RANGE|SELFTEST,0,0,0,0,0,0,0.0,0.0,0.0,4.98,2.569,597.6,308.28,-18.4,-9.44,0.0,0.0,0.0,0.0,0.0,0.0,,0.0,0,0,0,0,0,8.0,0.0,124957.94,69499.79,194457.73,0.0,-5.69
2026-06-05T00:51:47.291+00:00,197942,996060cc-1738-4269-9a35-58ffa0c7dd73,,10,FAULT,0x04C0,I2C_TIMEOUT|SENSOR_RANGE|SELFTEST,0,0,0,0,0,0,0.0,0.0,0.0,4.994,2.583,599.28,309.96,-19.86,-9.93,0.0,0.0,0.0,0.0,0.0,0.0,,0.0,0,0,0,0,0,8.0,0.0,125035.25,69539.77,194575.02,0.0,-11.32
2026-06-05T00:51:47.421+00:00,198071,996060cc-1738-4269-9a35-58ffa0c7dd73,,10,FAULT,0x04C0,I2C_TIMEOUT|SENSOR_RANGE|SELFTEST,0,0,0,0,0,0,0.0,0.0,0.0,4.995,2.583,599.4,309.96,-19.37,-9.81,0.0,0.0,0.0,0.0,0.0,0.0,,0.0,0,0,0,0,0,8.0,0.0,125112.57,69579.76,194692.33,0.0,3.8
2026-06-05T00:51:47.549+00:00,198200,996060cc-1738-4269-9a35-58ffa0c7dd73,,10,FAULT,0x04C0,I2C_TIMEOUT|SENSOR_RANGE|SELFTEST,0,0,0,0,0,0,0.0,0.0,0.0,4.978,2.575,597.36,309.0,-17.66,-9.2,0.0,0.0,0.0,0.0,0.0,0.0,,0.0,0,0,0,0,0,8.0,0.0,125189.63,69619.62,194809.25,0.0,13.26
2026-06-05T00:51:47.679+00:00,198330,996060cc-1738-4269-9a35-58ffa0c7dd73,,10,FAULT,0x04C0,I2C_TIMEOUT|SENSOR_RANGE|SELFTEST,0,0,0,0,0,0,0.0,0.0,0.0,5.013,2.585,601.56,310.2,-17.91,-9.2,0.0,0.0,0.0,0.0,0.0,0.0,,0.0,0,0,0,0,0,8.0,0.0,125267.83,69659.94,194927.78,0.0,-1.92
2026-06-05T00:51:47.808+00:00,198459,996060cc-1738-4269-9a35-58ffa0c7dd73,,10,FAULT,0x04C0,I2C_TIMEOUT|SENSOR_RANGE|SELFTEST,0,0,0,0,0,0,0.0,0.0,0.0,4.959,2.566,595.08,307.92,-19.13,-9.68,0.0,0.0,0.0,0.0,0.0,0.0,,0.0,0,0,0,0,0,8.0,0.0,125344.6,69699.67,195044.26,0.0,-9.46
2026-06-05T00:51:47.938+00:00,198588,996060cc-1738-4269-9a35-58ffa0c7dd73,,10,FAULT,0x04C0,I2C_TIMEOUT|SENSOR_RANGE|SELFTEST,0,0,0,0,0,0,0.0,0.0,0.0,5.009,2.596,601.08,311.52,-19.37,-9.93,0.0,0.0,0.0,0.0,0.0,0.0,,0.0,0,0,0,0,0,8.0,0.0,125422.14,69739.85,195161.99,0.0,-1.86
2026-06-05T00:51:48.069+00:00,198718,996060cc-1738-4269-9a35-58ffa0c7dd73,,10,FAULT,0x04C0,I2C_TIMEOUT|SENSOR_RANGE|SELFTEST,0,0,0,0,0,0,0.0,0.0,0.0,4.949,2.568,593.88,308.16,-18.4,-9.44,0.0,0.0,0.0,0.0,0.0,0.0,,0.0,0,0,0,0,0,8.0,0.0,125499.34,69779.91,195279.25,0.0,7.46
2026-06-05T00:51:48.197+00:00,198847,996060cc-1738-4269-9a35-58ffa0c7dd73,,10,FAULT,0x04C0,I2C_TIMEOUT|SENSOR_RANGE|SELFTEST,0,0,0,0,0,0,0.0,0.0,0.0,5.004,2.585,600.48,310.2,-17.66,-9.2,0.0,0.0,0.0,0.0,0.0,0.0,,0.0,0,0,0,0,0,8.0,0.0,125576.8,69819.93,195396.73,0.0,5.74
2026-06-05T00:51:48.327+00:00,198976,996060cc-1738-4269-9a35-58ffa0c7dd73,,10,FAULT,0x04C0,I2C_TIMEOUT|SENSOR_RANGE|SELFTEST,0,0,0,0,0,0,0.0,0.0,0.0,4.96,2.566,595.2,307.92,-18.64,-9.56,0.0,0.0,0.0,0.0,0.0,0.0,,0.0,0,0,0,0,0,8.0,0.0,125653.58,69859.65,195513.23,0.0,-7.6
2026-06-05T00:51:48.458+00:00,199105,996060cc-1738-4269-9a35-58ffa0c7dd73,,10,FAULT,0x04C0,I2C_TIMEOUT|SENSOR_RANGE|SELFTEST,0,0,0,0,0,0,0.0,0.0,0.0,4.997,2.593,599.64,311.16,-19.37,-9.81,0.0,0.0,0.0,0.0,0.0,0.0,,0.0,0,0,0,0,0,8.0,0.0,125730.94,69899.79,195630.73,0.0,-5.66
2026-06-05T00:51:48.586+00:00,199235,996060cc-1738-4269-9a35-58ffa0c7dd73,,10,FAULT,0x04C0,I2C_TIMEOUT|SENSOR_RANGE|SELFTEST,0,0,0,0,0,0,0.0,0.0,0.0,4.979,2.587,597.48,310.44,-18.89,-9.68,0.0,0.0,0.0,0.0,0.0,0.0,,0.0,0,0,0,0,0,8.0,0.0,125808.61,69940.15,195748.76,0.0,3.69
2026-06-05T00:51:48.716+00:00,199364,996060cc-1738-4269-9a35-58ffa0c7dd73,,10,FAULT,0x04C0,I2C_TIMEOUT|SENSOR_RANGE|SELFTEST,0,0,0,0,0,0,0.0,0.0,0.0,4.985,2.587,598.2,310.44,-17.91,-9.2,0.0,0.0,0.0,0.0,0.0,0.0,,0.0,0,0,0,0,0,8.0,0.0,125885.78,69980.19,195865.97,0.0,7.6
2026-06-05T00:51:48.846+00:00,199493,996060cc-1738-4269-9a35-58ffa0c7dd73,,10,FAULT,0x04C0,I2C_TIMEOUT|SENSOR_RANGE|SELFTEST,0,0,0,0,0,0,0.0,0.0,0.0,4.995,2.585,599.4,310.2,-18.4,-9.2,0.0,0.0,0.0,0.0,0.0,0.0,,0.0,0,0,0,0,0,8.0,0.0,125963.1,70020.21,195983.31,0.0,-3.8
2026-06-05T00:51:48.975+00:00,199623,996060cc-1738-4269-9a35-58ffa0c7dd73,,10,FAULT,0x04C0,I2C_TIMEOUT|SENSOR_RANGE|SELFTEST,0,0,0,0,0,0,0.0,0.0,0.0,4.97,2.579,596.4,309.48,-19.62,-9.93,0.0,0.0,0.0,0.0,0.0,0.0,,0.0,0,0,0,0,0,8.0,0.0,126040.63,70060.44,196101.07,0.0,-9.38
2026-06-05T00:51:49.105+00:00,199752,996060cc-1738-4269-9a35-58ffa0c7dd73,,10,FAULT,0x04C0,I2C_TIMEOUT|SENSOR_RANGE|SELFTEST,0,0,0,0,0,0,0.0,0.0,0.0,5.011,2.6,601.32,312.0,-19.62,-9.81,0.0,0.0,0.0,0.0,0.0,0.0,,0.0,0,0,0,0,0,8.0,0.0,126118.2,70100.69,196218.89,0.0,0.0
2026-06-05T00:51:49.233+00:00,199881,996060cc-1738-4269-9a35-58ffa0c7dd73,,10,FAULT,0x04C0,I2C_TIMEOUT|SENSOR_RANGE|SELFTEST,0,0,0,0,0,0,0.0,0.0,0.0,4.964,2.58,595.68,309.6,-18.15,-9.32,0.0,0.0,0.0,0.0,0.0,0.0,,0.0,0,0,0,0,0,8.0,0.0,126195.05,70140.63,196335.67,0.0,11.4
2026-06-05T00:51:49.363+00:00,200010,996060cc-1738-4269-9a35-58ffa0c7dd73,,10,FAULT,0x04C0,I2C_TIMEOUT|SENSOR_RANGE|SELFTEST,0,0,0,0,0,0,0.0,0.0,0.0,5.016,2.594,601.92,311.28,-17.42,-8.95,0.0,0.0,0.0,0.0,0.0,0.0,,0.0,0,0,0,0,0,8.0,0.0,126272.69,70180.78,196453.48,0.0,5.66
2026-06-05T00:51:49.494+00:00,200140,996060cc-1738-4269-9a35-58ffa0c7dd73,,10,FAULT,0x04C0,I2C_TIMEOUT|SENSOR_RANGE|SELFTEST,0,0,0,0,0,0,0.0,0.0,0.0,4.956,2.565,594.72,307.8,-18.89,-9.56,0.0,0.0,0.0,0.0,0.0,0.0,,0.0,0,0,0,0,0,8.0,0.0,126350.01,70220.8,196570.8,0.0,-11.31
2026-06-05T00:51:49.622+00:00,200269,996060cc-1738-4269-9a35-58ffa0c7dd73,,10,FAULT,0x04C0,I2C_TIMEOUT|SENSOR_RANGE|SELFTEST,0,0,0,0,0,0,0.0,0.0,0.0,5.012,2.599,601.44,311.88,-19.62,-10.05,0.0,0.0,0.0,0.0,0.0,0.0,,0.0,0,0,0,0,0,8.0,0.0,126427.59,70261.03,196688.62,0.0,-5.66
2026-06-05T00:51:49.752+00:00,200398,996060cc-1738-4269-9a35-58ffa0c7dd73,,10,FAULT,0x04C0,I2C_TIMEOUT|SENSOR_RANGE|SELFTEST,0,0,0,0,0,0,0.0,0.0,0.0,4.975,2.582,597.0,309.84,-18.89,-9.68,0.0,0.0,0.0,0.0,0.0,0.0,,0.0,0,0,0,0,0,8.0,0.0,126504.61,70301.0,196805.61,0.0,5.66
2026-06-05T00:51:49.883+00:00,200528,996060cc-1738-4269-9a35-58ffa0c7dd73,,10,FAULT,0x04C0,I2C_TIMEOUT|SENSOR_RANGE|SELFTEST,0,0,0,0,0,0,0.0,0.0,0.0,5.003,2.587,600.36,310.44,-17.66,-9.2,0.0,0.0,0.0,0.0,0.0,0.0,,0.0,0,0,0,0,0,8.0,0.0,126582.65,70341.36,196924.01,0.0,9.46
2026-06-05T00:51:50.011+00:00,200657,996060cc-1738-4269-9a35-58ffa0c7dd73,,10,FAULT,0x04C0,I2C_TIMEOUT|SENSOR_RANGE|SELFTEST,0,0,0,0,0,0,0.0,0.0,0.0,4.986,2.579,598.32,309.48,-18.4,-9.32,0.0,0.0,0.0,0.0,0.0,0.0,,0.0,0,0,0,0,0,8.0,0.0,126659.84,70381.28,197041.12,0.0,-5.74
2026-06-05T00:51:50.141+00:00,200786,996060cc-1738-4269-9a35-58ffa0c7dd73,,10,FAULT,0x04C0,I2C_TIMEOUT|SENSOR_RANGE|SELFTEST,0,0,0,0,0,0,0.0,0.0,0.0,4.984,2.586,598.08,310.32,-19.37,-9.93,0.0,0.0,0.0,0.0,0.0,0.0,,0.0,0,0,0,0,0,8.0,0.0,126736.99,70421.31,197158.3,0.0,-7.52
2026-06-05T00:51:50.272+00:00,200916,996060cc-1738-4269-9a35-58ffa0c7dd73,,10,FAULT,0x04C0,I2C_TIMEOUT|SENSOR_RANGE|SELFTEST,0,0,0,0,0,0,0.0,0.0,0.0,4.991,2.59,598.92,310.8,-19.37,-9.81,0.0,0.0,0.0,0.0,0.0,0.0,,0.0,0,0,0,0,0,8.0,0.0,126814.85,70461.71,197276.56,0.0,0.0
2026-06-05T00:51:50.400+00:00,201046,996060cc-1738-4269-9a35-58ffa0c7dd73,,10,FAULT,0x04C0,I2C_TIMEOUT|SENSOR_RANGE|SELFTEST,0,0,0,0,0,0,0.0,0.0,0.0,4.974,2.576,596.88,309.12,-17.91,-9.32,0.0,0.0,0.0,0.0,0.0,0.0,,0.0,0,0,0,0,0,8.0,0.0,126892.44,70501.9,197394.34,0.0,11.23
2026-06-05T00:51:50.530+00:00,201175,996060cc-1738-4269-9a35-58ffa0c7dd73,,10,FAULT,0x04C0,I2C_TIMEOUT|SENSOR_RANGE|SELFTEST,0,0,0,0,0,0,0.0,0.0,0.0,5.013,2.588,601.56,310.56,-17.91,-9.2,0.0,0.0,0.0,0.0,0.0,0.0,,0.0,0,0,0,0,0,8.0,0.0,126970.04,70541.96,197512.01,0.0,0.0
2026-06-05T00:51:50.658+00:00,201304,996060cc-1738-4269-9a35-58ffa0c7dd73,,10,FAULT,0x04C0,I2C_TIMEOUT|SENSOR_RANGE|SELFTEST,0,0,0,0,0,0,0.0,0.0,0.0,4.956,2.554,594.72,306.48,-19.13,-9.68,0.0,0.0,0.0,0.0,0.0,0.0,,0.0,0,0,0,0,0,8.0,0.0,127046.76,70581.5,197628.26,0.0,-9.46
2026-06-05T00:51:50.789+00:00,201434,996060cc-1738-4269-9a35-58ffa0c7dd73,,10,FAULT,0x04C0,I2C_TIMEOUT|SENSOR_RANGE|SELFTEST,0,0,0,0,0,0,0.0,0.0,0.0,5.014,2.591,601.68,310.92,-19.37,-9.93,0.0,0.0,0.0,0.0,0.0,0.0,,0.0,0,0,0,0,0,8.0,0.0,127124.98,70621.92,197746.9,0.0,-1.85
2026-06-05T00:51:50.919+00:00,201563,996060cc-1738-4269-9a35-58ffa0c7dd73,,10,FAULT,0x04C0,I2C_TIMEOUT|SENSOR_RANGE|SELFTEST,0,0,0,0,0,0,0.0,0.0,0.0,4.958,2.564,594.96,307.68,-18.4,-9.44,0.0,0.0,0.0,0.0,0.0,0.0,,0.0,0,0,0,0,0,8.0,0.0,127201.73,70661.61,197863.34,0.0,7.52
2026-06-05T00:51:51.047+00:00,201692,996060cc-1738-4269-9a35-58ffa0c7dd73,,10,FAULT,0x04C0,I2C_TIMEOUT|SENSOR_RANGE|SELFTEST,0,0,0,0,0,0,0.0,0.0,0.0,5.003,2.582,600.36,309.84,-17.66,-9.07,0.0,0.0,0.0,0.0,0.0,0.0,,0.0,0,0,0,0,0,8.0,0.0,127279.18,70701.58,197980.76,0.0,5.74
2026-06-05T00:51:51.178+00:00,201822,996060cc-1738-4269-9a35-58ffa0c7dd73,,10,FAULT,0x04C0,I2C_TIMEOUT|SENSOR_RANGE|SELFTEST,0,0,0,0,0,0,0.0,0.0,0.0,4.969,2.565,596.28,307.8,-18.4,-9.44,0.0,0.0,0.0,0.0,0.0,0.0,,0.0,0,0,0,0,0,8.0,0.0,127356.69,70741.59,198098.29,0.0,-5.69
2026-06-05T00:51:51.308+00:00,201951,996060cc-1738-4269-9a35-58ffa0c7dd73,,10,FAULT,0x04C0,I2C_TIMEOUT|SENSOR_RANGE|SELFTEST,0,0,0,0,0,0,0.0,0.0,0.0,4.997,2.582,599.64,309.84,-19.37,-9.93,0.0,0.0,0.0,0.0,0.0,0.0,,0.0,0,0,0,0,0,8.0,0.0,127434.05,70781.56,198215.61,0.0,-7.52
2026-06-05T00:51:51.437+00:00,202080,996060cc-1738-4269-9a35-58ffa0c7dd73,,10,FAULT,0x04C0,I2C_TIMEOUT|SENSOR_RANGE|SELFTEST,0,0,0,0,0,0,0.0,0.0,0.0,4.989,2.576,598.68,309.12,-18.89,-9.68,0.0,0.0,0.0,0.0,0.0,0.0,,0.0,0,0,0,0,0,8.0,0.0,127511.28,70821.44,198332.71,0.0,3.72
2026-06-05T00:51:51.567+00:00,202209,996060cc-1738-4269-9a35-58ffa0c7dd73,,10,FAULT,0x04C0,I2C_TIMEOUT|SENSOR_RANGE|SELFTEST,0,0,0,0,0,0,0.0,0.0,0.0,4.982,2.571,597.84,308.52,-17.91,-9.2,0.0,0.0,0.0,0.0,0.0,0.0,,0.0,0,0,0,0,0,8.0,0.0,127588.4,70861.24,198449.64,0.0,7.6
2026-06-05T00:51:51.697+00:00,202339,996060cc-1738-4269-9a35-58ffa0c7dd73,,10,FAULT,0x04C0,I2C_TIMEOUT|SENSOR_RANGE|SELFTEST,0,0,0,0,0,0,0.0,0.0,0.0,4.998,2.571,599.76,308.52,-18.15,-9.07,0.0,0.0,0.0,0.0,0.0,0.0,,0.0,0,0,0,0,0,8.0,0.0,127666.37,70901.34,198567.71,0.0,-1.85
2026-06-05T00:51:51.825+00:00,202468,996060cc-1738-4269-9a35-58ffa0c7dd73,,10,FAULT,0x04C0,I2C_TIMEOUT|SENSOR_RANGE|SELFTEST,0,0,0,0,0,0,0.0,0.0,0.0,4.968,2.566,596.16,307.92,-19.37,-9.68,0.0,0.0,0.0,0.0,0.0,0.0,,0.0,0,0,0,0,0,8.0,0.0,127743.27,70941.07,198684.34,0.0,-9.46
2026-06-05T00:51:51.956+00:00,202597,996060cc-1738-4269-9a35-58ffa0c7dd73,,10,FAULT,0x04C0,I2C_TIMEOUT|SENSOR_RANGE|SELFTEST,0,0,0,0,0,0,0.0,0.0,0.0,5.014,2.594,601.68,311.28,-19.62,-9.93,0.0,0.0,0.0,0.0,0.0,0.0,,0.0,0,0,0,0,0,8.0,0.0,127820.89,70981.22,198802.11,0.0,-1.94
2026-06-05T00:51:52.084+00:00,202727,996060cc-1738-4269-9a35-58ffa0c7dd73,,10,FAULT,0x04C0,I2C_TIMEOUT|SENSOR_RANGE|SELFTEST,0,0,0,0,0,0,0.0,0.0,0.0,4.953,2.563,594.36,307.56,-18.4,-9.32,0.0,0.0,0.0,0.0,0.0,0.0,,0.0,0,0,0,0,0,8.0,0.0,127898.16,71021.2,198919.36,0.0,9.38
2026-06-05T00:51:52.214+00:00,202856,996060cc-1738-4269-9a35-58ffa0c7dd73,,10,FAULT,0x04C0,I2C_TIMEOUT|SENSOR_RANGE|SELFTEST,0,0,0,0,0,0,0.0,0.0,0.0,5.007,2.582,600.84,309.84,-17.66,-9.07,0.0,0.0,0.0,0.0,0.0,0.0,,0.0,0,0,0,0,0,8.0,0.0,127975.66,71061.17,199036.84,0.0,5.74
2026-06-05T00:51:52.345+00:00,202985,996060cc-1738-4269-9a35-58ffa0c7dd73,,10,FAULT,0x04C0,I2C_TIMEOUT|SENSOR_RANGE|SELFTEST,0,0,0,0,0,0,0.0,0.0,0.0,4.961,2.555,595.32,306.6,-18.64,-9.44,0.0,0.0,0.0,0.0,0.0,0.0,,0.0,0,0,0,0,0,8.0,0.0,128052.46,71100.73,199153.18,0.0,-7.6
2026-06-05T00:51:52.473+00:00,203114,996060cc-1738-4269-9a35-58ffa0c7dd73,,10,FAULT,0x04C0,I2C_TIMEOUT|SENSOR_RANGE|SELFTEST,0,0,0,0,0,0,0.0,0.0,0.0,5.003,2.584,600.36,310.08,-19.62,-9.93,0.0,0.0,0.0,0.0,0.0,0.0,,0.0,0,0,0,0,0,8.0,0.0,128129.91,71140.73,199270.63,0.0,-7.6
2026-06-05T00:51:52.603+00:00,203244,996060cc-1738-4269-9a35-58ffa0c7dd73,,10,FAULT,0x04C0,I2C_TIMEOUT|SENSOR_RANGE|SELFTEST,0,0,0,0,0,0,0.0,0.0,0.0,4.973,2.572,596.76,308.64,-18.64,-9.68,0.0,0.0,0.0,0.0,0.0,0.0,,0.0,0,0,0,0,0,8.0,0.0,128207.48,71180.85,199388.33,0.0,7.54
2026-06-05T00:51:52.733+00:00,203373,996060cc-1738-4269-9a35-58ffa0c7dd73,,10,FAULT,0x04C0,I2C_TIMEOUT|SENSOR_RANGE|SELFTEST,0,0,0,0,0,0,0.0,0.0,0.0,4.989,2.572,598.68,308.64,-17.66,-8.95,0.0,0.0,0.0,0.0,0.0,0.0,,0.0,0,0,0,0,0,8.0,0.0,128284.71,71220.66,199505.38,0.0,7.6
2026-06-05T00:51:52.862+00:00,203502,996060cc-1738-4269-9a35-58ffa0c7dd73,,10,FAULT,0x04C0,I2C_TIMEOUT|SENSOR_RANGE|SELFTEST,0,0,0,0,0,0,0.0,0.0,0.0,4.99,2.569,598.8,308.28,-18.15,-9.2,0.0,0.0,0.0,0.0,0.0,0.0,,0.0,0,0,0,0,0,8.0,0.0,128361.96,71260.43,199622.39,0.0,-3.8
2026-06-05T00:51:52.992+00:00,203632,996060cc-1738-4269-9a35-58ffa0c7dd73,,10,FAULT,0x04C0,I2C_TIMEOUT|SENSOR_RANGE|SELFTEST,0,0,0,0,0,0,0.0,0.0,0.0,4.973,2.563,596.76,307.56,-19.37,-9.81,0.0,0.0,0.0,0.0,0.0,0.0,,0.0,0,0,0,0,0,8.0,0.0,128439.54,71300.41,199739.95,0.0,-9.38
2026-06-05T00:51:53.122+00:00,203761,996060cc-1738-4269-9a35-58ffa0c7dd73,,10,FAULT,0x04C0,I2C_TIMEOUT|SENSOR_RANGE|SELFTEST,0,0,0,0,0,0,0.0,0.0,0.0,5.001,2.581,600.12,309.72,-19.37,-9.93,0.0,0.0,0.0,0.0,0.0,0.0,,0.0,0,0,0,0,0,8.0,0.0,128516.95,71340.37,199857.32,0.0,0.0
2026-06-05T00:51:53.251+00:00,203890,996060cc-1738-4269-9a35-58ffa0c7dd73,,10,FAULT,0x04C0,I2C_TIMEOUT|SENSOR_RANGE|SELFTEST,0,0,0,0,0,0,0.0,0.0,0.0,4.972,2.565,596.64,307.8,-17.91,-9.44,0.0,0.0,0.0,0.0,0.0,0.0,,0.0,0,0,0,0,0,8.0,0.0,128593.92,71380.07,199973.99,0.0,11.32
2026-06-05T00:51:53.381+00:00,204019,996060cc-1738-4269-9a35-58ffa0c7dd73,,10,FAULT,0x04C0,I2C_TIMEOUT|SENSOR_RANGE|SELFTEST,0,0,0,0,0,0,0.0,0.0,0.0,5.019,2.588,602.28,310.56,-17.66,-9.2,0.0,0.0,0.0,0.0,0.0,0.0,,0.0,0,0,0,0,0,8.0,0.0,128671.61,71420.14,200091.75,0.0,1.94
2026-06-05T00:51:53.509+00:00,204149,996060cc-1738-4269-9a35-58ffa0c7dd73,,10,FAULT,0x04C0,I2C_TIMEOUT|SENSOR_RANGE|SELFTEST,0,0,0,0,0,0,0.0,0.0,0.0,4.951,2.551,594.12,306.12,-18.89,-9.68,0.0,0.0,0.0,0.0,0.0,0.0,,0.0,0,0,0,0,0,8.0,0.0,128748.85,71459.93,200208.78,0.0,-9.46
2026-06-05T00:51:53.640+00:00,204278,996060cc-1738-4269-9a35-58ffa0c7dd73,,10,FAULT,0x04C0,I2C_TIMEOUT|SENSOR_RANGE|SELFTEST,0,0,0,0,0,0,0.0,0.0,0.0,5.013,2.589,601.56,310.68,-19.62,-10.05,0.0,0.0,0.0,0.0,0.0,0.0,,0.0,0,0,0,0,0,8.0,0.0,128826.45,71500.01,200326.46,0.0,-5.66
2026-06-05T00:51:53.770+00:00,204407,996060cc-1738-4269-9a35-58ffa0c7dd73,,10,FAULT,0x04C0,I2C_TIMEOUT|SENSOR_RANGE|SELFTEST,0,0,0,0,0,0,0.0,0.0,0.0,4.967,2.568,596.04,308.16,-18.64,-9.68,0.0,0.0,0.0,0.0,0.0,0.0,,0.0,0,0,0,0,0,8.0,0.0,128903.34,71539.76,200443.1,0.0,7.6
2026-06-05T00:51:53.898+00:00,204537,996060cc-1738-4269-9a35-58ffa0c7dd73,,10,FAULT,0x04C0,I2C_TIMEOUT|SENSOR_RANGE|SELFTEST,0,0,0,0,0,0,0.0,0.0,0.0,5.005,2.581,600.6,309.72,-18.15,-9.32,0.0,0.0,0.0,0.0,0.0,0.0,,0.0,0,0,0,0,0,8.0,0.0,128981.42,71580.03,200561.44,0.0,3.77
2026-06-05T00:51:54.028+00:00,204666,996060cc-1738-4269-9a35-58ffa0c7dd73,,10,FAULT,0x04C0,I2C_TIMEOUT|SENSOR_RANGE|SELFTEST,0,0,0,0,0,0,0.0,0.0,0.0,4.983,2.566,597.96,307.92,-18.4,-9.44,0.0,0.0,0.0,0.0,0.0,0.0,,0.0,0,0,0,0,0,8.0,0.0,129058.56,71619.75,200678.3,0.0,-1.94
2026-06-05T00:51:54.159+00:00,204795,996060cc-1738-4269-9a35-58ffa0c7dd73,,10,FAULT,0x04C0,I2C_TIMEOUT|SENSOR_RANGE|SELFTEST,0,0,0,0,0,0,0.0,0.0,0.0,4.99,2.579,598.8,309.48,-19.62,-9.93,0.0,0.0,0.0,0.0,0.0,0.0,,0.0,0,0,0,0,0,8.0,0.0,129135.8,71659.67,200795.47,0.0,-9.46
2026-06-05T00:51:54.288+00:00,204925,996060cc-1738-4269-9a35-58ffa0c7dd73,,10,FAULT,0x04C0,I2C_TIMEOUT|SENSOR_RANGE|SELFTEST,0,0,0,0,0,0,0.0,0.0,0.0,4.997,2.585,599.64,310.2,-19.13,-9.93,0.0,0.0,0.0,0.0,0.0,0.0,,0.0,0,0,0,0,0,8.0,0.0,129213.75,71700.0,200913.75,0.0,3.77
2026-06-05T00:51:54.418+00:00,205054,996060cc-1738-4269-9a35-58ffa0c7dd73,,10,FAULT,0x04C0,I2C_TIMEOUT|SENSOR_RANGE|SELFTEST,0,0,0,0,0,0,0.0,0.0,0.0,4.982,2.576,597.84,309.12,-17.91,-9.2,0.0,0.0,0.0,0.0,0.0,0.0,,0.0,0,0,0,0,0,8.0,0.0,129290.88,71739.87,201030.75,0.0,9.46
2026-06-05T00:51:54.548+00:00,205184,996060cc-1738-4269-9a35-58ffa0c7dd73,,10,FAULT,0x04C0,I2C_TIMEOUT|SENSOR_RANGE|SELFTEST,0,0,0,0,0,0,0.0,0.0,0.0,5.018,2.591,602.16,310.92,-17.91,-9.2,0.0,0.0,0.0,0.0,0.0,0.0,,0.0,0,0,0,0,0,8.0,0.0,129369.16,71780.29,201149.45,0.0,0.0
2026-06-05T00:51:54.676+00:00,205313,996060cc-1738-4269-9a35-58ffa0c7dd73,,10,FAULT,0x04C0,I2C_TIMEOUT|SENSOR_RANGE|SELFTEST,0,0,0,0,0,0,0.0,0.0,0.0,4.965,2.564,595.8,307.68,-19.13,-9.68,0.0,0.0,0.0,0.0,0.0,0.0,,0.0,0,0,0,0,0,8.0,0.0,129446.01,71819.98,201266.0,0.0,-9.46
2026-06-05T00:51:54.807+00:00,205443,996060cc-1738-4269-9a35-58ffa0c7dd73,,10,FAULT,0x04C0,I2C_TIMEOUT|SENSOR_RANGE|SELFTEST,0,0,0,0,0,0,0.0,0.0,0.0,5.004,2.596,600.48,311.52,-19.37,-9.81,0.0,0.0,0.0,0.0,0.0,0.0,,0.0,0,0,0,0,0,8.0,0.0,129524.08,71860.48,201384.56,0.0,-1.85
2026-06-05T00:51:54.935+00:00,205572,996060cc-1738-4269-9a35-58ffa0c7dd73,,10,FAULT,0x04C0,I2C_TIMEOUT|SENSOR_RANGE|SELFTEST,0,0,0,0,0,0,0.0,0.0,0.0,4.945,2.571,593.4,308.52,-18.4,-9.56,0.0,0.0,0.0,0.0,0.0,0.0,,0.0,0,0,0,0,0,8.0,0.0,129600.63,71900.28,201500.91,0.0,7.52
2026-06-05T00:51:55.065+00:00,205701,996060cc-1738-4269-9a35-58ffa0c7dd73,,10,FAULT,0x04C0,I2C_TIMEOUT|SENSOR_RANGE|SELFTEST,0,0,0,0,0,0,0.0,0.0,0.0,4.992,2.585,599.04,310.2,-17.91,-9.07,0.0,0.0,0.0,0.0,0.0,0.0,,0.0,0,0,0,0,0,8.0,0.0,129677.9,71940.3,201618.2,0.0,3.8
2026-06-05T00:51:55.195+00:00,205831,996060cc-1738-4269-9a35-58ffa0c7dd73,,10,FAULT,0x04C0,I2C_TIMEOUT|SENSOR_RANGE|SELFTEST,0,0,0,0,0,0,0.0,0.0,0.0,4.953,2.563,594.36,307.56,-18.64,-9.44,0.0,0.0,0.0,0.0,0.0,0.0,,0.0,0,0,0,0,0,8.0,0.0,129755.17,71980.28,201735.45,0.0,-5.62
2026-06-05T00:51:55.324+00:00,205960,996060cc-1738-4269-9a35-58ffa0c7dd73,,10,FAULT,0x04C0,I2C_TIMEOUT|SENSOR_RANGE|SELFTEST,0,0,0,0,0,0,0.0,0.0,0.0,4.987,2.587,598.44,310.44,-19.37,-9.93,0.0,0.0,0.0,0.0,0.0,0.0,,0.0,0,0,0,0,0,8.0,0.0,129832.37,72020.33,201852.69,0.0,-5.66
2026-06-05T00:51:55.454+00:00,206089,996060cc-1738-4269-9a35-58ffa0c7dd73,,10,FAULT,0x04C0,I2C_TIMEOUT|SENSOR_RANGE|SELFTEST,0,0,0,0,0,0,0.0,0.0,0.0,4.973,2.581,596.76,309.72,-18.89,-9.68,0.0,0.0,0.0,0.0,0.0,0.0,,0.0,0,0,0,0,0,8.0,0.0,129909.35,72060.28,201969.63,0.0,3.72
2026-06-05T00:51:55.584+00:00,206219,996060cc-1738-4269-9a35-58ffa0c7dd73,,10,FAULT,0x04C0,I2C_TIMEOUT|SENSOR_RANGE|SELFTEST,0,0,0,0,0,0,0.0,0.0,0.0,4.97,2.577,596.4,309.24,-17.66,-9.07,0.0,0.0,0.0,0.0,0.0,0.0,,0.0,0,0,0,0,0,8.0,0.0,129986.88,72100.48,202087.36,0.0,9.46
2026-06-05T00:51:55.712+00:00,206348,996060cc-1738-4269-9a35-58ffa0c7dd73,,10,FAULT,0x04C0,I2C_TIMEOUT|SENSOR_RANGE|SELFTEST,0,0,0,0,0,0,0.0,0.0,0.0,4.983,2.578,597.96,309.36,-17.91,-9.2,0.0,0.0,0.0,0.0,0.0,0.0,,0.0,0,0,0,0,0,8.0,0.0,130064.02,72140.39,202204.41,0.0,-1.94
2026-06-05T00:51:55.843+00:00,206477,996060cc-1738-4269-9a35-58ffa0c7dd73,,10,FAULT,0x04C0,I2C_TIMEOUT|SENSOR_RANGE|SELFTEST,0,0,0,0,0,0,0.0,0.0,0.0,4.955,2.573,594.6,308.76,-19.13,-9.68,0.0,0.0,0.0,0.0,0.0,0.0,,0.0,0,0,0,0,0,8.0,0.0,130140.72,72180.22,202320.94,0.0,-9.46
2026-06-05T00:51:55.973+00:00,206606,996060cc-1738-4269-9a35-58ffa0c7dd73,,10,FAULT,0x04C0,I2C_TIMEOUT|SENSOR_RANGE|SELFTEST,0,0,0,0,0,0,0.0,0.0,0.0,5.0,2.596,600.0,311.52,-19.37,-9.93,0.0,0.0,0.0,0.0,0.0,0.0,,0.0,0,0,0,0,0,8.0,0.0,130218.12,72220.4,202438.53,0.0,-1.86
2026-06-05T00:51:56.101+00:00,206736,996060cc-1738-4269-9a35-58ffa0c7dd73,,10,FAULT,0x04C0,I2C_TIMEOUT|SENSOR_RANGE|SELFTEST,0,0,0,0,0,0,0.0,0.0,0.0,4.947,2.566,593.64,307.92,-17.91,-9.32,0.0,0.0,0.0,0.0,0.0,0.0,,0.0,0,0,0,0,0,8.0,0.0,130295.29,72260.43,202555.73,0.0,11.23
2026-06-05T00:51:56.232+00:00,206865,996060cc-1738-4269-9a35-58ffa0c7dd73,,10,FAULT,0x04C0,I2C_TIMEOUT|SENSOR_RANGE|SELFTEST,0,0,0,0,0,0,0.0,0.0,0.0,4.995,2.584,599.4,310.08,-17.42,-8.95,0.0,0.0,0.0,0.0,0.0,0.0,,0.0,0,0,0,0,0,8.0,0.0,130372.62,72300.43,202673.05,0.0,3.8
2026-06-05T00:51:56.361+00:00,206994,996060cc-1738-4269-9a35-58ffa0c7dd73,,10,FAULT,0x04C0,I2C_TIMEOUT|SENSOR_RANGE|SELFTEST,0,0,0,0,0,0,0.0,0.0,0.0,4.94,2.559,592.8,307.08,-18.64,-9.44,0.0,0.0,0.0,0.0,0.0,0.0,,0.0,0,0,0,0,0,8.0,0.0,130449.09,72340.05,202789.14,0.0,-9.46
2026-06-05T00:51:56.490+00:00,207124,996060cc-1738-4269-9a35-58ffa0c7dd73,,10,FAULT,0x04C0,I2C_TIMEOUT|SENSOR_RANGE|SELFTEST,0,0,0,0,0,0,0.0,0.0,0.0,4.988,2.592,598.56,311.04,-19.13,-9.81,0.0,0.0,0.0,0.0,0.0,0.0,,0.0,0,0,0,0,0,8.0,0.0,130526.9,72380.48,202907.38,0.0,-3.77
2026-06-05T00:51:56.621+00:00,207253,996060cc-1738-4269-9a35-58ffa0c7dd73,,10,FAULT,0x04C0,I2C_TIMEOUT|SENSOR_RANGE|SELFTEST,0,0,0,0,0,0,0.0,0.0,0.0,4.954,2.578,594.48,309.36,-18.64,-9.56,0.0,0.0,0.0,0.0,0.0,0.0,,0.0,0,0,0,0,0,8.0,0.0,130603.59,72420.39,203023.98,0.0,3.8
2026-06-05T00:51:56.749+00:00,207382,996060cc-1738-4269-9a35-58ffa0c7dd73,,10,FAULT,0x04C0,I2C_TIMEOUT|SENSOR_RANGE|SELFTEST,0,0,0,0,0,0,0.0,0.0,0.0,4.977,2.581,597.24,309.72,-17.42,-9.07,0.0,0.0,0.0,0.0,0.0,0.0,,0.0,0,0,0,0,0,8.0,0.0,130680.63,72460.34,203140.98,0.0,9.46
2026-06-05T00:51:56.879+00:00,207511,996060cc-1738-4269-9a35-58ffa0c7dd73,,10,FAULT,0x04C0,I2C_TIMEOUT|SENSOR_RANGE|SELFTEST,0,0,0,0,0,0,0.0,0.0,0.0,4.968,2.57,596.16,308.4,-18.15,-9.2,0.0,0.0,0.0,0.0,0.0,0.0,,0.0,0,0,0,0,0,8.0,0.0,130757.54,72500.13,203257.67,0.0,-5.66
2026-06-05T00:51:57.009+00:00,207641,996060cc-1738-4269-9a35-58ffa0c7dd73,,10,FAULT,0x04C0,I2C_TIMEOUT|SENSOR_RANGE|SELFTEST,0,0,0,0,0,0,0.0,0.0,0.0,4.962,2.573,595.44,308.76,-19.37,-9.81,0.0,0.0,0.0,0.0,0.0,0.0,,0.0,0,0,0,0,0,8.0,0.0,130834.94,72540.27,203375.21,0.0,-9.38
2026-06-05T00:51:57.138+00:00,207770,996060cc-1738-4269-9a35-58ffa0c7dd73,,10,FAULT,0x04C0,I2C_TIMEOUT|SENSOR_RANGE|SELFTEST,0,0,0,0,0,0,0.0,0.0,0.0,4.976,2.583,597.12,309.96,-19.13,-9.81,0.0,0.0,0.0,0.0,0.0,0.0,,0.0,0,0,0,0,0,8.0,0.0,130911.97,72580.25,203492.22,0.0,1.86
2026-06-05T00:51:57.268+00:00,207899,996060cc-1738-4269-9a35-58ffa0c7dd73,,10,FAULT,0x04C0,I2C_TIMEOUT|SENSOR_RANGE|SELFTEST,0,0,0,0,0,0,0.0,0.0,0.0,4.948,2.566,593.76,307.92,-17.66,-9.2,0.0,0.0,0.0,0.0,0.0,0.0,,0.0,0,0,0,0,0,8.0,0.0,130988.57,72619.97,203608.54,0.0,11.4
2026-06-05T00:51:57.396+00:00,208029,996060cc-1738-4269-9a35-58ffa0c7dd73,,10,FAULT,0x04C0,I2C_TIMEOUT|SENSOR_RANGE|SELFTEST,0,0,0,0,0,0,0.0,0.0,0.0,4.987,2.583,598.44,309.96,-17.66,-9.07,0.0,0.0,0.0,0.0,0.0,0.0,,0.0,0,0,0,0,0,8.0,0.0,131066.37,72660.27,203726.63,0.0,0.0
2026-06-05T00:51:57.527+00:00,208158,996060cc-1738-4269-9a35-58ffa0c7dd73,,10,FAULT,0x04C0,I2C_TIMEOUT|SENSOR_RANGE|SELFTEST,0,0,0,0,0,0,0.0,0.0,0.0,4.918,2.547,590.16,305.64,-19.13,-9.56,0.0,0.0,0.0,0.0,0.0,0.0,,0.0,0,0,0,0,0,8.0,0.0,131142.5,72699.7,203842.19,0.0,-11.4
2026-06-05T00:51:57.657+00:00,208287,996060cc-1738-4269-9a35-58ffa0c7dd73,,10,FAULT,0x04C0,I2C_TIMEOUT|SENSOR_RANGE|SELFTEST,0,0,0,0,0,0,0.0,0.0,0.0,4.975,2.579,597.0,309.48,-19.37,-9.81,0.0,0.0,0.0,0.0,0.0,0.0,,0.0,0,0,0,0,0,8.0,0.0,131219.51,72739.62,203959.13,0.0,-1.86
2026-06-05T00:51:57.785+00:00,208416,996060cc-1738-4269-9a35-58ffa0c7dd73,,10,FAULT,0x04C0,I2C_TIMEOUT|SENSOR_RANGE|SELFTEST,0,0,0,0,0,0,0.0,0.0,0.0,4.925,2.556,591.0,306.72,-18.4,-9.44,0.0,0.0,0.0,0.0,0.0,0.0,,0.0,0,0,0,0,0,8.0,0.0,131295.75,72779.18,204074.93,0.0,7.52
2026-06-05T00:51:57.916+00:00,208546,996060cc-1738-4269-9a35-58ffa0c7dd73,,10,FAULT,0x04C0,I2C_TIMEOUT|SENSOR_RANGE|SELFTEST,0,0,0,0,0,0,0.0,0.0,0.0,4.97,2.569,596.4,308.28,-17.66,-9.07,0.0,0.0,0.0,0.0,0.0,0.0,,0.0,0,0,0,0,0,8.0,0.0,131373.28,72819.26,204192.54,0.0,5.69
2026-06-05T00:51:58.046+00:00,208675,996060cc-1738-4269-9a35-58ffa0c7dd73,,10,FAULT,0x04C0,I2C_TIMEOUT|SENSOR_RANGE|SELFTEST,0,0,0,0,0,0,0.0,0.0,0.0,4.941,2.556,592.92,306.72,-18.4,-9.44,0.0,0.0,0.0,0.0,0.0,0.0,,0.0,0,0,0,0,0,8.0,0.0,131449.77,72858.83,204308.6,0.0,-5.74
2026-06-05T00:51:58.174+00:00,208804,996060cc-1738-4269-9a35-58ffa0c7dd73,,10,FAULT,0x04C0,I2C_TIMEOUT|SENSOR_RANGE|SELFTEST,0,0,0,0,0,0,0.0,0.0,0.0,4.956,2.569,594.72,308.28,-19.37,-9.81,0.0,0.0,0.0,0.0,0.0,0.0,,0.0,0,0,0,0,0,8.0,0.0,131526.49,72898.6,204425.08,0.0,-7.52
2026-06-05T00:51:58.305+00:00,208934,996060cc-1738-4269-9a35-58ffa0c7dd73,,10,FAULT,0x04C0,I2C_TIMEOUT|SENSOR_RANGE|SELFTEST,0,0,0,0,0,0,0.0,0.0,0.0,4.954,2.567,594.48,308.04,-19.13,-9.81,0.0,0.0,0.0,0.0,0.0,0.0,,0.0,0,0,0,0,0,8.0,0.0,131603.77,72938.64,204542.41,0.0,1.85
2026-06-05T00:51:58.435+00:00,209063,996060cc-1738-4269-9a35-58ffa0c7dd73,,10,FAULT,0x04C0,I2C_TIMEOUT|SENSOR_RANGE|SELFTEST,0,0,0,0,0,0,0.0,0.0,0.0,4.944,2.567,593.28,308.04,-17.91,-9.2,0.0,0.0,0.0,0.0,0.0,0.0,,0.0,0,0,0,0,0,8.0,0.0,131680.3,72978.38,204658.68,0.0,9.46
2026-06-05T00:51:58.563+00:00,209192,996060cc-1738-4269-9a35-58ffa0c7dd73,,10,FAULT,0x04C0,I2C_TIMEOUT|SENSOR_RANGE|SELFTEST,0,0,0,0,0,0,0.0,0.0,0.0,4.967,2.572,596.04,308.64,-17.66,-9.2,0.0,0.0,0.0,0.0,0.0,0.0,,0.0,0,0,0,0,0,8.0,0.0,131757.19,73018.19,204775.38,0.0,1.94
2026-06-05T00:51:58.693+00:00,209321,996060cc-1738-4269-9a35-58ffa0c7dd73,,10,FAULT,0x04C0,I2C_TIMEOUT|SENSOR_RANGE|SELFTEST,0,0,0,0,0,0,0.0,0.0,0.0,4.925,2.559,591.0,307.08,-19.13,-9.68,0.0,0.0,0.0,0.0,0.0,0.0,,0.0,0,0,0,0,0,8.0,0.0,131833.43,73057.81,204891.24,0.0,-11.4
2026-06-05T00:51:58.822+00:00,209452,996060cc-1738-4269-9a35-58ffa0c7dd73,,10,FAULT,0x04C0,I2C_TIMEOUT|SENSOR_RANGE|SELFTEST,0,0,0,0,0,0,0.0,0.0,0.0,4.976,2.584,597.12,310.08,-19.37,-9.81,0.0,0.0,0.0,0.0,0.0,0.0,,0.0,0,0,0,0,0,8.0,0.0,131911.65,73098.43,205010.08,0.0,-1.83
2026-06-05T00:51:58.952+00:00,209581,996060cc-1738-4269-9a35-58ffa0c7dd73,,10,FAULT,0x04C0,I2C_TIMEOUT|SENSOR_RANGE|SELFTEST,0,0,0,0,0,0,0.0,0.0,0.0,4.915,2.557,589.8,306.84,-18.4,-9.44,0.0,0.0,0.0,0.0,0.0,0.0,,0.0,0,0,0,0,0,8.0,0.0,131987.74,73138.01,205125.75,0.0,7.52
2026-06-05T00:51:59.082+00:00,209710,996060cc-1738-4269-9a35-58ffa0c7dd73,,10,FAULT,0x04C0,I2C_TIMEOUT|SENSOR_RANGE|SELFTEST,0,0,0,0,0,0,0.0,0.0,0.0,4.969,2.575,596.28,309.0,-17.66,-9.07,0.0,0.0,0.0,0.0,0.0,0.0,,0.0,0,0,0,0,0,8.0,0.0,132064.66,73177.87,205242.53,0.0,5.74
2026-06-05T00:51:59.210+00:00,209840,996060cc-1738-4269-9a35-58ffa0c7dd73,,10,FAULT,0x04C0,I2C_TIMEOUT|SENSOR_RANGE|SELFTEST,0,0,0,0,0,0,0.0,0.0,0.0,4.94,2.554,592.8,306.48,-18.64,-9.56,0.0,0.0,0.0,0.0,0.0,0.0,,0.0,0,0,0,0,0,8.0,0.0,132141.72,73217.71,205359.43,0.0,-7.54
2026-06-05T00:51:59.341+00:00,209969,996060cc-1738-4269-9a35-58ffa0c7dd73,,10,FAULT,0x04C0,I2C_TIMEOUT|SENSOR_RANGE|SELFTEST,0,0,0,0,0,0,0.0,0.0,0.0,4.981,2.579,597.72,309.48,-19.37,-9.81,0.0,0.0,0.0,0.0,0.0,0.0,,0.0,0,0,0,0,0,8.0,0.0,132218.83,73257.64,205476.46,0.0,-5.66
2026-06-05T00:51:59.471+00:00,210098,996060cc-1738-4269-9a35-58ffa0c7dd73,,10,FAULT,0x04C0,I2C_TIMEOUT|SENSOR_RANGE|SELFTEST,0,0,0,0,0,0,0.0,0.0,0.0,4.959,2.573,595.08,308.76,-18.89,-9.81,0.0,0.0,0.0,0.0,0.0,0.0,,0.0,0,0,0,0,0,8.0,0.0,132295.59,73297.47,205593.06,0.0,3.72
2026-06-05T00:51:59.599+00:00,210228,996060cc-1738-4269-9a35-58ffa0c7dd73,,10,FAULT,0x04C0,I2C_TIMEOUT|SENSOR_RANGE|SELFTEST,0,0,0,0,0,0,0.0,0.0,0.0,4.967,2.572,596.04,308.64,-17.66,-9.2,0.0,0.0,0.0,0.0,0.0,0.0,,0.0,0,0,0,0,0,8.0,0.0,132373.08,73337.59,205710.67,0.0,9.46
2026-06-05T00:51:59.730+00:00,210357,996060cc-1738-4269-9a35-58ffa0c7dd73,,10,FAULT,0x04C0,I2C_TIMEOUT|SENSOR_RANGE|SELFTEST,0,0,0,0,0,0,0.0,0.0,0.0,4.97,2.57,596.4,308.4,-18.15,-9.32,0.0,0.0,0.0,0.0,0.0,0.0,,0.0,0,0,0,0,0,8.0,0.0,132450.01,73377.37,205827.39,0.0,-3.8
2026-06-05T00:51:59.860+00:00,210486,996060cc-1738-4269-9a35-58ffa0c7dd73,,10,FAULT,0x04C0,I2C_TIMEOUT|SENSOR_RANGE|SELFTEST,0,0,0,0,0,0,0.0,0.0,0.0,4.955,2.57,594.6,308.4,-19.37,-9.81,0.0,0.0,0.0,0.0,0.0,0.0,,0.0,0,0,0,0,0,8.0,0.0,132526.72,73417.16,205943.87,0.0,-9.46
2026-06-05T00:51:59.988+00:00,210615,996060cc-1738-4269-9a35-58ffa0c7dd73,,10,FAULT,0x04C0,I2C_TIMEOUT|SENSOR_RANGE|SELFTEST,0,0,0,0,0,0,0.0,0.0,0.0,4.987,2.587,598.44,310.44,-19.37,-9.81,0.0,0.0,0.0,0.0,0.0,0.0,,0.0,0,0,0,0,0,8.0,0.0,132603.91,73457.2,206061.12,0.0,0.0
2026-06-05T00:52:00.119+00:00,210745,996060cc-1738-4269-9a35-58ffa0c7dd73,,10,FAULT,0x04C0,I2C_TIMEOUT|SENSOR_RANGE|SELFTEST,0,0,0,0,0,0,0.0,0.0,0.0,4.94,2.562,592.8,307.44,-18.15,-9.44,0.0,0.0,0.0,0.0,0.0,0.0,,0.0,0,0,0,0,0,8.0,0.0,132680.98,73497.17,206178.15,0.0,9.38
2026-06-05T00:52:00.247+00:00,210874,996060cc-1738-4269-9a35-58ffa0c7dd73,,10,FAULT,0x04C0,I2C_TIMEOUT|SENSOR_RANGE|SELFTEST,0,0,0,0,0,0,0.0,0.0,0.0,4.99,2.58,598.8,309.6,-17.66,-9.2,0.0,0.0,0.0,0.0,0.0,0.0,,0.0,0,0,0,0,0,8.0,0.0,132758.22,73537.11,206295.33,0.0,3.8
2026-06-05T00:52:00.377+00:00,211003,996060cc-1738-4269-9a35-58ffa0c7dd73,,10,FAULT,0x04C0,I2C_TIMEOUT|SENSOR_RANGE|SELFTEST,0,0,0,0,0,0,0.0,0.0,0.0,4.923,2.551,590.76,306.12,-18.89,-9.56,0.0,0.0,0.0,0.0,0.0,0.0,,0.0,0,0,0,0,0,8.0,0.0,132834.43,73576.6,206411.03,0.0,-9.53
2026-06-05T00:52:00.507+00:00,211133,996060cc-1738-4269-9a35-58ffa0c7dd73,,10,FAULT,0x04C0,I2C_TIMEOUT|SENSOR_RANGE|SELFTEST,0,0,0,0,0,0,0.0,0.0,0.0,4.982,2.584,597.84,310.08,-19.62,-9.81,0.0,0.0,0.0,0.0,0.0,0.0,,0.0,0,0,0,0,0,8.0,0.0,132912.15,73616.91,206529.06,0.0,-5.62
2026-06-05T00:52:00.637+00:00,211262,996060cc-1738-4269-9a35-58ffa0c7dd73,,10,FAULT,0x04C0,I2C_TIMEOUT|SENSOR_RANGE|SELFTEST,0,0,0,0,0,0,0.0,0.0,0.0,4.95,2.566,594.0,307.92,-18.89,-9.68,0.0,0.0,0.0,0.0,0.0,0.0,,0.0,0,0,0,0,0,8.0,0.0,132988.78,73656.63,206645.41,0.0,5.66
2026-06-05T00:52:00.766+00:00,211391,996060cc-1738-4269-9a35-58ffa0c7dd73,,10,FAULT,0x04C0,I2C_TIMEOUT|SENSOR_RANGE|SELFTEST,0,0,0,0,0,0,0.0,0.0,0.0,4.971,2.569,596.52,308.28,-17.66,-9.2,0.0,0.0,0.0,0.0,0.0,0.0,,0.0,0,0,0,0,0,8.0,0.0,133065.73,73696.4,206762.13,0.0,9.53
2026-06-05T00:52:00.896+00:00,211520,996060cc-1738-4269-9a35-58ffa0c7dd73,,10,FAULT,0x04C0,I2C_TIMEOUT|SENSOR_RANGE|SELFTEST,0,0,0,0,0,0,0.0,0.0,0.0,4.966,2.56,595.92,307.2,-18.4,-9.32,0.0,0.0,0.0,0.0,0.0,0.0,,0.0,0,0,0,0,0,8.0,0.0,133142.6,73736.03,206878.63,0.0,-5.74
2026-06-05T00:52:01.025+00:00,211650,996060cc-1738-4269-9a35-58ffa0c7dd73,,10,FAULT,0x04C0,I2C_TIMEOUT|SENSOR_RANGE|SELFTEST,0,0,0,0,0,0,0.0,0.0,0.0,4.966,2.572,595.92,308.64,-19.37,-9.81,0.0,0.0,0.0,0.0,0.0,0.0,,0.0,0,0,0,0,0,8.0,0.0,133220.07,73776.15,206996.22,0.0,-7.46
2026-06-05T00:52:01.155+00:00,211779,996060cc-1738-4269-9a35-58ffa0c7dd73,,10,FAULT,0x04C0,I2C_TIMEOUT|SENSOR_RANGE|SELFTEST,0,0,0,0,0,0,0.0,0.0,0.0,4.974,2.574,596.88,308.88,-19.37,-9.93,0.0,0.0,0.0,0.0,0.0,0.0,,0.0,0,0,0,0,0,8.0,0.0,133297.07,73816.0,207113.06,0.0,0.0
2026-06-05T00:52:01.286+00:00,211908,996060cc-1738-4269-9a35-58ffa0c7dd73,,10,FAULT,0x04C0,I2C_TIMEOUT|SENSOR_RANGE|SELFTEST,0,0,0,0,0,0,0.0,0.0,0.0,4.962,2.57,595.44,308.4,-17.91,-9.44,0.0,0.0,0.0,0.0,0.0,0.0,,0.0,0,0,0,0,0,8.0,0.0,133373.88,73855.78,207229.66,0.0,11.32
2026-06-05T00:52:01.414+00:00,212038,996060cc-1738-4269-9a35-58ffa0c7dd73,,10,FAULT,0x04C0,I2C_TIMEOUT|SENSOR_RANGE|SELFTEST,0,0,0,0,0,0,0.0,0.0,0.0,5.003,2.587,600.36,310.44,-17.91,-9.07,0.0,0.0,0.0,0.0,0.0,0.0,,0.0,0,0,0,0,0,8.0,0.0,133451.93,73896.14,207348.06,0.0,0.0
2026-06-05T00:52:01.544+00:00,212167,996060cc-1738-4269-9a35-58ffa0c7dd73,,10,FAULT,0x04C0,I2C_TIMEOUT|SENSOR_RANGE|SELFTEST,0,0,0,0,0,0,0.0,0.0,0.0,4.942,2.558,593.04,306.96,-18.89,-9.56,0.0,0.0,0.0,0.0,0.0,0.0,,0.0,0,0,0,0,0,8.0,0.0,133528.43,73935.73,207464.16,0.0,-7.6
2026-06-05T00:52:01.673+00:00,212296,996060cc-1738-4269-9a35-58ffa0c7dd73,,10,FAULT,0x04C0,I2C_TIMEOUT|SENSOR_RANGE|SELFTEST,0,0,0,0,0,0,0.0,0.0,0.0,5.003,2.591,600.36,310.92,-19.37,-9.93,0.0,0.0,0.0,0.0,0.0,0.0,,0.0,0,0,0,0,0,8.0,0.0,133605.88,73975.84,207581.72,0.0,-3.72
2026-06-05T00:52:01.802+00:00,212425,996060cc-1738-4269-9a35-58ffa0c7dd73,,10,FAULT,0x04C0,I2C_TIMEOUT|SENSOR_RANGE|SELFTEST,0,0,0,0,0,0,0.0,0.0,0.0,4.956,2.57,594.72,308.4,-18.4,-9.56,0.0,0.0,0.0,0.0,0.0,0.0,,0.0,0,0,0,0,0,8.0,0.0,133682.6,74015.63,207698.22,0.0,7.52
2026-06-05T00:52:01.933+00:00,212555,996060cc-1738-4269-9a35-58ffa0c7dd73,,10,FAULT,0x04C0,I2C_TIMEOUT|SENSOR_RANGE|SELFTEST,0,0,0,0,0,0,0.0,0.0,0.0,5.002,2.586,600.24,310.32,-17.66,-9.07,0.0,0.0,0.0,0.0,0.0,0.0,,0.0,0,0,0,0,0,8.0,0.0,133760.63,74055.97,207816.59,0.0,5.69
2026-06-05T00:52:02.061+00:00,212684,996060cc-1738-4269-9a35-58ffa0c7dd73,,10,FAULT,0x04C0,I2C_TIMEOUT|SENSOR_RANGE|SELFTEST,0,0,0,0,0,0,0.0,0.0,0.0,4.971,2.571,596.52,308.52,-18.4,-9.32,0.0,0.0,0.0,0.0,0.0,0.0,,0.0,0,0,0,0,0,8.0,0.0,133837.58,74095.77,207933.34,0.0,-5.74
2026-06-05T00:52:02.192+00:00,212813,996060cc-1738-4269-9a35-58ffa0c7dd73,,10,FAULT,0x04C0,I2C_TIMEOUT|SENSOR_RANGE|SELFTEST,0,0,0,0,0,0,0.0,0.0,0.0,4.986,2.584,598.32,310.08,-19.37,-9.81,0.0,0.0,0.0,0.0,0.0,0.0,,0.0,0,0,0,0,0,8.0,0.0,133914.76,74135.77,208050.53,0.0,-7.52
2026-06-05T00:52:02.322+00:00,212943,996060cc-1738-4269-9a35-58ffa0c7dd73,,10,FAULT,0x04C0,I2C_TIMEOUT|SENSOR_RANGE|SELFTEST,0,0,0,0,0,0,0.0,0.0,0.0,4.974,2.576,596.88,309.12,-19.37,-9.81,0.0,0.0,0.0,0.0,0.0,0.0,,0.0,0,0,0,0,0,8.0,0.0,133992.36,74175.95,208168.31,0.0,0.0
2026-06-05T00:52:02.450+00:00,213072,996060cc-1738-4269-9a35-58ffa0c7dd73,,10,FAULT,0x04C0,I2C_TIMEOUT|SENSOR_RANGE|SELFTEST,0,0,0,0,0,0,0.0,0.0,0.0,4.975,2.577,597.0,309.24,-17.91,-9.2,0.0,0.0,0.0,0.0,0.0,0.0,,0.0,0,0,0,0,0,8.0,0.0,134069.37,74215.85,208285.21,0.0,11.32
2026-06-05T00:52:02.580+00:00,213201,996060cc-1738-4269-9a35-58ffa0c7dd73,,10,FAULT,0x04C0,I2C_TIMEOUT|SENSOR_RANGE|SELFTEST,0,0,0,0,0,0,0.0,0.0,0.0,4.991,2.58,598.92,309.6,-17.91,-9.2,0.0,0.0,0.0,0.0,0.0,0.0,,0.0,0,0,0,0,0,8.0,0.0,134146.63,74255.78,208402.41,0.0,0.0
2026-06-05T00:52:02.711+00:00,213331,996060cc-1738-4269-9a35-58ffa0c7dd73,,10,FAULT,0x04C0,I2C_TIMEOUT|SENSOR_RANGE|SELFTEST,0,0,0,0,0,0,0.0,0.0,0.0,4.951,2.562,594.12,307.44,-19.13,-9.68,0.0,0.0,0.0,0.0,0.0,0.0,,0.0,0,0,0,0,0,8.0,0.0,134223.86,74295.75,208519.62,0.0,-9.38
2026-06-05T00:52:02.839+00:00,213460,996060cc-1738-4269-9a35-58ffa0c7dd73,,10,FAULT,0x04C0,I2C_TIMEOUT|SENSOR_RANGE|SELFTEST,0,0,0,0,0,0,0.0,0.0,0.0,5.005,2.592,600.6,311.04,-19.37,-9.81,0.0,0.0,0.0,0.0,0.0,0.0,,0.0,0,0,0,0,0,8.0,0.0,134301.34,74335.87,208637.22,0.0,-1.86
2026-06-05T00:52:02.969+00:00,213590,996060cc-1738-4269-9a35-58ffa0c7dd73,,10,FAULT,0x04C0,I2C_TIMEOUT|SENSOR_RANGE|SELFTEST,0,0,0,0,0,0,0.0,0.0,0.0,4.941,2.559,592.92,307.08,-18.4,-9.44,0.0,0.0,0.0,0.0,0.0,0.0,,0.0,0,0,0,0,0,8.0,0.0,134378.42,74375.8,208754.22,0.0,7.46
2026-06-05T00:52:03.098+00:00,213719,996060cc-1738-4269-9a35-58ffa0c7dd73,,10,FAULT,0x04C0,I2C_TIMEOUT|SENSOR_RANGE|SELFTEST,0,0,0,0,0,0,0.0,0.0,0.0,4.997,2.577,599.64,309.24,-17.66,-9.2,0.0,0.0,0.0,0.0,0.0,0.0,,0.0,0,0,0,0,0,8.0,0.0,134455.77,74415.69,208871.46,0.0,5.74
2026-06-05T00:52:03.228+00:00,213849,996060cc-1738-4269-9a35-58ffa0c7dd73,,10,FAULT,0x04C0,I2C_TIMEOUT|SENSOR_RANGE|SELFTEST,0,0,0,0,0,0,0.0,0.0,0.0,4.95,2.554,594.0,306.48,-18.64,-9.44,0.0,0.0,0.0,0.0,0.0,0.0,,0.0,0,0,0,0,0,8.0,0.0,134532.99,74455.53,208988.52,0.0,-7.54
2026-06-05T00:52:03.358+00:00,213978,996060cc-1738-4269-9a35-58ffa0c7dd73,,10,FAULT,0x04C0,I2C_TIMEOUT|SENSOR_RANGE|SELFTEST,0,0,0,0,0,0,0.0,0.0,0.0,4.986,2.576,598.32,309.12,-19.62,-9.93,0.0,0.0,0.0,0.0,0.0,0.0,,0.0,0,0,0,0,0,8.0,0.0,134610.18,74495.41,209105.58,0.0,-7.6
2026-06-05T00:52:03.486+00:00,214107,996060cc-1738-4269-9a35-58ffa0c7dd73,,10,FAULT,0x04C0,I2C_TIMEOUT|SENSOR_RANGE|SELFTEST,0,0,0,0,0,0,0.0,0.0,0.0,4.967,2.574,596.04,308.88,-19.13,-9.81,0.0,0.0,0.0,0.0,0.0,0.0,,0.0,0,0,0,0,0,8.0,0.0,134687.07,74535.25,209222.32,0.0,3.8
2026-06-05T00:52:03.617+00:00,214237,996060cc-1738-4269-9a35-58ffa0c7dd73,,10,FAULT,0x04C0,I2C_TIMEOUT|SENSOR_RANGE|SELFTEST,0,0,0,0,0,0,0.0,0.0,0.0,4.978,2.575,597.36,309.0,-17.91,-9.2,0.0,0.0,0.0,0.0,0.0,0.0,,0.0,0,0,0,0,0,8.0,0.0,134764.72,74575.42,209340.15,0.0,9.38
2026-06-05T00:52:03.747+00:00,214366,996060cc-1738-4269-9a35-58ffa0c7dd73,,10,FAULT,0x04C0,I2C_TIMEOUT|SENSOR_RANGE|SELFTEST,0,0,0,0,0,0,0.0,0.0,0.0,4.976,2.57,597.12,308.4,-18.15,-9.32,0.0,0.0,0.0,0.0,0.0,0.0,,0.0,0,0,0,0,0,8.0,0.0,134841.75,74615.21,209456.96,0.0,-1.86
2026-06-05T00:52:03.875+00:00,214495,996060cc-1738-4269-9a35-58ffa0c7dd73,,10,FAULT,0x04C0,I2C_TIMEOUT|SENSOR_RANGE|SELFTEST,0,0,0,0,0,0,0.0,0.0,0.0,4.966,2.569,595.92,308.28,-19.37,-9.68,0.0,0.0,0.0,0.0,0.0,0.0,,0.0,0,0,0,0,0,8.0,0.0,134918.63,74654.97,209573.6,0.0,-9.46
2026-06-05T00:52:04.006+00:00,214624,996060cc-1738-4269-9a35-58ffa0c7dd73,,10,FAULT,0x04C0,I2C_TIMEOUT|SENSOR_RANGE|SELFTEST,0,0,0,0,0,0,0.0,0.0,0.0,4.995,2.592,599.4,311.04,-19.62,-9.93,0.0,0.0,0.0,0.0,0.0,0.0,,0.0,0,0,0,0,0,8.0,0.0,134995.95,74695.1,209691.05,0.0,-1.94
2026-06-05T00:52:04.136+00:00,214754,996060cc-1738-4269-9a35-58ffa0c7dd73,,10,FAULT,0x04C0,I2C_TIMEOUT|SENSOR_RANGE|SELFTEST,0,0,0,0,0,0,0.0,0.0,0.0,4.944,2.566,593.28,307.92,-18.4,-9.56,0.0,0.0,0.0,0.0,0.0,0.0,,0.0,0,0,0,0,0,8.0,0.0,135073.08,74735.13,209808.2,0.0,9.38
2026-06-05T00:52:04.264+00:00,214883,996060cc-1738-4269-9a35-58ffa0c7dd73,,10,FAULT,0x04C0,I2C_TIMEOUT|SENSOR_RANGE|SELFTEST,0,0,0,0,0,0,0.0,0.0,0.0,5.003,2.589,600.36,310.68,-17.66,-9.2,0.0,0.0,0.0,0.0,0.0,0.0,,0.0,0,0,0,0,0,8.0,0.0,135150.52,74775.2,209925.73,0.0,5.74
2026-06-05T00:52:04.395+00:00,215012,996060cc-1738-4269-9a35-58ffa0c7dd73,,10,FAULT,0x04C0,I2C_TIMEOUT|SENSOR_RANGE|SELFTEST,0,0,0,0,0,0,0.0,0.0,0.0,4.943,2.558,593.16,306.96,-18.89,-9.56,0.0,0.0,0.0,0.0,0.0,0.0,,0.0,0,0,0,0,0,8.0,0.0,135227.04,74814.8,210041.84,0.0,-9.53
2026-06-05T00:52:04.523+00:00,215142,996060cc-1738-4269-9a35-58ffa0c7dd73,,10,FAULT,0x04C0,I2C_TIMEOUT|SENSOR_RANGE|SELFTEST,0,0,0,0,0,0,0.0,0.0,0.0,4.995,2.586,599.4,310.32,-19.62,-9.93,0.0,0.0,0.0,0.0,0.0,0.0,,0.0,0,0,0,0,0,8.0,0.0,135304.96,74855.14,210160.11,0.0,-5.62
2026-06-05T00:52:04.654+00:00,215271,996060cc-1738-4269-9a35-58ffa0c7dd73,,10,FAULT,0x04C0,I2C_TIMEOUT|SENSOR_RANGE|SELFTEST,0,0,0,0,0,0,0.0,0.0,0.0,4.963,2.571,595.56,308.52,-18.89,-9.68,0.0,0.0,0.0,0.0,0.0,0.0,,0.0,0,0,0,0,0,8.0,0.0,135381.79,74894.94,210276.73,0.0,5.66
2026-06-05T00:52:04.783+00:00,215400,996060cc-1738-4269-9a35-58ffa0c7dd73,,10,FAULT,0x04C0,I2C_TIMEOUT|SENSOR_RANGE|SELFTEST,0,0,0,0,0,0,0.0,0.0,0.0,4.991,2.577,598.92,309.24,-17.66,-9.2,0.0,0.0,0.0,0.0,0.0,0.0,,0.0,0,0,0,0,0,8.0,0.0,135459.05,74934.84,210393.88,0.0,9.53
2026-06-05T00:52:04.912+00:00,215530,996060cc-1738-4269-9a35-58ffa0c7dd73,,10,FAULT,0x04C0,I2C_TIMEOUT|SENSOR_RANGE|SELFTEST,0,0,0,0,0,0,0.0,0.0,0.0,4.979,2.564,597.48,307.68,-18.15,-9.32,0.0,0.0,0.0,0.0,0.0,0.0,,0.0,0,0,0,0,0,8.0,0.0,135536.72,74974.83,210511.56,0.0,-3.77
2026-06-05T00:52:05.042+00:00,215659,996060cc-1738-4269-9a35-58ffa0c7dd73,,10,FAULT,0x04C0,I2C_TIMEOUT|SENSOR_RANGE|SELFTEST,0,0,0,0,0,0,0.0,0.0,0.0,4.981,2.578,597.72,309.36,-19.37,-9.93,0.0,0.0,0.0,0.0,0.0,0.0,,0.0,0,0,0,0,0,8.0,0.0,135613.83,75014.74,210628.57,0.0,-9.46
2026-06-05T00:52:05.172+00:00,215788,996060cc-1738-4269-9a35-58ffa0c7dd73,,10,FAULT,0x04C0,I2C_TIMEOUT|SENSOR_RANGE|SELFTEST,0,0,0,0,0,0,0.0,0.0,0.0,4.995,2.587,599.4,310.44,-19.37,-9.93,0.0,0.0,0.0,0.0,0.0,0.0,,0.0,0,0,0,0,0,8.0,0.0,135691.15,75054.79,210745.94,0.0,0.0
2026-06-05T00:52:05.301+00:00,215917,996060cc-1738-4269-9a35-58ffa0c7dd73,,10,FAULT,0x04C0,I2C_TIMEOUT|SENSOR_RANGE|SELFTEST,0,0,0,0,0,0,0.0,0.0,0.0,4.967,2.573,596.04,308.76,-18.15,-9.32,0.0,0.0,0.0,0.0,0.0,0.0,,0.0,0,0,0,0,0,8.0,0.0,135768.04,75094.62,210862.66,0.0,9.46
2026-06-05T00:52:05.431+00:00,216047,996060cc-1738-4269-9a35-58ffa0c7dd73,,10,FAULT,0x04C0,I2C_TIMEOUT|SENSOR_RANGE|SELFTEST,0,0,0,0,0,0,0.0,0.0,0.0,5.012,2.589,601.44,310.68,-17.91,-9.2,0.0,0.0,0.0,0.0,0.0,0.0,,0.0,0,0,0,0,0,8.0,0.0,135846.23,75135.01,210981.23,0.0,1.85
2026-06-05T00:52:05.561+00:00,216176,996060cc-1738-4269-9a35-58ffa0c7dd73,,10,FAULT,0x04C0,I2C_TIMEOUT|SENSOR_RANGE|SELFTEST,0,0,0,0,0,0,0.0,0.0,0.0,4.94,2.555,592.8,306.6,-19.13,-9.56,0.0,0.0,0.0,0.0,0.0,0.0,,0.0,0,0,0,0,0,8.0,0.0,135922.7,75174.56,211097.26,0.0,-9.46
2026-06-05T00:52:05.689+00:00,216305,996060cc-1738-4269-9a35-58ffa0c7dd73,,10,FAULT,0x04C0,I2C_TIMEOUT|SENSOR_RANGE|SELFTEST,0,0,0,0,0,0,0.0,0.0,0.0,4.997,2.583,599.64,309.96,-19.62,-10.05,0.0,0.0,0.0,0.0,0.0,0.0,,0.0,0,0,0,0,0,8.0,0.0,136000.05,75214.54,211214.59,0.0,-3.8
2026-06-05T00:52:05.820+00:00,216435,996060cc-1738-4269-9a35-58ffa0c7dd73,,10,FAULT,0x04C0,I2C_TIMEOUT|SENSOR_RANGE|SELFTEST,0,0,0,0,0,0,0.0,0.0,0.0,4.951,2.56,594.12,307.2,-18.89,-9.68,0.0,0.0,0.0,0.0,0.0,0.0,,0.0,0,0,0,0,0,8.0,0.0,136077.29,75254.48,211331.77,0.0,5.62
2026-06-05T00:52:05.948+00:00,216564,996060cc-1738-4269-9a35-58ffa0c7dd73,,10,FAULT,0x04C0,I2C_TIMEOUT|SENSOR_RANGE|SELFTEST,0,0,0,0,0,0,0.0,0.0,0.0,4.987,2.575,598.44,309.0,-18.15,-9.32,0.0,0.0,0.0,0.0,0.0,0.0,,0.0,0,0,0,0,0,8.0,0.0,136154.49,75294.34,211448.83,0.0,5.74
2026-06-05T00:52:06.079+00:00,216693,996060cc-1738-4269-9a35-58ffa0c7dd73,,10,FAULT,0x04C0,I2C_TIMEOUT|SENSOR_RANGE|SELFTEST,0,0,0,0,0,0,0.0,0.0,0.0,4.974,2.565,596.88,307.8,-18.4,-9.32,0.0,0.0,0.0,0.0,0.0,0.0,,0.0,0,0,0,0,0,8.0,0.0,136231.48,75334.05,211565.53,0.0,-1.94
2026-06-05T00:52:06.209+00:00,216823,996060cc-1738-4269-9a35-58ffa0c7dd73,,10,FAULT,0x04C0,I2C_TIMEOUT|SENSOR_RANGE|SELFTEST,0,0,0,0,0,0,0.0,0.0,0.0,4.982,2.57,597.84,308.4,-19.62,-9.93,0.0,0.0,0.0,0.0,0.0,0.0,,0.0,0,0,0,0,0,8.0,0.0,136309.2,75374.14,211683.34,0.0,-9.38
2026-06-05T00:52:06.337+00:00,216952,996060cc-1738-4269-9a35-58ffa0c7dd73,,10,FAULT,0x04C0,I2C_TIMEOUT|SENSOR_RANGE|SELFTEST,0,0,0,0,0,0,0.0,0.0,0.0,4.98,2.576,597.6,309.12,-19.37,-9.93,0.0,0.0,0.0,0.0,0.0,0.0,,0.0,0,0,0,0,0,8.0,0.0,136386.29,75414.01,211800.31,0.0,1.94
2026-06-05T00:52:06.467+00:00,217081,996060cc-1738-4269-9a35-58ffa0c7dd73,,10,FAULT,0x04C0,I2C_TIMEOUT|SENSOR_RANGE|SELFTEST,0,0,0,0,0,0,0.0,0.0,0.0,4.983,2.571,597.96,308.52,-18.15,-9.32,0.0,0.0,0.0,0.0,0.0,0.0,,0.0,0,0,0,0,0,8.0,0.0,136463.43,75453.81,211917.24,0.0,9.46
2026-06-05T00:52:06.598+00:00,217210,996060cc-1738-4269-9a35-58ffa0c7dd73,,10,FAULT,0x04C0,I2C_TIMEOUT|SENSOR_RANGE|SELFTEST,0,0,0,0,0,0,0.0,0.0,0.0,5.011,2.581,601.32,309.72,-17.91,-9.2,0.0,0.0,0.0,0.0,0.0,0.0,,0.0,0,0,0,0,0,8.0,0.0,136541.0,75493.77,212034.77,0.0,1.86
2026-06-05T00:52:06.726+00:00,217340,996060cc-1738-4269-9a35-58ffa0c7dd73,,10,FAULT,0x04C0,I2C_TIMEOUT|SENSOR_RANGE|SELFTEST,0,0,0,0,0,0,0.0,0.0,0.0,4.95,2.556,594.0,306.72,-18.89,-9.68,0.0,0.0,0.0,0.0,0.0,0.0,,0.0,0,0,0,0,0,8.0,0.0,136618.22,75533.64,212151.86,0.0,-7.54
2026-06-05T00:52:06.856+00:00,217469,996060cc-1738-4269-9a35-58ffa0c7dd73,,10,FAULT,0x04C0,I2C_TIMEOUT|SENSOR_RANGE|SELFTEST,0,0,0,0,0,0,0.0,0.0,0.0,5.011,2.589,601.32,310.68,-19.37,-9.93,0.0,0.0,0.0,0.0,0.0,0.0,,0.0,0,0,0,0,0,8.0,0.0,136695.79,75573.72,212269.51,0.0,-3.72
2026-06-05T00:52:06.987+00:00,217598,996060cc-1738-4269-9a35-58ffa0c7dd73,,10,FAULT,0x04C0,I2C_TIMEOUT|SENSOR_RANGE|SELFTEST,0,0,0,0,0,0,0.0,0.0,0.0,4.951,2.564,594.12,307.68,-18.4,-9.56,0.0,0.0,0.0,0.0,0.0,0.0,,0.0,0,0,0,0,0,8.0,0.0,136772.43,75613.41,212385.84,0.0,7.52
2026-06-05T00:52:07.115+00:00,217729,996060cc-1738-4269-9a35-58ffa0c7dd73,,10,FAULT,0x04C0,I2C_TIMEOUT|SENSOR_RANGE|SELFTEST,0,0,0,0,0,0,0.0,0.0,0.0,5.0,2.58,600.0,309.6,-17.66,-9.07,0.0,0.0,0.0,0.0,0.0,0.0,,0.0,0,0,0,0,0,8.0,0.0,136851.03,75653.97,212505.0,0.0,5.65
2026-06-05T00:52:07.245+00:00,217858,996060cc-1738-4269-9a35-58ffa0c7dd73,,10,FAULT,0x04C0,I2C_TIMEOUT|SENSOR_RANGE|SELFTEST,0,0,0,0,0,0,0.0,0.0,0.0,4.962,2.561,595.44,307.32,-18.4,-9.32,0.0,0.0,0.0,0.0,0.0,0.0,,0.0,0,0,0,0,0,8.0,0.0,136927.84,75693.61,212621.45,0.0,-5.74
2026-06-05T00:52:07.374+00:00,217987,996060cc-1738-4269-9a35-58ffa0c7dd73,,10,FAULT,0x04C0,I2C_TIMEOUT|SENSOR_RANGE|SELFTEST,0,0,0,0,0,0,0.0,0.0,0.0,4.983,2.578,597.96,309.36,-19.37,-9.93,0.0,0.0,0.0,0.0,0.0,0.0,,0.0,0,0,0,0,0,8.0,0.0,137004.98,75733.52,212738.5,0.0,-7.52
2026-06-05T00:52:07.504+00:00,218116,996060cc-1738-4269-9a35-58ffa0c7dd73,,10,FAULT,0x04C0,I2C_TIMEOUT|SENSOR_RANGE|SELFTEST,0,0,0,0,0,0,0.0,0.0,0.0,4.975,2.576,597.0,309.12,-19.13,-9.68,0.0,0.0,0.0,0.0,0.0,0.0,,0.0,0,0,0,0,0,8.0,0.0,137081.99,75773.4,212855.39,0.0,1.86
2026-06-05T00:52:07.634+00:00,218246,996060cc-1738-4269-9a35-58ffa0c7dd73,,10,FAULT,0x04C0,I2C_TIMEOUT|SENSOR_RANGE|SELFTEST,0,0,0,0,0,0,0.0,0.0,0.0,4.985,2.579,598.2,309.48,-17.66,-9.32,0.0,0.0,0.0,0.0,0.0,0.0,,0.0,0,0,0,0,0,8.0,0.0,137159.76,75813.63,212973.39,0.0,11.31
2026-06-05T00:52:07.763+00:00,218375,996060cc-1738-4269-9a35-58ffa0c7dd73,,10,FAULT,0x04C0,I2C_TIMEOUT|SENSOR_RANGE|SELFTEST,0,0,0,0,0,0,0.0,0.0,0.0,4.991,2.574,598.92,308.88,-17.91,-9.2,0.0,0.0,0.0,0.0,0.0,0.0,,0.0,0,0,0,0,0,8.0,0.0,137237.02,75853.47,213090.49,0.0,-1.94
2026-06-05T00:52:07.893+00:00,218504,996060cc-1738-4269-9a35-58ffa0c7dd73,,10,FAULT,0x04C0,I2C_TIMEOUT|SENSOR_RANGE|SELFTEST,0,0,0,0,0,0,0.0,0.0,0.0,4.96,2.561,595.2,307.32,-18.89,-9.56,0.0,0.0,0.0,0.0,0.0,0.0,,0.0,0,0,0,0,0,8.0,0.0,137313.8,75893.12,213206.92,0.0,-7.6
2026-06-05T00:52:08.024+00:00,218634,996060cc-1738-4269-9a35-58ffa0c7dd73,,10,FAULT,0x04C0,I2C_TIMEOUT|SENSOR_RANGE|SELFTEST,0,0,0,0,0,0,0.0,0.0,0.0,5.007,2.591,600.84,310.92,-19.62,-10.05,0.0,0.0,0.0,0.0,0.0,0.0,,0.0,0,0,0,0,0,8.0,0.0,137391.91,75933.54,213325.45,0.0,-5.62
2026-06-05T00:52:08.151+00:00,218763,996060cc-1738-4269-9a35-58ffa0c7dd73,,10,FAULT,0x04C0,I2C_TIMEOUT|SENSOR_RANGE|SELFTEST,0,0,0,0,0,0,0.0,0.0,0.0,4.943,2.562,593.16,307.44,-18.4,-9.44,0.0,0.0,0.0,0.0,0.0,0.0,,0.0,0,0,0,0,0,8.0,0.0,137468.43,75973.2,213441.62,0.0,9.46
2026-06-05T00:52:08.282+00:00,218892,996060cc-1738-4269-9a35-58ffa0c7dd73,,10,FAULT,0x04C0,I2C_TIMEOUT|SENSOR_RANGE|SELFTEST,0,0,0,0,0,0,0.0,0.0,0.0,5.002,2.579,600.24,309.48,-17.66,-9.07,0.0,0.0,0.0,0.0,0.0,0.0,,0.0,0,0,0,0,0,8.0,0.0,137545.86,76013.12,213558.98,0.0,5.74
2026-06-05T00:52:08.412+00:00,219022,996060cc-1738-4269-9a35-58ffa0c7dd73,,10,FAULT,0x04C0,I2C_TIMEOUT|SENSOR_RANGE|SELFTEST,0,0,0,0,0,0,0.0,0.0,0.0,4.95,2.552,594.0,306.24,-18.4,-9.32,0.0,0.0,0.0,0.0,0.0,0.0,,0.0,0,0,0,0,0,8.0,0.0,137623.08,76052.93,213676.01,0.0,-5.69
2026-06-05T00:52:08.541+00:00,219151,996060cc-1738-4269-9a35-58ffa0c7dd73,,10,FAULT,0x04C0,I2C_TIMEOUT|SENSOR_RANGE|SELFTEST,0,0,0,0,0,0,0.0,0.0,0.0,4.989,2.571,598.68,308.52,-19.37,-9.81,0.0,0.0,0.0,0.0,0.0,0.0,,0.0,0,0,0,0,0,8.0,0.0,137700.31,76092.73,213793.04,0.0,-7.52
2026-06-05T00:52:08.671+00:00,219280,996060cc-1738-4269-9a35-58ffa0c7dd73,,10,FAULT,0x04C0,I2C_TIMEOUT|SENSOR_RANGE|SELFTEST,0,0,0,0,0,0,0.0,0.0,0.0,4.972,2.565,596.64,307.8,-19.13,-9.81,0.0,0.0,0.0,0.0,0.0,0.0,,0.0,0,0,0,0,0,8.0,0.0,137777.27,76132.44,213909.71,0.0,1.86
2026-06-05T00:52:08.799+00:00,219409,996060cc-1738-4269-9a35-58ffa0c7dd73,,10,FAULT,0x04C0,I2C_TIMEOUT|SENSOR_RANGE|SELFTEST,0,0,0,0,0,0,0.0,0.0,0.0,4.989,2.573,598.68,308.76,-17.66,-9.07,0.0,0.0,0.0,0.0,0.0,0.0,,0.0,0,0,0,0,0,8.0,0.0,137854.5,76172.27,214026.77,0.0,11.4
2026-06-05T00:52:08.930+00:00,219539,996060cc-1738-4269-9a35-58ffa0c7dd73,,10,FAULT,0x04C0,I2C_TIMEOUT|SENSOR_RANGE|SELFTEST,0,0,0,0,0,0,0.0,0.0,0.0,4.981,2.568,597.72,308.16,-17.91,-9.2,0.0,0.0,0.0,0.0,0.0,0.0,,0.0,0,0,0,0,0,8.0,0.0,137932.21,76212.33,214144.54,0.0,-1.92
2026-06-05T00:52:09.062+00:00,219668,996060cc-1738-4269-9a35-58ffa0c7dd73,,10,FAULT,0x04C0,I2C_TIMEOUT|SENSOR_RANGE|SELFTEST,0,0,0,0,0,0,0.0,0.0,0.0,4.978,2.566,597.36,307.92,-19.13,-9.81,0.0,0.0,0.0,0.0,0.0,0.0,,0.0,0,0,0,0,0,8.0,0.0,138009.27,76252.05,214261.32,0.0,-9.46
2026-06-05T00:52:09.188+00:00,219797,996060cc-1738-4269-9a35-58ffa0c7dd73,,10,FAULT,0x04C0,I2C_TIMEOUT|SENSOR_RANGE|SELFTEST,0,0,0,0,0,0,0.0,0.0,0.0,5.009,2.589,601.08,310.68,-19.37,-9.93,0.0,0.0,0.0,0.0,0.0,0.0,,0.0,0,0,0,0,0,8.0,0.0,138086.81,76292.13,214378.93,0.0,-1.86
2026-06-05T00:52:09.318+00:00,219927,996060cc-1738-4269-9a35-58ffa0c7dd73,,10,FAULT,0x04C0,I2C_TIMEOUT|SENSOR_RANGE|SELFTEST,0,0,0,0,0,0,0.0,0.0,0.0,4.962,2.564,595.44,307.68,-18.4,-9.44,0.0,0.0,0.0,0.0,0.0,0.0,,0.0,0,0,0,0,0,8.0,0.0,138164.21,76332.12,214496.34,0.0,7.46
2026-06-05T00:52:09.449+00:00,220056,996060cc-1738-4269-9a35-58ffa0c7dd73,,10,FAULT,0x04C0,I2C_TIMEOUT|SENSOR_RANGE|SELFTEST,0,0,0,0,0,0,0.0,0.0,0.0,5.018,2.583,602.16,309.96,-17.42,-9.2,0.0,0.0,0.0,0.0,0.0,0.0,,0.0,0,0,0,0,0,8.0,0.0,138241.89,76372.11,214614.0,0.0,7.6
2026-06-05T00:52:09.577+00:00,220185,996060cc-1738-4269-9a35-58ffa0c7dd73,,10,FAULT,0x04C0,I2C_TIMEOUT|SENSOR_RANGE|SELFTEST,0,0,0,0,0,0,0.0,0.0,0.0,4.953,2.549,594.36,305.88,-18.89,-9.56,0.0,0.0,0.0,0.0,0.0,0.0,,0.0,0,0,0,0,0,8.0,0.0,138318.57,76411.57,214730.13,0.0,-11.4
2026-06-05T00:52:09.707+00:00,220315,996060cc-1738-4269-9a35-58ffa0c7dd73,,10,FAULT,0x04C0,I2C_TIMEOUT|SENSOR_RANGE|SELFTEST,0,0,0,0,0,0,0.0,0.0,0.0,5.008,2.582,600.96,309.84,-19.37,-9.93,0.0,0.0,0.0,0.0,0.0,0.0,,0.0,0,0,0,0,0,8.0,0.0,138396.69,76451.85,214848.54,0.0,-3.69
2026-06-05T00:52:09.837+00:00,220444,996060cc-1738-4269-9a35-58ffa0c7dd73,,10,FAULT,0x04C0,I2C_TIMEOUT|SENSOR_RANGE|SELFTEST,0,0,0,0,0,0,0.0,0.0,0.0,4.974,2.568,596.88,308.16,-18.89,-9.81,0.0,0.0,0.0,0.0,0.0,0.0,,0.0,0,0,0,0,0,8.0,0.0,138473.69,76491.6,214965.29,0.0,3.72
2026-06-05T00:52:09.966+00:00,220573,996060cc-1738-4269-9a35-58ffa0c7dd73,,10,FAULT,0x04C0,I2C_TIMEOUT|SENSOR_RANGE|SELFTEST,0,0,0,0,0,0,0.0,0.0,0.0,4.999,2.579,599.88,309.48,-17.66,-9.2,0.0,0.0,0.0,0.0,0.0,0.0,,0.0,0,0,0,0,0,8.0,0.0,138551.07,76531.52,215082.59,0.0,9.53
2026-06-05T00:52:10.096+00:00,220702,996060cc-1738-4269-9a35-58ffa0c7dd73,,10,FAULT,0x04C0,I2C_TIMEOUT|SENSOR_RANGE|SELFTEST,0,0,0,0,0,0,0.0,0.0,0.0,4.987,2.573,598.44,308.76,-18.15,-9.2,0.0,0.0,0.0,0.0,0.0,0.0,,0.0,0,0,0,0,0,8.0,0.0,138628.27,76571.35,215199.62,0.0,-3.8
2026-06-05T00:52:10.224+00:00,220832,996060cc-1738-4269-9a35-58ffa0c7dd73,,10,FAULT,0x04C0,I2C_TIMEOUT|SENSOR_RANGE|SELFTEST,0,0,0,0,0,0,0.0,0.0,0.0,4.989,2.576,598.68,309.12,-19.13,-9.93,0.0,0.0,0.0,0.0,0.0,0.0,,0.0,0,0,0,0,0,8.0,0.0,138706.1,76611.54,215317.64,0.0,-7.54
2026-06-05T00:52:10.355+00:00,220961,996060cc-1738-4269-9a35-58ffa0c7dd73,,10,FAULT,0x04C0,I2C_TIMEOUT|SENSOR_RANGE|SELFTEST,0,0,0,0,0,0,0.0,0.0,0.0,4.994,2.587,599.28,310.44,-19.62,-9.93,0.0,0.0,0.0,0.0,0.0,0.0,,0.0,0,0,0,0,0,8.0,0.0,138783.41,76651.59,215434.99,0.0,-3.8
2026-06-05T00:52:10.485+00:00,221090,996060cc-1738-4269-9a35-58ffa0c7dd73,,10,FAULT,0x04C0,I2C_TIMEOUT|SENSOR_RANGE|SELFTEST,0,0,0,0,0,0,0.0,0.0,0.0,4.969,2.572,596.28,308.64,-18.15,-9.32,0.0,0.0,0.0,0.0,0.0,0.0,,0.0,0,0,0,0,0,8.0,0.0,138860.33,76691.4,215551.73,0.0,11.4
2026-06-05T00:52:10.613+00:00,221220,996060cc-1738-4269-9a35-58ffa0c7dd73,,10,FAULT,0x04C0,I2C_TIMEOUT|SENSOR_RANGE|SELFTEST,0,0,0,0,0,0,0.0,0.0,0.0,5.021,2.593,602.52,311.16,-17.91,-9.07,0.0,0.0,0.0,0.0,0.0,0.0,,0.0,0,0,0,0,0,8.0,0.0,138938.65,76731.85,215670.5,0.0,1.85
2026-06-05T00:52:10.743+00:00,221349,996060cc-1738-4269-9a35-58ffa0c7dd73,,10,FAULT,0x04C0,I2C_TIMEOUT|SENSOR_RANGE|SELFTEST,0,0,0,0,0,0,0.0,0.0,0.0,4.945,2.558,593.4,306.96,-18.64,-9.44,0.0,0.0,0.0,0.0,0.0,0.0,,0.0,0,0,0,0,0,8.0,0.0,139015.2,76771.45,215786.65,0.0,-5.66
2026-06-05T00:52:10.874+00:00,221478,996060cc-1738-4269-9a35-58ffa0c7dd73,,10,FAULT,0x04C0,I2C_TIMEOUT|SENSOR_RANGE|SELFTEST,0,0,0,0,0,0,0.0,0.0,0.0,5.008,2.594,600.96,311.28,-19.62,-9.93,0.0,0.0,0.0,0.0,0.0,0.0,,0.0,0,0,0,0,0,8.0,0.0,139092.73,76811.6,215904.33,0.0,-7.6
2026-06-05T00:52:11.003+00:00,221607,996060cc-1738-4269-9a35-58ffa0c7dd73,,10,FAULT,0x04C0,I2C_TIMEOUT|SENSOR_RANGE|SELFTEST,0,0,0,0,0,0,0.0,0.0,0.0,4.965,2.573,595.8,308.76,-18.64,-9.68,0.0,0.0,0.0,0.0,0.0,0.0,,0.0,0,0,0,0,0,8.0,0.0,139169.58,76851.43,216021.02,0.0,7.6
2026-06-05T00:52:11.132+00:00,221737,996060cc-1738-4269-9a35-58ffa0c7dd73,,10,FAULT,0x04C0,I2C_TIMEOUT|SENSOR_RANGE|SELFTEST,0,0,0,0,0,0,0.0,0.0,0.0,5.0,2.583,600.0,309.96,-17.66,-9.07,0.0,0.0,0.0,0.0,0.0,0.0,,0.0,0,0,0,0,0,8.0,0.0,139247.58,76891.73,216139.31,0.0,7.54
2026-06-05T00:52:11.263+00:00,221867,996060cc-1738-4269-9a35-58ffa0c7dd73,,10,FAULT,0x04C0,I2C_TIMEOUT|SENSOR_RANGE|SELFTEST,0,0,0,0,0,0,0.0,0.0,0.0,4.982,2.57,597.84,308.4,-18.15,-9.2,0.0,0.0,0.0,0.0,0.0,0.0,,0.0,0,0,0,0,0,8.0,0.0,139325.3,76931.82,216257.12,0.0,-3.77
2026-06-05T00:52:11.392+00:00,221996,996060cc-1738-4269-9a35-58ffa0c7dd73,,10,FAULT,0x04C0,I2C_TIMEOUT|SENSOR_RANGE|SELFTEST,0,0,0,0,0,0,0.0,0.0,0.0,4.995,2.584,599.4,310.08,-19.37,-9.68,0.0,0.0,0.0,0.0,0.0,0.0,,0.0,0,0,0,0,0,8.0,0.0,139402.63,76971.82,216374.45,0.0,-9.46
2026-06-05T00:52:11.521+00:00,222126,996060cc-1738-4269-9a35-58ffa0c7dd73,,10,FAULT,0x04C0,I2C_TIMEOUT|SENSOR_RANGE|SELFTEST,0,0,0,0,0,0,0.0,0.0,0.0,4.996,2.59,599.52,310.8,-19.37,-9.93,0.0,0.0,0.0,0.0,0.0,0.0,,0.0,0,0,0,0,0,8.0,0.0,139480.56,77012.22,216492.79,0.0,0.0
2026-06-05T00:52:11.650+00:00,222255,996060cc-1738-4269-9a35-58ffa0c7dd73,,10,FAULT,0x04C0,I2C_TIMEOUT|SENSOR_RANGE|SELFTEST,0,0,0,0,0,0,0.0,0.0,0.0,4.994,2.587,599.28,310.44,-18.15,-9.32,0.0,0.0,0.0,0.0,0.0,0.0,,0.0,0,0,0,0,0,8.0,0.0,139557.87,77052.27,216610.14,0.0,9.46
2026-06-05T00:52:11.780+00:00,222384,996060cc-1738-4269-9a35-58ffa0c7dd73,,10,FAULT,0x04C0,I2C_TIMEOUT|SENSOR_RANGE|SELFTEST,0,0,0,0,0,0,0.0,0.0,0.0,5.026,2.596,603.12,311.52,-17.66,-9.07,0.0,0.0,0.0,0.0,0.0,0.0,,0.0,0,0,0,0,0,8.0,0.0,139635.67,77092.46,216728.13,0.0,3.8
2026-06-05T00:52:11.911+00:00,222513,996060cc-1738-4269-9a35-58ffa0c7dd73,,10,FAULT,0x04C0,I2C_TIMEOUT|SENSOR_RANGE|SELFTEST,0,0,0,0,0,0,0.0,0.0,0.0,4.967,2.569,596.04,308.28,-18.89,-9.56,0.0,0.0,0.0,0.0,0.0,0.0,,0.0,0,0,0,0,0,8.0,0.0,139712.56,77132.23,216844.79,0.0,-9.53
2026-06-05T00:52:12.039+00:00,222643,996060cc-1738-4269-9a35-58ffa0c7dd73,,10,FAULT,0x04C0,I2C_TIMEOUT|SENSOR_RANGE|SELFTEST,0,0,0,0,0,0,0.0,0.0,0.0,5.029,2.603,603.48,312.36,-19.37,-9.93,0.0,0.0,0.0,0.0,0.0,0.0,,0.0,0,0,0,0,0,8.0,0.0,139791.02,77172.83,216963.85,0.0,-3.69
2026-06-05T00:52:12.169+00:00,222772,996060cc-1738-4269-9a35-58ffa0c7dd73,,10,FAULT,0x04C0,I2C_TIMEOUT|SENSOR_RANGE|SELFTEST,0,0,0,0,0,0,0.0,0.0,0.0,4.971,2.575,596.52,309.0,-18.89,-9.56,0.0,0.0,0.0,0.0,0.0,0.0,,0.0,0,0,0,0,0,8.0,0.0,139867.97,77212.69,217080.66,0.0,3.72
2026-06-05T00:52:12.299+00:00,222901,996060cc-1738-4269-9a35-58ffa0c7dd73,,10,FAULT,0x04C0,I2C_TIMEOUT|SENSOR_RANGE|SELFTEST,0,0,0,0,0,0,0.0,0.0,0.0,5.02,2.595,602.4,311.4,-17.66,-9.07,0.0,0.0,0.0,0.0,0.0,0.0,,0.0,0,0,0,0,0,8.0,0.0,139945.68,77252.86,217198.54,0.0,9.53
2026-06-05T00:52:12.428+00:00,223031,996060cc-1738-4269-9a35-58ffa0c7dd73,,10,FAULT,0x04C0,I2C_TIMEOUT|SENSOR_RANGE|SELFTEST,0,0,0,0,0,0,0.0,0.0,0.0,4.995,2.579,599.4,309.48,-18.4,-9.32,0.0,0.0,0.0,0.0,0.0,0.0,,0.0,0,0,0,0,0,8.0,0.0,140023.6,77293.1,217316.69,0.0,-5.69
2026-06-05T00:52:12.558+00:00,223160,996060cc-1738-4269-9a35-58ffa0c7dd73,,10,FAULT,0x04C0,I2C_TIMEOUT|SENSOR_RANGE|SELFTEST,0,0,0,0,0,0,0.0,0.0,0.0,5.014,2.591,601.68,310.92,-19.62,-9.81,0.0,0.0,0.0,0.0,0.0,0.0,,0.0,0,0,0,0,0,8.0,0.0,140101.21,77333.21,217434.42,0.0,-9.46
2026-06-05T00:52:12.688+00:00,223289,996060cc-1738-4269-9a35-58ffa0c7dd73,,10,FAULT,0x04C0,I2C_TIMEOUT|SENSOR_RANGE|SELFTEST,0,0,0,0,0,0,0.0,0.0,0.0,5.007,2.592,600.84,311.04,-19.37,-9.81,0.0,0.0,0.0,0.0,0.0,0.0,,0.0,0,0,0,0,0,8.0,0.0,140178.72,77373.33,217552.05,0.0,1.94
2026-06-05T00:52:12.816+00:00,223419,996060cc-1738-4269-9a35-58ffa0c7dd73,,10,FAULT,0x04C0,I2C_TIMEOUT|SENSOR_RANGE|SELFTEST,0,0,0,0,0,0,0.0,0.0,0.0,5.017,2.598,602.04,311.76,-17.66,-9.2,0.0,0.0,0.0,0.0,0.0,0.0,,0.0,0,0,0,0,0,8.0,0.0,140256.99,77413.86,217670.85,0.0,13.15
2026-06-05T00:52:12.947+00:00,223548,996060cc-1738-4269-9a35-58ffa0c7dd73,,10,FAULT,0x04C0,I2C_TIMEOUT|SENSOR_RANGE|SELFTEST,0,0,0,0,0,0,0.0,0.0,0.0,5.025,2.6,603.0,312.0,-17.66,-9.2,0.0,0.0,0.0,0.0,0.0,0.0,,0.0,0,0,0,0,0,8.0,0.0,140334.78,77454.11,217788.88,0.0,0.0
2026-06-05T00:52:13.075+00:00,223677,996060cc-1738-4269-9a35-58ffa0c7dd73,,10,FAULT,0x04C0,I2C_TIMEOUT|SENSOR_RANGE|SELFTEST,0,0,0,0,0,0,0.0,0.0,0.0,4.985,2.58,598.2,309.6,-18.89,-9.68,0.0,0.0,0.0,0.0,0.0,0.0,,0.0,0,0,0,0,0,8.0,0.0,140411.94,77494.04,217905.99,0.0,-9.53
2026-06-05T00:52:13.205+00:00,223806,996060cc-1738-4269-9a35-58ffa0c7dd73,,10,FAULT,0x04C0,I2C_TIMEOUT|SENSOR_RANGE|SELFTEST,0,0,0,0,0,0,0.0,0.0,0.0,5.04,2.611,604.8,313.32,-19.37,-9.93,0.0,0.0,0.0,0.0,0.0,0.0,,0.0,0,0,0,0,0,8.0,0.0,140489.96,77534.46,218024.43,0.0,-3.72
2026-06-05T00:52:13.336+00:00,223936,996060cc-1738-4269-9a35-58ffa0c7dd73,,10,FAULT,0x04C0,I2C_TIMEOUT|SENSOR_RANGE|SELFTEST,0,0,0,0,0,0,0.0,0.0,0.0,4.968,2.575,596.16,309.0,-18.64,-9.68,0.0,0.0,0.0,0.0,0.0,0.0,,0.0,0,0,0,0,0,8.0,0.0,140567.46,77574.63,218142.1,0.0,5.62
2026-06-05T00:52:13.464+00:00,224065,996060cc-1738-4269-9a35-58ffa0c7dd73,,10,FAULT,0x04C0,I2C_TIMEOUT|SENSOR_RANGE|SELFTEST,0,0,0,0,0,0,0.0,0.0,0.0,5.027,2.598,603.24,311.76,-17.66,-9.07,0.0,0.0,0.0,0.0,0.0,0.0,,0.0,0,0,0,0,0,8.0,0.0,140645.28,77614.85,218260.13,0.0,7.6
2026-06-05T00:52:13.594+00:00,224194,996060cc-1738-4269-9a35-58ffa0c7dd73,,10,FAULT,0x04C0,I2C_TIMEOUT|SENSOR_RANGE|SELFTEST,0,0,0,0,0,0,0.0,0.0,0.0,4.985,2.578,598.2,309.36,-18.4,-9.44,0.0,0.0,0.0,0.0,0.0,0.0,,0.0,0,0,0,0,0,8.0,0.0,140722.45,77654.76,218377.21,0.0,-5.74
2026-06-05T00:52:13.725+00:00,224324,996060cc-1738-4269-9a35-58ffa0c7dd73,,10,FAULT,0x04C0,I2C_TIMEOUT|SENSOR_RANGE|SELFTEST,0,0,0,0,0,0,0.0,0.0,0.0,5.011,2.595,601.32,311.4,-19.62,-10.05,0.0,0.0,0.0,0.0,0.0,0.0,,0.0,0,0,0,0,0,8.0,0.0,140800.62,77695.24,218495.86,0.0,-9.38
2026-06-05T00:52:13.855+00:00,224453,996060cc-1738-4269-9a35-58ffa0c7dd73,,10,FAULT,0x04C0,I2C_TIMEOUT|SENSOR_RANGE|SELFTEST,0,0,0,0,0,0,0.0,0.0,0.0,4.996,2.593,599.52,311.16,-19.37,-9.81,0.0,0.0,0.0,0.0,0.0,0.0,,0.0,0,0,0,0,0,8.0,0.0,140877.96,77735.38,218613.34,0.0,1.94
2026-06-05T00:52:13.983+00:00,224582,996060cc-1738-4269-9a35-58ffa0c7dd73,,10,FAULT,0x04C0,I2C_TIMEOUT|SENSOR_RANGE|SELFTEST,0,0,0,0,0,0,0.0,0.0,0.0,5.01,2.596,601.2,311.52,-17.91,-9.32,0.0,0.0,0.0,0.0,0.0,0.0,,0.0,0,0,0,0,0,8.0,0.0,140955.51,77775.57,218731.08,0.0,11.32
2026-06-05T00:52:14.113+00:00,224712,996060cc-1738-4269-9a35-58ffa0c7dd73,,10,FAULT,0x04C0,I2C_TIMEOUT|SENSOR_RANGE|SELFTEST,0,0,0,0,0,0,0.0,0.0,0.0,5.005,2.593,600.6,311.16,-17.66,-9.2,0.0,0.0,0.0,0.0,0.0,0.0,,0.0,0,0,0,0,0,8.0,0.0,141033.59,77816.02,218849.61,0.0,1.92
2026-06-05T00:52:14.242+00:00,224841,996060cc-1738-4269-9a35-58ffa0c7dd73,,10,FAULT,0x04C0,I2C_TIMEOUT|SENSOR_RANGE|SELFTEST,0,0,0,0,0,0,0.0,0.0,0.0,4.988,2.579,598.56,309.48,-18.89,-9.68,0.0,0.0,0.0,0.0,0.0,0.0,,0.0,0,0,0,0,0,8.0,0.0,141110.81,77855.94,218966.74,0.0,-9.53
2026-06-05T00:52:14.373+00:00,224970,996060cc-1738-4269-9a35-58ffa0c7dd73,,10,FAULT,0x04C0,I2C_TIMEOUT|SENSOR_RANGE|SELFTEST,0,0,0,0,0,0,0.0,0.0,0.0,5.032,2.606,603.84,312.72,-19.37,-9.81,0.0,0.0,0.0,0.0,0.0,0.0,,0.0,0,0,0,0,0,8.0,0.0,141188.7,77896.28,219084.98,0.0,-3.72
2026-06-05T00:52:14.500+00:00,225099,996060cc-1738-4269-9a35-58ffa0c7dd73,,10,FAULT,0x04C0,I2C_TIMEOUT|SENSOR_RANGE|SELFTEST,0,0,0,0,0,0,0.0,0.0,0.0,4.971,2.573,596.52,308.76,-18.4,-9.56,0.0,0.0,0.0,0.0,0.0,0.0,,0.0,0,0,0,0,0,8.0,0.0,141265.65,77936.11,219201.76,0.0,7.52
2026-06-05T00:52:14.630+00:00,225229,996060cc-1738-4269-9a35-58ffa0c7dd73,,10,FAULT,0x04C0,I2C_TIMEOUT|SENSOR_RANGE|SELFTEST,0,0,0,0,0,0,0.0,0.0,0.0,5.027,2.595,603.24,311.4,-17.66,-9.2,0.0,0.0,0.0,0.0,0.0,0.0,,0.0,0,0,0,0,0,8.0,0.0,141344.07,77976.59,219320.66,0.0,5.69
2026-06-05T00:52:14.761+00:00,225358,996060cc-1738-4269-9a35-58ffa0c7dd73,,10,FAULT,0x04C0,I2C_TIMEOUT|SENSOR_RANGE|SELFTEST,0,0,0,0,0,0,0.0,0.0,0.0,4.976,2.568,597.12,308.16,-18.4,-9.32,0.0,0.0,0.0,0.0,0.0,0.0,,0.0,0,0,0,0,0,8.0,0.0,141421.1,78016.34,219437.45,0.0,-5.74
2026-06-05T00:52:14.890+00:00,225487,996060cc-1738-4269-9a35-58ffa0c7dd73,,10,FAULT,0x04C0,I2C_TIMEOUT|SENSOR_RANGE|SELFTEST,0,0,0,0,0,0,0.0,0.0,0.0,5.015,2.584,601.8,310.08,-19.62,-9.93,0.0,0.0,0.0,0.0,0.0,0.0,,0.0,0,0,0,0,0,8.0,0.0,141498.73,78056.34,219555.08,0.0,-9.46
2026-06-05T00:52:15.019+00:00,225617,996060cc-1738-4269-9a35-58ffa0c7dd73,,10,FAULT,0x04C0,I2C_TIMEOUT|SENSOR_RANGE|SELFTEST,0,0,0,0,0,0,0.0,0.0,0.0,4.995,2.578,599.4,309.36,-19.37,-9.81,0.0,0.0,0.0,0.0,0.0,0.0,,0.0,0,0,0,0,0,8.0,0.0,141576.66,78096.56,219673.22,0.0,1.92
2026-06-05T00:52:15.150+00:00,225746,996060cc-1738-4269-9a35-58ffa0c7dd73,,10,FAULT,0x04C0,I2C_TIMEOUT|SENSOR_RANGE|SELFTEST,0,0,0,0,0,0,0.0,0.0,0.0,5.017,2.581,602.04,309.72,-17.91,-9.32,0.0,0.0,0.0,0.0,0.0,0.0,,0.0,0,0,0,0,0,8.0,0.0,141654.32,78136.52,219790.83,0.0,11.32
2026-06-05T00:52:15.279+00:00,225875,996060cc-1738-4269-9a35-58ffa0c7dd73,,10,FAULT,0x04C0,I2C_TIMEOUT|SENSOR_RANGE|SELFTEST,0,0,0,0,0,0,0.0,0.0,0.0,5.005,2.574,600.6,308.88,-17.66,-9.2,0.0,0.0,0.0,0.0,0.0,0.0,,0.0,0,0,0,0,0,8.0,0.0,141731.8,78176.36,219908.16,0.0,1.94
2026-06-05T00:52:15.409+00:00,226004,996060cc-1738-4269-9a35-58ffa0c7dd73,,10,FAULT,0x04C0,I2C_TIMEOUT|SENSOR_RANGE|SELFTEST,0,0,0,0,0,0,0.0,0.0,0.0,4.997,2.573,599.64,308.76,-19.13,-9.68,0.0,0.0,0.0,0.0,0.0,0.0,,0.0,0,0,0,0,0,8.0,0.0,141809.15,78216.19,220025.34,0.0,-11.4
2026-06-05T00:52:15.539+00:00,226135,996060cc-1738-4269-9a35-58ffa0c7dd73,,10,FAULT,0x04C0,I2C_TIMEOUT|SENSOR_RANGE|SELFTEST,0,0,0,0,0,0,0.0,0.0,0.0,5.026,2.597,603.12,311.64,-19.37,-9.93,0.0,0.0,0.0,0.0,0.0,0.0,,0.0,0,0,0,0,0,8.0,0.0,141888.16,78257.02,220145.17,0.0,-1.83
2026-06-05T00:52:15.667+00:00,226264,996060cc-1738-4269-9a35-58ffa0c7dd73,,10,FAULT,0x04C0,I2C_TIMEOUT|SENSOR_RANGE|SELFTEST,0,0,0,0,0,0,0.0,0.0,0.0,4.978,2.566,597.36,307.92,-18.4,-9.44,0.0,0.0,0.0,0.0,0.0,0.0,,0.0,0,0,0,0,0,8.0,0.0,141965.22,78296.74,220261.96,0.0,7.52
2026-06-05T00:52:15.798+00:00,226393,996060cc-1738-4269-9a35-58ffa0c7dd73,,10,FAULT,0x04C0,I2C_TIMEOUT|SENSOR_RANGE|SELFTEST,0,0,0,0,0,0,0.0,0.0,0.0,5.034,2.591,604.08,310.92,-17.66,-9.07,0.0,0.0,0.0,0.0,0.0,0.0,,0.0,0,0,0,0,0,8.0,0.0,142043.14,78336.85,220379.99,0.0,5.74
2026-06-05T00:52:15.926+00:00,226523,996060cc-1738-4269-9a35-58ffa0c7dd73,,10,FAULT,0x04C0,I2C_TIMEOUT|SENSOR_RANGE|SELFTEST,0,0,0,0,0,0,0.0,0.0,0.0,4.965,2.553,595.8,306.36,-18.64,-9.56,0.0,0.0,0.0,0.0,0.0,0.0,,0.0,0,0,0,0,0,8.0,0.0,142120.6,78376.67,220497.27,0.0,-7.54
2026-06-05T00:52:16.056+00:00,226652,996060cc-1738-4269-9a35-58ffa0c7dd73,,10,FAULT,0x04C0,I2C_TIMEOUT|SENSOR_RANGE|SELFTEST,0,0,0,0,0,0,0.0,0.0,0.0,5.018,2.583,602.16,309.96,-19.62,-9.93,0.0,0.0,0.0,0.0,0.0,0.0,,0.0,0,0,0,0,0,8.0,0.0,142198.28,78416.66,220614.93,0.0,-7.6
2026-06-05T00:52:16.186+00:00,226781,996060cc-1738-4269-9a35-58ffa0c7dd73,,10,FAULT,0x04C0,I2C_TIMEOUT|SENSOR_RANGE|SELFTEST,0,0,0,0,0,0,0.0,0.0,0.0,4.989,2.574,598.68,308.88,-19.13,-9.81,0.0,0.0,0.0,0.0,0.0,0.0,,0.0,0,0,0,0,0,8.0,0.0,142275.51,78456.5,220732.01,0.0,3.8
2026-06-05T00:52:16.315+00:00,226910,996060cc-1738-4269-9a35-58ffa0c7dd73,,10,FAULT,0x04C0,I2C_TIMEOUT|SENSOR_RANGE|SELFTEST,0,0,0,0,0,0,0.0,0.0,0.0,5.015,2.582,601.8,309.84,-17.91,-9.07,0.0,0.0,0.0,0.0,0.0,0.0,,0.0,0,0,0,0,0,8.0,0.0,142353.14,78496.47,220849.61,0.0,9.46
2026-06-05T00:52:16.445+00:00,227040,996060cc-1738-4269-9a35-58ffa0c7dd73,,10,FAULT,0x04C0,I2C_TIMEOUT|SENSOR_RANGE|SELFTEST,0,0,0,0,0,0,0.0,0.0,0.0,5.0,2.574,600.0,308.88,-17.91,-9.2,0.0,0.0,0.0,0.0,0.0,0.0,,0.0,0,0,0,0,0,8.0,0.0,142431.14,78536.63,220967.77,0.0,0.0
2026-06-05T00:52:16.575+00:00,227169,996060cc-1738-4269-9a35-58ffa0c7dd73,,10,FAULT,0x04C0,I2C_TIMEOUT|SENSOR_RANGE|SELFTEST,0,0,0,0,0,0,0.0,0.0,0.0,5.008,2.581,600.96,309.72,-19.37,-9.81,0.0,0.0,0.0,0.0,0.0,0.0,,0.0,0,0,0,0,0,8.0,0.0,142508.66,78576.58,221085.24,0.0,-11.32
2026-06-05T00:52:16.703+00:00,227298,996060cc-1738-4269-9a35-58ffa0c7dd73,,10,FAULT,0x04C0,I2C_TIMEOUT|SENSOR_RANGE|SELFTEST,0,0,0,0,0,0,0.0,0.0,0.0,5.019,2.592,602.28,311.04,-19.37,-9.81,0.0,0.0,0.0,0.0,0.0,0.0,,0.0,0,0,0,0,0,8.0,0.0,142586.36,78616.71,221203.06,0.0,0.0
2026-06-05T00:52:16.834+00:00,227428,996060cc-1738-4269-9a35-58ffa0c7dd73,,10,FAULT,0x04C0,I2C_TIMEOUT|SENSOR_RANGE|SELFTEST,0,0,0,0,0,0,0.0,0.0,0.0,4.986,2.577,598.32,309.24,-18.15,-9.44,0.0,0.0,0.0,0.0,0.0,0.0,,0.0,0,0,0,0,0,8.0,0.0,142664.14,78656.91,221321.04,0.0,9.38
2026-06-05T00:52:16.964+00:00,227557,996060cc-1738-4269-9a35-58ffa0c7dd73,,10,FAULT,0x04C0,I2C_TIMEOUT|SENSOR_RANGE|SELFTEST,0,0,0,0,0,0,0.0,0.0,0.0,5.034,2.596,604.08,311.52,-17.66,-9.2,0.0,0.0,0.0,0.0,0.0,0.0,,0.0,0,0,0,0,0,8.0,0.0,142742.06,78697.09,221439.16,0.0,3.8
2026-06-05T00:52:17.092+00:00,227686,996060cc-1738-4269-9a35-58ffa0c7dd73,,10,FAULT,0x04C0,I2C_TIMEOUT|SENSOR_RANGE|SELFTEST,0,0,0,0,0,0,0.0,0.0,0.0,4.965,2.558,595.8,306.96,-18.64,-9.44,0.0,0.0,0.0,0.0,0.0,0.0,,0.0,0,0,0,0,0,8.0,0.0,142818.92,78736.69,221555.61,0.0,-7.6
2026-06-05T00:52:17.223+00:00,227815,996060cc-1738-4269-9a35-58ffa0c7dd73,,10,FAULT,0x04C0,I2C_TIMEOUT|SENSOR_RANGE|SELFTEST,0,0,0,0,0,0,0.0,0.0,0.0,5.021,2.587,602.52,310.44,-19.37,-9.93,0.0,0.0,0.0,0.0,0.0,0.0,,0.0,0,0,0,0,0,8.0,0.0,142896.65,78776.74,221673.39,0.0,-5.66
2026-06-05T00:52:17.351+00:00,227945,996060cc-1738-4269-9a35-58ffa0c7dd73,,10,FAULT,0x04C0,I2C_TIMEOUT|SENSOR_RANGE|SELFTEST,0,0,0,0,0,0,0.0,0.0,0.0,4.977,2.571,597.24,308.52,-18.89,-9.68,0.0,0.0,0.0,0.0,0.0,0.0,,0.0,0,0,0,0,0,8.0,0.0,142974.29,78816.84,221791.13,0.0,3.69
2026-06-05T00:52:17.481+00:00,228074,996060cc-1738-4269-9a35-58ffa0c7dd73,,10,FAULT,0x04C0,I2C_TIMEOUT|SENSOR_RANGE|SELFTEST,0,0,0,0,0,0,0.0,0.0,0.0,5.006,2.583,600.72,309.96,-17.66,-9.2,0.0,0.0,0.0,0.0,0.0,0.0,,0.0,0,0,0,0,0,8.0,0.0,143051.78,78856.83,221908.61,0.0,9.53
2026-06-05T00:52:17.612+00:00,228203,996060cc-1738-4269-9a35-58ffa0c7dd73,,10,FAULT,0x04C0,I2C_TIMEOUT|SENSOR_RANGE|SELFTEST,0,0,0,0,0,0,0.0,0.0,0.0,4.988,2.576,598.56,309.12,-17.91,-9.32,0.0,0.0,0.0,0.0,0.0,0.0,,0.0,0,0,0,0,0,8.0,0.0,143129.0,78896.71,222025.7,0.0,-1.94
2026-06-05T00:52:17.740+00:00,228333,996060cc-1738-4269-9a35-58ffa0c7dd73,,10,FAULT,0x04C0,I2C_TIMEOUT|SENSOR_RANGE|SELFTEST,0,0,0,0,0,0,0.0,0.0,0.0,5.003,2.586,600.36,310.32,-19.37,-9.81,0.0,0.0,0.0,0.0,0.0,0.0,,0.0,0,0,0,0,0,8.0,0.0,143207.04,78937.05,222144.09,0.0,-11.23
2026-06-05T00:52:17.870+00:00,228462,996060cc-1738-4269-9a35-58ffa0c7dd73,,10,FAULT,0x04C0,I2C_TIMEOUT|SENSOR_RANGE|SELFTEST,0,0,0,0,0,0,0.0,0.0,0.0,5.004,2.593,600.48,311.16,-19.37,-9.93,0.0,0.0,0.0,0.0,0.0,0.0,,0.0,0,0,0,0,0,8.0,0.0,143284.51,78977.19,222261.69,0.0,0.0
2026-06-05T00:52:18.001+00:00,228591,996060cc-1738-4269-9a35-58ffa0c7dd73,,10,FAULT,0x04C0,I2C_TIMEOUT|SENSOR_RANGE|SELFTEST,0,0,0,0,0,0,0.0,0.0,0.0,4.991,2.581,598.92,309.72,-18.15,-9.44,0.0,0.0,0.0,0.0,0.0,0.0,,0.0,0,0,0,0,0,8.0,0.0,143361.77,79017.14,222378.91,0.0,9.46
2026-06-05T00:52:18.129+00:00,228721,996060cc-1738-4269-9a35-58ffa0c7dd73,,10,FAULT,0x04C0,I2C_TIMEOUT|SENSOR_RANGE|SELFTEST,0,0,0,0,0,0,0.0,0.0,0.0,5.032,2.598,603.84,311.76,-17.66,-9.07,0.0,0.0,0.0,0.0,0.0,0.0,,0.0,0,0,0,0,0,8.0,0.0,143440.27,79057.67,222497.93,0.0,3.77
2026-06-05T00:52:18.260+00:00,228850,996060cc-1738-4269-9a35-58ffa0c7dd73,,10,FAULT,0x04C0,I2C_TIMEOUT|SENSOR_RANGE|SELFTEST,0,0,0,0,0,0,0.0,0.0,0.0,4.969,2.563,596.28,307.56,-18.64,-9.56,0.0,0.0,0.0,0.0,0.0,0.0,,0.0,0,0,0,0,0,8.0,0.0,143517.19,79097.35,222614.53,0.0,-7.6
2026-06-05T00:52:18.389+00:00,228979,996060cc-1738-4269-9a35-58ffa0c7dd73,,10,FAULT,0x04C0,I2C_TIMEOUT|SENSOR_RANGE|SELFTEST,0,0,0,0,0,0,0.0,0.0,0.0,5.028,2.6,603.36,312.0,-19.37,-9.81,0.0,0.0,0.0,0.0,0.0,0.0,,0.0,0,0,0,0,0,8.0,0.0,143595.02,79137.59,222732.61,0.0,-5.66
2026-06-05T00:52:18.518+00:00,229108,996060cc-1738-4269-9a35-58ffa0c7dd73,,10,FAULT,0x04C0,I2C_TIMEOUT|SENSOR_RANGE|SELFTEST,0,0,0,0,0,0,0.0,0.0,0.0,4.979,2.578,597.48,309.36,-18.89,-9.81,0.0,0.0,0.0,0.0,0.0,0.0,,0.0,0,0,0,0,0,8.0,0.0,143672.09,79177.5,222849.59,0.0,3.72
2026-06-05T00:52:18.648+00:00,229238,996060cc-1738-4269-9a35-58ffa0c7dd73,,10,FAULT,0x04C0,I2C_TIMEOUT|SENSOR_RANGE|SELFTEST,0,0,0,0,0,0,0.0,0.0,0.0,5.017,2.589,602.04,310.68,-17.66,-9.2,0.0,0.0,0.0,0.0,0.0,0.0,,0.0,0,0,0,0,0,8.0,0.0,143750.36,79217.89,222968.25,0.0,9.46
2026-06-05T00:52:18.779+00:00,229367,996060cc-1738-4269-9a35-58ffa0c7dd73,,10,FAULT,0x04C0,I2C_TIMEOUT|SENSOR_RANGE|SELFTEST,0,0,0,0,0,0,0.0,0.0,0.0,4.995,2.579,599.4,309.48,-17.91,-9.2,0.0,0.0,0.0,0.0,0.0,0.0,,0.0,0,0,0,0,0,8.0,0.0,143827.68,79257.81,223085.49,0.0,-1.94
2026-06-05T00:52:18.907+00:00,229496,996060cc-1738-4269-9a35-58ffa0c7dd73,,10,FAULT,0x04C0,I2C_TIMEOUT|SENSOR_RANGE|SELFTEST,0,0,0,0,0,0,0.0,0.0,0.0,5.015,2.591,601.8,310.92,-19.37,-9.81,0.0,0.0,0.0,0.0,0.0,0.0,,0.0,0,0,0,0,0,8.0,0.0,143905.31,79297.92,223203.23,0.0,-11.32
2026-06-05T00:52:19.037+00:00,229626,996060cc-1738-4269-9a35-58ffa0c7dd73,,10,FAULT,0x04C0,I2C_TIMEOUT|SENSOR_RANGE|SELFTEST,0,0,0,0,0,0,0.0,0.0,0.0,5.006,2.596,600.72,311.52,-19.62,-9.93,0.0,0.0,0.0,0.0,0.0,0.0,,0.0,0,0,0,0,0,8.0,0.0,143983.41,79338.42,223321.83,0.0,-1.92
2026-06-05T00:52:19.167+00:00,229755,996060cc-1738-4269-9a35-58ffa0c7dd73,,10,FAULT,0x04C0,I2C_TIMEOUT|SENSOR_RANGE|SELFTEST,0,0,0,0,0,0,0.0,0.0,0.0,4.999,2.593,599.88,311.16,-18.15,-9.44,0.0,0.0,0.0,0.0,0.0,0.0,,0.0,0,0,0,0,0,8.0,0.0,144060.79,79378.56,223439.35,0.0,11.4
2026-06-05T00:52:19.296+00:00,229884,996060cc-1738-4269-9a35-58ffa0c7dd73,,10,FAULT,0x04C0,I2C_TIMEOUT|SENSOR_RANGE|SELFTEST,0,0,0,0,0,0,0.0,0.0,0.0,5.022,2.603,602.64,312.36,-17.66,-9.2,0.0,0.0,0.0,0.0,0.0,0.0,,0.0,0,0,0,0,0,8.0,0.0,144138.53,79418.85,223557.38,0.0,3.8
2026-06-05T00:52:19.426+00:00,230013,996060cc-1738-4269-9a35-58ffa0c7dd73,,10,FAULT,0x04C0,I2C_TIMEOUT|SENSOR_RANGE|SELFTEST,0,0,0,0,0,0,0.0,0.0,0.0,4.97,2.573,596.4,308.76,-18.64,-9.56,0.0,0.0,0.0,0.0,0.0,0.0,,0.0,0,0,0,0,0,8.0,0.0,144215.47,79458.68,223674.15,0.0,-7.6
2026-06-05T00:52:19.554+00:00,230144,996060cc-1738-4269-9a35-58ffa0c7dd73,,10,FAULT,0x04C0,I2C_TIMEOUT|SENSOR_RANGE|SELFTEST,0,0,0,0,0,0,0.0,0.0,0.0,5.032,2.611,603.84,313.32,-19.37,-9.93,0.0,0.0,0.0,0.0,0.0,0.0,,0.0,0,0,0,0,0,8.0,0.0,144294.57,79499.73,223794.3,0.0,-5.57
2026-06-05T00:52:19.685+00:00,230273,996060cc-1738-4269-9a35-58ffa0c7dd73,,10,FAULT,0x04C0,I2C_TIMEOUT|SENSOR_RANGE|SELFTEST,0,0,0,0,0,0,0.0,0.0,0.0,4.974,2.577,596.88,309.24,-18.89,-9.68,0.0,0.0,0.0,0.0,0.0,0.0,,0.0,0,0,0,0,0,8.0,0.0,144371.57,79539.62,223911.19,0.0,3.72
2026-06-05T00:52:19.815+00:00,230402,996060cc-1738-4269-9a35-58ffa0c7dd73,,10,FAULT,0x04C0,I2C_TIMEOUT|SENSOR_RANGE|SELFTEST,0,0,0,0,0,0,0.0,0.0,0.0,5.019,2.597,602.28,311.64,-17.66,-9.2,0.0,0.0,0.0,0.0,0.0,0.0,,0.0,0,0,0,0,0,8.0,0.0,144449.26,79579.82,224029.08,0.0,9.53
2026-06-05T00:52:19.943+00:00,230532,996060cc-1738-4269-9a35-58ffa0c7dd73,,10,FAULT,0x04C0,I2C_TIMEOUT|SENSOR_RANGE|SELFTEST,0,0,0,0,0,0,0.0,0.0,0.0,4.991,2.58,598.92,309.6,-18.15,-9.2,0.0,0.0,0.0,0.0,0.0,0.0,,0.0,0,0,0,0,0,8.0,0.0,144527.12,79620.07,224147.19,0.0,-3.77
2026-06-05T00:52:20.073+00:00,230661,996060cc-1738-4269-9a35-58ffa0c7dd73,,10,FAULT,0x04C0,I2C_TIMEOUT|SENSOR_RANGE|SELFTEST,0,0,0,0,0,0,0.0,0.0,0.0,5.016,2.595,601.92,311.4,-19.37,-9.81,0.0,0.0,0.0,0.0,0.0,0.0,,0.0,0,0,0,0,0,8.0,0.0,144604.77,79660.24,224265.01,0.0,-9.46
2026-06-05T00:52:20.202+00:00,230790,996060cc-1738-4269-9a35-58ffa0c7dd73,,10,FAULT,0x04C0,I2C_TIMEOUT|SENSOR_RANGE|SELFTEST,0,0,0,0,0,0,0.0,0.0,0.0,5.003,2.598,600.36,311.76,-19.37,-9.93,0.0,0.0,0.0,0.0,0.0,0.0,,0.0,0,0,0,0,0,8.0,0.0,144682.22,79700.46,224382.67,0.0,0.0
2026-06-05T00:52:20.332+00:00,230919,996060cc-1738-4269-9a35-58ffa0c7dd73,,10,FAULT,0x04C0,I2C_TIMEOUT|SENSOR_RANGE|SELFTEST,0,0,0,0,0,0,0.0,0.0,0.0,5.007,2.594,600.84,311.28,-18.4,-9.44,0.0,0.0,0.0,0.0,0.0,0.0,,0.0,0,0,0,0,0,8.0,0.0,144759.72,79740.61,224500.34,0.0,7.52
2026-06-05T00:52:20.462+00:00,231049,996060cc-1738-4269-9a35-58ffa0c7dd73,,10,FAULT,0x04C0,I2C_TIMEOUT|SENSOR_RANGE|SELFTEST,0,0,0,0,0,0,0.0,0.0,0.0,5.016,2.594,601.92,311.28,-17.66,-9.07,0.0,0.0,0.0,0.0,0.0,0.0,,0.0,0,0,0,0,0,8.0,0.0,144837.97,79781.08,224619.05,0.0,5.69
2026-06-05T00:52:20.591+00:00,231178,996060cc-1738-4269-9a35-58ffa0c7dd73,,10,FAULT,0x04C0,I2C_TIMEOUT|SENSOR_RANGE|SELFTEST,0,0,0,0,0,0,0.0,0.0,0.0,4.972,2.568,596.64,308.16,-18.89,-9.44,0.0,0.0,0.0,0.0,0.0,0.0,,0.0,0,0,0,0,0,8.0,0.0,144914.94,79820.83,224735.77,0.0,-9.53
2026-06-05T00:52:20.722+00:00,231307,996060cc-1738-4269-9a35-58ffa0c7dd73,,10,FAULT,0x04C0,I2C_TIMEOUT|SENSOR_RANGE|SELFTEST,0,0,0,0,0,0,0.0,0.0,0.0,5.027,2.605,603.24,312.6,-19.62,-9.93,0.0,0.0,0.0,0.0,0.0,0.0,,0.0,0,0,0,0,0,8.0,0.0,144992.76,79861.16,224853.91,0.0,-5.66
2026-06-05T00:52:20.851+00:00,231437,996060cc-1738-4269-9a35-58ffa0c7dd73,,10,FAULT,0x04C0,I2C_TIMEOUT|SENSOR_RANGE|SELFTEST,0,0,0,0,0,0,0.0,0.0,0.0,4.962,2.57,595.44,308.4,-18.89,-9.68,0.0,0.0,0.0,0.0,0.0,0.0,,0.0,0,0,0,0,0,8.0,0.0,145070.17,79901.25,224971.41,0.0,5.62
2026-06-05T00:52:20.979+00:00,231566,996060cc-1738-4269-9a35-58ffa0c7dd73,,10,FAULT,0x04C0,I2C_TIMEOUT|SENSOR_RANGE|SELFTEST,0,0,0,0,0,0,0.0,0.0,0.0,5.009,2.591,601.08,310.92,-17.66,-9.2,0.0,0.0,0.0,0.0,0.0,0.0,,0.0,0,0,0,0,0,8.0,0.0,145147.71,79941.36,225089.06,0.0,9.53
2026-06-05T00:52:21.110+00:00,231695,996060cc-1738-4269-9a35-58ffa0c7dd73,,10,FAULT,0x04C0,I2C_TIMEOUT|SENSOR_RANGE|SELFTEST,0,0,0,0,0,0,0.0,0.0,0.0,4.971,2.571,596.52,308.52,-18.15,-9.2,0.0,0.0,0.0,0.0,0.0,0.0,,0.0,0,0,0,0,0,8.0,0.0,145224.66,79981.16,225205.81,0.0,-3.8
2026-06-05T00:52:21.241+00:00,231825,996060cc-1738-4269-9a35-58ffa0c7dd73,,10,FAULT,0x04C0,I2C_TIMEOUT|SENSOR_RANGE|SELFTEST,0,0,0,0,0,0,0.0,0.0,0.0,5.0,2.586,600.0,310.32,-19.37,-9.81,0.0,0.0,0.0,0.0,0.0,0.0,,0.0,0,0,0,0,0,8.0,0.0,145302.66,80021.5,225324.15,0.0,-9.38
2026-06-05T00:52:21.368+00:00,231954,996060cc-1738-4269-9a35-58ffa0c7dd73,,10,FAULT,0x04C0,I2C_TIMEOUT|SENSOR_RANGE|SELFTEST,0,0,0,0,0,0,0.0,0.0,0.0,4.982,2.588,597.84,310.56,-19.62,-10.05,0.0,0.0,0.0,0.0,0.0,0.0,,0.0,0,0,0,0,0,8.0,0.0,145379.78,80061.56,225441.34,0.0,-1.94
2026-06-05T00:52:21.499+00:00,232083,996060cc-1738-4269-9a35-58ffa0c7dd73,,10,FAULT,0x04C0,I2C_TIMEOUT|SENSOR_RANGE|SELFTEST,0,0,0,0,0,0,0.0,0.0,0.0,4.997,2.588,599.64,310.56,-18.15,-9.44,0.0,0.0,0.0,0.0,0.0,0.0,,0.0,0,0,0,0,0,8.0,0.0,145457.13,80101.62,225558.75,0.0,11.4
2026-06-05T00:52:21.627+00:00,232212,996060cc-1738-4269-9a35-58ffa0c7dd73,,10,FAULT,0x04C0,I2C_TIMEOUT|SENSOR_RANGE|SELFTEST,0,0,0,0,0,0,0.0,0.0,0.0,4.998,2.588,599.76,310.56,-17.66,-9.07,0.0,0.0,0.0,0.0,0.0,0.0,,0.0,0,0,0,0,0,8.0,0.0,145534.5,80141.68,225676.18,0.0,3.8
2026-06-05T00:52:21.757+00:00,232342,996060cc-1738-4269-9a35-58ffa0c7dd73,,10,FAULT,0x04C0,I2C_TIMEOUT|SENSOR_RANGE|SELFTEST,0,0,0,0,0,0,0.0,0.0,0.0,4.965,2.562,595.8,307.44,-18.89,-9.56,0.0,0.0,0.0,0.0,0.0,0.0,,0.0,0,0,0,0,0,8.0,0.0,145611.95,80181.65,225793.61,0.0,-9.46
2026-06-05T00:52:21.888+00:00,232471,996060cc-1738-4269-9a35-58ffa0c7dd73,,10,FAULT,0x04C0,I2C_TIMEOUT|SENSOR_RANGE|SELFTEST,0,0,0,0,0,0,0.0,0.0,0.0,5.013,2.593,601.56,311.16,-19.37,-9.93,0.0,0.0,0.0,0.0,0.0,0.0,,0.0,0,0,0,0,0,8.0,0.0,145689.56,80221.79,225911.35,0.0,-3.72
2026-06-05T00:52:22.016+00:00,232600,996060cc-1738-4269-9a35-58ffa0c7dd73,,10,FAULT,0x04C0,I2C_TIMEOUT|SENSOR_RANGE|SELFTEST,0,0,0,0,0,0,0.0,0.0,0.0,4.953,2.56,594.36,307.2,-18.64,-9.68,0.0,0.0,0.0,0.0,0.0,0.0,,0.0,0,0,0,0,0,8.0,0.0,145766.23,80261.42,226027.65,0.0,5.66
2026-06-05T00:52:22.147+00:00,232730,996060cc-1738-4269-9a35-58ffa0c7dd73,,10,FAULT,0x04C0,I2C_TIMEOUT|SENSOR_RANGE|SELFTEST,0,0,0,0,0,0,0.0,0.0,0.0,5.0,2.58,600.0,309.6,-17.66,-9.2,0.0,0.0,0.0,0.0,0.0,0.0,,0.0,0,0,0,0,0,8.0,0.0,145844.23,80301.67,226145.9,0.0,7.54
2026-06-05T00:52:22.277+00:00,232859,996060cc-1738-4269-9a35-58ffa0c7dd73,,10,FAULT,0x04C0,I2C_TIMEOUT|SENSOR_RANGE|SELFTEST,0,0,0,0,0,0,0.0,0.0,0.0,4.954,2.56,594.48,307.2,-18.4,-9.2,0.0,0.0,0.0,0.0,0.0,0.0,,0.0,0,0,0,0,0,8.0,0.0,145920.92,80341.3,226262.21,0.0,-5.74
2026-06-05T00:52:22.405+00:00,232988,996060cc-1738-4269-9a35-58ffa0c7dd73,,10,FAULT,0x04C0,I2C_TIMEOUT|SENSOR_RANGE|SELFTEST,0,0,0,0,0,0,0.0,0.0,0.0,4.989,2.578,598.68,309.36,-19.37,-9.81,0.0,0.0,0.0,0.0,0.0,0.0,,0.0,0,0,0,0,0,8.0,0.0,145998.15,80381.2,226379.35,0.0,-7.52
2026-06-05T00:52:22.535+00:00,233118,996060cc-1738-4269-9a35-58ffa0c7dd73,,10,FAULT,0x04C0,I2C_TIMEOUT|SENSOR_RANGE|SELFTEST,0,0,0,0,0,0,0.0,0.0,0.0,4.967,2.571,596.04,308.52,-19.37,-9.93,0.0,0.0,0.0,0.0,0.0,0.0,,0.0,0,0,0,0,0,8.0,0.0,146075.63,80421.31,226496.94,0.0,0.0
2026-06-05T00:52:22.666+00:00,233247,996060cc-1738-4269-9a35-58ffa0c7dd73,,10,FAULT,0x04C0,I2C_TIMEOUT|SENSOR_RANGE|SELFTEST,0,0,0,0,0,0,0.0,0.0,0.0,4.982,2.571,597.84,308.52,-18.4,-9.44,0.0,0.0,0.0,0.0,0.0,0.0,,0.0,0,0,0,0,0,8.0,0.0,146152.75,80461.11,226613.86,0.0,7.52
2026-06-05T00:52:22.794+00:00,233376,996060cc-1738-4269-9a35-58ffa0c7dd73,,10,FAULT,0x04C0,I2C_TIMEOUT|SENSOR_RANGE|SELFTEST,0,0,0,0,0,0,0.0,0.0,0.0,4.985,2.569,598.2,308.28,-17.66,-9.2,0.0,0.0,0.0,0.0,0.0,0.0,,0.0,0,0,0,0,0,8.0,0.0,146229.92,80500.88,226730.8,0.0,5.74
2026-06-05T00:52:22.924+00:00,233505,996060cc-1738-4269-9a35-58ffa0c7dd73,,10,FAULT,0x04C0,I2C_TIMEOUT|SENSOR_RANGE|SELFTEST,0,0,0,0,0,0,0.0,0.0,0.0,4.956,2.557,594.72,306.84,-18.64,-9.56,0.0,0.0,0.0,0.0,0.0,0.0,,0.0,0,0,0,0,0,8.0,0.0,146306.64,80540.46,226847.1,0.0,-7.6
2026-06-05T00:52:23.054+00:00,233635,996060cc-1738-4269-9a35-58ffa0c7dd73,,10,FAULT,0x04C0,I2C_TIMEOUT|SENSOR_RANGE|SELFTEST,0,0,0,0,0,0,0.0,0.0,0.0,4.997,2.581,599.64,309.72,-19.37,-9.93,0.0,0.0,0.0,0.0,0.0,0.0,,0.0,0,0,0,0,0,8.0,0.0,146384.59,80580.72,226965.32,0.0,-5.62
2026-06-05T00:52:23.183+00:00,233764,996060cc-1738-4269-9a35-58ffa0c7dd73,,10,FAULT,0x04C0,I2C_TIMEOUT|SENSOR_RANGE|SELFTEST,0,0,0,0,0,0,0.0,0.0,0.0,4.941,2.555,592.92,306.6,-18.89,-9.68,0.0,0.0,0.0,0.0,0.0,0.0,,0.0,0,0,0,0,0,8.0,0.0,146461.08,80620.28,227081.35,0.0,3.72
2026-06-05T00:52:23.313+00:00,233893,996060cc-1738-4269-9a35-58ffa0c7dd73,,10,FAULT,0x04C0,I2C_TIMEOUT|SENSOR_RANGE|SELFTEST,0,0,0,0,0,0,0.0,0.0,0.0,4.988,2.573,598.56,308.76,-17.66,-9.2,0.0,0.0,0.0,0.0,0.0,0.0,,0.0,0,0,0,0,0,8.0,0.0,146538.29,80660.11,227198.4,0.0,9.53
2026-06-05T00:52:23.441+00:00,234023,996060cc-1738-4269-9a35-58ffa0c7dd73,,10,FAULT,0x04C0,I2C_TIMEOUT|SENSOR_RANGE|SELFTEST,0,0,0,0,0,0,0.0,0.0,0.0,4.942,2.55,593.04,306.0,-18.4,-9.32,0.0,0.0,0.0,0.0,0.0,0.0,,0.0,0,0,0,0,0,8.0,0.0,146615.39,80699.89,227315.27,0.0,-5.69
2026-06-05T00:52:23.572+00:00,234152,996060cc-1738-4269-9a35-58ffa0c7dd73,,10,FAULT,0x04C0,I2C_TIMEOUT|SENSOR_RANGE|SELFTEST,0,0,0,0,0,0,0.0,0.0,0.0,4.981,2.567,597.72,308.04,-19.62,-9.81,0.0,0.0,0.0,0.0,0.0,0.0,,0.0,0,0,0,0,0,8.0,0.0,146692.49,80739.62,227432.12,0.0,-9.46
2026-06-05T00:52:23.702+00:00,234281,996060cc-1738-4269-9a35-58ffa0c7dd73,,10,FAULT,0x04C0,I2C_TIMEOUT|SENSOR_RANGE|SELFTEST,0,0,0,0,0,0,0.0,0.0,0.0,4.962,2.568,595.44,308.16,-19.37,-9.81,0.0,0.0,0.0,0.0,0.0,0.0,,0.0,0,0,0,0,0,8.0,0.0,146769.31,80779.38,227548.68,0.0,1.94
2026-06-05T00:52:23.830+00:00,234411,996060cc-1738-4269-9a35-58ffa0c7dd73,,10,FAULT,0x04C0,I2C_TIMEOUT|SENSOR_RANGE|SELFTEST,0,0,0,0,0,0,0.0,0.0,0.0,4.979,2.57,597.48,308.4,-18.15,-9.32,0.0,0.0,0.0,0.0,0.0,0.0,,0.0,0,0,0,0,0,8.0,0.0,146846.98,80819.47,227666.45,0.0,9.38
2026-06-05T00:52:23.960+00:00,234541,996060cc-1738-4269-9a35-58ffa0c7dd73,,10,FAULT,0x04C0,I2C_TIMEOUT|SENSOR_RANGE|SELFTEST,0,0,0,0,0,0,0.0,0.0,0.0,4.974,2.569,596.88,308.28,-17.66,-9.07,0.0,0.0,0.0,0.0,0.0,0.0,,0.0,0,0,0,0,0,8.0,0.0,146924.57,80859.54,227784.12,0.0,3.77
2026-06-05T00:52:24.091+00:00,234670,996060cc-1738-4269-9a35-58ffa0c7dd73,,10,FAULT,0x04C0,I2C_TIMEOUT|SENSOR_RANGE|SELFTEST,0,0,0,0,0,0,0.0,0.0,0.0,4.95,2.554,594.0,306.48,-18.89,-9.68,0.0,0.0,0.0,0.0,0.0,0.0,,0.0,0,0,0,0,0,8.0,0.0,147001.2,80899.08,227900.28,0.0,-9.53
2026-06-05T00:52:24.219+00:00,234799,996060cc-1738-4269-9a35-58ffa0c7dd73,,10,FAULT,0x04C0,I2C_TIMEOUT|SENSOR_RANGE|SELFTEST,0,0,0,0,0,0,0.0,0.0,0.0,4.991,2.577,598.92,309.24,-19.62,-9.93,0.0,0.0,0.0,0.0,0.0,0.0,,0.0,0,0,0,0,0,8.0,0.0,147078.46,80938.97,228017.43,0.0,-5.66
2026-06-05T00:52:24.349+00:00,234929,996060cc-1738-4269-9a35-58ffa0c7dd73,,10,FAULT,0x04C0,I2C_TIMEOUT|SENSOR_RANGE|SELFTEST,0,0,0,0,0,0,0.0,0.0,0.0,4.931,2.547,591.72,305.64,-18.89,-9.68,0.0,0.0,0.0,0.0,0.0,0.0,,0.0,0,0,0,0,0,8.0,0.0,147155.38,80978.71,228134.09,0.0,5.62
2026-06-05T00:52:24.477+00:00,235058,996060cc-1738-4269-9a35-58ffa0c7dd73,,10,FAULT,0x04C0,I2C_TIMEOUT|SENSOR_RANGE|SELFTEST,0,0,0,0,0,0,0.0,0.0,0.0,4.98,2.565,597.6,307.8,-17.66,-9.2,0.0,0.0,0.0,0.0,0.0,0.0,,0.0,0,0,0,0,0,8.0,0.0,147232.47,81018.41,228250.88,0.0,9.53
2026-06-05T00:52:24.609+00:00,235187,996060cc-1738-4269-9a35-58ffa0c7dd73,,10,FAULT,0x04C0,I2C_TIMEOUT|SENSOR_RANGE|SELFTEST,0,0,0,0,0,0,0.0,0.0,0.0,4.936,2.544,592.32,305.28,-18.15,-9.2,0.0,0.0,0.0,0.0,0.0,0.0,,0.0,0,0,0,0,0,8.0,0.0,147308.88,81057.79,228366.68,0.0,-3.8
2026-06-05T00:52:24.738+00:00,235316,996060cc-1738-4269-9a35-58ffa0c7dd73,,10,FAULT,0x04C0,I2C_TIMEOUT|SENSOR_RANGE|SELFTEST,0,0,0,0,0,0,0.0,0.0,0.0,4.975,2.561,597.0,307.32,-19.37,-9.81,0.0,0.0,0.0,0.0,0.0,0.0,,0.0,0,0,0,0,0,8.0,0.0,147385.9,81097.44,228483.33,0.0,-9.46
2026-06-05T00:52:24.867+00:00,235446,996060cc-1738-4269-9a35-58ffa0c7dd73,,10,FAULT,0x04C0,I2C_TIMEOUT|SENSOR_RANGE|SELFTEST,0,0,0,0,0,0,0.0,0.0,0.0,4.95,2.565,594.0,307.8,-19.37,-9.81,0.0,0.0,0.0,0.0,0.0,0.0,,0.0,0,0,0,0,0,8.0,0.0,147463.12,81137.45,228600.57,0.0,0.0
2026-06-05T00:52:24.998+00:00,235575,996060cc-1738-4269-9a35-58ffa0c7dd73,,10,FAULT,0x04C0,I2C_TIMEOUT|SENSOR_RANGE|SELFTEST,0,0,0,0,0,0,0.0,0.0,0.0,4.979,2.568,597.48,308.16,-17.91,-9.32,0.0,0.0,0.0,0.0,0.0,0.0,,0.0,0,0,0,0,0,8.0,0.0,147540.19,81177.2,228717.39,0.0,11.32
2026-06-05T00:52:25.127+00:00,235704,996060cc-1738-4269-9a35-58ffa0c7dd73,,10,FAULT,0x04C0,I2C_TIMEOUT|SENSOR_RANGE|SELFTEST,0,0,0,0,0,0,0.0,0.0,0.0,4.971,2.559,596.52,307.08,-17.91,-9.07,0.0,0.0,0.0,0.0,0.0,0.0,,0.0,0,0,0,0,0,8.0,0.0,147617.14,81216.82,228833.96,0.0,0.0
2026-06-05T00:52:25.255+00:00,235834,996060cc-1738-4269-9a35-58ffa0c7dd73,,10,FAULT,0x04C0,I2C_TIMEOUT|SENSOR_RANGE|SELFTEST,0,0,0,0,0,0,0.0,0.0,0.0,4.951,2.546,594.12,305.52,-18.89,-9.56,0.0,0.0,0.0,0.0,0.0,0.0,,0.0,0,0,0,0,0,8.0,0.0,147694.38,81256.53,228950.91,0.0,-7.54
2026-06-05T00:52:25.386+00:00,235963,996060cc-1738-4269-9a35-58ffa0c7dd73,,10,FAULT,0x04C0,I2C_TIMEOUT|SENSOR_RANGE|SELFTEST,0,0,0,0,0,0,0.0,0.0,0.0,4.989,2.57,598.68,308.4,-19.37,-9.81,0.0,0.0,0.0,0.0,0.0,0.0,,0.0,0,0,0,0,0,8.0,0.0,147771.61,81296.32,229067.92,0.0,-3.72
2026-06-05T00:52:25.516+00:00,236092,996060cc-1738-4269-9a35-58ffa0c7dd73,,10,FAULT,0x04C0,I2C_TIMEOUT|SENSOR_RANGE|SELFTEST,0,0,0,0,0,0,0.0,0.0,0.0,4.935,2.543,592.2,305.16,-18.64,-9.56,0.0,0.0,0.0,0.0,0.0,0.0,,0.0,0,0,0,0,0,8.0,0.0,147848.0,81335.68,229183.68,0.0,5.66
2026-06-05T00:52:25.644+00:00,236222,996060cc-1738-4269-9a35-58ffa0c7dd73,,10,FAULT,0x04C0,I2C_TIMEOUT|SENSOR_RANGE|SELFTEST,0,0,0,0,0,0,0.0,0.0,0.0,4.986,2.561,598.32,307.32,-17.42,-9.07,0.0,0.0,0.0,0.0,0.0,0.0,,0.0,0,0,0,0,0,8.0,0.0,147925.78,81375.64,229301.42,0.0,9.38
2026-06-05T00:52:25.775+00:00,236351,996060cc-1738-4269-9a35-58ffa0c7dd73,,10,FAULT,0x04C0,I2C_TIMEOUT|SENSOR_RANGE|SELFTEST,0,0,0,0,0,0,0.0,0.0,0.0,4.941,2.536,592.92,304.32,-18.15,-9.32,0.0,0.0,0.0,0.0,0.0,0.0,,0.0,0,0,0,0,0,8.0,0.0,148002.27,81414.89,229417.16,0.0,-5.66
2026-06-05T00:52:25.903+00:00,236480,996060cc-1738-4269-9a35-58ffa0c7dd73,,10,FAULT,0x04C0,I2C_TIMEOUT|SENSOR_RANGE|SELFTEST,0,0,0,0,0,0,0.0,0.0,0.0,4.978,2.563,597.36,307.56,-19.13,-9.68,0.0,0.0,0.0,0.0,0.0,0.0,,0.0,0,0,0,0,0,8.0,0.0,148079.33,81454.57,229533.9,0.0,-7.6
2026-06-05T00:52:26.033+00:00,236609,996060cc-1738-4269-9a35-58ffa0c7dd73,,10,FAULT,0x04C0,I2C_TIMEOUT|SENSOR_RANGE|SELFTEST,0,0,0,0,0,0,0.0,0.0,0.0,4.955,2.56,594.6,307.2,-19.37,-9.68,0.0,0.0,0.0,0.0,0.0,0.0,,0.0,0,0,0,0,0,8.0,0.0,148156.03,81494.2,229650.23,0.0,-1.86
2026-06-05T00:52:26.164+00:00,236739,996060cc-1738-4269-9a35-58ffa0c7dd73,,10,FAULT,0x04C0,I2C_TIMEOUT|SENSOR_RANGE|SELFTEST,0,0,0,0,0,0,0.0,0.0,0.0,4.986,2.567,598.32,308.04,-17.91,-9.2,0.0,0.0,0.0,0.0,0.0,0.0,,0.0,0,0,0,0,0,8.0,0.0,148233.81,81534.24,229768.06,0.0,11.23
2026-06-05T00:52:26.292+00:00,236868,996060cc-1738-4269-9a35-58ffa0c7dd73,,10,FAULT,0x04C0,I2C_TIMEOUT|SENSOR_RANGE|SELFTEST,0,0,0,0,0,0,0.0,0.0,0.0,4.976,2.562,597.12,307.44,-17.91,-9.2,0.0,0.0,0.0,0.0,0.0,0.0,,0.0,0,0,0,0,0,8.0,0.0,148310.84,81573.9,229884.74,0.0,0.0
2026-06-05T00:52:26.422+00:00,236997,996060cc-1738-4269-9a35-58ffa0c7dd73,,10,FAULT,0x04C0,I2C_TIMEOUT|SENSOR_RANGE|SELFTEST,0,0,0,0,0,0,0.0,0.0,0.0,4.952,2.549,594.24,305.88,-18.64,-9.32,0.0,0.0,0.0,0.0,0.0,0.0,,0.0,0,0,0,0,0,8.0,0.0,148387.5,81613.36,230000.86,0.0,-5.66
2026-06-05T00:52:26.553+00:00,237127,996060cc-1738-4269-9a35-58ffa0c7dd73,,10,FAULT,0x04C0,I2C_TIMEOUT|SENSOR_RANGE|SELFTEST,0,0,0,0,0,0,0.0,0.0,0.0,4.995,2.58,599.4,309.6,-19.37,-9.68,0.0,0.0,0.0,0.0,0.0,0.0,,0.0,0,0,0,0,0,8.0,0.0,148465.42,81653.61,230119.03,0.0,-5.62
2026-06-05T00:52:26.681+00:00,237256,996060cc-1738-4269-9a35-58ffa0c7dd73,,10,FAULT,0x04C0,I2C_TIMEOUT|SENSOR_RANGE|SELFTEST,0,0,0,0,0,0,0.0,0.0,0.0,4.939,2.551,592.68,306.12,-18.4,-9.44,0.0,0.0,0.0,0.0,0.0,0.0,,0.0,0,0,0,0,0,8.0,0.0,148541.88,81693.1,230234.97,0.0,7.52
2026-06-05T00:52:26.811+00:00,237385,996060cc-1738-4269-9a35-58ffa0c7dd73,,10,FAULT,0x04C0,I2C_TIMEOUT|SENSOR_RANGE|SELFTEST,0,0,0,0,0,0,0.0,0.0,0.0,4.987,2.569,598.44,308.28,-17.66,-9.07,0.0,0.0,0.0,0.0,0.0,0.0,,0.0,0,0,0,0,0,8.0,0.0,148619.08,81732.87,230351.94,0.0,5.74
2026-06-05T00:52:26.942+00:00,237514,996060cc-1738-4269-9a35-58ffa0c7dd73,,10,FAULT,0x04C0,I2C_TIMEOUT|SENSOR_RANGE|SELFTEST,0,0,0,0,0,0,0.0,0.0,0.0,4.941,2.553,592.92,306.36,-18.15,-9.2,0.0,0.0,0.0,0.0,0.0,0.0,,0.0,0,0,0,0,0,8.0,0.0,148695.56,81772.39,230467.95,0.0,-3.8
2026-06-05T00:52:27.070+00:00,237644,996060cc-1738-4269-9a35-58ffa0c7dd73,,10,FAULT,0x04C0,I2C_TIMEOUT|SENSOR_RANGE|SELFTEST,0,0,0,0,0,0,0.0,0.0,0.0,4.974,2.57,596.88,308.4,-19.37,-9.68,0.0,0.0,0.0,0.0,0.0,0.0,,0.0,0,0,0,0,0,8.0,0.0,148773.16,81812.48,230585.63,0.0,-9.38
2026-06-05T00:52:27.200+00:00,237773,996060cc-1738-4269-9a35-58ffa0c7dd73,,10,FAULT,0x04C0,I2C_TIMEOUT|SENSOR_RANGE|SELFTEST,0,0,0,0,0,0,0.0,0.0,0.0,4.948,2.567,593.76,308.04,-19.13,-9.81,0.0,0.0,0.0,0.0,0.0,0.0,,0.0,0,0,0,0,0,8.0,0.0,148849.75,81852.22,230701.97,0.0,1.86
2026-06-05T00:52:27.328+00:00,237902,996060cc-1738-4269-9a35-58ffa0c7dd73,,10,FAULT,0x04C0,I2C_TIMEOUT|SENSOR_RANGE|SELFTEST,0,0,0,0,0,0,0.0,0.0,0.0,4.975,2.574,597.0,308.88,-17.91,-9.32,0.0,0.0,0.0,0.0,0.0,0.0,,0.0,0,0,0,0,0,8.0,0.0,148926.76,81892.06,230818.83,0.0,9.46
2026-06-05T00:52:27.460+00:00,238032,996060cc-1738-4269-9a35-58ffa0c7dd73,,10,FAULT,0x04C0,I2C_TIMEOUT|SENSOR_RANGE|SELFTEST,0,0,0,0,0,0,0.0,0.0,0.0,4.966,2.57,595.92,308.4,-17.91,-9.07,0.0,0.0,0.0,0.0,0.0,0.0,,0.0,0,0,0,0,0,8.0,0.0,149004.23,81932.15,230936.39,0.0,0.0
2026-06-05T00:52:27.589+00:00,238161,996060cc-1738-4269-9a35-58ffa0c7dd73,,10,FAULT,0x04C0,I2C_TIMEOUT|SENSOR_RANGE|SELFTEST,0,0,0,0,0,0,0.0,0.0,0.0,4.95,2.559,594.0,307.08,-18.89,-9.44,0.0,0.0,0.0,0.0,0.0,0.0,,0.0,0,0,0,0,0,8.0,0.0,149080.86,81971.77,231052.63,0.0,-7.6
2026-06-05T00:52:27.717+00:00,238290,996060cc-1738-4269-9a35-58ffa0c7dd73,,10,FAULT,0x04C0,I2C_TIMEOUT|SENSOR_RANGE|SELFTEST,0,0,0,0,0,0,0.0,0.0,0.0,4.989,2.583,598.68,309.96,-19.37,-9.68,0.0,0.0,0.0,0.0,0.0,0.0,,0.0,0,0,0,0,0,8.0,0.0,149158.09,82011.75,231169.84,0.0,-3.72
2026-06-05T00:52:27.847+00:00,238419,996060cc-1738-4269-9a35-58ffa0c7dd73,,10,FAULT,0x04C0,I2C_TIMEOUT|SENSOR_RANGE|SELFTEST,0,0,0,0,0,0,0.0,0.0,0.0,4.936,2.56,592.32,307.2,-18.4,-9.44,0.0,0.0,0.0,0.0,0.0,0.0,,0.0,0,0,0,0,0,8.0,0.0,149234.5,82051.38,231285.88,0.0,7.52
2026-06-05T00:52:27.979+00:00,238550,996060cc-1738-4269-9a35-58ffa0c7dd73,,10,FAULT,0x04C0,I2C_TIMEOUT|SENSOR_RANGE|SELFTEST,0,0,0,0,0,0,0.0,0.0,0.0,4.986,2.579,598.32,309.48,-17.91,-9.07,0.0,0.0,0.0,0.0,0.0,0.0,,0.0,0,0,0,0,0,8.0,0.0,149312.88,82091.92,231404.8,0.0,3.74
2026-06-05T00:52:28.106+00:00,238679,996060cc-1738-4269-9a35-58ffa0c7dd73,,10,FAULT,0x04C0,I2C_TIMEOUT|SENSOR_RANGE|SELFTEST,0,0,0,0,0,0,0.0,0.0,0.0,4.928,2.546,591.36,305.52,-18.4,-9.2,0.0,0.0,0.0,0.0,0.0,0.0,,0.0,0,0,0,0,0,8.0,0.0,149389.16,82131.33,231520.5,0.0,-3.8
2026-06-05T00:52:28.236+00:00,238808,996060cc-1738-4269-9a35-58ffa0c7dd73,,10,FAULT,0x04C0,I2C_TIMEOUT|SENSOR_RANGE|SELFTEST,0,0,0,0,0,0,0.0,0.0,0.0,4.969,2.568,596.28,308.16,-19.37,-9.81,0.0,0.0,0.0,0.0,0.0,0.0,,0.0,0,0,0,0,0,8.0,0.0,149466.08,82171.09,231637.17,0.0,-7.52
2026-06-05T00:52:28.364+00:00,238938,996060cc-1738-4269-9a35-58ffa0c7dd73,,10,FAULT,0x04C0,I2C_TIMEOUT|SENSOR_RANGE|SELFTEST,0,0,0,0,0,0,0.0,0.0,0.0,4.938,2.564,592.56,307.68,-19.37,-9.81,0.0,0.0,0.0,0.0,0.0,0.0,,0.0,0,0,0,0,0,8.0,0.0,149543.12,82211.08,231754.2,0.0,0.0
2026-06-05T00:52:28.496+00:00,239067,996060cc-1738-4269-9a35-58ffa0c7dd73,,10,FAULT,0x04C0,I2C_TIMEOUT|SENSOR_RANGE|SELFTEST,0,0,0,0,0,0,0.0,0.0,0.0,4.972,2.57,596.64,308.4,-17.91,-9.32,0.0,0.0,0.0,0.0,0.0,0.0,,0.0,0,0,0,0,0,8.0,0.0,149620.08,82250.87,231870.95,0.0,11.32
2026-06-05T00:52:28.625+00:00,239196,996060cc-1738-4269-9a35-58ffa0c7dd73,,10,FAULT,0x04C0,I2C_TIMEOUT|SENSOR_RANGE|SELFTEST,0,0,0,0,0,0,0.0,0.0,0.0,4.961,2.566,595.32,307.92,-17.91,-9.2,0.0,0.0,0.0,0.0,0.0,0.0,,0.0,0,0,0,0,0,8.0,0.0,149696.88,82290.59,231987.47,0.0,0.0
2026-06-05T00:52:28.754+00:00,239325,996060cc-1738-4269-9a35-58ffa0c7dd73,,10,FAULT,0x04C0,I2C_TIMEOUT|SENSOR_RANGE|SELFTEST,0,0,0,0,0,0,0.0,0.0,0.0,4.949,2.559,593.88,307.08,-18.64,-9.44,0.0,0.0,0.0,0.0,0.0,0.0,,0.0,0,0,0,0,0,8.0,0.0,149773.49,82330.2,232103.69,0.0,-5.66
2026-06-05T00:52:28.884+00:00,239455,996060cc-1738-4269-9a35-58ffa0c7dd73,,10,FAULT,0x04C0,I2C_TIMEOUT|SENSOR_RANGE|SELFTEST,0,0,0,0,0,0,0.0,0.0,0.0,4.975,2.578,597.0,309.36,-19.13,-9.68,0.0,0.0,0.0,0.0,0.0,0.0,,0.0,0,0,0,0,0,8.0,0.0,149851.1,82370.42,232221.52,0.0,-3.77
2026-06-05T00:52:29.015+00:00,239584,996060cc-1738-4269-9a35-58ffa0c7dd73,,10,FAULT,0x04C0,I2C_TIMEOUT|SENSOR_RANGE|SELFTEST,0,0,0,0,0,0,0.0,0.0,0.0,4.928,2.553,591.36,306.36,-18.4,-9.44,0.0,0.0,0.0,0.0,0.0,0.0,,0.0,0,0,0,0,0,8.0,0.0,149927.39,82409.94,232337.33,0.0,5.66
2026-06-05T00:52:29.142+00:00,239713,996060cc-1738-4269-9a35-58ffa0c7dd73,,10,FAULT,0x04C0,I2C_TIMEOUT|SENSOR_RANGE|SELFTEST,0,0,0,0,0,0,0.0,0.0,0.0,4.982,2.576,597.84,309.12,-17.66,-9.07,0.0,0.0,0.0,0.0,0.0,0.0,,0.0,0,0,0,0,0,8.0,0.0,150004.51,82449.82,232454.32,0.0,5.74
2026-06-05T00:52:29.273+00:00,239843,996060cc-1738-4269-9a35-58ffa0c7dd73,,10,FAULT,0x04C0,I2C_TIMEOUT|SENSOR_RANGE|SELFTEST,0,0,0,0,0,0,0.0,0.0,0.0,4.915,2.54,589.8,304.8,-18.4,-9.2,0.0,0.0,0.0,0.0,0.0,0.0,,0.0,0,0,0,0,0,8.0,0.0,150081.18,82489.44,232570.62,0.0,-5.69
2026-06-05T00:52:29.405+00:00,239972,996060cc-1738-4269-9a35-58ffa0c7dd73,,10,FAULT,0x04C0,I2C_TIMEOUT|SENSOR_RANGE|SELFTEST,0,0,0,0,0,0,0.0,0.0,0.0,4.958,2.566,594.96,307.92,-19.37,-9.68,0.0,0.0,0.0,0.0,0.0,0.0,,0.0,0,0,0,0,0,8.0,0.0,150157.93,82529.16,232687.09,0.0,-7.52
2026-06-05T00:52:29.532+00:00,240101,996060cc-1738-4269-9a35-58ffa0c7dd73,,10,FAULT,0x04C0,I2C_TIMEOUT|SENSOR_RANGE|SELFTEST,0,0,0,0,0,0,0.0,0.0,0.0,4.933,2.561,591.96,307.32,-19.13,-9.68,0.0,0.0,0.0,0.0,0.0,0.0,,0.0,0,0,0,0,0,8.0,0.0,150234.29,82568.81,232803.1,0.0,1.86
2026-06-05T00:52:29.662+00:00,240230,996060cc-1738-4269-9a35-58ffa0c7dd73,,10,FAULT,0x04C0,I2C_TIMEOUT|SENSOR_RANGE|SELFTEST,0,0,0,0,0,0,0.0,0.0,0.0,4.964,2.568,595.68,308.16,-17.91,-9.32,0.0,0.0,0.0,0.0,0.0,0.0,,0.0,0,0,0,0,0,8.0,0.0,150311.14,82608.56,232919.7,0.0,9.46
2026-06-05T00:52:29.790+00:00,240360,996060cc-1738-4269-9a35-58ffa0c7dd73,,10,FAULT,0x04C0,I2C_TIMEOUT|SENSOR_RANGE|SELFTEST,0,0,0,0,0,0,0.0,0.0,0.0,4.946,2.558,593.52,306.96,-17.66,-9.07,0.0,0.0,0.0,0.0,0.0,0.0,,0.0,0,0,0,0,0,8.0,0.0,150388.29,82648.46,233036.76,0.0,1.92
2026-06-05T00:52:29.921+00:00,240489,996060cc-1738-4269-9a35-58ffa0c7dd73,,10,FAULT,0x04C0,I2C_TIMEOUT|SENSOR_RANGE|SELFTEST,0,0,0,0,0,0,0.0,0.0,0.0,4.944,2.558,593.28,306.96,-18.89,-9.68,0.0,0.0,0.0,0.0,0.0,0.0,,0.0,0,0,0,0,0,8.0,0.0,150464.83,82688.06,233152.89,0.0,-9.53
2026-06-05T00:52:30.051+00:00,240618,996060cc-1738-4269-9a35-58ffa0c7dd73,,10,FAULT,0x04C0,I2C_TIMEOUT|SENSOR_RANGE|SELFTEST,0,0,0,0,0,0,0.0,0.0,0.0,4.965,2.574,595.8,308.88,-19.62,-9.81,0.0,0.0,0.0,0.0,0.0,0.0,,0.0,0,0,0,0,0,8.0,0.0,150541.69,82727.91,233269.59,0.0,-5.66
2026-06-05T00:52:30.179+00:00,240748,996060cc-1738-4269-9a35-58ffa0c7dd73,,10,FAULT,0x04C0,I2C_TIMEOUT|SENSOR_RANGE|SELFTEST,0,0,0,0,0,0,0.0,0.0,0.0,4.927,2.551,591.24,306.12,-18.15,-9.56,0.0,0.0,0.0,0.0,0.0,0.0,,0.0,0,0,0,0,0,8.0,0.0,150618.55,82767.7,233386.25,0.0,11.31
2026-06-05T00:52:30.309+00:00,240877,996060cc-1738-4269-9a35-58ffa0c7dd73,,10,FAULT,0x04C0,I2C_TIMEOUT|SENSOR_RANGE|SELFTEST,0,0,0,0,0,0,0.0,0.0,0.0,4.976,2.572,597.12,308.64,-17.42,-8.95,0.0,0.0,0.0,0.0,0.0,0.0,,0.0,0,0,0,0,0,8.0,0.0,150695.58,82807.52,233503.09,0.0,5.66
2026-06-05T00:52:30.440+00:00,241006,996060cc-1738-4269-9a35-58ffa0c7dd73,,10,FAULT,0x04C0,I2C_TIMEOUT|SENSOR_RANGE|SELFTEST,0,0,0,0,0,0,0.0,0.0,0.0,4.91,2.537,589.2,304.44,-18.4,-9.32,0.0,0.0,0.0,0.0,0.0,0.0,,0.0,0,0,0,0,0,8.0,0.0,150771.58,82846.79,233618.37,0.0,-7.6
2026-06-05T00:52:30.568+00:00,241136,996060cc-1738-4269-9a35-58ffa0c7dd73,,10,FAULT,0x04C0,I2C_TIMEOUT|SENSOR_RANGE|SELFTEST,0,0,0,0,0,0,0.0,0.0,0.0,4.962,2.564,595.44,307.68,-19.13,-9.81,0.0,0.0,0.0,0.0,0.0,0.0,,0.0,0,0,0,0,0,8.0,0.0,150848.99,82886.79,233735.78,0.0,-5.62
2026-06-05T00:52:30.698+00:00,241265,996060cc-1738-4269-9a35-58ffa0c7dd73,,10,FAULT,0x04C0,I2C_TIMEOUT|SENSOR_RANGE|SELFTEST,0,0,0,0,0,0,0.0,0.0,0.0,4.943,2.559,593.16,307.08,-19.13,-9.81,0.0,0.0,0.0,0.0,0.0,0.0,,0.0,0,0,0,0,0,8.0,0.0,150925.51,82926.4,233851.91,0.0,0.0
2026-06-05T00:52:30.828+00:00,241394,996060cc-1738-4269-9a35-58ffa0c7dd73,,10,FAULT,0x04C0,I2C_TIMEOUT|SENSOR_RANGE|SELFTEST,0,0,0,0,0,0,0.0,0.0,0.0,4.971,2.56,596.52,307.2,-17.66,-9.2,0.0,0.0,0.0,0.0,0.0,0.0,,0.0,0,0,0,0,0,8.0,0.0,151002.46,82966.03,233968.49,0.0,11.4
2026-06-05T00:52:30.957+00:00,241523,996060cc-1738-4269-9a35-58ffa0c7dd73,,10,FAULT,0x04C0,I2C_TIMEOUT|SENSOR_RANGE|SELFTEST,0,0,0,0,0,0,0.0,0.0,0.0,4.955,2.552,594.6,306.24,-17.91,-9.07,0.0,0.0,0.0,0.0,0.0,0.0,,0.0,0,0,0,0,0,8.0,0.0,151079.16,83005.54,234084.7,0.0,-1.94
2026-06-05T00:52:31.087+00:00,241653,996060cc-1738-4269-9a35-58ffa0c7dd73,,10,FAULT,0x04C0,I2C_TIMEOUT|SENSOR_RANGE|SELFTEST,0,0,0,0,0,0,0.0,0.0,0.0,4.963,2.559,595.56,307.08,-19.13,-9.68,0.0,0.0,0.0,0.0,0.0,0.0,,0.0,0,0,0,0,0,8.0,0.0,151156.58,83045.46,234202.04,0.0,-9.38
2026-06-05T00:52:31.215+00:00,241782,996060cc-1738-4269-9a35-58ffa0c7dd73,,10,FAULT,0x04C0,I2C_TIMEOUT|SENSOR_RANGE|SELFTEST,0,0,0,0,0,0,0.0,0.0,0.0,4.98,2.578,597.6,309.36,-19.37,-9.81,0.0,0.0,0.0,0.0,0.0,0.0,,0.0,0,0,0,0,0,8.0,0.0,151233.67,83085.36,234319.04,0.0,-1.86
2026-06-05T00:52:31.346+00:00,241911,996060cc-1738-4269-9a35-58ffa0c7dd73,,10,FAULT,0x04C0,I2C_TIMEOUT|SENSOR_RANGE|SELFTEST,0,0,0,0,0,0,0.0,0.0,0.0,4.944,2.552,593.28,306.24,-18.4,-9.44,0.0,0.0,0.0,0.0,0.0,0.0,,0.0,0,0,0,0,0,8.0,0.0,151310.21,83124.87,234435.08,0.0,7.52
2026-06-05T00:52:31.476+00:00,242041,996060cc-1738-4269-9a35-58ffa0c7dd73,,10,FAULT,0x04C0,I2C_TIMEOUT|SENSOR_RANGE|SELFTEST,0,0,0,0,0,0,0.0,0.0,0.0,4.999,2.571,599.88,308.52,-17.42,-8.95,0.0,0.0,0.0,0.0,0.0,0.0,,0.0,0,0,0,0,0,8.0,0.0,151388.19,83164.98,234553.17,0.0,7.54
2026-06-05T00:52:31.604+00:00,242170,996060cc-1738-4269-9a35-58ffa0c7dd73,,10,FAULT,0x04C0,I2C_TIMEOUT|SENSOR_RANGE|SELFTEST,0,0,0,0,0,0,0.0,0.0,0.0,4.933,2.536,591.96,304.32,-18.4,-9.44,0.0,0.0,0.0,0.0,0.0,0.0,,0.0,0,0,0,0,0,8.0,0.0,151464.56,83204.23,234668.79,0.0,-7.6
2026-06-05T00:52:31.735+00:00,242299,996060cc-1738-4269-9a35-58ffa0c7dd73,,10,FAULT,0x04C0,I2C_TIMEOUT|SENSOR_RANGE|SELFTEST,0,0,0,0,0,0,0.0,0.0,0.0,4.99,2.571,598.8,308.52,-19.13,-9.81,0.0,0.0,0.0,0.0,0.0,0.0,,0.0,0,0,0,0,0,8.0,0.0,151541.8,83244.03,234785.83,0.0,-5.66
2026-06-05T00:52:31.865+00:00,242428,996060cc-1738-4269-9a35-58ffa0c7dd73,,10,FAULT,0x04C0,I2C_TIMEOUT|SENSOR_RANGE|SELFTEST,0,0,0,0,0,0,0.0,0.0,0.0,4.955,2.558,594.6,306.96,-18.89,-9.68,0.0,0.0,0.0,0.0,0.0,0.0,,0.0,0,0,0,0,0,8.0,0.0,151618.5,83283.63,234902.13,0.0,1.86
2026-06-05T00:52:31.993+00:00,242558,996060cc-1738-4269-9a35-58ffa0c7dd73,,10,FAULT,0x04C0,I2C_TIMEOUT|SENSOR_RANGE|SELFTEST,0,0,0,0,0,0,0.0,0.0,0.0,4.982,2.563,597.84,307.56,-17.66,-9.07,0.0,0.0,0.0,0.0,0.0,0.0,,0.0,0,0,0,0,0,8.0,0.0,151696.22,83323.61,235019.84,0.0,9.46
2026-06-05T00:52:32.123+00:00,242688,996060cc-1738-4269-9a35-58ffa0c7dd73,,10,FAULT,0x04C0,I2C_TIMEOUT|SENSOR_RANGE|SELFTEST,0,0,0,0,0,0,0.0,0.0,0.0,4.968,2.55,596.16,306.0,-17.91,-9.2,0.0,0.0,0.0,0.0,0.0,0.0,,0.0,0,0,0,0,0,8.0,0.0,151773.72,83363.39,235137.12,0.0,-1.92
2026-06-05T00:52:32.254+00:00,242817,996060cc-1738-4269-9a35-58ffa0c7dd73,,10,FAULT,0x04C0,I2C_TIMEOUT|SENSOR_RANGE|SELFTEST,0,0,0,0,0,0,0.0,0.0,0.0,4.981,2.565,597.72,307.8,-19.37,-9.68,0.0,0.0,0.0,0.0,0.0,0.0,,0.0,0,0,0,0,0,8.0,0.0,151850.83,83403.1,235253.93,0.0,-11.32
2026-06-05T00:52:32.382+00:00,242947,996060cc-1738-4269-9a35-58ffa0c7dd73,,10,FAULT,0x04C0,I2C_TIMEOUT|SENSOR_RANGE|SELFTEST,0,0,0,0,0,0,0.0,0.0,0.0,4.988,2.577,598.56,309.24,-19.37,-9.93,0.0,0.0,0.0,0.0,0.0,0.0,,0.0,0,0,0,0,0,8.0,0.0,151928.64,83443.3,235371.94,0.0,0.0
2026-06-05T00:52:32.512+00:00,243076,996060cc-1738-4269-9a35-58ffa0c7dd73,,10,FAULT,0x04C0,I2C_TIMEOUT|SENSOR_RANGE|SELFTEST,0,0,0,0,0,0,0.0,0.0,0.0,4.966,2.561,595.92,307.32,-18.4,-9.56,0.0,0.0,0.0,0.0,0.0,0.0,,0.0,0,0,0,0,0,8.0,0.0,152005.52,83482.95,235488.46,0.0,7.52
2026-06-05T00:52:32.641+00:00,243205,996060cc-1738-4269-9a35-58ffa0c7dd73,,10,FAULT,0x04C0,I2C_TIMEOUT|SENSOR_RANGE|SELFTEST,0,0,0,0,0,0,0.0,0.0,0.0,5.009,2.577,601.08,309.24,-17.91,-9.2,0.0,0.0,0.0,0.0,0.0,0.0,,0.0,0,0,0,0,0,8.0,0.0,152083.06,83522.84,235605.89,0.0,3.8
2026-06-05T00:52:32.771+00:00,243334,996060cc-1738-4269-9a35-58ffa0c7dd73,,10,FAULT,0x04C0,I2C_TIMEOUT|SENSOR_RANGE|SELFTEST,0,0,0,0,0,0,0.0,0.0,0.0,4.944,2.546,593.28,305.52,-18.89,-9.56,0.0,0.0,0.0,0.0,0.0,0.0,,0.0,0,0,0,0,0,8.0,0.0,152159.59,83562.25,235721.84,0.0,-7.6
2026-06-05T00:52:32.901+00:00,243464,996060cc-1738-4269-9a35-58ffa0c7dd73,,10,FAULT,0x04C0,I2C_TIMEOUT|SENSOR_RANGE|SELFTEST,0,0,0,0,0,0,0.0,0.0,0.0,5.005,2.583,600.6,309.96,-19.62,-9.93,0.0,0.0,0.0,0.0,0.0,0.0,,0.0,0,0,0,0,0,8.0,0.0,152237.67,83602.54,235840.21,0.0,-5.62
2026-06-05T00:52:33.029+00:00,243593,996060cc-1738-4269-9a35-58ffa0c7dd73,,10,FAULT,0x04C0,I2C_TIMEOUT|SENSOR_RANGE|SELFTEST,0,0,0,0,0,0,0.0,0.0,0.0,4.959,2.563,595.08,307.56,-19.13,-9.81,0.0,0.0,0.0,0.0,0.0,0.0,,0.0,0,0,0,0,0,8.0,0.0,152314.43,83642.22,235956.65,0.0,3.8
2026-06-05T00:52:33.160+00:00,243722,996060cc-1738-4269-9a35-58ffa0c7dd73,,10,FAULT,0x04C0,I2C_TIMEOUT|SENSOR_RANGE|SELFTEST,0,0,0,0,0,0,0.0,0.0,0.0,4.994,2.574,599.28,308.88,-17.66,-9.07,0.0,0.0,0.0,0.0,0.0,0.0,,0.0,0,0,0,0,0,8.0,0.0,152391.74,83682.06,236073.8,0.0,11.4
2026-06-05T00:52:33.290+00:00,243852,996060cc-1738-4269-9a35-58ffa0c7dd73,,10,FAULT,0x04C0,I2C_TIMEOUT|SENSOR_RANGE|SELFTEST,0,0,0,0,0,0,0.0,0.0,0.0,4.973,2.564,596.76,307.68,-18.15,-9.32,0.0,0.0,0.0,0.0,0.0,0.0,,0.0,0,0,0,0,0,8.0,0.0,152469.32,83722.06,236191.38,0.0,-3.77
2026-06-05T00:52:33.419+00:00,243981,996060cc-1738-4269-9a35-58ffa0c7dd73,,10,FAULT,0x04C0,I2C_TIMEOUT|SENSOR_RANGE|SELFTEST,0,0,0,0,0,0,0.0,0.0,0.0,4.988,2.574,598.56,308.88,-19.62,-9.81,0.0,0.0,0.0,0.0,0.0,0.0,,0.0,0,0,0,0,0,8.0,0.0,152546.53,83761.91,236308.44,0.0,-11.4
2026-06-05T00:52:33.549+00:00,244110,996060cc-1738-4269-9a35-58ffa0c7dd73,,10,FAULT,0x04C0,I2C_TIMEOUT|SENSOR_RANGE|SELFTEST,0,0,0,0,0,0,0.0,0.0,0.0,4.989,2.578,598.68,309.36,-19.62,-9.93,0.0,0.0,0.0,0.0,0.0,0.0,,0.0,0,0,0,0,0,8.0,0.0,152623.76,83801.82,236425.58,0.0,0.0
2026-06-05T00:52:33.679+00:00,244240,996060cc-1738-4269-9a35-58ffa0c7dd73,,10,FAULT,0x04C0,I2C_TIMEOUT|SENSOR_RANGE|SELFTEST,0,0,0,0,0,0,0.0,0.0,0.0,4.985,2.577,598.2,309.24,-18.15,-9.32,0.0,0.0,0.0,0.0,0.0,0.0,,0.0,0,0,0,0,0,8.0,0.0,152701.53,83842.02,236543.55,0.0,11.31
2026-06-05T00:52:33.808+00:00,244369,996060cc-1738-4269-9a35-58ffa0c7dd73,,10,FAULT,0x04C0,I2C_TIMEOUT|SENSOR_RANGE|SELFTEST,0,0,0,0,0,0,0.0,0.0,0.0,5.02,2.589,602.4,310.68,-17.66,-9.07,0.0,0.0,0.0,0.0,0.0,0.0,,0.0,0,0,0,0,0,8.0,0.0,152779.24,83882.1,236661.33,0.0,3.8
2026-06-05T00:52:33.938+00:00,244498,996060cc-1738-4269-9a35-58ffa0c7dd73,,10,FAULT,0x04C0,I2C_TIMEOUT|SENSOR_RANGE|SELFTEST,0,0,0,0,0,0,0.0,0.0,0.0,4.959,2.558,595.08,306.96,-18.89,-9.56,0.0,0.0,0.0,0.0,0.0,0.0,,0.0,0,0,0,0,0,8.0,0.0,152856.0,83921.69,236777.7,0.0,-9.53
2026-06-05T00:52:34.066+00:00,244627,996060cc-1738-4269-9a35-58ffa0c7dd73,,10,FAULT,0x04C0,I2C_TIMEOUT|SENSOR_RANGE|SELFTEST,0,0,0,0,0,0,0.0,0.0,0.0,5.022,2.596,602.64,311.52,-19.37,-9.81,0.0,0.0,0.0,0.0,0.0,0.0,,0.0,0,0,0,0,0,8.0,0.0,152933.74,83961.88,236895.62,0.0,-3.72
2026-06-05T00:52:34.196+00:00,244757,996060cc-1738-4269-9a35-58ffa0c7dd73,,10,FAULT,0x04C0,I2C_TIMEOUT|SENSOR_RANGE|SELFTEST,0,0,0,0,0,0,0.0,0.0,0.0,4.971,2.569,596.52,308.28,-18.64,-9.44,0.0,0.0,0.0,0.0,0.0,0.0,,0.0,0,0,0,0,0,8.0,0.0,153011.29,84001.96,237013.25,0.0,5.62
2026-06-05T00:52:34.327+00:00,244886,996060cc-1738-4269-9a35-58ffa0c7dd73,,10,FAULT,0x04C0,I2C_TIMEOUT|SENSOR_RANGE|SELFTEST,0,0,0,0,0,0,0.0,0.0,0.0,5.015,2.59,601.8,310.8,-17.66,-9.07,0.0,0.0,0.0,0.0,0.0,0.0,,0.0,0,0,0,0,0,8.0,0.0,153088.92,84042.05,237130.97,0.0,7.6
2026-06-05T00:52:34.455+00:00,245015,996060cc-1738-4269-9a35-58ffa0c7dd73,,10,FAULT,0x04C0,I2C_TIMEOUT|SENSOR_RANGE|SELFTEST,0,0,0,0,0,0,0.0,0.0,0.0,4.987,2.574,598.44,308.88,-18.4,-9.2,0.0,0.0,0.0,0.0,0.0,0.0,,0.0,0,0,0,0,0,8.0,0.0,153166.12,84081.89,237248.02,0.0,-5.74
2026-06-05T00:52:34.585+00:00,245145,996060cc-1738-4269-9a35-58ffa0c7dd73,,10,FAULT,0x04C0,I2C_TIMEOUT|SENSOR_RANGE|SELFTEST,0,0,0,0,0,0,0.0,0.0,0.0,5.007,2.586,600.84,310.32,-19.37,-9.81,0.0,0.0,0.0,0.0,0.0,0.0,,0.0,0,0,0,0,0,8.0,0.0,153244.23,84122.24,237366.47,0.0,-7.46
2026-06-05T00:52:34.716+00:00,245274,996060cc-1738-4269-9a35-58ffa0c7dd73,,10,FAULT,0x04C0,I2C_TIMEOUT|SENSOR_RANGE|SELFTEST,0,0,0,0,0,0,0.0,0.0,0.0,4.999,2.584,599.88,310.08,-19.13,-9.81,0.0,0.0,0.0,0.0,0.0,0.0,,0.0,0,0,0,0,0,8.0,0.0,153321.62,84162.24,237483.85,0.0,1.86
2026-06-05T00:52:34.844+00:00,245403,996060cc-1738-4269-9a35-58ffa0c7dd73,,10,FAULT,0x04C0,I2C_TIMEOUT|SENSOR_RANGE|SELFTEST,0,0,0,0,0,0,0.0,0.0,0.0,5.006,2.586,600.72,310.32,-17.91,-9.2,0.0,0.0,0.0,0.0,0.0,0.0,,0.0,0,0,0,0,0,8.0,0.0,153399.11,84202.27,237601.38,0.0,9.46
2026-06-05T00:52:34.974+00:00,245532,996060cc-1738-4269-9a35-58ffa0c7dd73,,10,FAULT,0x04C0,I2C_TIMEOUT|SENSOR_RANGE|SELFTEST,0,0,0,0,0,0,0.0,0.0,0.0,5.02,2.596,602.4,311.52,-17.66,-9.07,0.0,0.0,0.0,0.0,0.0,0.0,,0.0,0,0,0,0,0,8.0,0.0,153476.82,84242.45,237719.27,0.0,1.94
2026-06-05T00:52:35.104+00:00,245662,996060cc-1738-4269-9a35-58ffa0c7dd73,,10,FAULT,0x04C0,I2C_TIMEOUT|SENSOR_RANGE|SELFTEST,0,0,0,0,0,0,0.0,0.0,0.0,4.974,2.566,596.88,307.92,-18.89,-9.68,0.0,0.0,0.0,0.0,0.0,0.0,,0.0,0,0,0,0,0,8.0,0.0,153554.41,84282.48,237836.9,0.0,-9.46
2026-06-05T00:52:35.233+00:00,245791,996060cc-1738-4269-9a35-58ffa0c7dd73,,10,FAULT,0x04C0,I2C_TIMEOUT|SENSOR_RANGE|SELFTEST,0,0,0,0,0,0,0.0,0.0,0.0,5.025,2.6,603.0,312.0,-19.37,-9.81,0.0,0.0,0.0,0.0,0.0,0.0,,0.0,0,0,0,0,0,8.0,0.0,153632.2,84322.73,237954.93,0.0,-3.72
2026-06-05T00:52:35.363+00:00,245920,996060cc-1738-4269-9a35-58ffa0c7dd73,,10,FAULT,0x04C0,I2C_TIMEOUT|SENSOR_RANGE|SELFTEST,0,0,0,0,0,0,0.0,0.0,0.0,4.965,2.567,595.8,308.04,-18.4,-9.44,0.0,0.0,0.0,0.0,0.0,0.0,,0.0,0,0,0,0,0,8.0,0.0,153709.06,84362.47,238071.53,0.0,7.52
2026-06-05T00:52:35.491+00:00,246050,996060cc-1738-4269-9a35-58ffa0c7dd73,,10,FAULT,0x04C0,I2C_TIMEOUT|SENSOR_RANGE|SELFTEST,0,0,0,0,0,0,0.0,0.0,0.0,5.022,2.592,602.64,311.04,-17.66,-9.07,0.0,0.0,0.0,0.0,0.0,0.0,,0.0,0,0,0,0,0,8.0,0.0,153787.4,84402.9,238190.3,0.0,5.69
2026-06-05T00:52:35.622+00:00,246179,996060cc-1738-4269-9a35-58ffa0c7dd73,,10,FAULT,0x04C0,I2C_TIMEOUT|SENSOR_RANGE|SELFTEST,0,0,0,0,0,0,0.0,0.0,0.0,4.982,2.573,597.84,308.76,-18.4,-9.32,0.0,0.0,0.0,0.0,0.0,0.0,,0.0,0,0,0,0,0,8.0,0.0,153864.52,84442.73,238307.26,0.0,-5.74
2026-06-05T00:52:35.752+00:00,246308,996060cc-1738-4269-9a35-58ffa0c7dd73,,10,FAULT,0x04C0,I2C_TIMEOUT|SENSOR_RANGE|SELFTEST,0,0,0,0,0,0,0.0,0.0,0.0,5.006,2.585,600.72,310.2,-19.37,-9.93,0.0,0.0,0.0,0.0,0.0,0.0,,0.0,0,0,0,0,0,8.0,0.0,153942.01,84482.75,238424.76,0.0,-7.52
2026-06-05T00:52:35.880+00:00,246437,996060cc-1738-4269-9a35-58ffa0c7dd73,,10,FAULT,0x04C0,I2C_TIMEOUT|SENSOR_RANGE|SELFTEST,0,0,0,0,0,0,0.0,0.0,0.0,4.997,2.585,599.64,310.2,-19.13,-9.68,0.0,0.0,0.0,0.0,0.0,0.0,,0.0,0,0,0,0,0,8.0,0.0,154019.37,84522.77,238542.13,0.0,1.86
2026-06-05T00:52:36.011+00:00,246567,996060cc-1738-4269-9a35-58ffa0c7dd73,,10,FAULT,0x04C0,I2C_TIMEOUT|SENSOR_RANGE|SELFTEST,0,0,0,0,0,0,0.0,0.0,0.0,5.007,2.585,600.84,310.2,-17.66,-9.2,0.0,0.0,0.0,0.0,0.0,0.0,,0.0,0,0,0,0,0,8.0,0.0,154097.48,84563.09,238660.57,0.0,11.31
2026-06-05T00:52:36.141+00:00,246696,996060cc-1738-4269-9a35-58ffa0c7dd73,,10,FAULT,0x04C0,I2C_TIMEOUT|SENSOR_RANGE|SELFTEST,0,0,0,0,0,0,0.0,0.0,0.0,5.01,2.583,601.2,309.96,-17.66,-9.07,0.0,0.0,0.0,0.0,0.0,0.0,,0.0,0,0,0,0,0,8.0,0.0,154175.03,84603.08,238778.11,0.0,0.0
2026-06-05T00:52:36.270+00:00,246825,996060cc-1738-4269-9a35-58ffa0c7dd73,,10,FAULT,0x04C0,I2C_TIMEOUT|SENSOR_RANGE|SELFTEST,0,0,0,0,0,0,0.0,0.0,0.0,4.986,2.572,598.32,308.64,-19.13,-9.68,0.0,0.0,0.0,0.0,0.0,0.0,,0.0,0,0,0,0,0,8.0,0.0,154252.22,84642.89,238895.11,0.0,-11.4
2026-06-05T00:52:36.399+00:00,246956,996060cc-1738-4269-9a35-58ffa0c7dd73,,10,FAULT,0x04C0,I2C_TIMEOUT|SENSOR_RANGE|SELFTEST,0,0,0,0,0,0,0.0,0.0,0.0,5.029,2.602,603.48,312.24,-19.37,-9.93,0.0,0.0,0.0,0.0,0.0,0.0,,0.0,0,0,0,0,0,8.0,0.0,154331.27,84683.79,239015.07,0.0,-1.83
2026-06-05T00:52:36.530+00:00,247085,996060cc-1738-4269-9a35-58ffa0c7dd73,,10,FAULT,0x04C0,I2C_TIMEOUT|SENSOR_RANGE|SELFTEST,0,0,0,0,0,0,0.0,0.0,0.0,4.968,2.567,596.16,308.04,-18.4,-9.44,0.0,0.0,0.0,0.0,0.0,0.0,,0.0,0,0,0,0,0,8.0,0.0,154408.18,84723.53,239131.71,0.0,7.52
2026-06-05T00:52:36.658+00:00,247214,996060cc-1738-4269-9a35-58ffa0c7dd73,,10,FAULT,0x04C0,I2C_TIMEOUT|SENSOR_RANGE|SELFTEST,0,0,0,0,0,0,0.0,0.0,0.0,5.028,2.594,603.36,311.28,-17.42,-8.95,0.0,0.0,0.0,0.0,0.0,0.0,,0.0,0,0,0,0,0,8.0,0.0,154486.01,84763.69,239249.7,0.0,7.6
2026-06-05T00:52:36.789+00:00,247344,996060cc-1738-4269-9a35-58ffa0c7dd73,,10,FAULT,0x04C0,I2C_TIMEOUT|SENSOR_RANGE|SELFTEST,0,0,0,0,0,0,0.0,0.0,0.0,4.976,2.563,597.12,307.56,-18.4,-9.44,0.0,0.0,0.0,0.0,0.0,0.0,,0.0,0,0,0,0,0,8.0,0.0,154563.64,84803.67,239367.3,0.0,-7.54
2026-06-05T00:52:36.916+00:00,247473,996060cc-1738-4269-9a35-58ffa0c7dd73,,10,FAULT,0x04C0,I2C_TIMEOUT|SENSOR_RANGE|SELFTEST,0,0,0,0,0,0,0.0,0.0,0.0,5.022,2.59,602.64,310.8,-19.37,-9.93,0.0,0.0,0.0,0.0,0.0,0.0,,0.0,0,0,0,0,0,8.0,0.0,154641.38,84843.76,239485.14,0.0,-7.52
2026-06-05T00:52:37.047+00:00,247602,996060cc-1738-4269-9a35-58ffa0c7dd73,,10,FAULT,0x04C0,I2C_TIMEOUT|SENSOR_RANGE|SELFTEST,0,0,0,0,0,0,0.0,0.0,0.0,4.998,2.582,599.76,309.84,-18.89,-9.68,0.0,0.0,0.0,0.0,0.0,0.0,,0.0,0,0,0,0,0,8.0,0.0,154718.74,84883.73,239602.48,0.0,3.72
2026-06-05T00:52:37.177+00:00,247731,996060cc-1738-4269-9a35-58ffa0c7dd73,,10,FAULT,0x04C0,I2C_TIMEOUT|SENSOR_RANGE|SELFTEST,0,0,0,0,0,0,0.0,0.0,0.0,5.016,2.583,601.92,309.96,-17.66,-9.2,0.0,0.0,0.0,0.0,0.0,0.0,,0.0,0,0,0,0,0,8.0,0.0,154796.39,84923.72,239720.11,0.0,9.53
2026-06-05T00:52:37.307+00:00,247861,996060cc-1738-4269-9a35-58ffa0c7dd73,,10,FAULT,0x04C0,I2C_TIMEOUT|SENSOR_RANGE|SELFTEST,0,0,0,0,0,0,0.0,0.0,0.0,5.015,2.575,601.8,309.0,-18.15,-9.2,0.0,0.0,0.0,0.0,0.0,0.0,,0.0,0,0,0,0,0,8.0,0.0,154874.63,84963.89,239838.51,0.0,-3.77
2026-06-05T00:52:37.436+00:00,247990,996060cc-1738-4269-9a35-58ffa0c7dd73,,10,FAULT,0x04C0,I2C_TIMEOUT|SENSOR_RANGE|SELFTEST,0,0,0,0,0,0,0.0,0.0,0.0,5.011,2.58,601.32,309.6,-19.37,-9.68,0.0,0.0,0.0,0.0,0.0,0.0,,0.0,0,0,0,0,0,8.0,0.0,154952.2,85003.82,239956.02,0.0,-9.46
2026-06-05T00:52:37.566+00:00,248119,996060cc-1738-4269-9a35-58ffa0c7dd73,,10,FAULT,0x04C0,I2C_TIMEOUT|SENSOR_RANGE|SELFTEST,0,0,0,0,0,0,0.0,0.0,0.0,5.04,2.601,604.8,312.12,-19.37,-9.81,0.0,0.0,0.0,0.0,0.0,0.0,,0.0,0,0,0,0,0,8.0,0.0,155030.22,85044.09,240074.3,0.0,0.0
2026-06-05T00:52:37.695+00:00,248249,996060cc-1738-4269-9a35-58ffa0c7dd73,,10,FAULT,0x04C0,I2C_TIMEOUT|SENSOR_RANGE|SELFTEST,0,0,0,0,0,0,0.0,0.0,0.0,5.002,2.576,600.24,309.12,-18.4,-9.44,0.0,0.0,0.0,0.0,0.0,0.0,,0.0,0,0,0,0,0,8.0,0.0,155108.25,85084.27,240192.52,0.0,7.46
2026-06-05T00:52:37.825+00:00,248378,996060cc-1738-4269-9a35-58ffa0c7dd73,,10,FAULT,0x04C0,I2C_TIMEOUT|SENSOR_RANGE|SELFTEST,0,0,0,0,0,0,0.0,0.0,0.0,5.047,2.595,605.64,311.4,-17.91,-9.07,0.0,0.0,0.0,0.0,0.0,0.0,,0.0,0,0,0,0,0,8.0,0.0,155186.37,85124.44,240310.82,0.0,3.8
2026-06-05T00:52:37.955+00:00,248507,996060cc-1738-4269-9a35-58ffa0c7dd73,,10,FAULT,0x04C0,I2C_TIMEOUT|SENSOR_RANGE|SELFTEST,0,0,0,0,0,0,0.0,0.0,0.0,4.979,2.561,597.48,307.32,-18.89,-9.56,0.0,0.0,0.0,0.0,0.0,0.0,,0.0,0,0,0,0,0,8.0,0.0,155263.45,85164.09,240427.54,0.0,-7.6
2026-06-05T00:52:38.083+00:00,248636,996060cc-1738-4269-9a35-58ffa0c7dd73,,10,FAULT,0x04C0,I2C_TIMEOUT|SENSOR_RANGE|SELFTEST,0,0,0,0,0,0,0.0,0.0,0.0,5.032,2.593,603.84,311.16,-19.37,-9.93,0.0,0.0,0.0,0.0,0.0,0.0,,0.0,0,0,0,0,0,8.0,0.0,155341.35,85204.23,240545.57,0.0,-3.72
2026-06-05T00:52:38.214+00:00,248766,996060cc-1738-4269-9a35-58ffa0c7dd73,,10,FAULT,0x04C0,I2C_TIMEOUT|SENSOR_RANGE|SELFTEST,0,0,0,0,0,0,0.0,0.0,0.0,4.993,2.57,599.16,308.4,-18.64,-9.68,0.0,0.0,0.0,0.0,0.0,0.0,,0.0,0,0,0,0,0,8.0,0.0,155419.24,85244.32,240663.56,0.0,5.62
2026-06-05T00:52:38.342+00:00,248895,996060cc-1738-4269-9a35-58ffa0c7dd73,,10,FAULT,0x04C0,I2C_TIMEOUT|SENSOR_RANGE|SELFTEST,0,0,0,0,0,0,0.0,0.0,0.0,5.026,2.583,603.12,309.96,-17.66,-9.07,0.0,0.0,0.0,0.0,0.0,0.0,,0.0,0,0,0,0,0,8.0,0.0,155497.04,85284.31,240781.34,0.0,7.6
2026-06-05T00:52:38.472+00:00,249024,996060cc-1738-4269-9a35-58ffa0c7dd73,,10,FAULT,0x04C0,I2C_TIMEOUT|SENSOR_RANGE|SELFTEST,0,0,0,0,0,0,0.0,0.0,0.0,5.015,2.574,601.8,308.88,-18.4,-9.2,0.0,0.0,0.0,0.0,0.0,0.0,,0.0,0,0,0,0,0,8.0,0.0,155574.67,85324.15,240898.82,0.0,-5.74
2026-06-05T00:52:38.603+00:00,249154,996060cc-1738-4269-9a35-58ffa0c7dd73,,10,FAULT,0x04C0,I2C_TIMEOUT|SENSOR_RANGE|SELFTEST,0,0,0,0,0,0,0.0,0.0,0.0,5.016,2.581,601.92,309.72,-19.37,-9.81,0.0,0.0,0.0,0.0,0.0,0.0,,0.0,0,0,0,0,0,8.0,0.0,155652.92,85364.41,241017.33,0.0,-7.46
2026-06-05T00:52:38.731+00:00,249283,996060cc-1738-4269-9a35-58ffa0c7dd73,,10,FAULT,0x04C0,I2C_TIMEOUT|SENSOR_RANGE|SELFTEST,0,0,0,0,0,0,0.0,0.0,0.0,5.024,2.586,602.88,310.32,-19.37,-9.81,0.0,0.0,0.0,0.0,0.0,0.0,,0.0,0,0,0,0,0,8.0,0.0,155730.69,85404.45,241135.14,0.0,0.0
2026-06-05T00:52:38.861+00:00,249412,996060cc-1738-4269-9a35-58ffa0c7dd73,,10,FAULT,0x04C0,I2C_TIMEOUT|SENSOR_RANGE|SELFTEST,0,0,0,0,0,0,0.0,0.0,0.0,5.011,2.58,601.32,309.6,-17.91,-9.32,0.0,0.0,0.0,0.0,0.0,0.0,,0.0,0,0,0,0,0,8.0,0.0,155808.26,85444.38,241252.65,0.0,11.32
2026-06-05T00:52:38.992+00:00,249541,996060cc-1738-4269-9a35-58ffa0c7dd73,,10,FAULT,0x04C0,I2C_TIMEOUT|SENSOR_RANGE|SELFTEST,0,0,0,0,0,0,0.0,0.0,0.0,5.044,2.591,605.28,310.92,-17.42,-8.95,0.0,0.0,0.0,0.0,0.0,0.0,,0.0,0,0,0,0,0,8.0,0.0,155886.34,85484.49,241370.84,0.0,3.8
2026-06-05T00:52:39.120+00:00,249671,996060cc-1738-4269-9a35-58ffa0c7dd73,,10,FAULT,0x04C0,I2C_TIMEOUT|SENSOR_RANGE|SELFTEST,0,0,0,0,0,0,0.0,0.0,0.0,4.984,2.564,598.08,307.68,-18.89,-9.56,0.0,0.0,0.0,0.0,0.0,0.0,,0.0,0,0,0,0,0,8.0,0.0,155964.09,85524.49,241488.58,0.0,-11.31
2026-06-05T00:52:39.250+00:00,249800,996060cc-1738-4269-9a35-58ffa0c7dd73,,10,FAULT,0x04C0,I2C_TIMEOUT|SENSOR_RANGE|SELFTEST,0,0,0,0,0,0,0.0,0.0,0.0,5.039,2.595,604.68,311.4,-19.37,-9.93,0.0,0.0,0.0,0.0,0.0,0.0,,0.0,0,0,0,0,0,8.0,0.0,156042.1,85564.66,241606.76,0.0,-3.72
2026-06-05T00:52:39.380+00:00,249929,996060cc-1738-4269-9a35-58ffa0c7dd73,,10,FAULT,0x04C0,I2C_TIMEOUT|SENSOR_RANGE|SELFTEST,0,0,0,0,0,0,0.0,0.0,0.0,4.991,2.574,598.92,308.88,-18.4,-9.44,0.0,0.0,0.0,0.0,0.0,0.0,,0.0,0,0,0,0,0,8.0,0.0,156119.36,85604.51,241723.87,0.0,7.52
2026-06-05T00:52:39.509+00:00,250059,996060cc-1738-4269-9a35-58ffa0c7dd73,,10,FAULT,0x04C0,I2C_TIMEOUT|SENSOR_RANGE|SELFTEST,0,0,0,0,0,0,0.0,0.0,0.0,5.037,2.591,604.44,310.92,-17.42,-9.07,0.0,0.0,0.0,0.0,0.0,0.0,,0.0,0,0,0,0,0,8.0,0.0,156197.94,85644.93,241842.86,0.0,7.54
2026-06-05T00:52:39.639+00:00,250188,996060cc-1738-4269-9a35-58ffa0c7dd73,,10,FAULT,0x04C0,I2C_TIMEOUT|SENSOR_RANGE|SELFTEST,0,0,0,0,0,0,0.0,0.0,0.0,5.008,2.576,600.96,309.12,-18.64,-9.32,0.0,0.0,0.0,0.0,0.0,0.0,,0.0,0,0,0,0,0,8.0,0.0,156275.46,85684.8,241960.26,0.0,-9.46
2026-06-05T00:52:39.768+00:00,250317,996060cc-1738-4269-9a35-58ffa0c7dd73,,10,FAULT,0x04C0,I2C_TIMEOUT|SENSOR_RANGE|SELFTEST,0,0,0,0,0,0,0.0,0.0,0.0,5.025,2.586,603.0,310.32,-19.37,-9.93,0.0,0.0,0.0,0.0,0.0,0.0,,0.0,0,0,0,0,0,8.0,0.0,156353.25,85724.83,242078.08,0.0,-5.66
2026-06-05T00:52:39.898+00:00,250446,996060cc-1738-4269-9a35-58ffa0c7dd73,,10,FAULT,0x04C0,I2C_TIMEOUT|SENSOR_RANGE|SELFTEST,0,0,0,0,0,0,0.0,0.0,0.0,5.022,2.584,602.64,310.08,-19.13,-9.81,0.0,0.0,0.0,0.0,0.0,0.0,,0.0,0,0,0,0,0,8.0,0.0,156430.99,85764.83,242195.82,0.0,1.86
2026-06-05T00:52:40.028+00:00,250576,996060cc-1738-4269-9a35-58ffa0c7dd73,,10,FAULT,0x04C0,I2C_TIMEOUT|SENSOR_RANGE|SELFTEST,0,0,0,0,0,0,0.0,0.0,0.0,5.018,2.583,602.16,309.96,-17.66,-9.07,0.0,0.0,0.0,0.0,0.0,0.0,,0.0,0,0,0,0,0,8.0,0.0,156509.27,85805.13,242314.4,0.0,11.31
2026-06-05T00:52:40.156+00:00,250705,996060cc-1738-4269-9a35-58ffa0c7dd73,,10,FAULT,0x04C0,I2C_TIMEOUT|SENSOR_RANGE|SELFTEST,0,0,0,0,0,0,0.0,0.0,0.0,5.04,2.587,604.8,310.44,-17.91,-9.2,0.0,0.0,0.0,0.0,0.0,0.0,,0.0,0,0,0,0,0,8.0,0.0,156587.29,85845.18,242432.46,0.0,-1.94
2026-06-05T00:52:40.287+00:00,250834,996060cc-1738-4269-9a35-58ffa0c7dd73,,10,FAULT,0x04C0,I2C_TIMEOUT|SENSOR_RANGE|SELFTEST,0,0,0,0,0,0,0.0,0.0,0.0,5.001,2.569,600.12,308.28,-19.13,-9.81,0.0,0.0,0.0,0.0,0.0,0.0,,0.0,0,0,0,0,0,8.0,0.0,156664.7,85884.94,242549.65,0.0,-9.46
2026-06-05T00:52:40.417+00:00,250964,996060cc-1738-4269-9a35-58ffa0c7dd73,,10,FAULT,0x04C0,I2C_TIMEOUT|SENSOR_RANGE|SELFTEST,0,0,0,0,0,0,0.0,0.0,0.0,5.053,2.599,606.36,311.88,-19.37,-9.81,0.0,0.0,0.0,0.0,0.0,0.0,,0.0,0,0,0,0,0,8.0,0.0,156743.53,85925.49,242669.02,0.0,-1.85
2026-06-05T00:52:40.545+00:00,251094,996060cc-1738-4269-9a35-58ffa0c7dd73,,10,FAULT,0x04C0,I2C_TIMEOUT|SENSOR_RANGE|SELFTEST,0,0,0,0,0,0,0.0,0.0,0.0,4.992,2.568,599.04,308.16,-18.4,-9.32,0.0,0.0,0.0,0.0,0.0,0.0,,0.0,0,0,0,0,0,8.0,0.0,156821.4,85965.55,242786.95,0.0,7.46
2026-06-05T00:52:40.676+00:00,251223,996060cc-1738-4269-9a35-58ffa0c7dd73,,10,FAULT,0x04C0,I2C_TIMEOUT|SENSOR_RANGE|SELFTEST,0,0,0,0,0,0,0.0,0.0,0.0,5.046,2.59,605.52,310.8,-17.42,-9.07,0.0,0.0,0.0,0.0,0.0,0.0,,0.0,0,0,0,0,0,8.0,0.0,156899.52,86005.64,242905.16,0.0,7.6
2026-06-05T00:52:40.804+00:00,251353,996060cc-1738-4269-9a35-58ffa0c7dd73,,10,FAULT,0x04C0,I2C_TIMEOUT|SENSOR_RANGE|SELFTEST,0,0,0,0,0,0,0.0,0.0,0.0,5.002,2.564,600.24,307.68,-18.89,-9.44,0.0,0.0,0.0,0.0,0.0,0.0,,0.0,0,0,0,0,0,8.0,0.0,156977.55,86045.64,243023.19,0.0,-11.31
2026-06-05T00:52:40.934+00:00,251482,996060cc-1738-4269-9a35-58ffa0c7dd73,,10,FAULT,0x04C0,I2C_TIMEOUT|SENSOR_RANGE|SELFTEST,0,0,0,0,0,0,0.0,0.0,0.0,5.038,2.589,604.56,310.68,-19.37,-9.81,0.0,0.0,0.0,0.0,0.0,0.0,,0.0,0,0,0,0,0,8.0,0.0,157055.54,86085.72,243141.25,0.0,-3.72
2026-06-05T00:52:41.064+00:00,251611,996060cc-1738-4269-9a35-58ffa0c7dd73,,10,FAULT,0x04C0,I2C_TIMEOUT|SENSOR_RANGE|SELFTEST,0,0,0,0,0,0,0.0,0.0,0.0,5.015,2.579,601.8,309.48,-18.89,-9.56,0.0,0.0,0.0,0.0,0.0,0.0,,0.0,0,0,0,0,0,8.0,0.0,157133.17,86125.64,243258.81,0.0,3.72
2026-06-05T00:52:41.193+00:00,251740,996060cc-1738-4269-9a35-58ffa0c7dd73,,10,FAULT,0x04C0,I2C_TIMEOUT|SENSOR_RANGE|SELFTEST,0,0,0,0,0,0,0.0,0.0,0.0,5.022,2.584,602.64,310.08,-17.66,-9.2,0.0,0.0,0.0,0.0,0.0,0.0,,0.0,0,0,0,0,0,8.0,0.0,157210.91,86165.64,243376.55,0.0,9.53
2026-06-05T00:52:41.323+00:00,251870,996060cc-1738-4269-9a35-58ffa0c7dd73,,10,FAULT,0x04C0,I2C_TIMEOUT|SENSOR_RANGE|SELFTEST,0,0,0,0,0,0,0.0,0.0,0.0,5.027,2.582,603.24,309.84,-17.91,-9.2,0.0,0.0,0.0,0.0,0.0,0.0,,0.0,0,0,0,0,0,8.0,0.0,157289.33,86205.92,243495.25,0.0,-1.92
2026-06-05T00:52:41.453+00:00,251999,996060cc-1738-4269-9a35-58ffa0c7dd73,,10,FAULT,0x04C0,I2C_TIMEOUT|SENSOR_RANGE|SELFTEST,0,0,0,0,0,0,0.0,0.0,0.0,5.011,2.579,601.32,309.48,-19.37,-9.81,0.0,0.0,0.0,0.0,0.0,0.0,,0.0,0,0,0,0,0,8.0,0.0,157366.9,86245.84,243612.74,0.0,-11.32
2026-06-05T00:52:41.583+00:00,252128,996060cc-1738-4269-9a35-58ffa0c7dd73,,10,FAULT,0x04C0,I2C_TIMEOUT|SENSOR_RANGE|SELFTEST,0,0,0,0,0,0,0.0,0.0,0.0,5.047,2.6,605.64,312.0,-19.37,-9.93,0.0,0.0,0.0,0.0,0.0,0.0,,0.0,0,0,0,0,0,8.0,0.0,157445.03,86286.09,243731.12,0.0,0.0
2026-06-05T00:52:41.713+00:00,252258,996060cc-1738-4269-9a35-58ffa0c7dd73,,10,FAULT,0x04C0,I2C_TIMEOUT|SENSOR_RANGE|SELFTEST,0,0,0,0,0,0,0.0,0.0,0.0,4.999,2.574,599.88,308.88,-17.91,-9.2,0.0,0.0,0.0,0.0,0.0,0.0,,0.0,0,0,0,0,0,8.0,0.0,157523.01,86326.25,243849.26,0.0,11.23
2026-06-05T00:52:41.842+00:00,252387,996060cc-1738-4269-9a35-58ffa0c7dd73,,10,FAULT,0x04C0,I2C_TIMEOUT|SENSOR_RANGE|SELFTEST,0,0,0,0,0,0,0.0,0.0,0.0,5.05,2.595,606.0,311.4,-17.66,-8.95,0.0,0.0,0.0,0.0,0.0,0.0,,0.0,0,0,0,0,0,8.0,0.0,157601.19,86366.42,243967.6,0.0,1.94
2026-06-05T00:52:41.970+00:00,252516,996060cc-1738-4269-9a35-58ffa0c7dd73,,10,FAULT,0x04C0,I2C_TIMEOUT|SENSOR_RANGE|SELFTEST,0,0,0,0,0,0,0.0,0.0,0.0,4.985,2.565,598.2,307.8,-18.89,-9.56,0.0,0.0,0.0,0.0,0.0,0.0,,0.0,0,0,0,0,0,8.0,0.0,157678.35,86406.12,244084.48,0.0,-9.53
2026-06-05T00:52:42.101+00:00,252645,996060cc-1738-4269-9a35-58ffa0c7dd73,,10,FAULT,0x04C0,I2C_TIMEOUT|SENSOR_RANGE|SELFTEST,0,0,0,0,0,0,0.0,0.0,0.0,5.041,2.597,604.92,311.64,-19.37,-9.93,0.0,0.0,0.0,0.0,0.0,0.0,,0.0,0,0,0,0,0,8.0,0.0,157756.39,86446.33,244202.71,0.0,-3.72
2026-06-05T00:52:42.229+00:00,252775,996060cc-1738-4269-9a35-58ffa0c7dd73,,10,FAULT,0x04C0,I2C_TIMEOUT|SENSOR_RANGE|SELFTEST,0,0,0,0,0,0,0.0,0.0,0.0,5.006,2.58,600.72,309.6,-18.64,-9.56,0.0,0.0,0.0,0.0,0.0,0.0,,0.0,0,0,0,0,0,8.0,0.0,157834.48,86486.57,244321.06,0.0,5.62
2026-06-05T00:52:42.359+00:00,252904,996060cc-1738-4269-9a35-58ffa0c7dd73,,10,FAULT,0x04C0,I2C_TIMEOUT|SENSOR_RANGE|SELFTEST,0,0,0,0,0,0,0.0,0.0,0.0,5.04,2.591,604.8,310.92,-17.66,-9.07,0.0,0.0,0.0,0.0,0.0,0.0,,0.0,0,0,0,0,0,8.0,0.0,157912.5,86526.68,244439.18,0.0,7.6
2026-06-05T00:52:42.490+00:00,253033,996060cc-1738-4269-9a35-58ffa0c7dd73,,10,FAULT,0x04C0,I2C_TIMEOUT|SENSOR_RANGE|SELFTEST,0,0,0,0,0,0,0.0,0.0,0.0,5.026,2.581,603.12,309.72,-18.4,-9.2,0.0,0.0,0.0,0.0,0.0,0.0,,0.0,0,0,0,0,0,8.0,0.0,157990.3,86566.64,244556.94,0.0,-5.74
2026-06-05T00:52:42.619+00:00,253163,996060cc-1738-4269-9a35-58ffa0c7dd73,,10,FAULT,0x04C0,I2C_TIMEOUT|SENSOR_RANGE|SELFTEST,0,0,0,0,0,0,0.0,0.0,0.0,5.021,2.584,602.52,310.08,-19.62,-9.93,0.0,0.0,0.0,0.0,0.0,0.0,,0.0,0,0,0,0,0,8.0,0.0,158068.63,86606.95,244675.58,0.0,-9.38
2026-06-05T00:52:42.748+00:00,253292,996060cc-1738-4269-9a35-58ffa0c7dd73,,10,FAULT,0x04C0,I2C_TIMEOUT|SENSOR_RANGE|SELFTEST,0,0,0,0,0,0,0.0,0.0,0.0,5.031,2.59,603.72,310.8,-19.37,-9.81,0.0,0.0,0.0,0.0,0.0,0.0,,0.0,0,0,0,0,0,8.0,0.0,158146.51,86647.04,244793.55,0.0,1.94
2026-06-05T00:52:42.879+00:00,253421,996060cc-1738-4269-9a35-58ffa0c7dd73,,10,FAULT,0x04C0,I2C_TIMEOUT|SENSOR_RANGE|SELFTEST,0,0,0,0,0,0,0.0,0.0,0.0,5.004,2.578,600.48,309.36,-17.91,-9.2,0.0,0.0,0.0,0.0,0.0,0.0,,0.0,0,0,0,0,0,8.0,0.0,158223.97,86686.95,244910.92,0.0,11.32
2026-06-05T00:52:43.007+00:00,253550,996060cc-1738-4269-9a35-58ffa0c7dd73,,10,FAULT,0x04C0,I2C_TIMEOUT|SENSOR_RANGE|SELFTEST,0,0,0,0,0,0,0.0,0.0,0.0,5.049,2.596,605.88,311.52,-17.42,-8.95,0.0,0.0,0.0,0.0,0.0,0.0,,0.0,0,0,0,0,0,8.0,0.0,158302.13,86727.13,245029.26,0.0,3.8
2026-06-05T00:52:43.137+00:00,253680,996060cc-1738-4269-9a35-58ffa0c7dd73,,10,FAULT,0x04C0,I2C_TIMEOUT|SENSOR_RANGE|SELFTEST,0,0,0,0,0,0,0.0,0.0,0.0,4.99,2.567,598.8,308.04,-18.89,-9.68,0.0,0.0,0.0,0.0,0.0,0.0,,0.0,0,0,0,0,0,8.0,0.0,158379.98,86767.18,245147.15,0.0,-11.31
2026-06-05T00:52:43.267+00:00,253809,996060cc-1738-4269-9a35-58ffa0c7dd73,,10,FAULT,0x04C0,I2C_TIMEOUT|SENSOR_RANGE|SELFTEST,0,0,0,0,0,0,0.0,0.0,0.0,5.045,2.597,605.4,311.64,-19.37,-9.93,0.0,0.0,0.0,0.0,0.0,0.0,,0.0,0,0,0,0,0,8.0,0.0,158458.07,86807.38,245265.45,0.0,-3.72
2026-06-05T00:52:43.396+00:00,253938,996060cc-1738-4269-9a35-58ffa0c7dd73,,10,FAULT,0x04C0,I2C_TIMEOUT|SENSOR_RANGE|SELFTEST,0,0,0,0,0,0,0.0,0.0,0.0,4.995,2.575,599.4,309.0,-18.4,-9.44,0.0,0.0,0.0,0.0,0.0,0.0,,0.0,0,0,0,0,0,8.0,0.0,158535.39,86847.24,245382.64,0.0,7.52
2026-06-05T00:52:43.526+00:00,254068,996060cc-1738-4269-9a35-58ffa0c7dd73,,10,FAULT,0x04C0,I2C_TIMEOUT|SENSOR_RANGE|SELFTEST,0,0,0,0,0,0,0.0,0.0,0.0,5.04,2.594,604.8,311.28,-17.42,-9.07,0.0,0.0,0.0,0.0,0.0,0.0,,0.0,0,0,0,0,0,8.0,0.0,158614.02,86887.71,245501.73,0.0,7.54
2026-06-05T00:52:43.655+00:00,254197,996060cc-1738-4269-9a35-58ffa0c7dd73,,10,FAULT,0x04C0,I2C_TIMEOUT|SENSOR_RANGE|SELFTEST,0,0,0,0,0,0,0.0,0.0,0.0,5.003,2.572,600.36,308.64,-18.4,-9.32,0.0,0.0,0.0,0.0,0.0,0.0,,0.0,0,0,0,0,0,8.0,0.0,158691.47,86927.52,245618.99,0.0,-7.6
2026-06-05T00:52:43.785+00:00,254326,996060cc-1738-4269-9a35-58ffa0c7dd73,,10,FAULT,0x04C0,I2C_TIMEOUT|SENSOR_RANGE|SELFTEST,0,0,0,0,0,0,0.0,0.0,0.0,5.027,2.586,603.24,310.32,-19.13,-9.81,0.0,0.0,0.0,0.0,0.0,0.0,,0.0,0,0,0,0,0,8.0,0.0,158769.28,86967.55,245736.84,0.0,-5.66
2026-06-05T00:52:43.915+00:00,254455,996060cc-1738-4269-9a35-58ffa0c7dd73,,10,FAULT,0x04C0,I2C_TIMEOUT|SENSOR_RANGE|SELFTEST,0,0,0,0,0,0,0.0,0.0,0.0,5.015,2.582,601.8,309.84,-18.89,-9.68,0.0,0.0,0.0,0.0,0.0,0.0,,0.0,0,0,0,0,0,8.0,0.0,158846.92,87007.52,245854.44,0.0,1.86
2026-06-05T00:52:44.043+00:00,254585,996060cc-1738-4269-9a35-58ffa0c7dd73,,10,FAULT,0x04C0,I2C_TIMEOUT|SENSOR_RANGE|SELFTEST,0,0,0,0,0,0,0.0,0.0,0.0,5.008,2.581,600.96,309.72,-17.66,-9.07,0.0,0.0,0.0,0.0,0.0,0.0,,0.0,0,0,0,0,0,8.0,0.0,158925.04,87047.79,245972.83,0.0,9.46
2026-06-05T00:52:44.174+00:00,254714,996060cc-1738-4269-9a35-58ffa0c7dd73,,10,FAULT,0x04C0,I2C_TIMEOUT|SENSOR_RANGE|SELFTEST,0,0,0,0,0,0,0.0,0.0,0.0,5.026,2.585,603.12,310.2,-17.91,-9.07,0.0,0.0,0.0,0.0,0.0,0.0,,0.0,0,0,0,0,0,8.0,0.0,159002.84,87087.8,246090.64,0.0,-1.94
2026-06-05T00:52:44.304+00:00,254843,996060cc-1738-4269-9a35-58ffa0c7dd73,,10,FAULT,0x04C0,I2C_TIMEOUT|SENSOR_RANGE|SELFTEST,0,0,0,0,0,0,0.0,0.0,0.0,4.987,2.572,598.44,308.64,-19.37,-9.68,0.0,0.0,0.0,0.0,0.0,0.0,,0.0,0,0,0,0,0,8.0,0.0,159080.04,87127.62,246207.66,0.0,-11.32
2026-06-05T00:52:44.432+00:00,254973,996060cc-1738-4269-9a35-58ffa0c7dd73,,10,FAULT,0x04C0,I2C_TIMEOUT|SENSOR_RANGE|SELFTEST,0,0,0,0,0,0,0.0,0.0,0.0,5.034,2.599,604.08,311.88,-19.37,-9.93,0.0,0.0,0.0,0.0,0.0,0.0,,0.0,0,0,0,0,0,8.0,0.0,159158.57,87168.16,246326.73,0.0,0.0
2026-06-05T00:52:44.563+00:00,255102,996060cc-1738-4269-9a35-58ffa0c7dd73,,10,FAULT,0x04C0,I2C_TIMEOUT|SENSOR_RANGE|SELFTEST,0,0,0,0,0,0,0.0,0.0,0.0,4.976,2.569,597.12,308.28,-18.15,-9.32,0.0,0.0,0.0,0.0,0.0,0.0,,0.0,0,0,0,0,0,8.0,0.0,159235.6,87207.93,246443.53,0.0,9.46
2026-06-05T00:52:44.693+00:00,255232,996060cc-1738-4269-9a35-58ffa0c7dd73,,10,FAULT,0x04C0,I2C_TIMEOUT|SENSOR_RANGE|SELFTEST,0,0,0,0,0,0,0.0,0.0,0.0,5.03,2.594,603.6,311.28,-17.66,-9.07,0.0,0.0,0.0,0.0,0.0,0.0,,0.0,0,0,0,0,0,8.0,0.0,159314.07,87248.4,246562.46,0.0,3.77
2026-06-05T00:52:44.821+00:00,255361,996060cc-1738-4269-9a35-58ffa0c7dd73,,10,FAULT,0x04C0,I2C_TIMEOUT|SENSOR_RANGE|SELFTEST,0,0,0,0,0,0,0.0,0.0,0.0,4.981,2.57,597.72,308.4,-19.13,-9.56,0.0,0.0,0.0,0.0,0.0,0.0,,0.0,0,0,0,0,0,8.0,0.0,159391.17,87288.18,246679.35,0.0,-11.4
2026-06-05T00:52:44.951+00:00,255491,996060cc-1738-4269-9a35-58ffa0c7dd73,,10,FAULT,0x04C0,I2C_TIMEOUT|SENSOR_RANGE|SELFTEST,0,0,0,0,0,0,0.0,0.0,0.0,5.017,2.593,602.04,311.16,-19.37,-9.93,0.0,0.0,0.0,0.0,0.0,0.0,,0.0,0,0,0,0,0,8.0,0.0,159469.44,87328.63,246798.07,0.0,-1.85
2026-06-05T00:52:45.080+00:00,255620,996060cc-1738-4269-9a35-58ffa0c7dd73,,10,FAULT,0x04C0,I2C_TIMEOUT|SENSOR_RANGE|SELFTEST,0,0,0,0,0,0,0.0,0.0,0.0,4.99,2.581,598.8,309.72,-18.89,-9.68,0.0,0.0,0.0,0.0,0.0,0.0,,0.0,0,0,0,0,0,8.0,0.0,159546.68,87368.58,246915.27,0.0,3.72
2026-06-05T00:52:45.210+00:00,255749,996060cc-1738-4269-9a35-58ffa0c7dd73,,10,FAULT,0x04C0,I2C_TIMEOUT|SENSOR_RANGE|SELFTEST,0,0,0,0,0,0,0.0,0.0,0.0,5.007,2.585,600.84,310.2,-17.91,-9.2,0.0,0.0,0.0,0.0,0.0,0.0,,0.0,0,0,0,0,0,8.0,0.0,159624.19,87408.6,247032.79,0.0,7.6
2026-06-05T00:52:45.340+00:00,255879,996060cc-1738-4269-9a35-58ffa0c7dd73,,10,FAULT,0x04C0,I2C_TIMEOUT|SENSOR_RANGE|SELFTEST,0,0,0,0,0,0,0.0,0.0,0.0,5.001,2.576,600.12,309.12,-18.4,-9.44,0.0,0.0,0.0,0.0,0.0,0.0,,0.0,0,0,0,0,0,8.0,0.0,159702.21,87448.78,247150.99,0.0,-3.77
2026-06-05T00:52:45.468+00:00,256008,996060cc-1738-4269-9a35-58ffa0c7dd73,,10,FAULT,0x04C0,I2C_TIMEOUT|SENSOR_RANGE|SELFTEST,0,0,0,0,0,0,0.0,0.0,0.0,4.988,2.575,598.56,309.0,-19.62,-9.81,0.0,0.0,0.0,0.0,0.0,0.0,,0.0,0,0,0,0,0,8.0,0.0,159779.42,87488.65,247268.07,0.0,-9.46
2026-06-05T00:52:45.599+00:00,256137,996060cc-1738-4269-9a35-58ffa0c7dd73,,10,FAULT,0x04C0,I2C_TIMEOUT|SENSOR_RANGE|SELFTEST,0,0,0,0,0,0,0.0,0.0,0.0,5.015,2.593,601.8,311.16,-19.62,-9.93,0.0,0.0,0.0,0.0,0.0,0.0,,0.0,0,0,0,0,0,8.0,0.0,159857.05,87528.79,247385.84,0.0,0.0
2026-06-05T00:52:45.729+00:00,256267,996060cc-1738-4269-9a35-58ffa0c7dd73,,10,FAULT,0x04C0,I2C_TIMEOUT|SENSOR_RANGE|SELFTEST,0,0,0,0,0,0,0.0,0.0,0.0,4.978,2.573,597.36,308.76,-18.15,-9.44,0.0,0.0,0.0,0.0,0.0,0.0,,0.0,0,0,0,0,0,8.0,0.0,159934.71,87568.92,247503.64,0.0,11.31
2026-06-05T00:52:45.858+00:00,256396,996060cc-1738-4269-9a35-58ffa0c7dd73,,10,FAULT,0x04C0,I2C_TIMEOUT|SENSOR_RANGE|SELFTEST,0,0,0,0,0,0,0.0,0.0,0.0,5.026,2.593,603.12,311.16,-17.66,-8.95,0.0,0.0,0.0,0.0,0.0,0.0,,0.0,0,0,0,0,0,8.0,0.0,160012.51,87609.06,247621.58,0.0,3.8
2026-06-05T00:52:45.988+00:00,256525,996060cc-1738-4269-9a35-58ffa0c7dd73,,10,FAULT,0x04C0,I2C_TIMEOUT|SENSOR_RANGE|SELFTEST,0,0,0,0,0,0,0.0,0.0,0.0,4.961,2.563,595.32,307.56,-19.13,-9.81,0.0,0.0,0.0,0.0,0.0,0.0,,0.0,0,0,0,0,0,8.0,0.0,160089.31,87648.74,247738.05,0.0,-11.4
2026-06-05T00:52:46.118+00:00,256654,996060cc-1738-4269-9a35-58ffa0c7dd73,,10,FAULT,0x04C0,I2C_TIMEOUT|SENSOR_RANGE|SELFTEST,0,0,0,0,0,0,0.0,0.0,0.0,5.01,2.59,601.2,310.8,-19.37,-9.93,0.0,0.0,0.0,0.0,0.0,0.0,,0.0,0,0,0,0,0,8.0,0.0,160166.87,87688.83,247855.7,0.0,-1.86
2026-06-05T00:52:46.246+00:00,256784,996060cc-1738-4269-9a35-58ffa0c7dd73,,10,FAULT,0x04C0,I2C_TIMEOUT|SENSOR_RANGE|SELFTEST,0,0,0,0,0,0,0.0,0.0,0.0,4.965,2.569,595.8,308.28,-18.64,-9.32,0.0,0.0,0.0,0.0,0.0,0.0,,0.0,0,0,0,0,0,8.0,0.0,160244.32,87728.91,247973.23,0.0,5.62
2026-06-05T00:52:46.377+00:00,256913,996060cc-1738-4269-9a35-58ffa0c7dd73,,10,FAULT,0x04C0,I2C_TIMEOUT|SENSOR_RANGE|SELFTEST,0,0,0,0,0,0,0.0,0.0,0.0,5.002,2.582,600.24,309.84,-17.66,-8.95,0.0,0.0,0.0,0.0,0.0,0.0,,0.0,0,0,0,0,0,8.0,0.0,160321.75,87768.88,248090.63,0.0,7.6
2026-06-05T00:52:46.505+00:00,257042,996060cc-1738-4269-9a35-58ffa0c7dd73,,10,FAULT,0x04C0,I2C_TIMEOUT|SENSOR_RANGE|SELFTEST,0,0,0,0,0,0,0.0,0.0,0.0,4.978,2.57,597.36,308.4,-18.15,-9.2,0.0,0.0,0.0,0.0,0.0,0.0,,0.0,0,0,0,0,0,8.0,0.0,160398.81,87808.66,248207.47,0.0,-3.8
2026-06-05T00:52:46.635+00:00,257172,996060cc-1738-4269-9a35-58ffa0c7dd73,,10,FAULT,0x04C0,I2C_TIMEOUT|SENSOR_RANGE|SELFTEST,0,0,0,0,0,0,0.0,0.0,0.0,4.982,2.578,597.84,309.36,-19.37,-9.93,0.0,0.0,0.0,0.0,0.0,0.0,,0.0,0,0,0,0,0,8.0,0.0,160476.53,87848.88,248325.41,0.0,-9.38
2026-06-05T00:52:46.766+00:00,257301,996060cc-1738-4269-9a35-58ffa0c7dd73,,10,FAULT,0x04C0,I2C_TIMEOUT|SENSOR_RANGE|SELFTEST,0,0,0,0,0,0,0.0,0.0,0.0,4.983,2.581,597.96,309.72,-18.89,-9.68,0.0,0.0,0.0,0.0,0.0,0.0,,0.0,0,0,0,0,0,8.0,0.0,160553.67,87888.83,248442.5,0.0,3.72
2026-06-05T00:52:46.894+00:00,257430,996060cc-1738-4269-9a35-58ffa0c7dd73,,10,FAULT,0x04C0,I2C_TIMEOUT|SENSOR_RANGE|SELFTEST,0,0,0,0,0,0,0.0,0.0,0.0,4.968,2.575,596.16,309.0,-17.66,-9.2,0.0,0.0,0.0,0.0,0.0,0.0,,0.0,0,0,0,0,0,8.0,0.0,160630.57,87928.69,248559.26,0.0,9.53
2026-06-05T00:52:47.024+00:00,257559,996060cc-1738-4269-9a35-58ffa0c7dd73,,10,FAULT,0x04C0,I2C_TIMEOUT|SENSOR_RANGE|SELFTEST,0,0,0,0,0,0,0.0,0.0,0.0,5.001,2.586,600.12,310.32,-17.91,-9.07,0.0,0.0,0.0,0.0,0.0,0.0,,0.0,0,0,0,0,0,8.0,0.0,160707.99,87968.72,248676.71,0.0,-1.94
2026-06-05T00:52:47.155+00:00,257689,996060cc-1738-4269-9a35-58ffa0c7dd73,,10,FAULT,0x04C0,I2C_TIMEOUT|SENSOR_RANGE|SELFTEST,0,0,0,0,0,0,0.0,0.0,0.0,4.952,2.559,594.24,307.08,-19.13,-9.56,0.0,0.0,0.0,0.0,0.0,0.0,,0.0,0,0,0,0,0,8.0,0.0,160785.24,88008.65,248793.88,0.0,-9.38
2026-06-05T00:52:47.283+00:00,257818,996060cc-1738-4269-9a35-58ffa0c7dd73,,10,FAULT,0x04C0,I2C_TIMEOUT|SENSOR_RANGE|SELFTEST,0,0,0,0,0,0,0.0,0.0,0.0,5.006,2.594,600.72,311.28,-18.89,-9.68,0.0,0.0,0.0,0.0,0.0,0.0,,0.0,0,0,0,0,0,8.0,0.0,160862.73,88048.8,248911.53,0.0,1.86
2026-06-05T00:52:47.413+00:00,257947,996060cc-1738-4269-9a35-58ffa0c7dd73,,10,FAULT,0x04C0,I2C_TIMEOUT|SENSOR_RANGE|SELFTEST,0,0,0,0,0,0,0.0,0.0,0.0,4.943,2.56,593.16,307.2,-18.4,-9.44,0.0,0.0,0.0,0.0,0.0,0.0,,0.0,0,0,0,0,0,8.0,0.0,160939.25,88088.43,249027.68,0.0,3.8
2026-06-05T00:52:47.544+00:00,258077,996060cc-1738-4269-9a35-58ffa0c7dd73,,10,FAULT,0x04C0,I2C_TIMEOUT|SENSOR_RANGE|SELFTEST,0,0,0,0,0,0,0.0,0.0,0.0,4.995,2.578,599.4,309.36,-17.42,-9.2,0.0,0.0,0.0,0.0,0.0,0.0,,0.0,0,0,0,0,0,8.0,0.0,161017.17,88128.65,249145.82,0.0,7.54
2026-06-05T00:52:47.672+00:00,258206,996060cc-1738-4269-9a35-58ffa0c7dd73,,10,FAULT,0x04C0,I2C_TIMEOUT|SENSOR_RANGE|SELFTEST,0,0,0,0,0,0,0.0,0.0,0.0,4.953,2.557,594.36,306.84,-18.64,-9.32,0.0,0.0,0.0,0.0,0.0,0.0,,0.0,0,0,0,0,0,8.0,0.0,161093.84,88168.23,249262.07,0.0,-9.46
2026-06-05T00:52:47.802+00:00,258335,996060cc-1738-4269-9a35-58ffa0c7dd73,,10,FAULT,0x04C0,I2C_TIMEOUT|SENSOR_RANGE|SELFTEST,0,0,0,0,0,0,0.0,0.0,0.0,4.987,2.578,598.44,309.36,-19.13,-9.81,0.0,0.0,0.0,0.0,0.0,0.0,,0.0,0,0,0,0,0,8.0,0.0,161171.04,88208.14,249379.18,0.0,-3.8
2026-06-05T00:52:47.932+00:00,258464,996060cc-1738-4269-9a35-58ffa0c7dd73,,10,FAULT,0x04C0,I2C_TIMEOUT|SENSOR_RANGE|SELFTEST,0,0,0,0,0,0,0.0,0.0,0.0,4.97,2.57,596.4,308.4,-18.89,-9.56,0.0,0.0,0.0,0.0,0.0,0.0,,0.0,0,0,0,0,0,8.0,0.0,161247.98,88247.92,249495.9,0.0,1.86
2026-06-05T00:52:48.061+00:00,258594,996060cc-1738-4269-9a35-58ffa0c7dd73,,10,FAULT,0x04C0,I2C_TIMEOUT|SENSOR_RANGE|SELFTEST,0,0,0,0,0,0,0.0,0.0,0.0,4.975,2.572,597.0,308.64,-17.66,-8.95,0.0,0.0,0.0,0.0,0.0,0.0,,0.0,0,0,0,0,0,8.0,0.0,161325.59,88288.04,249613.63,0.0,9.46
2026-06-05T00:52:48.191+00:00,258723,996060cc-1738-4269-9a35-58ffa0c7dd73,,10,FAULT,0x04C0,I2C_TIMEOUT|SENSOR_RANGE|SELFTEST,0,0,0,0,0,0,0.0,0.0,0.0,4.99,2.574,598.8,308.88,-18.15,-8.95,0.0,0.0,0.0,0.0,0.0,0.0,,0.0,0,0,0,0,0,8.0,0.0,161402.83,88327.89,249730.72,0.0,-3.8
2026-06-05T00:52:48.319+00:00,258852,996060cc-1738-4269-9a35-58ffa0c7dd73,,10,FAULT,0x04C0,I2C_TIMEOUT|SENSOR_RANGE|SELFTEST,0,0,0,0,0,0,0.0,0.0,0.0,4.963,2.565,595.56,307.8,-19.13,-9.68,0.0,0.0,0.0,0.0,0.0,0.0,,0.0,0,0,0,0,0,8.0,0.0,161479.66,88367.59,249847.25,0.0,-7.6
2026-06-05T00:52:48.450+00:00,258982,996060cc-1738-4269-9a35-58ffa0c7dd73,,10,FAULT,0x04C0,I2C_TIMEOUT|SENSOR_RANGE|SELFTEST,0,0,0,0,0,0,0.0,0.0,0.0,5.0,2.586,600.0,310.32,-19.13,-9.68,0.0,0.0,0.0,0.0,0.0,0.0,,0.0,0,0,0,0,0,8.0,0.0,161557.66,88407.94,249965.59,0.0,0.0
2026-06-05T00:52:48.580+00:00,259111,996060cc-1738-4269-9a35-58ffa0c7dd73,,10,FAULT,0x04C0,I2C_TIMEOUT|SENSOR_RANGE|SELFTEST,0,0,0,0,0,0,0.0,0.0,0.0,4.957,2.561,594.84,307.32,-18.4,-9.32,0.0,0.0,0.0,0.0,0.0,0.0,,0.0,0,0,0,0,0,8.0,0.0,161634.39,88447.58,250081.97,0.0,5.66
2026-06-05T00:52:48.708+00:00,259240,996060cc-1738-4269-9a35-58ffa0c7dd73,,10,FAULT,0x04C0,I2C_TIMEOUT|SENSOR_RANGE|SELFTEST,0,0,0,0,0,0,0.0,0.0,0.0,5.007,2.582,600.84,309.84,-17.66,-9.2,0.0,0.0,0.0,0.0,0.0,0.0,,0.0,0,0,0,0,0,8.0,0.0,161711.9,88487.55,250199.45,0.0,5.74
2026-06-05T00:52:48.838+00:00,259371,996060cc-1738-4269-9a35-58ffa0c7dd73,,10,FAULT,0x04C0,I2C_TIMEOUT|SENSOR_RANGE|SELFTEST,0,0,0,0,0,0,0.0,0.0,0.0,4.949,2.555,593.88,306.6,-18.4,-9.32,0.0,0.0,0.0,0.0,0.0,0.0,,0.0,0,0,0,0,0,8.0,0.0,161789.7,88527.71,250317.41,0.0,-5.65
2026-06-05T00:52:48.969+00:00,259500,996060cc-1738-4269-9a35-58ffa0c7dd73,,10,FAULT,0x04C0,I2C_TIMEOUT|SENSOR_RANGE|SELFTEST,0,0,0,0,0,0,0.0,0.0,0.0,5.0,2.576,600.0,309.12,-19.37,-9.81,0.0,0.0,0.0,0.0,0.0,0.0,,0.0,0,0,0,0,0,8.0,0.0,161867.1,88567.59,250434.69,0.0,-7.52
2026-06-05T00:52:49.097+00:00,259629,996060cc-1738-4269-9a35-58ffa0c7dd73,,10,FAULT,0x04C0,I2C_TIMEOUT|SENSOR_RANGE|SELFTEST,0,0,0,0,0,0,0.0,0.0,0.0,4.959,2.56,595.08,307.2,-18.64,-9.44,0.0,0.0,0.0,0.0,0.0,0.0,,0.0,0,0,0,0,0,8.0,0.0,161943.87,88607.22,250551.08,0.0,5.66
2026-06-05T00:52:49.227+00:00,259758,996060cc-1738-4269-9a35-58ffa0c7dd73,,10,FAULT,0x04C0,I2C_TIMEOUT|SENSOR_RANGE|SELFTEST,0,0,0,0,0,0,0.0,0.0,0.0,4.997,2.573,599.64,308.76,-17.66,-9.2,0.0,0.0,0.0,0.0,0.0,0.0,,0.0,0,0,0,0,0,8.0,0.0,162021.22,88647.05,250668.27,0.0,7.6
2026-06-05T00:52:49.355+00:00,259888,996060cc-1738-4269-9a35-58ffa0c7dd73,,10,FAULT,0x04C0,I2C_TIMEOUT|SENSOR_RANGE|SELFTEST,0,0,0,0,0,0,0.0,0.0,0.0,4.968,2.559,596.16,307.08,-17.91,-9.2,0.0,0.0,0.0,0.0,0.0,0.0,,0.0,0,0,0,0,0,8.0,0.0,162098.72,88686.97,250785.69,0.0,-1.92
2026-06-05T00:52:49.486+00:00,260017,996060cc-1738-4269-9a35-58ffa0c7dd73,,10,FAULT,0x04C0,I2C_TIMEOUT|SENSOR_RANGE|SELFTEST,0,0,0,0,0,0,0.0,0.0,0.0,4.951,2.555,594.12,306.6,-19.37,-9.68,0.0,0.0,0.0,0.0,0.0,0.0,,0.0,0,0,0,0,0,8.0,0.0,162175.36,88726.52,250901.88,0.0,-11.32
2026-06-05T00:52:49.616+00:00,260146,996060cc-1738-4269-9a35-58ffa0c7dd73,,10,FAULT,0x04C0,I2C_TIMEOUT|SENSOR_RANGE|SELFTEST,0,0,0,0,0,0,0.0,0.0,0.0,4.96,2.56,595.2,307.2,-19.13,-9.68,0.0,0.0,0.0,0.0,0.0,0.0,,0.0,0,0,0,0,0,8.0,0.0,162252.14,88766.15,251018.29,0.0,1.86
2026-06-05T00:52:49.744+00:00,260276,996060cc-1738-4269-9a35-58ffa0c7dd73,,10,FAULT,0x04C0,I2C_TIMEOUT|SENSOR_RANGE|SELFTEST,0,0,0,0,0,0,0.0,0.0,0.0,4.92,2.541,590.4,304.92,-17.66,-9.2,0.0,0.0,0.0,0.0,0.0,0.0,,0.0,0,0,0,0,0,8.0,0.0,162328.89,88805.79,251134.68,0.0,11.31
2026-06-05T00:52:49.876+00:00,260405,996060cc-1738-4269-9a35-58ffa0c7dd73,,10,FAULT,0x04C0,I2C_TIMEOUT|SENSOR_RANGE|SELFTEST,0,0,0,0,0,0,0.0,0.0,0.0,4.947,2.55,593.64,306.0,-17.66,-9.07,0.0,0.0,0.0,0.0,0.0,0.0,,0.0,0,0,0,0,0,8.0,0.0,162405.47,88845.26,251250.74,0.0,0.0
2026-06-05T00:52:50.005+00:00,260534,996060cc-1738-4269-9a35-58ffa0c7dd73,,10,FAULT,0x04C0,I2C_TIMEOUT|SENSOR_RANGE|SELFTEST,0,0,0,0,0,0,0.0,0.0,0.0,4.87,2.516,584.4,301.92,-18.89,-9.56,0.0,0.0,0.0,0.0,0.0,0.0,,0.0,0,0,0,0,0,8.0,0.0,162480.86,88884.21,251365.07,0.0,-9.53
2026-06-05T00:52:50.133+00:00,260663,996060cc-1738-4269-9a35-58ffa0c7dd73,,10,FAULT,0x04C0,I2C_TIMEOUT|SENSOR_RANGE|SELFTEST,0,0,0,0,0,0,0.0,0.0,0.0,4.924,2.539,590.88,304.68,-19.13,-9.68,0.0,0.0,0.0,0.0,0.0,0.0,,0.0,0,0,0,0,0,8.0,0.0,162557.08,88923.51,251480.6,0.0,-1.86
2026-06-05T00:52:50.264+00:00,260793,996060cc-1738-4269-9a35-58ffa0c7dd73,,10,FAULT,0x04C0,I2C_TIMEOUT|SENSOR_RANGE|SELFTEST,0,0,0,0,0,0,0.0,0.0,0.0,4.864,2.517,583.68,302.04,-18.4,-9.44,0.0,0.0,0.0,0.0,0.0,0.0,,0.0,0,0,0,0,0,8.0,0.0,162632.96,88962.78,251595.74,0.0,5.62
2026-06-05T00:52:50.392+00:00,260922,996060cc-1738-4269-9a35-58ffa0c7dd73,,10,FAULT,0x04C0,I2C_TIMEOUT|SENSOR_RANGE|SELFTEST,0,0,0,0,0,0,0.0,0.0,0.0,4.893,2.528,587.16,303.36,-17.91,-9.07,0.0,0.0,0.0,0.0,0.0,0.0,,0.0,0,0,0,0,0,8.0,0.0,162708.71,89001.91,251710.62,0.0,3.8
2026-06-05T00:52:50.522+00:00,261051,996060cc-1738-4269-9a35-58ffa0c7dd73,,10,FAULT,0x04C0,I2C_TIMEOUT|SENSOR_RANGE|SELFTEST,0,0,0,0,0,0,0.0,0.0,0.0,4.862,2.504,583.44,300.48,-18.4,-9.32,0.0,0.0,0.0,0.0,0.0,0.0,,0.0,0,0,0,0,0,8.0,0.0,162783.97,89040.68,251824.65,0.0,-3.8
2026-06-05T00:52:50.653+00:00,261181,996060cc-1738-4269-9a35-58ffa0c7dd73,,10,FAULT,0x04C0,I2C_TIMEOUT|SENSOR_RANGE|SELFTEST,0,0,0,0,0,0,0.0,0.0,0.0,4.874,2.517,584.88,302.04,-19.37,-9.81,0.0,0.0,0.0,0.0,0.0,0.0,,0.0,0,0,0,0,0,8.0,0.0,162860.0,89079.94,251939.95,0.0,-7.46
2026-06-05T00:52:50.781+00:00,261310,996060cc-1738-4269-9a35-58ffa0c7dd73,,10,FAULT,0x04C0,I2C_TIMEOUT|SENSOR_RANGE|SELFTEST,0,0,0,0,0,0,0.0,0.0,0.0,4.858,2.511,582.96,301.32,-18.89,-9.68,0.0,0.0,0.0,0.0,0.0,0.0,,0.0,0,0,0,0,0,8.0,0.0,162935.21,89118.81,252054.02,0.0,3.72
2026-06-05T00:52:50.911+00:00,261439,996060cc-1738-4269-9a35-58ffa0c7dd73,,10,FAULT,0x04C0,I2C_TIMEOUT|SENSOR_RANGE|SELFTEST,0,0,0,0,0,0,0.0,0.0,0.0,4.828,2.489,579.36,298.68,-17.66,-9.07,0.0,0.0,0.0,0.0,0.0,0.0,,0.0,0,0,0,0,0,8.0,0.0,163009.94,89157.34,252167.28,0.0,9.53
2026-06-05T00:52:51.042+00:00,261568,996060cc-1738-4269-9a35-58ffa0c7dd73,,10,FAULT,0x04C0,I2C_TIMEOUT|SENSOR_RANGE|SELFTEST,0,0,0,0,0,0,0.0,0.0,0.0,4.842,2.491,581.04,298.92,-17.91,-9.2,0.0,0.0,0.0,0.0,0.0,0.0,,0.0,0,0,0,0,0,8.0,0.0,163084.9,89195.9,252280.8,0.0,-1.94
2026-06-05T00:52:51.170+00:00,261698,996060cc-1738-4269-9a35-58ffa0c7dd73,,10,FAULT,0x04C0,I2C_TIMEOUT|SENSOR_RANGE|SELFTEST,0,0,0,0,0,0,0.0,0.0,0.0,4.789,2.471,574.68,296.52,-19.13,-9.44,0.0,0.0,0.0,0.0,0.0,0.0,,0.0,0,0,0,0,0,8.0,0.0,163159.61,89234.45,252394.06,0.0,-9.38
2026-06-05T00:52:51.300+00:00,261827,996060cc-1738-4269-9a35-58ffa0c7dd73,,10,FAULT,0x04C0,I2C_TIMEOUT|SENSOR_RANGE|SELFTEST,0,0,0,0,0,0,0.0,0.0,0.0,4.836,2.496,580.32,299.52,-19.37,-9.81,0.0,0.0,0.0,0.0,0.0,0.0,,0.0,0,0,0,0,0,8.0,0.0,163234.47,89273.09,252507.55,0.0,-1.86
2026-06-05T00:52:51.431+00:00,261956,996060cc-1738-4269-9a35-58ffa0c7dd73,,10,FAULT,0x04C0,I2C_TIMEOUT|SENSOR_RANGE|SELFTEST,0,0,0,0,0,0,0.0,0.0,0.0,4.771,2.464,572.52,295.68,-18.15,-9.32,0.0,0.0,0.0,0.0,0.0,0.0,,0.0,0,0,0,0,0,8.0,0.0,163308.32,89311.23,252619.55,0.0,9.46
2026-06-05T00:52:51.559+00:00,262086,996060cc-1738-4269-9a35-58ffa0c7dd73,,10,FAULT,0x04C0,I2C_TIMEOUT|SENSOR_RANGE|SELFTEST,0,0,0,0,0,0,0.0,0.0,0.0,4.805,2.48,576.6,297.6,-17.42,-8.95,0.0,0.0,0.0,0.0,0.0,0.0,,0.0,0,0,0,0,0,8.0,0.0,163383.28,89349.92,252733.2,0.0,5.62
2026-06-05T00:52:51.689+00:00,262215,996060cc-1738-4269-9a35-58ffa0c7dd73,,10,FAULT,0x04C0,I2C_TIMEOUT|SENSOR_RANGE|SELFTEST,0,0,0,0,0,0,0.0,0.0,0.0,4.741,2.451,568.92,294.12,-18.4,-9.2,0.0,0.0,0.0,0.0,0.0,0.0,,0.0,0,0,0,0,0,8.0,0.0,163456.67,89387.86,252844.53,0.0,-7.6
2026-06-05T00:52:51.817+00:00,262344,996060cc-1738-4269-9a35-58ffa0c7dd73,,10,FAULT,0x04C0,I2C_TIMEOUT|SENSOR_RANGE|SELFTEST,0,0,0,0,0,0,0.0,0.0,0.0,4.774,2.471,572.88,296.52,-19.13,-9.68,0.0,0.0,0.0,0.0,0.0,0.0,,0.0,0,0,0,0,0,8.0,0.0,163530.57,89426.11,252956.68,0.0,-5.66
2026-06-05T00:52:51.948+00:00,262473,996060cc-1738-4269-9a35-58ffa0c7dd73,,10,FAULT,0x04C0,I2C_TIMEOUT|SENSOR_RANGE|SELFTEST,0,0,0,0,0,0,0.0,0.0,0.0,4.733,2.452,567.96,294.24,-18.64,-9.44,0.0,0.0,0.0,0.0,0.0,0.0,,0.0,0,0,0,0,0,8.0,0.0,163603.84,89464.07,253067.91,0.0,3.8
2026-06-05T00:52:52.078+00:00,262603,996060cc-1738-4269-9a35-58ffa0c7dd73,,10,FAULT,0x04C0,I2C_TIMEOUT|SENSOR_RANGE|SELFTEST,0,0,0,0,0,0,0.0,0.0,0.0,4.728,2.446,567.36,293.52,-17.66,-8.95,0.0,0.0,0.0,0.0,0.0,0.0,,0.0,0,0,0,0,0,8.0,0.0,163677.6,89502.22,253179.82,0.0,7.54
2026-06-05T00:52:52.206+00:00,262732,996060cc-1738-4269-9a35-58ffa0c7dd73,,10,FAULT,0x04C0,I2C_TIMEOUT|SENSOR_RANGE|SELFTEST,0,0,0,0,0,0,0.0,0.0,0.0,4.71,2.43,565.2,291.6,-18.15,-9.07,0.0,0.0,0.0,0.0,0.0,0.0,,0.0,0,0,0,0,0,8.0,0.0,163750.51,89539.84,253290.35,0.0,-3.8
2026-06-05T00:52:52.337+00:00,262861,996060cc-1738-4269-9a35-58ffa0c7dd73,,10,FAULT,0x04C0,I2C_TIMEOUT|SENSOR_RANGE|SELFTEST,0,0,0,0,0,0,0.0,0.0,0.0,4.681,2.43,561.72,291.6,-19.13,-9.68,0.0,0.0,0.0,0.0,0.0,0.0,,0.0,0,0,0,0,0,8.0,0.0,163822.97,89577.46,253400.43,0.0,-7.6
2026-06-05T00:52:52.467+00:00,262991,996060cc-1738-4269-9a35-58ffa0c7dd73,,10,FAULT,0x04C0,I2C_TIMEOUT|SENSOR_RANGE|SELFTEST,0,0,0,0,0,0,0.0,0.0,0.0,4.703,2.436,564.36,292.32,-18.89,-9.68,0.0,0.0,0.0,0.0,0.0,0.0,,0.0,0,0,0,0,0,8.0,0.0,163896.34,89615.46,253511.8,0.0,1.85
2026-06-05T00:52:52.595+00:00,263120,996060cc-1738-4269-9a35-58ffa0c7dd73,,10,FAULT,0x04C0,I2C_TIMEOUT|SENSOR_RANGE|SELFTEST,0,0,0,0,0,0,0.0,0.0,0.0,4.643,2.408,557.16,288.96,-18.15,-9.2,0.0,0.0,0.0,0.0,0.0,0.0,,0.0,0,0,0,0,0,8.0,0.0,163968.21,89652.74,253620.94,0.0,5.74
2026-06-05T00:52:52.725+00:00,263249,996060cc-1738-4269-9a35-58ffa0c7dd73,,10,FAULT,0x04C0,I2C_TIMEOUT|SENSOR_RANGE|SELFTEST,0,0,0,0,0,0,0.0,0.0,0.0,4.67,2.408,560.4,288.96,-17.42,-9.2,0.0,0.0,0.0,0.0,0.0,0.0,,0.0,0,0,0,0,0,8.0,0.0,164040.5,89690.01,253730.51,0.0,5.66
2026-06-05T00:52:52.856+00:00,263378,996060cc-1738-4269-9a35-58ffa0c7dd73,,10,FAULT,0x04C0,I2C_TIMEOUT|SENSOR_RANGE|SELFTEST,0,0,0,0,0,0,0.0,0.0,0.0,4.591,2.372,550.92,284.64,-18.64,-9.81,0.0,0.0,0.0,0.0,0.0,0.0,,0.0,0,0,0,0,0,8.0,0.0,164111.57,89726.73,253838.3,0.0,-9.46
2026-06-05T00:52:52.984+00:00,263508,996060cc-1738-4269-9a35-58ffa0c7dd73,,10,FAULT,0x04C0,I2C_TIMEOUT|SENSOR_RANGE|SELFTEST,0,0,0,0,0,0,0.0,0.0,0.0,4.633,2.401,555.96,288.12,-19.13,-10.05,0.0,0.0,0.0,0.0,0.0,0.0,,0.0,0,0,0,0,0,8.0,0.0,164183.84,89764.19,253948.03,0.0,-3.77
2026-06-05T00:52:53.114+00:00,263638,996060cc-1738-4269-9a35-58ffa0c7dd73,,10,FAULT,0x04C0,I2C_TIMEOUT|SENSOR_RANGE|SELFTEST,0,0,0,0,0,0,0.0,0.0,0.0,4.578,2.375,549.36,285.0,-18.64,-10.05,0.0,0.0,0.0,0.0,0.0,0.0,,0.0,0,0,0,0,0,8.0,0.0,164255.26,89801.24,254056.5,0.0,3.77
2026-06-05T00:52:53.242+00:00,263767,996060cc-1738-4269-9a35-58ffa0c7dd73,,10,FAULT,0x04C0,I2C_TIMEOUT|SENSOR_RANGE|SELFTEST,0,0,0,0,0,0,0.0,0.0,0.0,4.592,2.375,551.04,285.0,-17.66,-9.07,0.0,0.0,0.0,0.0,0.0,0.0,,0.0,0,0,0,0,0,8.0,0.0,164326.35,89838.0,254164.35,0.0,7.6
2026-06-05T00:52:53.373+00:00,263897,996060cc-1738-4269-9a35-58ffa0c7dd73,,10,FAULT,0x04C0,I2C_TIMEOUT|SENSOR_RANGE|SELFTEST,0,0,0,0,0,0,0.0,0.0,0.0,4.553,2.355,546.36,282.6,-18.4,-9.2,0.0,0.0,0.0,0.0,0.0,0.0,,0.0,0,0,0,0,0,8.0,0.0,164397.37,89874.74,254272.11,0.0,-5.69
2026-06-05T00:52:53.503+00:00,264026,996060cc-1738-4269-9a35-58ffa0c7dd73,,10,FAULT,0x04C0,I2C_TIMEOUT|SENSOR_RANGE|SELFTEST,0,0,0,0,0,0,0.0,0.0,0.0,4.535,2.357,544.2,282.84,-19.62,-9.81,0.0,0.0,0.0,0.0,0.0,0.0,,0.0,0,0,0,0,0,8.0,0.0,164467.57,89911.22,254378.8,0.0,-9.46
2026-06-05T00:52:53.632+00:00,264155,996060cc-1738-4269-9a35-58ffa0c7dd73,,10,FAULT,0x04C0,I2C_TIMEOUT|SENSOR_RANGE|SELFTEST,0,0,0,0,0,0,0.0,0.0,0.0,4.547,2.366,545.64,283.92,-19.37,-9.68,0.0,0.0,0.0,0.0,0.0,0.0,,0.0,0,0,0,0,0,8.0,0.0,164537.96,89947.85,254485.81,0.0,1.94
2026-06-05T00:52:53.763+00:00,264285,996060cc-1738-4269-9a35-58ffa0c7dd73,,10,FAULT,0x04C0,I2C_TIMEOUT|SENSOR_RANGE|SELFTEST,0,0,0,0,0,0,0.0,0.0,0.0,4.532,2.354,543.84,282.48,-17.91,-9.2,0.0,0.0,0.0,0.0,0.0,0.0,,0.0,0,0,0,0,0,8.0,0.0,164608.66,89984.57,254593.23,0.0,11.23
2026-06-05T00:52:53.892+00:00,264414,996060cc-1738-4269-9a35-58ffa0c7dd73,,10,FAULT,0x04C0,I2C_TIMEOUT|SENSOR_RANGE|SELFTEST,0,0,0,0,0,0,0.0,0.0,0.0,4.56,2.36,547.2,283.2,-17.91,-9.07,0.0,0.0,0.0,0.0,0.0,0.0,,0.0,0,0,0,0,0,8.0,0.0,164679.25,90021.11,254700.36,0.0,0.0
2026-06-05T00:52:54.020+00:00,264543,996060cc-1738-4269-9a35-58ffa0c7dd73,,10,FAULT,0x04C0,I2C_TIMEOUT|SENSOR_RANGE|SELFTEST,0,0,0,0,0,0,0.0,0.0,0.0,4.507,2.34,540.84,280.8,-19.13,-9.56,0.0,0.0,0.0,0.0,0.0,0.0,,0.0,0,0,0,0,0,8.0,0.0,164749.02,90057.33,254806.35,0.0,-9.46
2026-06-05T00:52:54.151+00:00,264672,996060cc-1738-4269-9a35-58ffa0c7dd73,,10,FAULT,0x04C0,I2C_TIMEOUT|SENSOR_RANGE|SELFTEST,0,0,0,0,0,0,0.0,0.0,0.0,4.561,2.375,547.32,285.0,-19.13,-9.68,0.0,0.0,0.0,0.0,0.0,0.0,,0.0,0,0,0,0,0,8.0,0.0,164819.62,90094.09,254913.72,0.0,0.0
2026-06-05T00:52:54.281+00:00,264802,996060cc-1738-4269-9a35-58ffa0c7dd73,,10,FAULT,0x04C0,I2C_TIMEOUT|SENSOR_RANGE|SELFTEST,0,0,0,0,0,0,0.0,0.0,0.0,4.514,2.344,541.68,281.28,-18.4,-9.44,0.0,0.0,0.0,0.0,0.0,0.0,,0.0,0,0,0,0,0,8.0,0.0,164890.04,90130.66,255020.7,0.0,5.62
2026-06-05T00:52:54.409+00:00,264931,996060cc-1738-4269-9a35-58ffa0c7dd73,,10,FAULT,0x04C0,I2C_TIMEOUT|SENSOR_RANGE|SELFTEST,0,0,0,0,0,0,0.0,0.0,0.0,4.556,2.356,546.72,282.72,-17.91,-9.07,0.0,0.0,0.0,0.0,0.0,0.0,,0.0,0,0,0,0,0,8.0,0.0,164960.57,90167.13,255127.7,0.0,3.8
2026-06-05T00:52:54.540+00:00,265060,996060cc-1738-4269-9a35-58ffa0c7dd73,,10,FAULT,0x04C0,I2C_TIMEOUT|SENSOR_RANGE|SELFTEST,0,0,0,0,0,0,0.0,0.0,0.0,4.511,2.333,541.32,279.96,-18.4,-9.2,0.0,0.0,0.0,0.0,0.0,0.0,,0.0,0,0,0,0,0,8.0,0.0,165030.4,90203.25,255233.64,0.0,-3.8
2026-06-05T00:52:54.668+00:00,265190,996060cc-1738-4269-9a35-58ffa0c7dd73,,10,FAULT,0x04C0,I2C_TIMEOUT|SENSOR_RANGE|SELFTEST,0,0,0,0,0,0,0.0,0.0,0.0,4.54,2.356,544.8,282.72,-19.13,-9.68,0.0,0.0,0.0,0.0,0.0,0.0,,0.0,0,0,0,0,0,8.0,0.0,165101.22,90240.0,255341.22,0.0,-5.62
2026-06-05T00:52:54.799+00:00,265319,996060cc-1738-4269-9a35-58ffa0c7dd73,,10,FAULT,0x04C0,I2C_TIMEOUT|SENSOR_RANGE|SELFTEST,0,0,0,0,0,0,0.0,0.0,0.0,4.522,2.345,542.64,281.4,-18.89,-9.68,0.0,0.0,0.0,0.0,0.0,0.0,,0.0,0,0,0,0,0,8.0,0.0,165171.22,90276.3,255447.52,0.0,1.86
2026-06-05T00:52:54.929+00:00,265448,996060cc-1738-4269-9a35-58ffa0c7dd73,,10,FAULT,0x04C0,I2C_TIMEOUT|SENSOR_RANGE|SELFTEST,0,0,0,0,0,0,0.0,0.0,0.0,4.515,2.341,541.8,280.92,-17.66,-9.07,0.0,0.0,0.0,0.0,0.0,0.0,,0.0,0,0,0,0,0,8.0,0.0,165241.11,90312.54,255553.65,0.0,9.53
2026-06-05T00:52:55.057+00:00,265577,996060cc-1738-4269-9a35-58ffa0c7dd73,,10,FAULT,0x04C0,I2C_TIMEOUT|SENSOR_RANGE|SELFTEST,0,0,0,0,0,0,0.0,0.0,0.0,4.525,2.338,543.0,280.56,-18.15,-9.07,0.0,0.0,0.0,0.0,0.0,0.0,,0.0,0,0,0,0,0,8.0,0.0,165311.16,90348.73,255659.89,0.0,-3.8
2026-06-05T00:52:55.187+00:00,265707,996060cc-1738-4269-9a35-58ffa0c7dd73,,10,FAULT,0x04C0,I2C_TIMEOUT|SENSOR_RANGE|SELFTEST,0,0,0,0,0,0,0.0,0.0,0.0,4.502,2.338,540.24,280.56,-19.13,-9.68,0.0,0.0,0.0,0.0,0.0,0.0,,0.0,0,0,0,0,0,8.0,0.0,165381.39,90385.2,255766.6,0.0,-7.54
2026-06-05T00:52:55.318+00:00,265836,996060cc-1738-4269-9a35-58ffa0c7dd73,,10,FAULT,0x04C0,I2C_TIMEOUT|SENSOR_RANGE|SELFTEST,0,0,0,0,0,0,0.0,0.0,0.0,4.541,2.364,544.92,283.68,-19.13,-9.68,0.0,0.0,0.0,0.0,0.0,0.0,,0.0,0,0,0,0,0,8.0,0.0,165451.69,90421.8,255873.49,0.0,0.0
2026-06-05T00:52:55.446+00:00,265965,996060cc-1738-4269-9a35-58ffa0c7dd73,,10,FAULT,0x04C0,I2C_TIMEOUT|SENSOR_RANGE|SELFTEST,0,0,0,0,0,0,0.0,0.0,0.0,4.498,2.337,539.76,280.44,-18.15,-9.32,0.0,0.0,0.0,0.0,0.0,0.0,,0.0,0,0,0,0,0,8.0,0.0,165521.32,90457.98,255979.29,0.0,7.6
2026-06-05T00:52:55.576+00:00,266094,996060cc-1738-4269-9a35-58ffa0c7dd73,,10,FAULT,0x04C0,I2C_TIMEOUT|SENSOR_RANGE|SELFTEST,0,0,0,0,0,0,0.0,0.0,0.0,4.546,2.35,545.52,282.0,-17.66,-8.95,0.0,0.0,0.0,0.0,0.0,0.0,,0.0,0,0,0,0,0,8.0,0.0,165591.69,90494.35,256086.04,0.0,3.8
2026-06-05T00:52:55.706+00:00,266224,996060cc-1738-4269-9a35-58ffa0c7dd73,,10,FAULT,0x04C0,I2C_TIMEOUT|SENSOR_RANGE|SELFTEST,0,0,0,0,0,0,0.0,0.0,0.0,4.486,2.324,538.32,278.88,-18.64,-9.44,0.0,0.0,0.0,0.0,0.0,0.0,,0.0,0,0,0,0,0,8.0,0.0,165661.67,90530.61,256192.28,0.0,-7.54
2026-06-05T00:52:55.835+00:00,266353,996060cc-1738-4269-9a35-58ffa0c7dd73,,10,FAULT,0x04C0,I2C_TIMEOUT|SENSOR_RANGE|SELFTEST,0,0,0,0,0,0,0.0,0.0,0.0,4.528,2.347,543.36,281.64,-19.37,-9.81,0.0,0.0,0.0,0.0,0.0,0.0,,0.0,0,0,0,0,0,8.0,0.0,165731.76,90566.94,256298.7,0.0,-5.66
2026-06-05T00:52:55.965+00:00,266482,996060cc-1738-4269-9a35-58ffa0c7dd73,,10,FAULT,0x04C0,I2C_TIMEOUT|SENSOR_RANGE|SELFTEST,0,0,0,0,0,0,0.0,0.0,0.0,4.503,2.335,540.36,280.2,-18.64,-9.44,0.0,0.0,0.0,0.0,0.0,0.0,,0.0,0,0,0,0,0,8.0,0.0,165801.47,90603.08,256404.56,0.0,5.66
2026-06-05T00:52:56.093+00:00,266612,996060cc-1738-4269-9a35-58ffa0c7dd73,,10,FAULT,0x04C0,I2C_TIMEOUT|SENSOR_RANGE|SELFTEST,0,0,0,0,0,0,0.0,0.0,0.0,4.529,2.34,543.48,280.8,-17.66,-9.07,0.0,0.0,0.0,0.0,0.0,0.0,,0.0,0,0,0,0,0,8.0,0.0,165872.12,90639.59,256511.71,0.0,7.54
2026-06-05T00:52:56.224+00:00,266741,996060cc-1738-4269-9a35-58ffa0c7dd73,,10,FAULT,0x04C0,I2C_TIMEOUT|SENSOR_RANGE|SELFTEST,0,0,0,0,0,0,0.0,0.0,0.0,4.524,2.335,542.88,280.2,-18.15,-9.44,0.0,0.0,0.0,0.0,0.0,0.0,,0.0,0,0,0,0,0,8.0,0.0,165942.15,90675.73,256617.89,0.0,-3.8
2026-06-05T00:52:56.354+00:00,266870,996060cc-1738-4269-9a35-58ffa0c7dd73,,10,FAULT,0x04C0,I2C_TIMEOUT|SENSOR_RANGE|SELFTEST,0,0,0,0,0,0,0.0,0.0,0.0,4.517,2.338,542.04,280.56,-19.13,-9.68,0.0,0.0,0.0,0.0,0.0,0.0,,0.0,0,0,0,0,0,8.0,0.0,166012.08,90711.93,256724.0,0.0,-7.6
2026-06-05T00:52:56.482+00:00,266999,996060cc-1738-4269-9a35-58ffa0c7dd73,,10,FAULT,0x04C0,I2C_TIMEOUT|SENSOR_RANGE|SELFTEST,0,0,0,0,0,0,0.0,0.0,0.0,4.538,2.351,544.56,282.12,-19.37,-9.68,0.0,0.0,0.0,0.0,0.0,0.0,,0.0,0,0,0,0,0,8.0,0.0,166082.33,90748.32,256830.65,0.0,-1.86
2026-06-05T00:52:56.612+00:00,267129,996060cc-1738-4269-9a35-58ffa0c7dd73,,10,FAULT,0x04C0,I2C_TIMEOUT|SENSOR_RANGE|SELFTEST,0,0,0,0,0,0,0.0,0.0,0.0,4.517,2.335,542.04,280.2,-17.66,-9.32,0.0,0.0,0.0,0.0,0.0,0.0,,0.0,0,0,0,0,0,8.0,0.0,166152.79,90784.75,256937.54,0.0,13.15
2026-06-05T00:52:56.743+00:00,267258,996060cc-1738-4269-9a35-58ffa0c7dd73,,10,FAULT,0x04C0,I2C_TIMEOUT|SENSOR_RANGE|SELFTEST,0,0,0,0,0,0,0.0,0.0,0.0,4.555,2.352,546.6,282.24,-17.91,-9.2,0.0,0.0,0.0,0.0,0.0,0.0,,0.0,0,0,0,0,0,8.0,0.0,166223.3,90821.16,257044.46,0.0,-1.94
2026-06-05T00:52:56.871+00:00,267387,996060cc-1738-4269-9a35-58ffa0c7dd73,,10,FAULT,0x04C0,I2C_TIMEOUT|SENSOR_RANGE|SELFTEST,0,0,0,0,0,0,0.0,0.0,0.0,4.501,2.322,540.12,278.64,-18.89,-9.68,0.0,0.0,0.0,0.0,0.0,0.0,,0.0,0,0,0,0,0,8.0,0.0,166292.98,90857.1,257150.08,0.0,-7.6
2026-06-05T00:52:57.001+00:00,267517,996060cc-1738-4269-9a35-58ffa0c7dd73,,10,FAULT,0x04C0,I2C_TIMEOUT|SENSOR_RANGE|SELFTEST,0,0,0,0,0,0,0.0,0.0,0.0,4.56,2.361,547.2,283.32,-19.13,-9.56,0.0,0.0,0.0,0.0,0.0,0.0,,0.0,0,0,0,0,0,8.0,0.0,166364.11,90893.93,257258.05,0.0,-1.85
2026-06-05T00:52:57.129+00:00,267646,996060cc-1738-4269-9a35-58ffa0c7dd73,,10,FAULT,0x04C0,I2C_TIMEOUT|SENSOR_RANGE|SELFTEST,0,0,0,0,0,0,0.0,0.0,0.0,4.523,2.345,542.76,281.4,-18.4,-9.56,0.0,0.0,0.0,0.0,0.0,0.0,,0.0,0,0,0,0,0,8.0,0.0,166434.13,90930.23,257364.36,0.0,5.66
2026-06-05T00:52:57.260+00:00,267776,996060cc-1738-4269-9a35-58ffa0c7dd73,,10,FAULT,0x04C0,I2C_TIMEOUT|SENSOR_RANGE|SELFTEST,0,0,0,0,0,0,0.0,0.0,0.0,4.566,2.358,547.92,282.96,-17.42,-8.95,0.0,0.0,0.0,0.0,0.0,0.0,,0.0,0,0,0,0,0,8.0,0.0,166505.36,90967.02,257472.38,0.0,7.54
2026-06-05T00:52:57.390+00:00,267905,996060cc-1738-4269-9a35-58ffa0c7dd73,,10,FAULT,0x04C0,I2C_TIMEOUT|SENSOR_RANGE|SELFTEST,0,0,0,0,0,0,0.0,0.0,0.0,4.541,2.341,544.92,280.92,-18.4,-9.2,0.0,0.0,0.0,0.0,0.0,0.0,,0.0,0,0,0,0,0,8.0,0.0,166575.65,91003.26,257578.91,0.0,-7.6
2026-06-05T00:52:57.518+00:00,268035,996060cc-1738-4269-9a35-58ffa0c7dd73,,10,FAULT,0x04C0,I2C_TIMEOUT|SENSOR_RANGE|SELFTEST,0,0,0,0,0,0,0.0,0.0,0.0,4.558,2.359,546.96,283.08,-19.37,-9.68,0.0,0.0,0.0,0.0,0.0,0.0,,0.0,0,0,0,0,0,8.0,0.0,166646.76,91040.06,257686.81,0.0,-7.46
2026-06-05T00:52:57.649+00:00,268164,996060cc-1738-4269-9a35-58ffa0c7dd73,,10,FAULT,0x04C0,I2C_TIMEOUT|SENSOR_RANGE|SELFTEST,0,0,0,0,0,0,0.0,0.0,0.0,4.566,2.361,547.92,283.32,-18.89,-9.68,0.0,0.0,0.0,0.0,0.0,0.0,,0.0,0,0,0,0,0,8.0,0.0,166717.44,91076.6,257794.04,0.0,3.72
2026-06-05T00:52:57.779+00:00,268293,996060cc-1738-4269-9a35-58ffa0c7dd73,,10,FAULT,0x04C0,I2C_TIMEOUT|SENSOR_RANGE|SELFTEST,0,0,0,0,0,0,0.0,0.0,0.0,4.56,2.352,547.2,282.24,-17.66,-9.2,0.0,0.0,0.0,0.0,0.0,0.0,,0.0,0,0,0,0,0,8.0,0.0,166788.03,91113.01,257901.04,0.0,9.53
2026-06-05T00:52:57.907+00:00,268423,996060cc-1738-4269-9a35-58ffa0c7dd73,,10,FAULT,0x04C0,I2C_TIMEOUT|SENSOR_RANGE|SELFTEST,0,0,0,0,0,0,0.0,0.0,0.0,4.587,2.359,550.44,283.08,-17.91,-9.07,0.0,0.0,0.0,0.0,0.0,0.0,,0.0,0,0,0,0,0,8.0,0.0,166859.59,91149.81,258009.4,0.0,-1.92
2026-06-05T00:52:58.038+00:00,268552,996060cc-1738-4269-9a35-58ffa0c7dd73,,10,FAULT,0x04C0,I2C_TIMEOUT|SENSOR_RANGE|SELFTEST,0,0,0,0,0,0,0.0,0.0,0.0,4.547,2.347,545.64,281.64,-18.89,-9.56,0.0,0.0,0.0,0.0,0.0,0.0,,0.0,0,0,0,0,0,8.0,0.0,166929.97,91186.15,258116.12,0.0,-7.6
2026-06-05T00:52:58.168+00:00,268681,996060cc-1738-4269-9a35-58ffa0c7dd73,,10,FAULT,0x04C0,I2C_TIMEOUT|SENSOR_RANGE|SELFTEST,0,0,0,0,0,0,0.0,0.0,0.0,4.596,2.373,551.52,284.76,-19.13,-9.68,0.0,0.0,0.0,0.0,0.0,0.0,,0.0,0,0,0,0,0,8.0,0.0,167001.12,91222.88,258224.0,0.0,-1.86
2026-06-05T00:52:58.296+00:00,268810,996060cc-1738-4269-9a35-58ffa0c7dd73,,10,FAULT,0x04C0,I2C_TIMEOUT|SENSOR_RANGE|SELFTEST,0,0,0,0,0,0,0.0,0.0,0.0,4.548,2.349,545.76,281.88,-17.91,-9.2,0.0,0.0,0.0,0.0,0.0,0.0,,0.0,0,0,0,0,0,8.0,0.0,167071.52,91259.24,258330.77,0.0,9.46
2026-06-05T00:52:58.427+00:00,268940,996060cc-1738-4269-9a35-58ffa0c7dd73,,10,FAULT,0x04C0,I2C_TIMEOUT|SENSOR_RANGE|SELFTEST,0,0,0,0,0,0,0.0,0.0,0.0,4.58,2.358,549.6,282.96,-17.66,-8.95,0.0,0.0,0.0,0.0,0.0,0.0,,0.0,0,0,0,0,0,8.0,0.0,167142.97,91296.03,258439.0,0.0,1.92
2026-06-05T00:52:58.555+00:00,269069,996060cc-1738-4269-9a35-58ffa0c7dd73,,10,FAULT,0x04C0,I2C_TIMEOUT|SENSOR_RANGE|SELFTEST,0,0,0,0,0,0,0.0,0.0,0.0,4.533,2.336,543.96,280.32,-18.4,-9.32,0.0,0.0,0.0,0.0,0.0,0.0,,0.0,0,0,0,0,0,8.0,0.0,167213.14,91332.19,258545.33,0.0,-5.74
2026-06-05T00:52:58.685+00:00,269198,996060cc-1738-4269-9a35-58ffa0c7dd73,,10,FAULT,0x04C0,I2C_TIMEOUT|SENSOR_RANGE|SELFTEST,0,0,0,0,0,0,0.0,0.0,0.0,4.551,2.353,546.12,282.36,-19.13,-9.81,0.0,0.0,0.0,0.0,0.0,0.0,,0.0,0,0,0,0,0,8.0,0.0,167283.59,91368.61,258652.2,0.0,-5.66
2026-06-05T00:52:58.815+00:00,269328,996060cc-1738-4269-9a35-58ffa0c7dd73,,10,FAULT,0x04C0,I2C_TIMEOUT|SENSOR_RANGE|SELFTEST,0,0,0,0,0,0,0.0,0.0,0.0,4.521,2.344,542.52,281.28,-18.64,-9.44,0.0,0.0,0.0,0.0,0.0,0.0,,0.0,0,0,0,0,0,8.0,0.0,167354.12,91405.18,258759.3,0.0,3.77
2026-06-05T00:52:58.944+00:00,269457,996060cc-1738-4269-9a35-58ffa0c7dd73,,10,FAULT,0x04C0,I2C_TIMEOUT|SENSOR_RANGE|SELFTEST,0,0,0,0,0,0,0.0,0.0,0.0,4.52,2.336,542.4,280.32,-17.66,-9.2,0.0,0.0,0.0,0.0,0.0,0.0,,0.0,0,0,0,0,0,8.0,0.0,167424.09,91441.34,258865.43,0.0,7.6
2026-06-05T00:52:59.074+00:00,269586,996060cc-1738-4269-9a35-58ffa0c7dd73,,10,FAULT,0x04C0,I2C_TIMEOUT|SENSOR_RANGE|SELFTEST,0,0,0,0,0,0,0.0,0.0,0.0,4.534,2.335,544.08,280.2,-17.91,-9.07,0.0,0.0,0.0,0.0,0.0,0.0,,0.0,0,0,0,0,0,8.0,0.0,167494.28,91477.49,258971.76,0.0,-1.94
2026-06-05T00:52:59.205+00:00,269715,996060cc-1738-4269-9a35-58ffa0c7dd73,,10,FAULT,0x04C0,I2C_TIMEOUT|SENSOR_RANGE|SELFTEST,0,0,0,0,0,0,0.0,0.0,0.0,4.513,2.348,541.56,281.76,-19.13,-9.68,0.0,0.0,0.0,0.0,0.0,0.0,,0.0,0,0,0,0,0,8.0,0.0,167564.14,91513.83,259077.97,0.0,-9.46
2026-06-05T00:52:59.333+00:00,269845,996060cc-1738-4269-9a35-58ffa0c7dd73,,10,FAULT,0x04C0,I2C_TIMEOUT|SENSOR_RANGE|SELFTEST,0,0,0,0,0,0,0.0,0.0,0.0,4.576,2.389,549.12,286.68,-18.64,-9.81,0.0,0.0,0.0,0.0,0.0,0.0,,0.0,0,0,0,0,0,8.0,0.0,167635.52,91551.1,259186.62,0.0,3.77
2026-06-05T00:52:59.463+00:00,269974,996060cc-1738-4269-9a35-58ffa0c7dd73,,10,FAULT,0x04C0,I2C_TIMEOUT|SENSOR_RANGE|SELFTEST,0,0,0,0,0,0,0.0,0.0,0.0,4.552,2.372,546.24,284.64,-17.91,-9.2,0.0,0.0,0.0,0.0,0.0,0.0,,0.0,0,0,0,0,0,8.0,0.0,167705.99,91587.82,259293.81,0.0,5.66
2026-06-05T00:52:59.591+00:00,270103,996060cc-1738-4269-9a35-58ffa0c7dd73,,10,FAULT,0x04C0,I2C_TIMEOUT|SENSOR_RANGE|SELFTEST,0,0,0,0,0,0,0.0,0.0,0.0,4.598,2.39,551.76,286.8,-17.66,-8.95,0.0,0.0,0.0,0.0,0.0,0.0,,0.0,0,0,0,0,0,8.0,0.0,167777.16,91624.82,259401.98,0.0,1.94
2026-06-05T00:52:59.722+00:00,270232,996060cc-1738-4269-9a35-58ffa0c7dd73,,10,FAULT,0x04C0,I2C_TIMEOUT|SENSOR_RANGE|SELFTEST,0,0,0,0,0,0,0.0,0.0,0.0,4.546,2.367,545.52,284.04,-19.13,-9.56,0.0,0.0,0.0,0.0,0.0,0.0,,0.0,0,0,0,0,0,8.0,0.0,167847.54,91661.46,259508.99,0.0,-11.4
2026-06-05T00:52:59.852+00:00,270362,996060cc-1738-4269-9a35-58ffa0c7dd73,,10,FAULT,0x04C0,I2C_TIMEOUT|SENSOR_RANGE|SELFTEST,0,0,0,0,0,0,0.0,0.0,0.0,4.601,2.404,552.12,288.48,-19.37,-9.93,0.0,0.0,0.0,0.0,0.0,0.0,,0.0,0,0,0,0,0,8.0,0.0,167919.31,91698.96,259618.27,0.0,-1.85
2026-06-05T00:52:59.980+00:00,270491,996060cc-1738-4269-9a35-58ffa0c7dd73,,10,FAULT,0x04C0,I2C_TIMEOUT|SENSOR_RANGE|SELFTEST,0,0,0,0,0,0,0.0,0.0,0.0,4.568,2.389,548.16,286.68,-18.64,-9.56,0.0,0.0,0.0,0.0,0.0,0.0,,0.0,0,0,0,0,0,8.0,0.0,167990.02,91735.94,259725.97,0.0,5.66
2026-06-05T00:53:00.111+00:00,270620,996060cc-1738-4269-9a35-58ffa0c7dd73,,10,FAULT,0x04C0,I2C_TIMEOUT|SENSOR_RANGE|SELFTEST,0,0,0,0,0,0,0.0,0.0,0.0,4.599,2.4,551.88,288.0,-17.91,-9.07,0.0,0.0,0.0,0.0,0.0,0.0,,0.0,0,0,0,0,0,8.0,0.0,168061.22,91773.09,259834.31,0.0,5.66
2026-06-05T00:53:00.241+00:00,270750,996060cc-1738-4269-9a35-58ffa0c7dd73,,10,FAULT,0x04C0,I2C_TIMEOUT|SENSOR_RANGE|SELFTEST,0,0,0,0,0,0,0.0,0.0,0.0,4.582,2.39,549.84,286.8,-18.64,-9.44,0.0,0.0,0.0,0.0,0.0,0.0,,0.0,0,0,0,0,0,8.0,0.0,168132.7,91810.38,259943.07,0.0,-5.62
2026-06-05T00:53:00.369+00:00,270879,996060cc-1738-4269-9a35-58ffa0c7dd73,,10,FAULT,0x04C0,I2C_TIMEOUT|SENSOR_RANGE|SELFTEST,0,0,0,0,0,0,0.0,0.0,0.0,4.582,2.396,549.84,287.52,-19.62,-9.81,0.0,0.0,0.0,0.0,0.0,0.0,,0.0,0,0,0,0,0,8.0,0.0,168203.63,91847.47,260051.09,0.0,-7.6
2026-06-05T00:53:00.499+00:00,271008,996060cc-1738-4269-9a35-58ffa0c7dd73,,10,FAULT,0x04C0,I2C_TIMEOUT|SENSOR_RANGE|SELFTEST,0,0,0,0,0,0,0.0,0.0,0.0,4.59,2.397,550.8,287.64,-19.13,-9.68,0.0,0.0,0.0,0.0,0.0,0.0,,0.0,0,0,0,0,0,8.0,0.0,168274.68,91884.57,260159.25,0.0,3.8
2026-06-05T00:53:00.630+00:00,271137,996060cc-1738-4269-9a35-58ffa0c7dd73,,10,FAULT,0x04C0,I2C_TIMEOUT|SENSOR_RANGE|SELFTEST,0,0,0,0,0,0,0.0,0.0,0.0,4.577,2.392,549.24,287.04,-17.91,-9.2,0.0,0.0,0.0,0.0,0.0,0.0,,0.0,0,0,0,0,0,8.0,0.0,168345.53,91921.6,260267.13,0.0,9.46
2026-06-05T00:53:00.758+00:00,271267,996060cc-1738-4269-9a35-58ffa0c7dd73,,10,FAULT,0x04C0,I2C_TIMEOUT|SENSOR_RANGE|SELFTEST,0,0,0,0,0,0,0.0,0.0,0.0,4.617,2.41,554.04,289.2,-17.91,-9.2,0.0,0.0,0.0,0.0,0.0,0.0,,0.0,0,0,0,0,0,8.0,0.0,168417.56,91959.2,260376.75,0.0,0.0
2026-06-05T00:53:00.888+00:00,271396,996060cc-1738-4269-9a35-58ffa0c7dd73,,10,FAULT,0x04C0,I2C_TIMEOUT|SENSOR_RANGE|SELFTEST,0,0,0,0,0,0,0.0,0.0,0.0,4.577,2.396,549.24,287.52,-19.37,-9.68,0.0,0.0,0.0,0.0,0.0,0.0,,0.0,0,0,0,0,0,8.0,0.0,168488.41,91996.29,260484.7,0.0,-11.32
2026-06-05T00:53:01.016+00:00,271525,996060cc-1738-4269-9a35-58ffa0c7dd73,,10,FAULT,0x04C0,I2C_TIMEOUT|SENSOR_RANGE|SELFTEST,0,0,0,0,0,0,0.0,0.0,0.0,4.635,2.427,556.2,291.24,-19.37,-9.68,0.0,0.0,0.0,0.0,0.0,0.0,,0.0,0,0,0,0,0,8.0,0.0,168560.16,92033.86,260594.02,0.0,0.0
2026-06-05T00:53:01.147+00:00,271655,996060cc-1738-4269-9a35-58ffa0c7dd73,,10,FAULT,0x04C0,I2C_TIMEOUT|SENSOR_RANGE|SELFTEST,0,0,0,0,0,0,0.0,0.0,0.0,4.593,2.407,551.16,288.84,-18.4,-9.44,0.0,0.0,0.0,0.0,0.0,0.0,,0.0,0,0,0,0,0,8.0,0.0,168631.81,92071.41,260703.22,0.0,7.46
2026-06-05T00:53:01.277+00:00,271784,996060cc-1738-4269-9a35-58ffa0c7dd73,,10,FAULT,0x04C0,I2C_TIMEOUT|SENSOR_RANGE|SELFTEST,0,0,0,0,0,0,0.0,0.0,0.0,4.64,2.425,556.8,291.0,-17.91,-9.07,0.0,0.0,0.0,0.0,0.0,0.0,,0.0,0,0,0,0,0,8.0,0.0,168703.64,92108.95,260812.58,0.0,3.8
2026-06-05T00:53:01.405+00:00,271913,996060cc-1738-4269-9a35-58ffa0c7dd73,,10,FAULT,0x04C0,I2C_TIMEOUT|SENSOR_RANGE|SELFTEST,0,0,0,0,0,0,0.0,0.0,0.0,4.608,2.405,552.96,288.6,-18.64,-9.44,0.0,0.0,0.0,0.0,0.0,0.0,,0.0,0,0,0,0,0,8.0,0.0,168774.97,92146.18,260921.14,0.0,-5.66
2026-06-05T00:53:01.536+00:00,272043,996060cc-1738-4269-9a35-58ffa0c7dd73,,10,FAULT,0x04C0,I2C_TIMEOUT|SENSOR_RANGE|SELFTEST,0,0,0,0,0,0,0.0,0.0,0.0,4.631,2.429,555.72,291.48,-19.62,-9.81,0.0,0.0,0.0,0.0,0.0,0.0,,0.0,0,0,0,0,0,8.0,0.0,168847.21,92184.07,261031.28,0.0,-7.54
2026-06-05T00:53:01.666+00:00,272173,996060cc-1738-4269-9a35-58ffa0c7dd73,,10,FAULT,0x04C0,I2C_TIMEOUT|SENSOR_RANGE|SELFTEST,0,0,0,0,0,0,0.0,0.0,0.0,4.62,2.423,554.4,290.76,-18.89,-9.68,0.0,0.0,0.0,0.0,0.0,0.0,,0.0,0,0,0,0,0,8.0,0.0,168919.28,92221.87,261141.15,0.0,5.62
2026-06-05T00:53:01.794+00:00,272302,996060cc-1738-4269-9a35-58ffa0c7dd73,,10,FAULT,0x04C0,I2C_TIMEOUT|SENSOR_RANGE|SELFTEST,0,0,0,0,0,0,0.0,0.0,0.0,4.613,2.415,553.56,289.8,-17.91,-9.2,0.0,0.0,0.0,0.0,0.0,0.0,,0.0,0,0,0,0,0,8.0,0.0,168990.69,92259.25,261249.94,0.0,7.6
2026-06-05T00:53:01.925+00:00,272431,996060cc-1738-4269-9a35-58ffa0c7dd73,,10,FAULT,0x04C0,I2C_TIMEOUT|SENSOR_RANGE|SELFTEST,0,0,0,0,0,0,0.0,0.0,0.0,4.624,2.415,554.88,289.8,-18.15,-9.2,0.0,0.0,0.0,0.0,0.0,0.0,,0.0,0,0,0,0,0,8.0,0.0,169062.27,92296.64,261358.91,0.0,-1.86
2026-06-05T00:53:02.055+00:00,272561,996060cc-1738-4269-9a35-58ffa0c7dd73,,10,FAULT,0x04C0,I2C_TIMEOUT|SENSOR_RANGE|SELFTEST,0,0,0,0,0,0,0.0,0.0,0.0,4.591,2.406,550.92,288.72,-19.37,-9.68,0.0,0.0,0.0,0.0,0.0,0.0,,0.0,0,0,0,0,0,8.0,0.0,169133.89,92334.17,261468.06,0.0,-9.38
2026-06-05T00:53:02.184+00:00,272690,996060cc-1738-4269-9a35-58ffa0c7dd73,,10,FAULT,0x04C0,I2C_TIMEOUT|SENSOR_RANGE|SELFTEST,0,0,0,0,0,0,0.0,0.0,0.0,4.636,2.43,556.32,291.6,-19.37,-9.81,0.0,0.0,0.0,0.0,0.0,0.0,,0.0,0,0,0,0,0,8.0,0.0,169205.66,92371.79,261577.44,0.0,0.0
2026-06-05T00:53:02.313+00:00,272819,996060cc-1738-4269-9a35-58ffa0c7dd73,,10,FAULT,0x04C0,I2C_TIMEOUT|SENSOR_RANGE|SELFTEST,0,0,0,0,0,0,0.0,0.0,0.0,4.593,2.406,551.16,288.72,-18.4,-9.32,0.0,0.0,0.0,0.0,0.0,0.0,,0.0,0,0,0,0,0,8.0,0.0,169276.76,92409.03,261685.79,0.0,7.52
2026-06-05T00:53:02.442+00:00,272948,996060cc-1738-4269-9a35-58ffa0c7dd73,,10,FAULT,0x04C0,I2C_TIMEOUT|SENSOR_RANGE|SELFTEST,0,0,0,0,0,0,0.0,0.0,0.0,4.641,2.426,556.92,291.12,-17.66,-8.95,0.0,0.0,0.0,0.0,0.0,0.0,,0.0,0,0,0,0,0,8.0,0.0,169348.6,92446.58,261795.18,0.0,5.74
2026-06-05T00:53:02.572+00:00,273078,996060cc-1738-4269-9a35-58ffa0c7dd73,,10,FAULT,0x04C0,I2C_TIMEOUT|SENSOR_RANGE|SELFTEST,0,0,0,0,0,0,0.0,0.0,0.0,4.593,2.409,551.16,289.08,-18.89,-9.44,0.0,0.0,0.0,0.0,0.0,0.0,,0.0,0,0,0,0,0,8.0,0.0,169420.25,92484.17,261904.41,0.0,-9.46
2026-06-05T00:53:02.702+00:00,273207,996060cc-1738-4269-9a35-58ffa0c7dd73,,10,FAULT,0x04C0,I2C_TIMEOUT|SENSOR_RANGE|SELFTEST,0,0,0,0,0,0,0.0,0.0,0.0,4.631,2.431,555.72,291.72,-19.37,-9.93,0.0,0.0,0.0,0.0,0.0,0.0,,0.0,0,0,0,0,0,8.0,0.0,169491.94,92521.8,262013.73,0.0,-3.72
2026-06-05T00:53:02.831+00:00,273336,996060cc-1738-4269-9a35-58ffa0c7dd73,,10,FAULT,0x04C0,I2C_TIMEOUT|SENSOR_RANGE|SELFTEST,0,0,0,0,0,0,0.0,0.0,0.0,4.637,2.432,556.44,291.84,-18.64,-9.56,0.0,0.0,0.0,0.0,0.0,0.0,,0.0,0,0,0,0,0,8.0,0.0,169563.72,92559.44,262123.16,0.0,5.66
2026-06-05T00:53:02.961+00:00,273466,996060cc-1738-4269-9a35-58ffa0c7dd73,,10,FAULT,0x04C0,I2C_TIMEOUT|SENSOR_RANGE|SELFTEST,0,0,0,0,0,0,0.0,0.0,0.0,4.684,2.457,562.08,294.84,-17.66,-9.07,0.0,0.0,0.0,0.0,0.0,0.0,,0.0,0,0,0,0,0,8.0,0.0,169636.79,92597.77,262234.56,0.0,7.54
2026-06-05T00:53:03.092+00:00,273595,996060cc-1738-4269-9a35-58ffa0c7dd73,,10,FAULT,0x04C0,I2C_TIMEOUT|SENSOR_RANGE|SELFTEST,0,0,0,0,0,0,0.0,0.0,0.0,4.693,2.456,563.16,294.72,-18.4,-9.2,0.0,0.0,0.0,0.0,0.0,0.0,,0.0,0,0,0,0,0,8.0,0.0,169709.44,92635.79,262345.23,0.0,-5.74
2026-06-05T00:53:03.220+00:00,273724,996060cc-1738-4269-9a35-58ffa0c7dd73,,10,FAULT,0x04C0,I2C_TIMEOUT|SENSOR_RANGE|SELFTEST,0,0,0,0,0,0,0.0,0.0,0.0,4.696,2.465,563.52,295.8,-19.37,-9.68,0.0,0.0,0.0,0.0,0.0,0.0,,0.0,0,0,0,0,0,8.0,0.0,169782.13,92673.95,262456.08,0.0,-7.52
2026-06-05T00:53:03.350+00:00,273853,996060cc-1738-4269-9a35-58ffa0c7dd73,,10,FAULT,0x04C0,I2C_TIMEOUT|SENSOR_RANGE|SELFTEST,0,0,0,0,0,0,0.0,0.0,0.0,4.739,2.49,568.68,298.8,-19.37,-9.68,0.0,0.0,0.0,0.0,0.0,0.0,,0.0,0,0,0,0,0,8.0,0.0,169855.49,92712.5,262567.99,0.0,0.0
2026-06-05T00:53:03.478+00:00,273983,996060cc-1738-4269-9a35-58ffa0c7dd73,,10,FAULT,0x04C0,I2C_TIMEOUT|SENSOR_RANGE|SELFTEST,0,0,0,0,0,0,0.0,0.0,0.0,4.684,2.45,562.08,294.0,-17.66,-9.2,0.0,0.0,0.0,0.0,0.0,0.0,,0.0,0,0,0,0,0,8.0,0.0,169928.56,92750.72,262679.28,0.0,13.15
2026-06-05T00:53:03.609+00:00,274112,996060cc-1738-4269-9a35-58ffa0c7dd73,,10,FAULT,0x04C0,I2C_TIMEOUT|SENSOR_RANGE|SELFTEST,0,0,0,0,0,0,0.0,0.0,0.0,4.689,2.436,562.68,292.32,-17.91,-9.2,0.0,0.0,0.0,0.0,0.0,0.0,,0.0,0,0,0,0,0,8.0,0.0,170001.15,92788.43,262789.57,0.0,-1.94
2026-06-05T00:53:03.739+00:00,274241,996060cc-1738-4269-9a35-58ffa0c7dd73,,10,FAULT,0x04C0,I2C_TIMEOUT|SENSOR_RANGE|SELFTEST,0,0,0,0,0,0,0.0,0.0,0.0,4.64,2.424,556.8,290.88,-19.37,-9.68,0.0,0.0,0.0,0.0,0.0,0.0,,0.0,0,0,0,0,0,8.0,0.0,170072.97,92825.95,262898.92,0.0,-11.32
2026-06-05T00:53:03.867+00:00,274371,996060cc-1738-4269-9a35-58ffa0c7dd73,,10,FAULT,0x04C0,I2C_TIMEOUT|SENSOR_RANGE|SELFTEST,0,0,0,0,0,0,0.0,0.0,0.0,4.702,2.463,564.24,295.56,-19.37,-9.81,0.0,0.0,0.0,0.0,0.0,0.0,,0.0,0,0,0,0,0,8.0,0.0,170146.32,92864.37,263010.7,0.0,0.0
2026-06-05T00:53:03.997+00:00,274500,996060cc-1738-4269-9a35-58ffa0c7dd73,,10,FAULT,0x04C0,I2C_TIMEOUT|SENSOR_RANGE|SELFTEST,0,0,0,0,0,0,0.0,0.0,0.0,4.665,2.44,559.8,292.8,-18.4,-9.44,0.0,0.0,0.0,0.0,0.0,0.0,,0.0,0,0,0,0,0,8.0,0.0,170218.54,92902.14,263120.68,0.0,7.52
2026-06-05T00:53:04.128+00:00,274629,996060cc-1738-4269-9a35-58ffa0c7dd73,,10,FAULT,0x04C0,I2C_TIMEOUT|SENSOR_RANGE|SELFTEST,0,0,0,0,0,0,0.0,0.0,0.0,4.729,2.46,567.48,295.2,-17.66,-9.07,0.0,0.0,0.0,0.0,0.0,0.0,,0.0,0,0,0,0,0,8.0,0.0,170291.74,92940.22,263231.97,0.0,5.74
2026-06-05T00:53:04.256+00:00,274758,996060cc-1738-4269-9a35-58ffa0c7dd73,,10,FAULT,0x04C0,I2C_TIMEOUT|SENSOR_RANGE|SELFTEST,0,0,0,0,0,0,0.0,0.0,0.0,4.722,2.458,566.64,294.96,-18.64,-9.44,0.0,0.0,0.0,0.0,0.0,0.0,,0.0,0,0,0,0,0,8.0,0.0,170364.84,92978.27,263343.11,0.0,-7.6
2026-06-05T00:53:04.386+00:00,274888,996060cc-1738-4269-9a35-58ffa0c7dd73,,10,FAULT,0x04C0,I2C_TIMEOUT|SENSOR_RANGE|SELFTEST,0,0,0,0,0,0,0.0,0.0,0.0,4.786,2.509,574.32,301.08,-19.62,-9.81,0.0,0.0,0.0,0.0,0.0,0.0,,0.0,0,0,0,0,0,8.0,0.0,170439.5,93017.41,263456.92,0.0,-7.54
2026-06-05T00:53:04.517+00:00,275017,996060cc-1738-4269-9a35-58ffa0c7dd73,,10,FAULT,0x04C0,I2C_TIMEOUT|SENSOR_RANGE|SELFTEST,0,0,0,0,0,0,0.0,0.0,0.0,4.814,2.514,577.68,301.68,-19.13,-9.68,0.0,0.0,0.0,0.0,0.0,0.0,,0.0,0,0,0,0,0,8.0,0.0,170514.02,93056.33,263570.35,0.0,3.8
2026-06-05T00:53:04.645+00:00,275146,996060cc-1738-4269-9a35-58ffa0c7dd73,,10,FAULT,0x04C0,I2C_TIMEOUT|SENSOR_RANGE|SELFTEST,0,0,0,0,0,0,0.0,0.0,0.0,4.866,2.545,583.92,305.4,-17.91,-9.2,0.0,0.0,0.0,0.0,0.0,0.0,,0.0,0,0,0,0,0,8.0,0.0,170589.35,93095.73,263685.08,0.0,9.46
2026-06-05T00:53:04.775+00:00,275276,996060cc-1738-4269-9a35-58ffa0c7dd73,,10,FAULT,0x04C0,I2C_TIMEOUT|SENSOR_RANGE|SELFTEST,0,0,0,0,0,0,0.0,0.0,0.0,4.936,2.57,592.32,308.4,-18.4,-9.32,0.0,0.0,0.0,0.0,0.0,0.0,,0.0,0,0,0,0,0,8.0,0.0,170666.35,93135.82,263802.17,0.0,-3.77
2026-06-05T00:53:04.903+00:00,275405,996060cc-1738-4269-9a35-58ffa0c7dd73,,10,FAULT,0x04C0,I2C_TIMEOUT|SENSOR_RANGE|SELFTEST,0,0,0,0,0,0,0.0,0.0,0.0,4.925,2.578,591.0,309.36,-19.86,-9.68,0.0,0.0,0.0,0.0,0.0,0.0,,0.0,0,0,0,0,0,8.0,0.0,170742.59,93175.73,263918.32,0.0,-11.32
2026-06-05T00:53:05.034+00:00,275534,996060cc-1738-4269-9a35-58ffa0c7dd73,,10,FAULT,0x04C0,I2C_TIMEOUT|SENSOR_RANGE|SELFTEST,0,0,0,0,0,0,0.0,0.0,0.0,5.002,2.619,600.24,314.28,-19.62,-9.93,0.0,0.0,0.0,0.0,0.0,0.0,,0.0,0,0,0,0,0,8.0,0.0,170820.02,93216.27,264036.29,0.0,1.86
2026-06-05T00:53:05.164+00:00,275663,996060cc-1738-4269-9a35-58ffa0c7dd73,,10,FAULT,0x04C0,I2C_TIMEOUT|SENSOR_RANGE|SELFTEST,0,0,0,0,0,0,0.0,0.0,0.0,5.006,2.621,600.72,314.52,-18.4,-9.2,0.0,0.0,0.0,0.0,0.0,0.0,,0.0,0,0,0,0,0,8.0,0.0,170897.51,93256.84,264154.35,0.0,9.46
2026-06-05T00:53:05.293+00:00,275793,996060cc-1738-4269-9a35-58ffa0c7dd73,,10,FAULT,0x04C0,I2C_TIMEOUT|SENSOR_RANGE|SELFTEST,0,0,0,0,0,0,0.0,0.0,0.0,5.084,2.657,610.08,318.84,-17.91,-9.07,0.0,0.0,0.0,0.0,0.0,0.0,,0.0,0,0,0,0,0,8.0,0.0,170976.82,93298.29,264275.11,0.0,3.77
2026-06-05T00:53:05.423+00:00,275922,996060cc-1738-4269-9a35-58ffa0c7dd73,,10,FAULT,0x04C0,I2C_TIMEOUT|SENSOR_RANGE|SELFTEST,0,0,0,0,0,0,0.0,0.0,0.0,5.077,2.65,609.24,318.0,-19.13,-9.44,0.0,0.0,0.0,0.0,0.0,0.0,,0.0,0,0,0,0,0,8.0,0.0,171055.42,93339.31,264394.73,0.0,-9.46
2026-06-05T00:53:05.553+00:00,276051,996060cc-1738-4269-9a35-58ffa0c7dd73,,10,FAULT,0x04C0,I2C_TIMEOUT|SENSOR_RANGE|SELFTEST,0,0,0,0,0,0,0.0,0.0,0.0,5.156,2.707,618.72,324.84,-19.37,-9.68,0.0,0.0,0.0,0.0,0.0,0.0,,0.0,0,0,0,0,0,8.0,0.0,171135.23,93381.22,264516.45,0.0,-1.86
2026-06-05T00:53:05.681+00:00,276182,996060cc-1738-4269-9a35-58ffa0c7dd73,,10,FAULT,0x04C0,I2C_TIMEOUT|SENSOR_RANGE|SELFTEST,0,0,0,0,0,0,0.0,0.0,0.0,5.17,2.716,620.4,325.92,-18.89,-9.44,0.0,0.0,0.0,0.0,0.0,0.0,,0.0,0,0,0,0,0,8.0,0.0,171216.5,93423.91,264640.42,0.0,3.66
2026-06-05T00:53:05.812+00:00,276311,996060cc-1738-4269-9a35-58ffa0c7dd73,,10,FAULT,0x04C0,I2C_TIMEOUT|SENSOR_RANGE|SELFTEST,0,0,0,0,0,0,0.0,0.0,0.0,5.248,2.755,629.76,330.6,-17.91,-9.2,0.0,0.0,0.0,0.0,0.0,0.0,,0.0,0,0,0,0,0,8.0,0.0,171297.74,93466.56,264764.3,0.0,7.6
2026-06-05T00:53:05.942+00:00,276440,996060cc-1738-4269-9a35-58ffa0c7dd73,,10,FAULT,0x04C0,I2C_TIMEOUT|SENSOR_RANGE|SELFTEST,0,0,0,0,0,0,0.0,0.0,0.0,5.298,2.772,635.76,332.64,-18.64,-9.44,0.0,0.0,0.0,0.0,0.0,0.0,,0.0,0,0,0,0,0,8.0,0.0,171379.75,93509.47,264889.23,0.0,-5.66
2026-06-05T00:53:06.071+00:00,276569,996060cc-1738-4269-9a35-58ffa0c7dd73,,10,FAULT,0x04C0,I2C_TIMEOUT|SENSOR_RANGE|SELFTEST,0,0,0,0,0,0,0.0,0.0,0.0,5.336,2.8,640.32,336.0,-19.37,-9.81,0.0,0.0,0.0,0.0,0.0,0.0,,0.0,0,0,0,0,0,8.0,0.0,171462.36,93552.81,265015.17,0.0,-5.66
2026-06-05T00:53:06.200+00:00,276699,996060cc-1738-4269-9a35-58ffa0c7dd73,,10,FAULT,0x04C0,I2C_TIMEOUT|SENSOR_RANGE|SELFTEST,0,0,0,0,0,0,0.0,0.0,0.0,5.407,2.835,648.84,340.2,-19.37,-9.68,0.0,0.0,0.0,0.0,0.0,0.0,,0.0,0,0,0,0,0,8.0,0.0,171546.71,93597.04,265143.75,0.0,0.0
2026-06-05T00:53:06.329+00:00,276828,996060cc-1738-4269-9a35-58ffa0c7dd73,,10,FAULT,0x04C0,I2C_TIMEOUT|SENSOR_RANGE|SELFTEST,0,0,0,0,0,0,0.0,0.0,0.0,5.44,2.854,652.8,342.48,-17.66,-9.07,0.0,0.0,0.0,0.0,0.0,0.0,,0.0,0,0,0,0,0,8.0,0.0,171630.92,93641.22,265272.14,0.0,13.26
2026-06-05T00:53:06.460+00:00,276957,996060cc-1738-4269-9a35-58ffa0c7dd73,,10,FAULT,0x04C0,I2C_TIMEOUT|SENSOR_RANGE|SELFTEST,0,0,0,0,0,0,0.0,0.0,0.0,5.524,2.891,662.88,346.92,-17.91,-9.07,0.0,0.0,0.0,0.0,0.0,0.0,,0.0,0,0,0,0,0,8.0,0.0,171716.43,93685.97,265402.4,0.0,-1.94
2026-06-05T00:53:06.590+00:00,277087,996060cc-1738-4269-9a35-58ffa0c7dd73,,10,FAULT,0x04C0,I2C_TIMEOUT|SENSOR_RANGE|SELFTEST,0,0,0,0,0,0,0.0,0.0,0.0,5.519,2.893,662.28,347.16,-19.13,-9.44,0.0,0.0,0.0,0.0,0.0,0.0,,0.0,0,0,0,0,0,8.0,0.0,171802.52,93731.1,265533.63,0.0,-9.38
2026-06-05T00:53:06.717+00:00,277216,996060cc-1738-4269-9a35-58ffa0c7dd73,,10,FAULT,0x04C0,I2C_TIMEOUT|SENSOR_RANGE|SELFTEST,0,0,0,0,0,0,0.0,0.0,0.0,5.591,2.933,670.92,351.96,-19.37,-9.68,0.0,0.0,0.0,0.0,0.0,0.0,,0.0,0,0,0,0,0,8.0,0.0,171889.07,93776.51,265665.58,0.0,-1.86
2026-06-05T00:53:06.848+00:00,277345,996060cc-1738-4269-9a35-58ffa0c7dd73,,10,FAULT,0x04C0,I2C_TIMEOUT|SENSOR_RANGE|SELFTEST,0,0,0,0,0,0,0.0,0.0,0.0,5.601,2.933,672.12,351.96,-18.4,-9.32,0.0,0.0,0.0,0.0,0.0,0.0,,0.0,0,0,0,0,0,8.0,0.0,171975.78,93821.91,265797.69,0.0,7.52
2026-06-05T00:53:06.979+00:00,277474,996060cc-1738-4269-9a35-58ffa0c7dd73,,10,FAULT,0x04C0,I2C_TIMEOUT|SENSOR_RANGE|SELFTEST,0,0,0,0,0,0,0.0,0.0,0.0,5.692,2.974,683.04,356.88,-17.66,-9.07,0.0,0.0,0.0,0.0,0.0,0.0,,0.0,0,0,0,0,0,8.0,0.0,172063.89,93867.95,265931.84,0.0,5.74
2026-06-05T00:53:07.106+00:00,277604,996060cc-1738-4269-9a35-58ffa0c7dd73,,10,FAULT,0x04C0,I2C_TIMEOUT|SENSOR_RANGE|SELFTEST,0,0,0,0,0,0,0.0,0.0,0.0,5.69,2.963,682.8,355.56,-18.89,-9.44,0.0,0.0,0.0,0.0,0.0,0.0,,0.0,0,0,0,0,0,8.0,0.0,172152.65,93914.17,266066.82,0.0,-9.46
2026-06-05T00:53:07.237+00:00,277733,996060cc-1738-4269-9a35-58ffa0c7dd73,,10,FAULT,0x04C0,I2C_TIMEOUT|SENSOR_RANGE|SELFTEST,0,0,0,0,0,0,0.0,0.0,0.0,5.731,2.984,687.72,358.08,-19.62,-9.81,0.0,0.0,0.0,0.0,0.0,0.0,,0.0,0,0,0,0,0,8.0,0.0,172241.37,93960.36,266201.73,0.0,-5.66
2026-06-05T00:53:07.367+00:00,277862,996060cc-1738-4269-9a35-58ffa0c7dd73,,10,FAULT,0x04C0,I2C_TIMEOUT|SENSOR_RANGE|SELFTEST,0,0,0,0,0,0,0.0,0.0,0.0,5.746,2.992,689.52,359.04,-19.13,-9.68,0.0,0.0,0.0,0.0,0.0,0.0,,0.0,0,0,0,0,0,8.0,0.0,172330.32,94006.68,266336.99,0.0,3.8
2026-06-05T00:53:07.496+00:00,277992,996060cc-1738-4269-9a35-58ffa0c7dd73,,10,FAULT,0x04C0,I2C_TIMEOUT|SENSOR_RANGE|SELFTEST,0,0,0,0,0,0,0.0,0.0,0.0,5.782,3.012,693.84,361.44,-17.91,-9.2,0.0,0.0,0.0,0.0,0.0,0.0,,0.0,0,0,0,0,0,8.0,0.0,172420.52,94053.67,266474.18,0.0,9.38
2026-06-05T00:53:07.626+00:00,278121,996060cc-1738-4269-9a35-58ffa0c7dd73,,10,FAULT,0x04C0,I2C_TIMEOUT|SENSOR_RANGE|SELFTEST,0,0,0,0,0,0,0.0,0.0,0.0,5.843,3.035,701.16,364.2,-18.4,-9.2,0.0,0.0,0.0,0.0,0.0,0.0,,0.0,0,0,0,0,0,8.0,0.0,172510.97,94100.65,266611.61,0.0,-3.8
2026-06-05T00:53:07.754+00:00,278250,996060cc-1738-4269-9a35-58ffa0c7dd73,,10,FAULT,0x04C0,I2C_TIMEOUT|SENSOR_RANGE|SELFTEST,0,0,0,0,0,0,0.0,0.0,0.0,5.832,3.025,699.84,363.0,-19.37,-9.81,0.0,0.0,0.0,0.0,0.0,0.0,,0.0,0,0,0,0,0,8.0,0.0,172601.24,94147.47,266748.72,0.0,-7.52
2026-06-05T00:53:07.884+00:00,278379,996060cc-1738-4269-9a35-58ffa0c7dd73,,10,FAULT,0x04C0,I2C_TIMEOUT|SENSOR_RANGE|SELFTEST,0,0,0,0,0,0,0.0,0.0,0.0,5.885,3.047,706.2,365.64,-19.37,-9.81,0.0,0.0,0.0,0.0,0.0,0.0,,0.0,0,0,0,0,0,8.0,0.0,172692.34,94194.64,266886.99,0.0,0.0
2026-06-05T00:53:08.015+00:00,278509,996060cc-1738-4269-9a35-58ffa0c7dd73,,10,FAULT,0x04C0,I2C_TIMEOUT|SENSOR_RANGE|SELFTEST,0,0,0,0,0,0,0.0,0.0,0.0,5.887,3.046,706.44,365.52,-18.15,-9.32,0.0,0.0,0.0,0.0,0.0,0.0,,0.0,0,0,0,0,0,8.0,0.0,172784.18,94242.16,267026.34,0.0,9.38
2026-06-05T00:53:08.143+00:00,278638,996060cc-1738-4269-9a35-58ffa0c7dd73,,10,FAULT,0x04C0,I2C_TIMEOUT|SENSOR_RANGE|SELFTEST,0,0,0,0,0,0,0.0,0.0,0.0,5.959,3.078,715.08,369.36,-17.91,-9.2,0.0,0.0,0.0,0.0,0.0,0.0,,0.0,0,0,0,0,0,8.0,0.0,172876.43,94289.81,267166.23,0.0,1.86
2026-06-05T00:53:08.273+00:00,278767,996060cc-1738-4269-9a35-58ffa0c7dd73,,10,FAULT,0x04C0,I2C_TIMEOUT|SENSOR_RANGE|SELFTEST,0,0,0,0,0,0,0.0,0.0,0.0,5.929,3.059,711.48,367.08,-18.89,-9.56,0.0,0.0,0.0,0.0,0.0,0.0,,0.0,0,0,0,0,0,8.0,0.0,172968.21,94337.16,267305.37,0.0,-7.6
2026-06-05T00:53:08.404+00:00,278897,996060cc-1738-4269-9a35-58ffa0c7dd73,,10,FAULT,0x04C0,I2C_TIMEOUT|SENSOR_RANGE|SELFTEST,0,0,0,0,0,0,0.0,0.0,0.0,5.963,3.08,715.56,369.6,-19.37,-9.81,0.0,0.0,0.0,0.0,0.0,0.0,,0.0,0,0,0,0,0,8.0,0.0,173061.23,94385.21,267446.44,0.0,-3.69
2026-06-05T00:53:08.532+00:00,279026,996060cc-1738-4269-9a35-58ffa0c7dd73,,10,FAULT,0x04C0,I2C_TIMEOUT|SENSOR_RANGE|SELFTEST,0,0,0,0,0,0,0.0,0.0,0.0,5.936,3.069,712.32,368.28,-18.64,-9.56,0.0,0.0,0.0,0.0,0.0,0.0,,0.0,0,0,0,0,0,8.0,0.0,173153.12,94432.72,267585.84,0.0,5.66
2026-06-05T00:53:08.662+00:00,279155,996060cc-1738-4269-9a35-58ffa0c7dd73,,10,FAULT,0x04C0,I2C_TIMEOUT|SENSOR_RANGE|SELFTEST,0,0,0,0,0,0,0.0,0.0,0.0,5.948,3.076,713.76,369.12,-17.91,-9.2,0.0,0.0,0.0,0.0,0.0,0.0,,0.0,0,0,0,0,0,8.0,0.0,173245.19,94480.33,267725.53,0.0,5.66
2026-06-05T00:53:08.790+00:00,279284,996060cc-1738-4269-9a35-58ffa0c7dd73,,10,FAULT,0x04C0,I2C_TIMEOUT|SENSOR_RANGE|SELFTEST,0,0,0,0,0,0,0.0,0.0,0.0,5.938,3.064,712.56,367.68,-18.64,-9.32,0.0,0.0,0.0,0.0,0.0,0.0,,0.0,0,0,0,0,0,8.0,0.0,173337.12,94527.76,267864.88,0.0,-5.66
2026-06-05T00:53:08.922+00:00,279414,996060cc-1738-4269-9a35-58ffa0c7dd73,,10,FAULT,0x04C0,I2C_TIMEOUT|SENSOR_RANGE|SELFTEST,0,0,0,0,0,0,0.0,0.0,0.0,5.915,3.056,709.8,366.72,-19.62,-9.93,0.0,0.0,0.0,0.0,0.0,0.0,,0.0,0,0,0,0,0,8.0,0.0,173429.39,94575.44,268004.83,0.0,-7.54
2026-06-05T00:53:09.051+00:00,279543,996060cc-1738-4269-9a35-58ffa0c7dd73,,10,FAULT,0x04C0,I2C_TIMEOUT|SENSOR_RANGE|SELFTEST,0,0,0,0,0,0,0.0,0.0,0.0,5.932,3.068,711.84,368.16,-19.37,-9.81,0.0,0.0,0.0,0.0,0.0,0.0,,0.0,0,0,0,0,0,8.0,0.0,173521.22,94622.93,268144.15,0.0,1.94
2026-06-05T00:53:09.179+00:00,279672,996060cc-1738-4269-9a35-58ffa0c7dd73,,10,FAULT,0x04C0,I2C_TIMEOUT|SENSOR_RANGE|SELFTEST,0,0,0,0,0,0,0.0,0.0,0.0,5.885,3.046,706.2,365.52,-17.91,-9.2,0.0,0.0,0.0,0.0,0.0,0.0,,0.0,0,0,0,0,0,8.0,0.0,173612.32,94670.08,268282.4,0.0,11.32
2026-06-05T00:53:09.310+00:00,279801,996060cc-1738-4269-9a35-58ffa0c7dd73,,10,FAULT,0x04C0,I2C_TIMEOUT|SENSOR_RANGE|SELFTEST,0,0,0,0,0,0,0.0,0.0,0.0,5.93,3.059,711.6,367.08,-17.91,-9.2,0.0,0.0,0.0,0.0,0.0,0.0,,0.0,0,0,0,0,0,8.0,0.0,173704.11,94717.44,268421.55,0.0,0.0
2026-06-05T00:53:09.441+00:00,279931,996060cc-1738-4269-9a35-58ffa0c7dd73,,10,FAULT,0x04C0,I2C_TIMEOUT|SENSOR_RANGE|SELFTEST,0,0,0,0,0,0,0.0,0.0,0.0,5.856,3.026,702.72,363.12,-19.37,-9.68,0.0,0.0,0.0,0.0,0.0,0.0,,0.0,0,0,0,0,0,8.0,0.0,173795.47,94764.64,268560.11,0.0,-11.23
2026-06-05T00:53:09.568+00:00,280060,996060cc-1738-4269-9a35-58ffa0c7dd73,,10,FAULT,0x04C0,I2C_TIMEOUT|SENSOR_RANGE|SELFTEST,0,0,0,0,0,0,0.0,0.0,0.0,5.901,3.053,708.12,366.36,-19.62,-9.81,0.0,0.0,0.0,0.0,0.0,0.0,,0.0,0,0,0,0,0,8.0,0.0,173886.81,94811.9,268698.72,0.0,-1.94
2026-06-05T00:53:09.698+00:00,280189,996060cc-1738-4269-9a35-58ffa0c7dd73,,10,FAULT,0x04C0,I2C_TIMEOUT|SENSOR_RANGE|SELFTEST,0,0,0,0,0,0,0.0,0.0,0.0,5.831,3.02,699.72,362.4,-18.64,-9.44,0.0,0.0,0.0,0.0,0.0,0.0,,0.0,0,0,0,0,0,8.0,0.0,173977.08,94858.65,268835.73,0.0,7.6
2026-06-05T00:53:09.829+00:00,280320,996060cc-1738-4269-9a35-58ffa0c7dd73,,10,FAULT,0x04C0,I2C_TIMEOUT|SENSOR_RANGE|SELFTEST,0,0,0,0,0,0,0.0,0.0,0.0,5.854,3.017,702.48,362.04,-17.91,-9.2,0.0,0.0,0.0,0.0,0.0,0.0,,0.0,0,0,0,0,0,8.0,0.0,174069.1,94906.08,268975.18,0.0,5.57
2026-06-05T00:53:09.957+00:00,280449,996060cc-1738-4269-9a35-58ffa0c7dd73,,10,FAULT,0x04C0,I2C_TIMEOUT|SENSOR_RANGE|SELFTEST,0,0,0,0,0,0,0.0,0.0,0.0,5.81,2.998,697.2,359.76,-18.89,-9.56,0.0,0.0,0.0,0.0,0.0,0.0,,0.0,0,0,0,0,0,8.0,0.0,174159.04,94952.49,269111.53,0.0,-7.6
2026-06-05T00:53:10.087+00:00,280578,996060cc-1738-4269-9a35-58ffa0c7dd73,,10,FAULT,0x04C0,I2C_TIMEOUT|SENSOR_RANGE|SELFTEST,0,0,0,0,0,0,0.0,0.0,0.0,5.816,3.006,697.92,360.72,-19.86,-9.81,0.0,0.0,0.0,0.0,0.0,0.0,,0.0,0,0,0,0,0,8.0,0.0,174249.07,94999.02,269248.09,0.0,-7.52
2026-06-05T00:53:10.216+00:00,280707,996060cc-1738-4269-9a35-58ffa0c7dd73,,10,FAULT,0x04C0,I2C_TIMEOUT|SENSOR_RANGE|SELFTEST,0,0,0,0,0,0,0.0,0.0,0.0,5.792,2.994,695.04,359.28,-19.13,-9.68,0.0,0.0,0.0,0.0,0.0,0.0,,0.0,0,0,0,0,0,8.0,0.0,174338.73,95045.37,269384.1,0.0,5.66
2026-06-05T00:53:10.346+00:00,280837,996060cc-1738-4269-9a35-58ffa0c7dd73,,10,FAULT,0x04C0,I2C_TIMEOUT|SENSOR_RANGE|SELFTEST,0,0,0,0,0,0,0.0,0.0,0.0,5.753,2.975,690.36,357.0,-17.91,-9.07,0.0,0.0,0.0,0.0,0.0,0.0,,0.0,0,0,0,0,0,8.0,0.0,174428.48,95091.78,269520.26,0.0,9.38
2026-06-05T00:53:10.478+00:00,280966,996060cc-1738-4269-9a35-58ffa0c7dd73,,10,FAULT,0x04C0,I2C_TIMEOUT|SENSOR_RANGE|SELFTEST,0,0,0,0,0,0,0.0,0.0,0.0,5.786,2.985,694.32,358.2,-18.4,-9.2,0.0,0.0,0.0,0.0,0.0,0.0,,0.0,0,0,0,0,0,8.0,0.0,174518.05,95137.99,269656.03,0.0,-3.8
2026-06-05T00:53:10.605+00:00,281095,996060cc-1738-4269-9a35-58ffa0c7dd73,,10,FAULT,0x04C0,I2C_TIMEOUT|SENSOR_RANGE|SELFTEST,0,0,0,0,0,0,0.0,0.0,0.0,5.73,2.97,687.6,356.4,-19.62,-9.68,0.0,0.0,0.0,0.0,0.0,0.0,,0.0,0,0,0,0,0,8.0,0.0,174606.75,95183.96,269790.71,0.0,-9.46
2026-06-05T00:53:10.735+00:00,281225,996060cc-1738-4269-9a35-58ffa0c7dd73,,10,FAULT,0x04C0,I2C_TIMEOUT|SENSOR_RANGE|SELFTEST,0,0,0,0,0,0,0.0,0.0,0.0,5.793,3.005,695.16,360.6,-19.86,-9.81,0.0,0.0,0.0,0.0,0.0,0.0,,0.0,0,0,0,0,0,8.0,0.0,174697.12,95230.84,269927.96,0.0,-1.85
2026-06-05T00:53:10.865+00:00,281354,996060cc-1738-4269-9a35-58ffa0c7dd73,,10,FAULT,0x04C0,I2C_TIMEOUT|SENSOR_RANGE|SELFTEST,0,0,0,0,0,0,0.0,0.0,0.0,5.727,2.969,687.24,356.28,-18.4,-9.32,0.0,0.0,0.0,0.0,0.0,0.0,,0.0,0,0,0,0,0,8.0,0.0,174785.77,95276.8,270062.57,0.0,11.32
2026-06-05T00:53:10.994+00:00,281483,996060cc-1738-4269-9a35-58ffa0c7dd73,,10,FAULT,0x04C0,I2C_TIMEOUT|SENSOR_RANGE|SELFTEST,0,0,0,0,0,0,0.0,0.0,0.0,5.788,2.988,694.56,358.56,-17.91,-9.2,0.0,0.0,0.0,0.0,0.0,0.0,,0.0,0,0,0,0,0,8.0,0.0,174875.37,95323.05,270198.42,0.0,3.8
2026-06-05T00:53:11.124+00:00,281612,996060cc-1738-4269-9a35-58ffa0c7dd73,,10,FAULT,0x04C0,I2C_TIMEOUT|SENSOR_RANGE|SELFTEST,0,0,0,0,0,0,0.0,0.0,0.0,5.73,2.966,687.6,355.92,-19.13,-9.44,0.0,0.0,0.0,0.0,0.0,0.0,,0.0,0,0,0,0,0,8.0,0.0,174964.07,95368.97,270333.04,0.0,-9.46
2026-06-05T00:53:11.254+00:00,281742,996060cc-1738-4269-9a35-58ffa0c7dd73,,10,FAULT,0x04C0,I2C_TIMEOUT|SENSOR_RANGE|SELFTEST,0,0,0,0,0,0,0.0,0.0,0.0,5.783,3.007,693.96,360.84,-19.37,-9.68,0.0,0.0,0.0,0.0,0.0,0.0,,0.0,0,0,0,0,0,8.0,0.0,175054.29,95415.88,270470.16,0.0,-1.85
2026-06-05T00:53:11.384+00:00,281871,996060cc-1738-4269-9a35-58ffa0c7dd73,,10,FAULT,0x04C0,I2C_TIMEOUT|SENSOR_RANGE|SELFTEST,0,0,0,0,0,0,0.0,0.0,0.0,5.749,2.989,689.88,358.68,-18.89,-9.56,0.0,0.0,0.0,0.0,0.0,0.0,,0.0,0,0,0,0,0,8.0,0.0,175143.28,95462.15,270605.43,0.0,3.72
2026-06-05T00:53:11.513+00:00,282000,996060cc-1738-4269-9a35-58ffa0c7dd73,,10,FAULT,0x04C0,I2C_TIMEOUT|SENSOR_RANGE|SELFTEST,0,0,0,0,0,0,0.0,0.0,0.0,5.773,3.003,692.76,360.36,-17.91,-9.07,0.0,0.0,0.0,0.0,0.0,0.0,,0.0,0,0,0,0,0,8.0,0.0,175232.65,95508.63,270741.28,0.0,7.6
2026-06-05T00:53:11.641+00:00,282130,996060cc-1738-4269-9a35-58ffa0c7dd73,,10,FAULT,0x04C0,I2C_TIMEOUT|SENSOR_RANGE|SELFTEST,0,0,0,0,0,0,0.0,0.0,0.0,5.77,2.993,692.4,359.16,-18.64,-9.2,0.0,0.0,0.0,0.0,0.0,0.0,,0.0,0,0,0,0,0,8.0,0.0,175322.66,95555.32,270877.98,0.0,-5.62
2026-06-05T00:53:11.771+00:00,282259,996060cc-1738-4269-9a35-58ffa0c7dd73,,10,FAULT,0x04C0,I2C_TIMEOUT|SENSOR_RANGE|SELFTEST,0,0,0,0,0,0,0.0,0.0,0.0,5.755,2.995,690.6,359.4,-19.62,-9.68,0.0,0.0,0.0,0.0,0.0,0.0,,0.0,0,0,0,0,0,8.0,0.0,175411.75,95601.69,271013.43,0.0,-7.6
2026-06-05T00:53:11.902+00:00,282388,996060cc-1738-4269-9a35-58ffa0c7dd73,,10,FAULT,0x04C0,I2C_TIMEOUT|SENSOR_RANGE|SELFTEST,0,0,0,0,0,0,0.0,0.0,0.0,5.797,3.016,695.64,361.92,-19.37,-9.68,0.0,0.0,0.0,0.0,0.0,0.0,,0.0,0,0,0,0,0,8.0,0.0,175501.48,95648.37,271149.86,0.0,1.94
2026-06-05T00:53:12.030+00:00,282518,996060cc-1738-4269-9a35-58ffa0c7dd73,,10,FAULT,0x04C0,I2C_TIMEOUT|SENSOR_RANGE|SELFTEST,0,0,0,0,0,0,0.0,0.0,0.0,5.764,3.001,691.68,360.12,-18.15,-9.2,0.0,0.0,0.0,0.0,0.0,0.0,,0.0,0,0,0,0,0,8.0,0.0,175591.4,95695.19,271286.59,0.0,9.38
2026-06-05T00:53:12.160+00:00,282647,996060cc-1738-4269-9a35-58ffa0c7dd73,,10,FAULT,0x04C0,I2C_TIMEOUT|SENSOR_RANGE|SELFTEST,0,0,0,0,0,0,0.0,0.0,0.0,5.825,3.027,699.0,363.24,-17.91,-9.07,0.0,0.0,0.0,0.0,0.0,0.0,,0.0,0,0,0,0,0,8.0,0.0,175681.57,95742.05,271423.62,0.0,1.86
2026-06-05T00:53:12.291+00:00,282776,996060cc-1738-4269-9a35-58ffa0c7dd73,,10,FAULT,0x04C0,I2C_TIMEOUT|SENSOR_RANGE|SELFTEST,0,0,0,0,0,0,0.0,0.0,0.0,5.769,3.005,692.28,360.6,-19.13,-9.56,0.0,0.0,0.0,0.0,0.0,0.0,,0.0,0,0,0,0,0,8.0,0.0,175770.88,95788.56,271559.44,0.0,-9.46
2026-06-05T00:53:12.419+00:00,282905,996060cc-1738-4269-9a35-58ffa0c7dd73,,10,FAULT,0x04C0,I2C_TIMEOUT|SENSOR_RANGE|SELFTEST,0,0,0,0,0,0,0.0,0.0,0.0,5.832,3.04,699.84,364.8,-19.62,-9.68,0.0,0.0,0.0,0.0,0.0,0.0,,0.0,0,0,0,0,0,8.0,0.0,175861.16,95835.62,271696.78,0.0,-3.8
2026-06-05T00:53:12.549+00:00,283035,996060cc-1738-4269-9a35-58ffa0c7dd73,,10,FAULT,0x04C0,I2C_TIMEOUT|SENSOR_RANGE|SELFTEST,0,0,0,0,0,0,0.0,0.0,0.0,5.792,3.02,695.04,362.4,-18.4,-9.44,0.0,0.0,0.0,0.0,0.0,0.0,,0.0,0,0,0,0,0,8.0,0.0,175951.51,95882.74,271834.25,0.0,9.38
2026-06-05T00:53:12.679+00:00,283164,996060cc-1738-4269-9a35-58ffa0c7dd73,,10,FAULT,0x04C0,I2C_TIMEOUT|SENSOR_RANGE|SELFTEST,0,0,0,0,0,0,0.0,0.0,0.0,5.843,3.04,701.16,364.8,-18.15,-9.07,0.0,0.0,0.0,0.0,0.0,0.0,,0.0,0,0,0,0,0,8.0,0.0,176041.96,95929.79,271971.76,0.0,1.94
2026-06-05T00:53:12.808+00:00,283293,996060cc-1738-4269-9a35-58ffa0c7dd73,,10,FAULT,0x04C0,I2C_TIMEOUT|SENSOR_RANGE|SELFTEST,0,0,0,0,0,0,0.0,0.0,0.0,5.826,3.029,699.12,363.48,-18.64,-9.32,0.0,0.0,0.0,0.0,0.0,0.0,,0.0,0,0,0,0,0,8.0,0.0,176132.15,95976.68,272108.83,0.0,-3.8
2026-06-05T00:53:12.938+00:00,283422,996060cc-1738-4269-9a35-58ffa0c7dd73,,10,FAULT,0x04C0,I2C_TIMEOUT|SENSOR_RANGE|SELFTEST,0,0,0,0,0,0,0.0,0.0,0.0,5.859,3.049,703.08,365.88,-19.86,-9.93,0.0,0.0,0.0,0.0,0.0,0.0,,0.0,0,0,0,0,0,8.0,0.0,176222.84,96023.88,272246.73,0.0,-9.46
2026-06-05T00:53:13.066+00:00,283552,996060cc-1738-4269-9a35-58ffa0c7dd73,,10,FAULT,0x04C0,I2C_TIMEOUT|SENSOR_RANGE|SELFTEST,0,0,0,0,0,0,0.0,0.0,0.0,5.861,3.05,703.32,366.0,-19.13,-9.68,0.0,0.0,0.0,0.0,0.0,0.0,,0.0,0,0,0,0,0,8.0,0.0,176314.28,96071.46,272385.74,0.0,5.62
2026-06-05T00:53:13.197+00:00,283681,996060cc-1738-4269-9a35-58ffa0c7dd73,,10,FAULT,0x04C0,I2C_TIMEOUT|SENSOR_RANGE|SELFTEST,0,0,0,0,0,0,0.0,0.0,0.0,5.858,3.048,702.96,365.76,-17.91,-9.2,0.0,0.0,0.0,0.0,0.0,0.0,,0.0,0,0,0,0,0,8.0,0.0,176404.96,96118.64,272523.6,0.0,9.46
2026-06-05T00:53:13.327+00:00,283810,996060cc-1738-4269-9a35-58ffa0c7dd73,,10,FAULT,0x04C0,I2C_TIMEOUT|SENSOR_RANGE|SELFTEST,0,0,0,0,0,0,0.0,0.0,0.0,5.901,3.063,708.12,367.56,-18.4,-9.2,0.0,0.0,0.0,0.0,0.0,0.0,,0.0,0,0,0,0,0,8.0,0.0,176496.31,96166.06,272662.37,0.0,-3.8
2026-06-05T00:53:13.455+00:00,283940,996060cc-1738-4269-9a35-58ffa0c7dd73,,10,FAULT,0x04C0,I2C_TIMEOUT|SENSOR_RANGE|SELFTEST,0,0,0,0,0,0,0.0,0.0,0.0,5.859,3.043,703.08,365.16,-19.37,-9.81,0.0,0.0,0.0,0.0,0.0,0.0,,0.0,0,0,0,0,0,8.0,0.0,176587.71,96213.53,272801.24,0.0,-7.46
2026-06-05T00:53:13.585+00:00,284069,996060cc-1738-4269-9a35-58ffa0c7dd73,,10,FAULT,0x04C0,I2C_TIMEOUT|SENSOR_RANGE|SELFTEST,0,0,0,0,0,0,0.0,0.0,0.0,5.908,3.074,708.96,368.88,-19.62,-9.81,0.0,0.0,0.0,0.0,0.0,0.0,,0.0,0,0,0,0,0,8.0,0.0,176679.16,96261.12,272940.28,0.0,-1.94
2026-06-05T00:53:13.716+00:00,284198,996060cc-1738-4269-9a35-58ffa0c7dd73,,10,FAULT,0x04C0,I2C_TIMEOUT|SENSOR_RANGE|SELFTEST,0,0,0,0,0,0,0.0,0.0,0.0,5.862,3.053,703.44,366.36,-18.4,-9.44,0.0,0.0,0.0,0.0,0.0,0.0,,0.0,0,0,0,0,0,8.0,0.0,176769.91,96308.38,273078.28,0.0,9.46
2026-06-05T00:53:13.844+00:00,284328,996060cc-1738-4269-9a35-58ffa0c7dd73,,10,FAULT,0x04C0,I2C_TIMEOUT|SENSOR_RANGE|SELFTEST,0,0,0,0,0,0,0.0,0.0,0.0,5.929,3.078,711.48,369.36,-17.91,-9.2,0.0,0.0,0.0,0.0,0.0,0.0,,0.0,0,0,0,0,0,8.0,0.0,176862.4,96356.39,273218.79,0.0,3.77
2026-06-05T00:53:13.974+00:00,284457,996060cc-1738-4269-9a35-58ffa0c7dd73,,10,FAULT,0x04C0,I2C_TIMEOUT|SENSOR_RANGE|SELFTEST,0,0,0,0,0,0,0.0,0.0,0.0,5.893,3.058,707.16,366.96,-19.37,-9.56,0.0,0.0,0.0,0.0,0.0,0.0,,0.0,0,0,0,0,0,8.0,0.0,176953.62,96403.73,273357.35,0.0,-11.32
2026-06-05T00:53:14.103+00:00,284587,996060cc-1738-4269-9a35-58ffa0c7dd73,,10,FAULT,0x04C0,I2C_TIMEOUT|SENSOR_RANGE|SELFTEST,0,0,0,0,0,0,0.0,0.0,0.0,5.942,3.091,713.04,370.92,-19.62,-9.93,0.0,0.0,0.0,0.0,0.0,0.0,,0.0,0,0,0,0,0,8.0,0.0,177046.32,96451.95,273498.27,0.0,-1.92
2026-06-05T00:53:14.233+00:00,284716,996060cc-1738-4269-9a35-58ffa0c7dd73,,10,FAULT,0x04C0,I2C_TIMEOUT|SENSOR_RANGE|SELFTEST,0,0,0,0,0,0,0.0,0.0,0.0,5.926,3.08,711.12,369.6,-18.89,-9.56,0.0,0.0,0.0,0.0,0.0,0.0,,0.0,0,0,0,0,0,8.0,0.0,177138.05,96499.63,273637.68,0.0,5.66
2026-06-05T00:53:14.364+00:00,284846,996060cc-1738-4269-9a35-58ffa0c7dd73,,10,FAULT,0x04C0,I2C_TIMEOUT|SENSOR_RANGE|SELFTEST,0,0,0,0,0,0,0.0,0.0,0.0,5.968,3.103,716.16,372.36,-17.91,-9.2,0.0,0.0,0.0,0.0,0.0,0.0,,0.0,0,0,0,0,0,8.0,0.0,177231.15,96548.04,273779.19,0.0,7.54
2026-06-05T00:53:14.491+00:00,284975,996060cc-1738-4269-9a35-58ffa0c7dd73,,10,FAULT,0x04C0,I2C_TIMEOUT|SENSOR_RANGE|SELFTEST,0,0,0,0,0,0,0.0,0.0,0.0,5.982,3.105,717.84,372.6,-18.4,-9.44,0.0,0.0,0.0,0.0,0.0,0.0,,0.0,0,0,0,0,0,8.0,0.0,177323.75,96596.1,273919.86,0.0,-3.8
2026-06-05T00:53:14.622+00:00,285104,996060cc-1738-4269-9a35-58ffa0c7dd73,,10,FAULT,0x04C0,I2C_TIMEOUT|SENSOR_RANGE|SELFTEST,0,0,0,0,0,0,0.0,0.0,0.0,5.969,3.101,716.28,372.12,-19.62,-9.81,0.0,0.0,0.0,0.0,0.0,0.0,,0.0,0,0,0,0,0,8.0,0.0,177416.15,96644.11,274060.26,0.0,-9.46
2026-06-05T00:53:14.752+00:00,285234,996060cc-1738-4269-9a35-58ffa0c7dd73,,10,FAULT,0x04C0,I2C_TIMEOUT|SENSOR_RANGE|SELFTEST,0,0,0,0,0,0,0.0,0.0,0.0,6.012,3.122,721.44,374.64,-19.62,-9.93,0.0,0.0,0.0,0.0,0.0,0.0,,0.0,0,0,0,0,0,8.0,0.0,177509.94,96692.81,274202.75,0.0,0.0
2026-06-05T00:53:14.881+00:00,285363,996060cc-1738-4269-9a35-58ffa0c7dd73,,10,FAULT,0x04C0,I2C_TIMEOUT|SENSOR_RANGE|SELFTEST,0,0,0,0,0,0,0.0,0.0,0.0,5.973,3.099,716.76,371.88,-18.15,-9.32,0.0,0.0,0.0,0.0,0.0,0.0,,0.0,0,0,0,0,0,8.0,0.0,177602.4,96740.78,274343.18,0.0,11.4
2026-06-05T00:53:15.011+00:00,285492,996060cc-1738-4269-9a35-58ffa0c7dd73,,10,FAULT,0x04C0,I2C_TIMEOUT|SENSOR_RANGE|SELFTEST,0,0,0,0,0,0,0.0,0.0,0.0,6.031,3.124,723.72,374.88,-18.15,-9.07,0.0,0.0,0.0,0.0,0.0,0.0,,0.0,0,0,0,0,0,8.0,0.0,177695.76,96789.14,274484.9,0.0,0.0
2026-06-05T00:53:15.141+00:00,285621,996060cc-1738-4269-9a35-58ffa0c7dd73,,10,FAULT,0x04C0,I2C_TIMEOUT|SENSOR_RANGE|SELFTEST,0,0,0,0,0,0,0.0,0.0,0.0,5.96,3.086,715.2,370.32,-19.37,-9.68,0.0,0.0,0.0,0.0,0.0,0.0,,0.0,0,0,0,0,0,8.0,0.0,177788.02,96836.91,274624.94,0.0,-9.46
2026-06-05T00:53:15.270+00:00,285751,996060cc-1738-4269-9a35-58ffa0c7dd73,,10,FAULT,0x04C0,I2C_TIMEOUT|SENSOR_RANGE|SELFTEST,0,0,0,0,0,0,0.0,0.0,0.0,6.027,3.126,723.24,375.12,-19.86,-9.93,0.0,0.0,0.0,0.0,0.0,0.0,,0.0,0,0,0,0,0,8.0,0.0,177882.04,96885.68,274767.72,0.0,-3.77
2026-06-05T00:53:15.400+00:00,285880,996060cc-1738-4269-9a35-58ffa0c7dd73,,10,FAULT,0x04C0,I2C_TIMEOUT|SENSOR_RANGE|SELFTEST,0,0,0,0,0,0,0.0,0.0,0.0,5.967,3.101,716.04,372.12,-18.89,-9.68,0.0,0.0,0.0,0.0,0.0,0.0,,0.0,0,0,0,0,0,8.0,0.0,177974.41,96933.68,274908.1,0.0,7.52
2026-06-05T00:53:15.528+00:00,286009,996060cc-1738-4269-9a35-58ffa0c7dd73,,10,FAULT,0x04C0,I2C_TIMEOUT|SENSOR_RANGE|SELFTEST,0,0,0,0,0,0,0.0,0.0,0.0,6.019,3.118,722.28,374.16,-17.91,-9.2,0.0,0.0,0.0,0.0,0.0,0.0,,0.0,0,0,0,0,0,8.0,0.0,178067.59,96981.95,275049.54,0.0,7.6
2026-06-05T00:53:15.658+00:00,286138,996060cc-1738-4269-9a35-58ffa0c7dd73,,10,FAULT,0x04C0,I2C_TIMEOUT|SENSOR_RANGE|SELFTEST,0,0,0,0,0,0,0.0,0.0,0.0,5.995,3.105,719.4,372.6,-18.89,-9.44,0.0,0.0,0.0,0.0,0.0,0.0,,0.0,0,0,0,0,0,8.0,0.0,178160.39,97030.01,275190.4,0.0,-7.6
2026-06-05T00:53:15.789+00:00,286268,996060cc-1738-4269-9a35-58ffa0c7dd73,,10,FAULT,0x04C0,I2C_TIMEOUT|SENSOR_RANGE|SELFTEST,0,0,0,0,0,0,0.0,0.0,0.0,6.014,3.12,721.68,374.4,-19.86,-9.93,0.0,0.0,0.0,0.0,0.0,0.0,,0.0,0,0,0,0,0,8.0,0.0,178254.21,97078.68,275332.89,0.0,-7.46
2026-06-05T00:53:15.917+00:00,286397,996060cc-1738-4269-9a35-58ffa0c7dd73,,10,FAULT,0x04C0,I2C_TIMEOUT|SENSOR_RANGE|SELFTEST,0,0,0,0,0,0,0.0,0.0,0.0,6.025,3.128,723.0,375.36,-19.62,-9.81,0.0,0.0,0.0,0.0,0.0,0.0,,0.0,0,0,0,0,0,8.0,0.0,178347.48,97127.11,275474.58,0.0,1.86
2026-06-05T00:53:16.047+00:00,286526,996060cc-1738-4269-9a35-58ffa0c7dd73,,10,FAULT,0x04C0,I2C_TIMEOUT|SENSOR_RANGE|SELFTEST,0,0,0,0,0,0,0.0,0.0,0.0,6.014,3.115,721.68,373.8,-18.15,-9.32,0.0,0.0,0.0,0.0,0.0,0.0,,0.0,0,0,0,0,0,8.0,0.0,178440.57,97175.33,275615.9,0.0,11.4
2026-06-05T00:53:16.178+00:00,286656,996060cc-1738-4269-9a35-58ffa0c7dd73,,10,FAULT,0x04C0,I2C_TIMEOUT|SENSOR_RANGE|SELFTEST,0,0,0,0,0,0,0.0,0.0,0.0,6.062,3.131,727.44,375.72,-18.4,-9.2,0.0,0.0,0.0,0.0,0.0,0.0,,0.0,0,0,0,0,0,8.0,0.0,178535.14,97224.17,275759.31,0.0,-1.92
2026-06-05T00:53:16.306+00:00,286785,996060cc-1738-4269-9a35-58ffa0c7dd73,,10,FAULT,0x04C0,I2C_TIMEOUT|SENSOR_RANGE|SELFTEST,0,0,0,0,0,0,0.0,0.0,0.0,6.013,3.117,721.56,374.04,-19.86,-9.81,0.0,0.0,0.0,0.0,0.0,0.0,,0.0,0,0,0,0,0,8.0,0.0,178628.22,97272.42,275900.64,0.0,-11.32
2026-06-05T00:53:16.436+00:00,286914,996060cc-1738-4269-9a35-58ffa0c7dd73,,10,FAULT,0x04C0,I2C_TIMEOUT|SENSOR_RANGE|SELFTEST,0,0,0,0,0,0,0.0,0.0,0.0,6.075,3.156,729.0,378.72,-19.86,-9.93,0.0,0.0,0.0,0.0,0.0,0.0,,0.0,0,0,0,0,0,8.0,0.0,178722.26,97321.28,276043.54,0.0,0.0
2026-06-05T00:53:16.566+00:00,287043,996060cc-1738-4269-9a35-58ffa0c7dd73,,10,FAULT,0x04C0,I2C_TIMEOUT|SENSOR_RANGE|SELFTEST,0,0,0,0,0,0,0.0,0.0,0.0,6.006,3.12,720.72,374.4,-18.89,-9.44,0.0,0.0,0.0,0.0,0.0,0.0,,0.0,0,0,0,0,0,8.0,0.0,178815.24,97369.57,276184.81,0.0,7.52
2026-06-05T00:53:16.696+00:00,287173,996060cc-1738-4269-9a35-58ffa0c7dd73,,10,FAULT,0x04C0,I2C_TIMEOUT|SENSOR_RANGE|SELFTEST,0,0,0,0,0,0,0.0,0.0,0.0,6.058,3.131,726.96,375.72,-18.15,-9.2,0.0,0.0,0.0,0.0,0.0,0.0,,0.0,0,0,0,0,0,8.0,0.0,178909.74,97418.42,276328.16,0.0,5.69
2026-06-05T00:53:16.825+00:00,287302,996060cc-1738-4269-9a35-58ffa0c7dd73,,10,FAULT,0x04C0,I2C_TIMEOUT|SENSOR_RANGE|SELFTEST,0,0,0,0,0,0,0.0,0.0,0.0,6.008,3.11,720.96,373.2,-18.89,-9.44,0.0,0.0,0.0,0.0,0.0,0.0,,0.0,0,0,0,0,0,8.0,0.0,179002.74,97466.56,276469.3,0.0,-5.74
2026-06-05T00:53:16.953+00:00,287431,996060cc-1738-4269-9a35-58ffa0c7dd73,,10,FAULT,0x04C0,I2C_TIMEOUT|SENSOR_RANGE|SELFTEST,0,0,0,0,0,0,0.0,0.0,0.0,6.035,3.13,724.2,375.6,-19.37,-9.81,0.0,0.0,0.0,0.0,0.0,0.0,,0.0,0,0,0,0,0,8.0,0.0,179096.17,97515.01,276611.18,0.0,-3.72
2026-06-05T00:53:17.084+00:00,287561,996060cc-1738-4269-9a35-58ffa0c7dd73,,10,FAULT,0x04C0,I2C_TIMEOUT|SENSOR_RANGE|SELFTEST,0,0,0,0,0,0,0.0,0.0,0.0,6.016,3.12,721.92,374.4,-18.89,-9.68,0.0,0.0,0.0,0.0,0.0,0.0,,0.0,0,0,0,0,0,8.0,0.0,179190.02,97563.68,276753.7,0.0,3.69
2026-06-05T00:53:17.214+00:00,287690,996060cc-1738-4269-9a35-58ffa0c7dd73,,10,FAULT,0x04C0,I2C_TIMEOUT|SENSOR_RANGE|SELFTEST,0,0,0,0,0,0,0.0,0.0,0.0,6.012,3.114,721.44,373.68,-18.15,-9.2,0.0,0.0,0.0,0.0,0.0,0.0,,0.0,0,0,0,0,0,8.0,0.0,179283.08,97611.89,276894.97,0.0,5.74
2026-06-05T00:53:17.342+00:00,287819,996060cc-1738-4269-9a35-58ffa0c7dd73,,10,FAULT,0x04C0,I2C_TIMEOUT|SENSOR_RANGE|SELFTEST,0,0,0,0,0,0,0.0,0.0,0.0,6.023,3.115,722.76,373.8,-18.4,-9.2,0.0,0.0,0.0,0.0,0.0,0.0,,0.0,0,0,0,0,0,8.0,0.0,179376.32,97660.11,277036.43,0.0,-1.94
2026-06-05T00:53:17.472+00:00,287948,996060cc-1738-4269-9a35-58ffa0c7dd73,,10,FAULT,0x04C0,I2C_TIMEOUT|SENSOR_RANGE|SELFTEST,0,0,0,0,0,0,0.0,0.0,0.0,5.987,3.104,718.44,372.48,-19.62,-9.81,0.0,0.0,0.0,0.0,0.0,0.0,,0.0,0,0,0,0,0,8.0,0.0,179469.0,97708.16,277177.16,0.0,-9.46
2026-06-05T00:53:17.603+00:00,288078,996060cc-1738-4269-9a35-58ffa0c7dd73,,10,FAULT,0x04C0,I2C_TIMEOUT|SENSOR_RANGE|SELFTEST,0,0,0,0,0,0,0.0,0.0,0.0,6.025,3.123,723.0,374.76,-19.37,-9.81,0.0,0.0,0.0,0.0,0.0,0.0,,0.0,0,0,0,0,0,8.0,0.0,179562.99,97756.88,277319.86,0.0,1.92
2026-06-05T00:53:17.731+00:00,288207,996060cc-1738-4269-9a35-58ffa0c7dd73,,10,FAULT,0x04C0,I2C_TIMEOUT|SENSOR_RANGE|SELFTEST,0,0,0,0,0,0,0.0,0.0,0.0,5.985,3.108,718.2,372.96,-18.15,-9.32,0.0,0.0,0.0,0.0,0.0,0.0,,0.0,0,0,0,0,0,8.0,0.0,179655.63,97804.99,277460.62,0.0,9.46
2026-06-05T00:53:17.861+00:00,288336,996060cc-1738-4269-9a35-58ffa0c7dd73,,10,FAULT,0x04C0,I2C_TIMEOUT|SENSOR_RANGE|SELFTEST,0,0,0,0,0,0,0.0,0.0,0.0,6.048,3.138,725.76,376.56,-17.91,-9.2,0.0,0.0,0.0,0.0,0.0,0.0,,0.0,0,0,0,0,0,8.0,0.0,179749.26,97853.57,277602.82,0.0,1.86
2026-06-05T00:53:17.992+00:00,288466,996060cc-1738-4269-9a35-58ffa0c7dd73,,10,FAULT,0x04C0,I2C_TIMEOUT|SENSOR_RANGE|SELFTEST,0,0,0,0,0,0,0.0,0.0,0.0,5.99,3.103,718.8,372.36,-19.37,-9.56,0.0,0.0,0.0,0.0,0.0,0.0,,0.0,0,0,0,0,0,8.0,0.0,179842.7,97901.97,277744.67,0.0,-11.23
2026-06-05T00:53:18.120+00:00,288595,996060cc-1738-4269-9a35-58ffa0c7dd73,,10,FAULT,0x04C0,I2C_TIMEOUT|SENSOR_RANGE|SELFTEST,0,0,0,0,0,0,0.0,0.0,0.0,6.041,3.132,724.92,375.84,-19.62,-9.81,0.0,0.0,0.0,0.0,0.0,0.0,,0.0,0,0,0,0,0,8.0,0.0,179936.22,97950.46,277886.67,0.0,-1.94
2026-06-05T00:53:18.250+00:00,288724,996060cc-1738-4269-9a35-58ffa0c7dd73,,10,FAULT,0x04C0,I2C_TIMEOUT|SENSOR_RANGE|SELFTEST,0,0,0,0,0,0,0.0,0.0,0.0,5.999,3.114,719.88,373.68,-18.89,-9.56,0.0,0.0,0.0,0.0,0.0,0.0,,0.0,0,0,0,0,0,8.0,0.0,180029.08,97998.66,278027.74,0.0,5.66
2026-06-05T00:53:18.378+00:00,288854,996060cc-1738-4269-9a35-58ffa0c7dd73,,10,FAULT,0x04C0,I2C_TIMEOUT|SENSOR_RANGE|SELFTEST,0,0,0,0,0,0,0.0,0.0,0.0,6.037,3.129,724.44,375.48,-17.91,-9.07,0.0,0.0,0.0,0.0,0.0,0.0,,0.0,0,0,0,0,0,8.0,0.0,180123.26,98047.47,278170.73,0.0,7.54
2026-06-05T00:53:18.509+00:00,288984,996060cc-1738-4269-9a35-58ffa0c7dd73,,10,FAULT,0x04C0,I2C_TIMEOUT|SENSOR_RANGE|SELFTEST,0,0,0,0,0,0,0.0,0.0,0.0,6.016,3.115,721.92,373.8,-18.64,-9.32,0.0,0.0,0.0,0.0,0.0,0.0,,0.0,0,0,0,0,0,8.0,0.0,180217.11,98096.07,278313.17,0.0,-5.62
2026-06-05T00:53:18.639+00:00,289113,996060cc-1738-4269-9a35-58ffa0c7dd73,,10,FAULT,0x04C0,I2C_TIMEOUT|SENSOR_RANGE|SELFTEST,0,0,0,0,0,0,0.0,0.0,0.0,6.016,3.122,721.92,374.64,-19.62,-9.68,0.0,0.0,0.0,0.0,0.0,0.0,,0.0,0,0,0,0,0,8.0,0.0,180310.23,98144.4,278454.63,0.0,-7.6
2026-06-05T00:53:18.768+00:00,289242,996060cc-1738-4269-9a35-58ffa0c7dd73,,10,FAULT,0x04C0,I2C_TIMEOUT|SENSOR_RANGE|SELFTEST,0,0,0,0,0,0,0.0,0.0,0.0,6.024,3.126,722.88,375.12,-19.37,-9.81,0.0,0.0,0.0,0.0,0.0,0.0,,0.0,0,0,0,0,0,8.0,0.0,180403.49,98192.79,278596.27,0.0,1.94
2026-06-05T00:53:18.898+00:00,289372,996060cc-1738-4269-9a35-58ffa0c7dd73,,10,FAULT,0x04C0,I2C_TIMEOUT|SENSOR_RANGE|SELFTEST,0,0,0,0,0,0,0.0,0.0,0.0,5.987,3.106,718.44,372.72,-17.91,-9.07,0.0,0.0,0.0,0.0,0.0,0.0,,0.0,0,0,0,0,0,8.0,0.0,180496.88,98241.24,278738.12,0.0,11.23
2026-06-05T00:53:19.028+00:00,289501,996060cc-1738-4269-9a35-58ffa0c7dd73,,10,FAULT,0x04C0,I2C_TIMEOUT|SENSOR_RANGE|SELFTEST,0,0,0,0,0,0,0.0,0.0,0.0,6.025,3.116,723.0,373.92,-18.15,-9.2,0.0,0.0,0.0,0.0,0.0,0.0,,0.0,0,0,0,0,0,8.0,0.0,180590.15,98289.48,278879.63,0.0,-1.86
2026-06-05T00:53:19.156+00:00,289630,996060cc-1738-4269-9a35-58ffa0c7dd73,,10,FAULT,0x04C0,I2C_TIMEOUT|SENSOR_RANGE|SELFTEST,0,0,0,0,0,0,0.0,0.0,0.0,5.948,3.081,713.76,369.72,-19.62,-9.68,0.0,0.0,0.0,0.0,0.0,0.0,,0.0,0,0,0,0,0,8.0,0.0,180682.23,98337.17,279019.39,0.0,-11.4
2026-06-05T00:53:19.287+00:00,289759,996060cc-1738-4269-9a35-58ffa0c7dd73,,10,FAULT,0x04C0,I2C_TIMEOUT|SENSOR_RANGE|SELFTEST,0,0,0,0,0,0,0.0,0.0,0.0,6.0,3.111,720.0,373.32,-19.86,-9.81,0.0,0.0,0.0,0.0,0.0,0.0,,0.0,0,0,0,0,0,8.0,0.0,180775.11,98385.33,279160.43,0.0,-1.86
2026-06-05T00:53:19.415+00:00,289889,996060cc-1738-4269-9a35-58ffa0c7dd73,,10,FAULT,0x04C0,I2C_TIMEOUT|SENSOR_RANGE|SELFTEST,0,0,0,0,0,0,0.0,0.0,0.0,5.914,3.072,709.68,368.64,-18.64,-9.44,0.0,0.0,0.0,0.0,0.0,0.0,,0.0,0,0,0,0,0,8.0,0.0,180867.36,98433.25,279300.61,0.0,9.38
2026-06-05T00:53:19.545+00:00,290018,996060cc-1738-4269-9a35-58ffa0c7dd73,,10,FAULT,0x04C0,I2C_TIMEOUT|SENSOR_RANGE|SELFTEST,0,0,0,0,0,0,0.0,0.0,0.0,5.944,3.076,713.28,369.12,-17.91,-8.95,0.0,0.0,0.0,0.0,0.0,0.0,,0.0,0,0,0,0,0,8.0,0.0,180959.38,98480.87,279440.24,0.0,5.66
2026-06-05T00:53:19.676+00:00,290147,996060cc-1738-4269-9a35-58ffa0c7dd73,,10,FAULT,0x04C0,I2C_TIMEOUT|SENSOR_RANGE|SELFTEST,0,0,0,0,0,0,0.0,0.0,0.0,5.897,3.052,707.64,366.24,-18.89,-9.44,0.0,0.0,0.0,0.0,0.0,0.0,,0.0,0,0,0,0,0,8.0,0.0,181050.66,98528.11,279578.77,0.0,-7.6
2026-06-05T00:53:19.804+00:00,290277,996060cc-1738-4269-9a35-58ffa0c7dd73,,10,FAULT,0x04C0,I2C_TIMEOUT|SENSOR_RANGE|SELFTEST,0,0,0,0,0,0,0.0,0.0,0.0,5.916,3.061,709.92,367.32,-19.86,-9.81,0.0,0.0,0.0,0.0,0.0,0.0,,0.0,0,0,0,0,0,8.0,0.0,181142.95,98575.86,279718.82,0.0,-7.46
2026-06-05T00:53:19.934+00:00,290406,996060cc-1738-4269-9a35-58ffa0c7dd73,,10,FAULT,0x04C0,I2C_TIMEOUT|SENSOR_RANGE|SELFTEST,0,0,0,0,0,0,0.0,0.0,0.0,5.894,3.05,707.28,366.0,-19.13,-9.68,0.0,0.0,0.0,0.0,0.0,0.0,,0.0,0,0,0,0,0,8.0,0.0,181234.19,98623.08,279857.27,0.0,5.66
2026-06-05T00:53:20.064+00:00,290535,996060cc-1738-4269-9a35-58ffa0c7dd73,,10,FAULT,0x04C0,I2C_TIMEOUT|SENSOR_RANGE|SELFTEST,0,0,0,0,0,0,0.0,0.0,0.0,5.868,3.032,704.16,363.84,-18.15,-8.95,0.0,0.0,0.0,0.0,0.0,0.0,,0.0,0,0,0,0,0,8.0,0.0,181325.03,98670.01,279995.04,0.0,7.6
2026-06-05T00:53:20.193+00:00,290664,996060cc-1738-4269-9a35-58ffa0c7dd73,,10,FAULT,0x04C0,I2C_TIMEOUT|SENSOR_RANGE|SELFTEST,0,0,0,0,0,0,0.0,0.0,0.0,5.875,3.031,705.0,363.72,-18.4,-9.2,0.0,0.0,0.0,0.0,0.0,0.0,,0.0,0,0,0,0,0,8.0,0.0,181415.97,98716.93,280132.91,0.0,-1.94
2026-06-05T00:53:20.323+00:00,290794,996060cc-1738-4269-9a35-58ffa0c7dd73,,10,FAULT,0x04C0,I2C_TIMEOUT|SENSOR_RANGE|SELFTEST,0,0,0,0,0,0,0.0,0.0,0.0,5.816,3.013,697.92,361.56,-19.37,-9.68,0.0,0.0,0.0,0.0,0.0,0.0,,0.0,0,0,0,0,0,8.0,0.0,181506.7,98763.94,280270.64,0.0,-7.46
2026-06-05T00:53:20.453+00:00,290923,996060cc-1738-4269-9a35-58ffa0c7dd73,,10,FAULT,0x04C0,I2C_TIMEOUT|SENSOR_RANGE|SELFTEST,0,0,0,0,0,0,0.0,0.0,0.0,5.865,3.041,703.8,364.92,-19.37,-9.81,0.0,0.0,0.0,0.0,0.0,0.0,,0.0,0,0,0,0,0,8.0,0.0,181597.49,98811.01,280408.5,0.0,0.0
2026-06-05T00:53:20.582+00:00,291052,996060cc-1738-4269-9a35-58ffa0c7dd73,,10,FAULT,0x04C0,I2C_TIMEOUT|SENSOR_RANGE|SELFTEST,0,0,0,0,0,0,0.0,0.0,0.0,5.781,2.997,693.72,359.64,-18.15,-9.32,0.0,0.0,0.0,0.0,0.0,0.0,,0.0,0,0,0,0,0,8.0,0.0,181686.98,98857.4,280544.39,0.0,9.46
2026-06-05T00:53:20.712+00:00,291182,996060cc-1738-4269-9a35-58ffa0c7dd73,,10,FAULT,0x04C0,I2C_TIMEOUT|SENSOR_RANGE|SELFTEST,0,0,0,0,0,0,0.0,0.0,0.0,5.829,3.003,699.48,360.36,-17.66,-8.95,0.0,0.0,0.0,0.0,0.0,0.0,,0.0,0,0,0,0,0,8.0,0.0,181777.91,98904.25,280682.17,0.0,3.77
2026-06-05T00:53:20.840+00:00,291311,996060cc-1738-4269-9a35-58ffa0c7dd73,,10,FAULT,0x04C0,I2C_TIMEOUT|SENSOR_RANGE|SELFTEST,0,0,0,0,0,0,0.0,0.0,0.0,5.766,2.973,691.92,356.76,-19.13,-9.44,0.0,0.0,0.0,0.0,0.0,0.0,,0.0,0,0,0,0,0,8.0,0.0,181867.17,98950.27,280817.45,0.0,-11.4
2026-06-05T00:53:20.970+00:00,291440,996060cc-1738-4269-9a35-58ffa0c7dd73,,10,FAULT,0x04C0,I2C_TIMEOUT|SENSOR_RANGE|SELFTEST,0,0,0,0,0,0,0.0,0.0,0.0,5.824,3.016,698.88,361.92,-19.62,-9.81,0.0,0.0,0.0,0.0,0.0,0.0,,0.0,0,0,0,0,0,8.0,0.0,181957.33,98996.96,280954.29,0.0,-3.8
2026-06-05T00:53:21.101+00:00,291569,996060cc-1738-4269-9a35-58ffa0c7dd73,,10,FAULT,0x04C0,I2C_TIMEOUT|SENSOR_RANGE|SELFTEST,0,0,0,0,0,0,0.0,0.0,0.0,5.791,3.001,694.92,360.12,-18.64,-9.44,0.0,0.0,0.0,0.0,0.0,0.0,,0.0,0,0,0,0,0,8.0,0.0,182046.97,99043.42,281090.39,0.0,7.6
2026-06-05T00:53:21.229+00:00,291699,996060cc-1738-4269-9a35-58ffa0c7dd73,,10,FAULT,0x04C0,I2C_TIMEOUT|SENSOR_RANGE|SELFTEST,0,0,0,0,0,0,0.0,0.0,0.0,5.814,3.007,697.68,360.84,-17.91,-9.07,0.0,0.0,0.0,0.0,0.0,0.0,,0.0,0,0,0,0,0,8.0,0.0,182137.67,99090.33,281228.0,0.0,5.62
2026-06-05T00:53:21.359+00:00,291828,996060cc-1738-4269-9a35-58ffa0c7dd73,,10,FAULT,0x04C0,I2C_TIMEOUT|SENSOR_RANGE|SELFTEST,0,0,0,0,0,0,0.0,0.0,0.0,5.799,2.991,695.88,358.92,-18.89,-9.2,0.0,0.0,0.0,0.0,0.0,0.0,,0.0,0,0,0,0,0,8.0,0.0,182227.44,99136.63,281364.07,0.0,-7.6
2026-06-05T00:53:21.490+00:00,291957,996060cc-1738-4269-9a35-58ffa0c7dd73,,10,FAULT,0x04C0,I2C_TIMEOUT|SENSOR_RANGE|SELFTEST,0,0,0,0,0,0,0.0,0.0,0.0,5.79,3.0,694.8,360.0,-19.62,-9.68,0.0,0.0,0.0,0.0,0.0,0.0,,0.0,0,0,0,0,0,8.0,0.0,182317.07,99183.07,281500.14,0.0,-5.66
2026-06-05T00:53:21.618+00:00,292087,996060cc-1738-4269-9a35-58ffa0c7dd73,,10,FAULT,0x04C0,I2C_TIMEOUT|SENSOR_RANGE|SELFTEST,0,0,0,0,0,0,0.0,0.0,0.0,5.821,3.014,698.52,361.68,-19.37,-9.68,0.0,0.0,0.0,0.0,0.0,0.0,,0.0,0,0,0,0,0,8.0,0.0,182407.88,99230.08,281637.96,0.0,1.92
2026-06-05T00:53:21.748+00:00,292216,996060cc-1738-4269-9a35-58ffa0c7dd73,,10,FAULT,0x04C0,I2C_TIMEOUT|SENSOR_RANGE|SELFTEST,0,0,0,0,0,0,0.0,0.0,0.0,5.795,3.001,695.4,360.12,-18.15,-9.2,0.0,0.0,0.0,0.0,0.0,0.0,,0.0,0,0,0,0,0,8.0,0.0,182497.58,99276.54,281774.12,0.0,9.46
2026-06-05T00:53:21.879+00:00,292345,996060cc-1738-4269-9a35-58ffa0c7dd73,,10,FAULT,0x04C0,I2C_TIMEOUT|SENSOR_RANGE|SELFTEST,0,0,0,0,0,0,0.0,0.0,0.0,5.85,3.017,702.0,362.04,-18.15,-9.2,0.0,0.0,0.0,0.0,0.0,0.0,,0.0,0,0,0,0,0,8.0,0.0,182588.14,99323.24,281911.38,0.0,0.0
2026-06-05T00:53:22.007+00:00,292474,996060cc-1738-4269-9a35-58ffa0c7dd73,,10,FAULT,0x04C0,I2C_TIMEOUT|SENSOR_RANGE|SELFTEST,0,0,0,0,0,0,0.0,0.0,0.0,5.783,2.985,693.96,358.2,-19.13,-9.56,0.0,0.0,0.0,0.0,0.0,0.0,,0.0,0,0,0,0,0,8.0,0.0,182677.66,99369.45,282047.11,0.0,-7.6
2026-06-05T00:53:22.137+00:00,292604,996060cc-1738-4269-9a35-58ffa0c7dd73,,10,FAULT,0x04C0,I2C_TIMEOUT|SENSOR_RANGE|SELFTEST,0,0,0,0,0,0,0.0,0.0,0.0,5.827,3.009,699.24,361.08,-19.62,-9.68,0.0,0.0,0.0,0.0,0.0,0.0,,0.0,0,0,0,0,0,8.0,0.0,182768.56,99416.39,282184.95,0.0,-3.77
2026-06-05T00:53:22.265+00:00,292733,996060cc-1738-4269-9a35-58ffa0c7dd73,,10,FAULT,0x04C0,I2C_TIMEOUT|SENSOR_RANGE|SELFTEST,0,0,0,0,0,0,0.0,0.0,0.0,5.772,2.996,692.64,359.52,-18.4,-9.32,0.0,0.0,0.0,0.0,0.0,0.0,,0.0,0,0,0,0,0,8.0,0.0,182857.91,99462.77,282320.68,0.0,9.46
2026-06-05T00:53:22.396+00:00,292862,996060cc-1738-4269-9a35-58ffa0c7dd73,,10,FAULT,0x04C0,I2C_TIMEOUT|SENSOR_RANGE|SELFTEST,0,0,0,0,0,0,0.0,0.0,0.0,5.818,3.011,698.16,361.32,-17.17,-9.2,0.0,0.0,0.0,0.0,0.0,0.0,,0.0,0,0,0,0,0,8.0,0.0,182947.98,99509.38,282457.36,0.0,9.53
2026-06-05T00:53:22.526+00:00,292993,996060cc-1738-4269-9a35-58ffa0c7dd73,,10,FAULT,0x04C0,I2C_TIMEOUT|SENSOR_RANGE|SELFTEST,0,0,0,0,0,0,0.0,0.0,0.0,5.786,3.002,694.32,360.24,-18.15,-9.44,0.0,0.0,0.0,0.0,0.0,0.0,,0.0,0,0,0,0,0,8.0,0.0,183038.93,99556.57,282595.5,0.0,-7.48
2026-06-05T00:53:22.655+00:00,293122,996060cc-1738-4269-9a35-58ffa0c7dd73,,10,FAULT,0x04C0,I2C_TIMEOUT|SENSOR_RANGE|SELFTEST,0,0,0,0,0,0,0.0,0.0,0.0,5.751,2.997,690.12,359.64,-19.62,-9.81,0.0,0.0,0.0,0.0,0.0,0.0,,0.0,0,0,0,0,0,8.0,0.0,183127.96,99602.97,282730.92,0.0,-11.4
2026-06-05T00:53:22.785+00:00,293251,996060cc-1738-4269-9a35-58ffa0c7dd73,,10,FAULT,0x04C0,I2C_TIMEOUT|SENSOR_RANGE|SELFTEST,0,0,0,0,0,0,0.0,0.0,0.0,5.718,2.984,686.16,358.08,-19.13,-9.68,0.0,0.0,0.0,0.0,0.0,0.0,,0.0,0,0,0,0,0,8.0,0.0,183216.47,99649.16,282865.63,0.0,3.8
2026-06-05T00:53:22.915+00:00,293380,996060cc-1738-4269-9a35-58ffa0c7dd73,,10,FAULT,0x04C0,I2C_TIMEOUT|SENSOR_RANGE|SELFTEST,0,0,0,0,0,0,0.0,0.0,0.0,5.677,2.959,681.24,355.08,-17.91,-9.2,0.0,0.0,0.0,0.0,0.0,0.0,,0.0,0,0,0,0,0,8.0,0.0,183304.35,99694.96,282999.31,0.0,9.46
2026-06-05T00:53:23.044+00:00,293510,996060cc-1738-4269-9a35-58ffa0c7dd73,,10,FAULT,0x04C0,I2C_TIMEOUT|SENSOR_RANGE|SELFTEST,0,0,0,0,0,0,0.0,0.0,0.0,5.696,2.964,683.52,355.68,-18.4,-9.2,0.0,0.0,0.0,0.0,0.0,0.0,,0.0,0,0,0,0,0,8.0,0.0,183393.21,99741.2,283134.41,0.0,-3.77
2026-06-05T00:53:23.174+00:00,293639,996060cc-1738-4269-9a35-58ffa0c7dd73,,10,FAULT,0x04C0,I2C_TIMEOUT|SENSOR_RANGE|SELFTEST,0,0,0,0,0,0,0.0,0.0,0.0,5.632,2.94,675.84,352.8,-19.62,-9.93,0.0,0.0,0.0,0.0,0.0,0.0,,0.0,0,0,0,0,0,8.0,0.0,183480.39,99786.71,283267.11,0.0,-9.46
2026-06-05T00:53:23.302+00:00,293768,996060cc-1738-4269-9a35-58ffa0c7dd73,,10,FAULT,0x04C0,I2C_TIMEOUT|SENSOR_RANGE|SELFTEST,0,0,0,0,0,0,0.0,0.0,0.0,5.671,2.959,680.52,355.08,-19.62,-9.81,0.0,0.0,0.0,0.0,0.0,0.0,,0.0,0,0,0,0,0,8.0,0.0,183568.18,99832.52,283400.7,0.0,0.0
2026-06-05T00:53:23.432+00:00,293898,996060cc-1738-4269-9a35-58ffa0c7dd73,,10,FAULT,0x04C0,I2C_TIMEOUT|SENSOR_RANGE|SELFTEST,0,0,0,0,0,0,0.0,0.0,0.0,5.585,2.925,670.2,351.0,-18.4,-9.44,0.0,0.0,0.0,0.0,0.0,0.0,,0.0,0,0,0,0,0,8.0,0.0,183655.31,99878.15,283533.45,0.0,9.38
2026-06-05T00:53:23.563+00:00,294027,996060cc-1738-4269-9a35-58ffa0c7dd73,,10,FAULT,0x04C0,I2C_TIMEOUT|SENSOR_RANGE|SELFTEST,0,0,0,0,0,0,0.0,0.0,0.0,5.627,2.937,675.24,352.44,-17.66,-9.07,0.0,0.0,0.0,0.0,0.0,0.0,,0.0,0,0,0,0,0,8.0,0.0,183742.41,99923.61,283666.02,0.0,5.74
2026-06-05T00:53:23.691+00:00,294156,996060cc-1738-4269-9a35-58ffa0c7dd73,,10,FAULT,0x04C0,I2C_TIMEOUT|SENSOR_RANGE|SELFTEST,0,0,0,0,0,0,0.0,0.0,0.0,5.569,2.906,668.28,348.72,-19.13,-9.68,0.0,0.0,0.0,0.0,0.0,0.0,,0.0,0,0,0,0,0,8.0,0.0,183828.62,99968.6,283797.22,0.0,-11.4
2026-06-05T00:53:23.821+00:00,294285,996060cc-1738-4269-9a35-58ffa0c7dd73,,10,FAULT,0x04C0,I2C_TIMEOUT|SENSOR_RANGE|SELFTEST,0,0,0,0,0,0,0.0,0.0,0.0,5.601,2.923,672.12,350.76,-19.62,-9.93,0.0,0.0,0.0,0.0,0.0,0.0,,0.0,0,0,0,0,0,8.0,0.0,183915.32,100013.85,283929.17,0.0,-3.8
2026-06-05T00:53:23.951+00:00,294415,996060cc-1738-4269-9a35-58ffa0c7dd73,,10,FAULT,0x04C0,I2C_TIMEOUT|SENSOR_RANGE|SELFTEST,0,0,0,0,0,0,0.0,0.0,0.0,5.56,2.908,667.2,348.96,-18.89,-9.68,0.0,0.0,0.0,0.0,0.0,0.0,,0.0,0,0,0,0,0,8.0,0.0,184002.06,100059.21,284061.27,0.0,5.62
2026-06-05T00:53:24.080+00:00,294544,996060cc-1738-4269-9a35-58ffa0c7dd73,,10,FAULT,0x04C0,I2C_TIMEOUT|SENSOR_RANGE|SELFTEST,0,0,0,0,0,0,0.0,0.0,0.0,5.549,2.898,665.88,347.76,-17.91,-9.07,0.0,0.0,0.0,0.0,0.0,0.0,,0.0,0,0,0,0,0,8.0,0.0,184087.96,100104.07,284192.03,0.0,7.6
2026-06-05T00:53:24.210+00:00,294673,996060cc-1738-4269-9a35-58ffa0c7dd73,,10,FAULT,0x04C0,I2C_TIMEOUT|SENSOR_RANGE|SELFTEST,0,0,0,0,0,0,0.0,0.0,0.0,5.54,2.893,664.8,347.16,-18.4,-9.32,0.0,0.0,0.0,0.0,0.0,0.0,,0.0,0,0,0,0,0,8.0,0.0,184173.72,100148.85,284322.57,0.0,-3.8
2026-06-05T00:53:24.340+00:00,294803,996060cc-1738-4269-9a35-58ffa0c7dd73,,10,FAULT,0x04C0,I2C_TIMEOUT|SENSOR_RANGE|SELFTEST,0,0,0,0,0,0,0.0,0.0,0.0,5.492,2.876,659.04,345.12,-19.86,-9.81,0.0,0.0,0.0,0.0,0.0,0.0,,0.0,0,0,0,0,0,8.0,0.0,184259.39,100193.72,284453.11,0.0,-11.23
2026-06-05T00:53:24.469+00:00,294932,996060cc-1738-4269-9a35-58ffa0c7dd73,,10,FAULT,0x04C0,I2C_TIMEOUT|SENSOR_RANGE|SELFTEST,0,0,0,0,0,0,0.0,0.0,0.0,5.511,2.886,661.32,346.32,-19.37,-9.81,0.0,0.0,0.0,0.0,0.0,0.0,,0.0,0,0,0,0,0,8.0,0.0,184344.7,100238.4,284583.1,0.0,3.8
2026-06-05T00:53:24.599+00:00,295061,996060cc-1738-4269-9a35-58ffa0c7dd73,,10,FAULT,0x04C0,I2C_TIMEOUT|SENSOR_RANGE|SELFTEST,0,0,0,0,0,0,0.0,0.0,0.0,5.439,2.85,652.68,342.0,-18.15,-9.32,0.0,0.0,0.0,0.0,0.0,0.0,,0.0,0,0,0,0,0,8.0,0.0,184428.9,100282.51,284711.41,0.0,9.46
2026-06-05T00:53:24.727+00:00,295191,996060cc-1738-4269-9a35-58ffa0c7dd73,,10,FAULT,0x04C0,I2C_TIMEOUT|SENSOR_RANGE|SELFTEST,0,0,0,0,0,0,0.0,0.0,0.0,5.474,2.857,656.88,342.84,-17.91,-9.07,0.0,0.0,0.0,0.0,0.0,0.0,,0.0,0,0,0,0,0,8.0,0.0,184514.29,100327.08,284841.38,0.0,1.85
2026-06-05T00:53:24.857+00:00,295320,996060cc-1738-4269-9a35-58ffa0c7dd73,,10,FAULT,0x04C0,I2C_TIMEOUT|SENSOR_RANGE|SELFTEST,0,0,0,0,0,0,0.0,0.0,0.0,5.378,2.811,645.36,337.32,-19.37,-9.68,0.0,0.0,0.0,0.0,0.0,0.0,,0.0,0,0,0,0,0,8.0,0.0,184597.54,100370.6,284968.14,0.0,-11.32
2026-06-05T00:53:24.988+00:00,295449,996060cc-1738-4269-9a35-58ffa0c7dd73,,10,FAULT,0x04C0,I2C_TIMEOUT|SENSOR_RANGE|SELFTEST,0,0,0,0,0,0,0.0,0.0,0.0,5.423,2.837,650.76,340.44,-19.86,-9.81,0.0,0.0,0.0,0.0,0.0,0.0,,0.0,0,0,0,0,0,8.0,0.0,184681.49,100414.51,285096.01,0.0,-3.8
2026-06-05T00:53:25.116+00:00,295578,996060cc-1738-4269-9a35-58ffa0c7dd73,,10,FAULT,0x04C0,I2C_TIMEOUT|SENSOR_RANGE|SELFTEST,0,0,0,0,0,0,0.0,0.0,0.0,5.346,2.799,641.52,335.88,-18.64,-9.56,0.0,0.0,0.0,0.0,0.0,0.0,,0.0,0,0,0,0,0,8.0,0.0,184764.25,100457.84,285222.09,0.0,9.46
2026-06-05T00:53:25.246+00:00,295708,996060cc-1738-4269-9a35-58ffa0c7dd73,,10,FAULT,0x04C0,I2C_TIMEOUT|SENSOR_RANGE|SELFTEST,0,0,0,0,0,0,0.0,0.0,0.0,5.352,2.787,642.24,334.44,-17.91,-9.2,0.0,0.0,0.0,0.0,0.0,0.0,,0.0,0,0,0,0,0,8.0,0.0,184847.74,100501.32,285349.06,0.0,5.62
2026-06-05T00:53:25.377+00:00,295837,996060cc-1738-4269-9a35-58ffa0c7dd73,,10,FAULT,0x04C0,I2C_TIMEOUT|SENSOR_RANGE|SELFTEST,0,0,0,0,0,0,0.0,0.0,0.0,5.307,2.767,636.84,332.04,-18.64,-9.44,0.0,0.0,0.0,0.0,0.0,0.0,,0.0,0,0,0,0,0,8.0,0.0,184929.89,100544.15,285474.04,0.0,-5.66
2026-06-05T00:53:25.505+00:00,295966,996060cc-1738-4269-9a35-58ffa0c7dd73,,10,FAULT,0x04C0,I2C_TIMEOUT|SENSOR_RANGE|SELFTEST,0,0,0,0,0,0,0.0,0.0,0.0,5.305,2.775,636.6,333.0,-19.62,-9.93,0.0,0.0,0.0,0.0,0.0,0.0,,0.0,0,0,0,0,0,8.0,0.0,185012.01,100587.11,285599.12,0.0,-7.6
2026-06-05T00:53:25.635+00:00,296096,996060cc-1738-4269-9a35-58ffa0c7dd73,,10,FAULT,0x04C0,I2C_TIMEOUT|SENSOR_RANGE|SELFTEST,0,0,0,0,0,0,0.0,0.0,0.0,5.297,2.771,635.64,332.52,-19.13,-9.81,0.0,0.0,0.0,0.0,0.0,0.0,,0.0,0,0,0,0,0,8.0,0.0,185094.65,100630.34,285724.98,0.0,3.77
2026-06-05T00:53:25.766+00:00,296225,996060cc-1738-4269-9a35-58ffa0c7dd73,,10,FAULT,0x04C0,I2C_TIMEOUT|SENSOR_RANGE|SELFTEST,0,0,0,0,0,0,0.0,0.0,0.0,5.252,2.747,630.24,329.64,-17.91,-9.2,0.0,0.0,0.0,0.0,0.0,0.0,,0.0,0,0,0,0,0,8.0,0.0,185175.95,100672.86,285848.81,0.0,9.46
2026-06-05T00:53:25.894+00:00,296354,996060cc-1738-4269-9a35-58ffa0c7dd73,,10,FAULT,0x04C0,I2C_TIMEOUT|SENSOR_RANGE|SELFTEST,0,0,0,0,0,0,0.0,0.0,0.0,5.272,2.748,632.64,329.76,-17.91,-9.2,0.0,0.0,0.0,0.0,0.0,0.0,,0.0,0,0,0,0,0,8.0,0.0,185257.56,100715.4,285972.96,0.0,0.0
2026-06-05T00:53:26.025+00:00,296483,996060cc-1738-4269-9a35-58ffa0c7dd73,,10,FAULT,0x04C0,I2C_TIMEOUT|SENSOR_RANGE|SELFTEST,0,0,0,0,0,0,0.0,0.0,0.0,5.197,2.722,623.64,326.64,-19.37,-9.68,0.0,0.0,0.0,0.0,0.0,0.0,,0.0,0,0,0,0,0,8.0,0.0,185338.01,100757.54,286095.54,0.0,-11.32
2026-06-05T00:53:26.153+00:00,296613,996060cc-1738-4269-9a35-58ffa0c7dd73,,10,FAULT,0x04C0,I2C_TIMEOUT|SENSOR_RANGE|SELFTEST,0,0,0,0,0,0,0.0,0.0,0.0,5.241,2.749,628.92,329.88,-19.86,-9.81,0.0,0.0,0.0,0.0,0.0,0.0,,0.0,0,0,0,0,0,8.0,0.0,185419.77,100800.42,286220.19,0.0,-3.77
2026-06-05T00:53:26.283+00:00,296742,996060cc-1738-4269-9a35-58ffa0c7dd73,,10,FAULT,0x04C0,I2C_TIMEOUT|SENSOR_RANGE|SELFTEST,0,0,0,0,0,0,0.0,0.0,0.0,5.138,2.698,616.56,323.76,-18.4,-9.56,0.0,0.0,0.0,0.0,0.0,0.0,,0.0,0,0,0,0,0,8.0,0.0,185499.3,100842.19,286341.49,0.0,11.32
2026-06-05T00:53:26.413+00:00,296871,996060cc-1738-4269-9a35-58ffa0c7dd73,,10,FAULT,0x04C0,I2C_TIMEOUT|SENSOR_RANGE|SELFTEST,0,0,0,0,0,0,0.0,0.0,0.0,5.161,2.689,619.32,322.68,-17.66,-9.07,0.0,0.0,0.0,0.0,0.0,0.0,,0.0,0,0,0,0,0,8.0,0.0,185579.2,100883.81,286463.01,0.0,5.74
2026-06-05T00:53:26.542+00:00,297001,996060cc-1738-4269-9a35-58ffa0c7dd73,,10,FAULT,0x04C0,I2C_TIMEOUT|SENSOR_RANGE|SELFTEST,0,0,0,0,0,0,0.0,0.0,0.0,5.091,2.643,610.92,317.16,-18.89,-9.56,0.0,0.0,0.0,0.0,0.0,0.0,,0.0,0,0,0,0,0,8.0,0.0,185658.62,100925.04,286583.66,0.0,-9.46
2026-06-05T00:53:26.672+00:00,297131,996060cc-1738-4269-9a35-58ffa0c7dd73,,10,FAULT,0x04C0,I2C_TIMEOUT|SENSOR_RANGE|SELFTEST,0,0,0,0,0,0,0.0,0.0,0.0,5.148,2.682,617.76,321.84,-19.86,-9.93,0.0,0.0,0.0,0.0,0.0,0.0,,0.0,0,0,0,0,0,8.0,0.0,185738.92,100966.88,286705.81,0.0,-7.46
2026-06-05T00:53:26.802+00:00,297260,996060cc-1738-4269-9a35-58ffa0c7dd73,,10,FAULT,0x04C0,I2C_TIMEOUT|SENSOR_RANGE|SELFTEST,0,0,0,0,0,0,0.0,0.0,0.0,5.04,2.614,604.8,313.68,-19.13,-9.68,0.0,0.0,0.0,0.0,0.0,0.0,,0.0,0,0,0,0,0,8.0,0.0,185816.94,101007.35,286824.29,0.0,5.66
2026-06-05T00:53:26.930+00:00,297389,996060cc-1738-4269-9a35-58ffa0c7dd73,,10,FAULT,0x04C0,I2C_TIMEOUT|SENSOR_RANGE|SELFTEST,0,0,0,0,0,0,0.0,0.0,0.0,5.102,2.639,612.24,316.68,-17.66,-9.2,0.0,0.0,0.0,0.0,0.0,0.0,,0.0,0,0,0,0,0,8.0,0.0,185895.92,101048.2,286944.12,0.0,11.4
2026-06-05T00:53:27.061+00:00,297519,996060cc-1738-4269-9a35-58ffa0c7dd73,,10,FAULT,0x04C0,I2C_TIMEOUT|SENSOR_RANGE|SELFTEST,0,0,0,0,0,0,0.0,0.0,0.0,5.125,2.642,615.0,317.04,-18.4,-9.2,0.0,0.0,0.0,0.0,0.0,0.0,,0.0,0,0,0,0,0,8.0,0.0,185975.87,101089.41,287065.29,0.0,-5.69
2026-06-05T00:53:27.191+00:00,297648,996060cc-1738-4269-9a35-58ffa0c7dd73,,10,FAULT,0x04C0,I2C_TIMEOUT|SENSOR_RANGE|SELFTEST,0,0,0,0,0,0,0.0,0.0,0.0,5.11,2.636,613.2,316.32,-19.86,-9.81,0.0,0.0,0.0,0.0,0.0,0.0,,0.0,0,0,0,0,0,8.0,0.0,186054.98,101130.22,287185.19,0.0,-11.32
2026-06-05T00:53:27.319+00:00,297777,996060cc-1738-4269-9a35-58ffa0c7dd73,,10,FAULT,0x04C0,I2C_TIMEOUT|SENSOR_RANGE|SELFTEST,0,0,0,0,0,0,0.0,0.0,0.0,5.147,2.655,617.64,318.6,-19.37,-9.81,0.0,0.0,0.0,0.0,0.0,0.0,,0.0,0,0,0,0,0,8.0,0.0,186134.65,101171.32,287305.97,0.0,3.8
2026-06-05T00:53:27.450+00:00,297907,996060cc-1738-4269-9a35-58ffa0c7dd73,,10,FAULT,0x04C0,I2C_TIMEOUT|SENSOR_RANGE|SELFTEST,0,0,0,0,0,0,0.0,0.0,0.0,5.107,2.631,612.84,315.72,-17.91,-9.44,0.0,0.0,0.0,0.0,0.0,0.0,,0.0,0,0,0,0,0,8.0,0.0,186214.32,101212.36,287426.68,0.0,11.23
2026-06-05T00:53:27.578+00:00,298036,996060cc-1738-4269-9a35-58ffa0c7dd73,,10,FAULT,0x04C0,I2C_TIMEOUT|SENSOR_RANGE|SELFTEST,0,0,0,0,0,0,0.0,0.0,0.0,5.157,2.654,618.84,318.48,-17.91,-9.2,0.0,0.0,0.0,0.0,0.0,0.0,,0.0,0,0,0,0,0,8.0,0.0,186294.15,101253.45,287547.6,0.0,0.0
2026-06-05T00:53:27.708+00:00,298165,996060cc-1738-4269-9a35-58ffa0c7dd73,,10,FAULT,0x04C0,I2C_TIMEOUT|SENSOR_RANGE|SELFTEST,0,0,0,0,0,0,0.0,0.0,0.0,5.098,2.626,611.76,315.12,-19.37,-9.68,0.0,0.0,0.0,0.0,0.0,0.0,,0.0,0,0,0,0,0,8.0,0.0,186373.07,101294.1,287667.16,0.0,-11.32
2026-06-05T00:53:27.839+00:00,298294,996060cc-1738-4269-9a35-58ffa0c7dd73,,10,FAULT,0x04C0,I2C_TIMEOUT|SENSOR_RANGE|SELFTEST,0,0,0,0,0,0,0.0,0.0,0.0,5.153,2.653,618.36,318.36,-19.62,-9.81,0.0,0.0,0.0,0.0,0.0,0.0,,0.0,0,0,0,0,0,8.0,0.0,186452.84,101335.16,287788.0,0.0,-1.94
2026-06-05T00:53:27.967+00:00,298424,996060cc-1738-4269-9a35-58ffa0c7dd73,,10,FAULT,0x04C0,I2C_TIMEOUT|SENSOR_RANGE|SELFTEST,0,0,0,0,0,0,0.0,0.0,0.0,5.11,2.636,613.2,316.32,-18.64,-9.56,0.0,0.0,0.0,0.0,0.0,0.0,,0.0,0,0,0,0,0,8.0,0.0,186532.55,101376.29,287908.84,0.0,7.54
2026-06-05T00:53:28.097+00:00,298553,996060cc-1738-4269-9a35-58ffa0c7dd73,,10,FAULT,0x04C0,I2C_TIMEOUT|SENSOR_RANGE|SELFTEST,0,0,0,0,0,0,0.0,0.0,0.0,5.142,2.651,617.04,318.12,-17.91,-9.2,0.0,0.0,0.0,0.0,0.0,0.0,,0.0,0,0,0,0,0,8.0,0.0,186612.15,101417.32,288029.47,0.0,5.66
2026-06-05T00:53:28.227+00:00,298682,996060cc-1738-4269-9a35-58ffa0c7dd73,,10,FAULT,0x04C0,I2C_TIMEOUT|SENSOR_RANGE|SELFTEST,0,0,0,0,0,0,0.0,0.0,0.0,5.124,2.638,614.88,316.56,-18.64,-9.32,0.0,0.0,0.0,0.0,0.0,0.0,,0.0,0,0,0,0,0,8.0,0.0,186691.47,101458.16,288149.63,0.0,-5.66
2026-06-05T00:53:28.356+00:00,298812,996060cc-1738-4269-9a35-58ffa0c7dd73,,10,FAULT,0x04C0,I2C_TIMEOUT|SENSOR_RANGE|SELFTEST,0,0,0,0,0,0,0.0,0.0,0.0,5.125,2.644,615.0,317.28,-19.62,-9.93,0.0,0.0,0.0,0.0,0.0,0.0,,0.0,0,0,0,0,0,8.0,0.0,186771.42,101499.41,288270.83,0.0,-7.54
2026-06-05T00:53:28.486+00:00,298941,996060cc-1738-4269-9a35-58ffa0c7dd73,,10,FAULT,0x04C0,I2C_TIMEOUT|SENSOR_RANGE|SELFTEST,0,0,0,0,0,0,0.0,0.0,0.0,5.137,2.648,616.44,317.76,-19.37,-9.81,0.0,0.0,0.0,0.0,0.0,0.0,,0.0,0,0,0,0,0,8.0,0.0,186850.94,101540.4,288391.34,0.0,1.94
2026-06-05T00:53:28.616+00:00,299070,996060cc-1738-4269-9a35-58ffa0c7dd73,,10,FAULT,0x04C0,I2C_TIMEOUT|SENSOR_RANGE|SELFTEST,0,0,0,0,0,0,0.0,0.0,0.0,5.113,2.636,613.56,316.32,-17.91,-9.2,0.0,0.0,0.0,0.0,0.0,0.0,,0.0,0,0,0,0,0,8.0,0.0,186930.09,101581.2,288511.29,0.0,11.32
2026-06-05T00:53:28.745+00:00,299199,996060cc-1738-4269-9a35-58ffa0c7dd73,,10,FAULT,0x04C0,I2C_TIMEOUT|SENSOR_RANGE|SELFTEST,0,0,0,0,0,0,0.0,0.0,0.0,5.157,2.649,618.84,317.88,-17.91,-9.07,0.0,0.0,0.0,0.0,0.0,0.0,,0.0,0,0,0,0,0,8.0,0.0,187009.92,101622.21,288632.13,0.0,0.0
2026-06-05T00:53:28.875+00:00,299329,996060cc-1738-4269-9a35-58ffa0c7dd73,,10,FAULT,0x04C0,I2C_TIMEOUT|SENSOR_RANGE|SELFTEST,0,0,0,0,0,0,0.0,0.0,0.0,5.105,2.627,612.6,315.24,-19.37,-9.68,0.0,0.0,0.0,0.0,0.0,0.0,,0.0,0,0,0,0,0,8.0,0.0,187089.56,101663.19,288752.75,0.0,-11.23
2026-06-05T00:53:29.003+00:00,299458,996060cc-1738-4269-9a35-58ffa0c7dd73,,10,FAULT,0x04C0,I2C_TIMEOUT|SENSOR_RANGE|SELFTEST,0,0,0,0,0,0,0.0,0.0,0.0,5.155,2.658,618.6,318.96,-19.62,-9.93,0.0,0.0,0.0,0.0,0.0,0.0,,0.0,0,0,0,0,0,8.0,0.0,187169.36,101704.34,288873.69,0.0,-1.94
2026-06-05T00:53:29.133+00:00,299587,996060cc-1738-4269-9a35-58ffa0c7dd73,,10,FAULT,0x04C0,I2C_TIMEOUT|SENSOR_RANGE|SELFTEST,0,0,0,0,0,0,0.0,0.0,0.0,5.099,2.635,611.88,316.2,-18.64,-9.44,0.0,0.0,0.0,0.0,0.0,0.0,,0.0,0,0,0,0,0,8.0,0.0,187248.29,101745.13,288993.42,0.0,7.6
2026-06-05T00:53:29.264+00:00,299717,996060cc-1738-4269-9a35-58ffa0c7dd73,,10,FAULT,0x04C0,I2C_TIMEOUT|SENSOR_RANGE|SELFTEST,0,0,0,0,0,0,0.0,0.0,0.0,5.145,2.653,617.4,318.36,-17.91,-9.2,0.0,0.0,0.0,0.0,0.0,0.0,,0.0,0,0,0,0,0,8.0,0.0,187328.55,101786.51,289115.06,0.0,5.62
2026-06-05T00:53:29.393+00:00,299846,996060cc-1738-4269-9a35-58ffa0c7dd73,,10,FAULT,0x04C0,I2C_TIMEOUT|SENSOR_RANGE|SELFTEST,0,0,0,0,0,0,0.0,0.0,0.0,5.113,2.634,613.56,316.08,-18.89,-9.44,0.0,0.0,0.0,0.0,0.0,0.0,,0.0,0,0,0,0,0,8.0,0.0,187407.7,101827.29,289234.99,0.0,-7.6
2026-06-05T00:53:29.523+00:00,299975,996060cc-1738-4269-9a35-58ffa0c7dd73,,10,FAULT,0x04C0,I2C_TIMEOUT|SENSOR_RANGE|SELFTEST,0,0,0,0,0,0,0.0,0.0,0.0,5.148,2.66,617.76,319.2,-19.62,-9.93,0.0,0.0,0.0,0.0,0.0,0.0,,0.0,0,0,0,0,0,8.0,0.0,187487.39,101868.46,289355.86,0.0,-5.66
2026-06-05T00:53:29.653+00:00,300105,996060cc-1738-4269-9a35-58ffa0c7dd73,,10,FAULT,0x04C0,I2C_TIMEOUT|SENSOR_RANGE|SELFTEST,0,0,0,0,0,0,0.0,0.0,0.0,5.135,2.653,616.2,318.36,-19.13,-9.68,0.0,0.0,0.0,0.0,0.0,0.0,,0.0,0,0,0,0,0,8.0,0.0,187567.5,101909.85,289477.35,0.0,3.77
2026-06-05T00:53:29.781+00:00,300234,996060cc-1738-4269-9a35-58ffa0c7dd73,,10,FAULT,0x04C0,I2C_TIMEOUT|SENSOR_RANGE|SELFTEST,0,0,0,0,0,0,0.0,0.0,0.0,5.13,2.647,615.6,317.64,-17.91,-9.2,0.0,0.0,0.0,0.0,0.0,0.0,,0.0,0,0,0,0,0,8.0,0.0,187646.91,101950.83,289597.74,0.0,9.46
2026-06-05T00:53:29.911+00:00,300363,996060cc-1738-4269-9a35-58ffa0c7dd73,,10,FAULT,0x04C0,I2C_TIMEOUT|SENSOR_RANGE|SELFTEST,0,0,0,0,0,0,0.0,0.0,0.0,5.149,2.658,617.88,318.96,-18.4,-9.2,0.0,0.0,0.0,0.0,0.0,0.0,,0.0,0,0,0,0,0,8.0,0.0,187726.62,101991.97,289718.59,0.0,-3.8
2026-06-05T00:53:30.042+00:00,300492,996060cc-1738-4269-9a35-58ffa0c7dd73,,10,FAULT,0x04C0,I2C_TIMEOUT|SENSOR_RANGE|SELFTEST,0,0,0,0,0,0,0.0,0.0,0.0,5.113,2.64,613.56,316.8,-19.62,-9.93,0.0,0.0,0.0,0.0,0.0,0.0,,0.0,0,0,0,0,0,8.0,0.0,187805.77,102032.84,289838.61,0.0,-9.46
2026-06-05T00:53:30.170+00:00,300622,996060cc-1738-4269-9a35-58ffa0c7dd73,,10,FAULT,0x04C0,I2C_TIMEOUT|SENSOR_RANGE|SELFTEST,0,0,0,0,0,0,0.0,0.0,0.0,5.156,2.665,618.72,319.8,-19.62,-9.93,0.0,0.0,0.0,0.0,0.0,0.0,,0.0,0,0,0,0,0,8.0,0.0,187886.2,102074.41,289960.61,0.0,0.0
2026-06-05T00:53:30.300+00:00,300751,996060cc-1738-4269-9a35-58ffa0c7dd73,,10,FAULT,0x04C0,I2C_TIMEOUT|SENSOR_RANGE|SELFTEST,0,0,0,0,0,0,0.0,0.0,0.0,5.104,2.635,612.48,316.2,-18.4,-9.32,0.0,0.0,0.0,0.0,0.0,0.0,,0.0,0,0,0,0,0,8.0,0.0,187965.21,102115.2,290080.41,0.0,9.46
2026-06-05T00:53:30.429+00:00,300880,996060cc-1738-4269-9a35-58ffa0c7dd73,,10,FAULT,0x04C0,I2C_TIMEOUT|SENSOR_RANGE|SELFTEST,0,0,0,0,0,0,0.0,0.0,0.0,5.154,2.655,618.48,318.6,-17.91,-9.07,0.0,0.0,0.0,0.0,0.0,0.0,,0.0,0,0,0,0,0,8.0,0.0,188044.99,102156.3,290201.3,0.0,3.8
2026-06-05T00:53:30.559+00:00,301010,996060cc-1738-4269-9a35-58ffa0c7dd73,,10,FAULT,0x04C0,I2C_TIMEOUT|SENSOR_RANGE|SELFTEST,0,0,0,0,0,0,0.0,0.0,0.0,5.102,2.631,612.24,315.72,-19.37,-9.68,0.0,0.0,0.0,0.0,0.0,0.0,,0.0,0,0,0,0,0,8.0,0.0,188124.58,102197.35,290321.93,0.0,-11.23
2026-06-05T00:53:30.689+00:00,301139,996060cc-1738-4269-9a35-58ffa0c7dd73,,10,FAULT,0x04C0,I2C_TIMEOUT|SENSOR_RANGE|SELFTEST,0,0,0,0,0,0,0.0,0.0,0.0,5.153,2.663,618.36,319.56,-19.86,-9.93,0.0,0.0,0.0,0.0,0.0,0.0,,0.0,0,0,0,0,0,8.0,0.0,188204.35,102238.57,290442.92,0.0,-3.8
2026-06-05T00:53:30.817+00:00,301268,996060cc-1738-4269-9a35-58ffa0c7dd73,,10,FAULT,0x04C0,I2C_TIMEOUT|SENSOR_RANGE|SELFTEST,0,0,0,0,0,0,0.0,0.0,0.0,5.119,2.647,614.28,317.64,-18.89,-9.56,0.0,0.0,0.0,0.0,0.0,0.0,,0.0,0,0,0,0,0,8.0,0.0,188283.6,102279.54,290563.14,0.0,7.52
2026-06-05T00:53:30.948+00:00,301398,996060cc-1738-4269-9a35-58ffa0c7dd73,,10,FAULT,0x04C0,I2C_TIMEOUT|SENSOR_RANGE|SELFTEST,0,0,0,0,0,0,0.0,0.0,0.0,5.143,2.656,617.16,318.72,-17.91,-9.07,0.0,0.0,0.0,0.0,0.0,0.0,,0.0,0,0,0,0,0,8.0,0.0,188363.83,102320.98,290684.8,0.0,7.54
2026-06-05T00:53:31.078+00:00,301528,996060cc-1738-4269-9a35-58ffa0c7dd73,,10,FAULT,0x04C0,I2C_TIMEOUT|SENSOR_RANGE|SELFTEST,0,0,0,0,0,0,0.0,0.0,0.0,5.133,2.651,615.96,318.12,-18.64,-9.32,0.0,0.0,0.0,0.0,0.0,0.0,,0.0,0,0,0,0,0,8.0,0.0,188443.9,102362.33,290806.24,0.0,-5.62
2026-06-05T00:53:31.206+00:00,301657,996060cc-1738-4269-9a35-58ffa0c7dd73,,10,FAULT,0x04C0,I2C_TIMEOUT|SENSOR_RANGE|SELFTEST,0,0,0,0,0,0,0.0,0.0,0.0,5.124,2.651,614.88,318.12,-19.86,-9.81,0.0,0.0,0.0,0.0,0.0,0.0,,0.0,0,0,0,0,0,8.0,0.0,188523.22,102403.37,290926.59,0.0,-9.46
2026-06-05T00:53:31.337+00:00,301786,996060cc-1738-4269-9a35-58ffa0c7dd73,,10,FAULT,0x04C0,I2C_TIMEOUT|SENSOR_RANGE|SELFTEST,0,0,0,0,0,0,0.0,0.0,0.0,5.144,2.662,617.28,319.44,-19.37,-9.81,0.0,0.0,0.0,0.0,0.0,0.0,,0.0,0,0,0,0,0,8.0,0.0,188602.85,102444.58,291047.43,0.0,3.8
2026-06-05T00:53:31.469+00:00,301916,996060cc-1738-4269-9a35-58ffa0c7dd73,,10,FAULT,0x04C0,I2C_TIMEOUT|SENSOR_RANGE|SELFTEST,0,0,0,0,0,0,0.0,0.0,0.0,5.11,2.647,613.2,317.64,-17.91,-9.2,0.0,0.0,0.0,0.0,0.0,0.0,,0.0,0,0,0,0,0,8.0,0.0,188682.57,102485.87,291168.44,0.0,11.23
2026-06-05T00:53:31.595+00:00,302045,996060cc-1738-4269-9a35-58ffa0c7dd73,,10,FAULT,0x04C0,I2C_TIMEOUT|SENSOR_RANGE|SELFTEST,0,0,0,0,0,0,0.0,0.0,0.0,5.156,2.667,618.72,320.04,-18.15,-9.2,0.0,0.0,0.0,0.0,0.0,0.0,,0.0,0,0,0,0,0,8.0,0.0,188762.38,102527.16,291289.54,0.0,-1.86
2026-06-05T00:53:31.726+00:00,302174,996060cc-1738-4269-9a35-58ffa0c7dd73,,10,FAULT,0x04C0,I2C_TIMEOUT|SENSOR_RANGE|SELFTEST,0,0,0,0,0,0,0.0,0.0,0.0,5.091,2.64,610.92,316.8,-19.37,-9.68,0.0,0.0,0.0,0.0,0.0,0.0,,0.0,0,0,0,0,0,8.0,0.0,188841.19,102568.02,291409.21,0.0,-9.46
2026-06-05T00:53:31.854+00:00,302303,996060cc-1738-4269-9a35-58ffa0c7dd73,,10,FAULT,0x04C0,I2C_TIMEOUT|SENSOR_RANGE|SELFTEST,0,0,0,0,0,0,0.0,0.0,0.0,5.148,2.666,617.76,319.92,-19.62,-9.81,0.0,0.0,0.0,0.0,0.0,0.0,,0.0,0,0,0,0,0,8.0,0.0,188920.88,102609.29,291530.17,0.0,-1.94
2026-06-05T00:53:31.984+00:00,302433,996060cc-1738-4269-9a35-58ffa0c7dd73,,10,FAULT,0x04C0,I2C_TIMEOUT|SENSOR_RANGE|SELFTEST,0,0,0,0,0,0,0.0,0.0,0.0,5.1,2.645,612.0,317.4,-18.4,-9.44,0.0,0.0,0.0,0.0,0.0,0.0,,0.0,0,0,0,0,0,8.0,0.0,189000.44,102650.56,291651.0,0.0,9.38
2026-06-05T00:53:32.114+00:00,302562,996060cc-1738-4269-9a35-58ffa0c7dd73,,10,FAULT,0x04C0,I2C_TIMEOUT|SENSOR_RANGE|SELFTEST,0,0,0,0,0,0,0.0,0.0,0.0,5.141,2.661,616.92,319.32,-17.66,-9.07,0.0,0.0,0.0,0.0,0.0,0.0,,0.0,0,0,0,0,0,8.0,0.0,189080.02,102691.75,291771.77,0.0,5.74
2026-06-05T00:53:32.243+00:00,302691,996060cc-1738-4269-9a35-58ffa0c7dd73,,10,FAULT,0x04C0,I2C_TIMEOUT|SENSOR_RANGE|SELFTEST,0,0,0,0,0,0,0.0,0.0,0.0,5.109,2.643,613.08,317.16,-18.64,-9.56,0.0,0.0,0.0,0.0,0.0,0.0,,0.0,0,0,0,0,0,8.0,0.0,189159.11,102732.66,291891.77,0.0,-7.6
2026-06-05T00:53:32.373+00:00,302821,996060cc-1738-4269-9a35-58ffa0c7dd73,,10,FAULT,0x04C0,I2C_TIMEOUT|SENSOR_RANGE|SELFTEST,0,0,0,0,0,0,0.0,0.0,0.0,5.135,2.663,616.2,319.56,-19.62,-9.93,0.0,0.0,0.0,0.0,0.0,0.0,,0.0,0,0,0,0,0,8.0,0.0,189239.22,102774.21,292013.42,0.0,-7.54
2026-06-05T00:53:32.503+00:00,302950,996060cc-1738-4269-9a35-58ffa0c7dd73,,10,FAULT,0x04C0,I2C_TIMEOUT|SENSOR_RANGE|SELFTEST,0,0,0,0,0,0,0.0,0.0,0.0,5.121,2.658,614.52,318.96,-19.13,-9.68,0.0,0.0,0.0,0.0,0.0,0.0,,0.0,0,0,0,0,0,8.0,0.0,189318.49,102815.35,292133.84,0.0,3.8
2026-06-05T00:53:32.632+00:00,303079,996060cc-1738-4269-9a35-58ffa0c7dd73,,10,FAULT,0x04C0,I2C_TIMEOUT|SENSOR_RANGE|SELFTEST,0,0,0,0,0,0,0.0,0.0,0.0,5.115,2.651,613.8,318.12,-17.66,-9.2,0.0,0.0,0.0,0.0,0.0,0.0,,0.0,0,0,0,0,0,8.0,0.0,189397.67,102856.39,292254.06,0.0,11.4
2026-06-05T00:53:32.762+00:00,303208,996060cc-1738-4269-9a35-58ffa0c7dd73,,10,FAULT,0x04C0,I2C_TIMEOUT|SENSOR_RANGE|SELFTEST,0,0,0,0,0,0,0.0,0.0,0.0,5.146,2.665,617.52,319.8,-18.15,-9.2,0.0,0.0,0.0,0.0,0.0,0.0,,0.0,0,0,0,0,0,8.0,0.0,189477.33,102897.64,292374.97,0.0,-3.8
2026-06-05T00:53:32.891+00:00,303338,996060cc-1738-4269-9a35-58ffa0c7dd73,,10,FAULT,0x04C0,I2C_TIMEOUT|SENSOR_RANGE|SELFTEST,0,0,0,0,0,0,0.0,0.0,0.0,5.106,2.648,612.72,317.76,-19.62,-9.81,0.0,0.0,0.0,0.0,0.0,0.0,,0.0,0,0,0,0,0,8.0,0.0,189556.98,102938.95,292495.93,0.0,-11.31
2026-06-05T00:53:33.021+00:00,303467,996060cc-1738-4269-9a35-58ffa0c7dd73,,10,FAULT,0x04C0,I2C_TIMEOUT|SENSOR_RANGE|SELFTEST,0,0,0,0,0,0,0.0,0.0,0.0,5.153,2.674,618.36,320.88,-19.62,-9.81,0.0,0.0,0.0,0.0,0.0,0.0,,0.0,0,0,0,0,0,8.0,0.0,189636.75,102980.35,292617.1,0.0,0.0
2026-06-05T00:53:33.151+00:00,303596,996060cc-1738-4269-9a35-58ffa0c7dd73,,10,FAULT,0x04C0,I2C_TIMEOUT|SENSOR_RANGE|SELFTEST,0,0,0,0,0,0,0.0,0.0,0.0,5.104,2.649,612.48,317.88,-18.4,-9.44,0.0,0.0,0.0,0.0,0.0,0.0,,0.0,0,0,0,0,0,8.0,0.0,189715.76,103021.35,292737.11,0.0,9.46
2026-06-05T00:53:33.279+00:00,303726,996060cc-1738-4269-9a35-58ffa0c7dd73,,10,FAULT,0x04C0,I2C_TIMEOUT|SENSOR_RANGE|SELFTEST,0,0,0,0,0,0,0.0,0.0,0.0,5.151,2.672,618.12,320.64,-17.91,-9.07,0.0,0.0,0.0,0.0,0.0,0.0,,0.0,0,0,0,0,0,8.0,0.0,189796.12,103063.03,292859.15,0.0,3.77
2026-06-05T00:53:33.410+00:00,303855,996060cc-1738-4269-9a35-58ffa0c7dd73,,10,FAULT,0x04C0,I2C_TIMEOUT|SENSOR_RANGE|SELFTEST,0,0,0,0,0,0,0.0,0.0,0.0,5.107,2.645,612.84,317.4,-19.13,-9.68,0.0,0.0,0.0,0.0,0.0,0.0,,0.0,0,0,0,0,0,8.0,0.0,189875.17,103103.98,292979.15,0.0,-9.46
2026-06-05T00:53:33.540+00:00,303984,996060cc-1738-4269-9a35-58ffa0c7dd73,,10,FAULT,0x04C0,I2C_TIMEOUT|SENSOR_RANGE|SELFTEST,0,0,0,0,0,0,0.0,0.0,0.0,5.154,2.674,618.48,320.88,-19.86,-9.93,0.0,0.0,0.0,0.0,0.0,0.0,,0.0,0,0,0,0,0,8.0,0.0,189954.96,103145.37,293100.33,0.0,-5.66
2026-06-05T00:53:33.668+00:00,304113,996060cc-1738-4269-9a35-58ffa0c7dd73,,10,FAULT,0x04C0,I2C_TIMEOUT|SENSOR_RANGE|SELFTEST,0,0,0,0,0,0,0.0,0.0,0.0,5.124,2.661,614.88,319.32,-18.89,-9.68,0.0,0.0,0.0,0.0,0.0,0.0,,0.0,0,0,0,0,0,8.0,0.0,190034.28,103186.57,293220.84,0.0,7.52
2026-06-05T00:53:33.799+00:00,304243,996060cc-1738-4269-9a35-58ffa0c7dd73,,10,FAULT,0x04C0,I2C_TIMEOUT|SENSOR_RANGE|SELFTEST,0,0,0,0,0,0,0.0,0.0,0.0,5.144,2.665,617.28,319.8,-17.91,-9.07,0.0,0.0,0.0,0.0,0.0,0.0,,0.0,0,0,0,0,0,8.0,0.0,190114.52,103228.14,293342.66,0.0,7.54
2026-06-05T00:53:33.929+00:00,304372,996060cc-1738-4269-9a35-58ffa0c7dd73,,10,FAULT,0x04C0,I2C_TIMEOUT|SENSOR_RANGE|SELFTEST,0,0,0,0,0,0,0.0,0.0,0.0,5.136,2.655,616.32,318.6,-18.64,-9.32,0.0,0.0,0.0,0.0,0.0,0.0,,0.0,0,0,0,0,0,8.0,0.0,190194.03,103269.24,293463.27,0.0,-5.66
2026-06-05T00:53:34.057+00:00,304501,996060cc-1738-4269-9a35-58ffa0c7dd73,,10,FAULT,0x04C0,I2C_TIMEOUT|SENSOR_RANGE|SELFTEST,0,0,0,0,0,0,0.0,0.0,0.0,5.123,2.653,614.76,318.36,-19.86,-9.93,0.0,0.0,0.0,0.0,0.0,0.0,,0.0,0,0,0,0,0,8.0,0.0,190273.33,103310.31,293583.64,0.0,-9.46
2026-06-05T00:53:34.187+00:00,304631,996060cc-1738-4269-9a35-58ffa0c7dd73,,10,FAULT,0x04C0,I2C_TIMEOUT|SENSOR_RANGE|SELFTEST,0,0,0,0,0,0,0.0,0.0,0.0,5.153,2.667,618.36,320.04,-19.37,-9.81,0.0,0.0,0.0,0.0,0.0,0.0,,0.0,0,0,0,0,0,8.0,0.0,190353.72,103351.91,293705.63,0.0,3.77
2026-06-05T00:53:34.316+00:00,304760,996060cc-1738-4269-9a35-58ffa0c7dd73,,10,FAULT,0x04C0,I2C_TIMEOUT|SENSOR_RANGE|SELFTEST,0,0,0,0,0,0,0.0,0.0,0.0,5.114,2.646,613.68,317.52,-17.91,-9.2,0.0,0.0,0.0,0.0,0.0,0.0,,0.0,0,0,0,0,0,8.0,0.0,190432.88,103392.87,293825.76,0.0,11.32
2026-06-05T00:53:34.446+00:00,304889,996060cc-1738-4269-9a35-58ffa0c7dd73,,10,FAULT,0x04C0,I2C_TIMEOUT|SENSOR_RANGE|SELFTEST,0,0,0,0,0,0,0.0,0.0,0.0,5.16,2.662,619.2,319.44,-18.15,-9.2,0.0,0.0,0.0,0.0,0.0,0.0,,0.0,0,0,0,0,0,8.0,0.0,190512.76,103434.08,293946.84,0.0,-1.86
2026-06-05T00:53:34.576+00:00,305018,996060cc-1738-4269-9a35-58ffa0c7dd73,,10,FAULT,0x04C0,I2C_TIMEOUT|SENSOR_RANGE|SELFTEST,0,0,0,0,0,0,0.0,0.0,0.0,5.107,2.641,612.84,316.92,-19.37,-9.68,0.0,0.0,0.0,0.0,0.0,0.0,,0.0,0,0,0,0,0,8.0,0.0,190591.82,103474.96,294066.78,0.0,-9.46
2026-06-05T00:53:34.704+00:00,305148,996060cc-1738-4269-9a35-58ffa0c7dd73,,10,FAULT,0x04C0,I2C_TIMEOUT|SENSOR_RANGE|SELFTEST,0,0,0,0,0,0,0.0,0.0,0.0,5.146,2.669,617.52,320.28,-19.62,-9.81,0.0,0.0,0.0,0.0,0.0,0.0,,0.0,0,0,0,0,0,8.0,0.0,190672.1,103516.6,294188.69,0.0,-1.92
2026-06-05T00:53:34.835+00:00,305277,996060cc-1738-4269-9a35-58ffa0c7dd73,,10,FAULT,0x04C0,I2C_TIMEOUT|SENSOR_RANGE|SELFTEST,0,0,0,0,0,0,0.0,0.0,0.0,5.098,2.646,611.76,317.52,-18.4,-9.44,0.0,0.0,0.0,0.0,0.0,0.0,,0.0,0,0,0,0,0,8.0,0.0,190751.01,103557.56,294308.57,0.0,9.46
2026-06-05T00:53:34.965+00:00,305406,996060cc-1738-4269-9a35-58ffa0c7dd73,,10,FAULT,0x04C0,I2C_TIMEOUT|SENSOR_RANGE|SELFTEST,0,0,0,0,0,0,0.0,0.0,0.0,5.137,2.657,616.44,318.84,-17.66,-9.07,0.0,0.0,0.0,0.0,0.0,0.0,,0.0,0,0,0,0,0,8.0,0.0,190830.53,103598.69,294429.22,0.0,5.74
2026-06-05T00:53:35.093+00:00,305537,996060cc-1738-4269-9a35-58ffa0c7dd73,,10,FAULT,0x04C0,I2C_TIMEOUT|SENSOR_RANGE|SELFTEST,0,0,0,0,0,0,0.0,0.0,0.0,5.113,2.638,613.56,316.56,-18.89,-9.44,0.0,0.0,0.0,0.0,0.0,0.0,,0.0,0,0,0,0,0,8.0,0.0,190910.91,103640.16,294551.07,0.0,-9.39
2026-06-05T00:53:35.224+00:00,305666,996060cc-1738-4269-9a35-58ffa0c7dd73,,10,FAULT,0x04C0,I2C_TIMEOUT|SENSOR_RANGE|SELFTEST,0,0,0,0,0,0,0.0,0.0,0.0,5.136,2.66,616.32,319.2,-19.86,-9.81,0.0,0.0,0.0,0.0,0.0,0.0,,0.0,0,0,0,0,0,8.0,0.0,190990.41,103681.34,294671.75,0.0,-7.52
2026-06-05T00:53:35.354+00:00,305795,996060cc-1738-4269-9a35-58ffa0c7dd73,,10,FAULT,0x04C0,I2C_TIMEOUT|SENSOR_RANGE|SELFTEST,0,0,0,0,0,0,0.0,0.0,0.0,5.125,2.656,615.0,318.72,-19.13,-9.81,0.0,0.0,0.0,0.0,0.0,0.0,,0.0,0,0,0,0,0,8.0,0.0,191069.75,103722.45,294792.2,0.0,5.66
2026-06-05T00:53:35.482+00:00,305924,996060cc-1738-4269-9a35-58ffa0c7dd73,,10,FAULT,0x04C0,I2C_TIMEOUT|SENSOR_RANGE|SELFTEST,0,0,0,0,0,0,0.0,0.0,0.0,5.113,2.645,613.56,317.4,-17.91,-9.2,0.0,0.0,0.0,0.0,0.0,0.0,,0.0,0,0,0,0,0,8.0,0.0,191148.9,103763.4,294912.29,0.0,9.46
2026-06-05T00:53:35.612+00:00,306054,996060cc-1738-4269-9a35-58ffa0c7dd73,,10,FAULT,0x04C0,I2C_TIMEOUT|SENSOR_RANGE|SELFTEST,0,0,0,0,0,0,0.0,0.0,0.0,5.148,2.655,617.76,318.6,-18.4,-9.32,0.0,0.0,0.0,0.0,0.0,0.0,,0.0,0,0,0,0,0,8.0,0.0,191229.21,103804.81,295034.02,0.0,-3.77
2026-06-05T00:53:35.743+00:00,306183,996060cc-1738-4269-9a35-58ffa0c7dd73,,10,FAULT,0x04C0,I2C_TIMEOUT|SENSOR_RANGE|SELFTEST,0,0,0,0,0,0,0.0,0.0,0.0,5.103,2.643,612.36,317.16,-19.62,-9.81,0.0,0.0,0.0,0.0,0.0,0.0,,0.0,0,0,0,0,0,8.0,0.0,191308.2,103845.73,295153.93,0.0,-9.46
2026-06-05T00:53:35.871+00:00,306312,996060cc-1738-4269-9a35-58ffa0c7dd73,,10,FAULT,0x04C0,I2C_TIMEOUT|SENSOR_RANGE|SELFTEST,0,0,0,0,0,0,0.0,0.0,0.0,5.153,2.671,618.36,320.52,-19.62,-9.93,0.0,0.0,0.0,0.0,0.0,0.0,,0.0,0,0,0,0,0,8.0,0.0,191387.97,103887.07,295275.04,0.0,0.0
2026-06-05T00:53:36.001+00:00,306442,996060cc-1738-4269-9a35-58ffa0c7dd73,,10,FAULT,0x04C0,I2C_TIMEOUT|SENSOR_RANGE|SELFTEST,0,0,0,0,0,0,0.0,0.0,0.0,5.108,2.647,612.96,317.64,-18.4,-9.44,0.0,0.0,0.0,0.0,0.0,0.0,,0.0,0,0,0,0,0,8.0,0.0,191467.66,103928.37,295396.02,0.0,9.38
2026-06-05T00:53:36.130+00:00,306571,996060cc-1738-4269-9a35-58ffa0c7dd73,,10,FAULT,0x04C0,I2C_TIMEOUT|SENSOR_RANGE|SELFTEST,0,0,0,0,0,0,0.0,0.0,0.0,5.153,2.659,618.36,319.08,-17.91,-9.07,0.0,0.0,0.0,0.0,0.0,0.0,,0.0,0,0,0,0,0,8.0,0.0,191547.42,103969.53,295516.95,0.0,3.8
2026-06-05T00:53:36.260+00:00,306700,996060cc-1738-4269-9a35-58ffa0c7dd73,,10,FAULT,0x04C0,I2C_TIMEOUT|SENSOR_RANGE|SELFTEST,0,0,0,0,0,0,0.0,0.0,0.0,5.102,2.641,612.24,316.92,-18.89,-9.56,0.0,0.0,0.0,0.0,0.0,0.0,,0.0,0,0,0,0,0,8.0,0.0,191626.4,104010.41,295636.81,0.0,-7.6
2026-06-05T00:53:36.390+00:00,306829,996060cc-1738-4269-9a35-58ffa0c7dd73,,10,FAULT,0x04C0,I2C_TIMEOUT|SENSOR_RANGE|SELFTEST,0,0,0,0,0,0,0.0,0.0,0.0,5.143,2.663,617.16,319.56,-19.86,-9.93,0.0,0.0,0.0,0.0,0.0,0.0,,0.0,0,0,0,0,0,8.0,0.0,191706.02,104051.63,295757.65,0.0,-7.52
2026-06-05T00:53:36.518+00:00,306959,996060cc-1738-4269-9a35-58ffa0c7dd73,,10,FAULT,0x04C0,I2C_TIMEOUT|SENSOR_RANGE|SELFTEST,0,0,0,0,0,0,0.0,0.0,0.0,5.115,2.653,613.8,318.36,-18.64,-9.68,0.0,0.0,0.0,0.0,0.0,0.0,,0.0,0,0,0,0,0,8.0,0.0,191785.81,104093.02,295878.83,0.0,9.38
2026-06-05T00:53:36.649+00:00,307088,996060cc-1738-4269-9a35-58ffa0c7dd73,,10,FAULT,0x04C0,I2C_TIMEOUT|SENSOR_RANGE|SELFTEST,0,0,0,0,0,0,0.0,0.0,0.0,5.137,2.659,616.44,319.08,-17.91,-9.2,0.0,0.0,0.0,0.0,0.0,0.0,,0.0,0,0,0,0,0,8.0,0.0,191865.33,104134.18,295999.51,0.0,5.66
2026-06-05T00:53:36.779+00:00,307217,996060cc-1738-4269-9a35-58ffa0c7dd73,,10,FAULT,0x04C0,I2C_TIMEOUT|SENSOR_RANGE|SELFTEST,0,0,0,0,0,0,0.0,0.0,0.0,5.133,2.653,615.96,318.36,-18.64,-9.44,0.0,0.0,0.0,0.0,0.0,0.0,,0.0,0,0,0,0,0,8.0,0.0,191944.79,104175.25,296120.04,0.0,-5.66
2026-06-05T00:53:36.908+00:00,307347,996060cc-1738-4269-9a35-58ffa0c7dd73,,10,FAULT,0x04C0,I2C_TIMEOUT|SENSOR_RANGE|SELFTEST,0,0,0,0,0,0,0.0,0.0,0.0,5.117,2.649,614.04,317.88,-19.86,-9.81,0.0,0.0,0.0,0.0,0.0,0.0,,0.0,0,0,0,0,0,8.0,0.0,192024.62,104216.58,296241.19,0.0,-9.38
2026-06-05T00:53:37.038+00:00,307476,996060cc-1738-4269-9a35-58ffa0c7dd73,,10,FAULT,0x04C0,I2C_TIMEOUT|SENSOR_RANGE|SELFTEST,0,0,0,0,0,0,0.0,0.0,0.0,5.15,2.667,618.0,320.04,-19.37,-9.81,0.0,0.0,0.0,0.0,0.0,0.0,,0.0,0,0,0,0,0,8.0,0.0,192104.34,104257.86,296362.2,0.0,3.8
2026-06-05T00:53:37.166+00:00,307605,996060cc-1738-4269-9a35-58ffa0c7dd73,,10,FAULT,0x04C0,I2C_TIMEOUT|SENSOR_RANGE|SELFTEST,0,0,0,0,0,0,0.0,0.0,0.0,5.108,2.646,612.96,317.52,-17.91,-9.32,0.0,0.0,0.0,0.0,0.0,0.0,,0.0,0,0,0,0,0,8.0,0.0,192183.41,104298.82,296482.23,0.0,11.32
2026-06-05T00:53:37.297+00:00,307735,996060cc-1738-4269-9a35-58ffa0c7dd73,,10,FAULT,0x04C0,I2C_TIMEOUT|SENSOR_RANGE|SELFTEST,0,0,0,0,0,0,0.0,0.0,0.0,5.155,2.663,618.6,319.56,-18.15,-9.2,0.0,0.0,0.0,0.0,0.0,0.0,,0.0,0,0,0,0,0,8.0,0.0,192263.83,104340.36,296604.19,0.0,-1.85
2026-06-05T00:53:37.427+00:00,307864,996060cc-1738-4269-9a35-58ffa0c7dd73,,10,FAULT,0x04C0,I2C_TIMEOUT|SENSOR_RANGE|SELFTEST,0,0,0,0,0,0,0.0,0.0,0.0,5.104,2.645,612.48,317.4,-19.37,-9.68,0.0,0.0,0.0,0.0,0.0,0.0,,0.0,0,0,0,0,0,8.0,0.0,192342.84,104381.31,296724.14,0.0,-9.46
2026-06-05T00:53:37.555+00:00,307993,996060cc-1738-4269-9a35-58ffa0c7dd73,,10,FAULT,0x04C0,I2C_TIMEOUT|SENSOR_RANGE|SELFTEST,0,0,0,0,0,0,0.0,0.0,0.0,5.151,2.673,618.12,320.76,-19.86,-9.93,0.0,0.0,0.0,0.0,0.0,0.0,,0.0,0,0,0,0,0,8.0,0.0,192422.57,104422.69,296845.26,0.0,-3.8
2026-06-05T00:53:37.685+00:00,308122,996060cc-1738-4269-9a35-58ffa0c7dd73,,10,FAULT,0x04C0,I2C_TIMEOUT|SENSOR_RANGE|SELFTEST,0,0,0,0,0,0,0.0,0.0,0.0,5.108,2.646,612.96,317.52,-18.4,-9.44,0.0,0.0,0.0,0.0,0.0,0.0,,0.0,0,0,0,0,0,8.0,0.0,192501.65,104463.65,296965.29,0.0,11.32
2026-06-05T00:53:37.816+00:00,308252,996060cc-1738-4269-9a35-58ffa0c7dd73,,10,FAULT,0x04C0,I2C_TIMEOUT|SENSOR_RANGE|SELFTEST,0,0,0,0,0,0,0.0,0.0,0.0,5.142,2.658,617.04,318.96,-17.66,-9.07,0.0,0.0,0.0,0.0,0.0,0.0,,0.0,0,0,0,0,0,8.0,0.0,192581.86,104505.11,297086.97,0.0,5.69
2026-06-05T00:53:37.944+00:00,308381,996060cc-1738-4269-9a35-58ffa0c7dd73,,10,FAULT,0x04C0,I2C_TIMEOUT|SENSOR_RANGE|SELFTEST,0,0,0,0,0,0,0.0,0.0,0.0,5.112,2.642,613.44,317.04,-18.89,-9.44,0.0,0.0,0.0,0.0,0.0,0.0,,0.0,0,0,0,0,0,8.0,0.0,192661.0,104546.01,297207.0,0.0,-9.53
2026-06-05T00:53:38.074+00:00,308510,996060cc-1738-4269-9a35-58ffa0c7dd73,,10,FAULT,0x04C0,I2C_TIMEOUT|SENSOR_RANGE|SELFTEST,0,0,0,0,0,0,0.0,0.0,0.0,5.132,2.662,615.84,319.44,-19.86,-9.81,0.0,0.0,0.0,0.0,0.0,0.0,,0.0,0,0,0,0,0,8.0,0.0,192740.44,104587.22,297327.66,0.0,-7.52
2026-06-05T00:53:38.205+00:00,308640,996060cc-1738-4269-9a35-58ffa0c7dd73,,10,FAULT,0x04C0,I2C_TIMEOUT|SENSOR_RANGE|SELFTEST,0,0,0,0,0,0,0.0,0.0,0.0,5.123,2.658,614.76,318.96,-18.89,-9.56,0.0,0.0,0.0,0.0,0.0,0.0,,0.0,0,0,0,0,0,8.0,0.0,192820.36,104628.68,297449.04,0.0,7.46
2026-06-05T00:53:38.333+00:00,308769,996060cc-1738-4269-9a35-58ffa0c7dd73,,10,FAULT,0x04C0,I2C_TIMEOUT|SENSOR_RANGE|SELFTEST,0,0,0,0,0,0,0.0,0.0,0.0,5.111,2.647,613.32,317.64,-17.66,-9.2,0.0,0.0,0.0,0.0,0.0,0.0,,0.0,0,0,0,0,0,8.0,0.0,192899.48,104669.66,297569.13,0.0,9.53
2026-06-05T00:53:38.463+00:00,308898,996060cc-1738-4269-9a35-58ffa0c7dd73,,10,FAULT,0x04C0,I2C_TIMEOUT|SENSOR_RANGE|SELFTEST,0,0,0,0,0,0,0.0,0.0,0.0,5.145,2.657,617.4,318.84,-18.4,-9.32,0.0,0.0,0.0,0.0,0.0,0.0,,0.0,0,0,0,0,0,8.0,0.0,192979.12,104710.79,297689.91,0.0,-5.74
2026-06-05T00:53:38.591+00:00,309027,996060cc-1738-4269-9a35-58ffa0c7dd73,,10,FAULT,0x04C0,I2C_TIMEOUT|SENSOR_RANGE|SELFTEST,0,0,0,0,0,0,0.0,0.0,0.0,5.098,2.64,611.76,316.8,-19.62,-9.81,0.0,0.0,0.0,0.0,0.0,0.0,,0.0,0,0,0,0,0,8.0,0.0,193058.04,104751.65,297809.69,0.0,-9.46
2026-06-05T00:53:38.722+00:00,309157,996060cc-1738-4269-9a35-58ffa0c7dd73,,10,FAULT,0x04C0,I2C_TIMEOUT|SENSOR_RANGE|SELFTEST,0,0,0,0,0,0,0.0,0.0,0.0,5.146,2.666,617.52,319.92,-19.86,-9.93,0.0,0.0,0.0,0.0,0.0,0.0,,0.0,0,0,0,0,0,8.0,0.0,193138.31,104793.24,297931.56,0.0,-1.85
2026-06-05T00:53:38.852+00:00,309286,996060cc-1738-4269-9a35-58ffa0c7dd73,,10,FAULT,0x04C0,I2C_TIMEOUT|SENSOR_RANGE|SELFTEST,0,0,0,0,0,0,0.0,0.0,0.0,5.1,2.641,612.0,316.92,-18.15,-9.32,0.0,0.0,0.0,0.0,0.0,0.0,,0.0,0,0,0,0,0,8.0,0.0,193217.26,104834.13,298051.39,0.0,13.26
2026-06-05T00:53:38.980+00:00,309415,996060cc-1738-4269-9a35-58ffa0c7dd73,,10,FAULT,0x04C0,I2C_TIMEOUT|SENSOR_RANGE|SELFTEST,0,0,0,0,0,0,0.0,0.0,0.0,5.147,2.655,617.64,318.6,-17.91,-9.07,0.0,0.0,0.0,0.0,0.0,0.0,,0.0,0,0,0,0,0,8.0,0.0,193296.94,104875.23,298172.16,0.0,1.86
2026-06-05T00:53:39.111+00:00,309545,996060cc-1738-4269-9a35-58ffa0c7dd73,,10,FAULT,0x04C0,I2C_TIMEOUT|SENSOR_RANGE|SELFTEST,0,0,0,0,0,0,0.0,0.0,0.0,5.113,2.64,613.56,316.8,-19.13,-9.68,0.0,0.0,0.0,0.0,0.0,0.0,,0.0,0,0,0,0,0,8.0,0.0,193376.7,104916.41,298293.11,0.0,-9.38
2026-06-05T00:53:39.241+00:00,309675,996060cc-1738-4269-9a35-58ffa0c7dd73,,10,FAULT,0x04C0,I2C_TIMEOUT|SENSOR_RANGE|SELFTEST,0,0,0,0,0,0,0.0,0.0,0.0,5.154,2.67,618.48,320.4,-20.11,-9.93,0.0,0.0,0.0,0.0,0.0,0.0,,0.0,0,0,0,0,0,8.0,0.0,193457.1,104958.06,298415.17,0.0,-7.54
2026-06-05T00:53:39.369+00:00,309804,996060cc-1738-4269-9a35-58ffa0c7dd73,,10,FAULT,0x04C0,I2C_TIMEOUT|SENSOR_RANGE|SELFTEST,0,0,0,0,0,0,0.0,0.0,0.0,5.122,2.658,614.64,318.96,-18.89,-9.68,0.0,0.0,0.0,0.0,0.0,0.0,,0.0,0,0,0,0,0,8.0,0.0,193536.39,104999.21,298535.6,0.0,9.46
2026-06-05T00:53:39.500+00:00,309933,996060cc-1738-4269-9a35-58ffa0c7dd73,,10,FAULT,0x04C0,I2C_TIMEOUT|SENSOR_RANGE|SELFTEST,0,0,0,0,0,0,0.0,0.0,0.0,5.143,2.662,617.16,319.44,-17.66,-9.07,0.0,0.0,0.0,0.0,0.0,0.0,,0.0,0,0,0,0,0,8.0,0.0,193616.01,105040.42,298656.42,0.0,9.53
2026-06-05T00:53:39.628+00:00,310063,996060cc-1738-4269-9a35-58ffa0c7dd73,,10,FAULT,0x04C0,I2C_TIMEOUT|SENSOR_RANGE|SELFTEST,0,0,0,0,0,0,0.0,0.0,0.0,5.136,2.653,616.32,318.36,-18.89,-9.32,0.0,0.0,0.0,0.0,0.0,0.0,,0.0,0,0,0,0,0,8.0,0.0,193696.13,105081.8,298777.93,0.0,-9.46
2026-06-05T00:53:39.758+00:00,310192,996060cc-1738-4269-9a35-58ffa0c7dd73,,10,FAULT,0x04C0,I2C_TIMEOUT|SENSOR_RANGE|SELFTEST,0,0,0,0,0,0,0.0,0.0,0.0,5.125,2.655,615.0,318.6,-19.86,-9.93,0.0,0.0,0.0,0.0,0.0,0.0,,0.0,0,0,0,0,0,8.0,0.0,193775.46,105122.9,298898.36,0.0,-7.52
2026-06-05T00:53:39.888+00:00,310321,996060cc-1738-4269-9a35-58ffa0c7dd73,,10,FAULT,0x04C0,I2C_TIMEOUT|SENSOR_RANGE|SELFTEST,0,0,0,0,0,0,0.0,0.0,0.0,5.152,2.667,618.24,320.04,-19.37,-9.93,0.0,0.0,0.0,0.0,0.0,0.0,,0.0,0,0,0,0,0,8.0,0.0,193855.22,105164.19,299019.4,0.0,3.8
2026-06-05T00:53:40.017+00:00,310451,996060cc-1738-4269-9a35-58ffa0c7dd73,,10,FAULT,0x04C0,I2C_TIMEOUT|SENSOR_RANGE|SELFTEST,0,0,0,0,0,0,0.0,0.0,0.0,5.113,2.642,613.56,317.04,-17.91,-9.2,0.0,0.0,0.0,0.0,0.0,0.0,,0.0,0,0,0,0,0,8.0,0.0,193934.98,105205.4,299140.38,0.0,11.23
2026-06-05T00:53:40.147+00:00,310580,996060cc-1738-4269-9a35-58ffa0c7dd73,,10,FAULT,0x04C0,I2C_TIMEOUT|SENSOR_RANGE|SELFTEST,0,0,0,0,0,0,0.0,0.0,0.0,5.157,2.662,618.84,319.44,-18.15,-9.2,0.0,0.0,0.0,0.0,0.0,0.0,,0.0,0,0,0,0,0,8.0,0.0,194014.81,105246.61,299261.42,0.0,-1.86
2026-06-05T00:53:40.277+00:00,310709,996060cc-1738-4269-9a35-58ffa0c7dd73,,10,FAULT,0x04C0,I2C_TIMEOUT|SENSOR_RANGE|SELFTEST,0,0,0,0,0,0,0.0,0.0,0.0,5.096,2.636,611.52,316.32,-19.37,-9.68,0.0,0.0,0.0,0.0,0.0,0.0,,0.0,0,0,0,0,0,8.0,0.0,194093.69,105287.42,299381.11,0.0,-9.46
2026-06-05T00:53:40.406+00:00,310838,996060cc-1738-4269-9a35-58ffa0c7dd73,,10,FAULT,0x04C0,I2C_TIMEOUT|SENSOR_RANGE|SELFTEST,0,0,0,0,0,0,0.0,0.0,0.0,5.148,2.662,617.76,319.44,-19.86,-9.93,0.0,0.0,0.0,0.0,0.0,0.0,,0.0,0,0,0,0,0,8.0,0.0,194173.39,105328.62,299502.01,0.0,-3.8
2026-06-05T00:53:40.536+00:00,310968,996060cc-1738-4269-9a35-58ffa0c7dd73,,10,FAULT,0x04C0,I2C_TIMEOUT|SENSOR_RANGE|SELFTEST,0,0,0,0,0,0,0.0,0.0,0.0,5.105,2.644,612.6,317.28,-18.4,-9.56,0.0,0.0,0.0,0.0,0.0,0.0,,0.0,0,0,0,0,0,8.0,0.0,194253.02,105369.87,299622.89,0.0,11.23
2026-06-05T00:53:40.666+00:00,311097,996060cc-1738-4269-9a35-58ffa0c7dd73,,10,FAULT,0x04C0,I2C_TIMEOUT|SENSOR_RANGE|SELFTEST,0,0,0,0,0,0,0.0,0.0,0.0,5.144,2.655,617.28,318.6,-17.66,-9.07,0.0,0.0,0.0,0.0,0.0,0.0,,0.0,0,0,0,0,0,8.0,0.0,194332.65,105410.97,299743.62,0.0,5.74
2026-06-05T00:53:40.795+00:00,311226,996060cc-1738-4269-9a35-58ffa0c7dd73,,10,FAULT,0x04C0,I2C_TIMEOUT|SENSOR_RANGE|SELFTEST,0,0,0,0,0,0,0.0,0.0,0.0,5.114,2.638,613.68,316.56,-18.89,-9.56,0.0,0.0,0.0,0.0,0.0,0.0,,0.0,0,0,0,0,0,8.0,0.0,194411.82,105451.81,299863.62,0.0,-9.53
2026-06-05T00:53:40.925+00:00,311356,996060cc-1738-4269-9a35-58ffa0c7dd73,,10,FAULT,0x04C0,I2C_TIMEOUT|SENSOR_RANGE|SELFTEST,0,0,0,0,0,0,0.0,0.0,0.0,5.138,2.66,616.56,319.2,-19.62,-9.81,0.0,0.0,0.0,0.0,0.0,0.0,,0.0,0,0,0,0,0,8.0,0.0,194491.97,105493.3,299985.27,0.0,-5.62
2026-06-05T00:53:41.053+00:00,311485,996060cc-1738-4269-9a35-58ffa0c7dd73,,10,FAULT,0x04C0,I2C_TIMEOUT|SENSOR_RANGE|SELFTEST,0,0,0,0,0,0,0.0,0.0,0.0,5.126,2.657,615.12,318.84,-19.13,-9.68,0.0,0.0,0.0,0.0,0.0,0.0,,0.0,0,0,0,0,0,8.0,0.0,194571.32,105534.43,300105.75,0.0,3.8
2026-06-05T00:53:41.184+00:00,311614,996060cc-1738-4269-9a35-58ffa0c7dd73,,10,FAULT,0x04C0,I2C_TIMEOUT|SENSOR_RANGE|SELFTEST,0,0,0,0,0,0,0.0,0.0,0.0,5.116,2.651,613.92,318.12,-17.91,-9.32,0.0,0.0,0.0,0.0,0.0,0.0,,0.0,0,0,0,0,0,8.0,0.0,194650.52,105575.47,300225.99,0.0,9.46
2026-06-05T00:53:41.314+00:00,311743,996060cc-1738-4269-9a35-58ffa0c7dd73,,10,FAULT,0x04C0,I2C_TIMEOUT|SENSOR_RANGE|SELFTEST,0,0,0,0,0,0,0.0,0.0,0.0,5.151,2.66,618.12,319.2,-18.4,-9.2,0.0,0.0,0.0,0.0,0.0,0.0,,0.0,0,0,0,0,0,8.0,0.0,194730.25,105616.65,300346.9,0.0,-3.8
2026-06-05T00:53:41.442+00:00,311873,996060cc-1738-4269-9a35-58ffa0c7dd73,,10,FAULT,0x04C0,I2C_TIMEOUT|SENSOR_RANGE|SELFTEST,0,0,0,0,0,0,0.0,0.0,0.0,5.103,2.642,612.36,317.04,-19.62,-9.81,0.0,0.0,0.0,0.0,0.0,0.0,,0.0,0,0,0,0,0,8.0,0.0,194809.86,105657.86,300467.72,0.0,-9.38
2026-06-05T00:53:41.572+00:00,312002,996060cc-1738-4269-9a35-58ffa0c7dd73,,10,FAULT,0x04C0,I2C_TIMEOUT|SENSOR_RANGE|SELFTEST,0,0,0,0,0,0,0.0,0.0,0.0,5.148,2.665,617.76,319.8,-19.62,-9.93,0.0,0.0,0.0,0.0,0.0,0.0,,0.0,0,0,0,0,0,8.0,0.0,194889.55,105699.12,300588.67,0.0,0.0
2026-06-05T00:53:41.703+00:00,312131,996060cc-1738-4269-9a35-58ffa0c7dd73,,10,FAULT,0x04C0,I2C_TIMEOUT|SENSOR_RANGE|SELFTEST,0,0,0,0,0,0,0.0,0.0,0.0,5.1,2.641,612.0,316.92,-18.4,-9.44,0.0,0.0,0.0,0.0,0.0,0.0,,0.0,0,0,0,0,0,8.0,0.0,194968.5,105740.0,300708.5,0.0,9.46
2026-06-05T00:53:41.831+00:00,312261,996060cc-1738-4269-9a35-58ffa0c7dd73,,10,FAULT,0x04C0,I2C_TIMEOUT|SENSOR_RANGE|SELFTEST,0,0,0,0,0,0,0.0,0.0,0.0,5.149,2.656,617.88,318.72,-17.91,-9.2,0.0,0.0,0.0,0.0,0.0,0.0,,0.0,0,0,0,0,0,8.0,0.0,195048.82,105781.43,300830.26,0.0,3.77
2026-06-05T00:53:41.961+00:00,312390,996060cc-1738-4269-9a35-58ffa0c7dd73,,10,FAULT,0x04C0,I2C_TIMEOUT|SENSOR_RANGE|SELFTEST,0,0,0,0,0,0,0.0,0.0,0.0,5.103,2.638,612.36,316.56,-19.37,-9.81,0.0,0.0,0.0,0.0,0.0,0.0,,0.0,0,0,0,0,0,8.0,0.0,195127.82,105822.27,300950.09,0.0,-11.32
2026-06-05T00:53:42.092+00:00,312519,996060cc-1738-4269-9a35-58ffa0c7dd73,,10,FAULT,0x04C0,I2C_TIMEOUT|SENSOR_RANGE|SELFTEST,0,0,0,0,0,0,0.0,0.0,0.0,5.145,2.668,617.4,320.16,-19.62,-9.93,0.0,0.0,0.0,0.0,0.0,0.0,,0.0,0,0,0,0,0,8.0,0.0,195207.46,105863.57,301071.03,0.0,-1.94
2026-06-05T00:53:42.220+00:00,312648,996060cc-1738-4269-9a35-58ffa0c7dd73,,10,FAULT,0x04C0,I2C_TIMEOUT|SENSOR_RANGE|SELFTEST,0,0,0,0,0,0,0.0,0.0,0.0,5.116,2.654,613.92,318.48,-18.89,-9.68,0.0,0.0,0.0,0.0,0.0,0.0,,0.0,0,0,0,0,0,8.0,0.0,195286.66,105904.65,301191.31,0.0,5.66
2026-06-05T00:53:42.350+00:00,312778,996060cc-1738-4269-9a35-58ffa0c7dd73,,10,FAULT,0x04C0,I2C_TIMEOUT|SENSOR_RANGE|SELFTEST,0,0,0,0,0,0,0.0,0.0,0.0,5.145,2.66,617.4,319.2,-17.91,-9.07,0.0,0.0,0.0,0.0,0.0,0.0,,0.0,0,0,0,0,0,8.0,0.0,195366.92,105946.15,301313.07,0.0,7.54
2026-06-05T00:53:42.479+00:00,312907,996060cc-1738-4269-9a35-58ffa0c7dd73,,10,FAULT,0x04C0,I2C_TIMEOUT|SENSOR_RANGE|SELFTEST,0,0,0,0,0,0,0.0,0.0,0.0,5.136,2.647,616.32,317.64,-18.89,-9.32,0.0,0.0,0.0,0.0,0.0,0.0,,0.0,0,0,0,0,0,8.0,0.0,195446.43,105987.12,301433.55,0.0,-7.6
2026-06-05T00:53:42.609+00:00,313036,996060cc-1738-4269-9a35-58ffa0c7dd73,,10,FAULT,0x04C0,I2C_TIMEOUT|SENSOR_RANGE|SELFTEST,0,0,0,0,0,0,0.0,0.0,0.0,5.124,2.652,614.88,318.24,-19.86,-9.93,0.0,0.0,0.0,0.0,0.0,0.0,,0.0,0,0,0,0,0,8.0,0.0,195525.75,106028.18,301553.92,0.0,-7.52
2026-06-05T00:53:42.739+00:00,313166,996060cc-1738-4269-9a35-58ffa0c7dd73,,10,FAULT,0x04C0,I2C_TIMEOUT|SENSOR_RANGE|SELFTEST,0,0,0,0,0,0,0.0,0.0,0.0,5.151,2.666,618.12,319.92,-19.37,-9.81,0.0,0.0,0.0,0.0,0.0,0.0,,0.0,0,0,0,0,0,8.0,0.0,195606.1,106069.77,301675.87,0.0,3.77
2026-06-05T00:53:42.867+00:00,313295,996060cc-1738-4269-9a35-58ffa0c7dd73,,10,FAULT,0x04C0,I2C_TIMEOUT|SENSOR_RANGE|SELFTEST,0,0,0,0,0,0,0.0,0.0,0.0,5.112,2.652,613.44,318.24,-17.91,-9.32,0.0,0.0,0.0,0.0,0.0,0.0,,0.0,0,0,0,0,0,8.0,0.0,195685.24,106110.82,301796.05,0.0,11.32
2026-06-05T00:53:42.998+00:00,313424,996060cc-1738-4269-9a35-58ffa0c7dd73,,10,FAULT,0x04C0,I2C_TIMEOUT|SENSOR_RANGE|SELFTEST,0,0,0,0,0,0,0.0,0.0,0.0,5.158,2.667,618.96,320.04,-18.15,-9.2,0.0,0.0,0.0,0.0,0.0,0.0,,0.0,0,0,0,0,0,8.0,0.0,195765.08,106152.1,301917.19,0.0,-1.86
2026-06-05T00:53:43.128+00:00,313553,996060cc-1738-4269-9a35-58ffa0c7dd73,,10,FAULT,0x04C0,I2C_TIMEOUT|SENSOR_RANGE|SELFTEST,0,0,0,0,0,0,0.0,0.0,0.0,5.102,2.645,612.24,317.4,-19.62,-9.81,0.0,0.0,0.0,0.0,0.0,0.0,,0.0,0,0,0,0,0,8.0,0.0,195844.06,106193.05,302037.11,0.0,-11.4
2026-06-05T00:53:43.256+00:00,313683,996060cc-1738-4269-9a35-58ffa0c7dd73,,10,FAULT,0x04C0,I2C_TIMEOUT|SENSOR_RANGE|SELFTEST,0,0,0,0,0,0,0.0,0.0,0.0,5.152,2.674,618.24,320.88,-20.11,-10.05,0.0,0.0,0.0,0.0,0.0,0.0,,0.0,0,0,0,0,0,8.0,0.0,195924.43,106234.76,302159.19,0.0,-3.77
2026-06-05T00:53:43.387+00:00,313812,996060cc-1738-4269-9a35-58ffa0c7dd73,,10,FAULT,0x04C0,I2C_TIMEOUT|SENSOR_RANGE|SELFTEST,0,0,0,0,0,0,0.0,0.0,0.0,5.107,2.647,612.84,317.64,-18.89,-9.56,0.0,0.0,0.0,0.0,0.0,0.0,,0.0,0,0,0,0,0,8.0,0.0,196003.49,106275.74,302279.23,0.0,9.46
2026-06-05T00:53:43.517+00:00,313942,996060cc-1738-4269-9a35-58ffa0c7dd73,,10,FAULT,0x04C0,I2C_TIMEOUT|SENSOR_RANGE|SELFTEST,0,0,0,0,0,0,0.0,0.0,0.0,5.151,2.657,618.12,318.84,-17.66,-9.07,0.0,0.0,0.0,0.0,0.0,0.0,,0.0,0,0,0,0,0,8.0,0.0,196083.84,106317.19,302401.03,0.0,9.46
2026-06-05T00:53:43.645+00:00,314072,996060cc-1738-4269-9a35-58ffa0c7dd73,,10,FAULT,0x04C0,I2C_TIMEOUT|SENSOR_RANGE|SELFTEST,0,0,0,0,0,0,0.0,0.0,0.0,5.121,2.638,614.52,316.56,-18.89,-9.56,0.0,0.0,0.0,0.0,0.0,0.0,,0.0,0,0,0,0,0,8.0,0.0,196163.73,106358.34,302522.07,0.0,-9.46
2026-06-05T00:53:43.776+00:00,314201,996060cc-1738-4269-9a35-58ffa0c7dd73,,10,FAULT,0x04C0,I2C_TIMEOUT|SENSOR_RANGE|SELFTEST,0,0,0,0,0,0,0.0,0.0,0.0,5.144,2.659,617.28,319.08,-19.62,-9.93,0.0,0.0,0.0,0.0,0.0,0.0,,0.0,0,0,0,0,0,8.0,0.0,196243.36,106399.5,302642.86,0.0,-5.66
2026-06-05T00:53:43.904+00:00,314330,996060cc-1738-4269-9a35-58ffa0c7dd73,,10,FAULT,0x04C0,I2C_TIMEOUT|SENSOR_RANGE|SELFTEST,0,0,0,0,0,0,0.0,0.0,0.0,5.132,2.652,615.84,318.24,-18.89,-9.68,0.0,0.0,0.0,0.0,0.0,0.0,,0.0,0,0,0,0,0,8.0,0.0,196322.8,106440.56,302763.36,0.0,5.66
2026-06-05T00:53:44.036+00:00,314460,996060cc-1738-4269-9a35-58ffa0c7dd73,,10,FAULT,0x04C0,I2C_TIMEOUT|SENSOR_RANGE|SELFTEST,0,0,0,0,0,0,0.0,0.0,0.0,5.126,2.643,615.12,317.16,-17.91,-9.2,0.0,0.0,0.0,0.0,0.0,0.0,,0.0,0,0,0,0,0,8.0,0.0,196402.77,106481.79,302884.56,0.0,7.54
2026-06-05T00:53:44.165+00:00,314589,996060cc-1738-4269-9a35-58ffa0c7dd73,,10,FAULT,0x04C0,I2C_TIMEOUT|SENSOR_RANGE|SELFTEST,0,0,0,0,0,0,0.0,0.0,0.0,5.151,2.649,618.12,317.88,-18.4,-9.2,0.0,0.0,0.0,0.0,0.0,0.0,,0.0,0,0,0,0,0,8.0,0.0,196482.51,106522.79,303005.3,0.0,-3.8
2026-06-05T00:53:44.293+00:00,314718,996060cc-1738-4269-9a35-58ffa0c7dd73,,10,FAULT,0x04C0,I2C_TIMEOUT|SENSOR_RANGE|SELFTEST,0,0,0,0,0,0,0.0,0.0,0.0,5.11,2.637,613.2,316.44,-19.62,-9.93,0.0,0.0,0.0,0.0,0.0,0.0,,0.0,0,0,0,0,0,8.0,0.0,196561.61,106563.61,303125.22,0.0,-9.46
2026-06-05T00:53:44.423+00:00,314847,996060cc-1738-4269-9a35-58ffa0c7dd73,,10,FAULT,0x04C0,I2C_TIMEOUT|SENSOR_RANGE|SELFTEST,0,0,0,0,0,0,0.0,0.0,0.0,5.16,2.665,619.2,319.8,-19.37,-9.93,0.0,0.0,0.0,0.0,0.0,0.0,,0.0,0,0,0,0,0,8.0,0.0,196641.49,106604.87,303246.35,0.0,1.94
2026-06-05T00:53:44.553+00:00,314977,996060cc-1738-4269-9a35-58ffa0c7dd73,,10,FAULT,0x04C0,I2C_TIMEOUT|SENSOR_RANGE|SELFTEST,0,0,0,0,0,0,0.0,0.0,0.0,5.116,2.638,613.92,316.56,-18.4,-9.32,0.0,0.0,0.0,0.0,0.0,0.0,,0.0,0,0,0,0,0,8.0,0.0,196721.3,106646.02,303367.32,0.0,7.46
2026-06-05T00:53:44.682+00:00,315106,996060cc-1738-4269-9a35-58ffa0c7dd73,,10,FAULT,0x04C0,I2C_TIMEOUT|SENSOR_RANGE|SELFTEST,0,0,0,0,0,0,0.0,0.0,0.0,5.164,2.653,619.68,318.36,-17.91,-9.07,0.0,0.0,0.0,0.0,0.0,0.0,,0.0,0,0,0,0,0,8.0,0.0,196801.23,106687.09,303488.32,0.0,3.8
2026-06-05T00:53:44.812+00:00,315235,996060cc-1738-4269-9a35-58ffa0c7dd73,,10,FAULT,0x04C0,I2C_TIMEOUT|SENSOR_RANGE|SELFTEST,0,0,0,0,0,0,0.0,0.0,0.0,5.113,2.631,613.56,315.72,-19.13,-9.68,0.0,0.0,0.0,0.0,0.0,0.0,,0.0,0,0,0,0,0,8.0,0.0,196880.38,106727.82,303608.2,0.0,-9.46
2026-06-05T00:53:44.942+00:00,315365,996060cc-1738-4269-9a35-58ffa0c7dd73,,10,FAULT,0x04C0,I2C_TIMEOUT|SENSOR_RANGE|SELFTEST,0,0,0,0,0,0,0.0,0.0,0.0,5.16,2.664,619.2,319.68,-19.62,-9.81,0.0,0.0,0.0,0.0,0.0,0.0,,0.0,0,0,0,0,0,8.0,0.0,196960.88,106769.38,303730.25,0.0,-3.77
2026-06-05T00:53:45.071+00:00,315494,996060cc-1738-4269-9a35-58ffa0c7dd73,,10,FAULT,0x04C0,I2C_TIMEOUT|SENSOR_RANGE|SELFTEST,0,0,0,0,0,0,0.0,0.0,0.0,5.129,2.649,615.48,317.88,-18.64,-9.56,0.0,0.0,0.0,0.0,0.0,0.0,,0.0,0,0,0,0,0,8.0,0.0,197040.28,106810.38,303850.66,0.0,7.6
2026-06-05T00:53:45.201+00:00,315623,996060cc-1738-4269-9a35-58ffa0c7dd73,,10,FAULT,0x04C0,I2C_TIMEOUT|SENSOR_RANGE|SELFTEST,0,0,0,0,0,0,0.0,0.0,0.0,5.154,2.654,618.48,318.48,-17.66,-9.2,0.0,0.0,0.0,0.0,0.0,0.0,,0.0,0,0,0,0,0,8.0,0.0,197120.06,106851.47,303971.53,0.0,7.6
2026-06-05T00:53:45.329+00:00,315752,996060cc-1738-4269-9a35-58ffa0c7dd73,,10,FAULT,0x04C0,I2C_TIMEOUT|SENSOR_RANGE|SELFTEST,0,0,0,0,0,0,0.0,0.0,0.0,5.146,2.643,617.52,317.16,-18.64,-9.32,0.0,0.0,0.0,0.0,0.0,0.0,,0.0,0,0,0,0,0,8.0,0.0,197199.72,106892.38,304092.1,0.0,-7.6
2026-06-05T00:53:45.459+00:00,315882,996060cc-1738-4269-9a35-58ffa0c7dd73,,10,FAULT,0x04C0,I2C_TIMEOUT|SENSOR_RANGE|SELFTEST,0,0,0,0,0,0,0.0,0.0,0.0,5.138,2.645,616.56,317.4,-19.86,-9.93,0.0,0.0,0.0,0.0,0.0,0.0,,0.0,0,0,0,0,0,8.0,0.0,197279.87,106933.64,304213.51,0.0,-9.38
2026-06-05T00:53:45.590+00:00,316011,996060cc-1738-4269-9a35-58ffa0c7dd73,,10,FAULT,0x04C0,I2C_TIMEOUT|SENSOR_RANGE|SELFTEST,0,0,0,0,0,0,0.0,0.0,0.0,5.157,2.661,618.84,319.32,-19.37,-9.81,0.0,0.0,0.0,0.0,0.0,0.0,,0.0,0,0,0,0,0,8.0,0.0,197359.7,106974.83,304334.54,0.0,3.8
2026-06-05T00:53:45.718+00:00,316140,996060cc-1738-4269-9a35-58ffa0c7dd73,,10,FAULT,0x04C0,I2C_TIMEOUT|SENSOR_RANGE|SELFTEST,0,0,0,0,0,0,0.0,0.0,0.0,5.123,2.648,614.76,317.76,-17.91,-9.2,0.0,0.0,0.0,0.0,0.0,0.0,,0.0,0,0,0,0,0,8.0,0.0,197439.01,107015.82,304454.83,0.0,11.32
2026-06-05T00:53:45.848+00:00,316270,996060cc-1738-4269-9a35-58ffa0c7dd73,,10,FAULT,0x04C0,I2C_TIMEOUT|SENSOR_RANGE|SELFTEST,0,0,0,0,0,0,0.0,0.0,0.0,5.168,2.662,620.16,319.44,-18.15,-9.2,0.0,0.0,0.0,0.0,0.0,0.0,,0.0,0,0,0,0,0,8.0,0.0,197519.63,107057.35,304576.98,0.0,-1.85
2026-06-05T00:53:45.979+00:00,316399,996060cc-1738-4269-9a35-58ffa0c7dd73,,10,FAULT,0x04C0,I2C_TIMEOUT|SENSOR_RANGE|SELFTEST,0,0,0,0,0,0,0.0,0.0,0.0,5.11,2.642,613.2,317.04,-19.37,-9.68,0.0,0.0,0.0,0.0,0.0,0.0,,0.0,0,0,0,0,0,8.0,0.0,197598.73,107098.25,304696.98,0.0,-9.46
2026-06-05T00:53:46.107+00:00,316528,996060cc-1738-4269-9a35-58ffa0c7dd73,,10,FAULT,0x04C0,I2C_TIMEOUT|SENSOR_RANGE|SELFTEST,0,0,0,0,0,0,0.0,0.0,0.0,5.162,2.674,619.44,320.88,-19.86,-9.93,0.0,0.0,0.0,0.0,0.0,0.0,,0.0,0,0,0,0,0,8.0,0.0,197678.64,107139.64,304818.28,0.0,-3.8
2026-06-05T00:53:46.237+00:00,316657,996060cc-1738-4269-9a35-58ffa0c7dd73,,10,FAULT,0x04C0,I2C_TIMEOUT|SENSOR_RANGE|SELFTEST,0,0,0,0,0,0,0.0,0.0,0.0,5.11,2.649,613.2,317.88,-18.64,-9.56,0.0,0.0,0.0,0.0,0.0,0.0,,0.0,0,0,0,0,0,8.0,0.0,197757.74,107180.65,304938.39,0.0,9.46
2026-06-05T00:53:46.368+00:00,316787,996060cc-1738-4269-9a35-58ffa0c7dd73,,10,FAULT,0x04C0,I2C_TIMEOUT|SENSOR_RANGE|SELFTEST,0,0,0,0,0,0,0.0,0.0,0.0,5.154,2.657,618.48,318.84,-17.91,-9.07,0.0,0.0,0.0,0.0,0.0,0.0,,0.0,0,0,0,0,0,8.0,0.0,197838.14,107222.1,305060.24,0.0,5.62
2026-06-05T00:53:46.496+00:00,316916,996060cc-1738-4269-9a35-58ffa0c7dd73,,10,FAULT,0x04C0,I2C_TIMEOUT|SENSOR_RANGE|SELFTEST,0,0,0,0,0,0,0.0,0.0,0.0,5.125,2.643,615.0,317.16,-18.89,-9.44,0.0,0.0,0.0,0.0,0.0,0.0,,0.0,0,0,0,0,0,8.0,0.0,197917.48,107263.01,305180.49,0.0,-7.6
2026-06-05T00:53:46.627+00:00,317045,996060cc-1738-4269-9a35-58ffa0c7dd73,,10,FAULT,0x04C0,I2C_TIMEOUT|SENSOR_RANGE|SELFTEST,0,0,0,0,0,0,0.0,0.0,0.0,5.144,2.666,617.28,319.92,-19.62,-9.93,0.0,0.0,0.0,0.0,0.0,0.0,,0.0,0,0,0,0,0,8.0,0.0,197997.11,107304.28,305301.39,0.0,-5.66
2026-06-05T00:53:46.754+00:00,317175,996060cc-1738-4269-9a35-58ffa0c7dd73,,10,FAULT,0x04C0,I2C_TIMEOUT|SENSOR_RANGE|SELFTEST,0,0,0,0,0,0,0.0,0.0,0.0,5.134,2.662,616.08,319.44,-19.13,-9.68,0.0,0.0,0.0,0.0,0.0,0.0,,0.0,0,0,0,0,0,8.0,0.0,198077.2,107345.81,305423.01,0.0,3.77
2026-06-05T00:53:46.885+00:00,317304,996060cc-1738-4269-9a35-58ffa0c7dd73,,10,FAULT,0x04C0,I2C_TIMEOUT|SENSOR_RANGE|SELFTEST,0,0,0,0,0,0,0.0,0.0,0.0,5.127,2.652,615.24,318.24,-17.91,-9.07,0.0,0.0,0.0,0.0,0.0,0.0,,0.0,0,0,0,0,0,8.0,0.0,198156.56,107386.86,305543.43,0.0,9.46
2026-06-05T00:53:47.015+00:00,317433,996060cc-1738-4269-9a35-58ffa0c7dd73,,10,FAULT,0x04C0,I2C_TIMEOUT|SENSOR_RANGE|SELFTEST,0,0,0,0,0,0,0.0,0.0,0.0,5.155,2.662,618.6,319.44,-18.4,-9.2,0.0,0.0,0.0,0.0,0.0,0.0,,0.0,0,0,0,0,0,8.0,0.0,198236.36,107428.07,305664.43,0.0,-3.8
2026-06-05T00:53:47.143+00:00,317563,996060cc-1738-4269-9a35-58ffa0c7dd73,,10,FAULT,0x04C0,I2C_TIMEOUT|SENSOR_RANGE|SELFTEST,0,0,0,0,0,0,0.0,0.0,0.0,5.118,2.648,614.16,317.76,-19.62,-9.81,0.0,0.0,0.0,0.0,0.0,0.0,,0.0,0,0,0,0,0,8.0,0.0,198316.2,107469.38,305785.58,0.0,-9.38
2026-06-05T00:53:47.274+00:00,317692,996060cc-1738-4269-9a35-58ffa0c7dd73,,10,FAULT,0x04C0,I2C_TIMEOUT|SENSOR_RANGE|SELFTEST,0,0,0,0,0,0,0.0,0.0,0.0,5.166,2.679,619.92,321.48,-19.86,-9.93,0.0,0.0,0.0,0.0,0.0,0.0,,0.0,0,0,0,0,0,8.0,0.0,198396.17,107510.85,305907.02,0.0,-1.86
2026-06-05T00:53:47.404+00:00,317821,996060cc-1738-4269-9a35-58ffa0c7dd73,,10,FAULT,0x04C0,I2C_TIMEOUT|SENSOR_RANGE|SELFTEST,0,0,0,0,0,0,0.0,0.0,0.0,5.119,2.65,614.28,318.0,-18.4,-9.44,0.0,0.0,0.0,0.0,0.0,0.0,,0.0,0,0,0,0,0,8.0,0.0,198475.42,107551.87,306027.29,0.0,11.32
2026-06-05T00:53:47.532+00:00,317950,996060cc-1738-4269-9a35-58ffa0c7dd73,,10,FAULT,0x04C0,I2C_TIMEOUT|SENSOR_RANGE|SELFTEST,0,0,0,0,0,0,0.0,0.0,0.0,5.17,2.663,620.4,319.56,-17.66,-9.07,0.0,0.0,0.0,0.0,0.0,0.0,,0.0,0,0,0,0,0,8.0,0.0,198555.45,107593.1,306148.54,0.0,5.74
2026-06-05T00:53:47.663+00:00,318081,996060cc-1738-4269-9a35-58ffa0c7dd73,,10,FAULT,0x04C0,I2C_TIMEOUT|SENSOR_RANGE|SELFTEST,0,0,0,0,0,0,0.0,0.0,0.0,5.122,2.642,614.64,317.04,-19.13,-9.68,0.0,0.0,0.0,0.0,0.0,0.0,,0.0,0,0,0,0,0,8.0,0.0,198635.97,107634.63,306270.59,0.0,-11.22
2026-06-05T00:53:47.793+00:00,318210,996060cc-1738-4269-9a35-58ffa0c7dd73,,10,FAULT,0x04C0,I2C_TIMEOUT|SENSOR_RANGE|SELFTEST,0,0,0,0,0,0,0.0,0.0,0.0,5.165,2.675,619.8,321.0,-19.62,-10.05,0.0,0.0,0.0,0.0,0.0,0.0,,0.0,0,0,0,0,0,8.0,0.0,198715.92,107676.04,306391.96,0.0,-3.8
2026-06-05T00:53:47.921+00:00,318339,996060cc-1738-4269-9a35-58ffa0c7dd73,,10,FAULT,0x04C0,I2C_TIMEOUT|SENSOR_RANGE|SELFTEST,0,0,0,0,0,0,0.0,0.0,0.0,5.133,2.664,615.96,319.68,-18.89,-9.56,0.0,0.0,0.0,0.0,0.0,0.0,,0.0,0,0,0,0,0,8.0,0.0,198795.38,107717.28,306512.65,0.0,5.66
2026-06-05T00:53:48.052+00:00,318469,996060cc-1738-4269-9a35-58ffa0c7dd73,,10,FAULT,0x04C0,I2C_TIMEOUT|SENSOR_RANGE|SELFTEST,0,0,0,0,0,0,0.0,0.0,0.0,5.153,2.664,618.36,319.68,-17.91,-9.2,0.0,0.0,0.0,0.0,0.0,0.0,,0.0,0,0,0,0,0,8.0,0.0,198875.77,107758.83,306634.6,0.0,7.54
2026-06-05T00:53:48.180+00:00,318598,996060cc-1738-4269-9a35-58ffa0c7dd73,,10,FAULT,0x04C0,I2C_TIMEOUT|SENSOR_RANGE|SELFTEST,0,0,0,0,0,0,0.0,0.0,0.0,5.15,2.657,618.0,318.84,-18.64,-9.32,0.0,0.0,0.0,0.0,0.0,0.0,,0.0,0,0,0,0,0,8.0,0.0,198955.49,107799.96,306755.45,0.0,-5.66
2026-06-05T00:53:48.310+00:00,318727,996060cc-1738-4269-9a35-58ffa0c7dd73,,10,FAULT,0x04C0,I2C_TIMEOUT|SENSOR_RANGE|SELFTEST,0,0,0,0,0,0,0.0,0.0,0.0,5.133,2.659,615.96,319.08,-19.62,-9.93,0.0,0.0,0.0,0.0,0.0,0.0,,0.0,0,0,0,0,0,8.0,0.0,199034.95,107841.13,306876.07,0.0,-7.6
2026-06-05T00:53:48.440+00:00,318857,996060cc-1738-4269-9a35-58ffa0c7dd73,,10,FAULT,0x04C0,I2C_TIMEOUT|SENSOR_RANGE|SELFTEST,0,0,0,0,0,0,0.0,0.0,0.0,5.163,2.675,619.56,321.0,-19.37,-9.81,0.0,0.0,0.0,0.0,0.0,0.0,,0.0,0,0,0,0,0,8.0,0.0,199115.49,107882.86,306998.35,0.0,1.92
2026-06-05T00:53:48.569+00:00,318986,996060cc-1738-4269-9a35-58ffa0c7dd73,,10,FAULT,0x04C0,I2C_TIMEOUT|SENSOR_RANGE|SELFTEST,0,0,0,0,0,0,0.0,0.0,0.0,5.13,2.657,615.6,318.84,-18.15,-9.32,0.0,0.0,0.0,0.0,0.0,0.0,,0.0,0,0,0,0,0,8.0,0.0,199194.9,107923.99,307118.89,0.0,9.46
2026-06-05T00:53:48.699+00:00,319115,996060cc-1738-4269-9a35-58ffa0c7dd73,,10,FAULT,0x04C0,I2C_TIMEOUT|SENSOR_RANGE|SELFTEST,0,0,0,0,0,0,0.0,0.0,0.0,5.175,2.673,621.0,320.76,-18.15,-9.2,0.0,0.0,0.0,0.0,0.0,0.0,,0.0,0,0,0,0,0,8.0,0.0,199275.01,107965.36,307240.37,0.0,0.0
2026-06-05T00:53:48.829+00:00,319244,996060cc-1738-4269-9a35-58ffa0c7dd73,,10,FAULT,0x04C0,I2C_TIMEOUT|SENSOR_RANGE|SELFTEST,0,0,0,0,0,0,0.0,0.0,0.0,5.113,2.643,613.56,317.16,-19.37,-9.68,0.0,0.0,0.0,0.0,0.0,0.0,,0.0,0,0,0,0,0,8.0,0.0,199354.16,108006.28,307360.44,0.0,-9.46
2026-06-05T00:53:48.958+00:00,319374,996060cc-1738-4269-9a35-58ffa0c7dd73,,10,FAULT,0x04C0,I2C_TIMEOUT|SENSOR_RANGE|SELFTEST,0,0,0,0,0,0,0.0,0.0,0.0,5.167,2.674,620.04,320.88,-19.62,-9.81,0.0,0.0,0.0,0.0,0.0,0.0,,0.0,0,0,0,0,0,8.0,0.0,199434.77,108047.99,307482.76,0.0,-1.92
2026-06-05T00:53:49.088+00:00,319503,996060cc-1738-4269-9a35-58ffa0c7dd73,,10,FAULT,0x04C0,I2C_TIMEOUT|SENSOR_RANGE|SELFTEST,0,0,0,0,0,0,0.0,0.0,0.0,5.119,2.653,614.28,318.36,-18.64,-9.44,0.0,0.0,0.0,0.0,0.0,0.0,,0.0,0,0,0,0,0,8.0,0.0,199514.01,108089.06,307603.07,0.0,7.6
2026-06-05T00:53:49.218+00:00,319632,996060cc-1738-4269-9a35-58ffa0c7dd73,,10,FAULT,0x04C0,I2C_TIMEOUT|SENSOR_RANGE|SELFTEST,0,0,0,0,0,0,0.0,0.0,0.0,5.152,2.664,618.24,319.68,-17.91,-9.07,0.0,0.0,0.0,0.0,0.0,0.0,,0.0,0,0,0,0,0,8.0,0.0,199593.76,108130.3,307724.06,0.0,5.66
2026-06-05T00:53:49.347+00:00,319762,996060cc-1738-4269-9a35-58ffa0c7dd73,,10,FAULT,0x04C0,I2C_TIMEOUT|SENSOR_RANGE|SELFTEST,0,0,0,0,0,0,0.0,0.0,0.0,5.128,2.65,615.36,318.0,-19.13,-9.68,0.0,0.0,0.0,0.0,0.0,0.0,,0.0,0,0,0,0,0,8.0,0.0,199673.76,108171.64,307845.4,0.0,-9.38
2026-06-05T00:53:49.477+00:00,319891,996060cc-1738-4269-9a35-58ffa0c7dd73,,10,FAULT,0x04C0,I2C_TIMEOUT|SENSOR_RANGE|SELFTEST,0,0,0,0,0,0,0.0,0.0,0.0,5.143,2.664,617.16,319.68,-20.11,-10.54,0.0,0.0,0.0,0.0,0.0,0.0,,0.0,0,0,0,0,0,8.0,0.0,199753.37,108212.88,307966.25,0.0,-7.6
2026-06-05T00:53:49.605+00:00,320020,996060cc-1738-4269-9a35-58ffa0c7dd73,,10,FAULT,0x04C0,I2C_TIMEOUT|SENSOR_RANGE|SELFTEST,0,0,0,0,0,0,0.0,0.0,0.0,5.145,2.666,617.4,319.92,-19.13,-9.68,0.0,0.0,0.0,0.0,0.0,0.0,,0.0,0,0,0,0,0,8.0,0.0,199833.02,108254.15,308087.16,0.0,7.6
2026-06-05T00:53:49.735+00:00,320149,996060cc-1738-4269-9a35-58ffa0c7dd73,,10,FAULT,0x04C0,I2C_TIMEOUT|SENSOR_RANGE|SELFTEST,0,0,0,0,0,0,0.0,0.0,0.0,5.13,2.655,615.6,318.6,-18.15,-9.32,0.0,0.0,0.0,0.0,0.0,0.0,,0.0,0,0,0,0,0,8.0,0.0,199912.43,108295.25,308207.67,0.0,7.6
2026-06-05T00:53:49.866+00:00,320279,996060cc-1738-4269-9a35-58ffa0c7dd73,,10,FAULT,0x04C0,I2C_TIMEOUT|SENSOR_RANGE|SELFTEST,0,0,0,0,0,0,0.0,0.0,0.0,5.161,2.664,619.32,319.68,-18.4,-9.2,0.0,0.0,0.0,0.0,0.0,0.0,,0.0,0,0,0,0,0,8.0,0.0,199992.94,108336.81,308329.74,0.0,-1.92
2026-06-05T00:53:49.995+00:00,320408,996060cc-1738-4269-9a35-58ffa0c7dd73,,10,FAULT,0x04C0,I2C_TIMEOUT|SENSOR_RANGE|SELFTEST,0,0,0,0,0,0,0.0,0.0,0.0,5.117,2.641,614.04,316.92,-19.62,-10.17,0.0,0.0,0.0,0.0,0.0,0.0,,0.0,0,0,0,0,0,8.0,0.0,200072.15,108377.69,308449.84,0.0,-9.46
2026-06-05T00:53:50.124+00:00,320537,996060cc-1738-4269-9a35-58ffa0c7dd73,,10,FAULT,0x04C0,I2C_TIMEOUT|SENSOR_RANGE|SELFTEST,0,0,0,0,0,0,0.0,0.0,0.0,5.17,2.674,620.4,320.88,-20.11,-10.05,0.0,0.0,0.0,0.0,0.0,0.0,,0.0,0,0,0,0,0,8.0,0.0,200152.18,108419.08,308571.26,0.0,-3.8
2026-06-05T00:53:50.255+00:00,320667,996060cc-1738-4269-9a35-58ffa0c7dd73,,10,FAULT,0x04C0,I2C_TIMEOUT|SENSOR_RANGE|SELFTEST,0,0,0,0,0,0,0.0,0.0,0.0,5.105,2.638,612.6,316.56,-18.64,-9.32,0.0,0.0,0.0,0.0,0.0,0.0,,0.0,0,0,0,0,0,8.0,0.0,200231.82,108460.23,308692.05,0.0,11.31
2026-06-05T00:53:50.384+00:00,320796,996060cc-1738-4269-9a35-58ffa0c7dd73,,10,FAULT,0x04C0,I2C_TIMEOUT|SENSOR_RANGE|SELFTEST,0,0,0,0,0,0,0.0,0.0,0.0,5.158,2.657,618.96,318.84,-17.91,-9.2,0.0,0.0,0.0,0.0,0.0,0.0,,0.0,0,0,0,0,0,8.0,0.0,200311.67,108501.36,308813.03,0.0,5.66
2026-06-05T00:53:50.514+00:00,320925,996060cc-1738-4269-9a35-58ffa0c7dd73,,10,FAULT,0x04C0,I2C_TIMEOUT|SENSOR_RANGE|SELFTEST,0,0,0,0,0,0,0.0,0.0,0.0,5.114,2.633,613.68,315.96,-19.13,-9.56,0.0,0.0,0.0,0.0,0.0,0.0,,0.0,0,0,0,0,0,8.0,0.0,200390.83,108542.12,308932.95,0.0,-9.46
2026-06-05T00:53:50.644+00:00,321055,996060cc-1738-4269-9a35-58ffa0c7dd73,,10,FAULT,0x04C0,I2C_TIMEOUT|SENSOR_RANGE|SELFTEST,0,0,0,0,0,0,0.0,0.0,0.0,5.154,2.662,618.48,319.44,-20.11,-10.05,0.0,0.0,0.0,0.0,0.0,0.0,,0.0,0,0,0,0,0,8.0,0.0,200471.23,108583.65,309054.88,0.0,-7.54
2026-06-05T00:53:50.772+00:00,321184,996060cc-1738-4269-9a35-58ffa0c7dd73,,10,FAULT,0x04C0,I2C_TIMEOUT|SENSOR_RANGE|SELFTEST,0,0,0,0,0,0,0.0,0.0,0.0,5.134,2.654,616.08,318.48,-19.13,-9.81,0.0,0.0,0.0,0.0,0.0,0.0,,0.0,0,0,0,0,0,8.0,0.0,200550.71,108624.73,309175.44,0.0,7.6
2026-06-05T00:53:50.903+00:00,321313,996060cc-1738-4269-9a35-58ffa0c7dd73,,10,FAULT,0x04C0,I2C_TIMEOUT|SENSOR_RANGE|SELFTEST,0,0,0,0,0,0,0.0,0.0,0.0,5.146,2.648,617.52,317.76,-17.66,-9.2,0.0,0.0,0.0,0.0,0.0,0.0,,0.0,0,0,0,0,0,8.0,0.0,200630.37,108665.73,309296.09,0.0,11.4
2026-06-05T00:53:51.033+00:00,321443,996060cc-1738-4269-9a35-58ffa0c7dd73,,10,FAULT,0x04C0,I2C_TIMEOUT|SENSOR_RANGE|SELFTEST,0,0,0,0,0,0,0.0,0.0,0.0,5.15,2.647,618.0,317.64,-18.64,-9.2,0.0,0.0,0.0,0.0,0.0,0.0,,0.0,0,0,0,0,0,8.0,0.0,200710.71,108707.02,309417.73,0.0,-7.54
2026-06-05T00:53:51.161+00:00,321572,996060cc-1738-4269-9a35-58ffa0c7dd73,,10,FAULT,0x04C0,I2C_TIMEOUT|SENSOR_RANGE|SELFTEST,0,0,0,0,0,0,0.0,0.0,0.0,5.133,2.647,615.96,317.64,-19.86,-9.81,0.0,0.0,0.0,0.0,0.0,0.0,,0.0,0,0,0,0,0,8.0,0.0,200790.17,108747.99,309538.16,0.0,-9.46
2026-06-05T00:53:51.291+00:00,321701,996060cc-1738-4269-9a35-58ffa0c7dd73,,10,FAULT,0x04C0,I2C_TIMEOUT|SENSOR_RANGE|SELFTEST,0,0,0,0,0,0,0.0,0.0,0.0,5.164,2.666,619.68,319.92,-19.86,-9.93,0.0,0.0,0.0,0.0,0.0,0.0,,0.0,0,0,0,0,0,8.0,0.0,200870.11,108789.26,309659.37,0.0,0.0
2026-06-05T00:53:51.420+00:00,321831,996060cc-1738-4269-9a35-58ffa0c7dd73,,10,FAULT,0x04C0,I2C_TIMEOUT|SENSOR_RANGE|SELFTEST,0,0,0,0,0,0,0.0,0.0,0.0,5.118,2.64,614.16,316.8,-18.4,-9.56,0.0,0.0,0.0,0.0,0.0,0.0,,0.0,0,0,0,0,0,8.0,0.0,200949.95,108830.45,309780.39,0.0,11.23
2026-06-05T00:53:51.550+00:00,321960,996060cc-1738-4269-9a35-58ffa0c7dd73,,10,FAULT,0x04C0,I2C_TIMEOUT|SENSOR_RANGE|SELFTEST,0,0,0,0,0,0,0.0,0.0,0.0,5.169,2.659,620.28,319.08,-18.15,-9.07,0.0,0.0,0.0,0.0,0.0,0.0,,0.0,0,0,0,0,0,8.0,0.0,201029.96,108871.61,309901.57,0.0,1.94
2026-06-05T00:53:51.680+00:00,322089,996060cc-1738-4269-9a35-58ffa0c7dd73,,10,FAULT,0x04C0,I2C_TIMEOUT|SENSOR_RANGE|SELFTEST,0,0,0,0,0,0,0.0,0.0,0.0,5.1,2.622,612.0,314.64,-19.37,-9.56,0.0,0.0,0.0,0.0,0.0,0.0,,0.0,0,0,0,0,0,8.0,0.0,201108.91,108912.2,310021.11,0.0,-9.46
2026-06-05T00:53:51.808+00:00,322219,996060cc-1738-4269-9a35-58ffa0c7dd73,,10,FAULT,0x04C0,I2C_TIMEOUT|SENSOR_RANGE|SELFTEST,0,0,0,0,0,0,0.0,0.0,0.0,5.155,2.656,618.6,318.72,-19.62,-9.93,0.0,0.0,0.0,0.0,0.0,0.0,,0.0,0,0,0,0,0,8.0,0.0,201189.33,108953.63,310142.96,0.0,-1.92
2026-06-05T00:53:51.939+00:00,322349,996060cc-1738-4269-9a35-58ffa0c7dd73,,10,FAULT,0x04C0,I2C_TIMEOUT|SENSOR_RANGE|SELFTEST,0,0,0,0,0,0,0.0,0.0,0.0,5.119,2.645,614.28,317.4,-18.64,-9.68,0.0,0.0,0.0,0.0,0.0,0.0,,0.0,0,0,0,0,0,8.0,0.0,201269.18,108994.89,310264.08,0.0,7.54
2026-06-05T00:53:52.069+00:00,322478,996060cc-1738-4269-9a35-58ffa0c7dd73,,10,FAULT,0x04C0,I2C_TIMEOUT|SENSOR_RANGE|SELFTEST,0,0,0,0,0,0,0.0,0.0,0.0,5.141,2.65,616.92,318.0,-17.91,-9.2,0.0,0.0,0.0,0.0,0.0,0.0,,0.0,0,0,0,0,0,8.0,0.0,201348.77,109035.92,310384.68,0.0,5.66
2026-06-05T00:53:52.197+00:00,322607,996060cc-1738-4269-9a35-58ffa0c7dd73,,10,FAULT,0x04C0,I2C_TIMEOUT|SENSOR_RANGE|SELFTEST,0,0,0,0,0,0,0.0,0.0,0.0,5.117,2.633,614.04,315.96,-18.64,-9.32,0.0,0.0,0.0,0.0,0.0,0.0,,0.0,0,0,0,0,0,8.0,0.0,201427.98,109076.67,310504.65,0.0,-5.66
2026-06-05T00:53:52.328+00:00,322737,996060cc-1738-4269-9a35-58ffa0c7dd73,,10,FAULT,0x04C0,I2C_TIMEOUT|SENSOR_RANGE|SELFTEST,0,0,0,0,0,0,0.0,0.0,0.0,5.126,2.646,615.12,317.52,-19.86,-9.68,0.0,0.0,0.0,0.0,0.0,0.0,,0.0,0,0,0,0,0,8.0,0.0,201507.94,109117.95,310625.9,0.0,-9.38
2026-06-05T00:53:52.456+00:00,322866,996060cc-1738-4269-9a35-58ffa0c7dd73,,10,FAULT,0x04C0,I2C_TIMEOUT|SENSOR_RANGE|SELFTEST,0,0,0,0,0,0,0.0,0.0,0.0,5.13,2.65,615.6,318.0,-19.37,-9.68,0.0,0.0,0.0,0.0,0.0,0.0,,0.0,0,0,0,0,0,8.0,0.0,201587.36,109158.97,310746.33,0.0,3.8
2026-06-05T00:53:52.586+00:00,322995,996060cc-1738-4269-9a35-58ffa0c7dd73,,10,FAULT,0x04C0,I2C_TIMEOUT|SENSOR_RANGE|SELFTEST,0,0,0,0,0,0,0.0,0.0,0.0,5.101,2.633,612.12,315.96,-18.15,-9.44,0.0,0.0,0.0,0.0,0.0,0.0,,0.0,0,0,0,0,0,8.0,0.0,201666.32,109199.73,310866.05,0.0,9.46
2026-06-05T00:53:52.717+00:00,323124,996060cc-1738-4269-9a35-58ffa0c7dd73,,10,FAULT,0x04C0,I2C_TIMEOUT|SENSOR_RANGE|SELFTEST,0,0,0,0,0,0,0.0,0.0,0.0,5.134,2.641,616.08,316.92,-17.91,-8.95,0.0,0.0,0.0,0.0,0.0,0.0,,0.0,0,0,0,0,0,8.0,0.0,201745.79,109240.62,310986.41,0.0,1.86
2026-06-05T00:53:52.845+00:00,323254,996060cc-1738-4269-9a35-58ffa0c7dd73,,10,FAULT,0x04C0,I2C_TIMEOUT|SENSOR_RANGE|SELFTEST,0,0,0,0,0,0,0.0,0.0,0.0,5.069,2.614,608.28,313.68,-19.37,-9.68,0.0,0.0,0.0,0.0,0.0,0.0,,0.0,0,0,0,0,0,8.0,0.0,201824.87,109281.39,311106.26,0.0,-11.23
2026-06-05T00:53:52.975+00:00,323383,996060cc-1738-4269-9a35-58ffa0c7dd73,,10,FAULT,0x04C0,I2C_TIMEOUT|SENSOR_RANGE|SELFTEST,0,0,0,0,0,0,0.0,0.0,0.0,5.098,2.631,611.76,315.72,-19.86,-10.17,0.0,0.0,0.0,0.0,0.0,0.0,,0.0,0,0,0,0,0,8.0,0.0,201903.79,109322.12,311225.91,0.0,-3.8
2026-06-05T00:53:53.105+00:00,323512,996060cc-1738-4269-9a35-58ffa0c7dd73,,10,FAULT,0x04C0,I2C_TIMEOUT|SENSOR_RANGE|SELFTEST,0,0,0,0,0,0,0.0,0.0,0.0,5.059,2.611,607.08,313.32,-18.64,-9.56,0.0,0.0,0.0,0.0,0.0,0.0,,0.0,0,0,0,0,0,8.0,0.0,201982.1,109362.54,311344.64,0.0,9.46
2026-06-05T00:53:53.234+00:00,323642,996060cc-1738-4269-9a35-58ffa0c7dd73,,10,FAULT,0x04C0,I2C_TIMEOUT|SENSOR_RANGE|SELFTEST,0,0,0,0,0,0,0.0,0.0,0.0,5.102,2.632,612.24,315.84,-17.91,-8.95,0.0,0.0,0.0,0.0,0.0,0.0,,0.0,0,0,0,0,0,8.0,0.0,202061.69,109403.6,311465.29,0.0,5.62
2026-06-05T00:53:53.364+00:00,323771,996060cc-1738-4269-9a35-58ffa0c7dd73,,10,FAULT,0x04C0,I2C_TIMEOUT|SENSOR_RANGE|SELFTEST,0,0,0,0,0,0,0.0,0.0,0.0,5.065,2.617,607.8,314.04,-19.13,-9.32,0.0,0.0,0.0,0.0,0.0,0.0,,0.0,0,0,0,0,0,8.0,0.0,202140.1,109444.11,311584.21,0.0,-9.46
2026-06-05T00:53:53.494+00:00,323900,996060cc-1738-4269-9a35-58ffa0c7dd73,,10,FAULT,0x04C0,I2C_TIMEOUT|SENSOR_RANGE|SELFTEST,0,0,0,0,0,0,0.0,0.0,0.0,5.093,2.632,611.16,315.84,-19.86,-9.81,0.0,0.0,0.0,0.0,0.0,0.0,,0.0,0,0,0,0,0,8.0,0.0,202218.94,109484.85,311703.79,0.0,-5.66
2026-06-05T00:53:53.623+00:00,324030,996060cc-1738-4269-9a35-58ffa0c7dd73,,10,FAULT,0x04C0,I2C_TIMEOUT|SENSOR_RANGE|SELFTEST,0,0,0,0,0,0,0.0,0.0,0.0,5.079,2.624,609.48,314.88,-19.37,-9.81,0.0,0.0,0.0,0.0,0.0,0.0,,0.0,0,0,0,0,0,8.0,0.0,202298.17,109525.79,311823.96,0.0,3.77
2026-06-05T00:53:53.753+00:00,324159,996060cc-1738-4269-9a35-58ffa0c7dd73,,10,FAULT,0x04C0,I2C_TIMEOUT|SENSOR_RANGE|SELFTEST,0,0,0,0,0,0,0.0,0.0,0.0,5.079,2.625,609.48,315.0,-17.91,-9.2,0.0,0.0,0.0,0.0,0.0,0.0,,0.0,0,0,0,0,0,8.0,0.0,202376.79,109566.42,311943.22,0.0,11.32
2026-06-05T00:53:53.882+00:00,324288,996060cc-1738-4269-9a35-58ffa0c7dd73,,10,FAULT,0x04C0,I2C_TIMEOUT|SENSOR_RANGE|SELFTEST,0,0,0,0,0,0,0.0,0.0,0.0,5.092,2.625,611.04,315.0,-18.4,-9.2,0.0,0.0,0.0,0.0,0.0,0.0,,0.0,0,0,0,0,0,8.0,0.0,202455.62,109607.06,312062.68,0.0,-3.8
2026-06-05T00:53:54.012+00:00,324417,996060cc-1738-4269-9a35-58ffa0c7dd73,,10,FAULT,0x04C0,I2C_TIMEOUT|SENSOR_RANGE|SELFTEST,0,0,0,0,0,0,0.0,0.0,0.0,5.065,2.619,607.8,314.28,-19.62,-9.93,0.0,0.0,0.0,0.0,0.0,0.0,,0.0,0,0,0,0,0,8.0,0.0,202534.02,109647.6,312181.62,0.0,-9.46
2026-06-05T00:53:54.142+00:00,324547,996060cc-1738-4269-9a35-58ffa0c7dd73,,10,FAULT,0x04C0,I2C_TIMEOUT|SENSOR_RANGE|SELFTEST,0,0,0,0,0,0,0.0,0.0,0.0,5.118,2.652,614.16,318.24,-19.62,-9.81,0.0,0.0,0.0,0.0,0.0,0.0,,0.0,0,0,0,0,0,8.0,0.0,202613.86,109688.97,312302.84,0.0,0.0
2026-06-05T00:53:54.271+00:00,324676,996060cc-1738-4269-9a35-58ffa0c7dd73,,10,FAULT,0x04C0,I2C_TIMEOUT|SENSOR_RANGE|SELFTEST,0,0,0,0,0,0,0.0,0.0,0.0,5.06,2.619,607.2,314.28,-18.4,-9.56,0.0,0.0,0.0,0.0,0.0,0.0,,0.0,0,0,0,0,0,8.0,0.0,202692.19,109729.51,312421.71,0.0,9.46
2026-06-05T00:53:54.400+00:00,324805,996060cc-1738-4269-9a35-58ffa0c7dd73,,10,FAULT,0x04C0,I2C_TIMEOUT|SENSOR_RANGE|SELFTEST,0,0,0,0,0,0,0.0,0.0,0.0,5.113,2.636,613.56,316.32,-17.91,-9.07,0.0,0.0,0.0,0.0,0.0,0.0,,0.0,0,0,0,0,0,8.0,0.0,202771.34,109770.32,312541.66,0.0,3.8
2026-06-05T00:53:54.531+00:00,324935,996060cc-1738-4269-9a35-58ffa0c7dd73,,10,FAULT,0x04C0,I2C_TIMEOUT|SENSOR_RANGE|SELFTEST,0,0,0,0,0,0,0.0,0.0,0.0,5.064,2.617,607.68,314.04,-18.89,-9.44,0.0,0.0,0.0,0.0,0.0,0.0,,0.0,0,0,0,0,0,8.0,0.0,202850.34,109811.14,312661.48,0.0,-7.54
2026-06-05T00:53:54.659+00:00,325064,996060cc-1738-4269-9a35-58ffa0c7dd73,,10,FAULT,0x04C0,I2C_TIMEOUT|SENSOR_RANGE|SELFTEST,0,0,0,0,0,0,0.0,0.0,0.0,5.109,2.645,613.08,317.4,-19.86,-9.93,0.0,0.0,0.0,0.0,0.0,0.0,,0.0,0,0,0,0,0,8.0,0.0,202929.43,109852.09,312781.52,0.0,-7.52
2026-06-05T00:53:54.790+00:00,325193,996060cc-1738-4269-9a35-58ffa0c7dd73,,10,FAULT,0x04C0,I2C_TIMEOUT|SENSOR_RANGE|SELFTEST,0,0,0,0,0,0,0.0,0.0,0.0,5.087,2.635,610.44,316.2,-18.89,-9.68,0.0,0.0,0.0,0.0,0.0,0.0,,0.0,0,0,0,0,0,8.0,0.0,203008.17,109892.88,312901.05,0.0,7.52
2026-06-05T00:53:54.920+00:00,325322,996060cc-1738-4269-9a35-58ffa0c7dd73,,10,FAULT,0x04C0,I2C_TIMEOUT|SENSOR_RANGE|SELFTEST,0,0,0,0,0,0,0.0,0.0,0.0,5.104,2.645,612.48,317.4,-18.4,-9.2,0.0,0.0,0.0,0.0,0.0,0.0,,0.0,0,0,0,0,0,8.0,0.0,203087.18,109933.82,313021.01,0.0,3.8
2026-06-05T00:53:55.048+00:00,325452,996060cc-1738-4269-9a35-58ffa0c7dd73,,10,FAULT,0x04C0,I2C_TIMEOUT|SENSOR_RANGE|SELFTEST,0,0,0,0,0,0,0.0,0.0,0.0,5.11,2.639,613.2,316.68,-18.89,-9.32,0.0,0.0,0.0,0.0,0.0,0.0,,0.0,0,0,0,0,0,8.0,0.0,203166.9,109974.99,313141.89,0.0,-3.77
2026-06-05T00:53:55.178+00:00,325581,996060cc-1738-4269-9a35-58ffa0c7dd73,,10,FAULT,0x04C0,I2C_TIMEOUT|SENSOR_RANGE|SELFTEST,0,0,0,0,0,0,0.0,0.0,0.0,5.089,2.639,610.68,316.68,-19.62,-9.81,0.0,0.0,0.0,0.0,0.0,0.0,,0.0,0,0,0,0,0,8.0,0.0,203245.68,110015.84,313261.52,0.0,-5.66
2026-06-05T00:53:55.307+00:00,325710,996060cc-1738-4269-9a35-58ffa0c7dd73,,10,FAULT,0x04C0,I2C_TIMEOUT|SENSOR_RANGE|SELFTEST,0,0,0,0,0,0,0.0,0.0,0.0,5.124,2.658,614.88,318.96,-19.37,-9.93,0.0,0.0,0.0,0.0,0.0,0.0,,0.0,0,0,0,0,0,8.0,0.0,203325.0,110056.99,313381.99,0.0,1.94
2026-06-05T00:53:55.437+00:00,325840,996060cc-1738-4269-9a35-58ffa0c7dd73,,10,FAULT,0x04C0,I2C_TIMEOUT|SENSOR_RANGE|SELFTEST,0,0,0,0,0,0,0.0,0.0,0.0,5.087,2.636,610.44,316.32,-18.15,-9.32,0.0,0.0,0.0,0.0,0.0,0.0,,0.0,0,0,0,0,0,8.0,0.0,203404.36,110098.11,313502.47,0.0,9.38
2026-06-05T00:53:55.567+00:00,325969,996060cc-1738-4269-9a35-58ffa0c7dd73,,10,FAULT,0x04C0,I2C_TIMEOUT|SENSOR_RANGE|SELFTEST,0,0,0,0,0,0,0.0,0.0,0.0,5.135,2.655,616.2,318.6,-17.91,-9.2,0.0,0.0,0.0,0.0,0.0,0.0,,0.0,0,0,0,0,0,8.0,0.0,203483.84,110139.21,313623.06,0.0,1.86
2026-06-05T00:53:55.695+00:00,326098,996060cc-1738-4269-9a35-58ffa0c7dd73,,10,FAULT,0x04C0,I2C_TIMEOUT|SENSOR_RANGE|SELFTEST,0,0,0,0,0,0,0.0,0.0,0.0,5.071,2.626,608.52,315.12,-19.37,-9.81,0.0,0.0,0.0,0.0,0.0,0.0,,0.0,0,0,0,0,0,8.0,0.0,203562.34,110179.86,313742.2,0.0,-11.32
2026-06-05T00:53:55.826+00:00,326227,996060cc-1738-4269-9a35-58ffa0c7dd73,,10,FAULT,0x04C0,I2C_TIMEOUT|SENSOR_RANGE|SELFTEST,0,0,0,0,0,0,0.0,0.0,0.0,5.127,2.662,615.24,319.44,-19.62,-9.81,0.0,0.0,0.0,0.0,0.0,0.0,,0.0,0,0,0,0,0,8.0,0.0,203641.71,110221.07,313862.78,0.0,-1.94
2026-06-05T00:53:55.956+00:00,326358,996060cc-1738-4269-9a35-58ffa0c7dd73,,10,FAULT,0x04C0,I2C_TIMEOUT|SENSOR_RANGE|SELFTEST,0,0,0,0,0,0,0.0,0.0,0.0,5.085,2.643,610.2,317.16,-18.89,-9.56,0.0,0.0,0.0,0.0,0.0,0.0,,0.0,0,0,0,0,0,8.0,0.0,203721.65,110262.62,313984.26,0.0,5.57
2026-06-05T00:53:56.084+00:00,326487,996060cc-1738-4269-9a35-58ffa0c7dd73,,10,FAULT,0x04C0,I2C_TIMEOUT|SENSOR_RANGE|SELFTEST,0,0,0,0,0,0,0.0,0.0,0.0,5.123,2.657,614.76,318.84,-17.66,-9.07,0.0,0.0,0.0,0.0,0.0,0.0,,0.0,0,0,0,0,0,8.0,0.0,203800.95,110303.75,314104.7,0.0,9.53
2026-06-05T00:53:56.215+00:00,326616,996060cc-1738-4269-9a35-58ffa0c7dd73,,10,FAULT,0x04C0,I2C_TIMEOUT|SENSOR_RANGE|SELFTEST,0,0,0,0,0,0,0.0,0.0,0.0,5.102,2.645,612.24,317.4,-18.89,-9.32,0.0,0.0,0.0,0.0,0.0,0.0,,0.0,0,0,0,0,0,8.0,0.0,203879.93,110344.69,314224.62,0.0,-9.53
2026-06-05T00:53:56.345+00:00,326746,996060cc-1738-4269-9a35-58ffa0c7dd73,,10,FAULT,0x04C0,I2C_TIMEOUT|SENSOR_RANGE|SELFTEST,0,0,0,0,0,0,0.0,0.0,0.0,5.113,2.65,613.56,318.0,-19.86,-9.81,0.0,0.0,0.0,0.0,0.0,0.0,,0.0,0,0,0,0,0,8.0,0.0,203959.69,110386.03,314345.72,0.0,-7.46
2026-06-05T00:53:56.473+00:00,326875,996060cc-1738-4269-9a35-58ffa0c7dd73,,10,FAULT,0x04C0,I2C_TIMEOUT|SENSOR_RANGE|SELFTEST,0,0,0,0,0,0,0.0,0.0,0.0,5.132,2.662,615.84,319.44,-19.13,-9.68,0.0,0.0,0.0,0.0,0.0,0.0,,0.0,0,0,0,0,0,8.0,0.0,204039.14,110427.24,314466.37,0.0,5.66
2026-06-05T00:53:56.604+00:00,327004,996060cc-1738-4269-9a35-58ffa0c7dd73,,10,FAULT,0x04C0,I2C_TIMEOUT|SENSOR_RANGE|SELFTEST,0,0,0,0,0,0,0.0,0.0,0.0,5.115,2.654,613.8,318.48,-17.66,-9.2,0.0,0.0,0.0,0.0,0.0,0.0,,0.0,0,0,0,0,0,8.0,0.0,204118.32,110468.32,314586.64,0.0,11.4
2026-06-05T00:53:56.732+00:00,327133,996060cc-1738-4269-9a35-58ffa0c7dd73,,10,FAULT,0x04C0,I2C_TIMEOUT|SENSOR_RANGE|SELFTEST,0,0,0,0,0,0,0.0,0.0,0.0,5.16,2.672,619.2,320.64,-17.91,-9.2,0.0,0.0,0.0,0.0,0.0,0.0,,0.0,0,0,0,0,0,8.0,0.0,204198.19,110509.69,314707.88,0.0,-1.94
2026-06-05T00:53:56.862+00:00,327263,996060cc-1738-4269-9a35-58ffa0c7dd73,,10,FAULT,0x04C0,I2C_TIMEOUT|SENSOR_RANGE|SELFTEST,0,0,0,0,0,0,0.0,0.0,0.0,5.122,2.658,614.64,318.96,-19.37,-9.68,0.0,0.0,0.0,0.0,0.0,0.0,,0.0,0,0,0,0,0,8.0,0.0,204278.1,110551.15,314829.25,0.0,-11.23
2026-06-05T00:53:56.992+00:00,327392,996060cc-1738-4269-9a35-58ffa0c7dd73,,10,FAULT,0x04C0,I2C_TIMEOUT|SENSOR_RANGE|SELFTEST,0,0,0,0,0,0,0.0,0.0,0.0,5.18,2.689,621.6,322.68,-19.62,-9.93,0.0,0.0,0.0,0.0,0.0,0.0,,0.0,0,0,0,0,0,8.0,0.0,204358.28,110592.78,314951.06,0.0,-1.94
2026-06-05T00:53:57.121+00:00,327521,996060cc-1738-4269-9a35-58ffa0c7dd73,,10,FAULT,0x04C0,I2C_TIMEOUT|SENSOR_RANGE|SELFTEST,0,0,0,0,0,0,0.0,0.0,0.0,5.139,2.668,616.68,320.16,-18.15,-9.32,0.0,0.0,0.0,0.0,0.0,0.0,,0.0,0,0,0,0,0,8.0,0.0,204437.83,110634.08,315071.91,0.0,11.4
2026-06-05T00:53:57.251+00:00,327651,996060cc-1738-4269-9a35-58ffa0c7dd73,,10,FAULT,0x04C0,I2C_TIMEOUT|SENSOR_RANGE|SELFTEST,0,0,0,0,0,0,0.0,0.0,0.0,5.211,2.702,625.32,324.24,-17.66,-9.07,0.0,0.0,0.0,0.0,0.0,0.0,,0.0,0,0,0,0,0,8.0,0.0,204519.13,110676.23,315195.35,0.0,3.77
2026-06-05T00:53:57.381+00:00,327780,996060cc-1738-4269-9a35-58ffa0c7dd73,,10,FAULT,0x04C0,I2C_TIMEOUT|SENSOR_RANGE|SELFTEST,0,0,0,0,0,0,0.0,0.0,0.0,5.155,2.675,618.6,321.0,-18.89,-9.44,0.0,0.0,0.0,0.0,0.0,0.0,,0.0,0,0,0,0,0,8.0,0.0,204598.92,110717.64,315316.56,0.0,-9.53
2026-06-05T00:53:57.510+00:00,327909,996060cc-1738-4269-9a35-58ffa0c7dd73,,10,FAULT,0x04C0,I2C_TIMEOUT|SENSOR_RANGE|SELFTEST,0,0,0,0,0,0,0.0,0.0,0.0,5.181,2.691,621.72,322.92,-19.37,-9.81,0.0,0.0,0.0,0.0,0.0,0.0,,0.0,0,0,0,0,0,8.0,0.0,204679.13,110759.29,315438.42,0.0,-3.72
2026-06-05T00:53:57.640+00:00,328039,996060cc-1738-4269-9a35-58ffa0c7dd73,,10,FAULT,0x04C0,I2C_TIMEOUT|SENSOR_RANGE|SELFTEST,0,0,0,0,0,0,0.0,0.0,0.0,5.178,2.682,621.36,321.84,-18.89,-9.68,0.0,0.0,0.0,0.0,0.0,0.0,,0.0,0,0,0,0,0,8.0,0.0,204759.9,110801.13,315561.04,0.0,3.69
2026-06-05T00:53:57.771+00:00,328168,996060cc-1738-4269-9a35-58ffa0c7dd73,,10,FAULT,0x04C0,I2C_TIMEOUT|SENSOR_RANGE|SELFTEST,0,0,0,0,0,0,0.0,0.0,0.0,5.191,2.694,622.92,323.28,-17.91,-9.07,0.0,0.0,0.0,0.0,0.0,0.0,,0.0,0,0,0,0,0,8.0,0.0,204840.26,110842.84,315683.1,0.0,7.6
2026-06-05T00:53:57.898+00:00,328297,996060cc-1738-4269-9a35-58ffa0c7dd73,,10,FAULT,0x04C0,I2C_TIMEOUT|SENSOR_RANGE|SELFTEST,0,0,0,0,0,0,0.0,0.0,0.0,5.204,2.689,624.48,322.68,-18.4,-9.2,0.0,0.0,0.0,0.0,0.0,0.0,,0.0,0,0,0,0,0,8.0,0.0,204920.82,110884.46,315805.28,0.0,-3.8
2026-06-05T00:53:58.029+00:00,328426,996060cc-1738-4269-9a35-58ffa0c7dd73,,10,FAULT,0x04C0,I2C_TIMEOUT|SENSOR_RANGE|SELFTEST,0,0,0,0,0,0,0.0,0.0,0.0,5.186,2.686,622.32,322.32,-19.37,-9.68,0.0,0.0,0.0,0.0,0.0,0.0,,0.0,0,0,0,0,0,8.0,0.0,205001.1,110926.04,315927.14,0.0,-7.52
2026-06-05T00:53:58.157+00:00,328556,996060cc-1738-4269-9a35-58ffa0c7dd73,,10,FAULT,0x04C0,I2C_TIMEOUT|SENSOR_RANGE|SELFTEST,0,0,0,0,0,0,0.0,0.0,0.0,5.229,2.708,627.48,324.96,-19.37,-9.93,0.0,0.0,0.0,0.0,0.0,0.0,,0.0,0,0,0,0,0,8.0,0.0,205082.67,110968.29,316050.96,0.0,0.0
2026-06-05T00:53:58.288+00:00,328685,996060cc-1738-4269-9a35-58ffa0c7dd73,,10,FAULT,0x04C0,I2C_TIMEOUT|SENSOR_RANGE|SELFTEST,0,0,0,0,0,0,0.0,0.0,0.0,5.188,2.684,622.56,322.08,-18.15,-9.32,0.0,0.0,0.0,0.0,0.0,0.0,,0.0,0,0,0,0,0,8.0,0.0,205162.98,111009.83,316172.81,0.0,9.46
2026-06-05T00:53:58.418+00:00,328814,996060cc-1738-4269-9a35-58ffa0c7dd73,,10,FAULT,0x04C0,I2C_TIMEOUT|SENSOR_RANGE|SELFTEST,0,0,0,0,0,0,0.0,0.0,0.0,5.239,2.703,628.68,324.36,-17.91,-9.07,0.0,0.0,0.0,0.0,0.0,0.0,,0.0,0,0,0,0,0,8.0,0.0,205244.08,111051.68,316295.76,0.0,1.86
2026-06-05T00:53:58.546+00:00,328944,996060cc-1738-4269-9a35-58ffa0c7dd73,,10,FAULT,0x04C0,I2C_TIMEOUT|SENSOR_RANGE|SELFTEST,0,0,0,0,0,0,0.0,0.0,0.0,5.182,2.677,621.84,321.24,-18.89,-9.56,0.0,0.0,0.0,0.0,0.0,0.0,,0.0,0,0,0,0,0,8.0,0.0,205324.92,111093.44,316418.36,0.0,-7.54
2026-06-05T00:53:58.677+00:00,329073,996060cc-1738-4269-9a35-58ffa0c7dd73,,10,FAULT,0x04C0,I2C_TIMEOUT|SENSOR_RANGE|SELFTEST,0,0,0,0,0,0,0.0,0.0,0.0,5.236,2.71,628.32,325.2,-19.37,-9.81,0.0,0.0,0.0,0.0,0.0,0.0,,0.0,0,0,0,0,0,8.0,0.0,205405.97,111135.39,316541.36,0.0,-3.72
2026-06-05T00:53:58.807+00:00,329202,996060cc-1738-4269-9a35-58ffa0c7dd73,,10,FAULT,0x04C0,I2C_TIMEOUT|SENSOR_RANGE|SELFTEST,0,0,0,0,0,0,0.0,0.0,0.0,5.207,2.695,624.84,323.4,-18.64,-9.44,0.0,0.0,0.0,0.0,0.0,0.0,,0.0,0,0,0,0,0,8.0,0.0,205486.58,111177.11,316663.68,0.0,5.66
2026-06-05T00:53:58.935+00:00,329331,996060cc-1738-4269-9a35-58ffa0c7dd73,,10,FAULT,0x04C0,I2C_TIMEOUT|SENSOR_RANGE|SELFTEST,0,0,0,0,0,0,0.0,0.0,0.0,5.245,2.708,629.4,324.96,-17.91,-9.07,0.0,0.0,0.0,0.0,0.0,0.0,,0.0,0,0,0,0,0,8.0,0.0,205567.77,111219.03,316786.8,0.0,5.66
2026-06-05T00:53:59.065+00:00,329461,996060cc-1738-4269-9a35-58ffa0c7dd73,,10,FAULT,0x04C0,I2C_TIMEOUT|SENSOR_RANGE|SELFTEST,0,0,0,0,0,0,0.0,0.0,0.0,5.233,2.697,627.96,323.64,-18.64,-9.32,0.0,0.0,0.0,0.0,0.0,0.0,,0.0,0,0,0,0,0,8.0,0.0,205649.4,111261.1,316910.5,0.0,-5.62
2026-06-05T00:53:59.196+00:00,329590,996060cc-1738-4269-9a35-58ffa0c7dd73,,10,FAULT,0x04C0,I2C_TIMEOUT|SENSOR_RANGE|SELFTEST,0,0,0,0,0,0,0.0,0.0,0.0,5.236,2.702,628.32,324.24,-19.62,-9.81,0.0,0.0,0.0,0.0,0.0,0.0,,0.0,0,0,0,0,0,8.0,0.0,205730.46,111302.93,317033.38,0.0,-7.6
2026-06-05T00:53:59.324+00:00,329719,996060cc-1738-4269-9a35-58ffa0c7dd73,,10,FAULT,0x04C0,I2C_TIMEOUT|SENSOR_RANGE|SELFTEST,0,0,0,0,0,0,0.0,0.0,0.0,5.252,2.708,630.24,324.96,-19.37,-9.81,0.0,0.0,0.0,0.0,0.0,0.0,,0.0,0,0,0,0,0,8.0,0.0,205811.76,111344.85,317156.61,0.0,1.94
2026-06-05T00:53:59.454+00:00,329849,996060cc-1738-4269-9a35-58ffa0c7dd73,,10,FAULT,0x04C0,I2C_TIMEOUT|SENSOR_RANGE|SELFTEST,0,0,0,0,0,0,0.0,0.0,0.0,5.224,2.694,626.88,323.28,-17.66,-9.07,0.0,0.0,0.0,0.0,0.0,0.0,,0.0,0,0,0,0,0,8.0,0.0,205893.25,111386.87,317280.13,0.0,13.15
2026-06-05T00:53:59.583+00:00,329978,996060cc-1738-4269-9a35-58ffa0c7dd73,,10,FAULT,0x04C0,I2C_TIMEOUT|SENSOR_RANGE|SELFTEST,0,0,0,0,0,0,0.0,0.0,0.0,5.27,2.711,632.4,325.32,-18.15,-9.07,0.0,0.0,0.0,0.0,0.0,0.0,,0.0,0,0,0,0,0,8.0,0.0,205974.83,111428.84,317403.67,0.0,-3.8
2026-06-05T00:53:59.713+00:00,330107,996060cc-1738-4269-9a35-58ffa0c7dd73,,10,FAULT,0x04C0,I2C_TIMEOUT|SENSOR_RANGE|SELFTEST,0,0,0,0,0,0,0.0,0.0,0.0,5.213,2.693,625.56,323.16,-19.37,-9.68,0.0,0.0,0.0,0.0,0.0,0.0,,0.0,0,0,0,0,0,8.0,0.0,206055.53,111470.53,317526.06,0.0,-9.46
2026-06-05T00:53:59.843+00:00,330236,996060cc-1738-4269-9a35-58ffa0c7dd73,,10,FAULT,0x04C0,I2C_TIMEOUT|SENSOR_RANGE|SELFTEST,0,0,0,0,0,0,0.0,0.0,0.0,5.271,2.718,632.52,326.16,-19.62,-9.93,0.0,0.0,0.0,0.0,0.0,0.0,,0.0,0,0,0,0,0,8.0,0.0,206137.12,111512.6,317649.73,0.0,-1.94
2026-06-05T00:53:59.971+00:00,330366,996060cc-1738-4269-9a35-58ffa0c7dd73,,10,FAULT,0x04C0,I2C_TIMEOUT|SENSOR_RANGE|SELFTEST,0,0,0,0,0,0,0.0,0.0,0.0,5.225,2.694,627.0,323.28,-18.64,-9.44,0.0,0.0,0.0,0.0,0.0,0.0,,0.0,0,0,0,0,0,8.0,0.0,206218.63,111554.63,317773.26,0.0,7.54
2026-06-05T00:54:00.102+00:00,330496,996060cc-1738-4269-9a35-58ffa0c7dd73,,10,FAULT,0x04C0,I2C_TIMEOUT|SENSOR_RANGE|SELFTEST,0,0,0,0,0,0,0.0,0.0,0.0,5.272,2.707,632.64,324.84,-17.91,-8.95,0.0,0.0,0.0,0.0,0.0,0.0,,0.0,0,0,0,0,0,8.0,0.0,206300.88,111596.86,317897.74,0.0,5.62
2026-06-05T00:54:00.232+00:00,330625,996060cc-1738-4269-9a35-58ffa0c7dd73,,10,FAULT,0x04C0,I2C_TIMEOUT|SENSOR_RANGE|SELFTEST,0,0,0,0,0,0,0.0,0.0,0.0,5.24,2.691,628.8,322.92,-18.64,-9.44,0.0,0.0,0.0,0.0,0.0,0.0,,0.0,0,0,0,0,0,8.0,0.0,206381.99,111638.51,318020.51,0.0,-5.66
2026-06-05T00:54:00.360+00:00,330755,996060cc-1738-4269-9a35-58ffa0c7dd73,,10,FAULT,0x04C0,I2C_TIMEOUT|SENSOR_RANGE|SELFTEST,0,0,0,0,0,0,0.0,0.0,0.0,5.268,2.711,632.16,325.32,-19.62,-9.93,0.0,0.0,0.0,0.0,0.0,0.0,,0.0,0,0,0,0,0,8.0,0.0,206464.17,111680.81,318144.98,0.0,-7.54
2026-06-05T00:54:00.491+00:00,330884,996060cc-1738-4269-9a35-58ffa0c7dd73,,10,FAULT,0x04C0,I2C_TIMEOUT|SENSOR_RANGE|SELFTEST,0,0,0,0,0,0,0.0,0.0,0.0,5.257,2.704,630.84,324.48,-18.89,-9.68,0.0,0.0,0.0,0.0,0.0,0.0,,0.0,0,0,0,0,0,8.0,0.0,206545.55,111722.66,318268.22,0.0,5.66
2026-06-05T00:54:00.621+00:00,331013,996060cc-1738-4269-9a35-58ffa0c7dd73,,10,FAULT,0x04C0,I2C_TIMEOUT|SENSOR_RANGE|SELFTEST,0,0,0,0,0,0,0.0,0.0,0.0,5.251,2.703,630.12,324.36,-17.91,-9.2,0.0,0.0,0.0,0.0,0.0,0.0,,0.0,0,0,0,0,0,8.0,0.0,206626.84,111764.51,318391.34,0.0,7.6
2026-06-05T00:54:00.749+00:00,331142,996060cc-1738-4269-9a35-58ffa0c7dd73,,10,FAULT,0x04C0,I2C_TIMEOUT|SENSOR_RANGE|SELFTEST,0,0,0,0,0,0,0.0,0.0,0.0,5.275,2.708,633.0,324.96,-18.4,-9.2,0.0,0.0,0.0,0.0,0.0,0.0,,0.0,0,0,0,0,0,8.0,0.0,206708.49,111806.43,318514.92,0.0,-3.8
2026-06-05T00:54:00.880+00:00,331272,996060cc-1738-4269-9a35-58ffa0c7dd73,,10,FAULT,0x04C0,I2C_TIMEOUT|SENSOR_RANGE|SELFTEST,0,0,0,0,0,0,0.0,0.0,0.0,5.236,2.699,628.32,323.88,-19.62,-9.81,0.0,0.0,0.0,0.0,0.0,0.0,,0.0,0,0,0,0,0,8.0,0.0,206790.18,111848.53,318638.71,0.0,-9.38
2026-06-05T00:54:01.008+00:00,331401,996060cc-1738-4269-9a35-58ffa0c7dd73,,10,FAULT,0x04C0,I2C_TIMEOUT|SENSOR_RANGE|SELFTEST,0,0,0,0,0,0,0.0,0.0,0.0,5.289,2.721,634.68,326.52,-19.62,-9.93,0.0,0.0,0.0,0.0,0.0,0.0,,0.0,0,0,0,0,0,8.0,0.0,206872.05,111890.65,318762.7,0.0,0.0
2026-06-05T00:54:01.138+00:00,331530,996060cc-1738-4269-9a35-58ffa0c7dd73,,10,FAULT,0x04C0,I2C_TIMEOUT|SENSOR_RANGE|SELFTEST,0,0,0,0,0,0,0.0,0.0,0.0,5.233,2.694,627.96,323.28,-18.4,-9.44,0.0,0.0,0.0,0.0,0.0,0.0,,0.0,0,0,0,0,0,8.0,0.0,206953.06,111932.35,318885.41,0.0,9.46
2026-06-05T00:54:01.269+00:00,331660,996060cc-1738-4269-9a35-58ffa0c7dd73,,10,FAULT,0x04C0,I2C_TIMEOUT|SENSOR_RANGE|SELFTEST,0,0,0,0,0,0,0.0,0.0,0.0,5.282,2.71,633.84,325.2,-17.91,-9.2,0.0,0.0,0.0,0.0,0.0,0.0,,0.0,0,0,0,0,0,8.0,0.0,207035.46,111974.63,319010.09,0.0,3.77
2026-06-05T00:54:01.397+00:00,331789,996060cc-1738-4269-9a35-58ffa0c7dd73,,10,FAULT,0x04C0,I2C_TIMEOUT|SENSOR_RANGE|SELFTEST,0,0,0,0,0,0,0.0,0.0,0.0,5.23,2.687,627.6,322.44,-18.89,-9.56,0.0,0.0,0.0,0.0,0.0,0.0,,0.0,0,0,0,0,0,8.0,0.0,207116.42,112016.23,319132.64,0.0,-7.6
2026-06-05T00:54:01.527+00:00,331918,996060cc-1738-4269-9a35-58ffa0c7dd73,,10,FAULT,0x04C0,I2C_TIMEOUT|SENSOR_RANGE|SELFTEST,0,0,0,0,0,0,0.0,0.0,0.0,5.28,2.717,633.6,326.04,-19.37,-9.81,0.0,0.0,0.0,0.0,0.0,0.0,,0.0,0,0,0,0,0,8.0,0.0,207198.15,112058.28,319256.44,0.0,-3.72
2026-06-05T00:54:01.658+00:00,332047,996060cc-1738-4269-9a35-58ffa0c7dd73,,10,FAULT,0x04C0,I2C_TIMEOUT|SENSOR_RANGE|SELFTEST,0,0,0,0,0,0,0.0,0.0,0.0,5.252,2.7,630.24,324.0,-18.89,-9.56,0.0,0.0,0.0,0.0,0.0,0.0,,0.0,0,0,0,0,0,8.0,0.0,207279.45,112100.08,319379.53,0.0,3.72
2026-06-05T00:54:01.786+00:00,332177,996060cc-1738-4269-9a35-58ffa0c7dd73,,10,FAULT,0x04C0,I2C_TIMEOUT|SENSOR_RANGE|SELFTEST,0,0,0,0,0,0,0.0,0.0,0.0,5.277,2.71,633.24,325.2,-17.66,-9.2,0.0,0.0,0.0,0.0,0.0,0.0,,0.0,0,0,0,0,0,8.0,0.0,207361.77,112142.36,319504.13,0.0,9.46
2026-06-05T00:54:01.916+00:00,332306,996060cc-1738-4269-9a35-58ffa0c7dd73,,10,FAULT,0x04C0,I2C_TIMEOUT|SENSOR_RANGE|SELFTEST,0,0,0,0,0,0,0.0,0.0,0.0,5.268,2.7,632.16,324.0,-18.64,-9.2,0.0,0.0,0.0,0.0,0.0,0.0,,0.0,0,0,0,0,0,8.0,0.0,207443.32,112184.15,319627.47,0.0,-7.6
2026-06-05T00:54:02.044+00:00,332435,996060cc-1738-4269-9a35-58ffa0c7dd73,,10,FAULT,0x04C0,I2C_TIMEOUT|SENSOR_RANGE|SELFTEST,0,0,0,0,0,0,0.0,0.0,0.0,5.256,2.696,630.72,323.52,-19.62,-9.81,0.0,0.0,0.0,0.0,0.0,0.0,,0.0,0,0,0,0,0,8.0,0.0,207524.68,112225.89,319750.57,0.0,-7.6
2026-06-05T00:54:02.175+00:00,332565,996060cc-1738-4269-9a35-58ffa0c7dd73,,10,FAULT,0x04C0,I2C_TIMEOUT|SENSOR_RANGE|SELFTEST,0,0,0,0,0,0,0.0,0.0,0.0,5.28,2.707,633.6,324.84,-19.37,-9.81,0.0,0.0,0.0,0.0,0.0,0.0,,0.0,0,0,0,0,0,8.0,0.0,207607.05,112268.12,319875.17,0.0,1.92
2026-06-05T00:54:02.305+00:00,332694,996060cc-1738-4269-9a35-58ffa0c7dd73,,10,FAULT,0x04C0,I2C_TIMEOUT|SENSOR_RANGE|SELFTEST,0,0,0,0,0,0,0.0,0.0,0.0,5.255,2.702,630.6,324.24,-17.91,-9.2,0.0,0.0,0.0,0.0,0.0,0.0,,0.0,0,0,0,0,0,8.0,0.0,207688.4,112309.94,319998.34,0.0,11.32
2026-06-05T00:54:02.433+00:00,332823,996060cc-1738-4269-9a35-58ffa0c7dd73,,10,FAULT,0x04C0,I2C_TIMEOUT|SENSOR_RANGE|SELFTEST,0,0,0,0,0,0,0.0,0.0,0.0,5.3,2.715,636.0,325.8,-17.91,-9.07,0.0,0.0,0.0,0.0,0.0,0.0,,0.0,0,0,0,0,0,8.0,0.0,207770.44,112351.97,320122.41,0.0,0.0
2026-06-05T00:54:02.563+00:00,332952,996060cc-1738-4269-9a35-58ffa0c7dd73,,10,FAULT,0x04C0,I2C_TIMEOUT|SENSOR_RANGE|SELFTEST,0,0,0,0,0,0,0.0,0.0,0.0,5.237,2.691,628.44,322.92,-19.37,-9.68,0.0,0.0,0.0,0.0,0.0,0.0,,0.0,0,0,0,0,0,8.0,0.0,207851.51,112393.63,320245.14,0.0,-11.32
2026-06-05T00:54:02.694+00:00,333082,996060cc-1738-4269-9a35-58ffa0c7dd73,,10,FAULT,0x04C0,I2C_TIMEOUT|SENSOR_RANGE|SELFTEST,0,0,0,0,0,0,0.0,0.0,0.0,5.294,2.718,635.28,326.16,-19.37,-9.93,0.0,0.0,0.0,0.0,0.0,0.0,,0.0,0,0,0,0,0,8.0,0.0,207934.1,112436.03,320370.13,0.0,0.0
2026-06-05T00:54:02.822+00:00,333211,996060cc-1738-4269-9a35-58ffa0c7dd73,,10,FAULT,0x04C0,I2C_TIMEOUT|SENSOR_RANGE|SELFTEST,0,0,0,0,0,0,0.0,0.0,0.0,5.241,2.694,628.92,323.28,-18.4,-9.44,0.0,0.0,0.0,0.0,0.0,0.0,,0.0,0,0,0,0,0,8.0,0.0,208015.23,112477.73,320492.96,0.0,7.52
2026-06-05T00:54:02.952+00:00,333340,996060cc-1738-4269-9a35-58ffa0c7dd73,,10,FAULT,0x04C0,I2C_TIMEOUT|SENSOR_RANGE|SELFTEST,0,0,0,0,0,0,0.0,0.0,0.0,5.28,2.707,633.6,324.84,-17.66,-9.07,0.0,0.0,0.0,0.0,0.0,0.0,,0.0,0,0,0,0,0,8.0,0.0,208096.96,112519.64,320616.6,0.0,5.74
2026-06-05T00:54:03.083+00:00,333470,996060cc-1738-4269-9a35-58ffa0c7dd73,,10,FAULT,0x04C0,I2C_TIMEOUT|SENSOR_RANGE|SELFTEST,0,0,0,0,0,0,0.0,0.0,0.0,5.248,2.69,629.76,322.8,-18.64,-9.44,0.0,0.0,0.0,0.0,0.0,0.0,,0.0,0,0,0,0,0,8.0,0.0,208178.83,112561.6,320740.43,0.0,-7.54
2026-06-05T00:54:03.211+00:00,333599,996060cc-1738-4269-9a35-58ffa0c7dd73,,10,FAULT,0x04C0,I2C_TIMEOUT|SENSOR_RANGE|SELFTEST,0,0,0,0,0,0,0.0,0.0,0.0,5.26,2.702,631.2,324.24,-19.62,-9.81,0.0,0.0,0.0,0.0,0.0,0.0,,0.0,0,0,0,0,0,8.0,0.0,208260.26,112603.43,320863.68,0.0,-7.6
2026-06-05T00:54:03.341+00:00,333728,996060cc-1738-4269-9a35-58ffa0c7dd73,,10,FAULT,0x04C0,I2C_TIMEOUT|SENSOR_RANGE|SELFTEST,0,0,0,0,0,0,0.0,0.0,0.0,5.245,2.701,629.4,324.12,-19.13,-9.68,0.0,0.0,0.0,0.0,0.0,0.0,,0.0,0,0,0,0,0,8.0,0.0,208341.45,112645.24,320986.69,0.0,3.8
2026-06-05T00:54:03.470+00:00,333857,996060cc-1738-4269-9a35-58ffa0c7dd73,,10,FAULT,0x04C0,I2C_TIMEOUT|SENSOR_RANGE|SELFTEST,0,0,0,0,0,0,0.0,0.0,0.0,5.225,2.697,627.0,323.64,-17.66,-9.07,0.0,0.0,0.0,0.0,0.0,0.0,,0.0,0,0,0,0,0,8.0,0.0,208422.33,112686.99,321109.32,0.0,11.4
2026-06-05T00:54:03.600+00:00,333987,996060cc-1738-4269-9a35-58ffa0c7dd73,,10,FAULT,0x04C0,I2C_TIMEOUT|SENSOR_RANGE|SELFTEST,0,0,0,0,0,0,0.0,0.0,0.0,5.252,2.702,630.24,324.24,-18.4,-9.2,0.0,0.0,0.0,0.0,0.0,0.0,,0.0,0,0,0,0,0,8.0,0.0,208504.26,112729.14,321233.4,0.0,-5.69
2026-06-05T00:54:03.730+00:00,334116,996060cc-1738-4269-9a35-58ffa0c7dd73,,10,FAULT,0x04C0,I2C_TIMEOUT|SENSOR_RANGE|SELFTEST,0,0,0,0,0,0,0.0,0.0,0.0,5.2,2.68,624.0,321.6,-19.37,-9.68,0.0,0.0,0.0,0.0,0.0,0.0,,0.0,0,0,0,0,0,8.0,0.0,208584.76,112770.63,321355.39,0.0,-7.52
2026-06-05T00:54:03.859+00:00,334245,996060cc-1738-4269-9a35-58ffa0c7dd73,,10,FAULT,0x04C0,I2C_TIMEOUT|SENSOR_RANGE|SELFTEST,0,0,0,0,0,0,0.0,0.0,0.0,5.253,2.709,630.36,325.08,-19.37,-9.81,0.0,0.0,0.0,0.0,0.0,0.0,,0.0,0,0,0,0,0,8.0,0.0,208666.08,112812.56,321478.64,0.0,0.0
2026-06-05T00:54:03.989+00:00,334375,996060cc-1738-4269-9a35-58ffa0c7dd73,,10,FAULT,0x04C0,I2C_TIMEOUT|SENSOR_RANGE|SELFTEST,0,0,0,0,0,0,0.0,0.0,0.0,5.194,2.677,623.28,321.24,-18.15,-9.32,0.0,0.0,0.0,0.0,0.0,0.0,,0.0,0,0,0,0,0,8.0,0.0,208747.1,112854.32,321601.43,0.0,9.38
2026-06-05T00:54:04.119+00:00,334504,996060cc-1738-4269-9a35-58ffa0c7dd73,,10,FAULT,0x04C0,I2C_TIMEOUT|SENSOR_RANGE|SELFTEST,0,0,0,0,0,0,0.0,0.0,0.0,5.242,2.694,629.04,323.28,-17.91,-9.07,0.0,0.0,0.0,0.0,0.0,0.0,,0.0,0,0,0,0,0,8.0,0.0,208828.25,112896.03,321724.27,0.0,1.86
2026-06-05T00:54:04.247+00:00,334633,996060cc-1738-4269-9a35-58ffa0c7dd73,,10,FAULT,0x04C0,I2C_TIMEOUT|SENSOR_RANGE|SELFTEST,0,0,0,0,0,0,0.0,0.0,0.0,5.186,2.669,622.32,320.28,-18.89,-9.56,0.0,0.0,0.0,0.0,0.0,0.0,,0.0,0,0,0,0,0,8.0,0.0,208908.53,112937.34,321845.87,0.0,-7.6
2026-06-05T00:54:04.378+00:00,334764,996060cc-1738-4269-9a35-58ffa0c7dd73,,10,FAULT,0x04C0,I2C_TIMEOUT|SENSOR_RANGE|SELFTEST,0,0,0,0,0,0,0.0,0.0,0.0,5.224,2.696,626.88,323.52,-19.62,-9.81,0.0,0.0,0.0,0.0,0.0,0.0,,0.0,0,0,0,0,0,8.0,0.0,208990.65,112979.72,321970.37,0.0,-5.57
2026-06-05T00:54:04.508+00:00,334893,996060cc-1738-4269-9a35-58ffa0c7dd73,,10,FAULT,0x04C0,I2C_TIMEOUT|SENSOR_RANGE|SELFTEST,0,0,0,0,0,0,0.0,0.0,0.0,5.188,2.675,622.56,321.0,-18.64,-9.44,0.0,0.0,0.0,0.0,0.0,0.0,,0.0,0,0,0,0,0,8.0,0.0,209070.96,113021.13,322092.09,0.0,7.6
2026-06-05T00:54:04.637+00:00,335022,996060cc-1738-4269-9a35-58ffa0c7dd73,,10,FAULT,0x04C0,I2C_TIMEOUT|SENSOR_RANGE|SELFTEST,0,0,0,0,0,0,0.0,0.0,0.0,5.194,2.674,623.28,320.88,-17.91,-9.07,0.0,0.0,0.0,0.0,0.0,0.0,,0.0,0,0,0,0,0,8.0,0.0,209151.36,113062.52,322213.89,0.0,5.66
2026-06-05T00:54:04.767+00:00,335151,996060cc-1738-4269-9a35-58ffa0c7dd73,,10,FAULT,0x04C0,I2C_TIMEOUT|SENSOR_RANGE|SELFTEST,0,0,0,0,0,0,0.0,0.0,0.0,5.188,2.663,622.56,319.56,-18.4,-9.32,0.0,0.0,0.0,0.0,0.0,0.0,,0.0,0,0,0,0,0,8.0,0.0,209231.67,113103.75,322335.42,0.0,-3.8
2026-06-05T00:54:04.895+00:00,335281,996060cc-1738-4269-9a35-58ffa0c7dd73,,10,FAULT,0x04C0,I2C_TIMEOUT|SENSOR_RANGE|SELFTEST,0,0,0,0,0,0,0.0,0.0,0.0,5.16,2.661,619.2,319.32,-19.62,-9.81,0.0,0.0,0.0,0.0,0.0,0.0,,0.0,0,0,0,0,0,8.0,0.0,209312.17,113145.26,322457.43,0.0,-9.38
2026-06-05T00:54:05.025+00:00,335410,996060cc-1738-4269-9a35-58ffa0c7dd73,,10,FAULT,0x04C0,I2C_TIMEOUT|SENSOR_RANGE|SELFTEST,0,0,0,0,0,0,0.0,0.0,0.0,5.192,2.669,623.04,320.28,-19.37,-9.93,0.0,0.0,0.0,0.0,0.0,0.0,,0.0,0,0,0,0,0,8.0,0.0,209392.54,113186.58,322579.12,0.0,1.94
2026-06-05T00:54:05.156+00:00,335539,996060cc-1738-4269-9a35-58ffa0c7dd73,,10,FAULT,0x04C0,I2C_TIMEOUT|SENSOR_RANGE|SELFTEST,0,0,0,0,0,0,0.0,0.0,0.0,5.146,2.645,617.52,317.4,-17.91,-9.2,0.0,0.0,0.0,0.0,0.0,0.0,,0.0,0,0,0,0,0,8.0,0.0,209472.2,113227.52,322699.72,0.0,11.32
2026-06-05T00:54:05.284+00:00,335669,996060cc-1738-4269-9a35-58ffa0c7dd73,,10,FAULT,0x04C0,I2C_TIMEOUT|SENSOR_RANGE|SELFTEST,0,0,0,0,0,0,0.0,0.0,0.0,5.181,2.66,621.72,319.2,-17.91,-9.07,0.0,0.0,0.0,0.0,0.0,0.0,,0.0,0,0,0,0,0,8.0,0.0,209553.03,113269.02,322822.04,0.0,0.0
2026-06-05T00:54:05.414+00:00,335798,996060cc-1738-4269-9a35-58ffa0c7dd73,,10,FAULT,0x04C0,I2C_TIMEOUT|SENSOR_RANGE|SELFTEST,0,0,0,0,0,0,0.0,0.0,0.0,5.11,2.629,613.2,315.48,-19.37,-9.56,0.0,0.0,0.0,0.0,0.0,0.0,,0.0,0,0,0,0,0,8.0,0.0,209632.13,113309.71,322941.84,0.0,-11.32
2026-06-05T00:54:05.545+00:00,335927,996060cc-1738-4269-9a35-58ffa0c7dd73,,10,FAULT,0x04C0,I2C_TIMEOUT|SENSOR_RANGE|SELFTEST,0,0,0,0,0,0,0.0,0.0,0.0,5.156,2.655,618.72,318.6,-19.86,-9.81,0.0,0.0,0.0,0.0,0.0,0.0,,0.0,0,0,0,0,0,8.0,0.0,209711.94,113350.81,323062.76,0.0,-3.8
2026-06-05T00:54:05.673+00:00,336056,996060cc-1738-4269-9a35-58ffa0c7dd73,,10,FAULT,0x04C0,I2C_TIMEOUT|SENSOR_RANGE|SELFTEST,0,0,0,0,0,0,0.0,0.0,0.0,5.1,2.63,612.0,315.6,-18.4,-9.44,0.0,0.0,0.0,0.0,0.0,0.0,,0.0,0,0,0,0,0,8.0,0.0,209790.89,113391.53,323182.42,0.0,11.32
2026-06-05T00:54:05.803+00:00,336186,996060cc-1738-4269-9a35-58ffa0c7dd73,,10,FAULT,0x04C0,I2C_TIMEOUT|SENSOR_RANGE|SELFTEST,0,0,0,0,0,0,0.0,0.0,0.0,5.122,2.634,614.64,316.08,-17.91,-9.07,0.0,0.0,0.0,0.0,0.0,0.0,,0.0,0,0,0,0,0,8.0,0.0,209870.79,113432.62,323303.41,0.0,3.77
2026-06-05T00:54:05.933+00:00,336315,996060cc-1738-4269-9a35-58ffa0c7dd73,,10,FAULT,0x04C0,I2C_TIMEOUT|SENSOR_RANGE|SELFTEST,0,0,0,0,0,0,0.0,0.0,0.0,5.088,2.613,610.56,313.56,-18.64,-9.32,0.0,0.0,0.0,0.0,0.0,0.0,,0.0,0,0,0,0,0,8.0,0.0,209949.56,113473.06,323422.62,0.0,-5.66
2026-06-05T00:54:06.062+00:00,336444,996060cc-1738-4269-9a35-58ffa0c7dd73,,10,FAULT,0x04C0,I2C_TIMEOUT|SENSOR_RANGE|SELFTEST,0,0,0,0,0,0,0.0,0.0,0.0,5.094,2.626,611.28,315.12,-19.62,-9.93,0.0,0.0,0.0,0.0,0.0,0.0,,0.0,0,0,0,0,0,8.0,0.0,210028.41,113513.72,323542.13,0.0,-7.6
2026-06-05T00:54:06.192+00:00,336574,996060cc-1738-4269-9a35-58ffa0c7dd73,,10,FAULT,0x04C0,I2C_TIMEOUT|SENSOR_RANGE|SELFTEST,0,0,0,0,0,0,0.0,0.0,0.0,5.08,2.623,609.6,314.76,-19.37,-9.68,0.0,0.0,0.0,0.0,0.0,0.0,,0.0,0,0,0,0,0,8.0,0.0,210107.66,113554.63,323662.29,0.0,1.92
2026-06-05T00:54:06.320+00:00,336703,996060cc-1738-4269-9a35-58ffa0c7dd73,,10,FAULT,0x04C0,I2C_TIMEOUT|SENSOR_RANGE|SELFTEST,0,0,0,0,0,0,0.0,0.0,0.0,5.044,2.605,605.28,312.6,-17.91,-9.2,0.0,0.0,0.0,0.0,0.0,0.0,,0.0,0,0,0,0,0,8.0,0.0,210185.74,113594.96,323780.7,0.0,11.32
2026-06-05T00:54:06.451+00:00,336832,996060cc-1738-4269-9a35-58ffa0c7dd73,,10,FAULT,0x04C0,I2C_TIMEOUT|SENSOR_RANGE|SELFTEST,0,0,0,0,0,0,0.0,0.0,0.0,5.073,2.615,608.76,313.8,-18.4,-9.32,0.0,0.0,0.0,0.0,0.0,0.0,,0.0,0,0,0,0,0,8.0,0.0,210264.27,113635.44,323899.71,0.0,-3.8
2026-06-05T00:54:06.581+00:00,336961,996060cc-1738-4269-9a35-58ffa0c7dd73,,10,FAULT,0x04C0,I2C_TIMEOUT|SENSOR_RANGE|SELFTEST,0,0,0,0,0,0,0.0,0.0,0.0,5.005,2.586,600.6,310.32,-19.62,-9.81,0.0,0.0,0.0,0.0,0.0,0.0,,0.0,0,0,0,0,0,8.0,0.0,210341.75,113675.47,324017.22,0.0,-9.46
2026-06-05T00:54:06.709+00:00,337091,996060cc-1738-4269-9a35-58ffa0c7dd73,,10,FAULT,0x04C0,I2C_TIMEOUT|SENSOR_RANGE|SELFTEST,0,0,0,0,0,0,0.0,0.0,0.0,5.048,2.614,605.76,313.68,-19.62,-9.81,0.0,0.0,0.0,0.0,0.0,0.0,,0.0,0,0,0,0,0,8.0,0.0,210420.5,113716.25,324136.75,0.0,0.0
2026-06-05T00:54:06.839+00:00,337220,996060cc-1738-4269-9a35-58ffa0c7dd73,,10,FAULT,0x04C0,I2C_TIMEOUT|SENSOR_RANGE|SELFTEST,0,0,0,0,0,0,0.0,0.0,0.0,4.973,2.575,596.76,309.0,-18.64,-9.32,0.0,0.0,0.0,0.0,0.0,0.0,,0.0,0,0,0,0,0,8.0,0.0,210497.48,113756.11,324253.59,0.0,7.6
2026-06-05T00:54:06.970+00:00,337349,996060cc-1738-4269-9a35-58ffa0c7dd73,,10,FAULT,0x04C0,I2C_TIMEOUT|SENSOR_RANGE|SELFTEST,0,0,0,0,0,0,0.0,0.0,0.0,5.008,2.582,600.96,309.84,-17.91,-9.07,0.0,0.0,0.0,0.0,0.0,0.0,,0.0,0,0,0,0,0,8.0,0.0,210575.0,113796.08,324371.08,0.0,5.66
2026-06-05T00:54:07.098+00:00,337479,996060cc-1738-4269-9a35-58ffa0c7dd73,,10,FAULT,0x04C0,I2C_TIMEOUT|SENSOR_RANGE|SELFTEST,0,0,0,0,0,0,0.0,0.0,0.0,4.953,2.557,594.36,306.84,-19.13,-9.56,0.0,0.0,0.0,0.0,0.0,0.0,,0.0,0,0,0,0,0,8.0,0.0,210652.27,113835.97,324488.24,0.0,-9.38
2026-06-05T00:54:07.228+00:00,337608,996060cc-1738-4269-9a35-58ffa0c7dd73,,10,FAULT,0x04C0,I2C_TIMEOUT|SENSOR_RANGE|SELFTEST,0,0,0,0,0,0,0.0,0.0,0.0,4.995,2.584,599.4,310.08,-19.86,-10.05,0.0,0.0,0.0,0.0,0.0,0.0,,0.0,0,0,0,0,0,8.0,0.0,210729.59,113875.97,324605.56,0.0,-5.66
2026-06-05T00:54:07.359+00:00,337737,996060cc-1738-4269-9a35-58ffa0c7dd73,,10,FAULT,0x04C0,I2C_TIMEOUT|SENSOR_RANGE|SELFTEST,0,0,0,0,0,0,0.0,0.0,0.0,4.973,2.573,596.76,308.76,-18.89,-9.68,0.0,0.0,0.0,0.0,0.0,0.0,,0.0,0,0,0,0,0,8.0,0.0,210806.57,113915.8,324722.37,0.0,7.52
2026-06-05T00:54:07.487+00:00,337867,996060cc-1738-4269-9a35-58ffa0c7dd73,,10,FAULT,0x04C0,I2C_TIMEOUT|SENSOR_RANGE|SELFTEST,0,0,0,0,0,0,0.0,0.0,0.0,4.988,2.572,598.56,308.64,-17.66,-9.07,0.0,0.0,0.0,0.0,0.0,0.0,,0.0,0,0,0,0,0,8.0,0.0,210884.39,113955.92,324840.31,0.0,9.46
2026-06-05T00:54:07.617+00:00,337996,996060cc-1738-4269-9a35-58ffa0c7dd73,,10,FAULT,0x04C0,I2C_TIMEOUT|SENSOR_RANGE|SELFTEST,0,0,0,0,0,0,0.0,0.0,0.0,5.002,2.569,600.24,308.28,-18.64,-9.32,0.0,0.0,0.0,0.0,0.0,0.0,,0.0,0,0,0,0,0,8.0,0.0,210961.82,113995.69,324957.51,0.0,-7.6
2026-06-05T00:54:07.746+00:00,338125,996060cc-1738-4269-9a35-58ffa0c7dd73,,10,FAULT,0x04C0,I2C_TIMEOUT|SENSOR_RANGE|SELFTEST,0,0,0,0,0,0,0.0,0.0,0.0,4.985,2.561,598.2,307.32,-19.62,-9.93,0.0,0.0,0.0,0.0,0.0,0.0,,0.0,0,0,0,0,0,8.0,0.0,211038.99,114035.33,325074.32,0.0,-7.6
2026-06-05T00:54:07.876+00:00,338254,996060cc-1738-4269-9a35-58ffa0c7dd73,,10,FAULT,0x04C0,I2C_TIMEOUT|SENSOR_RANGE|SELFTEST,0,0,0,0,0,0,0.0,0.0,0.0,5.028,2.588,603.36,310.56,-19.37,-9.81,0.0,0.0,0.0,0.0,0.0,0.0,,0.0,0,0,0,0,0,8.0,0.0,211116.82,114075.4,325192.22,0.0,1.94
2026-06-05T00:54:08.006+00:00,338384,996060cc-1738-4269-9a35-58ffa0c7dd73,,10,FAULT,0x04C0,I2C_TIMEOUT|SENSOR_RANGE|SELFTEST,0,0,0,0,0,0,0.0,0.0,0.0,4.997,2.568,599.64,308.16,-18.4,-9.32,0.0,0.0,0.0,0.0,0.0,0.0,,0.0,0,0,0,0,0,8.0,0.0,211194.77,114115.46,325310.23,0.0,7.46
2026-06-05T00:54:08.134+00:00,338513,996060cc-1738-4269-9a35-58ffa0c7dd73,,10,FAULT,0x04C0,I2C_TIMEOUT|SENSOR_RANGE|SELFTEST,0,0,0,0,0,0,0.0,0.0,0.0,5.056,2.593,606.72,311.16,-17.91,-9.07,0.0,0.0,0.0,0.0,0.0,0.0,,0.0,0,0,0,0,0,8.0,0.0,211273.04,114155.6,325428.64,0.0,3.8
2026-06-05T00:54:08.265+00:00,338642,996060cc-1738-4269-9a35-58ffa0c7dd73,,10,FAULT,0x04C0,I2C_TIMEOUT|SENSOR_RANGE|SELFTEST,0,0,0,0,0,0,0.0,0.0,0.0,4.986,2.559,598.32,307.08,-19.13,-9.68,0.0,0.0,0.0,0.0,0.0,0.0,,0.0,0,0,0,0,0,8.0,0.0,211350.22,114195.21,325545.43,0.0,-9.46
2026-06-05T00:54:08.395+00:00,338772,996060cc-1738-4269-9a35-58ffa0c7dd73,,10,FAULT,0x04C0,I2C_TIMEOUT|SENSOR_RANGE|SELFTEST,0,0,0,0,0,0,0.0,0.0,0.0,5.045,2.593,605.4,311.16,-19.62,-9.81,0.0,0.0,0.0,0.0,0.0,0.0,,0.0,0,0,0,0,0,8.0,0.0,211428.92,114235.66,325664.59,0.0,-3.77
2026-06-05T00:54:08.524+00:00,338902,996060cc-1738-4269-9a35-58ffa0c7dd73,,10,FAULT,0x04C0,I2C_TIMEOUT|SENSOR_RANGE|SELFTEST,0,0,0,0,0,0,0.0,0.0,0.0,5.012,2.578,601.44,309.36,-18.64,-9.44,0.0,0.0,0.0,0.0,0.0,0.0,,0.0,0,0,0,0,0,8.0,0.0,211507.11,114275.88,325782.99,0.0,7.54
2026-06-05T00:54:08.654+00:00,339031,996060cc-1738-4269-9a35-58ffa0c7dd73,,10,FAULT,0x04C0,I2C_TIMEOUT|SENSOR_RANGE|SELFTEST,0,0,0,0,0,0,0.0,0.0,0.0,5.034,2.581,604.08,309.72,-17.91,-9.2,0.0,0.0,0.0,0.0,0.0,0.0,,0.0,0,0,0,0,0,8.0,0.0,211585.04,114315.83,325900.87,0.0,5.66
2026-06-05T00:54:08.784+00:00,339160,996060cc-1738-4269-9a35-58ffa0c7dd73,,10,FAULT,0x04C0,I2C_TIMEOUT|SENSOR_RANGE|SELFTEST,0,0,0,0,0,0,0.0,0.0,0.0,5.014,2.568,601.68,308.16,-18.64,-9.2,0.0,0.0,0.0,0.0,0.0,0.0,,0.0,0,0,0,0,0,8.0,0.0,211662.65,114355.59,326018.24,0.0,-5.66
2026-06-05T00:54:08.914+00:00,339290,996060cc-1738-4269-9a35-58ffa0c7dd73,,10,FAULT,0x04C0,I2C_TIMEOUT|SENSOR_RANGE|SELFTEST,0,0,0,0,0,0,0.0,0.0,0.0,5.01,2.571,601.2,308.52,-19.62,-9.68,0.0,0.0,0.0,0.0,0.0,0.0,,0.0,0,0,0,0,0,8.0,0.0,211740.81,114395.69,326136.5,0.0,-7.54
2026-06-05T00:54:09.043+00:00,339419,996060cc-1738-4269-9a35-58ffa0c7dd73,,10,FAULT,0x04C0,I2C_TIMEOUT|SENSOR_RANGE|SELFTEST,0,0,0,0,0,0,0.0,0.0,0.0,5.015,2.58,601.8,309.6,-19.37,-9.81,0.0,0.0,0.0,0.0,0.0,0.0,,0.0,0,0,0,0,0,8.0,0.0,211818.44,114435.63,326254.07,0.0,1.94
2026-06-05T00:54:09.171+00:00,339548,996060cc-1738-4269-9a35-58ffa0c7dd73,,10,FAULT,0x04C0,I2C_TIMEOUT|SENSOR_RANGE|SELFTEST,0,0,0,0,0,0,0.0,0.0,0.0,4.986,2.568,598.32,308.16,-17.91,-9.2,0.0,0.0,0.0,0.0,0.0,0.0,,0.0,0,0,0,0,0,8.0,0.0,211895.63,114475.38,326371.01,0.0,11.32
2026-06-05T00:54:09.301+00:00,339678,996060cc-1738-4269-9a35-58ffa0c7dd73,,10,FAULT,0x04C0,I2C_TIMEOUT|SENSOR_RANGE|SELFTEST,0,0,0,0,0,0,0.0,0.0,0.0,5.014,2.573,601.68,308.76,-17.91,-9.2,0.0,0.0,0.0,0.0,0.0,0.0,,0.0,0,0,0,0,0,8.0,0.0,211973.84,114515.52,326489.37,0.0,0.0
2026-06-05T00:54:09.434+00:00,339807,996060cc-1738-4269-9a35-58ffa0c7dd73,,10,FAULT,0x04C0,I2C_TIMEOUT|SENSOR_RANGE|SELFTEST,0,0,0,0,0,0,0.0,0.0,0.0,4.95,2.55,594.0,306.0,-19.37,-9.68,0.0,0.0,0.0,0.0,0.0,0.0,,0.0,0,0,0,0,0,8.0,0.0,212050.47,114555.0,326605.47,0.0,-11.32
2026-06-05T00:54:09.560+00:00,339936,996060cc-1738-4269-9a35-58ffa0c7dd73,,10,FAULT,0x04C0,I2C_TIMEOUT|SENSOR_RANGE|SELFTEST,0,0,0,0,0,0,0.0,0.0,0.0,5.006,2.577,600.72,309.24,-19.37,-9.81,0.0,0.0,0.0,0.0,0.0,0.0,,0.0,0,0,0,0,0,8.0,0.0,212127.96,114594.89,326722.85,0.0,0.0
2026-06-05T00:54:09.690+00:00,340065,996060cc-1738-4269-9a35-58ffa0c7dd73,,10,FAULT,0x04C0,I2C_TIMEOUT|SENSOR_RANGE|SELFTEST,0,0,0,0,0,0,0.0,0.0,0.0,4.964,2.557,595.68,306.84,-18.4,-9.44,0.0,0.0,0.0,0.0,0.0,0.0,,0.0,0,0,0,0,0,8.0,0.0,212204.81,114634.47,326839.28,0.0,7.52
2026-06-05T00:54:09.820+00:00,340195,996060cc-1738-4269-9a35-58ffa0c7dd73,,10,FAULT,0x04C0,I2C_TIMEOUT|SENSOR_RANGE|SELFTEST,0,0,0,0,0,0,0.0,0.0,0.0,5.021,2.58,602.52,309.6,-17.91,-8.95,0.0,0.0,0.0,0.0,0.0,0.0,,0.0,0,0,0,0,0,8.0,0.0,212283.13,114674.72,326957.85,0.0,3.77
2026-06-05T00:54:09.949+00:00,340324,996060cc-1738-4269-9a35-58ffa0c7dd73,,10,FAULT,0x04C0,I2C_TIMEOUT|SENSOR_RANGE|SELFTEST,0,0,0,0,0,0,0.0,0.0,0.0,4.996,2.567,599.52,308.04,-18.64,-9.44,0.0,0.0,0.0,0.0,0.0,0.0,,0.0,0,0,0,0,0,8.0,0.0,212360.47,114714.46,327074.93,0.0,-5.66
2026-06-05T00:54:10.079+00:00,340453,996060cc-1738-4269-9a35-58ffa0c7dd73,,10,FAULT,0x04C0,I2C_TIMEOUT|SENSOR_RANGE|SELFTEST,0,0,0,0,0,0,0.0,0.0,0.0,5.031,2.583,603.72,309.96,-19.62,-9.81,0.0,0.0,0.0,0.0,0.0,0.0,,0.0,0,0,0,0,0,8.0,0.0,212438.35,114754.44,327192.79,0.0,-7.6
2026-06-05T00:54:10.209+00:00,340583,996060cc-1738-4269-9a35-58ffa0c7dd73,,10,FAULT,0x04C0,I2C_TIMEOUT|SENSOR_RANGE|SELFTEST,0,0,0,0,0,0,0.0,0.0,0.0,5.03,2.588,603.6,310.56,-19.13,-9.81,0.0,0.0,0.0,0.0,0.0,0.0,,0.0,0,0,0,0,0,8.0,0.0,212516.82,114794.81,327311.63,0.0,3.77
2026-06-05T00:54:10.338+00:00,340712,996060cc-1738-4269-9a35-58ffa0c7dd73,,10,FAULT,0x04C0,I2C_TIMEOUT|SENSOR_RANGE|SELFTEST,0,0,0,0,0,0,0.0,0.0,0.0,5.03,2.588,603.6,310.56,-17.91,-9.07,0.0,0.0,0.0,0.0,0.0,0.0,,0.0,0,0,0,0,0,8.0,0.0,212594.68,114834.88,327429.56,0.0,9.46
2026-06-05T00:54:10.468+00:00,340841,996060cc-1738-4269-9a35-58ffa0c7dd73,,10,FAULT,0x04C0,I2C_TIMEOUT|SENSOR_RANGE|SELFTEST,0,0,0,0,0,0,0.0,0.0,0.0,5.056,2.595,606.72,311.4,-18.4,-9.2,0.0,0.0,0.0,0.0,0.0,0.0,,0.0,0,0,0,0,0,8.0,0.0,212672.95,114875.05,327548.0,0.0,-3.8
2026-06-05T00:54:10.596+00:00,340970,996060cc-1738-4269-9a35-58ffa0c7dd73,,10,FAULT,0x04C0,I2C_TIMEOUT|SENSOR_RANGE|SELFTEST,0,0,0,0,0,0,0.0,0.0,0.0,5.042,2.592,605.04,311.04,-19.62,-9.81,0.0,0.0,0.0,0.0,0.0,0.0,,0.0,0,0,0,0,0,8.0,0.0,212751.0,114915.17,327666.17,0.0,-9.46
2026-06-05T00:54:10.726+00:00,341100,996060cc-1738-4269-9a35-58ffa0c7dd73,,10,FAULT,0x04C0,I2C_TIMEOUT|SENSOR_RANGE|SELFTEST,0,0,0,0,0,0,0.0,0.0,0.0,5.097,2.625,611.64,315.0,-19.62,-9.81,0.0,0.0,0.0,0.0,0.0,0.0,,0.0,0,0,0,0,0,8.0,0.0,212830.51,114956.12,327786.64,0.0,0.0
2026-06-05T00:54:10.857+00:00,341229,996060cc-1738-4269-9a35-58ffa0c7dd73,,10,FAULT,0x04C0,I2C_TIMEOUT|SENSOR_RANGE|SELFTEST,0,0,0,0,0,0,0.0,0.0,0.0,5.057,2.596,606.84,311.52,-18.4,-9.44,0.0,0.0,0.0,0.0,0.0,0.0,,0.0,0,0,0,0,0,8.0,0.0,212908.8,114996.31,327905.1,0.0,9.46
2026-06-05T00:54:10.985+00:00,341358,996060cc-1738-4269-9a35-58ffa0c7dd73,,10,FAULT,0x04C0,I2C_TIMEOUT|SENSOR_RANGE|SELFTEST,0,0,0,0,0,0,0.0,0.0,0.0,5.115,2.618,613.8,314.16,-17.66,-8.95,0.0,0.0,0.0,0.0,0.0,0.0,,0.0,0,0,0,0,0,8.0,0.0,212987.98,115036.83,328024.81,0.0,5.74
2026-06-05T00:54:11.115+00:00,341488,996060cc-1738-4269-9a35-58ffa0c7dd73,,10,FAULT,0x04C0,I2C_TIMEOUT|SENSOR_RANGE|SELFTEST,0,0,0,0,0,0,0.0,0.0,0.0,5.067,2.593,608.04,311.16,-18.89,-9.44,0.0,0.0,0.0,0.0,0.0,0.0,,0.0,0,0,0,0,0,8.0,0.0,213067.02,115077.28,328144.31,0.0,-9.46
2026-06-05T00:54:11.246+00:00,341617,996060cc-1738-4269-9a35-58ffa0c7dd73,,10,FAULT,0x04C0,I2C_TIMEOUT|SENSOR_RANGE|SELFTEST,0,0,0,0,0,0,0.0,0.0,0.0,5.11,2.625,613.2,315.0,-19.37,-9.81,0.0,0.0,0.0,0.0,0.0,0.0,,0.0,0,0,0,0,0,8.0,0.0,213146.13,115117.92,328264.04,0.0,-3.72
2026-06-05T00:54:11.374+00:00,341746,996060cc-1738-4269-9a35-58ffa0c7dd73,,10,FAULT,0x04C0,I2C_TIMEOUT|SENSOR_RANGE|SELFTEST,0,0,0,0,0,0,0.0,0.0,0.0,5.09,2.617,610.8,314.04,-18.89,-9.68,0.0,0.0,0.0,0.0,0.0,0.0,,0.0,0,0,0,0,0,8.0,0.0,213224.92,115158.43,328383.35,0.0,3.72
2026-06-05T00:54:11.504+00:00,341875,996060cc-1738-4269-9a35-58ffa0c7dd73,,10,FAULT,0x04C0,I2C_TIMEOUT|SENSOR_RANGE|SELFTEST,0,0,0,0,0,0,0.0,0.0,0.0,5.113,2.619,613.56,314.28,-17.91,-9.2,0.0,0.0,0.0,0.0,0.0,0.0,,0.0,0,0,0,0,0,8.0,0.0,213304.07,115198.97,328503.04,0.0,7.6
2026-06-05T00:54:11.633+00:00,342005,996060cc-1738-4269-9a35-58ffa0c7dd73,,10,FAULT,0x04C0,I2C_TIMEOUT|SENSOR_RANGE|SELFTEST,0,0,0,0,0,0,0.0,0.0,0.0,5.103,2.612,612.36,313.44,-18.4,-9.32,0.0,0.0,0.0,0.0,0.0,0.0,,0.0,0,0,0,0,0,8.0,0.0,213383.67,115239.72,328623.39,0.0,-3.77
2026-06-05T00:54:11.763+00:00,342134,996060cc-1738-4269-9a35-58ffa0c7dd73,,10,FAULT,0x04C0,I2C_TIMEOUT|SENSOR_RANGE|SELFTEST,0,0,0,0,0,0,0.0,0.0,0.0,5.087,2.617,610.44,314.04,-19.62,-9.81,0.0,0.0,0.0,0.0,0.0,0.0,,0.0,0,0,0,0,0,8.0,0.0,213462.42,115280.23,328742.65,0.0,-9.46
2026-06-05T00:54:11.893+00:00,342263,996060cc-1738-4269-9a35-58ffa0c7dd73,,10,FAULT,0x04C0,I2C_TIMEOUT|SENSOR_RANGE|SELFTEST,0,0,0,0,0,0,0.0,0.0,0.0,5.101,2.629,612.12,315.48,-19.37,-9.93,0.0,0.0,0.0,0.0,0.0,0.0,,0.0,0,0,0,0,0,8.0,0.0,213541.38,115320.93,328862.31,0.0,1.94
2026-06-05T00:54:12.021+00:00,342393,996060cc-1738-4269-9a35-58ffa0c7dd73,,10,FAULT,0x04C0,I2C_TIMEOUT|SENSOR_RANGE|SELFTEST,0,0,0,0,0,0,0.0,0.0,0.0,5.059,2.607,607.08,312.84,-18.4,-9.32,0.0,0.0,0.0,0.0,0.0,0.0,,0.0,0,0,0,0,0,8.0,0.0,213620.3,115361.6,328981.9,0.0,7.46
2026-06-05T00:54:12.152+00:00,342522,996060cc-1738-4269-9a35-58ffa0c7dd73,,10,FAULT,0x04C0,I2C_TIMEOUT|SENSOR_RANGE|SELFTEST,0,0,0,0,0,0,0.0,0.0,0.0,5.099,2.619,611.88,314.28,-17.91,-9.07,0.0,0.0,0.0,0.0,0.0,0.0,,0.0,0,0,0,0,0,8.0,0.0,213699.24,115402.14,329101.38,0.0,3.8
2026-06-05T00:54:12.282+00:00,342651,996060cc-1738-4269-9a35-58ffa0c7dd73,,10,FAULT,0x04C0,I2C_TIMEOUT|SENSOR_RANGE|SELFTEST,0,0,0,0,0,0,0.0,0.0,0.0,5.014,2.579,601.68,309.48,-18.89,-9.56,0.0,0.0,0.0,0.0,0.0,0.0,,0.0,0,0,0,0,0,8.0,0.0,213776.85,115442.06,329218.92,0.0,-7.6
2026-06-05T00:54:12.412+00:00,342780,996060cc-1738-4269-9a35-58ffa0c7dd73,,10,FAULT,0x04C0,I2C_TIMEOUT|SENSOR_RANGE|SELFTEST,0,0,0,0,0,0,0.0,0.0,0.0,5.072,2.613,608.64,313.56,-19.62,-9.81,0.0,0.0,0.0,0.0,0.0,0.0,,0.0,0,0,0,0,0,8.0,0.0,213855.37,115482.51,329337.88,0.0,-5.66
2026-06-05T00:54:12.541+00:00,342910,996060cc-1738-4269-9a35-58ffa0c7dd73,,10,FAULT,0x04C0,I2C_TIMEOUT|SENSOR_RANGE|SELFTEST,0,0,0,0,0,0,0.0,0.0,0.0,5.017,2.586,602.04,310.32,-18.89,-9.56,0.0,0.0,0.0,0.0,0.0,0.0,,0.0,0,0,0,0,0,8.0,0.0,213933.63,115522.85,329456.49,0.0,5.62
2026-06-05T00:54:12.671+00:00,343040,996060cc-1738-4269-9a35-58ffa0c7dd73,,10,FAULT,0x04C0,I2C_TIMEOUT|SENSOR_RANGE|SELFTEST,0,0,0,0,0,0,0.0,0.0,0.0,5.049,2.589,605.88,310.68,-17.91,-9.07,0.0,0.0,0.0,0.0,0.0,0.0,,0.0,0,0,0,0,0,8.0,0.0,214012.4,115563.24,329575.64,0.0,7.54
2026-06-05T00:54:12.799+00:00,343169,996060cc-1738-4269-9a35-58ffa0c7dd73,,10,FAULT,0x04C0,I2C_TIMEOUT|SENSOR_RANGE|SELFTEST,0,0,0,0,0,0,0.0,0.0,0.0,5.028,2.579,603.36,309.48,-18.89,-9.32,0.0,0.0,0.0,0.0,0.0,0.0,,0.0,0,0,0,0,0,8.0,0.0,214090.23,115603.16,329693.4,0.0,-7.6
2026-06-05T00:54:12.930+00:00,343299,996060cc-1738-4269-9a35-58ffa0c7dd73,,10,FAULT,0x04C0,I2C_TIMEOUT|SENSOR_RANGE|SELFTEST,0,0,0,0,0,0,0.0,0.0,0.0,5.05,2.594,606.0,311.28,-19.86,-9.93,0.0,0.0,0.0,0.0,0.0,0.0,,0.0,0,0,0,0,0,8.0,0.0,214169.01,115643.63,329812.64,0.0,-7.46
2026-06-05T00:54:13.058+00:00,343428,996060cc-1738-4269-9a35-58ffa0c7dd73,,10,FAULT,0x04C0,I2C_TIMEOUT|SENSOR_RANGE|SELFTEST,0,0,0,0,0,0,0.0,0.0,0.0,5.059,2.605,607.08,312.6,-19.37,-9.81,0.0,0.0,0.0,0.0,0.0,0.0,,0.0,0,0,0,0,0,8.0,0.0,214247.33,115683.96,329931.28,0.0,3.8
2026-06-05T00:54:13.188+00:00,343557,996060cc-1738-4269-9a35-58ffa0c7dd73,,10,FAULT,0x04C0,I2C_TIMEOUT|SENSOR_RANGE|SELFTEST,0,0,0,0,0,0,0.0,0.0,0.0,5.07,2.611,608.4,313.32,-18.15,-9.2,0.0,0.0,0.0,0.0,0.0,0.0,,0.0,0,0,0,0,0,8.0,0.0,214325.81,115724.37,330050.18,0.0,9.46
2026-06-05T00:54:13.319+00:00,343687,996060cc-1738-4269-9a35-58ffa0c7dd73,,10,FAULT,0x04C0,I2C_TIMEOUT|SENSOR_RANGE|SELFTEST,0,0,0,0,0,0,0.0,0.0,0.0,5.099,2.618,611.88,314.16,-17.91,-9.2,0.0,0.0,0.0,0.0,0.0,0.0,,0.0,0,0,0,0,0,8.0,0.0,214405.35,115765.21,330170.57,0.0,1.85
2026-06-05T00:54:13.447+00:00,343816,996060cc-1738-4269-9a35-58ffa0c7dd73,,10,FAULT,0x04C0,I2C_TIMEOUT|SENSOR_RANGE|SELFTEST,0,0,0,0,0,0,0.0,0.0,0.0,5.052,2.592,606.24,311.04,-19.37,-9.68,0.0,0.0,0.0,0.0,0.0,0.0,,0.0,0,0,0,0,0,8.0,0.0,214483.56,115805.34,330288.9,0.0,-11.32
2026-06-05T00:54:13.577+00:00,343945,996060cc-1738-4269-9a35-58ffa0c7dd73,,10,FAULT,0x04C0,I2C_TIMEOUT|SENSOR_RANGE|SELFTEST,0,0,0,0,0,0,0.0,0.0,0.0,5.105,2.623,612.6,314.76,-19.62,-9.81,0.0,0.0,0.0,0.0,0.0,0.0,,0.0,0,0,0,0,0,8.0,0.0,214562.58,115845.94,330408.53,0.0,-1.94
2026-06-05T00:54:13.707+00:00,344074,996060cc-1738-4269-9a35-58ffa0c7dd73,,10,FAULT,0x04C0,I2C_TIMEOUT|SENSOR_RANGE|SELFTEST,0,0,0,0,0,0,0.0,0.0,0.0,5.056,2.598,606.72,311.76,-18.64,-9.44,0.0,0.0,0.0,0.0,0.0,0.0,,0.0,0,0,0,0,0,8.0,0.0,214640.85,115886.16,330527.01,0.0,7.6
2026-06-05T00:54:13.836+00:00,344204,996060cc-1738-4269-9a35-58ffa0c7dd73,,10,FAULT,0x04C0,I2C_TIMEOUT|SENSOR_RANGE|SELFTEST,0,0,0,0,0,0,0.0,0.0,0.0,5.105,2.617,612.6,314.04,-17.91,-9.07,0.0,0.0,0.0,0.0,0.0,0.0,,0.0,0,0,0,0,0,8.0,0.0,214720.49,115926.99,330647.47,0.0,5.62
2026-06-05T00:54:13.966+00:00,344333,996060cc-1738-4269-9a35-58ffa0c7dd73,,10,FAULT,0x04C0,I2C_TIMEOUT|SENSOR_RANGE|SELFTEST,0,0,0,0,0,0,0.0,0.0,0.0,5.055,2.592,606.6,311.04,-18.64,-9.56,0.0,0.0,0.0,0.0,0.0,0.0,,0.0,0,0,0,0,0,8.0,0.0,214798.74,115967.11,330765.85,0.0,-5.66
2026-06-05T00:54:14.096+00:00,344462,996060cc-1738-4269-9a35-58ffa0c7dd73,,10,FAULT,0x04C0,I2C_TIMEOUT|SENSOR_RANGE|SELFTEST,0,0,0,0,0,0,0.0,0.0,0.0,5.078,2.608,609.36,312.96,-19.62,-9.93,0.0,0.0,0.0,0.0,0.0,0.0,,0.0,0,0,0,0,0,8.0,0.0,214877.35,116007.48,330884.83,0.0,-7.6
2026-06-05T00:54:14.225+00:00,344592,996060cc-1738-4269-9a35-58ffa0c7dd73,,10,FAULT,0x04C0,I2C_TIMEOUT|SENSOR_RANGE|SELFTEST,0,0,0,0,0,0,0.0,0.0,0.0,5.053,2.604,606.36,312.48,-19.13,-9.68,0.0,0.0,0.0,0.0,0.0,0.0,,0.0,0,0,0,0,0,8.0,0.0,214956.17,116048.1,331004.28,0.0,3.77
2026-06-05T00:54:14.355+00:00,344721,996060cc-1738-4269-9a35-58ffa0c7dd73,,10,FAULT,0x04C0,I2C_TIMEOUT|SENSOR_RANGE|SELFTEST,0,0,0,0,0,0,0.0,0.0,0.0,5.056,2.602,606.72,312.24,-17.66,-9.2,0.0,0.0,0.0,0.0,0.0,0.0,,0.0,0,0,0,0,0,8.0,0.0,215034.44,116088.38,331122.82,0.0,11.4
2026-06-05T00:54:14.483+00:00,344850,996060cc-1738-4269-9a35-58ffa0c7dd73,,10,FAULT,0x04C0,I2C_TIMEOUT|SENSOR_RANGE|SELFTEST,0,0,0,0,0,0,0.0,0.0,0.0,5.07,2.603,608.4,312.36,-18.15,-8.95,0.0,0.0,0.0,0.0,0.0,0.0,,0.0,0,0,0,0,0,8.0,0.0,215112.92,116128.68,331241.6,0.0,-3.8
2026-06-05T00:54:14.613+00:00,344979,996060cc-1738-4269-9a35-58ffa0c7dd73,,10,FAULT,0x04C0,I2C_TIMEOUT|SENSOR_RANGE|SELFTEST,0,0,0,0,0,0,0.0,0.0,0.0,5.054,2.594,606.48,311.28,-19.13,-9.68,0.0,0.0,0.0,0.0,0.0,0.0,,0.0,0,0,0,0,0,8.0,0.0,215191.16,116168.83,331359.99,0.0,-7.6
2026-06-05T00:54:14.744+00:00,345109,996060cc-1738-4269-9a35-58ffa0c7dd73,,10,FAULT,0x04C0,I2C_TIMEOUT|SENSOR_RANGE|SELFTEST,0,0,0,0,0,0,0.0,0.0,0.0,5.103,2.628,612.36,315.36,-19.37,-9.68,0.0,0.0,0.0,0.0,0.0,0.0,,0.0,0,0,0,0,0,8.0,0.0,215270.77,116209.83,331480.6,0.0,-1.85
2026-06-05T00:54:14.872+00:00,345238,996060cc-1738-4269-9a35-58ffa0c7dd73,,10,FAULT,0x04C0,I2C_TIMEOUT|SENSOR_RANGE|SELFTEST,0,0,0,0,0,0,0.0,0.0,0.0,5.04,2.587,604.8,310.44,-18.64,-9.81,0.0,0.0,0.0,0.0,0.0,0.0,,0.0,0,0,0,0,0,8.0,0.0,215348.79,116249.88,331598.66,0.0,5.66
2026-06-05T00:54:15.003+00:00,345367,996060cc-1738-4269-9a35-58ffa0c7dd73,,10,FAULT,0x04C0,I2C_TIMEOUT|SENSOR_RANGE|SELFTEST,0,0,0,0,0,0,0.0,0.0,0.0,5.101,2.612,612.12,313.44,-17.91,-8.95,0.0,0.0,0.0,0.0,0.0,0.0,,0.0,0,0,0,0,0,8.0,0.0,215427.75,116290.31,331718.06,0.0,5.66
2026-06-05T00:54:15.133+00:00,345497,996060cc-1738-4269-9a35-58ffa0c7dd73,,10,FAULT,0x04C0,I2C_TIMEOUT|SENSOR_RANGE|SELFTEST,0,0,0,0,0,0,0.0,0.0,0.0,5.04,2.584,604.8,310.08,-18.64,-9.2,0.0,0.0,0.0,0.0,0.0,0.0,,0.0,0,0,0,0,0,8.0,0.0,215506.37,116330.62,331836.99,0.0,-5.62
2026-06-05T00:54:15.263+00:00,345626,996060cc-1738-4269-9a35-58ffa0c7dd73,,10,FAULT,0x04C0,I2C_TIMEOUT|SENSOR_RANGE|SELFTEST,0,0,0,0,0,0,0.0,0.0,0.0,5.099,2.622,611.88,314.64,-19.37,-9.68,0.0,0.0,0.0,0.0,0.0,0.0,,0.0,0,0,0,0,0,8.0,0.0,215585.31,116371.21,331956.52,0.0,-5.66
2026-06-05T00:54:15.392+00:00,345755,996060cc-1738-4269-9a35-58ffa0c7dd73,,10,FAULT,0x04C0,I2C_TIMEOUT|SENSOR_RANGE|SELFTEST,0,0,0,0,0,0,0.0,0.0,0.0,5.072,2.611,608.64,313.32,-19.13,-9.68,0.0,0.0,0.0,0.0,0.0,0.0,,0.0,0,0,0,0,0,8.0,0.0,215663.82,116411.63,332075.45,0.0,1.86
2026-06-05T00:54:15.522+00:00,345884,996060cc-1738-4269-9a35-58ffa0c7dd73,,10,FAULT,0x04C0,I2C_TIMEOUT|SENSOR_RANGE|SELFTEST,0,0,0,0,0,0,0.0,0.0,0.0,5.1,2.622,612.0,314.64,-17.66,-9.07,0.0,0.0,0.0,0.0,0.0,0.0,,0.0,0,0,0,0,0,8.0,0.0,215742.77,116452.22,332194.98,0.0,11.4
2026-06-05T00:54:15.650+00:00,346014,996060cc-1738-4269-9a35-58ffa0c7dd73,,10,FAULT,0x04C0,I2C_TIMEOUT|SENSOR_RANGE|SELFTEST,0,0,0,0,0,0,0.0,0.0,0.0,5.101,2.616,612.12,313.92,-18.4,-9.07,0.0,0.0,0.0,0.0,0.0,0.0,,0.0,0,0,0,0,0,8.0,0.0,215822.34,116493.03,332315.37,0.0,-5.69
2026-06-05T00:54:15.780+00:00,346143,996060cc-1738-4269-9a35-58ffa0c7dd73,,10,FAULT,0x04C0,I2C_TIMEOUT|SENSOR_RANGE|SELFTEST,0,0,0,0,0,0,0.0,0.0,0.0,5.102,2.622,612.24,314.64,-19.37,-9.93,0.0,0.0,0.0,0.0,0.0,0.0,,0.0,0,0,0,0,0,8.0,0.0,215901.32,116533.61,332434.94,0.0,-7.52
2026-06-05T00:54:15.909+00:00,346272,996060cc-1738-4269-9a35-58ffa0c7dd73,,10,FAULT,0x04C0,I2C_TIMEOUT|SENSOR_RANGE|SELFTEST,0,0,0,0,0,0,0.0,0.0,0.0,5.134,2.645,616.08,317.4,-19.86,-9.93,0.0,0.0,0.0,0.0,0.0,0.0,,0.0,0,0,0,0,0,8.0,0.0,215980.8,116574.56,332555.36,0.0,-3.8
2026-06-05T00:54:16.039+00:00,346402,996060cc-1738-4269-9a35-58ffa0c7dd73,,10,FAULT,0x04C0,I2C_TIMEOUT|SENSOR_RANGE|SELFTEST,0,0,0,0,0,0,0.0,0.0,0.0,5.096,2.62,611.52,314.4,-18.64,-9.44,0.0,0.0,0.0,0.0,0.0,0.0,,0.0,0,0,0,0,0,8.0,0.0,216060.3,116615.43,332675.73,0.0,9.38
2026-06-05T00:54:16.169+00:00,346531,996060cc-1738-4269-9a35-58ffa0c7dd73,,10,FAULT,0x04C0,I2C_TIMEOUT|SENSOR_RANGE|SELFTEST,0,0,0,0,0,0,0.0,0.0,0.0,5.158,2.647,618.96,317.64,-17.66,-8.95,0.0,0.0,0.0,0.0,0.0,0.0,,0.0,0,0,0,0,0,8.0,0.0,216140.14,116656.41,332796.55,0.0,7.6
2026-06-05T00:54:16.298+00:00,346660,996060cc-1738-4269-9a35-58ffa0c7dd73,,10,FAULT,0x04C0,I2C_TIMEOUT|SENSOR_RANGE|SELFTEST,0,0,0,0,0,0,0.0,0.0,0.0,5.093,2.613,611.16,313.56,-18.89,-9.56,0.0,0.0,0.0,0.0,0.0,0.0,,0.0,0,0,0,0,0,8.0,0.0,216218.98,116696.86,332915.84,0.0,-9.53
2026-06-05T00:54:16.428+00:00,346789,996060cc-1738-4269-9a35-58ffa0c7dd73,,10,FAULT,0x04C0,I2C_TIMEOUT|SENSOR_RANGE|SELFTEST,0,0,0,0,0,0,0.0,0.0,0.0,5.125,2.642,615.0,317.04,-19.37,-9.81,0.0,0.0,0.0,0.0,0.0,0.0,,0.0,0,0,0,0,0,8.0,0.0,216298.32,116737.75,333036.07,0.0,-3.72
2026-06-05T00:54:16.558+00:00,346919,996060cc-1738-4269-9a35-58ffa0c7dd73,,10,FAULT,0x04C0,I2C_TIMEOUT|SENSOR_RANGE|SELFTEST,0,0,0,0,0,0,0.0,0.0,0.0,5.127,2.653,615.24,318.36,-18.15,-9.44,0.0,0.0,0.0,0.0,0.0,0.0,,0.0,0,0,0,0,0,8.0,0.0,216378.3,116779.14,333157.44,0.0,9.38
2026-06-05T00:54:16.686+00:00,347048,996060cc-1738-4269-9a35-58ffa0c7dd73,,10,FAULT,0x04C0,I2C_TIMEOUT|SENSOR_RANGE|SELFTEST,0,0,0,0,0,0,0.0,0.0,0.0,5.1,2.633,612.0,315.96,-17.17,-8.95,0.0,0.0,0.0,0.0,0.0,0.0,,0.0,0,0,0,0,0,8.0,0.0,216457.25,116819.9,333277.14,0.0,7.6
2026-06-05T00:54:16.817+00:00,347177,996060cc-1738-4269-9a35-58ffa0c7dd73,,10,FAULT,0x04C0,I2C_TIMEOUT|SENSOR_RANGE|SELFTEST,0,0,0,0,0,0,0.0,0.0,0.0,5.038,2.605,604.56,312.6,-18.15,-9.2,0.0,0.0,0.0,0.0,0.0,0.0,,0.0,0,0,0,0,0,8.0,0.0,216535.23,116860.22,333395.46,0.0,-7.6
2026-06-05T00:54:16.947+00:00,347308,996060cc-1738-4269-9a35-58ffa0c7dd73,,10,FAULT,0x04C0,I2C_TIMEOUT|SENSOR_RANGE|SELFTEST,0,0,0,0,0,0,0.0,0.0,0.0,4.991,2.585,598.92,310.2,-20.11,-9.32,0.0,0.0,0.0,0.0,0.0,0.0,,0.0,0,0,0,0,0,8.0,0.0,216613.69,116900.86,333514.55,0.0,-14.96
2026-06-05T00:54:17.075+00:00,347437,996060cc-1738-4269-9a35-58ffa0c7dd73,,10,FAULT,0x04C0,I2C_TIMEOUT|SENSOR_RANGE|SELFTEST,0,0,0,0,0,0,0.0,0.0,0.0,4.952,2.578,594.24,309.36,-19.86,-9.93,0.0,0.0,0.0,0.0,0.0,0.0,,0.0,0,0,0,0,0,8.0,0.0,216690.35,116940.77,333631.12,0.0,1.94
2026-06-05T00:54:17.206+00:00,347566,996060cc-1738-4269-9a35-58ffa0c7dd73,,10,FAULT,0x04C0,I2C_TIMEOUT|SENSOR_RANGE|SELFTEST,0,0,0,0,0,0,0.0,0.0,0.0,4.866,2.542,583.92,305.04,-18.4,-9.68,0.0,0.0,0.0,0.0,0.0,0.0,,0.0,0,0,0,0,0,8.0,0.0,216765.67,116980.12,333745.79,0.0,11.32
2026-06-05T00:54:17.334+00:00,347695,996060cc-1738-4269-9a35-58ffa0c7dd73,,10,FAULT,0x04C0,I2C_TIMEOUT|SENSOR_RANGE|SELFTEST,0,0,0,0,0,0,0.0,0.0,0.0,4.853,2.536,582.36,304.32,-17.17,-9.2,0.0,0.0,0.0,0.0,0.0,0.0,,0.0,0,0,0,0,0,8.0,0.0,216840.8,117019.38,333860.17,0.0,9.53
2026-06-05T00:54:17.464+00:00,347825,996060cc-1738-4269-9a35-58ffa0c7dd73,,10,FAULT,0x04C0,I2C_TIMEOUT|SENSOR_RANGE|SELFTEST,0,0,0,0,0,0,0.0,0.0,0.0,4.737,2.485,568.44,298.2,-18.89,-9.93,0.0,0.0,0.0,0.0,0.0,0.0,,0.0,0,0,0,0,0,8.0,0.0,216914.7,117058.14,333972.84,0.0,-13.23
2026-06-05T00:54:17.594+00:00,347954,996060cc-1738-4269-9a35-58ffa0c7dd73,,10,FAULT,0x04C0,I2C_TIMEOUT|SENSOR_RANGE|SELFTEST,0,0,0,0,0,0,0.0,0.0,0.0,4.747,2.494,569.64,299.28,-19.62,-10.3,0.0,0.0,0.0,0.0,0.0,0.0,,0.0,0,0,0,0,0,8.0,0.0,216988.18,117096.75,334084.93,0.0,-5.66
2026-06-05T00:54:17.724+00:00,348083,996060cc-1738-4269-9a35-58ffa0c7dd73,,10,FAULT,0x04C0,I2C_TIMEOUT|SENSOR_RANGE|SELFTEST,0,0,0,0,0,0,0.0,0.0,0.0,4.656,2.459,558.72,295.08,-18.64,-9.81,0.0,0.0,0.0,0.0,0.0,0.0,,0.0,0,0,0,0,0,8.0,0.0,217060.25,117134.81,334195.07,0.0,7.6
2026-06-05T00:54:17.853+00:00,348213,996060cc-1738-4269-9a35-58ffa0c7dd73,,10,FAULT,0x04C0,I2C_TIMEOUT|SENSOR_RANGE|SELFTEST,0,0,0,0,0,0,0.0,0.0,0.0,4.641,2.448,556.92,293.76,-17.66,-9.32,0.0,0.0,0.0,0.0,0.0,0.0,,0.0,0,0,0,0,0,8.0,0.0,217132.65,117173.0,334305.66,0.0,7.54
2026-06-05T00:54:17.983+00:00,348342,996060cc-1738-4269-9a35-58ffa0c7dd73,,10,FAULT,0x04C0,I2C_TIMEOUT|SENSOR_RANGE|SELFTEST,0,0,0,0,0,0,0.0,0.0,0.0,4.573,2.418,548.76,290.16,-18.89,-9.32,0.0,0.0,0.0,0.0,0.0,0.0,,0.0,0,0,0,0,0,8.0,0.0,217203.44,117210.43,334413.88,0.0,-9.53
2026-06-05T00:54:18.112+00:00,348471,996060cc-1738-4269-9a35-58ffa0c7dd73,,10,FAULT,0x04C0,I2C_TIMEOUT|SENSOR_RANGE|SELFTEST,0,0,0,0,0,0,0.0,0.0,0.0,4.561,2.417,547.32,290.04,-19.86,-10.17,0.0,0.0,0.0,0.0,0.0,0.0,,0.0,0,0,0,0,0,8.0,0.0,217274.05,117247.85,334521.9,0.0,-7.52
2026-06-05T00:54:18.243+00:00,348601,996060cc-1738-4269-9a35-58ffa0c7dd73,,10,FAULT,0x04C0,I2C_TIMEOUT|SENSOR_RANGE|SELFTEST,0,0,0,0,0,0,0.0,0.0,0.0,4.566,2.421,547.92,290.52,-20.35,-10.66,0.0,0.0,0.0,0.0,0.0,0.0,,0.0,0,0,0,0,0,8.0,0.0,217345.28,117285.62,334630.89,0.0,-3.77
2026-06-05T00:54:18.372+00:00,348730,996060cc-1738-4269-9a35-58ffa0c7dd73,,10,FAULT,0x04C0,I2C_TIMEOUT|SENSOR_RANGE|SELFTEST,0,0,0,0,0,0,0.0,0.0,0.0,4.561,2.41,547.32,289.2,-18.4,-9.81,0.0,0.0,0.0,0.0,0.0,0.0,,0.0,0,0,0,0,0,8.0,0.0,217415.88,117322.92,334738.81,0.0,15.12
2026-06-05T00:54:18.501+00:00,348859,996060cc-1738-4269-9a35-58ffa0c7dd73,,10,FAULT,0x04C0,I2C_TIMEOUT|SENSOR_RANGE|SELFTEST,0,0,0,0,0,0,0.0,0.0,0.0,4.606,2.424,552.72,290.88,-17.42,-9.56,0.0,0.0,0.0,0.0,0.0,0.0,,0.0,0,0,0,0,0,8.0,0.0,217487.18,117360.45,334847.63,0.0,7.6
2026-06-05T00:54:18.631+00:00,348989,996060cc-1738-4269-9a35-58ffa0c7dd73,,10,FAULT,0x04C0,I2C_TIMEOUT|SENSOR_RANGE|SELFTEST,0,0,0,0,0,0,0.0,0.0,0.0,4.536,2.39,544.32,286.8,-18.64,-9.68,0.0,0.0,0.0,0.0,0.0,0.0,,0.0,0,0,0,0,0,8.0,0.0,217557.94,117397.73,334955.68,0.0,-9.38
2026-06-05T00:54:18.761+00:00,349118,996060cc-1738-4269-9a35-58ffa0c7dd73,,10,FAULT,0x04C0,I2C_TIMEOUT|SENSOR_RANGE|SELFTEST,0,0,0,0,0,0,0.0,0.0,0.0,4.562,2.407,547.44,288.84,-20.11,-10.66,0.0,0.0,0.0,0.0,0.0,0.0,,0.0,0,0,0,0,0,8.0,0.0,217628.56,117434.99,335063.56,0.0,-11.4
2026-06-05T00:54:18.889+00:00,349247,996060cc-1738-4269-9a35-58ffa0c7dd73,,10,FAULT,0x04C0,I2C_TIMEOUT|SENSOR_RANGE|SELFTEST,0,0,0,0,0,0,0.0,0.0,0.0,4.437,2.35,532.44,282.0,-21.08,-11.15,0.0,0.0,0.0,0.0,0.0,0.0,,0.0,0,0,0,0,0,8.0,0.0,217697.25,117471.37,335168.62,0.0,-7.52
2026-06-05T00:54:19.020+00:00,349377,996060cc-1738-4269-9a35-58ffa0c7dd73,,10,FAULT,0x04C0,I2C_TIMEOUT|SENSOR_RANGE|SELFTEST,0,0,0,0,0,0,0.0,0.0,0.0,4.434,2.333,532.08,279.96,-18.15,-9.93,0.0,0.0,0.0,0.0,0.0,0.0,,0.0,0,0,0,0,0,8.0,0.0,217766.42,117507.76,335274.18,0.0,22.54
2026-06-05T00:54:19.148+00:00,349506,996060cc-1738-4269-9a35-58ffa0c7dd73,,10,FAULT,0x04C0,I2C_TIMEOUT|SENSOR_RANGE|SELFTEST,0,0,0,0,0,0,0.0,0.0,0.0,4.351,2.298,522.12,275.76,-18.4,-9.56,0.0,0.0,0.0,0.0,0.0,0.0,,0.0,0,0,0,0,0,8.0,0.0,217833.77,117543.34,335377.11,0.0,-1.94
2026-06-05T00:54:19.279+00:00,349635,996060cc-1738-4269-9a35-58ffa0c7dd73,,10,FAULT,0x04C0,I2C_TIMEOUT|SENSOR_RANGE|SELFTEST,0,0,0,0,0,0,0.0,0.0,0.0,4.344,2.302,521.28,276.24,-19.86,-10.42,0.0,0.0,0.0,0.0,0.0,0.0,,0.0,0,0,0,0,0,8.0,0.0,217901.02,117578.97,335479.99,0.0,-11.32
2026-06-05T00:54:19.409+00:00,349765,996060cc-1738-4269-9a35-58ffa0c7dd73,,10,FAULT,0x04C0,I2C_TIMEOUT|SENSOR_RANGE|SELFTEST,0,0,0,0,0,0,0.0,0.0,0.0,4.295,2.283,515.4,273.96,-19.86,-10.17,0.0,0.0,0.0,0.0,0.0,0.0,,0.0,0,0,0,0,0,8.0,0.0,217968.02,117614.59,335582.61,0.0,0.0
2026-06-05T00:54:19.537+00:00,349894,996060cc-1738-4269-9a35-58ffa0c7dd73,,10,FAULT,0x04C0,I2C_TIMEOUT|SENSOR_RANGE|SELFTEST,0,0,0,0,0,0,0.0,0.0,0.0,4.236,2.236,508.32,268.32,-18.64,-9.68,0.0,0.0,0.0,0.0,0.0,0.0,,0.0,0,0,0,0,0,8.0,0.0,218033.59,117649.2,335682.79,0.0,9.46
2026-06-05T00:54:19.669+00:00,350023,996060cc-1738-4269-9a35-58ffa0c7dd73,,10,FAULT,0x04C0,I2C_TIMEOUT|SENSOR_RANGE|SELFTEST,0,0,0,0,0,0,0.0,0.0,0.0,4.189,2.212,502.68,265.44,-18.15,-9.2,0.0,0.0,0.0,0.0,0.0,0.0,,0.0,0,0,0,0,0,8.0,0.0,218098.44,117683.44,335781.88,0.0,3.8
2026-06-05T00:54:19.798+00:00,350153,996060cc-1738-4269-9a35-58ffa0c7dd73,,10,FAULT,0x04C0,I2C_TIMEOUT|SENSOR_RANGE|SELFTEST,0,0,0,0,0,0,0.0,0.0,0.0,4.099,2.174,491.88,260.88,-19.37,-9.93,0.0,0.0,0.0,0.0,0.0,0.0,,0.0,0,0,0,0,0,8.0,0.0,218162.38,117717.36,335879.74,0.0,-9.38
2026-06-05T00:54:19.926+00:00,350282,996060cc-1738-4269-9a35-58ffa0c7dd73,,10,FAULT,0x04C0,I2C_TIMEOUT|SENSOR_RANGE|SELFTEST,0,0,0,0,0,0,0.0,0.0,0.0,4.113,2.187,493.56,262.44,-19.86,-10.3,0.0,0.0,0.0,0.0,0.0,0.0,,0.0,0,0,0,0,0,8.0,0.0,218226.05,117751.21,335977.26,0.0,-3.8
2026-06-05T00:54:20.056+00:00,350411,996060cc-1738-4269-9a35-58ffa0c7dd73,,10,FAULT,0x04C0,I2C_TIMEOUT|SENSOR_RANGE|SELFTEST,0,0,0,0,0,0,0.0,0.0,0.0,3.954,2.096,474.48,251.52,-19.13,-9.93,0.0,0.0,0.0,0.0,0.0,0.0,,0.0,0,0,0,0,0,8.0,0.0,218287.26,117783.66,336070.92,0.0,5.66
2026-06-05T00:54:20.187+00:00,350540,996060cc-1738-4269-9a35-58ffa0c7dd73,,10,FAULT,0x04C0,I2C_TIMEOUT|SENSOR_RANGE|SELFTEST,0,0,0,0,0,0,0.0,0.0,0.0,3.938,2.069,472.56,248.28,-18.4,-9.56,0.0,0.0,0.0,0.0,0.0,0.0,,0.0,0,0,0,0,0,8.0,0.0,218348.22,117815.68,336163.91,0.0,5.66
2026-06-05T00:54:20.315+00:00,350670,996060cc-1738-4269-9a35-58ffa0c7dd73,,10,FAULT,0x04C0,I2C_TIMEOUT|SENSOR_RANGE|SELFTEST,0,0,0,0,0,0,0.0,0.0,0.0,3.815,2.023,457.8,242.76,-18.89,-9.81,0.0,0.0,0.0,0.0,0.0,0.0,,0.0,0,0,0,0,0,8.0,0.0,218407.74,117847.24,336254.98,0.0,-3.77
2026-06-05T00:54:20.445+00:00,350799,996060cc-1738-4269-9a35-58ffa0c7dd73,,10,FAULT,0x04C0,I2C_TIMEOUT|SENSOR_RANGE|SELFTEST,0,0,0,0,0,0,0.0,0.0,0.0,3.806,2.014,456.72,241.68,-20.11,-10.3,0.0,0.0,0.0,0.0,0.0,0.0,,0.0,0,0,0,0,0,8.0,0.0,218466.65,117878.42,336345.07,0.0,-9.46
2026-06-05T00:54:20.576+00:00,350928,996060cc-1738-4269-9a35-58ffa0c7dd73,,10,FAULT,0x04C0,I2C_TIMEOUT|SENSOR_RANGE|SELFTEST,0,0,0,0,0,0,0.0,0.0,0.0,3.711,1.969,445.32,236.28,-19.86,-10.3,0.0,0.0,0.0,0.0,0.0,0.0,,0.0,0,0,0,0,0,8.0,0.0,218524.1,117908.9,336433.0,0.0,1.94
2026-06-05T00:54:20.704+00:00,351058,996060cc-1738-4269-9a35-58ffa0c7dd73,,10,FAULT,0x04C0,I2C_TIMEOUT|SENSOR_RANGE|SELFTEST,0,0,0,0,0,0,0.0,0.0,0.0,3.625,1.893,435.0,227.16,-18.4,-9.68,0.0,0.0,0.0,0.0,0.0,0.0,,0.0,0,0,0,0,0,8.0,0.0,218580.65,117938.43,336519.08,0.0,11.23
2026-06-05T00:54:20.834+00:00,351187,996060cc-1738-4269-9a35-58ffa0c7dd73,,10,FAULT,0x04C0,I2C_TIMEOUT|SENSOR_RANGE|SELFTEST,0,0,0,0,0,0,0.0,0.0,0.0,3.455,1.781,414.6,213.72,-17.91,-9.32,0.0,0.0,0.0,0.0,0.0,0.0,,0.0,0,0,0,0,0,8.0,0.0,218634.13,117966.0,336600.13,0.0,3.8
2026-06-05T00:54:20.963+00:00,351316,996060cc-1738-4269-9a35-58ffa0c7dd73,,10,FAULT,0x04C0,I2C_TIMEOUT|SENSOR_RANGE|SELFTEST,0,0,0,0,0,0,0.0,0.0,0.0,3.459,1.786,415.08,214.32,-19.13,-9.81,0.0,0.0,0.0,0.0,0.0,0.0,,0.0,0,0,0,0,0,8.0,0.0,218687.68,117993.65,336681.33,0.0,-9.46
2026-06-05T00:54:21.093+00:00,351447,996060cc-1738-4269-9a35-58ffa0c7dd73,,10,FAULT,0x04C0,I2C_TIMEOUT|SENSOR_RANGE|SELFTEST,0,0,0,0,0,0,0.0,0.0,0.0,3.471,1.798,416.52,215.76,-20.11,-10.17,0.0,0.0,0.0,0.0,0.0,0.0,,0.0,0,0,0,0,0,8.0,0.0,218742.24,118021.91,336764.15,0.0,-7.48
2026-06-05T00:54:21.223+00:00,351576,996060cc-1738-4269-9a35-58ffa0c7dd73,,10,FAULT,0x04C0,I2C_TIMEOUT|SENSOR_RANGE|SELFTEST,0,0,0,0,0,0,0.0,0.0,0.0,3.46,1.789,415.2,214.68,-19.13,-9.93,0.0,0.0,0.0,0.0,0.0,0.0,,0.0,0,0,0,0,0,8.0,0.0,218795.8,118049.61,336845.41,0.0,7.6
2026-06-05T00:54:21.351+00:00,351705,996060cc-1738-4269-9a35-58ffa0c7dd73,,10,FAULT,0x04C0,I2C_TIMEOUT|SENSOR_RANGE|SELFTEST,0,0,0,0,0,0,0.0,0.0,0.0,3.491,1.804,418.92,216.48,-18.4,-9.56,0.0,0.0,0.0,0.0,0.0,0.0,,0.0,0,0,0,0,0,8.0,0.0,218849.84,118077.53,336927.38,0.0,5.66
2026-06-05T00:54:21.482+00:00,351835,996060cc-1738-4269-9a35-58ffa0c7dd73,,10,FAULT,0x04C0,I2C_TIMEOUT|SENSOR_RANGE|SELFTEST,0,0,0,0,0,0,0.0,0.0,0.0,3.468,1.785,416.16,214.2,-18.64,-9.56,0.0,0.0,0.0,0.0,0.0,0.0,,0.0,0,0,0,0,0,8.0,0.0,218903.94,118105.38,337009.32,0.0,-1.85
2026-06-05T00:54:21.613+00:00,351964,996060cc-1738-4269-9a35-58ffa0c7dd73,,10,FAULT,0x04C0,I2C_TIMEOUT|SENSOR_RANGE|SELFTEST,0,0,0,0,0,0,0.0,0.0,0.0,3.486,1.794,418.32,215.28,-19.62,-10.17,0.0,0.0,0.0,0.0,0.0,0.0,,0.0,0,0,0,0,0,8.0,0.0,218957.91,118133.15,337091.06,0.0,-7.6
2026-06-05T00:54:21.741+00:00,352093,996060cc-1738-4269-9a35-58ffa0c7dd73,,10,FAULT,0x04C0,I2C_TIMEOUT|SENSOR_RANGE|SELFTEST,0,0,0,0,0,0,0.0,0.0,0.0,3.485,1.797,418.2,215.64,-19.62,-10.3,0.0,0.0,0.0,0.0,0.0,0.0,,0.0,0,0,0,0,0,8.0,0.0,219011.85,118160.97,337172.82,0.0,0.0
2026-06-05T00:54:21.871+00:00,352223,996060cc-1738-4269-9a35-58ffa0c7dd73,,10,FAULT,0x04C0,I2C_TIMEOUT|SENSOR_RANGE|SELFTEST,0,0,0,0,0,0,0.0,0.0,0.0,3.499,1.804,419.88,216.48,-18.64,-9.68,0.0,0.0,0.0,0.0,0.0,0.0,,0.0,0,0,0,0,0,8.0,0.0,219066.44,118189.11,337255.55,0.0,7.54
2026-06-05T00:54:22.001+00:00,352352,996060cc-1738-4269-9a35-58ffa0c7dd73,,10,FAULT,0x04C0,I2C_TIMEOUT|SENSOR_RANGE|SELFTEST,0,0,0,0,0,0,0.0,0.0,0.0,3.495,1.798,419.4,215.76,-18.4,-9.44,0.0,0.0,0.0,0.0,0.0,0.0,,0.0,0,0,0,0,0,8.0,0.0,219120.54,118216.94,337337.48,0.0,1.86
2026-06-05T00:54:22.130+00:00,352481,996060cc-1738-4269-9a35-58ffa0c7dd73,,10,FAULT,0x04C0,I2C_TIMEOUT|SENSOR_RANGE|SELFTEST,0,0,0,0,0,0,0.0,0.0,0.0,3.487,1.798,418.44,215.76,-19.13,-10.05,0.0,0.0,0.0,0.0,0.0,0.0,,0.0,0,0,0,0,0,8.0,0.0,219174.52,118244.78,337419.3,0.0,-5.66
2026-06-05T00:54:22.260+00:00,352611,996060cc-1738-4269-9a35-58ffa0c7dd73,,10,FAULT,0x04C0,I2C_TIMEOUT|SENSOR_RANGE|SELFTEST,0,0,0,0,0,0,0.0,0.0,0.0,3.508,1.816,420.96,217.92,-20.11,-10.3,0.0,0.0,0.0,0.0,0.0,0.0,,0.0,0,0,0,0,0,8.0,0.0,219229.25,118273.11,337502.35,0.0,-7.54
2026-06-05T00:54:22.390+00:00,352740,996060cc-1738-4269-9a35-58ffa0c7dd73,,10,FAULT,0x04C0,I2C_TIMEOUT|SENSOR_RANGE|SELFTEST,0,0,0,0,0,0,0.0,0.0,0.0,3.47,1.795,416.4,215.4,-19.13,-9.93,0.0,0.0,0.0,0.0,0.0,0.0,,0.0,0,0,0,0,0,8.0,0.0,219282.96,118300.89,337583.85,0.0,7.6
2026-06-05T00:54:22.519+00:00,352869,996060cc-1738-4269-9a35-58ffa0c7dd73,,10,FAULT,0x04C0,I2C_TIMEOUT|SENSOR_RANGE|SELFTEST,0,0,0,0,0,0,0.0,0.0,0.0,3.475,1.786,417.0,214.32,-18.64,-9.44,0.0,0.0,0.0,0.0,0.0,0.0,,0.0,0,0,0,0,0,8.0,0.0,219336.75,118328.54,337665.29,0.0,3.8
2026-06-05T00:54:22.650+00:00,352999,996060cc-1738-4269-9a35-58ffa0c7dd73,,10,FAULT,0x04C0,I2C_TIMEOUT|SENSOR_RANGE|SELFTEST,0,0,0,0,0,0,0.0,0.0,0.0,3.373,1.743,404.76,209.16,-18.64,-9.44,0.0,0.0,0.0,0.0,0.0,0.0,,0.0,0,0,0,0,0,8.0,0.0,219389.37,118355.73,337745.1,0.0,0.0
2026-06-05T00:54:22.777+00:00,353128,996060cc-1738-4269-9a35-58ffa0c7dd73,,10,FAULT,0x04C0,I2C_TIMEOUT|SENSOR_RANGE|SELFTEST,0,0,0,0,0,0,0.0,0.0,0.0,3.476,1.825,417.12,219.0,-19.86,-10.17,0.0,0.0,0.0,0.0,0.0,0.0,,0.0,0,0,0,0,0,8.0,0.0,219443.18,118383.98,337827.16,0.0,-9.46
2026-06-05T00:54:22.908+00:00,353257,996060cc-1738-4269-9a35-58ffa0c7dd73,,10,FAULT,0x04C0,I2C_TIMEOUT|SENSOR_RANGE|SELFTEST,0,0,0,0,0,0,0.0,0.0,0.0,3.544,1.895,425.28,227.4,-19.37,-10.05,0.0,0.0,0.0,0.0,0.0,0.0,,0.0,0,0,0,0,0,8.0,0.0,219498.04,118413.32,337911.36,0.0,3.8
2026-06-05T00:54:23.038+00:00,353387,996060cc-1738-4269-9a35-58ffa0c7dd73,,10,FAULT,0x04C0,I2C_TIMEOUT|SENSOR_RANGE|SELFTEST,0,0,0,0,0,0,0.0,0.0,0.0,3.701,1.971,444.12,236.52,-17.91,-9.68,0.0,0.0,0.0,0.0,0.0,0.0,,0.0,0,0,0,0,0,8.0,0.0,219555.78,118444.06,337999.84,0.0,11.23
2026-06-05T00:54:23.166+00:00,353516,996060cc-1738-4269-9a35-58ffa0c7dd73,,10,FAULT,0x04C0,I2C_TIMEOUT|SENSOR_RANGE|SELFTEST,0,0,0,0,0,0,0.0,0.0,0.0,3.791,2.01,454.92,241.2,-17.91,-9.44,0.0,0.0,0.0,0.0,0.0,0.0,,0.0,0,0,0,0,0,8.0,0.0,219614.46,118475.18,338089.64,0.0,0.0
2026-06-05T00:54:23.297+00:00,353645,996060cc-1738-4269-9a35-58ffa0c7dd73,,10,FAULT,0x04C0,I2C_TIMEOUT|SENSOR_RANGE|SELFTEST,0,0,0,0,0,0,0.0,0.0,0.0,3.837,2.04,460.44,244.8,-19.13,-10.05,0.0,0.0,0.0,0.0,0.0,0.0,,0.0,0,0,0,0,0,8.0,0.0,219673.86,118506.76,338180.62,0.0,-9.46
2026-06-05T00:54:23.427+00:00,353775,996060cc-1738-4269-9a35-58ffa0c7dd73,,10,FAULT,0x04C0,I2C_TIMEOUT|SENSOR_RANGE|SELFTEST,0,0,0,0,0,0,0.0,0.0,0.0,3.945,2.109,473.4,253.08,-19.62,-10.3,0.0,0.0,0.0,0.0,0.0,0.0,,0.0,0,0,0,0,0,8.0,0.0,219735.4,118539.66,338275.06,0.0,-3.77
2026-06-05T00:54:23.555+00:00,353904,996060cc-1738-4269-9a35-58ffa0c7dd73,,10,FAULT,0x04C0,I2C_TIMEOUT|SENSOR_RANGE|SELFTEST,0,0,0,0,0,0,0.0,0.0,0.0,3.979,2.121,477.48,254.52,-18.4,-9.81,0.0,0.0,0.0,0.0,0.0,0.0,,0.0,0,0,0,0,0,8.0,0.0,219797.0,118572.49,338369.49,0.0,9.46
2026-06-05T00:54:23.686+00:00,354033,996060cc-1738-4269-9a35-58ffa0c7dd73,,10,FAULT,0x04C0,I2C_TIMEOUT|SENSOR_RANGE|SELFTEST,0,0,0,0,0,0,0.0,0.0,0.0,4.083,2.175,489.96,261.0,-17.66,-9.44,0.0,0.0,0.0,0.0,0.0,0.0,,0.0,0,0,0,0,0,8.0,0.0,219860.2,118606.16,338466.36,0.0,5.74
2026-06-05T00:54:23.816+00:00,354163,996060cc-1738-4269-9a35-58ffa0c7dd73,,10,FAULT,0x04C0,I2C_TIMEOUT|SENSOR_RANGE|SELFTEST,0,0,0,0,0,0,0.0,0.0,0.0,4.102,2.182,492.24,261.84,-18.64,-9.81,0.0,0.0,0.0,0.0,0.0,0.0,,0.0,0,0,0,0,0,8.0,0.0,219924.19,118640.2,338564.39,0.0,-7.54
2026-06-05T00:54:23.944+00:00,354292,996060cc-1738-4269-9a35-58ffa0c7dd73,,10,FAULT,0x04C0,I2C_TIMEOUT|SENSOR_RANGE|SELFTEST,0,0,0,0,0,0,0.0,0.0,0.0,4.189,2.239,502.68,268.68,-19.62,-10.17,0.0,0.0,0.0,0.0,0.0,0.0,,0.0,0,0,0,0,0,8.0,0.0,219989.04,118674.86,338663.9,0.0,-7.6
2026-06-05T00:54:24.075+00:00,354421,996060cc-1738-4269-9a35-58ffa0c7dd73,,10,FAULT,0x04C0,I2C_TIMEOUT|SENSOR_RANGE|SELFTEST,0,0,0,0,0,0,0.0,0.0,0.0,4.248,2.27,509.76,272.4,-19.37,-10.17,0.0,0.0,0.0,0.0,0.0,0.0,,0.0,0,0,0,0,0,8.0,0.0,220054.8,118710.0,338764.79,0.0,1.94
2026-06-05T00:54:24.205+00:00,354551,996060cc-1738-4269-9a35-58ffa0c7dd73,,10,FAULT,0x04C0,I2C_TIMEOUT|SENSOR_RANGE|SELFTEST,0,0,0,0,0,0,0.0,0.0,0.0,4.337,2.312,520.44,277.44,-18.15,-9.68,0.0,0.0,0.0,0.0,0.0,0.0,,0.0,0,0,0,0,0,8.0,0.0,220122.45,118746.07,338868.52,0.0,9.38
2026-06-05T00:54:24.333+00:00,354680,996060cc-1738-4269-9a35-58ffa0c7dd73,,10,FAULT,0x04C0,I2C_TIMEOUT|SENSOR_RANGE|SELFTEST,0,0,0,0,0,0,0.0,0.0,0.0,4.385,2.334,526.2,280.08,-18.15,-9.44,0.0,0.0,0.0,0.0,0.0,0.0,,0.0,0,0,0,0,0,8.0,0.0,220190.33,118782.2,338972.53,0.0,0.0
2026-06-05T00:54:24.463+00:00,354809,996060cc-1738-4269-9a35-58ffa0c7dd73,,10,FAULT,0x04C0,I2C_TIMEOUT|SENSOR_RANGE|SELFTEST,0,0,0,0,0,0,0.0,0.0,0.0,4.445,2.365,533.4,283.8,-19.13,-10.05,0.0,0.0,0.0,0.0,0.0,0.0,,0.0,0,0,0,0,0,8.0,0.0,220259.14,118818.81,339077.95,0.0,-7.6
2026-06-05T00:54:24.592+00:00,354938,996060cc-1738-4269-9a35-58ffa0c7dd73,,10,FAULT,0x04C0,I2C_TIMEOUT|SENSOR_RANGE|SELFTEST,0,0,0,0,0,0,0.0,0.0,0.0,4.525,2.419,543.0,290.28,-19.86,-10.42,0.0,0.0,0.0,0.0,0.0,0.0,,0.0,0,0,0,0,0,8.0,0.0,220329.19,118856.25,339185.44,0.0,-5.66
2026-06-05T00:54:24.722+00:00,355068,996060cc-1738-4269-9a35-58ffa0c7dd73,,10,FAULT,0x04C0,I2C_TIMEOUT|SENSOR_RANGE|SELFTEST,0,0,0,0,0,0,0.0,0.0,0.0,4.562,2.437,547.44,292.44,-18.64,-9.93,0.0,0.0,0.0,0.0,0.0,0.0,,0.0,0,0,0,0,0,8.0,0.0,220400.36,118894.27,339294.63,0.0,9.38
2026-06-05T00:54:24.852+00:00,355197,996060cc-1738-4269-9a35-58ffa0c7dd73,,10,FAULT,0x04C0,I2C_TIMEOUT|SENSOR_RANGE|SELFTEST,0,0,0,0,0,0,0.0,0.0,0.0,4.653,2.473,558.36,296.76,-17.91,-9.44,0.0,0.0,0.0,0.0,0.0,0.0,,0.0,0,0,0,0,0,8.0,0.0,220472.39,118932.55,339404.94,0.0,5.66
2026-06-05T00:54:24.981+00:00,355326,996060cc-1738-4269-9a35-58ffa0c7dd73,,10,FAULT,0x04C0,I2C_TIMEOUT|SENSOR_RANGE|SELFTEST,0,0,0,0,0,0,0.0,0.0,0.0,4.679,2.475,561.48,297.0,-19.13,-9.93,0.0,0.0,0.0,0.0,0.0,0.0,,0.0,0,0,0,0,0,8.0,0.0,220544.82,118970.86,339515.68,0.0,-9.46
2026-06-05T00:54:25.111+00:00,355457,996060cc-1738-4269-9a35-58ffa0c7dd73,,10,FAULT,0x04C0,I2C_TIMEOUT|SENSOR_RANGE|SELFTEST,0,0,0,0,0,0,0.0,0.0,0.0,4.761,2.525,571.32,303.0,-19.86,-10.54,0.0,0.0,0.0,0.0,0.0,0.0,,0.0,0,0,0,0,0,8.0,0.0,220619.66,119010.56,339630.22,0.0,-5.57
2026-06-05T00:54:25.241+00:00,355586,996060cc-1738-4269-9a35-58ffa0c7dd73,,10,FAULT,0x04C0,I2C_TIMEOUT|SENSOR_RANGE|SELFTEST,0,0,0,0,0,0,0.0,0.0,0.0,4.822,2.558,578.64,306.96,-19.37,-10.3,0.0,0.0,0.0,0.0,0.0,0.0,,0.0,0,0,0,0,0,8.0,0.0,220694.3,119050.15,339744.46,0.0,3.8
2026-06-05T00:54:25.370+00:00,355715,996060cc-1738-4269-9a35-58ffa0c7dd73,,10,FAULT,0x04C0,I2C_TIMEOUT|SENSOR_RANGE|SELFTEST,0,0,0,0,0,0,0.0,0.0,0.0,4.908,2.597,588.96,311.64,-17.91,-9.44,0.0,0.0,0.0,0.0,0.0,0.0,,0.0,0,0,0,0,0,8.0,0.0,220770.28,119090.36,339860.64,0.0,11.32
2026-06-05T00:54:25.501+00:00,355845,996060cc-1738-4269-9a35-58ffa0c7dd73,,10,FAULT,0x04C0,I2C_TIMEOUT|SENSOR_RANGE|SELFTEST,0,0,0,0,0,0,0.0,0.0,0.0,4.964,2.62,595.68,314.4,-17.91,-9.56,0.0,0.0,0.0,0.0,0.0,0.0,,0.0,0,0,0,0,0,8.0,0.0,220847.72,119131.23,339978.95,0.0,0.0
2026-06-05T00:54:25.631+00:00,355974,996060cc-1738-4269-9a35-58ffa0c7dd73,,10,FAULT,0x04C0,I2C_TIMEOUT|SENSOR_RANGE|SELFTEST,0,0,0,0,0,0,0.0,0.0,0.0,5.017,2.647,602.04,317.64,-19.37,-10.17,0.0,0.0,0.0,0.0,0.0,0.0,,0.0,0,0,0,0,0,8.0,0.0,220925.38,119172.2,340097.59,0.0,-11.32
2026-06-05T00:54:25.759+00:00,356103,996060cc-1738-4269-9a35-58ffa0c7dd73,,10,FAULT,0x04C0,I2C_TIMEOUT|SENSOR_RANGE|SELFTEST,0,0,0,0,0,0,0.0,0.0,0.0,5.072,2.673,608.64,320.76,-19.62,-10.42,0.0,0.0,0.0,0.0,0.0,0.0,,0.0,0,0,0,0,0,8.0,0.0,221003.9,119213.58,340217.48,0.0,-1.94
2026-06-05T00:54:25.889+00:00,356233,996060cc-1738-4269-9a35-58ffa0c7dd73,,10,FAULT,0x04C0,I2C_TIMEOUT|SENSOR_RANGE|SELFTEST,0,0,0,0,0,0,0.0,0.0,0.0,5.106,2.688,612.72,322.56,-18.64,-10.05,0.0,0.0,0.0,0.0,0.0,0.0,,0.0,0,0,0,0,0,8.0,0.0,221083.55,119255.51,340339.06,0.0,7.54
2026-06-05T00:54:26.019+00:00,356362,996060cc-1738-4269-9a35-58ffa0c7dd73,,10,FAULT,0x04C0,I2C_TIMEOUT|SENSOR_RANGE|SELFTEST,0,0,0,0,0,0,0.0,0.0,0.0,5.177,2.72,621.24,326.4,-18.15,-9.56,0.0,0.0,0.0,0.0,0.0,0.0,,0.0,0,0,0,0,0,8.0,0.0,221163.69,119297.62,340461.31,0.0,3.8
2026-06-05T00:54:26.148+00:00,356491,996060cc-1738-4269-9a35-58ffa0c7dd73,,10,FAULT,0x04C0,I2C_TIMEOUT|SENSOR_RANGE|SELFTEST,0,0,0,0,0,0,0.0,0.0,0.0,5.185,2.712,622.2,325.44,-19.37,-10.05,0.0,0.0,0.0,0.0,0.0,0.0,,0.0,0,0,0,0,0,8.0,0.0,221243.95,119339.6,340583.56,0.0,-9.46
2026-06-05T00:54:26.278+00:00,356621,996060cc-1738-4269-9a35-58ffa0c7dd73,,10,FAULT,0x04C0,I2C_TIMEOUT|SENSOR_RANGE|SELFTEST,0,0,0,0,0,0,0.0,0.0,0.0,5.251,2.746,630.12,329.52,-20.35,-10.54,0.0,0.0,0.0,0.0,0.0,0.0,,0.0,0,0,0,0,0,8.0,0.0,221325.87,119382.44,340708.31,0.0,-7.54
2026-06-05T00:54:26.408+00:00,356750,996060cc-1738-4269-9a35-58ffa0c7dd73,,10,FAULT,0x04C0,I2C_TIMEOUT|SENSOR_RANGE|SELFTEST,0,0,0,0,0,0,0.0,0.0,0.0,5.291,2.766,634.92,331.92,-19.62,-10.3,0.0,0.0,0.0,0.0,0.0,0.0,,0.0,0,0,0,0,0,8.0,0.0,221407.77,119425.26,340833.03,0.0,5.66
2026-06-05T00:54:26.538+00:00,356880,996060cc-1738-4269-9a35-58ffa0c7dd73,,10,FAULT,0x04C0,I2C_TIMEOUT|SENSOR_RANGE|SELFTEST,0,0,0,0,0,0,0.0,0.0,0.0,5.354,2.797,642.48,335.64,-18.4,-9.68,0.0,0.0,0.0,0.0,0.0,0.0,,0.0,0,0,0,0,0,8.0,0.0,221491.3,119468.89,340960.19,0.0,9.38
2026-06-05T00:54:26.667+00:00,357009,996060cc-1738-4269-9a35-58ffa0c7dd73,,10,FAULT,0x04C0,I2C_TIMEOUT|SENSOR_RANGE|SELFTEST,0,0,0,0,0,0,0.0,0.0,0.0,5.391,2.803,646.92,336.36,-18.64,-9.68,0.0,0.0,0.0,0.0,0.0,0.0,,0.0,0,0,0,0,0,8.0,0.0,221574.75,119512.28,341087.03,0.0,-1.86
2026-06-05T00:54:26.795+00:00,357138,996060cc-1738-4269-9a35-58ffa0c7dd73,,10,FAULT,0x04C0,I2C_TIMEOUT|SENSOR_RANGE|SELFTEST,0,0,0,0,0,0,0.0,0.0,0.0,5.433,2.819,651.96,338.28,-19.62,-10.3,0.0,0.0,0.0,0.0,0.0,0.0,,0.0,0,0,0,0,0,8.0,0.0,221658.85,119555.92,341214.77,0.0,-7.6
2026-06-05T00:54:26.926+00:00,357268,996060cc-1738-4269-9a35-58ffa0c7dd73,,10,FAULT,0x04C0,I2C_TIMEOUT|SENSOR_RANGE|SELFTEST,0,0,0,0,0,0,0.0,0.0,0.0,5.475,2.848,657.0,341.76,-19.86,-10.42,0.0,0.0,0.0,0.0,0.0,0.0,,0.0,0,0,0,0,0,8.0,0.0,221744.26,119600.35,341344.61,0.0,-1.85
2026-06-05T00:54:27.056+00:00,357397,996060cc-1738-4269-9a35-58ffa0c7dd73,,10,FAULT,0x04C0,I2C_TIMEOUT|SENSOR_RANGE|SELFTEST,0,0,0,0,0,0,0.0,0.0,0.0,5.437,2.817,652.44,338.04,-18.89,-9.93,0.0,0.0,0.0,0.0,0.0,0.0,,0.0,0,0,0,0,0,8.0,0.0,221828.43,119643.96,341472.38,0.0,7.52
2026-06-05T00:54:27.184+00:00,357526,996060cc-1738-4269-9a35-58ffa0c7dd73,,10,FAULT,0x04C0,I2C_TIMEOUT|SENSOR_RANGE|SELFTEST,0,0,0,0,0,0,0.0,0.0,0.0,5.428,2.8,651.36,336.0,-18.15,-9.56,0.0,0.0,0.0,0.0,0.0,0.0,,0.0,0,0,0,0,0,8.0,0.0,221912.45,119687.3,341599.75,0.0,5.74
2026-06-05T00:54:27.315+00:00,357656,996060cc-1738-4269-9a35-58ffa0c7dd73,,10,FAULT,0x04C0,I2C_TIMEOUT|SENSOR_RANGE|SELFTEST,0,0,0,0,0,0,0.0,0.0,0.0,5.326,2.757,639.12,330.84,-19.37,-9.93,0.0,0.0,0.0,0.0,0.0,0.0,,0.0,0,0,0,0,0,8.0,0.0,221995.54,119730.31,341725.85,0.0,-9.38
2026-06-05T00:54:27.445+00:00,357785,996060cc-1738-4269-9a35-58ffa0c7dd73,,10,FAULT,0x04C0,I2C_TIMEOUT|SENSOR_RANGE|SELFTEST,0,0,0,0,0,0,0.0,0.0,0.0,5.384,2.792,646.08,335.04,-20.11,-10.3,0.0,0.0,0.0,0.0,0.0,0.0,,0.0,0,0,0,0,0,8.0,0.0,222078.88,119773.53,341852.41,0.0,-5.74
2026-06-05T00:54:27.574+00:00,357914,996060cc-1738-4269-9a35-58ffa0c7dd73,,10,FAULT,0x04C0,I2C_TIMEOUT|SENSOR_RANGE|SELFTEST,0,0,0,0,0,0,0.0,0.0,0.0,5.297,2.747,635.64,329.64,-19.62,-10.3,0.0,0.0,0.0,0.0,0.0,0.0,,0.0,0,0,0,0,0,8.0,0.0,222160.88,119816.05,341976.93,0.0,3.8
2026-06-05T00:54:27.703+00:00,358044,996060cc-1738-4269-9a35-58ffa0c7dd73,,10,FAULT,0x04C0,I2C_TIMEOUT|SENSOR_RANGE|SELFTEST,0,0,0,0,0,0,0.0,0.0,0.0,5.308,2.742,636.96,329.04,-18.4,-9.68,0.0,0.0,0.0,0.0,0.0,0.0,,0.0,0,0,0,0,0,8.0,0.0,222243.68,119858.83,342102.51,0.0,9.38
2026-06-05T00:54:27.834+00:00,358173,996060cc-1738-4269-9a35-58ffa0c7dd73,,10,FAULT,0x04C0,I2C_TIMEOUT|SENSOR_RANGE|SELFTEST,0,0,0,0,0,0,0.0,0.0,0.0,5.272,2.727,632.64,327.24,-18.4,-9.68,0.0,0.0,0.0,0.0,0.0,0.0,,0.0,0,0,0,0,0,8.0,0.0,222325.29,119901.04,342226.34,0.0,0.0
2026-06-05T00:54:27.962+00:00,358302,996060cc-1738-4269-9a35-58ffa0c7dd73,,10,FAULT,0x04C0,I2C_TIMEOUT|SENSOR_RANGE|SELFTEST,0,0,0,0,0,0,0.0,0.0,0.0,5.289,2.729,634.68,327.48,-19.86,-10.3,0.0,0.0,0.0,0.0,0.0,0.0,,0.0,0,0,0,0,0,8.0,0.0,222407.17,119943.29,342350.45,0.0,-11.32
2026-06-05T00:54:28.093+00:00,358432,996060cc-1738-4269-9a35-58ffa0c7dd73,,10,FAULT,0x04C0,I2C_TIMEOUT|SENSOR_RANGE|SELFTEST,0,0,0,0,0,0,0.0,0.0,0.0,5.276,2.729,633.12,327.48,-19.86,-10.42,0.0,0.0,0.0,0.0,0.0,0.0,,0.0,0,0,0,0,0,8.0,0.0,222489.47,119985.86,342475.33,0.0,0.0
2026-06-05T00:54:28.223+00:00,358561,996060cc-1738-4269-9a35-58ffa0c7dd73,,10,FAULT,0x04C0,I2C_TIMEOUT|SENSOR_RANGE|SELFTEST,0,0,0,0,0,0,0.0,0.0,0.0,5.236,2.705,628.32,324.6,-18.4,-9.81,0.0,0.0,0.0,0.0,0.0,0.0,,0.0,0,0,0,0,0,8.0,0.0,222570.53,120027.73,342598.26,0.0,11.32
2026-06-05T00:54:28.351+00:00,358690,996060cc-1738-4269-9a35-58ffa0c7dd73,,10,FAULT,0x04C0,I2C_TIMEOUT|SENSOR_RANGE|SELFTEST,0,0,0,0,0,0,0.0,0.0,0.0,5.258,2.712,630.96,325.44,-18.15,-9.44,0.0,0.0,0.0,0.0,0.0,0.0,,0.0,0,0,0,0,0,8.0,0.0,222651.92,120069.71,342721.63,0.0,1.94
2026-06-05T00:54:28.482+00:00,358820,996060cc-1738-4269-9a35-58ffa0c7dd73,,10,FAULT,0x04C0,I2C_TIMEOUT|SENSOR_RANGE|SELFTEST,0,0,0,0,0,0,0.0,0.0,0.0,5.182,2.678,621.84,321.36,-19.37,-10.05,0.0,0.0,0.0,0.0,0.0,0.0,,0.0,0,0,0,0,0,8.0,0.0,222732.76,120111.49,342844.25,0.0,-9.38
2026-06-05T00:54:28.612+00:00,358949,996060cc-1738-4269-9a35-58ffa0c7dd73,,10,FAULT,0x04C0,I2C_TIMEOUT|SENSOR_RANGE|SELFTEST,0,0,0,0,0,0,0.0,0.0,0.0,5.233,2.701,627.96,324.12,-19.62,-10.42,0.0,0.0,0.0,0.0,0.0,0.0,,0.0,0,0,0,0,0,8.0,0.0,222813.77,120153.3,342967.07,0.0,-1.94
2026-06-05T00:54:28.740+00:00,359078,996060cc-1738-4269-9a35-58ffa0c7dd73,,10,FAULT,0x04C0,I2C_TIMEOUT|SENSOR_RANGE|SELFTEST,0,0,0,0,0,0,0.0,0.0,0.0,5.156,2.668,618.72,320.16,-19.13,-10.17,0.0,0.0,0.0,0.0,0.0,0.0,,0.0,0,0,0,0,0,8.0,0.0,222893.58,120194.6,343088.18,0.0,3.8
2026-06-05T00:54:28.871+00:00,359208,996060cc-1738-4269-9a35-58ffa0c7dd73,,10,FAULT,0x04C0,I2C_TIMEOUT|SENSOR_RANGE|SELFTEST,0,0,0,0,0,0,0.0,0.0,0.0,5.177,2.665,621.24,319.8,-17.91,-9.56,0.0,0.0,0.0,0.0,0.0,0.0,,0.0,0,0,0,0,0,8.0,0.0,222974.34,120236.18,343210.52,0.0,9.38
2026-06-05T00:54:28.999+00:00,359337,996060cc-1738-4269-9a35-58ffa0c7dd73,,10,FAULT,0x04C0,I2C_TIMEOUT|SENSOR_RANGE|SELFTEST,0,0,0,0,0,0,0.0,0.0,0.0,5.138,2.644,616.56,317.28,-18.4,-9.68,0.0,0.0,0.0,0.0,0.0,0.0,,0.0,0,0,0,0,0,8.0,0.0,223053.88,120277.11,343330.98,0.0,-3.8
2026-06-05T00:54:29.129+00:00,359467,996060cc-1738-4269-9a35-58ffa0c7dd73,,10,FAULT,0x04C0,I2C_TIMEOUT|SENSOR_RANGE|SELFTEST,0,0,0,0,0,0,0.0,0.0,0.0,5.145,2.651,617.4,318.12,-19.86,-10.3,0.0,0.0,0.0,0.0,0.0,0.0,,0.0,0,0,0,0,0,8.0,0.0,223134.14,120318.46,343452.6,0.0,-11.23
2026-06-05T00:54:29.260+00:00,359597,996060cc-1738-4269-9a35-58ffa0c7dd73,,10,FAULT,0x04C0,I2C_TIMEOUT|SENSOR_RANGE|SELFTEST,0,0,0,0,0,0,0.0,0.0,0.0,5.131,2.657,615.72,318.84,-19.37,-10.3,0.0,0.0,0.0,0.0,0.0,0.0,,0.0,0,0,0,0,0,8.0,0.0,223214.18,120359.91,343574.1,0.0,3.77
2026-06-05T00:54:29.388+00:00,359726,996060cc-1738-4269-9a35-58ffa0c7dd73,,10,FAULT,0x04C0,I2C_TIMEOUT|SENSOR_RANGE|SELFTEST,0,0,0,0,0,0,0.0,0.0,0.0,5.104,2.629,612.48,315.48,-18.4,-9.81,0.0,0.0,0.0,0.0,0.0,0.0,,0.0,0,0,0,0,0,8.0,0.0,223293.19,120400.61,343693.8,0.0,7.52
2026-06-05T00:54:29.518+00:00,359855,996060cc-1738-4269-9a35-58ffa0c7dd73,,10,FAULT,0x04C0,I2C_TIMEOUT|SENSOR_RANGE|SELFTEST,0,0,0,0,0,0,0.0,0.0,0.0,5.091,2.622,610.92,314.64,-17.91,-9.44,0.0,0.0,0.0,0.0,0.0,0.0,,0.0,0,0,0,0,0,8.0,0.0,223372.0,120441.2,343813.2,0.0,3.8
2026-06-05T00:54:29.648+00:00,359985,996060cc-1738-4269-9a35-58ffa0c7dd73,,10,FAULT,0x04C0,I2C_TIMEOUT|SENSOR_RANGE|SELFTEST,0,0,0,0,0,0,0.0,0.0,0.0,5.025,2.584,603.0,310.08,-19.13,-9.93,0.0,0.0,0.0,0.0,0.0,0.0,,0.0,0,0,0,0,0,8.0,0.0,223450.39,120481.51,343931.9,0.0,-9.38
2026-06-05T00:54:29.777+00:00,360114,996060cc-1738-4269-9a35-58ffa0c7dd73,,10,FAULT,0x04C0,I2C_TIMEOUT|SENSOR_RANGE|SELFTEST,0,0,0,0,0,0,0.0,0.0,0.0,5.074,2.613,608.88,313.56,-19.86,-10.42,0.0,0.0,0.0,0.0,0.0,0.0,,0.0,0,0,0,0,0,8.0,0.0,223528.94,120521.96,344050.89,0.0,-5.66
2026-06-05T00:54:29.907+00:00,360243,996060cc-1738-4269-9a35-58ffa0c7dd73,,10,FAULT,0x04C0,I2C_TIMEOUT|SENSOR_RANGE|SELFTEST,0,0,0,0,0,0,0.0,0.0,0.0,4.981,2.556,597.72,306.72,-19.13,-10.05,0.0,0.0,0.0,0.0,0.0,0.0,,0.0,0,0,0,0,0,8.0,0.0,223606.04,120561.52,344167.57,0.0,5.66
2026-06-05T00:54:30.037+00:00,360373,996060cc-1738-4269-9a35-58ffa0c7dd73,,10,FAULT,0x04C0,I2C_TIMEOUT|SENSOR_RANGE|SELFTEST,0,0,0,0,0,0,0.0,0.0,0.0,5.018,2.568,602.16,308.16,-17.91,-9.44,0.0,0.0,0.0,0.0,0.0,0.0,,0.0,0,0,0,0,0,8.0,0.0,223684.33,120601.58,344285.91,0.0,9.38
2026-06-05T00:54:30.166+00:00,360502,996060cc-1738-4269-9a35-58ffa0c7dd73,,10,FAULT,0x04C0,I2C_TIMEOUT|SENSOR_RANGE|SELFTEST,0,0,0,0,0,0,0.0,0.0,0.0,4.979,2.547,597.48,305.64,-18.4,-9.68,0.0,0.0,0.0,0.0,0.0,0.0,,0.0,0,0,0,0,0,8.0,0.0,223761.4,120641.01,344402.41,0.0,-3.8
2026-06-05T00:54:30.296+00:00,360631,996060cc-1738-4269-9a35-58ffa0c7dd73,,10,FAULT,0x04C0,I2C_TIMEOUT|SENSOR_RANGE|SELFTEST,0,0,0,0,0,0,0.0,0.0,0.0,4.996,2.563,599.52,307.56,-19.37,-10.17,0.0,0.0,0.0,0.0,0.0,0.0,,0.0,0,0,0,0,0,8.0,0.0,223838.74,120680.69,344519.42,0.0,-7.52
2026-06-05T00:54:30.427+00:00,360761,996060cc-1738-4269-9a35-58ffa0c7dd73,,10,FAULT,0x04C0,I2C_TIMEOUT|SENSOR_RANGE|SELFTEST,0,0,0,0,0,0,0.0,0.0,0.0,4.985,2.561,598.2,307.32,-19.62,-10.3,0.0,0.0,0.0,0.0,0.0,0.0,,0.0,0,0,0,0,0,8.0,0.0,223916.5,120720.64,344637.14,0.0,-1.92
2026-06-05T00:54:30.555+00:00,360890,996060cc-1738-4269-9a35-58ffa0c7dd73,,10,FAULT,0x04C0,I2C_TIMEOUT|SENSOR_RANGE|SELFTEST,0,0,0,0,0,0,0.0,0.0,0.0,4.985,2.562,598.2,307.44,-18.4,-9.68,0.0,0.0,0.0,0.0,0.0,0.0,,0.0,0,0,0,0,0,8.0,0.0,223993.67,120760.3,344753.97,0.0,9.46
2026-06-05T00:54:30.685+00:00,361019,996060cc-1738-4269-9a35-58ffa0c7dd73,,10,FAULT,0x04C0,I2C_TIMEOUT|SENSOR_RANGE|SELFTEST,0,0,0,0,0,0,0.0,0.0,0.0,4.988,2.559,598.56,307.08,-17.91,-9.44,0.0,0.0,0.0,0.0,0.0,0.0,,0.0,0,0,0,0,0,8.0,0.0,224070.89,120799.91,344870.8,0.0,3.8
2026-06-05T00:54:30.815+00:00,361149,996060cc-1738-4269-9a35-58ffa0c7dd73,,10,FAULT,0x04C0,I2C_TIMEOUT|SENSOR_RANGE|SELFTEST,0,0,0,0,0,0,0.0,0.0,0.0,4.933,2.534,591.96,304.08,-19.13,-9.93,0.0,0.0,0.0,0.0,0.0,0.0,,0.0,0,0,0,0,0,8.0,0.0,224147.84,120839.44,344987.28,0.0,-9.38
2026-06-05T00:54:30.944+00:00,361278,996060cc-1738-4269-9a35-58ffa0c7dd73,,10,FAULT,0x04C0,I2C_TIMEOUT|SENSOR_RANGE|SELFTEST,0,0,0,0,0,0,0.0,0.0,0.0,4.984,2.56,598.08,307.2,-19.86,-10.3,0.0,0.0,0.0,0.0,0.0,0.0,,0.0,0,0,0,0,0,8.0,0.0,224224.99,120879.07,345104.06,0.0,-5.66
2026-06-05T00:54:31.074+00:00,361407,996060cc-1738-4269-9a35-58ffa0c7dd73,,10,FAULT,0x04C0,I2C_TIMEOUT|SENSOR_RANGE|SELFTEST,0,0,0,0,0,0,0.0,0.0,0.0,4.904,2.522,588.48,302.64,-19.13,-10.05,0.0,0.0,0.0,0.0,0.0,0.0,,0.0,0,0,0,0,0,8.0,0.0,224300.91,120918.11,345219.02,0.0,5.66
2026-06-05T00:54:31.202+00:00,361537,996060cc-1738-4269-9a35-58ffa0c7dd73,,10,FAULT,0x04C0,I2C_TIMEOUT|SENSOR_RANGE|SELFTEST,0,0,0,0,0,0,0.0,0.0,0.0,4.946,2.531,593.52,303.72,-18.15,-9.44,0.0,0.0,0.0,0.0,0.0,0.0,,0.0,0,0,0,0,0,8.0,0.0,224378.06,120957.59,345335.66,0.0,7.54
2026-06-05T00:54:31.333+00:00,361666,996060cc-1738-4269-9a35-58ffa0c7dd73,,10,FAULT,0x04C0,I2C_TIMEOUT|SENSOR_RANGE|SELFTEST,0,0,0,0,0,0,0.0,0.0,0.0,4.902,2.514,588.24,301.68,-18.64,-9.68,0.0,0.0,0.0,0.0,0.0,0.0,,0.0,0,0,0,0,0,8.0,0.0,224453.95,120996.51,345450.46,0.0,-3.8
2026-06-05T00:54:31.464+00:00,361795,996060cc-1738-4269-9a35-58ffa0c7dd73,,10,FAULT,0x04C0,I2C_TIMEOUT|SENSOR_RANGE|SELFTEST,0,0,0,0,0,0,0.0,0.0,0.0,4.922,2.53,590.64,303.6,-19.86,-10.42,0.0,0.0,0.0,0.0,0.0,0.0,,0.0,0,0,0,0,0,8.0,0.0,224530.14,121035.68,345565.82,0.0,-9.46
2026-06-05T00:54:31.591+00:00,361925,996060cc-1738-4269-9a35-58ffa0c7dd73,,10,FAULT,0x04C0,I2C_TIMEOUT|SENSOR_RANGE|SELFTEST,0,0,0,0,0,0,0.0,0.0,0.0,4.904,2.528,588.48,303.36,-19.86,-10.3,0.0,0.0,0.0,0.0,0.0,0.0,,0.0,0,0,0,0,0,8.0,0.0,224606.64,121075.11,345681.76,0.0,0.0
2026-06-05T00:54:31.722+00:00,362054,996060cc-1738-4269-9a35-58ffa0c7dd73,,10,FAULT,0x04C0,I2C_TIMEOUT|SENSOR_RANGE|SELFTEST,0,0,0,0,0,0,0.0,0.0,0.0,4.909,2.527,589.08,303.24,-18.4,-9.68,0.0,0.0,0.0,0.0,0.0,0.0,,0.0,0,0,0,0,0,8.0,0.0,224682.63,121114.23,345796.86,0.0,11.32
2026-06-05T00:54:31.852+00:00,362183,996060cc-1738-4269-9a35-58ffa0c7dd73,,10,FAULT,0x04C0,I2C_TIMEOUT|SENSOR_RANGE|SELFTEST,0,0,0,0,0,0,0.0,0.0,0.0,4.903,2.522,588.36,302.64,-18.15,-9.32,0.0,0.0,0.0,0.0,0.0,0.0,,0.0,0,0,0,0,0,8.0,0.0,224758.53,121153.27,345911.8,0.0,1.94
2026-06-05T00:54:31.981+00:00,362313,996060cc-1738-4269-9a35-58ffa0c7dd73,,10,FAULT,0x04C0,I2C_TIMEOUT|SENSOR_RANGE|SELFTEST,0,0,0,0,0,0,0.0,0.0,0.0,4.868,2.506,584.16,300.72,-19.37,-10.05,0.0,0.0,0.0,0.0,0.0,0.0,,0.0,0,0,0,0,0,8.0,0.0,224834.47,121192.36,346026.84,0.0,-9.38
2026-06-05T00:54:32.111+00:00,362442,996060cc-1738-4269-9a35-58ffa0c7dd73,,10,FAULT,0x04C0,I2C_TIMEOUT|SENSOR_RANGE|SELFTEST,0,0,0,0,0,0,0.0,0.0,0.0,4.918,2.539,590.16,304.68,-19.86,-10.42,0.0,0.0,0.0,0.0,0.0,0.0,,0.0,0,0,0,0,0,8.0,0.0,224910.6,121231.67,346142.27,0.0,-3.8
2026-06-05T00:54:32.241+00:00,362571,996060cc-1738-4269-9a35-58ffa0c7dd73,,10,FAULT,0x04C0,I2C_TIMEOUT|SENSOR_RANGE|SELFTEST,0,0,0,0,0,0,0.0,0.0,0.0,4.834,2.496,580.08,299.52,-18.89,-10.05,0.0,0.0,0.0,0.0,0.0,0.0,,0.0,0,0,0,0,0,8.0,0.0,224985.43,121270.31,346255.74,0.0,7.52
2026-06-05T00:54:32.370+00:00,362701,996060cc-1738-4269-9a35-58ffa0c7dd73,,10,FAULT,0x04C0,I2C_TIMEOUT|SENSOR_RANGE|SELFTEST,0,0,0,0,0,0,0.0,0.0,0.0,4.883,2.51,585.96,301.2,-17.91,-9.44,0.0,0.0,0.0,0.0,0.0,0.0,,0.0,0,0,0,0,0,8.0,0.0,225061.61,121309.46,346371.07,0.0,7.54
2026-06-05T00:54:32.500+00:00,362830,996060cc-1738-4269-9a35-58ffa0c7dd73,,10,FAULT,0x04C0,I2C_TIMEOUT|SENSOR_RANGE|SELFTEST,0,0,0,0,0,0,0.0,0.0,0.0,4.827,2.481,579.24,297.72,-18.64,-9.68,0.0,0.0,0.0,0.0,0.0,0.0,,0.0,0,0,0,0,0,8.0,0.0,225136.33,121347.87,346484.2,0.0,-5.66
2026-06-05T00:54:32.630+00:00,362959,996060cc-1738-4269-9a35-58ffa0c7dd73,,10,FAULT,0x04C0,I2C_TIMEOUT|SENSOR_RANGE|SELFTEST,0,0,0,0,0,0,0.0,0.0,0.0,4.856,2.501,582.72,300.12,-19.86,-10.3,0.0,0.0,0.0,0.0,0.0,0.0,,0.0,0,0,0,0,0,8.0,0.0,225211.5,121386.58,346598.09,0.0,-9.46
2026-06-05T00:54:32.758+00:00,363089,996060cc-1738-4269-9a35-58ffa0c7dd73,,10,FAULT,0x04C0,I2C_TIMEOUT|SENSOR_RANGE|SELFTEST,0,0,0,0,0,0,0.0,0.0,0.0,4.831,2.489,579.72,298.68,-19.37,-10.17,0.0,0.0,0.0,0.0,0.0,0.0,,0.0,0,0,0,0,0,8.0,0.0,225286.87,121425.41,346712.28,0.0,3.77
2026-06-05T00:54:32.889+00:00,363218,996060cc-1738-4269-9a35-58ffa0c7dd73,,10,FAULT,0x04C0,I2C_TIMEOUT|SENSOR_RANGE|SELFTEST,0,0,0,0,0,0,0.0,0.0,0.0,4.846,2.492,581.52,299.04,-18.15,-9.56,0.0,0.0,0.0,0.0,0.0,0.0,,0.0,0,0,0,0,0,8.0,0.0,225361.88,121463.99,346825.87,0.0,9.46
2026-06-05T00:54:33.019+00:00,363348,996060cc-1738-4269-9a35-58ffa0c7dd73,,10,FAULT,0x04C0,I2C_TIMEOUT|SENSOR_RANGE|SELFTEST,0,0,0,0,0,0,0.0,0.0,0.0,4.843,2.488,581.16,298.56,-18.15,-9.44,0.0,0.0,0.0,0.0,0.0,0.0,,0.0,0,0,0,0,0,8.0,0.0,225437.43,121502.8,346940.23,0.0,0.0
2026-06-05T00:54:33.147+00:00,363478,996060cc-1738-4269-9a35-58ffa0c7dd73,,10,FAULT,0x04C0,I2C_TIMEOUT|SENSOR_RANGE|SELFTEST,0,0,0,0,0,0,0.0,0.0,0.0,4.822,2.479,578.64,297.48,-19.37,-10.05,0.0,0.0,0.0,0.0,0.0,0.0,,0.0,0,0,0,0,0,8.0,0.0,225512.66,121541.47,347054.13,0.0,-9.38
2026-06-05T00:54:33.278+00:00,363607,996060cc-1738-4269-9a35-58ffa0c7dd73,,10,FAULT,0x04C0,I2C_TIMEOUT|SENSOR_RANGE|SELFTEST,0,0,0,0,0,0,0.0,0.0,0.0,4.865,2.511,583.8,301.32,-19.86,-10.42,0.0,0.0,0.0,0.0,0.0,0.0,,0.0,0,0,0,0,0,8.0,0.0,225587.97,121580.34,347168.31,0.0,-3.8
2026-06-05T00:54:33.406+00:00,363737,996060cc-1738-4269-9a35-58ffa0c7dd73,,10,FAULT,0x04C0,I2C_TIMEOUT|SENSOR_RANGE|SELFTEST,0,0,0,0,0,0,0.0,0.0,0.0,4.807,2.478,576.84,297.36,-18.89,-9.93,0.0,0.0,0.0,0.0,0.0,0.0,,0.0,0,0,0,0,0,8.0,0.0,225662.96,121619.0,347281.96,0.0,7.46
2026-06-05T00:54:33.536+00:00,363866,996060cc-1738-4269-9a35-58ffa0c7dd73,,10,FAULT,0x04C0,I2C_TIMEOUT|SENSOR_RANGE|SELFTEST,0,0,0,0,0,0,0.0,0.0,0.0,4.852,2.495,582.24,299.4,-17.91,-9.44,0.0,0.0,0.0,0.0,0.0,0.0,,0.0,0,0,0,0,0,8.0,0.0,225738.06,121657.62,347395.69,0.0,7.6
2026-06-05T00:54:33.667+00:00,363995,996060cc-1738-4269-9a35-58ffa0c7dd73,,10,FAULT,0x04C0,I2C_TIMEOUT|SENSOR_RANGE|SELFTEST,0,0,0,0,0,0,0.0,0.0,0.0,4.803,2.471,576.36,296.52,-18.89,-9.68,0.0,0.0,0.0,0.0,0.0,0.0,,0.0,0,0,0,0,0,8.0,0.0,225812.41,121695.87,347508.29,0.0,-7.6
2026-06-05T00:54:33.795+00:00,364124,996060cc-1738-4269-9a35-58ffa0c7dd73,,10,FAULT,0x04C0,I2C_TIMEOUT|SENSOR_RANGE|SELFTEST,0,0,0,0,0,0,0.0,0.0,0.0,4.851,2.496,582.12,299.52,-19.62,-10.3,0.0,0.0,0.0,0.0,0.0,0.0,,0.0,0,0,0,0,0,8.0,0.0,225887.51,121734.51,347622.02,0.0,-5.66
2026-06-05T00:54:33.926+00:00,364254,996060cc-1738-4269-9a35-58ffa0c7dd73,,10,FAULT,0x04C0,I2C_TIMEOUT|SENSOR_RANGE|SELFTEST,0,0,0,0,0,0,0.0,0.0,0.0,4.83,2.491,579.6,298.92,-19.37,-10.17,0.0,0.0,0.0,0.0,0.0,0.0,,0.0,0,0,0,0,0,8.0,0.0,225962.86,121773.37,347736.23,0.0,1.92
2026-06-05T00:54:34.056+00:00,364383,996060cc-1738-4269-9a35-58ffa0c7dd73,,10,FAULT,0x04C0,I2C_TIMEOUT|SENSOR_RANGE|SELFTEST,0,0,0,0,0,0,0.0,0.0,0.0,4.855,2.502,582.6,300.24,-17.91,-9.56,0.0,0.0,0.0,0.0,0.0,0.0,,0.0,0,0,0,0,0,8.0,0.0,226038.01,121812.1,347850.11,0.0,11.32
2026-06-05T00:54:34.184+00:00,364512,996060cc-1738-4269-9a35-58ffa0c7dd73,,10,FAULT,0x04C0,I2C_TIMEOUT|SENSOR_RANGE|SELFTEST,0,0,0,0,0,0,0.0,0.0,0.0,4.847,2.497,581.64,299.64,-18.15,-9.56,0.0,0.0,0.0,0.0,0.0,0.0,,0.0,0,0,0,0,0,8.0,0.0,226113.04,121850.76,347963.8,0.0,-1.86
2026-06-05T00:54:34.314+00:00,364642,996060cc-1738-4269-9a35-58ffa0c7dd73,,10,FAULT,0x04C0,I2C_TIMEOUT|SENSOR_RANGE|SELFTEST,0,0,0,0,0,0,0.0,0.0,0.0,4.842,2.495,581.04,299.4,-19.37,-10.05,0.0,0.0,0.0,0.0,0.0,0.0,,0.0,0,0,0,0,0,8.0,0.0,226188.58,121889.68,348078.26,0.0,-9.38
2026-06-05T00:54:34.445+00:00,364771,996060cc-1738-4269-9a35-58ffa0c7dd73,,10,FAULT,0x04C0,I2C_TIMEOUT|SENSOR_RANGE|SELFTEST,0,0,0,0,0,0,0.0,0.0,0.0,4.87,2.519,584.4,302.28,-19.86,-10.3,0.0,0.0,0.0,0.0,0.0,0.0,,0.0,0,0,0,0,0,8.0,0.0,226263.97,121928.67,348192.64,0.0,-3.8
2026-06-05T00:54:34.573+00:00,364901,996060cc-1738-4269-9a35-58ffa0c7dd73,,10,FAULT,0x04C0,I2C_TIMEOUT|SENSOR_RANGE|SELFTEST,0,0,0,0,0,0,0.0,0.0,0.0,4.827,2.492,579.24,299.04,-18.64,-9.93,0.0,0.0,0.0,0.0,0.0,0.0,,0.0,0,0,0,0,0,8.0,0.0,226339.27,121967.55,348306.81,0.0,9.38
2026-06-05T00:54:34.703+00:00,365030,996060cc-1738-4269-9a35-58ffa0c7dd73,,10,FAULT,0x04C0,I2C_TIMEOUT|SENSOR_RANGE|SELFTEST,0,0,0,0,0,0,0.0,0.0,0.0,4.881,2.516,585.72,301.92,-17.91,-9.44,0.0,0.0,0.0,0.0,0.0,0.0,,0.0,0,0,0,0,0,8.0,0.0,226414.82,122006.5,348421.32,0.0,5.66
2026-06-05T00:54:34.834+00:00,365159,996060cc-1738-4269-9a35-58ffa0c7dd73,,10,FAULT,0x04C0,I2C_TIMEOUT|SENSOR_RANGE|SELFTEST,0,0,0,0,0,0,0.0,0.0,0.0,4.814,2.478,577.68,297.36,-18.89,-9.81,0.0,0.0,0.0,0.0,0.0,0.0,,0.0,0,0,0,0,0,8.0,0.0,226489.35,122044.85,348534.2,0.0,-7.6
2026-06-05T00:54:34.962+00:00,365288,996060cc-1738-4269-9a35-58ffa0c7dd73,,10,FAULT,0x04C0,I2C_TIMEOUT|SENSOR_RANGE|SELFTEST,0,0,0,0,0,0,0.0,0.0,0.0,4.863,2.503,583.56,300.36,-19.86,-10.42,0.0,0.0,0.0,0.0,0.0,0.0,,0.0,0,0,0,0,0,8.0,0.0,226564.62,122083.6,348648.23,0.0,-7.52
2026-06-05T00:54:35.092+00:00,365418,996060cc-1738-4269-9a35-58ffa0c7dd73,,10,FAULT,0x04C0,I2C_TIMEOUT|SENSOR_RANGE|SELFTEST,0,0,0,0,0,0,0.0,0.0,0.0,4.835,2.495,580.2,299.4,-19.37,-10.05,0.0,0.0,0.0,0.0,0.0,0.0,,0.0,0,0,0,0,0,8.0,0.0,226640.05,122122.52,348762.57,0.0,3.77
2026-06-05T00:54:35.222+00:00,365547,996060cc-1738-4269-9a35-58ffa0c7dd73,,10,FAULT,0x04C0,I2C_TIMEOUT|SENSOR_RANGE|SELFTEST,0,0,0,0,0,0,0.0,0.0,0.0,4.859,2.501,583.08,300.12,-17.91,-9.44,0.0,0.0,0.0,0.0,0.0,0.0,,0.0,0,0,0,0,0,8.0,0.0,226715.27,122161.24,348876.51,0.0,11.32
2026-06-05T00:54:35.351+00:00,365676,996060cc-1738-4269-9a35-58ffa0c7dd73,,10,FAULT,0x04C0,I2C_TIMEOUT|SENSOR_RANGE|SELFTEST,0,0,0,0,0,0,0.0,0.0,0.0,4.85,2.498,582.0,299.76,-18.4,-9.56,0.0,0.0,0.0,0.0,0.0,0.0,,0.0,0,0,0,0,0,8.0,0.0,226790.35,122199.91,348990.25,0.0,-3.8
2026-06-05T00:54:35.481+00:00,365806,996060cc-1738-4269-9a35-58ffa0c7dd73,,10,FAULT,0x04C0,I2C_TIMEOUT|SENSOR_RANGE|SELFTEST,0,0,0,0,0,0,0.0,0.0,0.0,4.85,2.503,582.0,300.36,-19.62,-10.17,0.0,0.0,0.0,0.0,0.0,0.0,,0.0,0,0,0,0,0,8.0,0.0,226866.01,122238.95,349104.96,0.0,-9.38
2026-06-05T00:54:35.609+00:00,365935,996060cc-1738-4269-9a35-58ffa0c7dd73,,10,FAULT,0x04C0,I2C_TIMEOUT|SENSOR_RANGE|SELFTEST,0,0,0,0,0,0,0.0,0.0,0.0,4.864,2.518,583.68,302.16,-19.62,-10.3,0.0,0.0,0.0,0.0,0.0,0.0,,0.0,0,0,0,0,0,8.0,0.0,226941.3,122277.93,349219.23,0.0,0.0
2026-06-05T00:54:35.740+00:00,366065,996060cc-1738-4269-9a35-58ffa0c7dd73,,10,FAULT,0x04C0,I2C_TIMEOUT|SENSOR_RANGE|SELFTEST,0,0,0,0,0,0,0.0,0.0,0.0,4.831,2.498,579.72,299.76,-18.4,-9.81,0.0,0.0,0.0,0.0,0.0,0.0,,0.0,0,0,0,0,0,8.0,0.0,227016.66,122316.9,349333.57,0.0,9.38
2026-06-05T00:54:35.870+00:00,366194,996060cc-1738-4269-9a35-58ffa0c7dd73,,10,FAULT,0x04C0,I2C_TIMEOUT|SENSOR_RANGE|SELFTEST,0,0,0,0,0,0,0.0,0.0,0.0,4.882,2.517,585.84,302.04,-17.91,-9.56,0.0,0.0,0.0,0.0,0.0,0.0,,0.0,0,0,0,0,0,8.0,0.0,227092.24,122355.87,349448.1,0.0,3.8
2026-06-05T00:54:35.998+00:00,366323,996060cc-1738-4269-9a35-58ffa0c7dd73,,10,FAULT,0x04C0,I2C_TIMEOUT|SENSOR_RANGE|SELFTEST,0,0,0,0,0,0,0.0,0.0,0.0,4.815,2.477,577.8,297.24,-18.89,-9.81,0.0,0.0,0.0,0.0,0.0,0.0,,0.0,0,0,0,0,0,8.0,0.0,227166.77,122394.21,349560.98,0.0,-7.6
2026-06-05T00:54:36.129+00:00,366452,996060cc-1738-4269-9a35-58ffa0c7dd73,,10,FAULT,0x04C0,I2C_TIMEOUT|SENSOR_RANGE|SELFTEST,0,0,0,0,0,0,0.0,0.0,0.0,4.875,2.515,585.0,301.8,-19.86,-10.3,0.0,0.0,0.0,0.0,0.0,0.0,,0.0,0,0,0,0,0,8.0,0.0,227242.24,122433.14,349675.38,0.0,-7.52
2026-06-05T00:54:36.259+00:00,366582,996060cc-1738-4269-9a35-58ffa0c7dd73,,10,FAULT,0x04C0,I2C_TIMEOUT|SENSOR_RANGE|SELFTEST,0,0,0,0,0,0,0.0,0.0,0.0,4.832,2.496,579.84,299.52,-19.37,-10.17,0.0,0.0,0.0,0.0,0.0,0.0,,0.0,0,0,0,0,0,8.0,0.0,227317.62,122472.08,349789.7,0.0,3.77
2026-06-05T00:54:36.387+00:00,366711,996060cc-1738-4269-9a35-58ffa0c7dd73,,10,FAULT,0x04C0,I2C_TIMEOUT|SENSOR_RANGE|SELFTEST,0,0,0,0,0,0,0.0,0.0,0.0,4.86,2.501,583.2,300.12,-18.15,-9.44,0.0,0.0,0.0,0.0,0.0,0.0,,0.0,0,0,0,0,0,8.0,0.0,227392.85,122510.79,349903.65,0.0,9.46
2026-06-05T00:54:36.518+00:00,366840,996060cc-1738-4269-9a35-58ffa0c7dd73,,10,FAULT,0x04C0,I2C_TIMEOUT|SENSOR_RANGE|SELFTEST,0,0,0,0,0,0,0.0,0.0,0.0,4.849,2.491,581.88,298.92,-18.15,-9.56,0.0,0.0,0.0,0.0,0.0,0.0,,0.0,0,0,0,0,0,8.0,0.0,227467.91,122549.35,350017.27,0.0,0.0
2026-06-05T00:54:36.648+00:00,366970,996060cc-1738-4269-9a35-58ffa0c7dd73,,10,FAULT,0x04C0,I2C_TIMEOUT|SENSOR_RANGE|SELFTEST,0,0,0,0,0,0,0.0,0.0,0.0,4.86,2.5,583.2,300.0,-19.37,-10.05,0.0,0.0,0.0,0.0,0.0,0.0,,0.0,0,0,0,0,0,8.0,0.0,227543.73,122588.35,350132.08,0.0,-9.38
2026-06-05T00:54:36.777+00:00,367099,996060cc-1738-4269-9a35-58ffa0c7dd73,,10,FAULT,0x04C0,I2C_TIMEOUT|SENSOR_RANGE|SELFTEST,0,0,0,0,0,0,0.0,0.0,0.0,4.868,2.509,584.16,301.08,-19.86,-10.17,0.0,0.0,0.0,0.0,0.0,0.0,,0.0,0,0,0,0,0,8.0,0.0,227619.09,122627.19,350246.28,0.0,-3.8
2026-06-05T00:54:36.907+00:00,367229,996060cc-1738-4269-9a35-58ffa0c7dd73,,10,FAULT,0x04C0,I2C_TIMEOUT|SENSOR_RANGE|SELFTEST,0,0,0,0,0,0,0.0,0.0,0.0,4.853,2.495,582.36,299.4,-18.4,-9.68,0.0,0.0,0.0,0.0,0.0,0.0,,0.0,0,0,0,0,0,8.0,0.0,227694.79,122666.12,350360.91,0.0,11.23
2026-06-05T00:54:37.037+00:00,367358,996060cc-1738-4269-9a35-58ffa0c7dd73,,10,FAULT,0x04C0,I2C_TIMEOUT|SENSOR_RANGE|SELFTEST,0,0,0,0,0,0,0.0,0.0,0.0,4.89,2.509,586.8,301.08,-17.91,-9.56,0.0,0.0,0.0,0.0,0.0,0.0,,0.0,0,0,0,0,0,8.0,0.0,227770.49,122704.96,350475.45,0.0,3.8
2026-06-05T00:54:37.165+00:00,367488,996060cc-1738-4269-9a35-58ffa0c7dd73,,10,FAULT,0x04C0,I2C_TIMEOUT|SENSOR_RANGE|SELFTEST,0,0,0,0,0,0,0.0,0.0,0.0,4.833,2.482,579.96,297.84,-19.37,-9.93,0.0,0.0,0.0,0.0,0.0,0.0,,0.0,0,0,0,0,0,8.0,0.0,227845.88,122743.67,350589.56,0.0,-11.23
2026-06-05T00:54:37.296+00:00,367617,996060cc-1738-4269-9a35-58ffa0c7dd73,,10,FAULT,0x04C0,I2C_TIMEOUT|SENSOR_RANGE|SELFTEST,0,0,0,0,0,0,0.0,0.0,0.0,4.891,2.52,586.92,302.4,-19.86,-10.42,0.0,0.0,0.0,0.0,0.0,0.0,,0.0,0,0,0,0,0,8.0,0.0,227921.6,122782.68,350704.28,0.0,-3.8
2026-06-05T00:54:37.426+00:00,367747,996060cc-1738-4269-9a35-58ffa0c7dd73,,10,FAULT,0x04C0,I2C_TIMEOUT|SENSOR_RANGE|SELFTEST,0,0,0,0,0,0,0.0,0.0,0.0,4.84,2.497,580.8,299.64,-19.37,-10.17,0.0,0.0,0.0,0.0,0.0,0.0,,0.0,0,0,0,0,0,8.0,0.0,227997.1,122821.64,350818.74,0.0,3.77
2026-06-05T00:54:37.554+00:00,367876,996060cc-1738-4269-9a35-58ffa0c7dd73,,10,FAULT,0x04C0,I2C_TIMEOUT|SENSOR_RANGE|SELFTEST,0,0,0,0,0,0,0.0,0.0,0.0,4.905,2.519,588.6,302.28,-18.15,-9.56,0.0,0.0,0.0,0.0,0.0,0.0,,0.0,0,0,0,0,0,8.0,0.0,228073.03,122860.63,350933.66,0.0,9.46
2026-06-05T00:54:37.685+00:00,368005,996060cc-1738-4269-9a35-58ffa0c7dd73,,10,FAULT,0x04C0,I2C_TIMEOUT|SENSOR_RANGE|SELFTEST,0,0,0,0,0,0,0.0,0.0,0.0,4.916,2.52,589.92,302.4,-18.89,-9.68,0.0,0.0,0.0,0.0,0.0,0.0,,0.0,0,0,0,0,0,8.0,0.0,228149.13,122899.64,351048.77,0.0,-5.74
2026-06-05T00:54:37.813+00:00,368135,996060cc-1738-4269-9a35-58ffa0c7dd73,,10,FAULT,0x04C0,I2C_TIMEOUT|SENSOR_RANGE|SELFTEST,0,0,0,0,0,0,0.0,0.0,0.0,4.951,2.544,594.12,305.28,-20.11,-10.42,0.0,0.0,0.0,0.0,0.0,0.0,,0.0,0,0,0,0,0,8.0,0.0,228226.37,122939.33,351165.69,0.0,-9.38
2026-06-05T00:54:37.943+00:00,368264,996060cc-1738-4269-9a35-58ffa0c7dd73,,10,FAULT,0x04C0,I2C_TIMEOUT|SENSOR_RANGE|SELFTEST,0,0,0,0,0,0,0.0,0.0,0.0,4.975,2.561,597.0,307.32,-19.86,-10.42,0.0,0.0,0.0,0.0,0.0,0.0,,0.0,0,0,0,0,0,8.0,0.0,228303.38,122978.97,351282.35,0.0,1.94
2026-06-05T00:54:38.074+00:00,368394,996060cc-1738-4269-9a35-58ffa0c7dd73,,10,FAULT,0x04C0,I2C_TIMEOUT|SENSOR_RANGE|SELFTEST,0,0,0,0,0,0,0.0,0.0,0.0,5.01,2.571,601.2,308.52,-18.64,-9.81,0.0,0.0,0.0,0.0,0.0,0.0,,0.0,0,0,0,0,0,8.0,0.0,228381.54,123019.08,351400.61,0.0,9.38
2026-06-05T00:54:38.202+00:00,368523,996060cc-1738-4269-9a35-58ffa0c7dd73,,10,FAULT,0x04C0,I2C_TIMEOUT|SENSOR_RANGE|SELFTEST,0,0,0,0,0,0,0.0,0.0,0.0,5.058,2.594,606.96,311.28,-18.4,-9.56,0.0,0.0,0.0,0.0,0.0,0.0,,0.0,0,0,0,0,0,8.0,0.0,228459.83,123059.23,351519.07,0.0,1.86
2026-06-05T00:54:38.332+00:00,368652,996060cc-1738-4269-9a35-58ffa0c7dd73,,10,FAULT,0x04C0,I2C_TIMEOUT|SENSOR_RANGE|SELFTEST,0,0,0,0,0,0,0.0,0.0,0.0,5.023,2.576,602.76,309.12,-19.62,-10.17,0.0,0.0,0.0,0.0,0.0,0.0,,0.0,0,0,0,0,0,8.0,0.0,228537.59,123099.11,351636.7,0.0,-9.46
2026-06-05T00:54:38.463+00:00,368781,996060cc-1738-4269-9a35-58ffa0c7dd73,,10,FAULT,0x04C0,I2C_TIMEOUT|SENSOR_RANGE|SELFTEST,0,0,0,0,0,0,0.0,0.0,0.0,5.106,2.625,612.72,315.0,-20.11,-10.42,0.0,0.0,0.0,0.0,0.0,0.0,,0.0,0,0,0,0,0,8.0,0.0,228616.63,123139.75,351756.38,0.0,-3.8
2026-06-05T00:54:38.591+00:00,368911,996060cc-1738-4269-9a35-58ffa0c7dd73,,10,FAULT,0x04C0,I2C_TIMEOUT|SENSOR_RANGE|SELFTEST,0,0,0,0,0,0,0.0,0.0,0.0,5.065,2.605,607.8,312.6,-19.13,-10.05,0.0,0.0,0.0,0.0,0.0,0.0,,0.0,0,0,0,0,0,8.0,0.0,228695.64,123180.38,351876.03,0.0,7.54
2026-06-05T00:54:38.722+00:00,369040,996060cc-1738-4269-9a35-58ffa0c7dd73,,10,FAULT,0x04C0,I2C_TIMEOUT|SENSOR_RANGE|SELFTEST,0,0,0,0,0,0,0.0,0.0,0.0,5.139,2.638,616.68,316.56,-18.15,-9.56,0.0,0.0,0.0,0.0,0.0,0.0,,0.0,0,0,0,0,0,8.0,0.0,228775.2,123221.22,351996.42,0.0,7.6
2026-06-05T00:54:38.851+00:00,369169,996060cc-1738-4269-9a35-58ffa0c7dd73,,10,FAULT,0x04C0,I2C_TIMEOUT|SENSOR_RANGE|SELFTEST,0,0,0,0,0,0,0.0,0.0,0.0,5.134,2.63,616.08,315.6,-18.89,-9.81,0.0,0.0,0.0,0.0,0.0,0.0,,0.0,0,0,0,0,0,8.0,0.0,228854.67,123261.93,352116.6,0.0,-5.74
2026-06-05T00:54:38.980+00:00,369299,996060cc-1738-4269-9a35-58ffa0c7dd73,,10,FAULT,0x04C0,I2C_TIMEOUT|SENSOR_RANGE|SELFTEST,0,0,0,0,0,0,0.0,0.0,0.0,5.167,2.655,620.04,318.6,-20.11,-10.42,0.0,0.0,0.0,0.0,0.0,0.0,,0.0,0,0,0,0,0,8.0,0.0,228935.28,123303.35,352238.63,0.0,-9.38
2026-06-05T00:54:39.110+00:00,369428,996060cc-1738-4269-9a35-58ffa0c7dd73,,10,FAULT,0x04C0,I2C_TIMEOUT|SENSOR_RANGE|SELFTEST,0,0,0,0,0,0,0.0,0.0,0.0,5.184,2.672,622.08,320.64,-19.86,-10.3,0.0,0.0,0.0,0.0,0.0,0.0,,0.0,0,0,0,0,0,8.0,0.0,229015.52,123344.71,352360.24,0.0,1.94
2026-06-05T00:54:39.241+00:00,369558,996060cc-1738-4269-9a35-58ffa0c7dd73,,10,FAULT,0x04C0,I2C_TIMEOUT|SENSOR_RANGE|SELFTEST,0,0,0,0,0,0,0.0,0.0,0.0,5.224,2.688,626.88,322.56,-18.4,-9.68,0.0,0.0,0.0,0.0,0.0,0.0,,0.0,0,0,0,0,0,8.0,0.0,229097.02,123386.65,352483.66,0.0,11.23
2026-06-05T00:54:39.369+00:00,369687,996060cc-1738-4269-9a35-58ffa0c7dd73,,10,FAULT,0x04C0,I2C_TIMEOUT|SENSOR_RANGE|SELFTEST,0,0,0,0,0,0,0.0,0.0,0.0,5.256,2.703,630.72,324.36,-18.4,-9.56,0.0,0.0,0.0,0.0,0.0,0.0,,0.0,0,0,0,0,0,8.0,0.0,229178.38,123428.49,352606.87,0.0,0.0
2026-06-05T00:54:39.499+00:00,369816,996060cc-1738-4269-9a35-58ffa0c7dd73,,10,FAULT,0x04C0,I2C_TIMEOUT|SENSOR_RANGE|SELFTEST,0,0,0,0,0,0,0.0,0.0,0.0,5.241,2.688,628.92,322.56,-19.62,-10.05,0.0,0.0,0.0,0.0,0.0,0.0,,0.0,0,0,0,0,0,8.0,0.0,229259.51,123470.1,352729.61,0.0,-9.46
2026-06-05T00:54:39.630+00:00,369946,996060cc-1738-4269-9a35-58ffa0c7dd73,,10,FAULT,0x04C0,I2C_TIMEOUT|SENSOR_RANGE|SELFTEST,0,0,0,0,0,0,0.0,0.0,0.0,5.314,2.73,637.68,327.6,-20.35,-10.54,0.0,0.0,0.0,0.0,0.0,0.0,,0.0,0,0,0,0,0,8.0,0.0,229342.41,123512.69,352855.1,0.0,-5.62
2026-06-05T00:54:39.758+00:00,370075,996060cc-1738-4269-9a35-58ffa0c7dd73,,10,FAULT,0x04C0,I2C_TIMEOUT|SENSOR_RANGE|SELFTEST,0,0,0,0,0,0,0.0,0.0,0.0,5.278,2.707,633.36,324.84,-19.13,-9.93,0.0,0.0,0.0,0.0,0.0,0.0,,0.0,0,0,0,0,0,8.0,0.0,229424.11,123554.59,352978.7,0.0,9.46
2026-06-05T00:54:39.888+00:00,370204,996060cc-1738-4269-9a35-58ffa0c7dd73,,10,FAULT,0x04C0,I2C_TIMEOUT|SENSOR_RANGE|SELFTEST,0,0,0,0,0,0,0.0,0.0,0.0,5.357,2.747,642.84,329.64,-18.4,-9.56,0.0,0.0,0.0,0.0,0.0,0.0,,0.0,0,0,0,0,0,8.0,0.0,229507.04,123597.11,353104.15,0.0,5.66
2026-06-05T00:54:40.016+00:00,370333,996060cc-1738-4269-9a35-58ffa0c7dd73,,10,FAULT,0x04C0,I2C_TIMEOUT|SENSOR_RANGE|SELFTEST,0,0,0,0,0,0,0.0,0.0,0.0,5.335,2.729,640.2,327.48,-18.89,-9.81,0.0,0.0,0.0,0.0,0.0,0.0,,0.0,0,0,0,0,0,8.0,0.0,229589.63,123639.36,353228.99,0.0,-3.8
2026-06-05T00:54:40.147+00:00,370463,996060cc-1738-4269-9a35-58ffa0c7dd73,,10,FAULT,0x04C0,I2C_TIMEOUT|SENSOR_RANGE|SELFTEST,0,0,0,0,0,0,0.0,0.0,0.0,5.375,2.757,645.0,330.84,-20.35,-10.3,0.0,0.0,0.0,0.0,0.0,0.0,,0.0,0,0,0,0,0,8.0,0.0,229673.48,123682.37,353355.84,0.0,-11.23
2026-06-05T00:54:40.277+00:00,370592,996060cc-1738-4269-9a35-58ffa0c7dd73,,10,FAULT,0x04C0,I2C_TIMEOUT|SENSOR_RANGE|SELFTEST,0,0,0,0,0,0,0.0,0.0,0.0,5.383,2.765,645.96,331.8,-19.62,-10.42,0.0,0.0,0.0,0.0,0.0,0.0,,0.0,0,0,0,0,0,8.0,0.0,229756.8,123725.17,353481.98,0.0,5.66
2026-06-05T00:54:40.405+00:00,370722,996060cc-1738-4269-9a35-58ffa0c7dd73,,10,FAULT,0x04C0,I2C_TIMEOUT|SENSOR_RANGE|SELFTEST,0,0,0,0,0,0,0.0,0.0,0.0,5.424,2.787,650.88,334.44,-18.4,-9.68,0.0,0.0,0.0,0.0,0.0,0.0,,0.0,0,0,0,0,0,8.0,0.0,229841.42,123768.65,353610.07,0.0,9.38
2026-06-05T00:54:40.536+00:00,370851,996060cc-1738-4269-9a35-58ffa0c7dd73,,10,FAULT,0x04C0,I2C_TIMEOUT|SENSOR_RANGE|SELFTEST,0,0,0,0,0,0,0.0,0.0,0.0,5.444,2.79,653.28,334.8,-18.4,-9.56,0.0,0.0,0.0,0.0,0.0,0.0,,0.0,0,0,0,0,0,8.0,0.0,229925.69,123811.84,353737.53,0.0,0.0
2026-06-05T00:54:40.666+00:00,370980,996060cc-1738-4269-9a35-58ffa0c7dd73,,10,FAULT,0x04C0,I2C_TIMEOUT|SENSOR_RANGE|SELFTEST,0,0,0,0,0,0,0.0,0.0,0.0,5.449,2.793,653.88,335.16,-19.62,-10.17,0.0,0.0,0.0,0.0,0.0,0.0,,0.0,0,0,0,0,0,8.0,0.0,230010.04,123855.07,353865.12,0.0,-9.46
2026-06-05T00:54:40.794+00:00,371109,996060cc-1738-4269-9a35-58ffa0c7dd73,,10,FAULT,0x04C0,I2C_TIMEOUT|SENSOR_RANGE|SELFTEST,0,0,0,0,0,0,0.0,0.0,0.0,5.5,2.825,660.0,339.0,-19.86,-10.42,0.0,0.0,0.0,0.0,0.0,0.0,,0.0,0,0,0,0,0,8.0,0.0,230095.18,123898.8,353993.99,0.0,-1.86
2026-06-05T00:54:40.925+00:00,371239,996060cc-1738-4269-9a35-58ffa0c7dd73,,10,FAULT,0x04C0,I2C_TIMEOUT|SENSOR_RANGE|SELFTEST,0,0,0,0,0,0,0.0,0.0,0.0,5.469,2.809,656.28,337.08,-18.64,-9.81,0.0,0.0,0.0,0.0,0.0,0.0,,0.0,0,0,0,0,0,8.0,0.0,230180.5,123942.62,354123.12,0.0,9.38
2026-06-05T00:54:41.055+00:00,371368,996060cc-1738-4269-9a35-58ffa0c7dd73,,10,FAULT,0x04C0,I2C_TIMEOUT|SENSOR_RANGE|SELFTEST,0,0,0,0,0,0,0.0,0.0,0.0,5.548,2.844,665.76,341.28,-17.91,-9.44,0.0,0.0,0.0,0.0,0.0,0.0,,0.0,0,0,0,0,0,8.0,0.0,230266.38,123986.65,354253.03,0.0,5.66
2026-06-05T00:54:41.184+00:00,371497,996060cc-1738-4269-9a35-58ffa0c7dd73,,10,FAULT,0x04C0,I2C_TIMEOUT|SENSOR_RANGE|SELFTEST,0,0,0,0,0,0,0.0,0.0,0.0,5.513,2.824,661.56,338.88,-18.89,-9.81,0.0,0.0,0.0,0.0,0.0,0.0,,0.0,0,0,0,0,0,8.0,0.0,230351.72,124030.37,354382.09,0.0,-7.6
2026-06-05T00:54:41.314+00:00,371628,996060cc-1738-4269-9a35-58ffa0c7dd73,,10,FAULT,0x04C0,I2C_TIMEOUT|SENSOR_RANGE|SELFTEST,0,0,0,0,0,0,0.0,0.0,0.0,5.568,2.856,668.16,342.72,-19.86,-10.3,0.0,0.0,0.0,0.0,0.0,0.0,,0.0,0,0,0,0,0,8.0,0.0,230439.25,124075.26,354514.51,0.0,-7.4
2026-06-05T00:54:41.444+00:00,371757,996060cc-1738-4269-9a35-58ffa0c7dd73,,10,FAULT,0x04C0,I2C_TIMEOUT|SENSOR_RANGE|SELFTEST,0,0,0,0,0,0,0.0,0.0,0.0,5.563,2.859,667.56,343.08,-19.37,-10.05,0.0,0.0,0.0,0.0,0.0,0.0,,0.0,0,0,0,0,0,8.0,0.0,230525.37,124119.52,354644.89,0.0,3.8
2026-06-05T00:54:41.572+00:00,371887,996060cc-1738-4269-9a35-58ffa0c7dd73,,10,FAULT,0x04C0,I2C_TIMEOUT|SENSOR_RANGE|SELFTEST,0,0,0,0,0,0,0.0,0.0,0.0,5.61,2.877,673.2,345.24,-17.91,-9.56,0.0,0.0,0.0,0.0,0.0,0.0,,0.0,0,0,0,0,0,8.0,0.0,230612.88,124164.4,354777.28,0.0,11.23
2026-06-05T00:54:41.703+00:00,372016,996060cc-1738-4269-9a35-58ffa0c7dd73,,10,FAULT,0x04C0,I2C_TIMEOUT|SENSOR_RANGE|SELFTEST,0,0,0,0,0,0,0.0,0.0,0.0,5.624,2.88,674.88,345.6,-18.4,-9.56,0.0,0.0,0.0,0.0,0.0,0.0,,0.0,0,0,0,0,0,8.0,0.0,230699.94,124208.98,354908.93,0.0,-3.8
2026-06-05T00:54:41.831+00:00,372145,996060cc-1738-4269-9a35-58ffa0c7dd73,,10,FAULT,0x04C0,I2C_TIMEOUT|SENSOR_RANGE|SELFTEST,0,0,0,0,0,0,0.0,0.0,0.0,5.619,2.877,674.28,345.24,-19.62,-10.17,0.0,0.0,0.0,0.0,0.0,0.0,,0.0,0,0,0,0,0,8.0,0.0,230786.92,124253.52,355040.44,0.0,-9.46
2026-06-05T00:54:41.961+00:00,372275,996060cc-1738-4269-9a35-58ffa0c7dd73,,10,FAULT,0x04C0,I2C_TIMEOUT|SENSOR_RANGE|SELFTEST,0,0,0,0,0,0,0.0,0.0,0.0,5.64,2.897,676.8,347.64,-19.86,-10.42,0.0,0.0,0.0,0.0,0.0,0.0,,0.0,0,0,0,0,0,8.0,0.0,230874.91,124298.71,355173.62,0.0,-1.85
2026-06-05T00:54:42.092+00:00,372404,996060cc-1738-4269-9a35-58ffa0c7dd73,,10,FAULT,0x04C0,I2C_TIMEOUT|SENSOR_RANGE|SELFTEST,0,0,0,0,0,0,0.0,0.0,0.0,5.592,2.874,671.04,344.88,-18.89,-9.81,0.0,0.0,0.0,0.0,0.0,0.0,,0.0,0,0,0,0,0,8.0,0.0,230961.47,124343.2,355304.67,0.0,7.52
2026-06-05T00:54:42.220+00:00,372533,996060cc-1738-4269-9a35-58ffa0c7dd73,,10,FAULT,0x04C0,I2C_TIMEOUT|SENSOR_RANGE|SELFTEST,0,0,0,0,0,0,0.0,0.0,0.0,5.648,2.898,677.76,347.76,-18.15,-9.44,0.0,0.0,0.0,0.0,0.0,0.0,,0.0,0,0,0,0,0,8.0,0.0,231048.9,124388.06,355436.97,0.0,5.74
2026-06-05T00:54:42.350+00:00,372662,996060cc-1738-4269-9a35-58ffa0c7dd73,,10,FAULT,0x04C0,I2C_TIMEOUT|SENSOR_RANGE|SELFTEST,0,0,0,0,0,0,0.0,0.0,0.0,5.569,2.863,668.28,343.56,-19.13,-10.05,0.0,0.0,0.0,0.0,0.0,0.0,,0.0,0,0,0,0,0,8.0,0.0,231135.11,124432.38,355567.49,0.0,-7.6
2026-06-05T00:54:42.481+00:00,372792,996060cc-1738-4269-9a35-58ffa0c7dd73,,10,FAULT,0x04C0,I2C_TIMEOUT|SENSOR_RANGE|SELFTEST,0,0,0,0,0,0,0.0,0.0,0.0,5.632,2.898,675.84,347.76,-20.11,-10.3,0.0,0.0,0.0,0.0,0.0,0.0,,0.0,0,0,0,0,0,8.0,0.0,231222.97,124477.59,355700.56,0.0,-7.54
2026-06-05T00:54:42.609+00:00,372921,996060cc-1738-4269-9a35-58ffa0c7dd73,,10,FAULT,0x04C0,I2C_TIMEOUT|SENSOR_RANGE|SELFTEST,0,0,0,0,0,0,0.0,0.0,0.0,5.58,2.875,669.6,345.0,-19.13,-10.05,0.0,0.0,0.0,0.0,0.0,0.0,,0.0,0,0,0,0,0,8.0,0.0,231309.35,124522.1,355831.45,0.0,7.6
2026-06-05T00:54:42.739+00:00,373051,996060cc-1738-4269-9a35-58ffa0c7dd73,,10,FAULT,0x04C0,I2C_TIMEOUT|SENSOR_RANGE|SELFTEST,0,0,0,0,0,0,0.0,0.0,0.0,5.617,2.888,674.04,346.56,-18.15,-9.44,0.0,0.0,0.0,0.0,0.0,0.0,,0.0,0,0,0,0,0,8.0,0.0,231396.98,124567.15,355964.12,0.0,7.54
2026-06-05T00:54:42.870+00:00,373180,996060cc-1738-4269-9a35-58ffa0c7dd73,,10,FAULT,0x04C0,I2C_TIMEOUT|SENSOR_RANGE|SELFTEST,0,0,0,0,0,0,0.0,0.0,0.0,5.603,2.88,672.36,345.6,-18.64,-9.68,0.0,0.0,0.0,0.0,0.0,0.0,,0.0,0,0,0,0,0,8.0,0.0,231483.71,124611.73,356095.44,0.0,-3.8
2026-06-05T00:54:42.998+00:00,373309,996060cc-1738-4269-9a35-58ffa0c7dd73,,10,FAULT,0x04C0,I2C_TIMEOUT|SENSOR_RANGE|SELFTEST,0,0,0,0,0,0,0.0,0.0,0.0,5.606,2.882,672.72,345.84,-19.86,-10.3,0.0,0.0,0.0,0.0,0.0,0.0,,0.0,0,0,0,0,0,8.0,0.0,231570.49,124656.34,356226.83,0.0,-9.46
2026-06-05T00:54:43.129+00:00,373439,996060cc-1738-4269-9a35-58ffa0c7dd73,,10,FAULT,0x04C0,I2C_TIMEOUT|SENSOR_RANGE|SELFTEST,0,0,0,0,0,0,0.0,0.0,0.0,5.62,2.894,674.4,347.28,-19.62,-10.42,0.0,0.0,0.0,0.0,0.0,0.0,,0.0,0,0,0,0,0,8.0,0.0,231658.16,124701.49,356359.65,0.0,1.85
