timestamp_iso,timestamp_ms,session_id,test_id,state,state_name,fault_flags_hex,fault_list,estop,arm,mode_air,mode_water,charge,discharge,v_alt_V,i_load_A,power_alt_W,i_pump_A,i_comp_A,power_pump_VA,power_pump_W,power_comp_VA,power_comp_W,p1_vessel_psi,p2_motor_psi,p_hydro_mbar,temp_water_C,depth_cm,rpm_alt,rpm_water,water_valve_cmd_pct,water_valve_fb_pct,air_pulse_hz,compressor_on,pump_on,air_arm_open,water_valve_open,air_pulsing,v_setpoint_V,energy_alt_J,energy_pump_J,energy_comp_J,energy_input_J,eta_round_trip_pct,dp1_dt_psi_per_s
2026-06-05T07:49:06.321+00:00,862,66ec7050-ec57-40ab-8f47-c4287b6aac37,,1,OFF,0x0000,NONE,0,0,0,0,0,0,0.0,0.0,0.0,0.0,0.0,0.0,0.0,0.0,0.0,1.14,105.9,1013.0,20.2,9.0,0.0,0.0,0.0,,0.0,0,0,0,0,0,4.2,0.0,0.0,0.0,0.0,0.0,0.0
2026-06-05T07:49:06.494+00:00,1033,66ec7050-ec57-40ab-8f47-c4287b6aac37,,1,OFF,0x0000,NONE,0,0,0,0,0,0,0.0,0.0,0.0,0.0,0.0,0.0,0.0,0.0,0.0,-0.31,112.01,1013.0,20.2,9.0,0.0,0.0,0.0,,0.0,0,0,0,0,0,4.2,0.0,0.0,0.0,0.0,0.0,-8.48
2026-06-05T07:49:06.665+00:00,1205,66ec7050-ec57-40ab-8f47-c4287b6aac37,,1,OFF,0x0000,NONE,0,0,0,0,0,0,0.0,0.268,0.0,0.0,0.0,0.0,0.0,0.0,0.0,0.0,112.5,1013.0,20.2,9.0,0.0,0.0,0.0,,0.0,0,0,0,0,0,4.2,0.0,0.0,0.0,0.0,0.0,1.8
2026-06-05T07:49:06.836+00:00,1376,66ec7050-ec57-40ab-8f47-c4287b6aac37,,1,OFF,0x0000,NONE,0,0,0,0,0,0,0.0,0.0,0.0,0.0,0.0,0.0,0.0,0.0,0.0,1.14,107.0,1013.0,20.2,9.0,0.0,0.0,0.0,,0.0,0,0,0,0,0,4.2,0.0,0.0,0.0,0.0,0.0,6.67
2026-06-05T07:49:07.008+00:00,1547,66ec7050-ec57-40ab-8f47-c4287b6aac37,,1,OFF,0x0000,NONE,0,0,0,0,0,0,0.0,0.0,0.0,0.0,0.0,0.0,0.0,0.0,0.0,-1.53,110.05,1013.0,20.2,9.0,0.0,0.0,0.0,,0.0,0,0,0,0,0,4.2,0.0,0.0,0.0,0.0,0.0,-15.61
2026-06-05T07:49:07.177+00:00,1718,66ec7050-ec57-40ab-8f47-c4287b6aac37,,1,OFF,0x0000,NONE,0,0,0,0,0,0,0.0,0.61,0.0,0.0,0.0,0.0,0.0,0.0,0.0,0.0,112.5,1013.0,20.2,9.0,0.0,0.0,0.0,,0.0,0,0,0,0,0,4.2,0.0,0.0,0.0,0.0,0.0,8.95
2026-06-05T07:49:07.349+00:00,1889,66ec7050-ec57-40ab-8f47-c4287b6aac37,,1,OFF,0x0000,NONE,0,0,0,0,0,0,0.0,0.0,0.0,0.0,0.0,0.0,0.0,0.0,0.0,0.9,110.05,1013.0,20.2,9.0,0.0,0.0,0.0,,0.0,0,0,0,0,0,4.2,0.0,0.0,0.0,0.0,0.0,5.26
2026-06-05T07:49:07.521+00:00,2061,66ec7050-ec57-40ab-8f47-c4287b6aac37,,1,OFF,0x0000,NONE,0,0,0,0,0,0,0.0,0.317,0.0,0.0,0.0,0.0,0.0,0.0,0.0,-2.02,110.66,1013.0,20.2,9.0,0.0,0.0,0.0,,0.0,0,0,0,0,0,4.2,0.0,0.0,0.0,0.0,0.0,-16.98
2026-06-05T07:49:07.693+00:00,2232,66ec7050-ec57-40ab-8f47-c4287b6aac37,,1,OFF,0x0000,NONE,0,0,0,0,0,0,0.0,1.148,0.0,0.0,0.0,0.0,0.0,0.0,0.0,0.0,112.5,1013.0,20.2,9.0,0.0,0.0,0.0,,0.0,0,0,0,0,0,4.2,0.0,0.0,0.0,0.0,0.0,11.81
2026-06-05T07:49:07.865+00:00,2403,66ec7050-ec57-40ab-8f47-c4287b6aac37,,1,OFF,0x0000,NONE,0,0,0,0,0,0,0.0,0.0,0.0,0.0,0.0,0.0,0.0,0.0,0.0,-0.56,112.5,1013.0,20.2,9.0,0.0,0.0,0.0,,0.0,0,0,0,0,0,4.2,0.0,0.0,0.0,0.0,0.0,-3.27
2026-06-05T07:49:08.036+00:00,2575,66ec7050-ec57-40ab-8f47-c4287b6aac37,,1,OFF,0x0000,NONE,0,0,0,0,0,0,0.0,0.0,0.0,0.0,0.0,0.0,0.0,0.0,0.0,0.65,107.0,1013.0,20.2,9.0,0.0,0.0,0.0,,0.0,0,0,0,0,0,4.2,0.0,0.0,0.0,0.0,0.0,7.03
2026-06-05T07:49:08.205+00:00,2746,66ec7050-ec57-40ab-8f47-c4287b6aac37,,1,OFF,0x0000,NONE,0,0,0,0,0,0,0.0,0.024,0.0,0.0,0.0,0.0,0.0,0.0,0.0,0.0,108.83,1013.0,20.2,9.0,0.0,0.0,0.0,,0.0,0,0,0,0,0,4.2,0.0,0.0,0.0,0.0,0.0,-3.8
2026-06-05T07:49:08.378+00:00,2917,66ec7050-ec57-40ab-8f47-c4287b6aac37,,1,OFF,0x0000,NONE,0,0,0,0,0,0,0.0,0.268,0.0,0.0,0.0,0.0,0.0,0.0,0.0,-1.29,112.5,1013.0,20.2,9.0,0.0,0.0,0.0,,0.0,0,0,0,0,0,4.2,0.0,0.0,0.0,0.0,0.0,-7.54
2026-06-05T07:49:08.550+00:00,3088,66ec7050-ec57-40ab-8f47-c4287b6aac37,,1,OFF,0x0000,NONE,0,0,0,0,0,0,0.0,0.904,0.0,0.0,0.0,0.0,0.0,0.0,0.0,0.0,112.5,1013.0,20.2,9.0,0.0,0.0,0.0,,0.0,0,0,0,0,0,4.2,0.0,0.0,0.0,0.0,0.0,7.54
2026-06-05T07:49:08.722+00:00,3259,66ec7050-ec57-40ab-8f47-c4287b6aac37,,1,OFF,0x0000,NONE,0,0,0,0,0,0,0.0,0.0,0.0,0.0,0.0,0.0,0.0,0.0,0.0,-1.53,109.07,1013.0,20.2,9.0,0.0,0.0,0.0,,0.0,0,0,0,0,0,4.2,0.0,0.0,0.0,0.0,0.0,-8.95
2026-06-05T07:49:08.893+00:00,3431,66ec7050-ec57-40ab-8f47-c4287b6aac37,,1,OFF,0x0000,NONE,0,0,0,0,0,0,0.0,1.099,0.0,0.0,0.0,0.0,0.0,0.0,0.0,-1.29,112.5,1013.0,20.2,9.0,0.0,0.0,0.0,,0.0,0,0,0,0,0,4.2,0.0,0.0,0.0,0.0,0.0,1.4
2026-06-05T07:49:09.065+00:00,3602,66ec7050-ec57-40ab-8f47-c4287b6aac37,,1,OFF,0x0000,NONE,0,0,0,0,0,0,0.0,0.219,0.0,0.0,0.0,0.0,0.0,0.0,0.0,-0.31,112.5,1013.0,20.2,9.0,0.0,0.0,0.0,,0.0,0,0,0,0,0,4.2,0.0,0.0,0.0,0.0,0.0,5.73
2026-06-05T07:49:09.237+00:00,3774,66ec7050-ec57-40ab-8f47-c4287b6aac37,,1,OFF,0x0000,NONE,0,0,0,0,0,0,0.0,0.806,0.0,0.0,0.0,0.0,0.0,0.0,0.0,0.41,105.9,1013.0,20.3,9.0,0.0,0.0,0.0,,0.0,0,0,0,0,0,4.2,0.0,0.0,0.0,0.0,0.0,4.19
2026-06-05T07:49:09.409+00:00,3945,66ec7050-ec57-40ab-8f47-c4287b6aac37,,1,OFF,0x0000,NONE,0,0,0,0,0,0,0.0,0.219,0.0,0.0,0.0,0.0,0.0,0.0,0.0,-0.8,111.4,1013.0,20.2,9.0,0.0,0.0,0.0,,0.0,0,0,0,0,0,4.2,0.0,0.0,0.0,0.0,0.0,-7.08
2026-06-05T07:49:09.578+00:00,4117,66ec7050-ec57-40ab-8f47-c4287b6aac37,,1,OFF,0x0000,NONE,0,0,0,0,0,0,0.0,0.0,0.0,0.0,0.0,0.0,0.0,0.0,0.0,1.14,112.5,1013.0,20.2,9.0,0.0,0.0,0.0,,0.0,0,0,0,0,0,4.2,0.0,0.0,0.0,0.0,0.0,11.28
2026-06-05T07:49:09.751+00:00,4288,66ec7050-ec57-40ab-8f47-c4287b6aac37,,1,OFF,0x0000,NONE,0,0,0,0,0,0,0.0,0.171,0.0,0.0,0.0,0.0,0.0,0.0,0.0,1.63,108.58,1013.0,20.2,9.0,0.0,0.0,0.0,,0.0,0,0,0,0,0,4.2,0.0,0.0,0.0,0.0,0.0,2.87
2026-06-05T07:49:09.922+00:00,4459,66ec7050-ec57-40ab-8f47-c4287b6aac37,,1,OFF,0x0000,NONE,0,0,0,0,0,0,0.0,0.268,0.0,0.0,0.0,0.0,0.0,0.0,0.0,-1.53,109.81,1013.0,20.2,9.0,0.0,0.0,0.0,,0.0,0,0,0,0,0,4.2,0.0,0.0,0.0,0.0,0.0,-18.48
2026-06-05T07:49:10.094+00:00,4631,66ec7050-ec57-40ab-8f47-c4287b6aac37,,1,OFF,0x0000,NONE,0,0,0,0,0,0,0.0,0.0,0.0,0.0,0.0,0.0,0.0,0.0,0.0,1.63,111.15,1013.0,20.2,9.0,0.0,0.0,0.0,,0.0,0,0,0,0,0,4.2,0.0,0.0,0.0,0.0,0.0,18.37
2026-06-05T07:49:10.266+00:00,4802,66ec7050-ec57-40ab-8f47-c4287b6aac37,,1,OFF,0x0000,NONE,0,0,0,0,0,0,0.0,0.513,0.0,0.0,0.0,0.0,0.0,0.0,0.0,-2.27,112.5,1013.0,20.3,9.0,0.0,0.0,0.0,,0.0,0,0,0,0,0,4.2,0.0,0.0,0.0,0.0,0.0,-22.81
2026-06-05T07:49:10.437+00:00,4973,66ec7050-ec57-40ab-8f47-c4287b6aac37,,1,OFF,0x0000,NONE,0,0,0,0,0,0,0.0,0.0,0.0,0.0,0.0,0.0,0.0,0.0,0.0,-0.31,105.53,1013.0,20.2,9.0,0.0,0.0,0.0,,0.0,0,0,0,0,0,4.2,0.0,0.0,0.0,0.0,0.0,11.46
2026-06-05T07:49:10.609+00:00,5144,66ec7050-ec57-40ab-8f47-c4287b6aac37,,1,OFF,0x0000,NONE,0,0,0,0,0,0,0.0,0.171,0.0,0.0,0.0,0.0,0.0,0.0,0.0,0.0,112.37,1013.0,20.2,9.0,0.0,0.0,0.0,,0.0,0,0,0,0,0,4.2,0.0,0.0,0.0,0.0,0.0,1.81
2026-06-05T07:49:10.779+00:00,5316,66ec7050-ec57-40ab-8f47-c4287b6aac37,,1,OFF,0x0000,NONE,0,0,0,0,0,0,0.0,0.0,0.0,0.0,0.0,0.0,0.0,0.0,0.0,-0.31,112.5,1013.0,20.3,9.0,0.0,0.0,0.0,,0.0,0,0,0,0,0,4.2,0.0,0.0,0.0,0.0,0.0,-1.8
2026-06-05T07:49:10.950+00:00,5487,66ec7050-ec57-40ab-8f47-c4287b6aac37,,1,OFF,0x0000,NONE,0,0,0,0,0,0,0.0,0.268,0.0,0.0,0.0,0.0,0.0,0.0,0.0,0.65,110.78,1013.0,20.3,9.0,0.0,0.0,0.0,,0.0,0,0,0,0,0,4.2,0.0,0.0,0.0,0.0,0.0,5.61
2026-06-05T07:49:11.122+00:00,5658,66ec7050-ec57-40ab-8f47-c4287b6aac37,,1,OFF,0x0000,NONE,0,0,0,0,0,0,0.0,0.659,0.0,0.0,0.0,0.0,0.0,0.0,0.0,0.0,110.54,1013.0,20.2,9.0,0.0,0.0,0.0,,0.0,0,0,0,0,0,4.2,0.0,0.0,0.0,0.0,0.0,-3.8
2026-06-05T07:49:11.294+00:00,5829,66ec7050-ec57-40ab-8f47-c4287b6aac37,,1,OFF,0x0000,NONE,0,0,0,0,0,0,0.0,0.757,0.0,0.0,0.0,0.0,0.0,0.0,0.0,1.63,110.42,1013.0,20.3,9.0,0.0,0.0,0.0,,0.0,0,0,0,0,0,4.2,0.0,0.0,0.0,0.0,0.0,9.53
2026-06-05T07:49:11.465+00:00,6001,66ec7050-ec57-40ab-8f47-c4287b6aac37,,1,OFF,0x0000,NONE,0,0,0,0,0,0,0.0,0.219,0.0,0.0,0.0,0.0,0.0,0.0,0.0,1.14,112.5,1013.0,20.3,9.0,0.0,0.0,0.0,,0.0,0,0,0,0,0,4.2,0.0,0.0,0.0,0.0,0.0,-2.85
2026-06-05T07:49:11.637+00:00,6172,66ec7050-ec57-40ab-8f47-c4287b6aac37,,1,OFF,0x0000,NONE,0,0,0,0,0,0,0.0,0.073,0.0,0.0,0.0,0.0,0.0,0.0,0.0,0.65,107.36,1013.0,20.3,9.0,0.0,0.0,0.0,,0.0,0,0,0,0,0,4.2,0.0,0.0,0.0,0.0,0.0,-2.87
2026-06-05T07:49:11.809+00:00,6343,66ec7050-ec57-40ab-8f47-c4287b6aac37,,1,OFF,0x0000,NONE,0,0,0,0,0,0,0.0,0.855,0.0,0.0,0.0,0.0,0.0,0.0,0.0,1.14,112.5,1013.0,20.3,9.0,0.0,0.0,0.0,,0.0,0,0,0,0,0,4.2,0.0,0.0,0.0,0.0,0.0,2.87
2026-06-05T07:49:11.981+00:00,6515,66ec7050-ec57-40ab-8f47-c4287b6aac37,,1,OFF,0x0000,NONE,0,0,0,0,0,0,0.0,0.0,0.0,0.0,0.0,0.0,0.0,0.0,0.0,1.14,112.5,1013.0,20.3,9.0,0.0,0.0,0.0,,0.0,0,0,0,0,0,4.2,0.0,0.0,0.0,0.0,0.0,0.0
2026-06-05T07:49:12.150+00:00,6686,66ec7050-ec57-40ab-8f47-c4287b6aac37,,1,OFF,0x0000,NONE,0,0,0,0,0,0,0.0,0.219,0.0,0.0,0.0,0.0,0.0,0.0,0.0,-1.05,110.42,1013.0,20.3,9.0,0.0,0.0,0.0,,0.0,0,0,0,0,0,4.2,0.0,0.0,0.0,0.0,0.0,-12.81
2026-06-05T07:49:12.322+00:00,6857,66ec7050-ec57-40ab-8f47-c4287b6aac37,,1,OFF,0x0000,NONE,0,0,0,0,0,0,0.0,0.0,0.0,0.0,0.0,0.0,0.0,0.0,0.0,0.9,106.26,1013.0,20.3,9.0,0.0,0.0,0.0,,0.0,0,0,0,0,0,4.2,0.0,0.0,0.0,0.0,0.0,11.4
2026-06-05T07:49:12.494+00:00,7028,66ec7050-ec57-40ab-8f47-c4287b6aac37,,1,OFF,0x0000,NONE,0,0,0,0,0,0,0.0,0.562,0.0,0.0,0.0,0.0,0.0,0.0,0.0,-1.78,112.5,1013.0,20.3,9.0,0.0,0.0,0.0,,0.0,0,0,0,0,0,4.2,0.0,0.0,0.0,0.0,0.0,-15.67
2026-06-05T07:49:12.666+00:00,7200,66ec7050-ec57-40ab-8f47-c4287b6aac37,,1,OFF,0x0000,NONE,0,0,0,0,0,0,0.0,0.0,0.0,0.0,0.0,0.0,0.0,0.0,0.0,-1.29,112.37,1013.0,20.3,9.0,0.0,0.0,0.0,,0.0,0,0,0,0,0,4.2,0.0,0.0,0.0,0.0,0.0,2.85
2026-06-05T07:49:12.837+00:00,7371,66ec7050-ec57-40ab-8f47-c4287b6aac37,,1,OFF,0x0000,NONE,0,0,0,0,0,0,0.0,1.246,0.0,0.0,0.0,0.0,0.0,0.0,0.0,0.0,107.97,1013.0,20.3,9.0,0.0,0.0,0.0,,0.0,0,0,0,0,0,4.2,0.0,0.0,0.0,0.0,0.0,7.54
2026-06-05T07:49:13.009+00:00,7543,66ec7050-ec57-40ab-8f47-c4287b6aac37,,1,OFF,0x0000,NONE,0,0,0,0,0,0,0.0,0.0,0.0,0.0,0.0,0.0,0.0,0.0,0.0,0.0,111.4,1013.0,20.3,9.0,0.0,0.0,0.0,,0.0,0,0,0,0,0,4.2,0.0,0.0,0.0,0.0,0.0,0.0
2026-06-05T07:49:13.181+00:00,7714,66ec7050-ec57-40ab-8f47-c4287b6aac37,,1,OFF,0x0000,NONE,0,0,0,0,0,0,0.0,0.0,0.0,0.0,0.0,0.0,0.0,0.0,0.0,-0.56,112.5,1013.0,20.3,9.0,0.0,0.0,0.0,,0.0,0,0,0,0,0,4.2,0.0,0.0,0.0,0.0,0.0,-3.27
2026-06-05T07:49:13.351+00:00,7885,66ec7050-ec57-40ab-8f47-c4287b6aac37,,1,OFF,0x0000,NONE,0,0,0,0,0,0,0.0,0.317,0.0,0.0,0.0,0.0,0.0,0.0,0.0,-0.31,109.81,1013.0,20.3,9.0,0.0,0.0,0.0,,0.0,0,0,0,0,0,4.2,0.0,0.0,0.0,0.0,0.0,1.46
2026-06-05T07:49:13.522+00:00,8056,66ec7050-ec57-40ab-8f47-c4287b6aac37,,1,OFF,0x0000,NONE,0,0,0,0,0,0,0.0,1.148,0.0,0.0,0.0,0.0,0.0,0.0,0.0,0.0,112.5,1013.0,20.3,9.0,0.0,0.0,0.0,,0.0,0,0,0,0,0,4.2,0.0,0.0,0.0,0.0,0.0,1.81
2026-06-05T07:49:13.694+00:00,8228,66ec7050-ec57-40ab-8f47-c4287b6aac37,,1,OFF,0x0000,NONE,0,0,0,0,0,0,0.0,0.659,0.0,0.0,0.0,0.0,0.0,0.0,0.0,-2.02,112.5,1013.0,20.3,9.0,0.0,0.0,0.0,,0.0,0,0,0,0,0,4.2,0.0,0.0,0.0,0.0,0.0,-11.74
2026-06-05T07:49:13.866+00:00,8399,66ec7050-ec57-40ab-8f47-c4287b6aac37,,1,OFF,0x0000,NONE,0,0,0,0,0,0,0.0,0.0,0.0,0.0,0.0,0.0,0.0,0.0,0.0,1.39,112.5,1013.0,20.3,9.0,0.0,0.0,0.0,,0.0,0,0,0,0,0,4.2,0.0,0.0,0.0,0.0,0.0,19.94
2026-06-05T07:49:14.038+00:00,8570,66ec7050-ec57-40ab-8f47-c4287b6aac37,,1,OFF,0x0000,NONE,0,0,0,0,0,0,0.0,0.0,0.0,0.0,0.0,0.0,0.0,0.0,0.0,1.88,106.63,1013.0,20.3,9.0,0.0,0.0,0.0,,0.0,0,0,0,0,0,4.2,0.0,0.0,0.0,0.0,0.0,2.87
2026-06-05T07:49:14.209+00:00,8741,66ec7050-ec57-40ab-8f47-c4287b6aac37,,1,OFF,0x0000,NONE,0,0,0,0,0,0,0.0,0.659,0.0,0.0,0.0,0.0,0.0,0.0,0.0,-1.29,112.5,1013.0,20.3,9.0,0.0,0.0,0.0,,0.0,0,0,0,0,0,4.2,0.0,0.0,0.0,0.0,0.0,-18.54
2026-06-05T07:49:14.381+00:00,8913,66ec7050-ec57-40ab-8f47-c4287b6aac37,,1,OFF,0x0000,NONE,0,0,0,0,0,0,0.0,0.0,0.0,0.0,0.0,0.0,0.0,0.0,0.0,1.88,112.5,1013.0,20.3,9.0,0.0,0.0,0.0,,0.0,0,0,0,0,0,4.2,0.0,0.0,0.0,0.0,0.0,18.43
2026-06-05T07:49:14.554+00:00,9086,66ec7050-ec57-40ab-8f47-c4287b6aac37,,1,OFF,0x0000,NONE,0,0,0,0,0,0,0.0,0.171,0.0,0.0,0.0,0.0,0.0,0.0,0.0,-0.56,110.54,1013.0,20.3,9.0,0.0,0.0,0.0,,0.0,0,0,0,0,0,4.2,0.0,0.0,0.0,0.0,0.0,-14.1
2026-06-05T07:49:14.729+00:00,9262,66ec7050-ec57-40ab-8f47-c4287b6aac37,,1,OFF,0x0000,NONE,0,0,0,0,0,0,0.0,0.317,0.0,0.0,0.0,0.0,0.0,0.0,0.0,-1.53,112.5,1013.0,20.2,9.0,0.0,0.0,0.0,,0.0,0,0,0,0,0,4.2,0.0,0.0,0.0,0.0,0.0,-5.51
2026-06-05T07:49:14.903+00:00,9436,66ec7050-ec57-40ab-8f47-c4287b6aac37,,1,OFF,0x0000,NONE,0,0,0,0,0,0,0.0,0.562,0.0,0.0,0.0,0.0,0.0,0.0,0.0,1.14,112.5,1013.0,20.3,9.0,0.0,0.0,0.0,,0.0,0,0,0,0,0,4.2,0.0,0.0,0.0,0.0,0.0,15.34
2026-06-05T07:49:15.079+00:00,9611,66ec7050-ec57-40ab-8f47-c4287b6aac37,,1,OFF,0x0000,NONE,0,0,0,0,0,0,0.0,0.268,0.0,0.0,0.0,0.0,0.0,0.0,0.0,0.0,112.5,1012.9,20.2,9.0,0.0,0.0,0.0,,0.0,0,0,0,0,0,4.2,0.0,0.0,0.0,0.0,0.0,-6.51
2026-06-05T07:49:15.254+00:00,9786,66ec7050-ec57-40ab-8f47-c4287b6aac37,,1,OFF,0x0000,NONE,0,0,0,0,0,0,0.0,0.171,0.0,0.0,0.0,0.0,0.0,0.0,0.0,0.0,109.07,1013.0,20.3,9.0,0.0,0.0,0.0,,0.0,0,0,0,0,0,4.2,0.0,0.0,0.0,0.0,0.0,0.0
2026-06-05T07:49:15.427+00:00,9960,66ec7050-ec57-40ab-8f47-c4287b6aac37,,1,OFF,0x0000,NONE,0,0,0,0,0,0,0.0,1.197,0.0,0.0,0.0,0.0,0.0,0.0,0.0,0.0,112.5,1013.0,20.3,9.0,0.0,0.0,0.0,,0.0,0,0,0,0,0,4.2,0.0,0.0,0.0,0.0,0.0,0.0
2026-06-05T07:49:15.603+00:00,10135,66ec7050-ec57-40ab-8f47-c4287b6aac37,,1,OFF,0x0000,NONE,0,0,0,0,0,0,0.0,0.659,0.0,0.0,0.0,0.0,0.0,0.0,0.0,-1.29,111.76,1013.0,20.3,9.0,0.0,0.0,0.0,,0.0,0,0,0,0,0,4.2,0.0,0.0,0.0,0.0,0.0,-7.37
2026-06-05T07:49:15.779+00:00,10310,66ec7050-ec57-40ab-8f47-c4287b6aac37,,1,OFF,0x0000,NONE,0,0,0,0,0,0,0.0,1.099,0.0,0.0,0.0,0.0,0.0,0.0,0.0,-0.56,111.52,1013.0,20.3,9.0,0.0,0.0,0.0,,0.0,0,0,0,0,0,4.2,0.0,0.0,0.0,0.0,0.0,4.17
2026-06-05T07:49:15.954+00:00,10485,66ec7050-ec57-40ab-8f47-c4287b6aac37,,1,OFF,0x0000,NONE,0,0,0,0,0,0,0.0,0.953,0.0,0.0,0.0,0.0,0.0,0.0,0.0,0.65,112.5,1013.0,20.3,9.0,0.0,0.0,0.0,,0.0,0,0,0,0,0,4.2,0.0,0.0,0.0,0.0,0.0,6.91
2026-06-05T07:49:16.128+00:00,10660,66ec7050-ec57-40ab-8f47-c4287b6aac37,,1,OFF,0x0000,NONE,0,0,0,0,0,0,0.0,0.708,0.0,0.0,0.0,0.0,0.0,0.0,0.0,-0.8,112.5,1013.0,20.3,9.0,0.0,0.0,0.0,,0.0,0,0,0,0,0,4.2,0.0,0.0,0.0,0.0,0.0,-8.29
2026-06-05T07:49:16.304+00:00,10834,66ec7050-ec57-40ab-8f47-c4287b6aac37,,1,OFF,0x0000,NONE,0,0,0,0,0,0,0.0,0.171,0.0,0.0,0.0,0.0,0.0,0.0,0.0,0.0,109.93,1013.0,20.2,9.0,0.0,0.0,0.0,,0.0,0,0,0,0,0,4.2,0.0,0.0,0.0,0.0,0.0,4.6
2026-06-05T07:49:16.479+00:00,11010,66ec7050-ec57-40ab-8f47-c4287b6aac37,,1,OFF,0x0000,NONE,0,0,0,0,0,0,0.0,0.073,0.0,0.0,0.0,0.0,0.0,0.0,0.0,0.65,112.5,1013.0,20.3,9.0,0.0,0.0,0.0,,0.0,0,0,0,0,0,4.2,0.0,0.0,0.0,0.0,0.0,3.69
2026-06-05T07:49:16.654+00:00,11185,66ec7050-ec57-40ab-8f47-c4287b6aac37,,1,OFF,0x0000,NONE,0,0,0,0,0,0,0.0,0.122,0.0,0.0,0.0,0.0,0.0,0.0,0.0,0.0,109.56,1013.0,20.2,9.0,0.0,0.0,0.0,,0.0,0,0,0,0,0,4.2,0.0,0.0,0.0,0.0,0.0,-3.71
2026-06-05T07:49:16.828+00:00,11359,66ec7050-ec57-40ab-8f47-c4287b6aac37,,1,OFF,0x0000,NONE,0,0,0,0,0,0,0.0,0.073,0.0,0.0,0.0,0.0,0.0,0.0,0.0,0.0,111.27,1013.0,20.3,9.0,0.0,0.0,0.0,,0.0,0,0,0,0,0,4.2,0.0,0.0,0.0,0.0,0.0,0.0
2026-06-05T07:49:17.003+00:00,11534,66ec7050-ec57-40ab-8f47-c4287b6aac37,,1,OFF,0x0000,NONE,0,0,0,0,0,0,0.0,0.659,0.0,0.0,0.0,0.0,0.0,0.0,0.0,-1.53,111.52,1013.0,20.3,9.0,0.0,0.0,0.0,,0.0,0,0,0,0,0,4.2,0.0,0.0,0.0,0.0,0.0,-8.74
2026-06-05T07:49:17.179+00:00,11709,66ec7050-ec57-40ab-8f47-c4287b6aac37,,1,OFF,0x0000,NONE,0,0,0,0,0,0,0.0,0.0,0.0,0.0,0.0,0.0,0.0,0.0,0.0,0.0,112.5,1013.0,20.3,9.0,0.0,0.0,0.0,,0.0,0,0,0,0,0,4.2,0.0,0.0,0.0,0.0,0.0,8.74
2026-06-05T07:49:17.352+00:00,11883,66ec7050-ec57-40ab-8f47-c4287b6aac37,,1,OFF,0x0000,NONE,0,0,0,0,0,0,0.0,0.855,0.0,0.0,0.0,0.0,0.0,0.0,0.0,1.14,107.24,1013.0,20.3,9.0,0.0,0.0,0.0,,0.0,0,0,0,0,0,4.2,0.0,0.0,0.0,0.0,0.0,6.55
2026-06-05T07:49:17.528+00:00,12058,66ec7050-ec57-40ab-8f47-c4287b6aac37,,1,OFF,0x0000,NONE,0,0,0,0,0,0,0.0,1.099,0.0,0.0,0.0,0.0,0.0,0.0,0.0,-0.8,112.5,1013.0,20.3,9.0,0.0,0.0,0.0,,0.0,0,0,0,0,0,4.2,0.0,0.0,0.0,0.0,0.0,-11.09
2026-06-05T07:49:17.703+00:00,12233,66ec7050-ec57-40ab-8f47-c4287b6aac37,,1,OFF,0x0000,NONE,0,0,0,0,0,0,0.0,0.0,0.0,0.0,0.0,0.0,0.0,0.0,0.0,2.12,107.73,1013.0,20.3,9.0,0.0,0.0,0.0,,0.0,0,0,0,0,0,4.2,0.0,0.0,0.0,0.0,0.0,16.69
2026-06-05T07:49:17.879+00:00,12408,66ec7050-ec57-40ab-8f47-c4287b6aac37,,1,OFF,0x0000,NONE,0,0,0,0,0,0,0.0,1.099,0.0,0.0,0.0,0.0,0.0,0.0,0.0,0.0,112.5,1013.0,20.3,9.0,0.0,0.0,0.0,,0.0,0,0,0,0,0,4.2,0.0,0.0,0.0,0.0,0.0,-12.11
2026-06-05T07:49:18.053+00:00,12582,66ec7050-ec57-40ab-8f47-c4287b6aac37,,1,OFF,0x0000,NONE,0,0,0,0,0,0,0.0,1.05,0.0,0.0,0.0,0.0,0.0,0.0,0.0,-2.27,112.5,1013.0,20.3,9.0,0.0,0.0,0.0,,0.0,0,0,0,0,0,4.2,0.0,0.0,0.0,0.0,0.0,-13.05
2026-06-05T07:49:18.228+00:00,12758,66ec7050-ec57-40ab-8f47-c4287b6aac37,,1,OFF,0x0000,NONE,0,0,0,0,0,0,0.0,0.953,0.0,0.0,0.0,0.0,0.0,0.0,0.0,1.14,112.5,1013.0,20.3,9.0,0.0,0.0,0.0,,0.0,0,0,0,0,0,4.2,0.0,0.0,0.0,0.0,0.0,19.38
2026-06-05T07:49:18.404+00:00,12933,66ec7050-ec57-40ab-8f47-c4287b6aac37,,1,OFF,0x0000,NONE,0,0,0,0,0,0,0.0,0.415,0.0,0.0,0.0,0.0,0.0,0.0,0.0,-1.78,110.78,1013.0,20.3,9.0,0.0,0.0,0.0,,0.0,0,0,0,0,0,4.2,0.0,0.0,0.0,0.0,0.0,-16.69
2026-06-05T07:49:18.580+00:00,13108,66ec7050-ec57-40ab-8f47-c4287b6aac37,,1,OFF,0x0000,NONE,0,0,0,0,0,0,0.0,0.366,0.0,0.0,0.0,0.0,0.0,0.0,0.0,-1.53,112.5,1013.0,20.3,9.0,0.0,0.0,0.0,,0.0,0,0,0,0,0,4.2,0.0,0.0,0.0,0.0,0.0,1.43
2026-06-05T07:49:18.754+00:00,13283,66ec7050-ec57-40ab-8f47-c4287b6aac37,,1,OFF,0x0000,NONE,0,0,0,0,0,0,0.0,0.708,0.0,0.0,0.0,0.0,0.0,0.0,0.0,0.9,111.64,1013.0,20.3,9.0,0.0,0.0,0.0,,0.0,0,0,0,0,0,4.2,0.0,0.0,0.0,0.0,0.0,13.89
2026-06-05T07:49:18.928+00:00,13458,66ec7050-ec57-40ab-8f47-c4287b6aac37,,1,OFF,0x0000,NONE,0,0,0,0,0,0,0.0,1.001,0.0,0.0,0.0,0.0,0.0,0.0,0.0,-0.56,112.5,1013.0,20.3,9.0,0.0,0.0,0.0,,0.0,0,0,0,0,0,4.2,0.0,0.0,0.0,0.0,0.0,-8.34
2026-06-05T07:49:19.104+00:00,13633,66ec7050-ec57-40ab-8f47-c4287b6aac37,,1,OFF,0x0000,NONE,0,0,0,0,0,0,0.0,1.001,0.0,0.0,0.0,0.0,0.0,0.0,0.0,-1.05,111.88,1013.0,20.3,9.0,0.0,0.0,0.0,,0.0,0,0,0,0,0,4.2,0.0,0.0,0.0,0.0,0.0,-2.8
2026-06-05T07:49:19.280+00:00,13808,66ec7050-ec57-40ab-8f47-c4287b6aac37,,1,OFF,0x0000,NONE,0,0,0,0,0,0,0.0,0.806,0.0,0.0,0.0,0.0,0.0,0.0,0.0,0.9,112.5,1013.0,20.3,9.0,0.0,0.0,0.0,,0.0,0,0,0,0,0,4.2,0.0,0.0,0.0,0.0,0.0,11.14
2026-06-05T07:49:19.454+00:00,13983,66ec7050-ec57-40ab-8f47-c4287b6aac37,,1,OFF,0x0000,NONE,0,0,0,0,0,0,0.0,0.904,0.0,0.0,0.0,0.0,0.0,0.0,0.0,-1.05,111.64,1013.0,20.3,9.0,0.0,0.0,0.0,,0.0,0,0,0,0,0,4.2,0.0,0.0,0.0,0.0,0.0,-11.14
2026-06-05T07:49:19.629+00:00,14158,66ec7050-ec57-40ab-8f47-c4287b6aac37,,1,OFF,0x0000,NONE,0,0,0,0,0,0,0.0,1.001,0.0,0.0,0.0,0.0,0.0,0.0,0.0,0.0,112.5,1013.0,20.3,9.0,0.0,0.0,0.0,,0.0,0,0,0,0,0,4.2,0.0,0.0,0.0,0.0,0.0,6.0
2026-06-05T07:49:19.805+00:00,14332,66ec7050-ec57-40ab-8f47-c4287b6aac37,,1,OFF,0x0000,NONE,0,0,0,0,0,0,0.0,0.0,0.0,0.0,0.0,0.0,0.0,0.0,0.0,0.9,105.53,1013.0,20.3,9.0,0.0,0.0,0.0,,0.0,0,0,0,0,0,4.2,0.0,0.0,0.0,0.0,0.0,5.17
2026-06-05T07:49:19.980+00:00,14508,66ec7050-ec57-40ab-8f47-c4287b6aac37,,1,OFF,0x0000,NONE,0,0,0,0,0,0,0.0,1.148,0.0,0.0,0.0,0.0,0.0,0.0,0.0,-1.05,112.5,1013.0,20.3,9.0,0.0,0.0,0.0,,0.0,0,0,0,0,0,4.2,0.0,0.0,0.0,0.0,0.0,-11.08
2026-06-05T07:49:20.154+00:00,14683,66ec7050-ec57-40ab-8f47-c4287b6aac37,,1,OFF,0x0000,NONE,0,0,0,0,0,0,0.0,0.61,0.0,0.0,0.0,0.0,0.0,0.0,0.0,1.39,111.4,1013.0,20.3,9.0,0.0,0.0,0.0,,0.0,0,0,0,0,0,4.2,0.0,0.0,0.0,0.0,0.0,13.94
2026-06-05T07:49:20.329+00:00,14858,66ec7050-ec57-40ab-8f47-c4287b6aac37,,1,OFF,0x0000,NONE,0,0,0,0,0,0,0.0,0.562,0.0,0.0,0.0,0.0,0.0,0.0,0.0,0.0,112.5,1012.9,20.3,9.0,0.0,0.0,0.0,,0.0,0,0,0,0,0,4.2,0.0,0.0,0.0,0.0,0.0,-7.94
2026-06-05T07:49:20.505+00:00,15032,66ec7050-ec57-40ab-8f47-c4287b6aac37,,1,OFF,0x0000,NONE,0,0,0,0,0,0,0.0,0.171,0.0,0.0,0.0,0.0,0.0,0.0,0.0,0.0,108.71,1013.0,20.3,9.0,0.0,0.0,0.0,,0.0,0,0,0,0,0,4.2,0.0,0.0,0.0,0.0,0.0,0.0
2026-06-05T07:49:20.680+00:00,15207,66ec7050-ec57-40ab-8f47-c4287b6aac37,,1,OFF,0x0000,NONE,0,0,0,0,0,0,0.0,0.757,0.0,0.0,0.0,0.0,0.0,0.0,0.0,0.65,112.5,1013.0,20.3,9.0,0.0,0.0,0.0,,0.0,0,0,0,0,0,4.2,0.0,0.0,0.0,0.0,0.0,3.71
2026-06-05T07:49:20.854+00:00,15382,66ec7050-ec57-40ab-8f47-c4287b6aac37,,1,OFF,0x0000,NONE,0,0,0,0,0,0,0.0,0.122,0.0,0.0,0.0,0.0,0.0,0.0,0.0,0.0,108.22,1013.0,20.3,9.0,0.0,0.0,0.0,,0.0,0,0,0,0,0,4.2,0.0,0.0,0.0,0.0,0.0,-3.71
2026-06-05T07:49:21.029+00:00,15557,66ec7050-ec57-40ab-8f47-c4287b6aac37,,1,OFF,0x0000,NONE,0,0,0,0,0,0,0.0,0.0,0.0,0.0,0.0,0.0,0.0,0.0,0.0,0.0,112.5,1013.0,20.3,9.0,0.0,0.0,0.0,,0.0,0,0,0,0,0,4.2,0.0,0.0,0.0,0.0,0.0,0.0
2026-06-05T07:49:21.205+00:00,15731,66ec7050-ec57-40ab-8f47-c4287b6aac37,,1,OFF,0x0000,NONE,0,0,0,0,0,0,0.0,0.855,0.0,0.0,0.0,0.0,0.0,0.0,0.0,0.41,112.37,1013.0,20.3,9.0,0.0,0.0,0.0,,0.0,0,0,0,0,0,4.2,0.0,0.0,0.0,0.0,0.0,2.36
2026-06-05T07:49:21.378+00:00,15906,66ec7050-ec57-40ab-8f47-c4287b6aac37,,1,OFF,0x0000,NONE,0,0,0,0,0,0,0.0,1.099,0.0,0.0,0.0,0.0,0.0,0.0,0.0,-0.56,112.5,1013.0,20.3,9.0,0.0,0.0,0.0,,0.0,0,0,0,0,0,4.2,0.0,0.0,0.0,0.0,0.0,-5.54
2026-06-05T07:49:21.554+00:00,16081,66ec7050-ec57-40ab-8f47-c4287b6aac37,,1,OFF,0x0000,NONE,0,0,0,0,0,0,0.0,0.61,0.0,0.0,0.0,0.0,0.0,0.0,0.0,0.0,111.88,1013.0,20.3,9.0,0.0,0.0,0.0,,0.0,0,0,0,0,0,4.2,0.0,0.0,0.0,0.0,0.0,3.2
2026-06-05T07:49:21.729+00:00,16256,66ec7050-ec57-40ab-8f47-c4287b6aac37,,1,OFF,0x0000,NONE,0,0,0,0,0,0,0.0,0.219,0.0,0.0,0.0,0.0,0.0,0.0,0.0,0.0,112.5,1013.0,20.3,9.0,0.0,0.0,0.0,,0.0,0,0,0,0,0,4.2,0.0,0.0,0.0,0.0,0.0,0.0
2026-06-05T07:49:21.905+00:00,16431,66ec7050-ec57-40ab-8f47-c4287b6aac37,,1,OFF,0x0000,NONE,0,0,0,0,0,0,0.0,0.0,0.0,0.0,0.0,0.0,0.0,0.0,0.0,1.88,106.51,1013.0,20.3,9.0,0.0,0.0,0.0,,0.0,0,0,0,0,0,4.2,0.0,0.0,0.0,0.0,0.0,10.74
2026-06-05T07:49:22.078+00:00,16606,66ec7050-ec57-40ab-8f47-c4287b6aac37,,1,OFF,0x0000,NONE,0,0,0,0,0,0,0.0,0.0,0.0,0.0,0.0,0.0,0.0,0.0,0.0,0.0,112.01,1013.0,20.3,9.0,0.0,0.0,0.0,,0.0,0,0,0,0,0,4.2,0.0,0.0,0.0,0.0,0.0,-10.74
2026-06-05T07:49:22.254+00:00,16780,66ec7050-ec57-40ab-8f47-c4287b6aac37,,1,OFF,0x0000,NONE,0,0,0,0,0,0,0.0,0.806,0.0,0.0,0.0,0.0,0.0,0.0,0.0,0.0,111.03,1013.0,20.3,9.0,0.0,0.0,0.0,,0.0,0,0,0,0,0,4.2,0.0,0.0,0.0,0.0,0.0,0.0
2026-06-05T07:49:22.429+00:00,16955,66ec7050-ec57-40ab-8f47-c4287b6aac37,,1,OFF,0x0000,NONE,0,0,0,0,0,0,0.0,0.855,0.0,0.0,0.0,0.0,0.0,0.0,0.0,-1.05,112.5,1013.0,20.3,9.0,0.0,0.0,0.0,,0.0,0,0,0,0,0,4.2,0.0,0.0,0.0,0.0,0.0,-6.0
2026-06-05T07:49:22.603+00:00,17130,66ec7050-ec57-40ab-8f47-c4287b6aac37,,1,OFF,0x0000,NONE,0,0,0,0,0,0,0.0,0.562,0.0,0.0,0.0,0.0,0.0,0.0,0.0,0.9,111.4,1013.0,20.3,9.0,0.0,0.0,0.0,,0.0,0,0,0,0,0,4.2,0.0,0.0,0.0,0.0,0.0,11.14
2026-06-05T07:49:22.779+00:00,17305,66ec7050-ec57-40ab-8f47-c4287b6aac37,,1,OFF,0x0000,NONE,0,0,0,0,0,0,0.0,0.171,0.0,0.0,0.0,0.0,0.0,0.0,0.0,-1.78,112.5,1013.0,20.3,9.0,0.0,0.0,0.0,,0.0,0,0,0,0,0,4.2,0.0,0.0,0.0,0.0,0.0,-15.31
2026-06-05T07:49:22.954+00:00,17479,66ec7050-ec57-40ab-8f47-c4287b6aac37,,1,OFF,0x0000,NONE,0,0,0,0,0,0,0.0,0.562,0.0,0.0,0.0,0.0,0.0,0.0,0.0,-1.05,109.44,1013.0,20.3,9.0,0.0,0.0,0.0,,0.0,0,0,0,0,0,4.2,0.0,0.0,0.0,0.0,0.0,4.2
2026-06-05T07:49:23.130+00:00,17654,66ec7050-ec57-40ab-8f47-c4287b6aac37,,1,OFF,0x0000,NONE,0,0,0,0,0,0,0.0,0.0,0.0,0.0,0.0,0.0,0.0,0.0,0.0,2.12,112.5,1013.0,20.3,9.0,0.0,0.0,0.0,,0.0,0,0,0,0,0,4.2,0.0,0.0,0.0,0.0,0.0,18.11
2026-06-05T07:49:23.303+00:00,17829,66ec7050-ec57-40ab-8f47-c4287b6aac37,,1,OFF,0x0000,NONE,0,0,0,0,0,0,0.0,0.0,0.0,0.0,0.0,0.0,0.0,0.0,0.0,-0.56,105.53,1013.0,20.3,9.0,0.0,0.0,0.0,,0.0,0,0,0,0,0,4.2,0.0,0.0,0.0,0.0,0.0,-15.31
2026-06-05T07:49:23.479+00:00,18004,66ec7050-ec57-40ab-8f47-c4287b6aac37,,1,OFF,0x0000,NONE,0,0,0,0,0,0,0.0,0.0,0.0,0.0,0.0,0.0,0.0,0.0,0.0,0.0,112.5,1013.0,20.3,9.0,0.0,0.0,0.0,,0.0,0,0,0,0,0,4.2,0.0,0.0,0.0,0.0,0.0,3.2
2026-06-05T07:49:23.655+00:00,18179,66ec7050-ec57-40ab-8f47-c4287b6aac37,,1,OFF,0x0000,NONE,0,0,0,0,0,0,0.0,0.61,0.0,0.0,0.0,0.0,0.0,0.0,0.0,-1.05,110.78,1013.0,20.3,9.0,0.0,0.0,0.0,,0.0,0,0,0,0,0,4.2,0.0,0.0,0.0,0.0,0.0,-6.0
2026-06-05T07:49:23.830+00:00,18354,66ec7050-ec57-40ab-8f47-c4287b6aac37,,2,ARMED_IDLE,0x0000,NONE,0,1,0,0,0,0,0.0,1.49,0.0,0.0,0.0,0.0,0.0,0.0,0.0,-0.8,112.5,1013.0,20.3,9.0,0.0,0.0,0.0,,0.0,0,0,0,0,0,4.2,0.0,0.0,0.0,0.0,0.0,1.43
2026-06-05T07:49:24.003+00:00,18529,66ec7050-ec57-40ab-8f47-c4287b6aac37,,2,ARMED_IDLE,0x0000,NONE,0,1,0,0,0,0,0.0,0.0,0.0,0.0,0.0,0.0,0.0,0.0,0.0,-0.56,109.2,1013.0,20.3,9.0,0.0,0.0,0.0,,0.0,0,0,0,0,0,4.2,0.0,0.0,0.0,0.0,0.0,1.37
2026-06-05T07:49:24.179+00:00,18704,66ec7050-ec57-40ab-8f47-c4287b6aac37,,2,ARMED_IDLE,0x0000,NONE,0,1,0,0,0,0,0.0,0.0,0.0,0.0,0.0,0.0,0.0,0.0,0.0,1.39,112.5,1013.0,20.3,9.0,0.0,0.0,0.0,,0.0,0,0,0,0,0,4.2,0.0,0.0,0.0,0.0,0.0,11.14
2026-06-05T07:49:24.354+00:00,18878,66ec7050-ec57-40ab-8f47-c4287b6aac37,,2,ARMED_IDLE,0x0000,NONE,0,1,0,0,0,0,0.0,0.0,0.0,0.0,0.0,0.0,0.0,0.0,0.0,0.0,105.77,1013.0,20.3,9.0,0.0,0.0,0.0,,0.0,0,0,0,0,0,4.2,0.0,0.0,0.0,0.0,0.0,-7.99
2026-06-05T07:49:24.528+00:00,19053,66ec7050-ec57-40ab-8f47-c4287b6aac37,,2,ARMED_IDLE,0x0000,NONE,0,1,0,0,0,0,0.0,0.953,0.0,0.0,0.0,0.0,0.0,0.0,0.0,-1.53,112.5,1013.0,20.3,9.0,0.0,0.0,0.0,,0.0,0,0,0,0,0,4.2,0.0,0.0,0.0,0.0,0.0,-8.74
2026-06-05T07:49:24.704+00:00,19228,66ec7050-ec57-40ab-8f47-c4287b6aac37,,2,ARMED_IDLE,0x0000,NONE,0,1,0,0,0,0,0.0,0.0,0.0,0.0,0.0,0.0,0.0,0.0,0.0,-1.05,107.36,1013.0,20.3,9.0,0.0,0.0,0.0,,0.0,0,0,0,0,0,4.2,0.0,0.0,0.0,0.0,0.0,2.74
2026-06-05T07:49:24.879+00:00,19402,66ec7050-ec57-40ab-8f47-c4287b6aac37,,2,ARMED_IDLE,0x0000,NONE,0,1,0,0,0,0,0.0,0.073,0.0,0.0,0.0,0.0,0.0,0.0,0.0,-1.53,112.5,1013.0,20.3,9.0,0.0,0.0,0.0,,0.0,0,0,0,0,0,4.2,0.0,0.0,0.0,0.0,0.0,-2.76
2026-06-05T07:49:25.055+00:00,19577,66ec7050-ec57-40ab-8f47-c4287b6aac37,,2,ARMED_IDLE,0x0000,NONE,0,1,0,0,0,0,0.0,0.317,0.0,0.0,0.0,0.0,0.0,0.0,0.0,-0.56,108.34,1012.9,20.3,9.0,0.0,0.0,0.0,,0.0,0,0,0,0,0,4.2,0.0,0.0,0.0,0.0,0.0,5.54
2026-06-05T07:49:25.228+00:00,19752,66ec7050-ec57-40ab-8f47-c4287b6aac37,,2,ARMED_IDLE,0x0000,NONE,0,1,0,0,0,0,0.0,0.317,0.0,0.0,0.0,0.0,0.0,0.0,0.0,-1.53,112.5,1013.0,20.3,9.0,0.0,0.0,0.0,,0.0,0,0,0,0,0,4.2,0.0,0.0,0.0,0.0,0.0,-5.54
2026-06-05T07:49:25.404+00:00,19928,66ec7050-ec57-40ab-8f47-c4287b6aac37,,2,ARMED_IDLE,0x0000,NONE,0,1,0,0,0,0,0.0,0.171,0.0,0.0,0.0,0.0,0.0,0.0,0.0,0.9,108.1,1013.0,20.3,9.0,0.0,0.0,0.0,,0.0,0,0,0,0,0,4.2,0.0,0.0,0.0,0.0,0.0,13.81
2026-06-05T07:49:25.579+00:00,20103,66ec7050-ec57-40ab-8f47-c4287b6aac37,,2,ARMED_IDLE,0x0000,NONE,0,1,0,0,0,0,0.0,0.024,0.0,0.0,0.0,0.0,0.0,0.0,0.0,-0.8,112.5,1013.0,20.3,9.0,0.0,0.0,0.0,,0.0,0,0,0,0,0,4.2,0.0,0.0,0.0,0.0,0.0,-9.71
2026-06-05T07:49:25.755+00:00,20278,66ec7050-ec57-40ab-8f47-c4287b6aac37,,2,ARMED_IDLE,0x0000,NONE,0,1,0,0,0,0,0.0,0.317,0.0,0.0,0.0,0.0,0.0,0.0,0.0,-0.56,110.17,1013.0,20.3,9.0,0.0,0.0,0.0,,0.0,0,0,0,0,0,4.2,0.0,0.0,0.0,0.0,0.0,1.37
2026-06-05T07:49:25.929+00:00,20452,66ec7050-ec57-40ab-8f47-c4287b6aac37,,2,ARMED_IDLE,0x0000,NONE,0,1,0,0,0,0,0.0,0.073,0.0,0.0,0.0,0.0,0.0,0.0,0.0,-2.02,112.5,1013.0,20.3,9.0,0.0,0.0,0.0,,0.0,0,0,0,0,0,4.2,0.0,0.0,0.0,0.0,0.0,-8.39
2026-06-05T07:49:26.105+00:00,20627,66ec7050-ec57-40ab-8f47-c4287b6aac37,,2,ARMED_IDLE,0x0000,NONE,0,1,0,1,0,0,0.0,0.415,0.0,0.0,0.0,0.0,0.0,0.0,0.0,-0.31,108.34,1013.0,20.3,9.0,0.0,0.0,0.0,,0.0,0,0,0,0,0,4.2,0.0,0.0,0.0,0.0,0.0,9.77
2026-06-05T07:49:26.363+00:00,20802,66ec7050-ec57-40ab-8f47-c4287b6aac37,,2,ARMED_IDLE,0x0000,NONE,0,1,0,1,0,0,0.0,0.073,0.0,0.0,0.0,0.0,0.0,0.0,0.0,-0.56,112.5,1013.0,20.3,9.0,0.0,0.0,0.0,,0.0,0,0,0,0,0,4.2,0.0,0.0,0.0,0.0,0.0,-1.43
2026-06-05T07:49:26.505+00:00,20977,66ec7050-ec57-40ab-8f47-c4287b6aac37,,2,ARMED_IDLE,0x0000,NONE,0,1,0,1,0,0,0.0,0.073,0.0,0.0,0.0,0.0,0.0,0.0,0.0,0.65,108.34,1013.0,20.3,9.0,0.0,0.0,0.0,,0.0,0,0,0,0,0,4.2,0.0,0.0,0.0,0.0,0.0,6.91
2026-06-05T07:49:26.628+00:00,21152,66ec7050-ec57-40ab-8f47-c4287b6aac37,,2,ARMED_IDLE,0x0000,NONE,0,1,0,1,0,0,0.0,0.0,0.0,0.0,0.0,0.0,0.0,0.0,0.0,0.41,112.5,1013.0,20.3,9.0,0.0,0.0,0.0,,0.0,0,0,0,0,0,4.2,0.0,0.0,0.0,0.0,0.0,-1.37
2026-06-05T07:49:26.810+00:00,21326,66ec7050-ec57-40ab-8f47-c4287b6aac37,,2,ARMED_IDLE,0x0000,NONE,0,1,0,1,0,0,0.0,1.246,0.0,0.0,0.0,0.0,0.0,0.0,0.0,1.14,112.5,1013.0,20.3,9.0,0.0,0.0,0.0,,0.0,0,0,0,0,0,4.2,0.0,0.0,0.0,0.0,0.0,4.2
2026-06-05T07:49:27.031+00:00,21501,66ec7050-ec57-40ab-8f47-c4287b6aac37,,2,ARMED_IDLE,0x0000,NONE,0,1,0,1,0,0,0.0,1.099,0.0,0.0,0.0,0.0,0.0,0.0,0.0,-0.31,112.5,1013.0,20.3,9.0,0.0,0.0,0.0,,0.0,0,0,0,0,0,4.2,0.0,0.0,0.0,0.0,0.0,-8.29
2026-06-05T07:49:27.153+00:00,21677,66ec7050-ec57-40ab-8f47-c4287b6aac37,,2,ARMED_IDLE,0x0000,NONE,0,1,0,1,0,0,0.0,0.953,0.0,0.0,0.0,0.0,0.0,0.0,0.0,0.9,112.01,1013.0,20.3,9.0,0.0,0.0,0.0,,0.0,0,0,0,0,0,4.2,0.0,0.0,0.0,0.0,0.0,6.88
2026-06-05T07:49:27.328+00:00,21852,66ec7050-ec57-40ab-8f47-c4287b6aac37,,2,ARMED_IDLE,0x0000,NONE,0,1,0,1,0,0,0.0,0.953,0.0,0.0,0.0,0.0,0.0,0.0,0.0,-1.53,112.5,1012.9,20.3,8.9,0.0,0.0,0.0,,0.0,0,0,0,0,0,4.2,0.0,0.0,0.0,0.0,0.0,-13.89
2026-06-05T07:49:27.538+00:00,22026,66ec7050-ec57-40ab-8f47-c4287b6aac37,,2,ARMED_IDLE,0x0000,NONE,0,1,0,1,0,0,0.0,1.148,0.0,0.0,0.0,0.0,0.0,0.0,0.0,1.39,112.5,1013.0,20.3,9.0,0.0,0.0,0.0,,0.0,0,0,0,0,0,4.2,0.0,0.0,0.0,0.0,0.0,16.78
2026-06-05T07:49:27.705+00:00,22202,66ec7050-ec57-40ab-8f47-c4287b6aac37,,2,ARMED_IDLE,0x0000,NONE,0,1,0,1,0,0,0.0,0.122,0.0,0.0,0.0,0.0,0.0,0.0,0.0,-0.8,112.5,1013.0,20.3,9.0,0.0,0.0,0.0,,0.0,0,0,0,0,0,4.2,0.0,0.0,0.0,0.0,0.0,-12.44
2026-06-05T07:49:27.853+00:00,22376,66ec7050-ec57-40ab-8f47-c4287b6aac37,,2,ARMED_IDLE,0x0000,NONE,0,1,0,1,0,0,0.0,0.0,0.0,0.0,0.0,0.0,0.0,0.0,0.0,0.65,107.36,1013.0,20.3,9.0,0.0,0.0,0.0,,0.0,0,0,0,0,0,4.2,0.0,0.0,0.0,0.0,0.0,8.33
2026-06-05T07:49:28.029+00:00,22551,66ec7050-ec57-40ab-8f47-c4287b6aac37,,2,ARMED_IDLE,0x0000,NONE,0,1,0,1,0,0,0.0,1.392,0.0,0.0,0.0,0.0,0.0,0.0,0.0,1.88,112.5,1013.0,20.3,9.0,0.0,0.0,0.0,,0.0,0,0,0,0,0,4.2,0.0,0.0,0.0,0.0,0.0,7.03
2026-06-05T07:49:28.233+00:00,22726,66ec7050-ec57-40ab-8f47-c4287b6aac37,,2,ARMED_IDLE,0x0000,NONE,0,1,0,1,0,0,0.0,1.148,0.0,0.0,0.0,0.0,0.0,0.0,0.0,-0.31,107.24,1013.0,20.3,9.0,0.0,0.0,0.0,,0.0,0,0,0,0,0,4.2,0.0,0.0,0.0,0.0,0.0,-12.51
2026-06-05T07:49:28.433+00:00,22901,66ec7050-ec57-40ab-8f47-c4287b6aac37,,2,ARMED_IDLE,0x0000,NONE,0,1,0,1,0,0,0.0,0.0,0.0,0.0,0.0,0.0,0.0,0.0,0.0,2.37,112.5,1013.0,20.3,9.0,0.0,0.0,0.0,,0.0,0,0,0,0,0,4.2,0.0,0.0,0.0,0.0,0.0,15.31
2026-06-05T07:49:28.553+00:00,23075,66ec7050-ec57-40ab-8f47-c4287b6aac37,,2,ARMED_IDLE,0x0000,NONE,0,1,0,1,0,0,0.0,0.0,0.0,0.0,0.0,0.0,0.0,0.0,0.0,1.63,106.63,1013.0,20.3,9.0,0.0,0.0,0.0,,0.0,0,0,0,0,0,4.2,0.0,0.0,0.0,0.0,0.0,-4.25
2026-06-05T07:49:28.729+00:00,23250,66ec7050-ec57-40ab-8f47-c4287b6aac37,,2,ARMED_IDLE,0x0000,NONE,0,1,0,1,0,0,0.0,1.148,0.0,0.0,0.0,0.0,0.0,0.0,0.0,0.0,112.37,1013.0,20.3,9.0,0.0,0.0,0.0,,0.0,0,0,0,0,0,4.2,0.0,0.0,0.0,0.0,0.0,-9.31
2026-06-05T07:49:28.968+00:00,23426,66ec7050-ec57-40ab-8f47-c4287b6aac37,,2,ARMED_IDLE,0x0000,NONE,0,1,0,1,0,0,0.0,1.001,0.0,0.0,0.0,0.0,0.0,0.0,0.0,1.39,112.37,1013.0,20.3,9.0,0.0,0.0,0.0,,0.0,0,0,0,0,0,4.2,0.0,0.0,0.0,0.0,0.0,7.9
2026-06-05T07:49:29.113+00:00,23601,66ec7050-ec57-40ab-8f47-c4287b6aac37,,2,ARMED_IDLE,0x0000,NONE,0,1,0,1,0,0,0.0,0.562,0.0,0.0,0.0,0.0,0.0,0.0,0.0,0.65,112.5,1013.0,20.3,9.0,0.0,0.0,0.0,,0.0,0,0,0,0,0,4.2,0.0,0.0,0.0,0.0,0.0,-4.23
2026-06-05T07:49:29.254+00:00,23775,66ec7050-ec57-40ab-8f47-c4287b6aac37,,2,ARMED_IDLE,0x0000,NONE,0,1,0,1,0,0,0.0,1.001,0.0,0.0,0.0,0.0,0.0,0.0,0.0,0.41,105.53,1013.0,20.3,9.0,0.0,0.0,0.0,,0.0,0,0,0,0,0,4.2,0.0,0.0,0.0,0.0,0.0,-1.38
2026-06-05T07:49:29.429+00:00,23950,66ec7050-ec57-40ab-8f47-c4287b6aac37,,2,ARMED_IDLE,0x0000,NONE,0,1,0,1,0,0,0.0,0.0,0.0,0.0,0.0,0.0,0.0,0.0,0.0,1.63,112.13,1013.0,20.3,9.0,0.0,0.0,0.0,,0.0,0,0,0,0,0,4.2,0.0,0.0,0.0,0.0,0.0,6.97
2026-06-05T07:49:29.635+00:00,24125,66ec7050-ec57-40ab-8f47-c4287b6aac37,,2,ARMED_IDLE,0x0000,NONE,0,1,0,1,0,0,0.04,0.708,0.03,0.0,0.0,0.0,0.0,0.0,0.0,0.41,106.75,1013.0,20.3,9.0,0.0,0.0,0.0,,0.0,0,0,0,0,0,4.2,0.0,0.0,0.0,0.0,0.0,-6.97
2026-06-05T07:49:29.799+00:00,24300,66ec7050-ec57-40ab-8f47-c4287b6aac37,,2,ARMED_IDLE,0x0000,NONE,0,1,0,1,0,0,0.0,1.344,0.0,0.0,0.0,0.0,0.0,0.0,0.0,-0.31,112.5,1013.0,20.3,9.0,0.0,0.0,0.0,,0.0,0,0,0,0,0,4.2,0.0,0.0,0.0,0.0,0.0,-4.11
2026-06-05T07:49:29.954+00:00,24475,66ec7050-ec57-40ab-8f47-c4287b6aac37,,2,ARMED_IDLE,0x0000,NONE,0,1,0,1,0,0,0.0,1.05,0.0,0.0,0.0,0.0,0.0,0.0,0.0,0.9,112.37,1013.0,20.3,9.0,0.0,0.0,0.0,,0.0,0,0,0,0,0,4.2,0.0,0.0,0.0,0.0,0.0,6.91
2026-06-05T07:49:30.130+00:00,24650,66ec7050-ec57-40ab-8f47-c4287b6aac37,,2,ARMED_IDLE,0x0000,NONE,0,1,0,1,0,0,0.0,0.757,0.0,0.0,0.0,0.0,0.0,0.0,0.0,0.41,112.5,1013.0,20.3,9.0,0.0,0.0,0.0,,0.0,0,0,0,0,0,4.2,0.0,0.0,0.0,0.0,0.0,-2.8
2026-06-05T07:49:30.377+00:00,24824,66ec7050-ec57-40ab-8f47-c4287b6aac37,,2,ARMED_IDLE,0x0000,NONE,0,1,0,1,0,0,0.0,0.0,0.0,0.0,0.0,0.0,0.0,0.0,0.0,2.12,106.51,1013.0,20.3,9.0,0.0,0.0,0.0,,0.0,0,0,0,0,0,4.2,0.0,0.0,0.0,0.0,0.0,9.83
2026-06-05T07:49:30.543+00:00,24999,66ec7050-ec57-40ab-8f47-c4287b6aac37,,2,ARMED_IDLE,0x0000,NONE,0,1,0,1,0,0,0.0,0.024,0.0,0.0,0.0,0.0,0.0,0.0,0.0,2.61,112.37,1013.0,20.3,9.0,0.0,0.0,0.0,,0.0,0,0,0,0,0,4.2,0.0,0.0,0.0,0.0,0.0,2.8
2026-06-05T07:49:30.654+00:00,25175,66ec7050-ec57-40ab-8f47-c4287b6aac37,,2,ARMED_IDLE,0x0000,NONE,0,1,0,1,0,0,0.0,0.806,0.0,0.0,0.0,0.0,0.0,0.0,0.0,0.0,112.5,1013.0,20.3,9.0,0.0,0.0,0.0,,0.0,0,0,0,0,0,4.2,0.0,0.0,0.0,0.0,0.0,-14.83
2026-06-05T07:49:30.830+00:00,25349,66ec7050-ec57-40ab-8f47-c4287b6aac37,,2,ARMED_IDLE,0x0000,NONE,0,1,0,1,0,0,0.0,0.0,0.0,0.0,0.0,0.0,0.0,0.0,0.0,0.0,112.5,1013.0,20.3,9.0,0.0,0.0,0.0,,0.0,0,0,0,0,0,4.2,0.0,0.0,0.0,0.0,0.0,0.0
2026-06-05T07:49:31.018+00:00,25524,66ec7050-ec57-40ab-8f47-c4287b6aac37,,2,ARMED_IDLE,0x0000,NONE,0,1,0,1,0,0,0.0,1.099,0.0,0.0,0.0,0.0,0.0,0.0,0.0,-0.31,112.5,1012.9,20.3,9.0,0.0,0.0,0.0,,0.0,0,0,0,0,0,4.2,0.0,0.0,0.0,0.0,0.0,-1.77
2026-06-05T07:49:31.255+00:00,25699,66ec7050-ec57-40ab-8f47-c4287b6aac37,,2,ARMED_IDLE,0x0000,NONE,0,1,0,1,0,0,0.0,0.122,0.0,0.0,0.0,0.0,0.0,0.0,0.0,-0.56,112.5,1013.0,20.3,9.0,0.0,0.0,0.0,,0.0,0,0,0,0,0,4.2,0.0,0.0,0.0,0.0,0.0,-1.43
2026-06-05T07:49:31.355+00:00,25874,66ec7050-ec57-40ab-8f47-c4287b6aac37,,2,ARMED_IDLE,0x0000,NONE,0,1,0,1,0,0,0.0,1.197,0.0,0.0,0.0,0.0,0.0,0.0,0.0,-1.53,112.5,1013.0,20.3,9.0,0.0,0.0,0.0,,0.0,0,0,0,0,0,4.2,0.0,0.0,0.0,0.0,0.0,-5.54
2026-06-05T07:49:31.530+00:00,26049,66ec7050-ec57-40ab-8f47-c4287b6aac37,,2,ARMED_IDLE,0x0000,NONE,0,1,0,1,0,0,0.0,0.0,0.0,0.0,0.0,0.0,0.0,0.0,0.0,0.9,112.13,1013.0,20.3,9.0,0.0,0.0,0.0,,0.0,0,0,0,0,0,4.2,0.0,0.0,0.0,0.0,0.0,13.89
2026-06-05T07:49:31.822+00:00,26223,66ec7050-ec57-40ab-8f47-c4287b6aac37,,2,ARMED_IDLE,0x0000,NONE,0,1,0,1,0,0,0.0,0.219,0.0,0.0,0.0,0.0,0.0,0.0,0.0,-1.05,109.32,1013.0,20.3,9.0,0.0,0.0,0.0,,0.0,0,0,0,0,0,4.2,0.0,0.0,0.0,0.0,0.0,-11.21
2026-06-05T07:49:31.935+00:00,26398,66ec7050-ec57-40ab-8f47-c4287b6aac37,,2,ARMED_IDLE,0x0000,NONE,0,1,0,1,0,0,0.0,0.219,0.0,0.0,0.0,0.0,0.0,0.0,0.0,0.41,112.5,1013.0,20.3,9.0,0.0,0.0,0.0,,0.0,0,0,0,0,0,4.2,0.0,0.0,0.0,0.0,0.0,8.34
2026-06-05T07:49:32.055+00:00,26573,66ec7050-ec57-40ab-8f47-c4287b6aac37,,2,ARMED_IDLE,0x0000,NONE,0,1,0,1,0,0,0.0,0.708,0.0,0.0,0.0,0.0,0.0,0.0,0.0,-0.56,111.88,1013.0,20.3,9.0,0.0,0.0,0.0,,0.0,0,0,0,0,0,4.2,0.0,0.0,0.0,0.0,0.0,-5.54
2026-06-05T07:49:32.231+00:00,26748,66ec7050-ec57-40ab-8f47-c4287b6aac37,,2,ARMED_IDLE,0x0000,NONE,0,1,0,1,0,0,0.0,0.513,0.0,0.0,0.0,0.0,0.0,0.0,0.0,-1.29,112.5,1013.0,20.3,9.0,0.0,0.0,0.0,,0.0,0,0,0,0,0,4.2,0.0,0.0,0.0,0.0,0.0,-4.17
2026-06-05T07:49:32.406+00:00,26924,66ec7050-ec57-40ab-8f47-c4287b6aac37,,2,ARMED_IDLE,0x0000,NONE,0,1,0,1,0,0,0.0,0.122,0.0,0.0,0.0,0.0,0.0,0.0,0.0,-0.31,110.17,1012.9,20.3,9.0,0.0,0.0,0.0,,0.0,0,0,0,0,0,4.2,0.0,0.0,0.0,0.0,0.0,5.57
2026-06-05T07:49:32.634+00:00,27098,66ec7050-ec57-40ab-8f47-c4287b6aac37,,2,ARMED_IDLE,0x0000,NONE,0,1,0,1,0,0,0.0,0.61,0.0,0.0,0.0,0.0,0.0,0.0,0.0,-1.78,112.5,1013.0,20.3,9.0,0.0,0.0,0.0,,0.0,0,0,0,0,0,4.2,0.0,0.0,0.0,0.0,0.0,-8.45
2026-06-05T07:49:32.755+00:00,27273,66ec7050-ec57-40ab-8f47-c4287b6aac37,,2,ARMED_IDLE,0x0000,NONE,0,1,0,1,0,0,0.0,0.562,0.0,0.0,0.0,0.0,0.0,0.0,0.0,0.0,111.64,1013.0,20.3,9.0,0.0,0.0,0.0,,0.0,0,0,0,0,0,4.2,0.0,0.0,0.0,0.0,0.0,10.17
2026-06-05T07:49:32.931+00:00,27448,66ec7050-ec57-40ab-8f47-c4287b6aac37,,2,ARMED_IDLE,0x0000,NONE,0,1,0,1,0,0,0.0,0.073,0.0,0.0,0.0,0.0,0.0,0.0,0.0,-0.56,112.5,1013.0,20.3,9.0,0.0,0.0,0.0,,0.0,0,0,0,0,0,4.2,0.0,0.0,0.0,0.0,0.0,-3.2
2026-06-05T07:49:33.104+00:00,27623,66ec7050-ec57-40ab-8f47-c4287b6aac37,,2,ARMED_IDLE,0x0000,NONE,0,1,0,1,0,0,0.0,0.268,0.0,0.0,0.0,0.0,0.0,0.0,0.0,-1.78,110.91,1013.0,20.3,9.0,0.0,0.0,0.0,,0.0,0,0,0,0,0,4.2,0.0,0.0,0.0,0.0,0.0,-6.97
2026-06-05T07:49:33.334+00:00,27798,66ec7050-ec57-40ab-8f47-c4287b6aac37,,2,ARMED_IDLE,0x0000,NONE,0,1,0,1,0,0,0.0,0.219,0.0,0.0,0.0,0.0,0.0,0.0,0.0,0.41,112.5,1013.0,20.3,9.0,0.0,0.0,0.0,,0.0,0,0,0,0,0,4.2,0.0,0.0,0.0,0.0,0.0,12.51
2026-06-05T07:49:33.456+00:00,27972,66ec7050-ec57-40ab-8f47-c4287b6aac37,,2,ARMED_IDLE,0x0000,NONE,0,1,0,1,0,0,0.0,0.024,0.0,0.0,0.0,0.0,0.0,0.0,0.0,2.12,109.81,1013.0,20.3,9.0,0.0,0.0,0.0,,0.0,0,0,0,0,0,4.2,0.0,0.0,0.0,0.0,0.0,9.83
2026-06-05T07:49:33.632+00:00,28147,66ec7050-ec57-40ab-8f47-c4287b6aac37,,2,ARMED_IDLE,0x0000,NONE,0,1,0,1,0,0,0.0,1.099,0.0,0.0,0.0,0.0,0.0,0.0,0.0,-0.8,112.5,1013.0,20.3,9.0,0.0,0.0,0.0,,0.0,0,0,0,0,0,4.2,0.0,0.0,0.0,0.0,0.0,-16.69
2026-06-05T07:49:33.804+00:00,28322,66ec7050-ec57-40ab-8f47-c4287b6aac37,,2,ARMED_IDLE,0x0000,NONE,0,1,0,1,0,0,0.0,0.757,0.0,0.0,0.0,0.0,0.0,0.0,0.0,0.65,112.5,1013.0,20.3,9.0,0.0,0.0,0.0,,0.0,0,0,0,0,0,4.2,0.0,0.0,0.0,0.0,0.0,8.29
2026-06-05T07:49:34.034+00:00,28497,66ec7050-ec57-40ab-8f47-c4287b6aac37,,2,ARMED_IDLE,0x0000,NONE,0,1,0,1,0,0,0.0,1.05,0.0,0.0,0.0,0.0,0.0,0.0,0.0,0.9,112.5,1013.0,20.3,9.0,0.0,0.0,0.0,,0.0,0,0,0,0,0,4.2,0.0,0.0,0.0,0.0,0.0,1.43
2026-06-05T07:49:34.156+00:00,28673,66ec7050-ec57-40ab-8f47-c4287b6aac37,,2,ARMED_IDLE,0x0000,NONE,0,1,0,1,0,0,0.0,1.344,0.0,0.0,0.0,0.0,0.0,0.0,0.0,-1.05,112.5,1013.0,20.3,9.0,0.0,0.0,0.0,,0.0,0,0,0,0,0,4.2,0.0,0.0,0.0,0.0,0.0,-11.08
2026-06-05T07:49:34.332+00:00,28848,66ec7050-ec57-40ab-8f47-c4287b6aac37,,2,ARMED_IDLE,0x0000,NONE,0,1,0,1,0,0,0.0,0.073,0.0,0.0,0.0,0.0,0.0,0.0,0.0,-0.56,109.81,1013.0,20.3,9.0,0.0,0.0,0.0,,0.0,0,0,0,0,0,4.2,0.0,0.0,0.0,0.0,0.0,2.8
2026-06-05T07:49:34.505+00:00,29022,66ec7050-ec57-40ab-8f47-c4287b6aac37,,2,ARMED_IDLE,0x0000,NONE,0,1,0,1,0,0,0.0,0.708,0.0,0.0,0.0,0.0,0.0,0.0,0.0,1.88,112.5,1013.0,20.3,9.0,0.0,0.0,0.0,,0.0,0,0,0,0,0,4.2,0.0,0.0,0.0,0.0,0.0,14.02
2026-06-05T07:49:34.738+00:00,29198,66ec7050-ec57-40ab-8f47-c4287b6aac37,,2,ARMED_IDLE,0x0000,NONE,0,1,0,1,0,0,0.0,0.415,0.0,0.0,0.0,0.0,0.0,0.0,0.0,1.63,109.32,1013.0,20.3,9.0,0.0,0.0,0.0,,0.0,0,0,0,0,0,4.2,0.0,0.0,0.0,0.0,0.0,-1.42
2026-06-05T07:49:34.857+00:00,29372,66ec7050-ec57-40ab-8f47-c4287b6aac37,,2,ARMED_IDLE,0x0000,NONE,0,1,0,1,0,0,0.0,0.415,0.0,0.0,0.0,0.0,0.0,0.0,0.0,1.39,112.5,1013.0,20.3,9.0,0.0,0.0,0.0,,0.0,0,0,0,0,0,4.2,0.0,0.0,0.0,0.0,0.0,-1.38
2026-06-05T07:49:35.032+00:00,29547,66ec7050-ec57-40ab-8f47-c4287b6aac37,,2,ARMED_IDLE,0x0000,NONE,0,1,0,1,0,0,0.0,0.806,0.0,0.0,0.0,0.0,0.0,0.0,0.0,-0.56,112.5,1013.0,20.3,9.0,0.0,0.0,0.0,,0.0,0,0,0,0,0,4.2,0.0,0.0,0.0,0.0,0.0,-11.14
2026-06-05T07:49:35.205+00:00,29722,66ec7050-ec57-40ab-8f47-c4287b6aac37,,2,ARMED_IDLE,0x0000,NONE,0,1,0,1,0,0,0.0,1.148,0.0,0.0,0.0,0.0,0.0,0.0,0.0,-1.78,110.05,1013.0,20.3,9.0,0.0,0.0,0.0,,0.0,0,0,0,0,0,4.2,0.0,0.0,0.0,0.0,0.0,-6.97
2026-06-05T07:49:35.440+00:00,29897,66ec7050-ec57-40ab-8f47-c4287b6aac37,,2,ARMED_IDLE,0x0000,NONE,0,1,0,1,0,0,0.0,0.0,0.0,0.0,0.0,0.0,0.0,0.0,0.0,1.39,107.85,1013.0,20.3,9.0,0.0,0.0,0.0,,0.0,0,0,0,0,0,4.2,0.0,0.0,0.0,0.0,0.0,18.11
2026-06-05T07:49:35.557+00:00,30072,66ec7050-ec57-40ab-8f47-c4287b6aac37,,2,ARMED_IDLE,0x0000,NONE,0,1,0,1,0,0,0.0,0.513,0.0,0.0,0.0,0.0,0.0,0.0,0.0,0.41,112.5,1013.0,20.3,9.0,0.0,0.0,0.0,,0.0,0,0,0,0,0,4.2,0.0,0.0,0.0,0.0,0.0,-5.6
2026-06-05T07:49:35.732+00:00,30246,66ec7050-ec57-40ab-8f47-c4287b6aac37,,2,ARMED_IDLE,0x0000,NONE,0,1,0,1,0,0,0.0,0.904,0.0,0.0,0.0,0.0,0.0,0.0,0.0,1.39,112.5,1012.9,20.3,9.0,0.0,0.0,0.0,,0.0,0,0,0,0,0,4.2,0.0,0.0,0.0,0.0,0.0,5.63
2026-06-05T07:49:35.905+00:00,30422,66ec7050-ec57-40ab-8f47-c4287b6aac37,,2,ARMED_IDLE,0x0000,NONE,0,1,0,1,0,0,0.0,1.001,0.0,0.0,0.0,0.0,0.0,0.0,0.0,-1.78,112.5,1013.0,20.3,9.0,0.0,0.0,0.0,,0.0,0,0,0,0,0,4.2,0.0,0.0,0.0,0.0,0.0,-18.01
2026-06-05T07:49:36.142+00:00,30597,66ec7050-ec57-40ab-8f47-c4287b6aac37,,2,ARMED_IDLE,0x0000,NONE,0,1,0,1,0,0,0.0,0.0,0.0,0.0,0.0,0.0,0.0,0.0,0.0,0.41,107.12,1013.0,20.3,9.0,0.0,0.0,0.0,,0.0,0,0,0,0,0,4.2,0.0,0.0,0.0,0.0,0.0,12.51
2026-06-05T07:49:36.257+00:00,30772,66ec7050-ec57-40ab-8f47-c4287b6aac37,,2,ARMED_IDLE,0x0000,NONE,0,1,0,1,0,0,0.0,0.171,0.0,0.0,0.0,0.0,0.0,0.0,0.0,0.41,111.4,1013.0,20.3,9.0,0.0,0.0,0.0,,0.0,0,0,0,0,0,4.2,0.0,0.0,0.0,0.0,0.0,0.0
2026-06-05T07:49:36.433+00:00,30946,66ec7050-ec57-40ab-8f47-c4287b6aac37,,2,ARMED_IDLE,0x0000,NONE,0,1,0,1,0,0,0.0,0.024,0.0,0.0,0.0,0.0,0.0,0.0,0.0,0.41,108.46,1013.0,20.3,9.0,0.0,0.0,0.0,,0.0,0,0,0,0,0,4.2,0.0,0.0,0.0,0.0,0.0,0.0
2026-06-05T07:49:36.606+00:00,31121,66ec7050-ec57-40ab-8f47-c4287b6aac37,,2,ARMED_IDLE,0x0000,NONE,0,1,0,1,0,0,0.0,0.806,0.0,0.0,0.0,0.0,0.0,0.0,0.0,1.39,112.5,1013.0,20.3,9.0,0.0,0.0,0.0,,0.0,0,0,0,0,0,4.2,0.0,0.0,0.0,0.0,0.0,5.6
2026-06-05T07:49:36.868+00:00,31296,66ec7050-ec57-40ab-8f47-c4287b6aac37,,2,ARMED_IDLE,0x0000,NONE,0,1,0,1,0,0,0.0,0.562,0.0,0.0,0.0,0.0,0.0,0.0,0.0,0.9,110.78,1013.0,20.3,9.0,0.0,0.0,0.0,,0.0,0,0,0,0,0,4.2,0.0,0.0,0.0,0.0,0.0,-2.8
2026-06-05T07:49:36.980+00:00,31471,66ec7050-ec57-40ab-8f47-c4287b6aac37,,2,ARMED_IDLE,0x0000,NONE,0,1,0,1,0,0,0.0,0.513,0.0,0.0,0.0,0.0,0.0,0.0,0.0,-0.31,112.5,1013.0,20.3,9.0,0.0,0.0,0.0,,0.0,0,0,0,0,0,4.2,0.0,0.0,0.0,0.0,0.0,-6.91
2026-06-05T07:49:37.133+00:00,31646,66ec7050-ec57-40ab-8f47-c4287b6aac37,,2,ARMED_IDLE,0x0000,NONE,0,1,0,1,0,0,0.0,0.659,0.0,0.0,0.0,0.0,0.0,0.0,0.0,-2.02,111.15,1013.0,20.3,9.0,0.0,0.0,0.0,,0.0,0,0,0,0,0,4.2,0.0,0.0,0.0,0.0,0.0,-9.77
2026-06-05T07:49:37.306+00:00,31821,66ec7050-ec57-40ab-8f47-c4287b6aac37,,2,ARMED_IDLE,0x0000,NONE,0,1,0,1,0,0,0.0,1.001,0.0,0.0,0.0,0.0,0.0,0.0,0.0,-1.05,112.5,1013.0,20.3,9.0,0.0,0.0,0.0,,0.0,0,0,0,0,0,4.2,0.0,0.0,0.0,0.0,0.0,5.54
2026-06-05T07:49:37.503+00:00,31996,66ec7050-ec57-40ab-8f47-c4287b6aac37,,2,ARMED_IDLE,0x0000,NONE,0,1,0,1,0,0,0.0,0.757,0.0,0.0,0.0,0.0,0.0,0.0,0.0,0.9,106.75,1013.0,20.3,9.0,0.0,0.0,0.0,,0.0,0,0,0,0,0,4.2,0.0,0.0,0.0,0.0,0.0,11.14
2026-06-05T07:49:37.693+00:00,32171,66ec7050-ec57-40ab-8f47-c4287b6aac37,,2,ARMED_IDLE,0x0000,NONE,0,1,0,1,0,0,0.0,0.0,0.0,0.0,0.0,0.0,0.0,0.0,0.0,0.65,112.5,1013.0,20.3,9.0,0.0,0.0,0.0,,0.0,0,0,0,0,0,4.2,0.0,0.0,0.0,0.0,0.0,-1.43
2026-06-05T07:49:37.833+00:00,32346,66ec7050-ec57-40ab-8f47-c4287b6aac37,,2,ARMED_IDLE,0x0000,NONE,0,1,0,1,0,0,0.0,0.0,0.0,0.0,0.0,0.0,0.0,0.0,0.0,-1.05,106.63,1012.9,20.3,9.0,0.0,0.0,0.0,,0.0,0,0,0,0,0,4.2,0.0,0.0,0.0,0.0,0.0,-9.71
2026-06-05T07:49:38.006+00:00,32521,66ec7050-ec57-40ab-8f47-c4287b6aac37,,2,ARMED_IDLE,0x0000,NONE,0,1,0,1,0,0,0.0,0.562,0.0,0.0,0.0,0.0,0.0,0.0,0.0,0.41,112.5,1013.0,20.3,9.0,0.0,0.0,0.0,,0.0,0,0,0,0,0,4.2,0.0,0.0,0.0,0.0,0.0,8.34
2026-06-05T07:49:38.215+00:00,32695,66ec7050-ec57-40ab-8f47-c4287b6aac37,,2,ARMED_IDLE,0x0000,NONE,0,1,0,1,0,0,0.0,0.024,0.0,0.0,0.0,0.0,0.0,0.0,0.0,-0.31,107.85,1013.0,20.3,9.0,0.0,0.0,0.0,,0.0,0,0,0,0,0,4.2,0.0,0.0,0.0,0.0,0.0,-4.14
2026-06-05T07:49:38.408+00:00,32870,66ec7050-ec57-40ab-8f47-c4287b6aac37,,2,ARMED_IDLE,0x0000,NONE,0,1,0,1,0,0,0.0,0.0,0.0,0.0,0.0,0.0,0.0,0.0,0.0,-1.53,112.5,1013.0,20.3,9.0,0.0,0.0,0.0,,0.0,0,0,0,0,0,4.2,0.0,0.0,0.0,0.0,0.0,-6.97
2026-06-05T07:49:38.531+00:00,33045,66ec7050-ec57-40ab-8f47-c4287b6aac37,,2,ARMED_IDLE,0x0000,NONE,0,1,0,1,0,0,0.0,0.513,0.0,0.0,0.0,0.0,0.0,0.0,0.0,0.41,109.56,1013.0,20.3,9.0,0.0,0.0,0.0,,0.0,0,0,0,0,0,4.2,0.0,0.0,0.0,0.0,0.0,11.09
2026-06-05T07:49:38.706+00:00,33220,66ec7050-ec57-40ab-8f47-c4287b6aac37,,2,ARMED_IDLE,0x0000,NONE,0,1,0,1,0,0,0.0,0.904,0.0,0.0,0.0,0.0,0.0,0.0,0.0,-0.56,112.5,1013.0,20.3,9.0,0.0,0.0,0.0,,0.0,0,0,0,0,0,4.2,0.0,0.0,0.0,0.0,0.0,-5.54
2026-06-05T07:49:38.931+00:00,33395,66ec7050-ec57-40ab-8f47-c4287b6aac37,,2,ARMED_IDLE,0x0000,NONE,0,1,0,1,0,0,0.0,0.513,0.0,0.0,0.0,0.0,0.0,0.0,0.0,1.14,111.03,1013.0,20.3,9.0,0.0,0.0,0.0,,0.0,0,0,0,0,0,4.2,0.0,0.0,0.0,0.0,0.0,9.71
2026-06-05T07:49:39.126+00:00,33569,66ec7050-ec57-40ab-8f47-c4287b6aac37,,2,ARMED_IDLE,0x0000,NONE,0,1,0,1,0,0,0.0,0.806,0.0,0.0,0.0,0.0,0.0,0.0,0.0,-0.31,112.5,1013.0,20.3,9.0,0.0,0.0,0.0,,0.0,0,0,0,0,0,4.2,0.0,0.0,0.0,0.0,0.0,-8.33
2026-06-05T07:49:39.231+00:00,33744,66ec7050-ec57-40ab-8f47-c4287b6aac37,,2,ARMED_IDLE,0x0000,NONE,0,1,0,1,0,0,0.0,1.197,0.0,0.0,0.0,0.0,0.0,0.0,0.0,-0.8,112.37,1013.0,20.3,9.0,0.0,0.0,0.0,,0.0,0,0,0,0,0,4.2,0.0,0.0,0.0,0.0,0.0,-2.8
2026-06-05T07:49:39.407+00:00,33920,66ec7050-ec57-40ab-8f47-c4287b6aac37,,2,ARMED_IDLE,0x0000,NONE,0,1,0,1,0,0,0.0,0.0,0.0,0.0,0.0,0.0,0.0,0.0,0.0,2.12,112.5,1012.9,20.3,9.0,0.0,0.0,0.0,,0.0,0,0,0,0,0,4.2,0.0,0.0,0.0,0.0,0.0,16.59
2026-06-05T07:49:39.644+00:00,34095,66ec7050-ec57-40ab-8f47-c4287b6aac37,,2,ARMED_IDLE,0x0000,NONE,0,1,0,1,0,0,0.0,0.0,0.0,0.0,0.0,0.0,0.0,0.0,0.0,0.0,106.75,1013.0,20.3,9.0,0.0,0.0,0.0,,0.0,0,0,0,0,0,4.2,0.0,0.0,0.0,0.0,0.0,-12.11
2026-06-05T07:49:39.828+00:00,34269,66ec7050-ec57-40ab-8f47-c4287b6aac37,,2,ARMED_IDLE,0x0000,NONE,0,1,0,1,0,0,0.0,0.513,0.0,0.0,0.0,0.0,0.0,0.0,0.0,-1.78,112.5,1013.0,20.3,9.0,0.0,0.0,0.0,,0.0,0,0,0,0,0,4.2,0.0,0.0,0.0,0.0,0.0,-10.23
2026-06-05T07:49:39.931+00:00,34444,66ec7050-ec57-40ab-8f47-c4287b6aac37,,2,ARMED_IDLE,0x0000,NONE,0,1,0,1,0,0,0.0,0.61,0.0,0.0,0.0,0.0,0.0,0.0,0.0,0.41,105.77,1013.0,20.3,9.0,0.0,0.0,0.0,,0.0,0,0,0,0,0,4.2,0.0,0.0,0.0,0.0,0.0,12.51
2026-06-05T07:49:40.107+00:00,34619,66ec7050-ec57-40ab-8f47-c4287b6aac37,,2,ARMED_IDLE,0x0000,NONE,0,1,0,1,0,0,0.0,0.0,0.0,0.0,0.0,0.0,0.0,0.0,0.0,0.41,112.5,1013.0,20.3,9.0,0.0,0.0,0.0,,0.0,0,0,0,0,0,4.2,0.0,0.0,0.0,0.0,0.0,0.0
2026-06-05T07:49:40.352+00:00,34793,66ec7050-ec57-40ab-8f47-c4287b6aac37,,2,ARMED_IDLE,0x0000,NONE,0,1,0,1,0,0,0.0,0.757,0.0,0.0,0.0,0.0,0.0,0.0,0.0,-0.8,111.76,1013.0,20.3,9.0,0.0,0.0,0.0,,0.0,0,0,0,0,0,4.2,0.0,0.0,0.0,0.0,0.0,-6.95
2026-06-05T07:49:40.470+00:00,34968,66ec7050-ec57-40ab-8f47-c4287b6aac37,,2,ARMED_IDLE,0x0000,NONE,0,1,0,1,0,0,0.0,0.268,0.0,0.0,0.0,0.0,0.0,0.0,0.0,0.41,112.5,1013.0,20.3,9.0,0.0,0.0,0.0,,0.0,0,0,0,0,0,4.2,0.0,0.0,0.0,0.0,0.0,6.91
2026-06-05T07:49:40.632+00:00,35143,66ec7050-ec57-40ab-8f47-c4287b6aac37,,2,ARMED_IDLE,0x0000,NONE,0,1,0,1,0,0,0.0,0.415,0.0,0.0,0.0,0.0,0.0,0.0,0.0,0.9,109.56,1013.0,20.3,9.0,0.0,0.0,0.0,,0.0,0,0,0,0,0,4.2,0.0,0.0,0.0,0.0,0.0,2.8
2026-06-05T07:49:40.807+00:00,35318,66ec7050-ec57-40ab-8f47-c4287b6aac37,,2,ARMED_IDLE,0x0000,NONE,0,1,0,1,0,0,0.0,0.0,0.0,0.0,0.0,0.0,0.0,0.0,0.0,0.0,112.5,1013.0,20.3,9.0,0.0,0.0,0.0,,0.0,0,0,0,0,0,4.2,0.0,0.0,0.0,0.0,0.0,-5.14
2026-06-05T07:49:40.983+00:00,35492,66ec7050-ec57-40ab-8f47-c4287b6aac37,,2,ARMED_IDLE,0x0000,NONE,0,1,0,1,0,0,0.0,1.148,0.0,0.0,0.0,0.0,0.0,0.0,0.0,2.12,106.51,1013.0,20.3,9.0,0.0,0.0,0.0,,0.0,0,0,0,0,0,4.2,0.0,0.0,0.0,0.0,0.0,12.18
2026-06-05T07:49:41.175+00:00,35667,66ec7050-ec57-40ab-8f47-c4287b6aac37,,2,ARMED_IDLE,0x0000,NONE,0,1,0,1,0,0,0.0,0.0,0.0,0.0,0.0,0.0,0.0,0.0,0.0,0.9,112.01,1013.0,20.3,9.0,0.0,0.0,0.0,,0.0,0,0,0,0,0,4.2,0.0,0.0,0.0,0.0,0.0,-6.97
2026-06-05T07:49:41.332+00:00,35843,66ec7050-ec57-40ab-8f47-c4287b6aac37,,2,ARMED_IDLE,0x0000,NONE,0,1,0,1,0,0,0.0,0.024,0.0,0.0,0.0,0.0,0.0,0.0,0.0,1.88,107.61,1012.9,20.3,9.0,0.0,0.0,0.0,,0.0,0,0,0,0,0,4.2,0.0,0.0,0.0,0.0,0.0,5.57
2026-06-05T07:49:41.508+00:00,36017,66ec7050-ec57-40ab-8f47-c4287b6aac37,,2,ARMED_IDLE,0x0000,NONE,0,1,0,1,0,0,0.0,0.415,0.0,0.0,0.0,0.0,0.0,0.0,0.0,-1.78,112.5,1013.0,20.3,9.0,0.0,0.0,0.0,,0.0,0,0,0,0,0,4.2,0.0,0.0,0.0,0.0,0.0,-21.03
2026-06-05T07:49:41.685+00:00,36192,66ec7050-ec57-40ab-8f47-c4287b6aac37,,2,ARMED_IDLE,0x0000,NONE,0,1,0,1,0,0,0.0,1.148,0.0,0.0,0.0,0.0,0.0,0.0,0.0,0.0,112.5,1013.0,20.3,9.0,0.0,0.0,0.0,,0.0,0,0,0,0,0,4.2,0.0,0.0,0.0,0.0,0.0,10.17
2026-06-05T07:49:41.888+00:00,36367,66ec7050-ec57-40ab-8f47-c4287b6aac37,,2,ARMED_IDLE,0x0000,NONE,0,1,0,1,0,0,0.0,0.268,0.0,0.0,0.0,0.0,0.0,0.0,0.0,0.41,112.5,1013.0,20.3,9.0,0.0,0.0,0.0,,0.0,0,0,0,0,0,4.2,0.0,0.0,0.0,0.0,0.0,2.34
2026-06-05T07:49:42.033+00:00,36542,66ec7050-ec57-40ab-8f47-c4287b6aac37,,2,ARMED_IDLE,0x0000,NONE,0,1,0,1,0,0,0.0,0.268,0.0,0.0,0.0,0.0,0.0,0.0,0.0,-1.05,108.46,1013.0,20.3,9.0,0.0,0.0,0.0,,0.0,0,0,0,0,0,4.2,0.0,0.0,0.0,0.0,0.0,-8.34
2026-06-05T07:49:42.208+00:00,36717,66ec7050-ec57-40ab-8f47-c4287b6aac37,,2,ARMED_IDLE,0x0000,NONE,0,1,0,1,0,0,0.0,0.513,0.0,0.0,0.0,0.0,0.0,0.0,0.0,-0.56,112.5,1013.0,20.3,9.0,0.0,0.0,0.0,,0.0,0,0,0,0,0,4.2,0.0,0.0,0.0,0.0,0.0,2.8
2026-06-05T07:49:42.381+00:00,36892,66ec7050-ec57-40ab-8f47-c4287b6aac37,,2,ARMED_IDLE,0x0000,NONE,0,1,0,1,0,0,0.0,1.197,0.0,0.0,0.0,0.0,0.0,0.0,0.0,-1.05,112.5,1013.0,20.3,9.0,0.0,0.0,0.0,,0.0,0,0,0,0,0,4.2,0.0,0.0,0.0,0.0,0.0,-2.8
2026-06-05T07:49:42.626+00:00,37067,66ec7050-ec57-40ab-8f47-c4287b6aac37,,2,ARMED_IDLE,0x0000,NONE,0,1,0,1,0,0,0.0,0.171,0.0,0.0,0.0,0.0,0.0,0.0,0.0,0.0,112.5,1013.0,20.3,9.0,0.0,0.0,0.0,,0.0,0,0,0,0,0,4.2,0.0,0.0,0.0,0.0,0.0,6.0
2026-06-05T07:49:42.741+00:00,37241,66ec7050-ec57-40ab-8f47-c4287b6aac37,,2,ARMED_IDLE,0x0000,NONE,0,1,0,1,0,0,0.0,0.953,0.0,0.0,0.0,0.0,0.0,0.0,0.0,-0.56,112.5,1012.9,20.3,9.0,0.0,0.0,0.0,,0.0,0,0,0,0,0,4.2,0.0,0.0,0.0,0.0,0.0,-3.22
2026-06-05T07:49:42.908+00:00,37416,66ec7050-ec57-40ab-8f47-c4287b6aac37,,2,ARMED_IDLE,0x0000,NONE,0,1,0,1,0,0,0.0,0.0,0.0,0.0,0.0,0.0,0.0,0.0,0.0,2.12,112.5,1013.0,20.3,9.0,0.0,0.0,0.0,,0.0,0,0,0,0,0,4.2,0.0,0.0,0.0,0.0,0.0,15.31
2026-06-05T07:49:43.081+00:00,37592,66ec7050-ec57-40ab-8f47-c4287b6aac37,,2,ARMED_IDLE,0x0000,NONE,0,1,0,1,0,0,0.0,0.0,0.0,0.0,0.0,0.0,0.0,0.0,0.0,0.0,107.97,1013.0,20.3,9.0,0.0,0.0,0.0,,0.0,0,0,0,0,0,4.2,0.0,0.0,0.0,0.0,0.0,-12.05
2026-06-05T07:49:43.264+00:00,37766,66ec7050-ec57-40ab-8f47-c4287b6aac37,,2,ARMED_IDLE,0x0000,NONE,0,1,0,1,0,0,0.0,1.197,0.0,0.0,0.0,0.0,0.0,0.0,0.0,-0.8,112.5,1013.0,20.3,9.0,0.0,0.0,0.0,,0.0,0,0,0,0,0,4.2,0.0,0.0,0.0,0.0,0.0,-4.6
2026-06-05T07:49:43.463+00:00,37941,66ec7050-ec57-40ab-8f47-c4287b6aac37,,2,ARMED_IDLE,0x0000,NONE,0,1,0,1,0,0,0.0,0.0,0.0,0.0,0.0,0.0,0.0,0.0,0.0,1.63,108.22,1013.0,20.3,9.0,0.0,0.0,0.0,,0.0,0,0,0,0,0,4.2,0.0,0.0,0.0,0.0,0.0,13.89
2026-06-05T07:49:43.605+00:00,38116,66ec7050-ec57-40ab-8f47-c4287b6aac37,,2,ARMED_IDLE,0x0000,NONE,0,1,0,1,0,0,0.0,0.0,0.0,0.0,0.0,0.0,0.0,0.0,0.0,0.9,112.5,1013.0,20.3,9.0,0.0,0.0,0.0,,0.0,0,0,0,0,0,4.2,0.0,0.0,0.0,0.0,0.0,-4.17
2026-06-05T07:49:43.781+00:00,38290,66ec7050-ec57-40ab-8f47-c4287b6aac37,,2,ARMED_IDLE,0x0000,NONE,0,1,0,1,0,0,0.0,0.0,0.0,0.0,0.0,0.0,0.0,0.0,0.0,0.65,108.34,1013.0,20.3,9.0,0.0,0.0,0.0,,0.0,0,0,0,0,0,4.2,0.0,0.0,0.0,0.0,0.0,-1.44
2026-06-05T07:49:43.988+00:00,38465,66ec7050-ec57-40ab-8f47-c4287b6aac37,,2,ARMED_IDLE,0x0000,NONE,0,1,0,1,0,0,0.0,0.219,0.0,0.0,0.0,0.0,0.0,0.0,0.0,-1.05,112.5,1013.0,20.3,9.0,0.0,0.0,0.0,,0.0,0,0,0,0,0,4.2,0.0,0.0,0.0,0.0,0.0,-9.71
2026-06-05T07:49:44.186+00:00,38640,66ec7050-ec57-40ab-8f47-c4287b6aac37,,2,ARMED_IDLE,0x0000,NONE,0,1,0,1,0,0,0.0,0.659,0.0,0.0,0.0,0.0,0.0,0.0,0.0,-1.78,111.27,1013.0,20.3,9.0,0.0,0.0,0.0,,0.0,0,0,0,0,0,4.2,0.0,0.0,0.0,0.0,0.0,-4.17
2026-06-05T07:49:44.306+00:00,38815,66ec7050-ec57-40ab-8f47-c4287b6aac37,,2,ARMED_IDLE,0x0000,NONE,0,1,0,1,0,0,0.0,0.953,0.0,0.0,0.0,0.0,0.0,0.0,0.0,-0.56,112.5,1012.9,20.3,9.0,0.0,0.0,0.0,,0.0,0,0,0,0,0,4.2,0.0,0.0,0.0,0.0,0.0,6.97
2026-06-05T07:49:44.481+00:00,38989,66ec7050-ec57-40ab-8f47-c4287b6aac37,,2,ARMED_IDLE,0x0000,NONE,0,1,0,1,0,0,0.0,0.0,0.0,0.0,0.0,0.0,0.0,0.0,0.0,2.12,107.49,1013.0,20.3,9.0,0.0,0.0,0.0,,0.0,0,0,0,0,0,4.2,0.0,0.0,0.0,0.0,0.0,15.4
2026-06-05T07:49:44.713+00:00,39164,66ec7050-ec57-40ab-8f47-c4287b6aac37,,2,ARMED_IDLE,0x0000,NONE,0,1,0,1,0,0,0.0,0.0,0.0,0.0,0.0,0.0,0.0,0.0,0.0,1.14,112.5,1013.0,20.3,9.0,0.0,0.0,0.0,,0.0,0,0,0,0,0,4.2,0.0,0.0,0.0,0.0,0.0,-5.6
2026-06-05T07:49:44.914+00:00,39340,66ec7050-ec57-40ab-8f47-c4287b6aac37,,2,ARMED_IDLE,0x0000,NONE,0,1,0,1,0,0,0.0,0.366,0.0,0.0,0.0,0.0,0.0,0.0,0.0,-0.56,109.44,1012.9,20.3,9.0,0.0,0.0,0.0,,0.0,0,0,0,0,0,4.2,0.0,0.0,0.0,0.0,0.0,-9.66
2026-06-05T07:49:45.006+00:00,39515,66ec7050-ec57-40ab-8f47-c4287b6aac37,,2,ARMED_IDLE,0x0000,NONE,0,1,0,1,0,0,0.0,0.904,0.0,0.0,0.0,0.0,0.0,0.0,0.0,-1.05,112.5,1013.0,20.3,9.0,0.0,0.0,0.0,,0.0,0,0,0,0,0,4.2,0.0,0.0,0.0,0.0,0.0,-2.8
2026-06-05T07:49:45.182+00:00,39690,66ec7050-ec57-40ab-8f47-c4287b6aac37,,2,ARMED_IDLE,0x0000,NONE,0,1,0,1,0,0,0.0,0.317,0.0,0.0,0.0,0.0,0.0,0.0,0.0,0.41,110.3,1013.0,20.3,9.0,0.0,0.0,0.0,,0.0,0,0,0,0,0,4.2,0.0,0.0,0.0,0.0,0.0,8.34
2026-06-05T07:49:45.427+00:00,39864,66ec7050-ec57-40ab-8f47-c4287b6aac37,,2,ARMED_IDLE,0x0000,NONE,0,1,0,1,0,0,0.0,0.708,0.0,0.0,0.0,0.0,0.0,0.0,0.0,0.41,112.5,1013.0,20.3,9.0,0.0,0.0,0.0,,0.0,0,0,0,0,0,4.2,0.0,0.0,0.0,0.0,0.0,0.0
2026-06-05T07:49:45.545+00:00,40039,66ec7050-ec57-40ab-8f47-c4287b6aac37,,2,ARMED_IDLE,0x0000,NONE,0,1,0,1,0,0,0.0,0.0,0.0,0.0,0.0,0.0,0.0,0.0,0.0,-0.56,107.85,1013.0,20.3,9.0,0.0,0.0,0.0,,0.0,0,0,0,0,0,4.2,0.0,0.0,0.0,0.0,0.0,-5.54
2026-06-05T07:49:45.706+00:00,40214,66ec7050-ec57-40ab-8f47-c4287b6aac37,,2,ARMED_IDLE,0x0000,NONE,0,1,0,1,0,0,0.0,0.464,0.0,0.0,0.0,0.0,0.0,0.0,0.0,-2.02,112.5,1013.0,20.3,9.0,0.0,0.0,0.0,,0.0,0,0,0,0,0,4.2,0.0,0.0,0.0,0.0,0.0,-8.34
2026-06-05T07:49:45.882+00:00,40389,66ec7050-ec57-40ab-8f47-c4287b6aac37,,2,ARMED_IDLE,0x0000,NONE,0,1,0,1,0,0,0.0,0.415,0.0,0.0,0.0,0.0,0.0,0.0,0.0,0.0,110.66,1013.0,20.3,9.0,0.0,0.0,0.0,,0.0,0,0,0,0,0,4.2,0.0,0.0,0.0,0.0,0.0,11.54
2026-06-05T07:49:46.060+00:00,40563,66ec7050-ec57-40ab-8f47-c4287b6aac37,,2,ARMED_IDLE,0x0000,NONE,0,1,0,1,0,0,0.0,0.268,0.0,0.0,0.0,0.0,0.0,0.0,0.0,-0.56,112.5,1013.0,20.3,9.0,0.0,0.0,0.0,,0.0,0,0,0,0,0,4.2,0.0,0.0,0.0,0.0,0.0,-3.22
2026-06-05T07:49:46.264+00:00,40738,66ec7050-ec57-40ab-8f47-c4287b6aac37,,2,ARMED_IDLE,0x0000,NONE,0,1,0,1,0,0,0.0,0.757,0.0,0.0,0.0,0.0,0.0,0.0,0.0,-1.78,111.76,1013.0,20.3,9.0,0.0,0.0,0.0,,0.0,0,0,0,0,0,4.2,0.0,0.0,0.0,0.0,0.0,-6.97
2026-06-05T07:49:46.407+00:00,40913,66ec7050-ec57-40ab-8f47-c4287b6aac37,,2,ARMED_IDLE,0x0000,NONE,0,1,0,1,0,0,0.0,0.0,0.0,0.0,0.0,0.0,0.0,0.0,0.0,2.12,111.52,1013.0,20.3,9.0,0.0,0.0,0.0,,0.0,0,0,0,0,0,4.2,0.0,0.0,0.0,0.0,0.0,22.29
2026-06-05T07:49:46.583+00:00,41089,66ec7050-ec57-40ab-8f47-c4287b6aac37,,2,ARMED_IDLE,0x0000,NONE,0,1,0,1,0,0,0.0,0.122,0.0,0.0,0.0,0.0,0.0,0.0,0.0,-0.31,108.58,1012.9,20.3,9.0,0.0,0.0,0.0,,0.0,0,0,0,0,0,4.2,0.0,0.0,0.0,0.0,0.0,-13.81
2026-06-05T07:49:46.758+00:00,41264,66ec7050-ec57-40ab-8f47-c4287b6aac37,,2,ARMED_IDLE,0x0000,NONE,0,1,0,1,0,0,0.0,0.268,0.0,0.0,0.0,0.0,0.0,0.0,0.0,-2.02,112.5,1013.0,20.3,9.0,0.0,0.0,0.0,,0.0,0,0,0,0,0,4.2,0.0,0.0,0.0,0.0,0.0,-9.77
2026-06-05T07:49:46.990+00:00,41439,66ec7050-ec57-40ab-8f47-c4287b6aac37,,2,ARMED_IDLE,0x0000,NONE,0,1,0,1,0,0,0.0,1.246,0.0,0.0,0.0,0.0,0.0,0.0,0.0,-0.56,112.5,1013.0,20.3,9.0,0.0,0.0,0.0,,0.0,0,0,0,0,0,4.2,0.0,0.0,0.0,0.0,0.0,8.34
2026-06-05T07:49:47.129+00:00,41614,66ec7050-ec57-40ab-8f47-c4287b6aac37,,2,ARMED_IDLE,0x0000,NONE,0,1,0,1,0,0,0.0,0.61,0.0,0.0,0.0,0.0,0.0,0.0,0.0,-0.8,112.5,1013.0,20.3,9.0,0.0,0.0,0.0,,0.0,0,0,0,0,0,4.2,0.0,0.0,0.0,0.0,0.0,-1.37
2026-06-05T07:49:47.283+00:00,41788,66ec7050-ec57-40ab-8f47-c4287b6aac37,,2,ARMED_IDLE,0x0000,NONE,0,1,0,1,0,0,0.0,0.0,0.0,0.0,0.0,0.0,0.0,0.0,0.0,1.63,109.44,1012.9,20.3,9.0,0.0,0.0,0.0,,0.0,0,0,0,0,0,4.2,0.0,0.0,0.0,0.0,0.0,13.97
2026-06-05T07:49:47.459+00:00,41963,66ec7050-ec57-40ab-8f47-c4287b6aac37,,2,ARMED_IDLE,0x0000,NONE,0,1,0,1,0,0,0.0,0.317,0.0,0.0,0.0,0.0,0.0,0.0,0.0,-0.8,111.52,1012.9,20.3,9.0,0.0,0.0,0.0,,0.0,0,0,0,0,0,4.2,0.0,0.0,0.0,0.0,0.0,-13.89
2026-06-05T07:49:47.660+00:00,42138,66ec7050-ec57-40ab-8f47-c4287b6aac37,,2,ARMED_IDLE,0x0000,NONE,0,1,0,1,0,0,0.0,0.024,0.0,0.0,0.0,0.0,0.0,0.0,0.0,0.41,109.93,1013.0,20.3,9.0,0.0,0.0,0.0,,0.0,0,0,0,0,0,4.2,0.0,0.0,0.0,0.0,0.0,6.91
2026-06-05T07:49:47.864+00:00,42312,66ec7050-ec57-40ab-8f47-c4287b6aac37,,2,ARMED_IDLE,0x0000,NONE,0,1,0,1,0,0,0.0,0.415,0.0,0.0,0.0,0.0,0.0,0.0,0.0,-0.8,112.5,1012.9,20.3,9.0,0.0,0.0,0.0,,0.0,0,0,0,0,0,4.2,0.0,0.0,0.0,0.0,0.0,-6.95
2026-06-05T07:49:47.983+00:00,42487,66ec7050-ec57-40ab-8f47-c4287b6aac37,,2,ARMED_IDLE,0x0000,NONE,0,1,0,1,0,0,0.0,0.904,0.0,0.0,0.0,0.0,0.0,0.0,0.0,0.0,112.5,1013.0,20.3,9.0,0.0,0.0,0.0,,0.0,0,0,0,0,0,4.2,0.0,0.0,0.0,0.0,0.0,4.57
2026-06-05T07:49:48.159+00:00,42662,66ec7050-ec57-40ab-8f47-c4287b6aac37,,2,ARMED_IDLE,0x0000,NONE,0,1,0,1,0,0,0.0,0.806,0.0,0.0,0.0,0.0,0.0,0.0,0.0,-0.56,112.5,1013.0,20.3,9.0,0.0,0.0,0.0,,0.0,0,0,0,0,0,4.2,0.0,0.0,0.0,0.0,0.0,-3.2
2026-06-05T07:49:48.399+00:00,42838,66ec7050-ec57-40ab-8f47-c4287b6aac37,,2,ARMED_IDLE,0x0000,NONE,0,1,0,1,0,0,0.0,1.05,0.0,0.0,0.0,0.0,0.0,0.0,0.0,1.14,112.5,1013.0,20.3,9.0,0.0,0.0,0.0,,0.0,0,0,0,0,0,4.2,0.0,0.0,0.0,0.0,0.0,9.66
2026-06-05T07:49:48.567+00:00,43013,66ec7050-ec57-40ab-8f47-c4287b6aac37,,2,ARMED_IDLE,0x0000,NONE,0,1,0,1,0,0,0.0,1.099,0.0,0.0,0.0,0.0,0.0,0.0,0.0,-1.05,112.5,1012.9,20.3,9.0,0.0,0.0,0.0,,0.0,0,0,0,0,0,4.2,0.0,0.0,0.0,0.0,0.0,-12.51
2026-06-05T07:49:48.684+00:00,43188,66ec7050-ec57-40ab-8f47-c4287b6aac37,,2,ARMED_IDLE,0x0000,NONE,0,1,0,1,0,0,0.0,0.024,0.0,0.0,0.0,0.0,0.0,0.0,0.0,-0.8,110.66,1013.0,20.3,9.0,0.0,0.0,0.0,,0.0,0,0,0,0,0,4.2,0.0,0.0,0.0,0.0,0.0,1.43
2026-06-05T07:49:48.859+00:00,43362,66ec7050-ec57-40ab-8f47-c4287b6aac37,,2,ARMED_IDLE,0x0000,NONE,0,1,0,1,0,0,0.0,0.366,0.0,0.0,0.0,0.0,0.0,0.0,0.0,-0.56,112.5,1013.0,20.3,9.0,0.0,0.0,0.0,,0.0,0,0,0,0,0,4.2,0.0,0.0,0.0,0.0,0.0,1.38
2026-06-05T07:49:49.032+00:00,43537,66ec7050-ec57-40ab-8f47-c4287b6aac37,,2,ARMED_IDLE,0x0000,NONE,0,1,0,1,0,0,0.0,0.0,0.0,0.0,0.0,0.0,0.0,0.0,0.0,0.65,108.95,1013.0,20.3,9.0,0.0,0.0,0.0,,0.0,0,0,0,0,0,4.2,0.0,0.0,0.0,0.0,0.0,6.91
2026-06-05T07:49:49.233+00:00,43712,66ec7050-ec57-40ab-8f47-c4287b6aac37,,2,ARMED_IDLE,0x0000,NONE,0,1,0,1,0,0,0.0,0.171,0.0,0.0,0.0,0.0,0.0,0.0,0.0,1.88,110.3,1013.0,20.3,9.0,0.0,0.0,0.0,,0.0,0,0,0,0,0,4.2,0.0,0.0,0.0,0.0,0.0,7.03
2026-06-05T07:49:49.384+00:00,43887,66ec7050-ec57-40ab-8f47-c4287b6aac37,,2,ARMED_IDLE,0x0000,NONE,0,1,0,1,0,0,0.0,0.0,0.0,0.0,0.0,0.0,0.0,0.0,0.0,1.14,110.17,1013.0,20.3,9.0,0.0,0.0,0.0,,0.0,0,0,0,0,0,4.2,0.0,0.0,0.0,0.0,0.0,-4.23
2026-06-05T07:49:49.557+00:00,44061,66ec7050-ec57-40ab-8f47-c4287b6aac37,,2,ARMED_IDLE,0x0000,NONE,0,1,0,1,0,0,0.0,0.0,0.0,0.0,0.0,0.0,0.0,0.0,0.0,0.0,109.81,1013.0,20.3,9.0,0.0,0.0,0.0,,0.0,0,0,0,0,0,4.2,0.0,0.0,0.0,0.0,0.0,-6.55
2026-06-05T07:49:49.732+00:00,44236,66ec7050-ec57-40ab-8f47-c4287b6aac37,,2,ARMED_IDLE,0x0000,NONE,0,1,0,1,0,0,0.0,0.464,0.0,0.0,0.0,0.0,0.0,0.0,0.0,-0.8,112.5,1012.9,20.3,9.0,0.0,0.0,0.0,,0.0,0,0,0,0,0,4.2,0.0,0.0,0.0,0.0,0.0,-4.57
2026-06-05T07:49:49.960+00:00,44411,66ec7050-ec57-40ab-8f47-c4287b6aac37,,2,ARMED_IDLE,0x0000,NONE,0,1,0,1,0,0,0.0,0.757,0.0,0.0,0.0,0.0,0.0,0.0,0.0,0.0,112.5,1013.0,20.3,9.0,0.0,0.0,0.0,,0.0,0,0,0,0,0,4.2,0.0,0.0,0.0,0.0,0.0,4.57
2026-06-05T07:49:50.084+00:00,44585,66ec7050-ec57-40ab-8f47-c4287b6aac37,,2,ARMED_IDLE,0x0000,NONE,0,1,0,1,0,0,0.0,0.0,0.0,0.0,0.0,0.0,0.0,0.0,0.0,1.63,110.3,1013.0,20.3,9.0,0.0,0.0,0.0,,0.0,0,0,0,0,0,4.2,0.0,0.0,0.0,0.0,0.0,9.37
2026-06-05T07:49:50.257+00:00,44761,66ec7050-ec57-40ab-8f47-c4287b6aac37,,2,ARMED_IDLE,0x0000,NONE,0,1,0,1,0,0,0.0,0.024,0.0,0.0,0.0,0.0,0.0,0.0,0.0,-1.05,111.27,1012.9,20.3,9.0,0.0,0.0,0.0,,0.0,0,0,0,0,0,4.2,0.0,0.0,0.0,0.0,0.0,-15.23
2026-06-05T07:49:50.433+00:00,44936,66ec7050-ec57-40ab-8f47-c4287b6aac37,,2,ARMED_IDLE,0x0000,NONE,0,1,0,1,0,0,0.0,0.464,0.0,0.0,0.0,0.0,0.0,0.0,0.0,-1.05,112.5,1013.0,20.3,9.0,0.0,0.0,0.0,,0.0,0,0,0,0,0,4.2,0.0,0.0,0.0,0.0,0.0,0.0
2026-06-05T07:49:50.684+00:00,45111,66ec7050-ec57-40ab-8f47-c4287b6aac37,,2,ARMED_IDLE,0x0000,NONE,0,1,0,1,0,0,0.0,0.073,0.0,0.0,0.0,0.0,0.0,0.0,0.0,0.0,112.5,1013.0,20.3,9.0,0.0,0.0,0.0,,0.0,0,0,0,0,0,4.2,0.0,0.0,0.0,0.0,0.0,6.0
2026-06-05T07:49:50.793+00:00,45285,66ec7050-ec57-40ab-8f47-c4287b6aac37,,2,ARMED_IDLE,0x0000,NONE,0,1,0,1,0,0,0.0,0.073,0.0,0.0,0.0,0.0,0.0,0.0,0.0,-1.29,112.01,1013.0,20.3,9.0,0.0,0.0,0.0,,0.0,0,0,0,0,0,4.2,0.0,0.0,0.0,0.0,0.0,-7.41
2026-06-05T07:49:50.957+00:00,45460,66ec7050-ec57-40ab-8f47-c4287b6aac37,,2,ARMED_IDLE,0x0000,NONE,0,1,0,1,0,0,0.0,0.953,0.0,0.0,0.0,0.0,0.0,0.0,0.0,-1.29,112.5,1013.0,20.3,9.0,0.0,0.0,0.0,,0.0,0,0,0,0,0,4.2,0.0,0.0,0.0,0.0,0.0,0.0
2026-06-05T07:49:51.133+00:00,45635,66ec7050-ec57-40ab-8f47-c4287b6aac37,,2,ARMED_IDLE,0x0000,NONE,0,1,0,1,0,0,0.0,1.344,0.0,0.0,0.0,0.0,0.0,0.0,0.0,-0.31,112.5,1013.0,20.3,9.0,0.0,0.0,0.0,,0.0,0,0,0,0,0,4.2,0.0,0.0,0.0,0.0,0.0,5.6
2026-06-05T07:49:51.322+00:00,45810,66ec7050-ec57-40ab-8f47-c4287b6aac37,,2,ARMED_IDLE,0x0000,NONE,0,1,0,1,0,0,0.0,0.0,0.0,0.0,0.0,0.0,0.0,0.0,0.0,0.9,110.91,1013.0,20.3,9.0,0.0,0.0,0.0,,0.0,0,0,0,0,0,4.2,0.0,0.0,0.0,0.0,0.0,6.91
2026-06-05T07:49:51.526+00:00,45984,66ec7050-ec57-40ab-8f47-c4287b6aac37,,2,ARMED_IDLE,0x0000,NONE,0,1,0,1,0,0,0.0,0.122,0.0,0.0,0.0,0.0,0.0,0.0,0.0,0.0,112.5,1013.0,20.3,9.0,0.0,0.0,0.0,,0.0,0,0,0,0,0,4.2,0.0,0.0,0.0,0.0,0.0,-5.17
2026-06-05T07:49:51.657+00:00,46159,66ec7050-ec57-40ab-8f47-c4287b6aac37,,2,ARMED_IDLE,0x0000,NONE,0,1,0,1,0,0,0.0,0.0,0.0,0.0,0.0,0.0,0.0,0.0,0.0,1.39,109.56,1013.0,20.3,9.0,0.0,0.0,0.0,,0.0,0,0,0,0,0,4.2,0.0,0.0,0.0,0.0,0.0,7.94
2026-06-05T07:49:51.833+00:00,46334,66ec7050-ec57-40ab-8f47-c4287b6aac37,,2,ARMED_IDLE,0x0000,NONE,0,1,0,1,0,0,0.0,1.099,0.0,0.0,0.0,0.0,0.0,0.0,0.0,0.0,112.5,1012.9,20.3,9.0,0.0,0.0,0.0,,0.0,0,0,0,0,0,4.2,0.0,0.0,0.0,0.0,0.0,-7.94
2026-06-05T07:49:52.042+00:00,46510,66ec7050-ec57-40ab-8f47-c4287b6aac37,,2,ARMED_IDLE,0x0000,NONE,0,1,0,1,0,0,0.0,1.197,0.0,0.0,0.0,0.0,0.0,0.0,0.0,0.0,112.5,1012.9,20.3,9.0,0.0,0.0,0.0,,0.0,0,0,0,0,0,4.2,0.0,0.0,0.0,0.0,0.0,0.0
2026-06-05T07:49:52.256+00:00,46684,66ec7050-ec57-40ab-8f47-c4287b6aac37,,2,ARMED_IDLE,0x0000,NONE,0,1,0,1,0,0,0.0,0.0,0.0,0.0,0.0,0.0,0.0,0.0,0.0,1.88,110.66,1013.0,20.3,9.0,0.0,0.0,0.0,,0.0,0,0,0,0,0,4.2,0.0,0.0,0.0,0.0,0.0,10.8
2026-06-05T07:49:52.358+00:00,46859,66ec7050-ec57-40ab-8f47-c4287b6aac37,,2,ARMED_IDLE,0x0000,NONE,0,1,0,1,0,0,0.0,0.268,0.0,0.0,0.0,0.0,0.0,0.0,0.0,0.0,108.34,1012.9,20.3,9.0,0.0,0.0,0.0,,0.0,0,0,0,0,0,4.2,0.0,0.0,0.0,0.0,0.0,-10.74
2026-06-05T07:49:52.533+00:00,47033,66ec7050-ec57-40ab-8f47-c4287b6aac37,,2,ARMED_IDLE,0x0000,NONE,0,1,0,1,0,0,0.0,0.0,0.0,0.0,0.0,0.0,0.0,0.0,0.0,1.39,110.05,1013.0,20.3,9.0,0.0,0.0,0.0,,0.0,0,0,0,0,0,4.2,0.0,0.0,0.0,0.0,0.0,7.99
2026-06-05T07:49:52.776+00:00,47208,66ec7050-ec57-40ab-8f47-c4287b6aac37,,2,ARMED_IDLE,0x0000,NONE,0,1,0,1,0,0,0.0,0.0,0.0,0.0,0.0,0.0,0.0,0.0,0.0,0.9,109.2,1013.0,20.3,9.0,0.0,0.0,0.0,,0.0,0,0,0,0,0,4.2,0.0,0.0,0.0,0.0,0.0,-2.8
2026-06-05T07:49:52.955+00:00,47383,66ec7050-ec57-40ab-8f47-c4287b6aac37,,2,ARMED_IDLE,0x0000,NONE,0,1,0,1,0,0,0.0,0.855,0.0,0.0,0.0,0.0,0.0,0.0,0.0,-1.05,112.5,1013.0,20.3,9.0,0.0,0.0,0.0,,0.0,0,0,0,0,0,4.2,0.0,0.0,0.0,0.0,0.0,-11.14
2026-06-05T07:49:53.058+00:00,47558,66ec7050-ec57-40ab-8f47-c4287b6aac37,,2,ARMED_IDLE,0x0000,NONE,0,1,0,1,0,0,0.0,1.392,0.0,0.0,0.0,0.0,0.0,0.0,0.0,-0.8,112.5,1013.0,20.3,9.0,0.0,0.0,0.0,,0.0,0,0,0,0,0,4.2,0.0,0.0,0.0,0.0,0.0,1.43
2026-06-05T07:49:53.234+00:00,47733,66ec7050-ec57-40ab-8f47-c4287b6aac37,,2,ARMED_IDLE,0x0000,NONE,0,1,0,1,0,0,0.0,0.855,0.0,0.0,0.0,0.0,0.0,0.0,0.0,0.0,109.44,1013.0,20.3,9.0,0.0,0.0,0.0,,0.0,0,0,0,0,0,4.2,0.0,0.0,0.0,0.0,0.0,4.57
2026-06-05T07:49:53.474+00:00,47907,66ec7050-ec57-40ab-8f47-c4287b6aac37,,2,ARMED_IDLE,0x0000,NONE,0,1,0,1,0,0,0.0,0.0,0.0,0.0,0.0,0.0,0.0,0.0,0.0,-0.56,106.87,1013.0,20.3,9.0,0.0,0.0,0.0,,0.0,0,0,0,0,0,4.2,0.0,0.0,0.0,0.0,0.0,-3.22
2026-06-05T07:49:53.654+00:00,48082,66ec7050-ec57-40ab-8f47-c4287b6aac37,,2,ARMED_IDLE,0x0000,NONE,0,1,0,1,0,0,0.0,0.0,0.0,0.0,0.0,0.0,0.0,0.0,0.0,0.0,111.64,1013.0,20.3,9.0,0.0,0.0,0.0,,0.0,0,0,0,0,0,4.2,0.0,0.0,0.0,0.0,0.0,3.2
2026-06-05T07:49:53.758+00:00,48257,66ec7050-ec57-40ab-8f47-c4287b6aac37,,2,ARMED_IDLE,0x0000,NONE,0,1,0,1,0,0,0.0,0.513,0.0,0.0,0.0,0.0,0.0,0.0,0.0,-1.29,111.76,1012.9,20.3,9.0,0.0,0.0,0.0,,0.0,0,0,0,0,0,4.2,0.0,0.0,0.0,0.0,0.0,-7.37
2026-06-05T07:49:53.931+00:00,48432,66ec7050-ec57-40ab-8f47-c4287b6aac37,,2,ARMED_IDLE,0x0000,NONE,0,1,0,1,0,0,0.0,0.806,0.0,0.0,0.0,0.0,0.0,0.0,0.0,-1.05,112.5,1013.0,20.3,9.0,0.0,0.0,0.0,,0.0,0,0,0,0,0,4.2,0.0,0.0,0.0,0.0,0.0,1.37
2026-06-05T07:49:54.174+00:00,48607,66ec7050-ec57-40ab-8f47-c4287b6aac37,,2,ARMED_IDLE,0x0000,NONE,0,1,0,1,0,0,0.0,0.659,0.0,0.0,0.0,0.0,0.0,0.0,0.0,0.0,112.5,1013.0,20.3,9.0,0.0,0.0,0.0,,0.0,0,0,0,0,0,4.2,0.0,0.0,0.0,0.0,0.0,6.0
2026-06-05T07:49:54.357+00:00,48782,66ec7050-ec57-40ab-8f47-c4287b6aac37,,2,ARMED_IDLE,0x0000,NONE,0,1,0,1,0,0,0.0,1.197,0.0,0.0,0.0,0.0,0.0,0.0,0.0,0.41,112.5,1013.0,20.3,9.0,0.0,0.0,0.0,,0.0,0,0,0,0,0,4.2,0.0,0.0,0.0,0.0,0.0,2.34
2026-06-05T07:49:54.458+00:00,48957,66ec7050-ec57-40ab-8f47-c4287b6aac37,,2,ARMED_IDLE,0x0000,NONE,0,1,0,1,0,0,0.0,0.806,0.0,0.0,0.0,0.0,0.0,0.0,0.0,0.41,112.5,1013.0,20.3,9.0,0.0,0.0,0.0,,0.0,0,0,0,0,0,4.2,0.0,0.0,0.0,0.0,0.0,0.0
2026-06-05T07:49:54.631+00:00,49131,66ec7050-ec57-40ab-8f47-c4287b6aac37,,2,ARMED_IDLE,0x0000,NONE,0,1,0,1,0,0,0.0,0.806,0.0,0.0,0.0,0.0,0.0,0.0,0.0,0.0,112.5,1012.9,20.3,9.0,0.0,0.0,0.0,,0.0,0,0,0,0,0,4.2,0.0,0.0,0.0,0.0,0.0,-2.36
2026-06-05T07:49:54.876+00:00,49306,66ec7050-ec57-40ab-8f47-c4287b6aac37,,2,ARMED_IDLE,0x0000,NONE,0,1,0,1,0,0,0.0,0.0,0.0,0.0,0.0,0.0,0.0,0.0,0.0,0.41,106.63,1012.9,20.3,9.0,0.0,0.0,0.0,,0.0,0,0,0,0,0,4.2,0.0,0.0,0.0,0.0,0.0,2.34
2026-06-05T07:49:55.055+00:00,49481,66ec7050-ec57-40ab-8f47-c4287b6aac37,,2,ARMED_IDLE,0x0000,NONE,0,1,0,1,0,0,0.0,0.171,0.0,0.0,0.0,0.0,0.0,0.0,0.0,0.41,112.5,1013.0,20.3,9.0,0.0,0.0,0.0,,0.0,0,0,0,0,0,4.2,0.0,0.0,0.0,0.0,0.0,0.0
2026-06-05T07:49:55.155+00:00,49655,66ec7050-ec57-40ab-8f47-c4287b6aac37,,2,ARMED_IDLE,0x0000,NONE,0,1,0,1,0,0,0.0,0.513,0.0,0.0,0.0,0.0,0.0,0.0,0.0,0.0,112.5,1013.0,20.3,9.0,0.0,0.0,0.0,,0.0,0,0,0,0,0,4.2,0.0,0.0,0.0,0.0,0.0,-2.36
2026-06-05T07:49:55.331+00:00,49830,66ec7050-ec57-40ab-8f47-c4287b6aac37,,2,ARMED_IDLE,0x0000,NONE,0,1,0,1,0,0,0.0,1.344,0.0,0.0,0.0,0.0,0.0,0.0,0.0,0.41,110.54,1013.0,20.3,9.0,0.0,0.0,0.0,,0.0,0,0,0,0,0,4.2,0.0,0.0,0.0,0.0,0.0,2.34
2026-06-05T07:49:55.573+00:00,50006,66ec7050-ec57-40ab-8f47-c4287b6aac37,,2,ARMED_IDLE,0x0000,NONE,0,1,0,1,0,0,0.0,0.904,0.0,0.0,0.0,0.0,0.0,0.0,0.0,1.39,112.5,1013.0,20.3,9.0,0.0,0.0,0.0,,0.0,0,0,0,0,0,4.2,0.0,0.0,0.0,0.0,0.0,5.57
2026-06-05T07:49:55.755+00:00,50181,66ec7050-ec57-40ab-8f47-c4287b6aac37,,2,ARMED_IDLE,0x0000,NONE,0,1,0,1,0,0,0.0,0.904,0.0,0.0,0.0,0.0,0.0,0.0,0.0,-1.05,112.5,1013.0,20.3,9.0,0.0,0.0,0.0,,0.0,0,0,0,0,0,4.2,0.0,0.0,0.0,0.0,0.0,-13.94
2026-06-05T07:49:55.856+00:00,50356,66ec7050-ec57-40ab-8f47-c4287b6aac37,,2,ARMED_IDLE,0x0000,NONE,0,1,0,1,0,0,0.0,0.659,0.0,0.0,0.0,0.0,0.0,0.0,0.0,-1.53,110.91,1013.0,20.3,9.0,0.0,0.0,0.0,,0.0,0,0,0,0,0,4.2,0.0,0.0,0.0,0.0,0.0,-2.74
2026-06-05T07:49:56.032+00:00,50531,66ec7050-ec57-40ab-8f47-c4287b6aac37,,2,ARMED_IDLE,0x0000,NONE,0,1,0,1,0,0,0.0,0.219,0.0,0.0,0.0,0.0,0.0,0.0,0.0,-0.56,112.5,1013.0,20.3,9.0,0.0,0.0,0.0,,0.0,0,0,0,0,0,4.2,0.0,0.0,0.0,0.0,0.0,5.54
2026-06-05T07:49:56.273+00:00,50706,66ec7050-ec57-40ab-8f47-c4287b6aac37,,2,ARMED_IDLE,0x0000,NONE,0,1,0,1,0,0,0.0,0.757,0.0,0.0,0.0,0.0,0.0,0.0,0.0,0.41,111.4,1013.0,20.3,9.0,0.0,0.0,0.0,,0.0,0,0,0,0,0,4.2,0.0,0.0,0.0,0.0,0.0,5.54
2026-06-05T07:49:56.459+00:00,50880,66ec7050-ec57-40ab-8f47-c4287b6aac37,,2,ARMED_IDLE,0x0000,NONE,0,1,0,1,0,0,0.0,1.148,0.0,0.0,0.0,0.0,0.0,0.0,0.0,0.0,112.5,1013.0,20.3,9.0,0.0,0.0,0.0,,0.0,0,0,0,0,0,4.2,0.0,0.0,0.0,0.0,0.0,-2.36
2026-06-05T07:49:56.556+00:00,51055,66ec7050-ec57-40ab-8f47-c4287b6aac37,,2,ARMED_IDLE,0x0000,NONE,0,1,0,1,0,0,0.0,1.099,0.0,0.0,0.0,0.0,0.0,0.0,0.0,-1.05,112.5,1012.9,20.3,9.0,0.0,0.0,0.0,,0.0,0,0,0,0,0,4.2,0.0,0.0,0.0,0.0,0.0,-6.0
2026-06-05T07:49:56.732+00:00,51230,66ec7050-ec57-40ab-8f47-c4287b6aac37,,2,ARMED_IDLE,0x0000,NONE,0,1,0,1,0,0,0.0,0.0,0.0,0.0,0.0,0.0,0.0,0.0,0.0,1.63,112.5,1013.0,20.3,9.0,0.0,0.0,0.0,,0.0,0,0,0,0,0,4.2,0.0,0.0,0.0,0.0,0.0,15.31
2026-06-05T07:49:56.982+00:00,51405,66ec7050-ec57-40ab-8f47-c4287b6aac37,,2,ARMED_IDLE,0x0000,NONE,0,1,0,1,0,0,0.0,0.806,0.0,0.0,0.0,0.0,0.0,0.0,0.0,-0.56,111.03,1013.0,20.3,9.0,0.0,0.0,0.0,,0.0,0,0,0,0,0,4.2,0.0,0.0,0.0,0.0,0.0,-12.51
2026-06-05T07:49:57.150+00:00,51580,66ec7050-ec57-40ab-8f47-c4287b6aac37,,2,ARMED_IDLE,0x0000,NONE,0,1,0,1,0,0,0.0,1.539,0.0,0.0,0.0,0.0,0.0,0.0,0.0,-1.05,112.5,1013.0,20.3,9.0,0.0,0.0,0.0,,0.0,0,0,0,0,0,4.2,0.0,0.0,0.0,0.0,0.0,-2.8
2026-06-05T07:49:57.257+00:00,51756,66ec7050-ec57-40ab-8f47-c4287b6aac37,,2,ARMED_IDLE,0x0000,NONE,0,1,0,1,0,0,0.0,0.171,0.0,0.0,0.0,0.0,0.0,0.0,0.0,-1.53,108.22,1013.0,20.3,9.0,0.0,0.0,0.0,,0.0,0,0,0,0,0,4.2,0.0,0.0,0.0,0.0,0.0,-2.73
2026-06-05T07:49:57.433+00:00,51931,66ec7050-ec57-40ab-8f47-c4287b6aac37,,2,ARMED_IDLE,0x0000,NONE,0,1,0,1,0,0,0.0,0.61,0.0,0.0,0.0,0.0,0.0,0.0,0.0,-1.78,112.5,1013.0,20.3,9.0,0.0,0.0,0.0,,0.0,0,0,0,0,0,4.2,0.0,0.0,0.0,0.0,0.0,-1.43
2026-06-05T07:49:57.609+00:00,52105,66ec7050-ec57-40ab-8f47-c4287b6aac37,,2,ARMED_IDLE,0x0000,NONE,0,1,0,1,0,0,0.0,0.0,0.0,0.0,0.0,0.0,0.0,0.0,0.0,2.37,106.02,1013.0,20.3,9.0,0.0,0.0,0.0,,0.0,0,0,0,0,0,4.2,0.0,0.0,0.0,0.0,0.0,23.85
2026-06-05T07:49:57.841+00:00,52280,66ec7050-ec57-40ab-8f47-c4287b6aac37,,2,ARMED_IDLE,0x0000,NONE,0,1,0,1,0,0,0.0,0.122,0.0,0.0,0.0,0.0,0.0,0.0,0.0,-0.31,112.5,1013.0,20.3,9.0,0.0,0.0,0.0,,0.0,0,0,0,0,0,4.2,0.0,0.0,0.0,0.0,0.0,-15.31
2026-06-05T07:49:57.957+00:00,52455,66ec7050-ec57-40ab-8f47-c4287b6aac37,,2,ARMED_IDLE,0x0000,NONE,0,1,0,1,0,0,0.0,0.708,0.0,0.0,0.0,0.0,0.0,0.0,0.0,-0.8,111.88,1013.0,20.3,9.0,0.0,0.0,0.0,,0.0,0,0,0,0,0,4.2,0.0,0.0,0.0,0.0,0.0,-2.8
2026-06-05T07:49:58.133+00:00,52630,66ec7050-ec57-40ab-8f47-c4287b6aac37,,2,ARMED_IDLE,0x0000,NONE,0,1,0,1,0,0,0.0,0.806,0.0,0.0,0.0,0.0,0.0,0.0,0.0,0.9,112.5,1013.0,20.3,9.0,0.0,0.0,0.0,,0.0,0,0,0,0,0,4.2,0.0,0.0,0.0,0.0,0.0,9.71
2026-06-05T07:49:58.309+00:00,52805,66ec7050-ec57-40ab-8f47-c4287b6aac37,,2,ARMED_IDLE,0x0000,NONE,0,1,0,1,0,0,0.0,0.61,0.0,0.0,0.0,0.0,0.0,0.0,0.0,0.0,105.41,1013.0,20.3,9.0,0.0,0.0,0.0,,0.0,0,0,0,0,0,4.2,0.0,0.0,0.0,0.0,0.0,-5.14
2026-06-05T07:49:58.520+00:00,52979,66ec7050-ec57-40ab-8f47-c4287b6aac37,,2,ARMED_IDLE,0x0000,NONE,0,1,0,1,0,0,0.0,0.0,0.0,0.0,0.0,0.0,0.0,0.0,0.0,1.63,112.5,1013.0,20.3,9.0,0.0,0.0,0.0,,0.0,0,0,0,0,0,4.2,0.0,0.0,0.0,0.0,0.0,9.37
2026-06-05T07:49:58.659+00:00,53154,66ec7050-ec57-40ab-8f47-c4287b6aac37,,2,ARMED_IDLE,0x0000,NONE,0,1,0,1,0,0,0.0,0.317,0.0,0.0,0.0,0.0,0.0,0.0,0.0,-0.8,108.83,1013.0,20.3,9.0,0.0,0.0,0.0,,0.0,0,0,0,0,0,4.2,0.0,0.0,0.0,0.0,0.0,-13.89
2026-06-05T07:49:58.833+00:00,53329,66ec7050-ec57-40ab-8f47-c4287b6aac37,,2,ARMED_IDLE,0x0000,NONE,0,1,0,1,0,0,0.0,1.148,0.0,0.0,0.0,0.0,0.0,0.0,0.0,-1.53,112.5,1013.0,20.3,9.0,0.0,0.0,0.0,,0.0,0,0,0,0,0,4.2,0.0,0.0,0.0,0.0,0.0,-4.17
2026-06-05T07:49:59.009+00:00,53505,66ec7050-ec57-40ab-8f47-c4287b6aac37,,2,ARMED_IDLE,0x0000,NONE,0,1,0,1,0,0,0.0,0.171,0.0,0.0,0.0,0.0,0.0,0.0,0.0,-1.29,108.58,1012.9,20.3,9.0,0.0,0.0,0.0,,0.0,0,0,0,0,0,4.2,0.0,0.0,0.0,0.0,0.0,1.36
2026-06-05T07:49:59.237+00:00,53680,66ec7050-ec57-40ab-8f47-c4287b6aac37,,2,ARMED_IDLE,0x0000,NONE,0,1,0,1,0,0,0.0,0.953,0.0,0.0,0.0,0.0,0.0,0.0,0.0,-1.29,112.5,1012.9,20.3,9.0,0.0,0.0,0.0,,0.0,0,0,0,0,0,4.2,0.0,0.0,0.0,0.0,0.0,0.0
2026-06-05T07:49:59.358+00:00,53855,66ec7050-ec57-40ab-8f47-c4287b6aac37,,2,ARMED_IDLE,0x0000,NONE,0,1,0,1,0,0,0.0,0.171,0.0,0.0,0.0,0.0,0.0,0.0,0.0,0.41,107.36,1013.0,20.3,9.0,0.0,0.0,0.0,,0.0,0,0,0,0,0,4.2,0.0,0.0,0.0,0.0,0.0,9.71
2026-06-05T07:49:59.534+00:00,54029,66ec7050-ec57-40ab-8f47-c4287b6aac37,,2,ARMED_IDLE,0x0000,NONE,0,1,0,1,0,0,0.0,0.024,0.0,0.0,0.0,0.0,0.0,0.0,0.0,-2.02,112.5,1012.9,20.3,9.0,0.0,0.0,0.0,,0.0,0,0,0,0,0,4.2,0.0,0.0,0.0,0.0,0.0,-13.97
2026-06-05T07:49:59.710+00:00,54204,66ec7050-ec57-40ab-8f47-c4287b6aac37,,2,ARMED_IDLE,0x0000,NONE,0,1,0,1,0,0,0.0,0.806,0.0,0.0,0.0,0.0,0.0,0.0,0.0,-2.02,110.54,1013.0,20.3,9.0,0.0,0.0,0.0,,0.0,0,0,0,0,0,4.2,0.0,0.0,0.0,0.0,0.0,0.0
2026-06-05T07:49:59.939+00:00,54379,66ec7050-ec57-40ab-8f47-c4287b6aac37,,2,ARMED_IDLE,0x0000,NONE,0,1,0,1,0,0,0.0,0.415,0.0,0.0,0.0,0.0,0.0,0.0,0.0,-0.56,112.5,1013.0,20.3,9.0,0.0,0.0,0.0,,0.0,0,0,0,0,0,4.2,0.0,0.0,0.0,0.0,0.0,8.34
2026-06-05T07:50:00.058+00:00,54554,66ec7050-ec57-40ab-8f47-c4287b6aac37,,2,ARMED_IDLE,0x0000,NONE,0,1,0,1,0,0,0.0,0.757,0.0,0.0,0.0,0.0,0.0,0.0,0.0,0.9,111.03,1013.0,20.3,9.0,0.0,0.0,0.0,,0.0,0,0,0,0,0,4.2,0.0,0.0,0.0,0.0,0.0,8.34
2026-06-05T07:50:00.234+00:00,54729,66ec7050-ec57-40ab-8f47-c4287b6aac37,,2,ARMED_IDLE,0x0000,NONE,0,1,0,1,0,0,0.0,0.171,0.0,0.0,0.0,0.0,0.0,0.0,0.0,-0.56,112.5,1013.0,20.3,9.0,0.0,0.0,0.0,,0.0,0,0,0,0,0,4.2,0.0,0.0,0.0,0.0,0.0,-8.34
2026-06-05T07:50:00.410+00:00,54904,66ec7050-ec57-40ab-8f47-c4287b6aac37,,2,ARMED_IDLE,0x0000,NONE,0,1,0,1,0,0,0.0,0.0,0.0,0.0,0.0,0.0,0.0,0.0,0.0,1.14,112.5,1012.9,20.3,9.0,0.0,0.0,0.0,,0.0,0,0,0,0,0,4.2,0.0,0.0,0.0,0.0,0.0,9.71
2026-06-05T07:50:00.640+00:00,55078,66ec7050-ec57-40ab-8f47-c4287b6aac37,,2,ARMED_IDLE,0x0000,NONE,0,1,0,1,0,0,0.0,0.415,0.0,0.0,0.0,0.0,0.0,0.0,0.0,-1.29,112.5,1012.9,20.3,9.0,0.0,0.0,0.0,,0.0,0,0,0,0,0,4.2,0.0,0.0,0.0,0.0,0.0,-13.97
2026-06-05T07:50:00.759+00:00,55254,66ec7050-ec57-40ab-8f47-c4287b6aac37,,2,ARMED_IDLE,0x0000,NONE,0,1,0,1,0,0,0.0,0.61,0.0,0.0,0.0,0.0,0.0,0.0,0.0,-0.56,110.17,1012.9,20.3,9.0,0.0,0.0,0.0,,0.0,0,0,0,0,0,4.2,0.0,0.0,0.0,0.0,0.0,4.15
2026-06-05T07:50:00.934+00:00,55429,66ec7050-ec57-40ab-8f47-c4287b6aac37,,2,ARMED_IDLE,0x0000,NONE,0,1,0,1,0,0,0.0,1.05,0.0,0.0,0.0,0.0,0.0,0.0,0.0,0.41,112.01,1013.0,20.3,9.0,0.0,0.0,0.0,,0.0,0,0,0,0,0,4.2,0.0,0.0,0.0,0.0,0.0,5.54
2026-06-05T07:50:01.110+00:00,55604,66ec7050-ec57-40ab-8f47-c4287b6aac37,,2,ARMED_IDLE,0x0000,NONE,0,1,0,1,0,0,0.0,0.757,0.0,0.0,0.0,0.0,0.0,0.0,0.0,0.0,111.03,1013.0,20.3,9.0,0.0,0.0,0.0,,0.0,0,0,0,0,0,4.2,0.0,0.0,0.0,0.0,0.0,-2.34
2026-06-05T07:50:01.342+00:00,55778,66ec7050-ec57-40ab-8f47-c4287b6aac37,,2,ARMED_IDLE,0x0000,NONE,0,1,0,1,0,0,0.0,0.0,0.0,0.0,0.0,0.0,0.0,0.0,0.0,0.9,112.5,1012.9,20.3,9.0,0.0,0.0,0.0,,0.0,0,0,0,0,0,4.2,0.0,0.0,0.0,0.0,0.0,5.17
2026-06-05T07:50:01.459+00:00,55953,66ec7050-ec57-40ab-8f47-c4287b6aac37,,2,ARMED_IDLE,0x0000,NONE,0,1,0,1,0,0,0.0,0.0,0.0,0.0,0.0,0.0,0.0,0.0,0.0,1.88,106.87,1013.0,20.3,9.0,0.0,0.0,0.0,,0.0,0,0,0,0,0,4.2,0.0,0.0,0.0,0.0,0.0,5.6
2026-06-05T07:50:01.634+00:00,56127,66ec7050-ec57-40ab-8f47-c4287b6aac37,,2,ARMED_IDLE,0x0000,NONE,0,1,0,1,0,0,0.0,0.0,0.0,0.0,0.0,0.0,0.0,0.0,0.0,0.0,112.5,1013.0,20.3,9.0,0.0,0.0,0.0,,0.0,0,0,0,0,0,4.2,0.0,0.0,0.0,0.0,0.0,-10.8
2026-06-05T07:50:01.810+00:00,56302,66ec7050-ec57-40ab-8f47-c4287b6aac37,,2,ARMED_IDLE,0x0000,NONE,0,1,0,1,0,0,0.0,0.073,0.0,0.0,0.0,0.0,0.0,0.0,0.0,-0.8,109.68,1013.0,20.3,9.0,0.0,0.0,0.0,,0.0,0,0,0,0,0,4.2,0.0,0.0,0.0,0.0,0.0,-4.57
2026-06-05T07:50:02.041+00:00,56477,66ec7050-ec57-40ab-8f47-c4287b6aac37,,2,ARMED_IDLE,0x0000,NONE,0,1,0,1,0,0,0.0,0.415,0.0,0.0,0.0,0.0,0.0,0.0,0.0,-0.56,112.5,1013.0,20.3,9.0,0.0,0.0,0.0,,0.0,0,0,0,0,0,4.2,0.0,0.0,0.0,0.0,0.0,1.37
2026-06-05T07:50:02.159+00:00,56652,66ec7050-ec57-40ab-8f47-c4287b6aac37,,2,ARMED_IDLE,0x0000,NONE,0,1,0,1,0,0,0.0,0.953,0.0,0.0,0.0,0.0,0.0,0.0,0.0,-0.56,112.13,1012.9,20.3,9.0,0.0,0.0,0.0,,0.0,0,0,0,0,0,4.2,0.0,0.0,0.0,0.0,0.0,0.0
2026-06-05T07:50:02.335+00:00,56826,66ec7050-ec57-40ab-8f47-c4287b6aac37,,2,ARMED_IDLE,0x0000,NONE,0,1,0,1,0,0,0.0,0.0,0.0,0.0,0.0,0.0,0.0,0.0,0.0,-0.31,111.4,1012.9,20.3,9.0,0.0,0.0,0.0,,0.0,0,0,0,0,0,4.2,0.0,0.0,0.0,0.0,0.0,1.44
2026-06-05T07:50:02.507+00:00,57001,66ec7050-ec57-40ab-8f47-c4287b6aac37,,2,ARMED_IDLE,0x0000,NONE,0,1,0,1,0,0,0.0,0.0,0.0,0.0,0.0,0.0,0.0,0.0,0.0,0.9,106.26,1013.0,20.3,9.0,0.0,0.0,0.0,,0.0,0,0,0,0,0,4.2,0.0,0.0,0.0,0.0,0.0,6.91
2026-06-05T07:50:02.773+00:00,57176,66ec7050-ec57-40ab-8f47-c4287b6aac37,,2,ARMED_IDLE,0x0000,NONE,0,1,0,1,0,0,0.0,0.366,0.0,0.0,0.0,0.0,0.0,0.0,0.0,0.0,112.5,1013.0,20.3,9.0,0.0,0.0,0.0,,0.0,0,0,0,0,0,4.2,0.0,0.0,0.0,0.0,0.0,-5.14
2026-06-05T07:50:02.883+00:00,57351,66ec7050-ec57-40ab-8f47-c4287b6aac37,,2,ARMED_IDLE,0x0000,NONE,0,1,0,1,0,0,0.0,0.366,0.0,0.0,0.0,0.0,0.0,0.0,0.0,-1.53,109.07,1013.0,20.3,9.0,0.0,0.0,0.0,,0.0,0,0,0,0,0,4.2,0.0,0.0,0.0,0.0,0.0,-8.74
2026-06-05T07:50:03.035+00:00,57526,66ec7050-ec57-40ab-8f47-c4287b6aac37,,2,ARMED_IDLE,0x0000,NONE,0,1,0,1,0,0,0.0,0.904,0.0,0.0,0.0,0.0,0.0,0.0,0.0,-0.56,112.5,1012.9,20.3,9.0,0.0,0.0,0.0,,0.0,0,0,0,0,0,4.2,0.0,0.0,0.0,0.0,0.0,5.54
2026-06-05T07:50:03.208+00:00,57701,66ec7050-ec57-40ab-8f47-c4287b6aac37,,2,ARMED_IDLE,0x0000,NONE,0,1,0,1,0,0,0.04,0.219,0.01,0.0,0.0,0.0,0.0,0.0,0.0,-0.8,112.5,1013.0,20.3,9.0,0.0,0.0,0.0,,0.0,0,0,0,0,0,4.2,0.01,0.0,0.0,0.0,0.0,-1.37
2026-06-05T07:50:03.404+00:00,57876,66ec7050-ec57-40ab-8f47-c4287b6aac37,,2,ARMED_IDLE,0x0000,NONE,0,1,0,1,0,0,0.0,0.317,0.0,0.0,0.0,0.0,0.0,0.0,0.0,-1.05,112.5,1012.9,20.3,9.0,0.0,0.0,0.0,,0.0,0,0,0,0,0,4.2,0.01,0.0,0.0,0.0,0.0,-1.43
2026-06-05T07:50:03.591+00:00,58051,66ec7050-ec57-40ab-8f47-c4287b6aac37,,2,ARMED_IDLE,0x0000,NONE,0,1,0,1,0,0,0.0,0.513,0.0,0.0,0.0,0.0,0.0,0.0,0.0,-0.31,112.25,1012.9,20.3,9.0,0.0,0.0,0.0,,0.0,0,0,0,0,0,4.2,0.01,0.0,0.0,0.0,0.0,4.23
2026-06-05T07:50:03.735+00:00,58226,66ec7050-ec57-40ab-8f47-c4287b6aac37,,2,ARMED_IDLE,0x0000,NONE,0,1,0,1,0,0,0.0,1.05,0.0,0.0,0.0,0.0,0.0,0.0,0.0,0.9,112.5,1013.0,20.3,9.0,0.0,0.0,0.0,,0.0,0,0,0,0,0,4.2,0.01,0.0,0.0,0.0,0.0,6.91
2026-06-05T07:50:03.908+00:00,58401,66ec7050-ec57-40ab-8f47-c4287b6aac37,,2,ARMED_IDLE,0x0000,NONE,0,1,0,1,0,0,0.0,0.219,0.0,0.0,0.0,0.0,0.0,0.0,0.0,0.65,110.17,1013.0,20.3,9.0,0.0,0.0,0.0,,0.0,0,0,0,0,0,4.2,0.01,0.0,0.0,0.0,0.0,-1.43
2026-06-05T07:50:04.112+00:00,58575,66ec7050-ec57-40ab-8f47-c4287b6aac37,,2,ARMED_IDLE,0x0000,NONE,0,1,0,1,0,0,0.0,0.317,0.0,0.0,0.0,0.0,0.0,0.0,0.0,-0.31,112.5,1013.0,20.3,9.0,0.0,0.0,0.0,,0.0,0,0,0,0,0,4.2,0.01,0.0,0.0,0.0,0.0,-5.52
2026-06-05T07:50:04.300+00:00,58750,66ec7050-ec57-40ab-8f47-c4287b6aac37,,2,ARMED_IDLE,0x0000,NONE,0,1,0,1,0,0,0.0,0.513,0.0,0.0,0.0,0.0,0.0,0.0,0.0,-1.29,112.5,1012.9,20.3,9.0,0.0,0.0,0.0,,0.0,0,0,0,0,0,4.2,0.01,0.0,0.0,0.0,0.0,-5.6
2026-06-05T07:50:04.436+00:00,58926,66ec7050-ec57-40ab-8f47-c4287b6aac37,,2,ARMED_IDLE,0x0000,NONE,0,1,0,1,0,0,0.0,0.073,0.0,0.0,0.0,0.0,0.0,0.0,0.0,1.14,109.93,1013.0,20.3,9.0,0.0,0.0,0.0,,0.0,0,0,0,0,0,4.2,0.01,0.0,0.0,0.0,0.0,13.81
2026-06-05T07:50:04.609+00:00,59101,66ec7050-ec57-40ab-8f47-c4287b6aac37,,2,ARMED_IDLE,0x0000,NONE,0,1,0,1,0,0,0.0,0.171,0.0,0.0,0.0,0.0,0.0,0.0,0.0,0.0,108.71,1013.0,20.3,9.0,0.0,0.0,0.0,,0.0,0,0,0,0,0,4.2,0.01,0.0,0.0,0.0,0.0,-6.51
2026-06-05T07:50:04.821+00:00,59276,66ec7050-ec57-40ab-8f47-c4287b6aac37,,2,ARMED_IDLE,0x0000,NONE,0,1,0,1,0,0,0.0,0.464,0.0,0.0,0.0,0.0,0.0,0.0,0.0,-0.31,112.5,1013.0,20.3,9.0,0.0,0.0,0.0,,0.0,0,0,0,0,0,4.2,0.01,0.0,0.0,0.0,0.0,-1.77
2026-06-05T07:50:05.008+00:00,59450,66ec7050-ec57-40ab-8f47-c4287b6aac37,,2,ARMED_IDLE,0x0000,NONE,0,1,0,1,0,0,0.0,0.024,0.0,0.0,0.0,0.0,0.0,0.0,0.0,0.65,109.44,1012.9,20.3,9.0,0.0,0.0,0.0,,0.0,0,0,0,0,0,4.2,0.01,0.0,0.0,0.0,0.0,5.52
2026-06-05T07:50:05.136+00:00,59625,66ec7050-ec57-40ab-8f47-c4287b6aac37,,2,ARMED_IDLE,0x0000,NONE,0,1,0,1,0,0,0.0,0.366,0.0,0.0,0.0,0.0,0.0,0.0,0.0,-0.8,111.76,1013.0,20.3,9.0,0.0,0.0,0.0,,0.0,0,0,0,0,0,4.2,0.01,0.0,0.0,0.0,0.0,-8.29
2026-06-05T07:50:05.309+00:00,59800,66ec7050-ec57-40ab-8f47-c4287b6aac37,,2,ARMED_IDLE,0x0000,NONE,0,1,0,1,0,0,0.0,0.219,0.0,0.0,0.0,0.0,0.0,0.0,0.0,-1.29,110.17,1013.0,20.3,9.0,0.0,0.0,0.0,,0.0,0,0,0,0,0,4.2,0.01,0.0,0.0,0.0,0.0,-2.8
2026-06-05T07:50:05.531+00:00,59975,66ec7050-ec57-40ab-8f47-c4287b6aac37,,2,ARMED_IDLE,0x0000,NONE,0,1,0,1,0,0,0.0,0.317,0.0,0.0,0.0,0.0,0.0,0.0,0.0,-2.27,112.5,1012.9,20.3,9.0,0.0,0.0,0.0,,0.0,0,0,0,0,0,4.2,0.01,0.0,0.0,0.0,0.0,-5.6
2026-06-05T07:50:05.721+00:00,60149,66ec7050-ec57-40ab-8f47-c4287b6aac37,,2,ARMED_IDLE,0x0000,NONE,0,1,0,1,0,0,0.0,1.295,0.0,0.0,0.0,0.0,0.0,0.0,0.0,0.65,112.5,1012.9,20.3,9.0,0.0,0.0,0.0,,0.0,0,0,0,0,0,4.2,0.01,0.0,0.0,0.0,0.0,16.78
2026-06-05T07:50:05.837+00:00,60324,66ec7050-ec57-40ab-8f47-c4287b6aac37,,2,ARMED_IDLE,0x0000,NONE,0,1,0,1,0,0,0.0,0.268,0.0,0.0,0.0,0.0,0.0,0.0,0.0,-1.78,112.13,1013.0,20.3,9.0,0.0,0.0,0.0,,0.0,0,0,0,0,0,4.2,0.01,0.0,0.0,0.0,0.0,-13.89
2026-06-05T07:50:06.009+00:00,60499,66ec7050-ec57-40ab-8f47-c4287b6aac37,,2,ARMED_IDLE,0x0000,NONE,0,1,0,1,0,0,0.0,0.708,0.0,0.0,0.0,0.0,0.0,0.0,0.0,-0.31,112.5,1012.9,20.3,9.0,0.0,0.0,0.0,,0.0,0,0,0,0,0,4.2,0.01,0.0,0.0,0.0,0.0,8.4
2026-06-05T07:50:06.245+00:00,60675,66ec7050-ec57-40ab-8f47-c4287b6aac37,,2,ARMED_IDLE,0x0000,NONE,0,1,0,1,0,0,0.0,0.073,0.0,0.0,0.0,0.0,0.0,0.0,0.0,-0.31,109.81,1013.0,20.3,9.0,0.0,0.0,0.0,,0.0,0,0,0,0,0,4.2,0.01,0.0,0.0,0.0,0.0,0.0
2026-06-05T07:50:06.436+00:00,60850,66ec7050-ec57-40ab-8f47-c4287b6aac37,,2,ARMED_IDLE,0x0000,NONE,0,1,0,1,0,0,0.0,0.0,0.0,0.0,0.0,0.0,0.0,0.0,0.0,0.65,110.17,1013.0,20.3,9.0,0.0,0.0,0.0,,0.0,0,0,0,0,0,4.2,0.01,0.0,0.0,0.0,0.0,5.49
2026-06-05T07:50:06.534+00:00,61024,66ec7050-ec57-40ab-8f47-c4287b6aac37,,2,ARMED_IDLE,0x0000,NONE,0,1,0,1,0,0,0.0,0.0,0.0,0.0,0.0,0.0,0.0,0.0,0.0,1.63,110.54,1013.0,20.3,9.0,0.0,0.0,0.0,,0.0,0,0,0,0,0,4.2,0.01,0.0,0.0,0.0,0.0,5.63
2026-06-05T07:50:06.709+00:00,61199,66ec7050-ec57-40ab-8f47-c4287b6aac37,,2,ARMED_IDLE,0x0000,NONE,0,1,0,1,0,0,0.0,0.0,0.0,0.0,0.0,0.0,0.0,0.0,0.0,0.0,109.81,1013.0,20.3,9.0,0.0,0.0,0.0,,0.0,0,0,0,0,0,4.2,0.01,0.0,0.0,0.0,0.0,-9.31
2026-06-05T07:50:06.965+00:00,61374,66ec7050-ec57-40ab-8f47-c4287b6aac37,,2,ARMED_IDLE,0x0000,NONE,0,1,0,1,0,0,0.0,0.659,0.0,0.0,0.0,0.0,0.0,0.0,0.0,-2.02,112.5,1012.9,20.3,9.0,0.0,0.0,0.0,,0.0,0,0,0,0,0,4.2,0.01,0.0,0.0,0.0,0.0,-11.54
2026-06-05T07:50:07.067+00:00,61549,66ec7050-ec57-40ab-8f47-c4287b6aac37,,2,ARMED_IDLE,0x0000,NONE,0,1,0,1,0,0,0.0,0.0,0.0,0.0,0.0,0.0,0.0,0.0,0.0,-0.31,108.95,1012.9,20.3,8.9,0.0,0.0,0.0,,0.0,0,0,0,0,0,4.2,0.01,0.0,0.0,0.0,0.0,9.77
2026-06-05T07:50:07.234+00:00,61723,66ec7050-ec57-40ab-8f47-c4287b6aac37,,2,ARMED_IDLE,0x0000,NONE,0,1,0,1,0,0,0.0,0.0,0.0,0.0,0.0,0.0,0.0,0.0,0.0,1.88,109.68,1013.0,20.3,9.0,0.0,0.0,0.0,,0.0,0,0,0,0,0,4.2,0.01,0.0,0.0,0.0,0.0,12.59
2026-06-05T07:50:07.410+00:00,61898,66ec7050-ec57-40ab-8f47-c4287b6aac37,,2,ARMED_IDLE,0x0000,NONE,0,1,0,1,0,0,0.0,0.171,0.0,0.0,0.0,0.0,0.0,0.0,0.0,0.41,111.03,1012.9,20.3,9.0,0.0,0.0,0.0,,0.0,0,0,0,0,0,4.2,0.01,0.0,0.0,0.0,0.0,-8.4
2026-06-05T07:50:07.586+00:00,62072,66ec7050-ec57-40ab-8f47-c4287b6aac37,,2,ARMED_IDLE,0x0000,NONE,0,1,0,1,0,0,0.0,0.513,0.0,0.0,0.0,0.0,0.0,0.0,0.0,0.41,112.5,1012.9,20.3,9.0,0.0,0.0,0.0,,0.0,0,0,0,0,0,4.2,0.01,0.0,0.0,0.0,0.0,0.0
2026-06-05T07:50:07.779+00:00,62247,66ec7050-ec57-40ab-8f47-c4287b6aac37,,2,ARMED_IDLE,0x0000,NONE,0,1,0,1,0,0,0.0,0.953,0.0,0.0,0.0,0.0,0.0,0.0,0.0,-0.56,112.5,1013.0,20.3,9.0,0.0,0.0,0.0,,0.0,0,0,0,0,0,4.2,0.01,0.0,0.0,0.0,0.0,-5.54
2026-06-05T07:50:07.935+00:00,62423,66ec7050-ec57-40ab-8f47-c4287b6aac37,,2,ARMED_IDLE,0x0000,NONE,0,1,0,1,0,0,0.0,0.366,0.0,0.0,0.0,0.0,0.0,0.0,0.0,-1.05,112.13,1012.9,20.3,9.0,0.0,0.0,0.0,,0.0,0,0,0,0,0,4.2,0.01,0.0,0.0,0.0,0.0,-2.78
2026-06-05T07:50:08.110+00:00,62598,66ec7050-ec57-40ab-8f47-c4287b6aac37,,2,ARMED_IDLE,0x0000,NONE,0,1,0,1,0,0,0.0,0.317,0.0,0.0,0.0,0.0,0.0,0.0,0.0,-0.31,112.5,1013.0,20.3,9.0,0.0,0.0,0.0,,0.0,0,0,0,0,0,4.2,0.01,0.0,0.0,0.0,0.0,4.23
2026-06-05T07:50:08.286+00:00,62773,66ec7050-ec57-40ab-8f47-c4287b6aac37,,2,ARMED_IDLE,0x0000,NONE,0,1,0,1,0,0,0.0,0.0,0.0,0.0,0.0,0.0,0.0,0.0,0.0,0.65,112.5,1013.0,20.3,9.0,0.0,0.0,0.0,,0.0,0,0,0,0,0,4.2,0.01,0.0,0.0,0.0,0.0,5.49
2026-06-05T07:50:08.527+00:00,62947,66ec7050-ec57-40ab-8f47-c4287b6aac37,,2,ARMED_IDLE,0x0000,NONE,0,1,0,1,0,0,0.0,1.392,0.0,0.0,0.0,0.0,0.0,0.0,0.0,-1.53,112.5,1012.9,20.3,9.0,0.0,0.0,0.0,,0.0,0,0,0,0,0,4.2,0.01,0.0,0.0,0.0,0.0,-12.53
2026-06-05T07:50:08.635+00:00,63122,66ec7050-ec57-40ab-8f47-c4287b6aac37,,2,ARMED_IDLE,0x0000,NONE,0,1,0,1,0,0,0.0,0.0,0.0,0.0,0.0,0.0,0.0,0.0,0.0,0.9,108.83,1013.0,20.3,9.0,0.0,0.0,0.0,,0.0,0,0,0,0,0,4.2,0.01,0.0,0.0,0.0,0.0,13.89
2026-06-05T07:50:08.810+00:00,63297,66ec7050-ec57-40ab-8f47-c4287b6aac37,,2,ARMED_IDLE,0x0000,NONE,0,1,0,1,0,0,0.0,0.757,0.0,0.0,0.0,0.0,0.0,0.0,0.0,1.14,112.5,1012.9,20.3,8.9,0.0,0.0,0.0,,0.0,0,0,0,0,0,4.2,0.01,0.0,0.0,0.0,0.0,1.37
2026-06-05T07:50:08.986+00:00,63472,66ec7050-ec57-40ab-8f47-c4287b6aac37,,2,ARMED_IDLE,0x0000,NONE,0,1,0,1,0,0,0.0,0.0,0.0,0.0,0.0,0.0,0.0,0.0,0.0,1.63,112.5,1013.0,20.3,9.0,0.0,0.0,0.0,,0.0,0,0,0,0,0,4.2,0.01,0.0,0.0,0.0,0.0,2.8
2026-06-05T07:50:09.228+00:00,63647,66ec7050-ec57-40ab-8f47-c4287b6aac37,,2,ARMED_IDLE,0x0000,NONE,0,1,0,1,0,0,0.0,0.0,0.0,0.0,0.0,0.0,0.0,0.0,0.0,2.12,110.05,1012.9,20.3,9.0,0.0,0.0,0.0,,0.0,0,0,0,0,0,4.2,0.01,0.0,0.0,0.0,0.0,2.8
2026-06-05T07:50:09.340+00:00,63821,66ec7050-ec57-40ab-8f47-c4287b6aac37,,2,ARMED_IDLE,0x0000,NONE,0,1,0,1,0,0,0.0,0.0,0.0,0.0,0.0,0.0,0.0,0.0,0.0,1.39,110.54,1012.9,20.3,9.0,0.0,0.0,0.0,,0.0,0,0,0,0,0,4.2,0.01,0.0,0.0,0.0,0.0,-4.2
2026-06-05T07:50:09.510+00:00,63996,66ec7050-ec57-40ab-8f47-c4287b6aac37,,2,ARMED_IDLE,0x0000,NONE,0,1,0,1,0,0,0.0,0.0,0.0,0.0,0.0,0.0,0.0,0.0,0.0,1.14,109.81,1012.9,20.3,9.0,0.0,0.0,0.0,,0.0,0,0,0,0,0,4.2,0.01,0.0,0.0,0.0,0.0,-1.43
2026-06-05T07:50:09.683+00:00,64171,66ec7050-ec57-40ab-8f47-c4287b6aac37,,2,ARMED_IDLE,0x0000,NONE,0,1,0,1,0,0,0.0,0.0,0.0,0.0,0.0,0.0,0.0,0.0,0.0,0.41,110.17,1012.9,20.3,9.0,0.0,0.0,0.0,,0.0,0,0,0,0,0,4.2,0.01,0.0,0.0,0.0,0.0,-4.17
2026-06-05T07:50:09.859+00:00,64346,66ec7050-ec57-40ab-8f47-c4287b6aac37,,2,ARMED_IDLE,0x0000,NONE,0,1,0,1,0,0,0.0,0.122,0.0,0.0,0.0,0.0,0.0,0.0,0.0,-1.05,112.5,1013.0,20.3,9.0,0.0,0.0,0.0,,0.0,0,0,0,0,0,4.2,0.01,0.0,0.0,0.0,0.0,-8.34
2026-06-05T07:50:10.047+00:00,64521,66ec7050-ec57-40ab-8f47-c4287b6aac37,,2,ARMED_IDLE,0x0000,NONE,0,1,0,1,0,0,0.0,0.024,0.0,0.0,0.0,0.0,0.0,0.0,0.0,1.39,108.71,1013.0,20.3,9.0,0.0,0.0,0.0,,0.0,0,0,0,0,0,4.2,0.01,0.0,0.0,0.0,0.0,13.94
2026-06-05T07:50:10.211+00:00,64696,66ec7050-ec57-40ab-8f47-c4287b6aac37,,2,ARMED_IDLE,0x0000,NONE,0,1,0,1,0,0,0.0,0.0,0.0,0.0,0.0,0.0,0.0,0.0,0.0,1.39,111.03,1012.9,20.3,9.0,0.0,0.0,0.0,,0.0,0,0,0,0,0,4.2,0.01,0.0,0.0,0.0,0.0,0.0
2026-06-05T07:50:10.384+00:00,64870,66ec7050-ec57-40ab-8f47-c4287b6aac37,,2,ARMED_IDLE,0x0000,NONE,0,1,0,1,0,0,0.0,0.0,0.0,0.0,0.0,0.0,0.0,0.0,0.0,-0.56,109.81,1013.0,20.3,9.0,0.0,0.0,0.0,,0.0,0,0,0,0,0,4.2,0.01,0.0,0.0,0.0,0.0,-11.21
2026-06-05T07:50:10.567+00:00,65045,66ec7050-ec57-40ab-8f47-c4287b6aac37,,2,ARMED_IDLE,0x0000,NONE,0,1,0,1,0,0,0.0,0.024,0.0,0.0,0.0,0.0,0.0,0.0,0.0,-0.56,111.64,1013.0,20.3,9.0,0.0,0.0,0.0,,0.0,0,0,0,0,0,4.2,0.01,0.0,0.0,0.0,0.0,0.0
2026-06-05T07:50:10.757+00:00,65220,66ec7050-ec57-40ab-8f47-c4287b6aac37,,2,ARMED_IDLE,0x0000,NONE,0,1,0,1,0,0,0.0,0.562,0.0,0.0,0.0,0.0,0.0,0.0,0.0,-1.05,112.25,1013.0,20.3,9.0,0.0,0.0,0.0,,0.0,0,0,0,0,0,4.2,0.01,0.0,0.0,0.0,0.0,-2.8
2026-06-05T07:50:10.911+00:00,65395,66ec7050-ec57-40ab-8f47-c4287b6aac37,,2,ARMED_IDLE,0x0000,NONE,0,1,0,1,0,0,0.0,0.122,0.0,0.0,0.0,0.0,0.0,0.0,0.0,-2.02,111.4,1012.9,20.3,9.0,0.0,0.0,0.0,,0.0,0,0,0,0,0,4.2,0.01,0.0,0.0,0.0,0.0,-5.54
2026-06-05T07:50:11.085+00:00,65570,66ec7050-ec57-40ab-8f47-c4287b6aac37,,2,ARMED_IDLE,0x0000,NONE,0,1,0,1,0,0,0.0,0.464,0.0,0.0,0.0,0.0,0.0,0.0,0.0,-0.8,111.4,1013.0,20.3,9.0,0.0,0.0,0.0,,0.0,0,0,0,0,0,4.2,0.01,0.0,0.0,0.0,0.0,6.97
2026-06-05T07:50:11.280+00:00,65745,66ec7050-ec57-40ab-8f47-c4287b6aac37,,2,ARMED_IDLE,0x0000,NONE,0,1,0,1,0,0,0.0,0.317,0.0,0.0,0.0,0.0,0.0,0.0,0.0,-0.31,112.5,1013.0,20.3,9.0,0.0,0.0,0.0,,0.0,0,0,0,0,0,4.2,0.01,0.0,0.0,0.0,0.0,2.8
2026-06-05T07:50:11.473+00:00,65920,66ec7050-ec57-40ab-8f47-c4287b6aac37,,2,ARMED_IDLE,0x0000,NONE,0,1,0,1,0,0,0.0,1.001,0.0,0.0,0.0,0.0,0.0,0.0,0.0,0.9,112.5,1012.9,20.3,9.0,0.0,0.0,0.0,,0.0,0,0,0,0,0,4.2,0.01,0.0,0.0,0.0,0.0,6.91
2026-06-05T07:50:11.608+00:00,66095,66ec7050-ec57-40ab-8f47-c4287b6aac37,,2,ARMED_IDLE,0x0000,NONE,0,1,0,1,0,0,0.0,0.0,0.0,0.0,0.0,0.0,0.0,0.0,0.0,0.65,111.88,1013.0,20.3,9.0,0.0,0.0,0.0,,0.0,0,0,0,0,0,4.2,0.01,0.0,0.0,0.0,0.0,-1.43
2026-06-05T07:50:11.784+00:00,66270,66ec7050-ec57-40ab-8f47-c4287b6aac37,,2,ARMED_IDLE,0x0000,NONE,0,1,0,1,0,0,0.0,0.268,0.0,0.0,0.0,0.0,0.0,0.0,0.0,0.9,110.54,1013.0,20.3,9.0,0.0,0.0,0.0,,0.0,0,0,0,0,0,4.2,0.01,0.0,0.0,0.0,0.0,1.43
2026-06-05T07:50:11.997+00:00,66445,66ec7050-ec57-40ab-8f47-c4287b6aac37,,2,ARMED_IDLE,0x0000,NONE,0,1,0,1,0,0,0.0,0.317,0.0,0.0,0.0,0.0,0.0,0.0,0.0,0.0,112.5,1013.0,20.3,9.0,0.0,0.0,0.0,,0.0,0,0,0,0,0,4.2,0.01,0.0,0.0,0.0,0.0,-5.14
2026-06-05T07:50:12.190+00:00,66619,66ec7050-ec57-40ab-8f47-c4287b6aac37,,2,ARMED_IDLE,0x0000,NONE,0,1,0,1,0,0,0.0,0.953,0.0,0.0,0.0,0.0,0.0,0.0,0.0,-0.56,112.5,1013.0,20.3,9.0,0.0,0.0,0.0,,0.0,0,0,0,0,0,4.2,0.01,0.0,0.0,0.0,0.0,-3.22
2026-06-05T07:50:12.309+00:00,66794,66ec7050-ec57-40ab-8f47-c4287b6aac37,,2,ARMED_IDLE,0x0000,NONE,0,1,0,1,0,0,0.0,0.122,0.0,0.0,0.0,0.0,0.0,0.0,0.0,1.63,111.27,1012.9,20.3,9.0,0.0,0.0,0.0,,0.0,0,0,0,0,0,4.2,0.01,0.0,0.0,0.0,0.0,12.51
2026-06-05T07:50:12.484+00:00,66969,66ec7050-ec57-40ab-8f47-c4287b6aac37,,2,ARMED_IDLE,0x0000,NONE,0,1,0,1,0,0,0.0,0.0,0.0,0.0,0.0,0.0,0.0,0.0,0.0,-0.31,109.07,1012.9,20.3,9.0,0.0,0.0,0.0,,0.0,0,0,0,0,0,4.2,0.01,0.0,0.0,0.0,0.0,-11.09
2026-06-05T07:50:12.702+00:00,67143,66ec7050-ec57-40ab-8f47-c4287b6aac37,,2,ARMED_IDLE,0x0000,NONE,0,1,0,1,0,0,0.0,0.0,0.0,0.0,0.0,0.0,0.0,0.0,0.0,0.41,112.5,1013.0,20.3,9.0,0.0,0.0,0.0,,0.0,0,0,0,0,0,4.2,0.01,0.0,0.0,0.0,0.0,4.14
2026-06-05T07:50:12.914+00:00,67318,66ec7050-ec57-40ab-8f47-c4287b6aac37,,2,ARMED_IDLE,0x0000,NONE,0,1,0,1,0,0,0.0,0.464,0.0,0.0,0.0,0.0,0.0,0.0,0.0,-1.53,111.03,1013.0,20.3,9.0,0.0,0.0,0.0,,0.0,0,0,0,0,0,4.2,0.01,0.0,0.0,0.0,0.0,-11.09
2026-06-05T07:50:13.009+00:00,67493,66ec7050-ec57-40ab-8f47-c4287b6aac37,,2,ARMED_IDLE,0x0000,NONE,0,1,0,1,0,0,0.0,0.024,0.0,0.0,0.0,0.0,0.0,0.0,0.0,0.0,112.5,1013.0,20.3,9.0,0.0,0.0,0.0,,0.0,0,0,0,0,0,4.2,0.01,0.0,0.0,0.0,0.0,8.74
2026-06-05T07:50:13.185+00:00,67668,66ec7050-ec57-40ab-8f47-c4287b6aac37,,2,ARMED_IDLE,0x0000,NONE,0,1,0,1,0,0,0.0,0.0,0.0,0.0,0.0,0.0,0.0,0.0,0.0,2.37,108.22,1012.9,20.3,9.0,0.0,0.0,0.0,,0.0,0,0,0,0,0,4.2,0.01,0.0,0.0,0.0,0.0,13.54
2026-06-05T07:50:13.361+00:00,67843,66ec7050-ec57-40ab-8f47-c4287b6aac37,,2,ARMED_IDLE,0x0000,NONE,0,1,0,1,0,0,0.0,0.0,0.0,0.0,0.0,0.0,0.0,0.0,0.0,1.88,111.03,1012.9,20.3,9.0,0.0,0.0,0.0,,0.0,0,0,0,0,0,4.2,0.01,0.0,0.0,0.0,0.0,-2.8
2026-06-05T07:50:13.585+00:00,68018,66ec7050-ec57-40ab-8f47-c4287b6aac37,,2,ARMED_IDLE,0x0000,NONE,0,1,0,1,0,0,0.0,0.0,0.0,0.0,0.0,0.0,0.0,0.0,0.0,0.0,108.83,1013.0,20.3,9.0,0.0,0.0,0.0,,0.0,0,0,0,0,0,4.2,0.01,0.0,0.0,0.0,0.0,-10.74
2026-06-05T07:50:13.709+00:00,68192,66ec7050-ec57-40ab-8f47-c4287b6aac37,,2,ARMED_IDLE,0x0000,NONE,0,1,0,1,0,0,0.0,0.122,0.0,0.0,0.0,0.0,0.0,0.0,0.0,0.0,111.27,1013.0,20.3,9.0,0.0,0.0,0.0,,0.0,0,0,0,0,0,4.2,0.01,0.0,0.0,0.0,0.0,0.0
2026-06-05T07:50:13.885+00:00,68367,66ec7050-ec57-40ab-8f47-c4287b6aac37,,2,ARMED_IDLE,0x0000,NONE,0,1,0,1,0,0,0.0,0.513,0.0,0.0,0.0,0.0,0.0,0.0,0.0,-1.29,112.5,1013.0,20.3,9.0,0.0,0.0,0.0,,0.0,0,0,0,0,0,4.2,0.01,0.0,0.0,0.0,0.0,-7.37
2026-06-05T07:50:14.058+00:00,68542,66ec7050-ec57-40ab-8f47-c4287b6aac37,,2,ARMED_IDLE,0x0000,NONE,0,1,0,1,0,0,0.0,0.0,0.0,0.0,0.0,0.0,0.0,0.0,0.0,0.65,110.66,1013.0,20.3,9.0,0.0,0.0,0.0,,0.0,0,0,0,0,0,4.2,0.01,0.0,0.0,0.0,0.0,11.09
2026-06-05T07:50:14.296+00:00,68716,66ec7050-ec57-40ab-8f47-c4287b6aac37,,2,ARMED_IDLE,0x0000,NONE,0,1,0,1,0,0,0.0,0.0,0.0,0.0,0.0,0.0,0.0,0.0,0.0,0.0,109.68,1013.0,20.3,9.0,0.0,0.0,0.0,,0.0,0,0,0,0,0,4.2,0.01,0.0,0.0,0.0,0.0,-3.74
2026-06-05T07:50:14.409+00:00,68891,66ec7050-ec57-40ab-8f47-c4287b6aac37,,2,ARMED_IDLE,0x0000,NONE,0,1,0,1,0,0,0.0,0.073,0.0,0.0,0.0,0.0,0.0,0.0,0.0,0.0,111.27,1013.0,20.3,9.0,0.0,0.0,0.0,,0.0,0,0,0,0,0,4.2,0.01,0.0,0.0,0.0,0.0,0.0
2026-06-05T07:50:14.582+00:00,69065,66ec7050-ec57-40ab-8f47-c4287b6aac37,,2,ARMED_IDLE,0x0000,NONE,0,1,0,1,0,0,0.0,0.0,0.0,0.0,0.0,0.0,0.0,0.0,0.0,2.12,109.68,1013.0,20.3,9.0,0.0,0.0,0.0,,0.0,0,0,0,0,0,4.2,0.01,0.0,0.0,0.0,0.0,12.18
2026-06-05T07:50:14.758+00:00,69240,66ec7050-ec57-40ab-8f47-c4287b6aac37,,2,ARMED_IDLE,0x0000,NONE,0,1,0,1,0,0,0.0,0.317,0.0,0.0,0.0,0.0,0.0,0.0,0.0,0.0,111.03,1013.0,20.3,9.0,0.0,0.0,0.0,,0.0,0,0,0,0,0,4.2,0.01,0.0,0.0,0.0,0.0,-12.11
2026-06-05T07:50:15.012+00:00,69415,66ec7050-ec57-40ab-8f47-c4287b6aac37,,2,ARMED_IDLE,0x0000,NONE,0,1,0,1,0,0,0.0,1.099,0.0,0.0,0.0,0.0,0.0,0.0,0.0,0.0,112.5,1013.0,20.3,9.0,0.0,0.0,0.0,,0.0,0,0,0,0,0,4.2,0.01,0.0,0.0,0.0,0.0,0.0
2026-06-05T07:50:15.110+00:00,69591,66ec7050-ec57-40ab-8f47-c4287b6aac37,,4,CHARGE_WATER,0x0000,NONE,0,1,0,1,1,0,0.0,0.219,0.0,0.0,0.0,0.0,0.0,0.0,0.0,-1.05,110.66,1013.0,20.3,9.0,0.0,0.0,0.0,,0.0,0,1,0,0,0,4.2,0.01,0.0,0.0,0.0,0.0,-5.97
2026-06-05T07:50:15.286+00:00,69766,66ec7050-ec57-40ab-8f47-c4287b6aac37,,4,CHARGE_WATER,0x0000,NONE,0,1,0,1,1,0,0.0,0.219,0.0,0.0,1.016,0.0,0.0,121.92,91.44,-0.8,104.06,506.1,-455.5,-509.3,0.0,0.0,0.0,,0.0,0,0,0,0,0,4.2,0.01,0.0,16.0,16.0,0.04,1.43
2026-06-05T07:50:15.458+00:00,69941,66ec7050-ec57-40ab-8f47-c4287b6aac37,,10,FAULT,0x2000,PUMP_CAVITATION,0,1,0,1,1,0,0.0,0.0,0.0,0.0,2.024,0.0,0.0,242.88,182.16,0.9,107.12,1012.9,20.3,9.0,0.0,0.0,0.0,,0.0,0,0,0,0,0,4.2,0.01,0.0,47.88,47.88,0.01,9.71
2026-06-05T07:50:15.641+00:00,70116,66ec7050-ec57-40ab-8f47-c4287b6aac37,,10,FAULT,0x2000,PUMP_CAVITATION,0,1,0,1,1,0,0.0,1.05,0.0,0.0,2.431,0.0,0.0,291.72,218.79,-0.56,112.5,1012.9,20.3,9.0,0.0,0.0,0.0,,0.0,0,0,0,0,0,4.2,0.01,0.0,86.17,86.17,0.01,-8.34
2026-06-05T07:50:15.830+00:00,70292,66ec7050-ec57-40ab-8f47-c4287b6aac37,,10,FAULT,0x2000,PUMP_CAVITATION,0,1,0,1,1,0,0.0,0.122,0.0,0.0,2.561,0.0,0.0,307.32,230.49,-0.31,112.5,1012.9,20.3,9.0,0.0,0.0,0.0,,0.0,0,0,0,0,0,4.2,0.01,0.0,126.73,126.73,0.01,1.42
2026-06-05T07:50:15.987+00:00,70467,66ec7050-ec57-40ab-8f47-c4287b6aac37,,10,FAULT,0x2000,PUMP_CAVITATION,0,1,0,1,1,0,0.0,0.953,0.0,0.0,2.621,0.0,0.0,314.52,235.89,0.9,106.14,1013.0,20.3,9.0,0.0,0.0,0.0,,0.0,0,0,0,0,0,4.2,0.01,0.0,168.02,168.02,0.0,6.91
2026-06-05T07:50:16.163+00:00,70643,66ec7050-ec57-40ab-8f47-c4287b6aac37,,10,FAULT,0x2000,PUMP_CAVITATION,0,1,0,1,1,0,0.0,0.61,0.0,0.0,2.643,0.0,0.0,317.16,237.87,-1.05,112.5,1013.0,20.3,9.0,0.0,0.0,0.0,,0.0,0,0,0,0,0,4.2,0.01,0.0,209.88,209.88,0.0,-11.08
2026-06-05T07:50:16.357+00:00,70818,66ec7050-ec57-40ab-8f47-c4287b6aac37,,10,FAULT,0x2000,PUMP_CAVITATION,0,1,0,1,1,0,0.0,0.0,0.0,0.0,2.653,0.0,0.0,318.36,238.77,-0.31,107.36,1012.9,20.3,9.0,0.0,0.0,0.0,,0.0,0,0,0,0,0,4.2,0.01,0.0,251.67,251.67,0.0,4.23
2026-06-05T07:50:16.546+00:00,70994,66ec7050-ec57-40ab-8f47-c4287b6aac37,,10,FAULT,0x2000,PUMP_CAVITATION,0,1,0,1,1,0,0.0,0.073,0.0,0.0,2.653,0.0,0.0,318.36,238.77,0.41,112.5,1012.9,20.3,9.0,0.0,0.0,0.0,,0.0,0,0,0,0,0,4.2,0.01,0.0,293.69,293.69,0.0,4.09
2026-06-05T07:50:16.691+00:00,71170,66ec7050-ec57-40ab-8f47-c4287b6aac37,,10,FAULT,0x2000,PUMP_CAVITATION,0,1,0,1,1,0,0.0,0.562,0.0,0.0,2.652,0.0,0.0,318.24,238.68,-2.51,110.78,1012.9,20.3,8.9,0.0,0.0,0.0,,0.0,0,0,0,0,0,4.2,0.01,0.0,335.7,335.7,0.0,-16.59
2026-06-05T07:50:16.867+00:00,71346,66ec7050-ec57-40ab-8f47-c4287b6aac37,,10,FAULT,0x2000,PUMP_CAVITATION,0,1,0,1,1,0,0.0,0.855,0.0,0.0,2.646,0.0,0.0,317.52,238.14,-0.56,112.5,1013.0,20.3,9.0,0.0,0.0,0.0,,0.0,0,0,0,0,0,4.2,0.01,0.0,377.61,377.61,0.0,11.08
2026-06-05T07:50:17.076+00:00,71521,66ec7050-ec57-40ab-8f47-c4287b6aac37,,10,FAULT,0x2000,PUMP_CAVITATION,0,1,0,1,1,0,0.0,0.61,0.0,0.0,2.645,0.0,0.0,317.4,238.05,-0.56,112.5,1013.1,20.3,9.2,0.0,0.0,0.0,,0.0,0,0,0,0,0,4.2,0.01,0.0,419.27,419.27,0.0,0.0
2026-06-05T07:50:17.275+00:00,71697,66ec7050-ec57-40ab-8f47-c4287b6aac37,,10,FAULT,0x2000,PUMP_CAVITATION,0,1,0,1,1,0,0.0,0.61,0.0,0.0,2.641,0.0,0.0,316.92,237.69,-0.8,112.13,1012.9,20.3,8.9,0.0,0.0,0.0,,0.0,0,0,0,0,0,4.2,0.01,0.0,461.1,461.1,0.0,-1.36
2026-06-05T07:50:17.392+00:00,71872,66ec7050-ec57-40ab-8f47-c4287b6aac37,,10,FAULT,0x2000,PUMP_CAVITATION,0,1,0,1,1,0,0.0,0.61,0.0,0.0,2.637,0.0,0.0,316.44,237.33,0.9,112.5,1012.8,20.3,8.9,0.0,0.0,0.0,,0.0,0,0,0,0,0,4.2,0.01,0.0,502.63,502.63,0.0,9.71
2026-06-05T07:50:17.568+00:00,72048,66ec7050-ec57-40ab-8f47-c4287b6aac37,,10,FAULT,0x2000,PUMP_CAVITATION,0,1,0,1,1,0,0.0,0.0,0.0,0.0,2.632,0.0,0.0,315.84,236.88,0.0,108.71,1013.0,20.3,9.0,0.0,0.0,0.0,,0.0,0,0,0,0,0,4.2,0.01,0.0,544.32,544.32,0.0,-5.11
2026-06-05T07:50:17.808+00:00,72223,66ec7050-ec57-40ab-8f47-c4287b6aac37,,10,FAULT,0x2000,PUMP_CAVITATION,0,1,0,1,1,0,0.0,0.757,0.0,0.0,2.631,0.0,0.0,315.72,236.79,0.0,112.5,1012.9,20.3,8.9,0.0,0.0,0.0,,0.0,0,0,0,0,0,4.2,0.01,0.0,585.76,585.76,0.0,0.0
2026-06-05T07:50:18.001+00:00,72398,66ec7050-ec57-40ab-8f47-c4287b6aac37,,10,FAULT,0x2000,PUMP_CAVITATION,0,1,0,1,0,0,0.0,0.024,0.0,0.0,2.629,0.0,0.0,315.48,236.61,0.65,107.12,1012.9,20.3,9.0,0.0,0.0,0.0,,0.0,0,0,0,0,0,4.2,0.01,0.0,627.17,627.17,0.0,3.71
2026-06-05T07:50:18.096+00:00,72574,66ec7050-ec57-40ab-8f47-c4287b6aac37,,10,FAULT,0x2000,PUMP_CAVITATION,0,1,0,1,0,0,0.0,0.708,0.0,0.0,2.626,0.0,0.0,315.12,236.34,-0.8,112.5,1013.0,20.3,9.1,0.0,0.0,0.0,,0.0,0,0,0,0,0,4.2,0.01,0.0,668.77,668.77,0.0,-8.24
2026-06-05T07:50:18.272+00:00,72750,66ec7050-ec57-40ab-8f47-c4287b6aac37,,10,FAULT,0x2000,PUMP_CAVITATION,0,1,0,1,0,0,0.0,1.05,0.0,0.0,2.623,0.0,0.0,314.76,236.07,0.0,111.76,1012.9,20.3,8.9,0.0,0.0,0.0,,0.0,0,0,0,0,0,4.2,0.01,0.0,710.31,710.31,0.0,4.55
2026-06-05T07:50:18.487+00:00,72926,66ec7050-ec57-40ab-8f47-c4287b6aac37,,10,FAULT,0x2000,PUMP_CAVITATION,0,1,0,1,0,0,0.0,0.806,0.0,0.0,2.617,0.0,0.0,314.04,235.53,1.39,112.5,1012.9,20.3,8.9,0.0,0.0,0.0,,0.0,0,0,0,0,0,4.2,0.01,0.0,751.77,751.77,0.0,7.9
2026-06-05T07:50:18.675+00:00,73101,66ec7050-ec57-40ab-8f47-c4287b6aac37,,10,FAULT,0x2000,PUMP_CAVITATION,0,1,0,1,0,0,0.0,0.268,0.0,0.0,2.614,0.0,0.0,313.68,235.26,-1.29,110.78,1013.0,20.3,9.0,0.0,0.0,0.0,,0.0,0,0,0,0,0,4.2,0.01,0.0,792.94,792.94,0.0,-15.31
2026-06-05T07:50:18.800+00:00,73277,66ec7050-ec57-40ab-8f47-c4287b6aac37,,10,FAULT,0x2000,PUMP_CAVITATION,0,0,0,1,0,0,0.0,0.806,0.0,0.0,2.611,0.0,0.0,313.32,234.99,-0.8,112.5,1013.0,20.3,9.1,0.0,0.0,0.0,,0.0,0,0,0,0,0,4.2,0.01,0.0,834.3,834.3,0.0,2.78
2026-06-05T07:50:18.976+00:00,73452,66ec7050-ec57-40ab-8f47-c4287b6aac37,,10,FAULT,0x2000,PUMP_CAVITATION,0,0,0,1,0,0,0.0,0.855,0.0,0.0,2.61,0.0,0.0,313.2,234.9,-1.05,112.5,1012.9,20.3,9.0,0.0,0.0,0.0,,0.0,0,0,0,0,0,4.2,0.01,0.0,875.4,875.4,0.0,-1.43
2026-06-05T07:50:19.149+00:00,73628,66ec7050-ec57-40ab-8f47-c4287b6aac37,,10,FAULT,0x2000,PUMP_CAVITATION,0,0,0,1,0,0,0.0,0.806,0.0,0.0,2.603,0.0,0.0,312.36,234.27,0.0,112.5,1012.9,20.3,9.0,0.0,0.0,0.0,,0.0,0,0,0,0,0,4.2,0.01,0.0,916.63,916.63,0.0,5.97
2026-06-05T07:50:19.402+00:00,73803,66ec7050-ec57-40ab-8f47-c4287b6aac37,,10,FAULT,0x2000,PUMP_CAVITATION,0,0,0,0,0,0,0.0,0.806,0.0,0.0,2.6,0.0,0.0,312.0,234.0,0.41,112.5,1012.9,20.3,8.9,0.0,0.0,0.0,,0.0,0,0,0,0,0,4.2,0.01,0.0,957.58,957.58,0.0,2.34
2026-06-05T07:50:19.503+00:00,73979,66ec7050-ec57-40ab-8f47-c4287b6aac37,,10,FAULT,0x2000,PUMP_CAVITATION,0,0,0,0,0,0,0.0,0.415,0.0,0.0,2.594,0.0,0.0,311.28,233.46,0.65,109.81,1012.9,20.3,9.0,0.0,0.0,0.0,,0.0,0,0,0,0,0,4.2,0.01,0.0,998.67,998.67,0.0,1.36
2026-06-05T07:50:19.677+00:00,74155,66ec7050-ec57-40ab-8f47-c4287b6aac37,,10,FAULT,0x2000,PUMP_CAVITATION,0,0,0,0,0,0,0.0,0.317,0.0,0.0,2.59,0.0,0.0,310.8,233.1,1.14,112.5,1013.0,20.3,9.0,0.0,0.0,0.0,,0.0,0,0,0,0,0,4.2,0.01,0.0,1039.7,1039.7,0.0,2.78
2026-06-05T07:50:19.853+00:00,74331,66ec7050-ec57-40ab-8f47-c4287b6aac37,,10,FAULT,0x2000,PUMP_CAVITATION,0,0,0,0,0,0,0.0,0.0,0.0,0.0,2.586,0.0,0.0,310.32,232.74,0.0,107.0,1012.9,20.3,8.9,0.0,0.0,0.0,,0.0,0,0,0,0,0,4.2,0.01,0.0,1080.66,1080.66,0.0,-6.48
2026-06-05T07:50:20.029+00:00,74506,66ec7050-ec57-40ab-8f47-c4287b6aac37,,10,FAULT,0x2000,PUMP_CAVITATION,0,0,0,0,0,0,0.0,0.0,0.0,0.0,2.582,0.0,0.0,309.84,232.38,0.9,112.5,1013.0,20.3,9.0,0.0,0.0,0.0,,0.0,0,0,0,0,0,4.2,0.01,0.0,1121.33,1121.33,0.0,5.14
2026-06-05T07:50:20.205+00:00,74681,66ec7050-ec57-40ab-8f47-c4287b6aac37,,10,FAULT,0x2000,PUMP_CAVITATION,0,0,0,0,0,0,0.0,0.806,0.0,0.0,2.582,0.0,0.0,309.84,232.38,0.65,110.54,1013.0,20.3,9.0,0.0,0.0,0.0,,0.0,0,0,0,0,0,4.2,0.01,0.0,1161.99,1161.99,0.0,-1.43
2026-06-05T07:50:20.381+00:00,74856,66ec7050-ec57-40ab-8f47-c4287b6aac37,,10,FAULT,0x2000,PUMP_CAVITATION,0,0,0,0,0,0,0.0,0.757,0.0,0.0,2.58,0.0,0.0,309.6,232.2,-0.31,112.5,1012.8,20.3,8.9,0.0,0.0,0.0,,0.0,0,0,0,0,0,4.2,0.01,0.0,1202.63,1202.63,0.0,-5.49
2026-06-05T07:50:20.554+00:00,75032,66ec7050-ec57-40ab-8f47-c4287b6aac37,,10,FAULT,0x2000,PUMP_CAVITATION,0,0,0,0,0,0,0.0,0.0,0.0,0.0,2.577,0.0,0.0,309.24,231.93,1.39,108.58,1012.9,20.3,8.9,0.0,0.0,0.0,,0.0,0,0,0,0,0,4.2,0.01,0.0,1243.45,1243.45,0.0,9.66
2026-06-05T07:50:20.730+00:00,75207,66ec7050-ec57-40ab-8f47-c4287b6aac37,,10,FAULT,0x2000,PUMP_CAVITATION,0,0,0,0,0,0,0.0,0.317,0.0,0.0,2.575,0.0,0.0,309.0,231.75,2.12,112.5,1013.0,20.3,9.0,0.0,0.0,0.0,,0.0,0,0,0,0,0,4.2,0.01,0.0,1284.01,1284.01,0.0,4.17
2026-06-05T07:50:20.906+00:00,75383,66ec7050-ec57-40ab-8f47-c4287b6aac37,,10,FAULT,0x2000,PUMP_CAVITATION,0,0,0,0,0,0,0.0,0.415,0.0,0.0,2.571,0.0,0.0,308.52,231.39,0.0,111.52,1012.9,20.3,9.0,0.0,0.0,0.0,,0.0,0,0,0,0,0,4.2,0.01,0.0,1324.73,1324.73,0.0,-12.05
2026-06-05T07:50:21.082+00:00,75558,66ec7050-ec57-40ab-8f47-c4287b6aac37,,10,FAULT,0x2000,PUMP_CAVITATION,0,0,0,0,0,0,0.0,0.317,0.0,0.0,2.564,0.0,0.0,307.68,230.76,-1.05,112.5,1012.9,20.3,9.0,0.0,0.0,0.0,,0.0,0,0,0,0,0,4.2,0.01,0.0,1365.11,1365.11,0.0,-6.0
2026-06-05T07:50:21.258+00:00,75735,66ec7050-ec57-40ab-8f47-c4287b6aac37,,2,ARMED_IDLE,0x0000,NONE,0,1,0,0,0,0,0.0,0.708,0.0,0.0,2.563,0.0,0.0,307.56,230.67,0.41,112.5,1012.9,20.3,8.9,0.0,0.0,0.0,,0.0,0,0,0,0,0,4.2,0.01,0.0,1405.94,1405.94,0.0,8.25
2026-06-05T07:50:21.434+00:00,75910,66ec7050-ec57-40ab-8f47-c4287b6aac37,,2,ARMED_IDLE,0x0000,NONE,0,1,0,0,0,0,0.0,0.219,0.0,0.0,2.587,0.0,0.0,310.44,232.83,-0.8,112.5,1012.9,20.3,8.9,0.0,0.0,0.0,,0.0,0,0,0,0,0,4.2,0.01,0.0,1446.69,1446.69,0.0,-6.91
2026-06-05T07:50:21.610+00:00,76085,66ec7050-ec57-40ab-8f47-c4287b6aac37,,2,ARMED_IDLE,0x0000,NONE,0,1,0,0,0,0,0.0,0.0,0.0,0.0,2.591,0.0,0.0,310.92,233.19,-0.31,111.52,1012.9,20.3,9.0,0.0,0.0,0.0,,0.0,0,0,0,0,0,4.2,0.01,0.0,1487.5,1487.5,0.0,2.8
2026-06-05T07:50:21.782+00:00,76260,66ec7050-ec57-40ab-8f47-c4287b6aac37,,2,ARMED_IDLE,0x0000,NONE,0,1,0,0,0,0,0.0,0.122,0.0,0.0,2.596,0.0,0.0,311.52,233.64,0.0,112.37,1012.9,20.3,9.0,0.0,0.0,0.0,,0.0,0,0,0,0,0,4.2,0.01,0.0,1528.38,1528.38,0.0,1.77
2026-06-05T07:50:21.958+00:00,76435,66ec7050-ec57-40ab-8f47-c4287b6aac37,,2,ARMED_IDLE,0x0000,NONE,0,1,0,0,0,0,0.0,0.366,0.0,0.0,2.596,0.0,0.0,311.52,233.64,0.41,112.5,1013.0,20.3,9.0,0.0,0.0,0.0,,0.0,0,0,0,0,0,4.2,0.01,0.0,1569.27,1569.27,0.0,2.34
2026-06-05T07:50:22.134+00:00,76610,66ec7050-ec57-40ab-8f47-c4287b6aac37,,2,ARMED_IDLE,0x0000,NONE,0,1,0,0,0,0,0.0,0.0,0.0,0.0,2.6,0.0,0.0,312.0,234.0,1.39,108.71,1013.0,20.3,9.0,0.0,0.0,0.0,,0.0,0,0,0,0,0,4.2,0.01,0.0,1610.22,1610.22,0.0,5.6
2026-06-05T07:50:22.310+00:00,76785,66ec7050-ec57-40ab-8f47-c4287b6aac37,,2,ARMED_IDLE,0x0000,NONE,0,1,0,1,0,0,0.0,0.855,0.0,0.0,2.6,0.0,0.0,312.0,234.0,-0.8,112.5,1012.9,20.2,8.9,0.0,0.0,0.0,,0.0,0,0,0,0,0,4.2,0.01,0.0,1651.17,1651.17,0.0,-12.51
2026-06-05T07:50:22.569+00:00,76960,66ec7050-ec57-40ab-8f47-c4287b6aac37,,2,ARMED_IDLE,0x0000,NONE,0,1,0,1,0,0,0.0,0.708,0.0,0.0,2.603,0.0,0.0,312.36,234.27,0.65,111.15,1012.9,20.3,9.0,0.0,0.0,0.0,,0.0,0,0,0,0,0,4.2,0.01,0.0,1692.17,1692.17,0.0,8.29
2026-06-05T07:50:22.672+00:00,77135,66ec7050-ec57-40ab-8f47-c4287b6aac37,,2,ARMED_IDLE,0x0000,NONE,0,1,0,1,0,0,0.0,0.073,0.0,0.0,2.602,0.0,0.0,312.24,234.18,2.12,112.5,1013.0,20.3,9.0,0.0,0.0,0.0,,0.0,0,0,0,0,0,4.2,0.01,0.0,1733.15,1733.15,0.0,8.4
2026-06-05T07:50:22.835+00:00,77310,66ec7050-ec57-40ab-8f47-c4287b6aac37,,2,ARMED_IDLE,0x0000,NONE,0,1,0,1,0,0,0.0,0.317,0.0,0.0,2.602,0.0,0.0,312.24,234.18,1.39,108.34,1013.0,20.3,9.0,0.0,0.0,0.0,,0.0,0,0,0,0,0,4.2,0.01,0.0,1774.13,1774.13,0.0,-4.17
2026-06-05T07:50:23.011+00:00,77486,66ec7050-ec57-40ab-8f47-c4287b6aac37,,2,ARMED_IDLE,0x0000,NONE,0,1,0,1,0,0,0.0,0.659,0.0,0.0,2.601,0.0,0.0,312.12,234.09,-0.56,112.5,1013.0,20.3,9.0,0.0,0.0,0.0,,0.0,0,0,0,0,0,4.2,0.01,0.0,1815.33,1815.33,0.0,-11.08
2026-06-05T07:50:23.188+00:00,77662,66ec7050-ec57-40ab-8f47-c4287b6aac37,,2,ARMED_IDLE,0x0000,NONE,0,1,0,1,0,0,0.0,0.0,0.0,0.0,2.596,0.0,0.0,311.52,233.64,-0.56,106.75,1012.9,20.3,8.9,0.0,0.0,0.0,,0.0,0,0,0,0,0,4.2,0.01,0.0,1856.45,1856.45,0.0,0.0
2026-06-05T07:50:23.394+00:00,77836,66ec7050-ec57-40ab-8f47-c4287b6aac37,,2,ARMED_IDLE,0x0000,NONE,0,1,0,1,0,0,0.0,0.855,0.0,0.0,2.594,0.0,0.0,311.28,233.46,-0.31,112.5,1012.9,20.3,8.9,0.0,0.0,0.0,,0.0,0,0,0,0,0,4.2,0.01,0.0,1897.07,1897.07,0.0,1.44
2026-06-05T07:50:23.535+00:00,78012,66ec7050-ec57-40ab-8f47-c4287b6aac37,,2,ARMED_IDLE,0x0000,NONE,0,1,0,1,0,0,0.0,0.415,0.0,0.0,2.594,0.0,0.0,311.28,233.46,0.0,109.68,1013.0,20.3,9.0,0.0,0.0,0.0,,0.0,0,0,0,0,0,4.2,0.01,0.0,1938.16,1938.16,0.0,1.76
2026-06-05T07:50:23.713+00:00,78186,66ec7050-ec57-40ab-8f47-c4287b6aac37,,2,ARMED_IDLE,0x0000,NONE,0,1,0,1,0,0,0.0,0.0,0.0,0.0,2.594,0.0,0.0,311.28,233.46,0.41,112.5,1012.9,20.3,9.0,0.0,0.0,0.0,,0.0,0,0,0,0,0,4.2,0.01,0.0,1978.78,1978.78,0.0,2.36
2026-06-05T07:50:23.888+00:00,78361,66ec7050-ec57-40ab-8f47-c4287b6aac37,,2,ARMED_IDLE,0x0000,NONE,0,1,0,1,0,0,0.0,0.219,0.0,0.0,2.593,0.0,0.0,311.16,233.37,-1.05,112.5,1012.9,20.3,8.9,0.0,0.0,0.0,,0.0,0,0,0,0,0,4.2,0.01,0.0,2019.62,2019.62,0.0,-8.34
2026-06-05T07:50:24.079+00:00,78537,66ec7050-ec57-40ab-8f47-c4287b6aac37,,2,ARMED_IDLE,0x0000,NONE,0,1,0,1,0,0,0.0,0.708,0.0,0.0,2.443,0.0,0.0,293.16,219.87,0.41,112.5,1013.0,20.3,9.0,0.0,0.0,0.0,,0.0,0,0,0,0,0,4.2,0.01,0.0,2058.32,2058.32,0.0,8.3
2026-06-05T07:50:24.278+00:00,78712,66ec7050-ec57-40ab-8f47-c4287b6aac37,,2,ARMED_IDLE,0x0000,NONE,0,1,0,1,0,0,0.0,0.219,0.0,0.0,1.806,0.0,0.0,216.72,162.54,2.37,108.58,1012.9,20.3,8.9,0.0,0.0,0.0,,0.0,0,0,0,0,0,4.2,0.01,0.0,2086.76,2086.76,0.0,11.2
2026-06-05T07:50:24.415+00:00,78887,66ec7050-ec57-40ab-8f47-c4287b6aac37,,2,ARMED_IDLE,0x0000,NONE,0,1,0,1,0,0,0.0,0.513,0.0,0.0,1.252,0.0,0.0,150.24,112.68,0.41,112.5,1012.9,20.3,8.9,0.0,0.0,0.0,,0.0,0,0,0,0,0,4.2,0.01,0.0,2106.48,2106.48,0.0,-11.2
2026-06-05T07:50:24.588+00:00,79063,66ec7050-ec57-40ab-8f47-c4287b6aac37,,2,ARMED_IDLE,0x0000,NONE,0,1,0,1,0,0,0.0,0.0,0.0,0.0,0.0,0.0,0.0,0.0,0.0,0.0,109.44,1013.0,20.3,9.0,0.0,0.0,0.0,,0.0,0,0,0,0,0,4.2,0.01,0.0,2106.48,2106.48,0.0,-2.33
2026-06-05T07:50:24.809+00:00,79238,66ec7050-ec57-40ab-8f47-c4287b6aac37,,2,ARMED_IDLE,0x0000,NONE,0,1,0,1,0,0,0.0,0.953,0.0,0.0,0.0,0.0,0.0,0.0,0.0,-0.56,112.5,1013.0,20.3,9.0,0.0,0.0,0.0,,0.0,0,0,0,0,0,4.2,0.01,0.0,2106.48,2106.48,0.0,-3.2
2026-06-05T07:50:25.008+00:00,79412,66ec7050-ec57-40ab-8f47-c4287b6aac37,,2,ARMED_IDLE,0x0000,NONE,0,1,0,1,0,0,0.0,0.659,0.0,0.0,0.0,0.0,0.0,0.0,0.0,-0.56,112.5,1013.0,20.3,9.0,0.0,0.0,0.0,,0.0,0,0,0,0,0,4.2,0.01,0.0,2106.48,2106.48,0.0,0.0
2026-06-05T07:50:25.112+00:00,79587,66ec7050-ec57-40ab-8f47-c4287b6aac37,,2,ARMED_IDLE,0x0000,NONE,0,1,0,1,0,0,0.0,0.415,0.0,0.0,0.0,0.0,0.0,0.0,0.0,-1.05,112.5,1012.9,20.3,8.9,0.0,0.0,0.0,,0.0,0,0,0,0,0,4.2,0.01,0.0,2106.48,2106.48,0.0,-2.8
2026-06-05T07:50:25.288+00:00,79762,66ec7050-ec57-40ab-8f47-c4287b6aac37,,2,ARMED_IDLE,0x0000,NONE,0,1,0,1,0,0,0.0,0.0,0.0,0.0,0.0,0.0,0.0,0.0,0.0,1.14,108.71,1012.9,20.3,8.9,0.0,0.0,0.0,,0.0,0,0,0,0,0,4.2,0.01,0.0,2106.48,2106.48,0.0,12.51
2026-06-05T07:50:25.545+00:00,79937,66ec7050-ec57-40ab-8f47-c4287b6aac37,,2,ARMED_IDLE,0x0000,NONE,0,1,0,1,0,0,0.0,0.366,0.0,0.0,0.0,0.0,0.0,0.0,0.0,-0.31,112.5,1013.0,20.3,9.0,0.0,0.0,0.0,,0.0,0,0,0,0,0,4.2,0.01,0.0,2106.48,2106.48,0.0,-8.29
2026-06-05T07:50:25.650+00:00,80111,66ec7050-ec57-40ab-8f47-c4287b6aac37,,2,ARMED_IDLE,0x0000,NONE,0,1,0,1,0,0,0.0,0.0,0.0,0.0,0.0,0.0,0.0,0.0,0.0,0.9,108.34,1013.0,20.3,9.0,0.0,0.0,0.0,,0.0,0,0,0,0,0,4.2,0.01,0.0,2106.48,2106.48,0.0,6.95
2026-06-05T07:50:25.813+00:00,80286,66ec7050-ec57-40ab-8f47-c4287b6aac37,,2,ARMED_IDLE,0x0000,NONE,0,1,0,1,0,0,0.0,1.246,0.0,0.0,0.0,0.0,0.0,0.0,0.0,0.65,112.5,1012.9,20.3,8.9,0.0,0.0,0.0,,0.0,0,0,0,0,0,4.2,0.01,0.0,2106.48,2106.48,0.0,-1.43
2026-06-05T07:50:25.988+00:00,80461,66ec7050-ec57-40ab-8f47-c4287b6aac37,,2,ARMED_IDLE,0x0000,NONE,0,1,0,1,0,0,0.0,0.268,0.0,0.0,0.0,0.0,0.0,0.0,0.0,-0.31,111.15,1013.0,20.3,9.0,0.0,0.0,0.0,,0.0,0,0,0,0,0,4.2,0.01,0.0,2106.48,2106.48,0.0,-5.49
2026-06-05T07:50:26.166+00:00,80636,66ec7050-ec57-40ab-8f47-c4287b6aac37,,2,ARMED_IDLE,0x0000,NONE,0,1,0,1,0,0,0.0,0.0,0.0,0.0,0.0,0.0,0.0,0.0,0.0,1.88,109.68,1012.9,20.3,8.9,0.0,0.0,0.0,,0.0,0,0,0,0,0,4.2,0.01,0.0,2106.48,2106.48,0.0,12.51
2026-06-05T07:50:26.378+00:00,80811,66ec7050-ec57-40ab-8f47-c4287b6aac37,,2,ARMED_IDLE,0x0000,NONE,0,1,0,1,0,0,0.0,0.024,0.0,0.0,0.0,0.0,0.0,0.0,0.0,0.0,108.95,1012.9,20.3,8.9,0.0,0.0,0.0,,0.0,0,0,0,0,0,4.2,0.01,0.0,2106.48,2106.48,0.0,-10.74
2026-06-05T07:50:26.513+00:00,80986,66ec7050-ec57-40ab-8f47-c4287b6aac37,,2,ARMED_IDLE,0x0000,NONE,0,1,0,1,0,0,0.0,0.61,0.0,0.0,0.0,0.0,0.0,0.0,0.0,-1.29,112.5,1013.0,20.3,9.0,0.0,0.0,0.0,,0.0,0,0,0,0,0,4.2,0.01,0.0,2106.48,2106.48,0.0,-7.37
2026-06-05T07:50:26.689+00:00,81161,66ec7050-ec57-40ab-8f47-c4287b6aac37,,2,ARMED_IDLE,0x0000,NONE,0,1,0,1,0,0,0.0,0.415,0.0,0.0,0.0,0.0,0.0,0.0,0.0,-0.56,111.03,1012.9,20.3,9.0,0.0,0.0,0.0,,0.0,0,0,0,0,0,4.2,0.01,0.0,2106.48,2106.48,0.0,4.17
2026-06-05T07:50:26.864+00:00,81336,66ec7050-ec57-40ab-8f47-c4287b6aac37,,2,ARMED_IDLE,0x0000,NONE,0,1,0,1,0,0,0.0,0.0,0.0,0.0,0.0,0.0,0.0,0.0,0.0,0.0,112.25,1012.9,20.3,8.9,0.0,0.0,0.0,,0.0,0,0,0,0,0,4.2,0.01,0.0,2106.48,2106.48,0.0,3.2
2026-06-05T07:50:27.102+00:00,81510,66ec7050-ec57-40ab-8f47-c4287b6aac37,,2,ARMED_IDLE,0x0000,NONE,0,1,0,1,0,0,0.0,0.122,0.0,0.0,0.0,0.0,0.0,0.0,0.0,0.65,111.27,1012.9,20.3,9.0,0.0,0.0,0.0,,0.0,0,0,0,0,0,4.2,0.01,0.0,2106.48,2106.48,0.0,3.74
2026-06-05T07:50:27.214+00:00,81685,66ec7050-ec57-40ab-8f47-c4287b6aac37,,2,ARMED_IDLE,0x0000,NONE,0,1,0,1,0,0,0.0,1.197,0.0,0.0,0.0,0.0,0.0,0.0,0.0,-0.31,112.5,1012.9,20.3,9.0,0.0,0.0,0.0,,0.0,0,0,0,0,0,4.2,0.01,0.0,2106.48,2106.48,0.0,-5.49
2026-06-05T07:50:27.389+00:00,81860,66ec7050-ec57-40ab-8f47-c4287b6aac37,,2,ARMED_IDLE,0x0000,NONE,0,1,0,1,0,0,0.0,0.61,0.0,0.0,0.0,0.0,0.0,0.0,0.0,0.65,111.15,1012.9,20.3,8.9,0.0,0.0,0.0,,0.0,0,0,0,0,0,4.2,0.01,0.0,2106.48,2106.48,0.0,5.49
2026-06-05T07:50:27.565+00:00,82034,66ec7050-ec57-40ab-8f47-c4287b6aac37,,2,ARMED_IDLE,0x0000,NONE,0,1,0,1,0,0,0.0,0.0,0.0,0.0,0.0,0.0,0.0,0.0,0.0,1.14,109.68,1012.9,20.3,9.0,0.0,0.0,0.0,,0.0,0,0,0,0,0,4.2,0.01,0.0,2106.48,2106.48,0.0,2.82
2026-06-05T07:50:27.741+00:00,82209,66ec7050-ec57-40ab-8f47-c4287b6aac37,,2,ARMED_IDLE,0x0000,NONE,0,1,0,1,0,0,0.0,0.659,0.0,0.0,0.0,0.0,0.0,0.0,0.0,0.0,112.5,1013.0,20.3,9.0,0.0,0.0,0.0,,0.0,0,0,0,0,0,4.2,0.01,0.0,2106.48,2106.48,0.0,-6.51
2026-06-05T07:50:27.944+00:00,82384,66ec7050-ec57-40ab-8f47-c4287b6aac37,,2,ARMED_IDLE,0x0000,NONE,0,1,0,1,0,0,0.0,0.757,0.0,0.0,0.0,0.0,0.0,0.0,0.0,-1.29,112.5,1012.9,20.3,9.0,0.0,0.0,0.0,,0.0,0,0,0,0,0,4.2,0.01,0.0,2106.48,2106.48,0.0,-7.37
2026-06-05T07:50:28.089+00:00,82560,66ec7050-ec57-40ab-8f47-c4287b6aac37,,2,ARMED_IDLE,0x0000,NONE,0,1,0,1,0,0,0.0,0.073,0.0,0.0,0.0,0.0,0.0,0.0,0.0,-0.8,110.3,1012.9,20.3,8.9,0.0,0.0,0.0,,0.0,0,0,0,0,0,4.2,0.01,0.0,2106.48,2106.48,0.0,2.78
2026-06-05T07:50:28.262+00:00,82735,66ec7050-ec57-40ab-8f47-c4287b6aac37,,2,ARMED_IDLE,0x0000,NONE,0,1,0,1,0,0,0.0,0.024,0.0,0.0,0.0,0.0,0.0,0.0,0.0,-0.8,112.5,1012.9,20.3,9.0,0.0,0.0,0.0,,0.0,0,0,0,0,0,4.2,0.01,0.0,2106.48,2106.48,0.0,0.0
2026-06-05T07:50:28.476+00:00,82909,66ec7050-ec57-40ab-8f47-c4287b6aac37,,2,ARMED_IDLE,0x0000,NONE,0,1,0,1,0,0,0.0,0.171,0.0,0.0,0.0,0.0,0.0,0.0,0.0,0.0,111.76,1012.9,20.3,8.9,0.0,0.0,0.0,,0.0,0,0,0,0,0,4.2,0.01,0.0,2106.48,2106.48,0.0,4.6
2026-06-05T07:50:28.684+00:00,83084,66ec7050-ec57-40ab-8f47-c4287b6aac37,,2,ARMED_IDLE,0x0000,NONE,0,1,0,1,0,0,0.0,0.171,0.0,0.0,0.0,0.0,0.0,0.0,0.0,-1.29,111.52,1012.9,20.3,9.0,0.0,0.0,0.0,,0.0,0,0,0,0,0,4.2,0.01,0.0,2106.48,2106.48,0.0,-7.37
2026-06-05T07:50:28.789+00:00,83259,66ec7050-ec57-40ab-8f47-c4287b6aac37,,2,ARMED_IDLE,0x0000,NONE,0,1,0,1,0,0,0.0,1.099,0.0,0.0,0.0,0.0,0.0,0.0,0.0,0.41,112.5,1013.0,20.3,9.0,0.0,0.0,0.0,,0.0,0,0,0,0,0,4.2,0.01,0.0,2106.48,2106.48,0.0,9.71
2026-06-05T07:50:28.962+00:00,83434,66ec7050-ec57-40ab-8f47-c4287b6aac37,,2,ARMED_IDLE,0x0000,NONE,0,1,0,1,0,0,0.0,0.659,0.0,0.0,0.0,0.0,0.0,0.0,0.0,0.0,112.5,1012.9,20.3,8.9,0.0,0.0,0.0,,0.0,0,0,0,0,0,4.2,0.01,0.0,2106.48,2106.48,0.0,-2.34
2026-06-05T07:50:29.238+00:00,83608,66ec7050-ec57-40ab-8f47-c4287b6aac37,,2,ARMED_IDLE,0x0000,NONE,0,1,0,1,0,0,0.0,0.659,0.0,0.0,0.0,0.0,0.0,0.0,0.0,0.41,111.88,1012.9,20.3,8.9,0.0,0.0,0.0,,0.0,0,0,0,0,0,4.2,0.01,0.0,2106.48,2106.48,0.0,2.36
2026-06-05T07:50:29.381+00:00,83783,66ec7050-ec57-40ab-8f47-c4287b6aac37,,2,ARMED_IDLE,0x0000,NONE,0,1,0,1,0,0,0.0,0.659,0.0,0.0,0.0,0.0,0.0,0.0,0.0,0.41,112.5,1012.9,20.3,9.0,0.0,0.0,0.0,,0.0,0,0,0,0,0,4.2,0.01,0.0,2106.48,2106.48,0.0,0.0
2026-06-05T07:50:29.490+00:00,83958,66ec7050-ec57-40ab-8f47-c4287b6aac37,,2,ARMED_IDLE,0x0000,NONE,0,1,0,1,0,0,0.0,0.024,0.0,0.0,0.0,0.0,0.0,0.0,0.0,0.65,110.66,1013.0,20.3,9.0,0.0,0.0,0.0,,0.0,0,0,0,0,0,4.2,0.01,0.0,2106.48,2106.48,0.0,1.37
2026-06-05T07:50:29.662+00:00,84132,66ec7050-ec57-40ab-8f47-c4287b6aac37,,2,ARMED_IDLE,0x0000,NONE,0,1,0,1,0,0,0.0,0.953,0.0,0.0,0.0,0.0,0.0,0.0,0.0,0.0,112.5,1012.9,20.3,9.0,0.0,0.0,0.0,,0.0,0,0,0,0,0,4.2,0.01,0.0,2106.48,2106.48,0.0,-3.74
2026-06-05T07:50:29.838+00:00,84307,66ec7050-ec57-40ab-8f47-c4287b6aac37,,2,ARMED_IDLE,0x0000,NONE,0,1,0,1,0,0,0.0,0.268,0.0,0.0,0.0,0.0,0.0,0.0,0.0,-0.56,112.5,1013.0,20.3,9.0,0.0,0.0,0.0,,0.0,0,0,0,0,0,4.2,0.01,0.0,2106.48,2106.48,0.0,-3.2
2026-06-05T07:50:30.018+00:00,84483,66ec7050-ec57-40ab-8f47-c4287b6aac37,,2,ARMED_IDLE,0x0000,NONE,0,1,0,1,0,0,0.0,0.268,0.0,0.0,0.0,0.0,0.0,0.0,0.0,-0.8,111.64,1012.9,20.3,8.9,0.0,0.0,0.0,,0.0,0,0,0,0,0,4.2,0.01,0.0,2106.48,2106.48,0.0,-1.36
2026-06-05T07:50:30.219+00:00,84658,66ec7050-ec57-40ab-8f47-c4287b6aac37,,2,ARMED_IDLE,0x0000,NONE,0,1,0,1,0,0,0.0,1.001,0.0,0.0,0.0,0.0,0.0,0.0,0.0,0.41,112.5,1012.9,20.3,8.9,0.0,0.0,0.0,,0.0,0,0,0,0,0,4.2,0.01,0.0,2106.48,2106.48,0.0,6.91
2026-06-05T07:50:30.363+00:00,84833,66ec7050-ec57-40ab-8f47-c4287b6aac37,,2,ARMED_IDLE,0x0000,NONE,0,1,0,1,0,0,0.0,0.317,0.0,0.0,0.0,0.0,0.0,0.0,0.0,0.65,112.5,1013.0,20.3,9.0,0.0,0.0,0.0,,0.0,0,0,0,0,0,4.2,0.01,0.0,2106.48,2106.48,0.0,1.37
2026-06-05T07:50:30.539+00:00,85007,66ec7050-ec57-40ab-8f47-c4287b6aac37,,2,ARMED_IDLE,0x0000,NONE,0,1,0,1,0,0,0.0,0.708,0.0,0.0,0.0,0.0,0.0,0.0,0.0,-0.56,112.5,1013.0,20.3,9.0,0.0,0.0,0.0,,0.0,0,0,0,0,0,4.2,0.01,0.0,2106.48,2106.48,0.0,-6.95
2026-06-05T07:50:30.752+00:00,85182,66ec7050-ec57-40ab-8f47-c4287b6aac37,,2,ARMED_IDLE,0x0000,NONE,0,1,0,1,0,0,0.0,0.0,0.0,0.0,0.0,0.0,0.0,0.0,0.0,-2.02,112.37,1012.9,20.3,9.0,0.0,0.0,0.0,,0.0,0,0,0,0,0,4.2,0.01,0.0,2106.48,2106.48,0.0,-8.34
2026-06-05T07:50:30.957+00:00,85357,66ec7050-ec57-40ab-8f47-c4287b6aac37,,2,ARMED_IDLE,0x0000,NONE,0,1,0,1,0,0,0.0,0.268,0.0,0.0,0.0,0.0,0.0,0.0,0.0,0.41,111.76,1012.9,20.3,8.9,0.0,0.0,0.0,,0.0,0,0,0,0,0,4.2,0.01,0.0,2106.48,2106.48,0.0,13.89
2026-06-05T07:50:31.063+00:00,85532,66ec7050-ec57-40ab-8f47-c4287b6aac37,,2,ARMED_IDLE,0x0000,NONE,0,1,0,1,0,0,0.0,0.562,0.0,0.0,0.0,0.0,0.0,0.0,0.0,-1.53,112.5,1012.9,20.3,8.9,0.0,0.0,0.0,,0.0,0,0,0,0,0,4.2,0.01,0.0,2106.48,2106.48,0.0,-11.09
2026-06-05T07:50:31.239+00:00,85707,66ec7050-ec57-40ab-8f47-c4287b6aac37,,2,ARMED_IDLE,0x0000,NONE,0,1,0,1,0,0,0.0,0.122,0.0,0.0,0.0,0.0,0.0,0.0,0.0,-1.05,111.88,1012.9,20.3,9.0,0.0,0.0,0.0,,0.0,0,0,0,0,0,4.2,0.01,0.0,2106.48,2106.48,0.0,2.74
2026-06-05T07:50:31.495+00:00,85882,66ec7050-ec57-40ab-8f47-c4287b6aac37,,2,ARMED_IDLE,0x0000,NONE,0,1,0,1,0,0,0.0,0.024,0.0,0.0,0.0,0.0,0.0,0.0,0.0,-0.56,110.78,1012.9,20.3,9.0,0.0,0.0,0.0,,0.0,0,0,0,0,0,4.2,0.01,0.0,2106.48,2106.48,0.0,2.8
2026-06-05T07:50:31.606+00:00,86056,66ec7050-ec57-40ab-8f47-c4287b6aac37,,2,ARMED_IDLE,0x0000,NONE,0,1,0,1,0,0,0.0,0.0,0.0,0.0,0.0,0.0,0.0,0.0,0.0,1.39,109.56,1012.9,20.3,9.0,0.0,0.0,0.0,,0.0,0,0,0,0,0,4.2,0.01,0.0,2106.48,2106.48,0.0,11.21
2026-06-05T07:50:31.763+00:00,86232,66ec7050-ec57-40ab-8f47-c4287b6aac37,,2,ARMED_IDLE,0x0000,NONE,0,1,0,1,0,0,0.0,0.415,0.0,0.0,0.0,0.0,0.0,0.0,0.0,0.9,111.03,1012.9,20.3,8.9,0.0,0.0,0.0,,0.0,0,0,0,0,0,4.2,0.01,0.0,2106.48,2106.48,0.0,-2.78
2026-06-05T07:50:31.939+00:00,86407,66ec7050-ec57-40ab-8f47-c4287b6aac37,,2,ARMED_IDLE,0x0000,NONE,0,1,0,1,0,0,0.0,0.024,0.0,0.0,0.0,0.0,0.0,0.0,0.0,-2.02,111.52,1012.9,20.3,9.0,0.0,0.0,0.0,,0.0,0,0,0,0,0,4.2,0.01,0.0,2106.48,2106.48,0.0,-16.69
2026-06-05T07:50:32.125+00:00,86582,66ec7050-ec57-40ab-8f47-c4287b6aac37,,2,ARMED_IDLE,0x0000,NONE,0,1,0,1,0,0,0.0,1.099,0.0,0.0,0.0,0.0,0.0,0.0,0.0,-0.8,112.5,1012.9,20.3,8.9,0.0,0.0,0.0,,0.0,0,0,0,0,0,4.2,0.01,0.0,2106.48,2106.48,0.0,6.97
2026-06-05T07:50:32.341+00:00,86757,66ec7050-ec57-40ab-8f47-c4287b6aac37,,2,ARMED_IDLE,0x0000,NONE,0,1,0,1,0,0,0.0,0.757,0.0,0.0,0.0,0.0,0.0,0.0,0.0,0.65,112.5,1012.9,20.3,9.0,0.0,0.0,0.0,,0.0,0,0,0,0,0,4.2,0.01,0.0,2106.48,2106.48,0.0,8.29
2026-06-05T07:50:32.464+00:00,86931,66ec7050-ec57-40ab-8f47-c4287b6aac37,,2,ARMED_IDLE,0x0000,NONE,0,1,0,1,0,0,0.0,0.0,0.0,0.0,0.0,0.0,0.0,0.0,0.0,0.0,108.83,1012.9,20.3,9.0,0.0,0.0,0.0,,0.0,0,0,0,0,0,4.2,0.01,0.0,2106.48,2106.48,0.0,-3.74
2026-06-05T07:50:32.640+00:00,87106,66ec7050-ec57-40ab-8f47-c4287b6aac37,,2,ARMED_IDLE,0x0000,NONE,0,1,0,1,0,0,0.0,0.659,0.0,0.0,0.0,0.0,0.0,0.0,0.0,-0.56,112.5,1013.0,20.3,9.0,0.0,0.0,0.0,,0.0,0,0,0,0,0,4.2,0.01,0.0,2106.48,2106.48,0.0,-3.2
2026-06-05T07:50:32.812+00:00,87281,66ec7050-ec57-40ab-8f47-c4287b6aac37,,2,ARMED_IDLE,0x0000,NONE,0,1,0,1,0,0,0.0,0.0,0.0,0.0,0.0,0.0,0.0,0.0,0.0,-1.78,109.68,1012.9,20.3,8.9,0.0,0.0,0.0,,0.0,0,0,0,0,0,4.2,0.01,0.0,2106.48,2106.48,0.0,-6.97
2026-06-05T07:50:33.071+00:00,87455,66ec7050-ec57-40ab-8f47-c4287b6aac37,,2,ARMED_IDLE,0x0000,NONE,0,1,0,1,0,0,0.0,0.806,0.0,0.0,0.0,0.0,0.0,0.0,0.0,-0.31,112.5,1012.9,20.3,9.0,0.0,0.0,0.0,,0.0,0,0,0,0,0,4.2,0.01,0.0,2106.48,2106.48,0.0,8.45
2026-06-05T07:50:33.180+00:00,87630,66ec7050-ec57-40ab-8f47-c4287b6aac37,,2,ARMED_IDLE,0x0000,NONE,0,1,0,1,0,0,0.0,0.171,0.0,0.0,0.0,0.0,0.0,0.0,0.0,-0.31,110.17,1012.9,20.3,9.0,0.0,0.0,0.0,,0.0,0,0,0,0,0,4.2,0.01,0.0,2106.48,2106.48,0.0,0.0
2026-06-05T07:50:33.340+00:00,87805,66ec7050-ec57-40ab-8f47-c4287b6aac37,,2,ARMED_IDLE,0x0000,NONE,0,1,0,1,0,0,0.0,1.099,0.0,0.0,0.0,0.0,0.0,0.0,0.0,-0.31,112.5,1012.9,20.3,9.0,0.0,0.0,0.0,,0.0,0,0,0,0,0,4.2,0.01,0.0,2106.48,2106.48,0.0,0.0
2026-06-05T07:50:33.513+00:00,87981,66ec7050-ec57-40ab-8f47-c4287b6aac37,,2,ARMED_IDLE,0x0000,NONE,0,1,0,1,0,0,0.0,0.024,0.0,0.0,0.0,0.0,0.0,0.0,0.0,-0.31,109.56,1013.0,20.3,9.0,0.0,0.0,0.0,,0.0,0,0,0,0,0,4.2,0.01,0.0,2106.48,2106.48,0.0,0.0
2026-06-05T07:50:33.713+00:00,88156,66ec7050-ec57-40ab-8f47-c4287b6aac37,,2,ARMED_IDLE,0x0000,NONE,0,1,0,1,0,0,0.0,1.246,0.0,0.0,0.0,0.0,0.0,0.0,0.0,0.41,112.5,1012.9,20.3,9.0,0.0,0.0,0.0,,0.0,0,0,0,0,0,4.2,0.01,0.0,2106.48,2106.48,0.0,4.11
2026-06-05T07:50:33.918+00:00,88331,66ec7050-ec57-40ab-8f47-c4287b6aac37,,2,ARMED_IDLE,0x0000,NONE,0,1,0,1,0,0,0.0,0.0,0.0,0.0,0.0,0.0,0.0,0.0,0.0,1.39,107.24,1012.9,20.3,9.0,0.0,0.0,0.0,,0.0,0,0,0,0,0,4.2,0.01,0.0,2106.48,2106.48,0.0,5.6
2026-06-05T07:50:34.040+00:00,88505,66ec7050-ec57-40ab-8f47-c4287b6aac37,,2,ARMED_IDLE,0x0000,NONE,0,1,0,1,0,0,0.0,0.513,0.0,0.0,0.0,0.0,0.0,0.0,0.0,-0.8,112.5,1012.9,20.3,9.0,0.0,0.0,0.0,,0.0,0,0,0,0,0,4.2,0.01,0.0,2106.48,2106.48,0.0,-12.59
2026-06-05T07:50:34.213+00:00,88680,66ec7050-ec57-40ab-8f47-c4287b6aac37,,2,ARMED_IDLE,0x0000,NONE,0,1,0,1,0,0,0.0,0.0,0.0,0.0,0.0,0.0,0.0,0.0,0.0,-0.8,107.49,1012.9,20.3,9.0,0.0,0.0,0.0,,0.0,0,0,0,0,0,4.2,0.01,0.0,2106.48,2106.48,0.0,0.0
2026-06-05T07:50:34.509+00:00,88855,66ec7050-ec57-40ab-8f47-c4287b6aac37,,2,ARMED_IDLE,0x0000,NONE,0,1,0,1,0,0,0.0,0.953,0.0,0.0,0.0,0.0,0.0,0.0,0.0,-1.78,112.5,1013.0,20.3,9.0,0.0,0.0,0.0,,0.0,0,0,0,0,0,4.2,0.01,0.0,2106.48,2106.48,0.0,-5.6
2026-06-05T07:50:34.619+00:00,89029,66ec7050-ec57-40ab-8f47-c4287b6aac37,,2,ARMED_IDLE,0x0000,NONE,0,1,0,1,0,0,0.0,0.855,0.0,0.0,0.0,0.0,0.0,0.0,0.0,0.0,110.78,1013.0,20.3,9.0,0.0,0.0,0.0,,0.0,0,0,0,0,0,4.2,0.01,0.0,2106.48,2106.48,0.0,10.23
2026-06-05T07:50:34.738+00:00,89204,66ec7050-ec57-40ab-8f47-c4287b6aac37,,2,ARMED_IDLE,0x0000,NONE,0,1,0,1,0,0,0.0,0.0,0.0,0.0,0.0,0.0,0.0,0.0,0.0,0.0,112.13,1012.9,20.3,8.9,0.0,0.0,0.0,,0.0,0,0,0,0,0,4.2,0.01,0.0,2106.48,2106.48,0.0,0.0
2026-06-05T07:50:34.913+00:00,89379,66ec7050-ec57-40ab-8f47-c4287b6aac37,,2,ARMED_IDLE,0x0000,NONE,0,1,0,1,0,0,0.0,1.148,0.0,0.0,0.0,0.0,0.0,0.0,0.0,0.41,112.5,1012.9,20.3,8.9,0.0,0.0,0.0,,0.0,0,0,0,0,0,4.2,0.01,0.0,2106.48,2106.48,0.0,2.34
2026-06-05T07:50:35.089+00:00,89553,66ec7050-ec57-40ab-8f47-c4287b6aac37,,2,ARMED_IDLE,0x0000,NONE,0,1,0,1,0,0,0.0,0.0,0.0,0.0,0.0,0.0,0.0,0.0,0.0,0.65,112.5,1012.9,20.3,8.9,0.0,0.0,0.0,,0.0,0,0,0,0,0,4.2,0.01,0.0,2106.48,2106.48,0.0,1.38
2026-06-05T07:50:35.339+00:00,89729,66ec7050-ec57-40ab-8f47-c4287b6aac37,,2,ARMED_IDLE,0x0000,NONE,0,1,0,1,0,0,0.0,0.171,0.0,0.0,0.0,0.0,0.0,0.0,0.0,0.41,110.78,1013.0,20.3,9.0,0.0,0.0,0.0,,0.0,0,0,0,0,0,4.2,0.01,0.0,2106.48,2106.48,0.0,-1.36
2026-06-05T07:50:35.460+00:00,89904,66ec7050-ec57-40ab-8f47-c4287b6aac37,,4,CHARGE_WATER,0x0000,NONE,0,1,0,1,1,0,0.0,0.0,0.0,0.0,0.0,0.0,0.0,0.0,0.0,0.41,111.15,1013.0,20.3,9.0,0.0,0.0,0.0,,0.0,0,1,0,0,0,4.2,0.01,0.0,2106.48,2106.48,0.0,0.0
2026-06-05T07:50:35.613+00:00,90078,66ec7050-ec57-40ab-8f47-c4287b6aac37,,4,CHARGE_WATER,0x0000,NONE,0,1,0,1,1,0,0.0,0.855,0.0,0.0,1.111,0.0,0.0,133.32,99.99,1.88,104.19,1012.9,20.3,9.0,0.0,0.0,0.0,,0.0,0,1,0,0,0,4.2,0.01,0.0,2123.88,2123.88,0.0,8.45
2026-06-05T07:50:35.810+00:00,90273,66ec7050-ec57-40ab-8f47-c4287b6aac37,,4,CHARGE_WATER,0x0000,NONE,0,1,0,1,1,0,0.0,0.904,0.0,0.0,1.488,0.0,0.0,178.56,133.92,0.41,105.29,1013.0,20.2,9.0,0.0,0.0,0.0,,0.0,0,1,0,0,0,4.2,0.01,0.0,2150.0,2150.0,0.0,-7.54
2026-06-05T07:50:35.993+00:00,90373,66ec7050-ec57-40ab-8f47-c4287b6aac37,,4,CHARGE_WATER,0x0000,NONE,0,1,0,1,1,0,0.0,0.0,0.0,0.0,1.875,0.0,0.0,225.0,168.75,2.37,99.42,1012.9,20.2,9.0,0.0,0.0,0.0,,0.0,0,1,0,0,0,4.2,0.01,0.0,2166.87,2166.87,0.0,19.6
2026-06-05T07:50:36.103+00:00,90550,66ec7050-ec57-40ab-8f47-c4287b6aac37,,4,CHARGE_WATER,0x0000,NONE,0,1,0,1,1,0,0.0,1.05,0.0,0.0,4.604,0.0,0.0,552.48,414.36,0.41,94.53,1012.8,20.2,8.9,0.0,0.0,0.0,,0.0,0,1,0,0,0,4.2,0.01,0.0,2240.21,2240.21,0.0,-11.07
2026-06-05T07:50:36.281+00:00,90746,66ec7050-ec57-40ab-8f47-c4287b6aac37,,4,CHARGE_WATER,0x0000,NONE,0,1,0,1,1,0,0.0,0.757,0.0,0.0,5.671,0.0,0.0,680.52,510.39,0.9,98.69,1012.9,20.2,8.9,0.0,0.0,0.0,,0.0,0,1,0,0,0,4.2,0.01,0.0,2340.25,2340.25,0.0,2.5
2026-06-05T07:50:36.379+00:00,90841,66ec7050-ec57-40ab-8f47-c4287b6aac37,,4,CHARGE_WATER,0x0000,NONE,0,1,0,1,1,0,0.0,1.05,0.0,0.0,6.05,0.0,0.0,726.0,544.5,-1.29,99.91,1012.9,20.2,8.9,0.0,0.0,0.0,,0.0,0,1,0,0,0,4.2,0.01,0.0,2391.98,2391.98,0.0,-23.05
2026-06-05T07:50:36.572+00:00,91036,66ec7050-ec57-40ab-8f47-c4287b6aac37,,4,CHARGE_WATER,0x0000,NONE,0,1,0,1,1,0,0.0,0.415,0.0,0.0,6.97,0.0,0.0,836.4,627.3,-1.05,100.76,1012.9,20.2,8.9,0.0,0.0,0.0,,0.0,0,1,0,0,0,4.2,0.01,0.0,2514.3,2514.3,0.0,1.23
2026-06-05T07:50:36.720+00:00,91118,66ec7050-ec57-40ab-8f47-c4287b6aac37,,4,CHARGE_WATER,0x0000,NONE,0,1,0,1,1,0,0.0,0.0,0.0,0.0,7.534,0.0,0.0,904.08,678.06,0.0,98.2,1012.9,20.2,8.9,0.0,0.0,0.0,,0.0,0,1,0,0,0,4.2,0.01,0.0,2569.9,2569.9,0.0,12.8
2026-06-05T07:50:36.901+00:00,91322,66ec7050-ec57-40ab-8f47-c4287b6aac37,,4,CHARGE_WATER,0x0000,NONE,0,1,0,1,1,0,0.0,1.197,0.0,0.0,8.537,0.0,0.0,1024.44,768.33,0.0,101.01,1012.9,20.2,8.9,0.0,0.0,0.0,,0.0,0,1,0,0,0,4.2,0.01,0.0,2726.64,2726.64,0.0,0.0
2026-06-05T07:50:37.035+00:00,91498,66ec7050-ec57-40ab-8f47-c4287b6aac37,,10,FAULT,0x2000,PUMP_CAVITATION,0,1,0,1,1,0,0.0,0.708,0.0,0.0,9.545,0.0,0.0,1145.4,859.05,-1.78,97.59,1568.2,20.1,576.8,0.0,0.0,0.0,,0.0,0,0,0,0,0,4.2,0.01,0.0,2877.83,2877.83,0.0,-10.11
2026-06-05T07:50:37.211+00:00,91674,66ec7050-ec57-40ab-8f47-c4287b6aac37,,10,FAULT,0x2000,PUMP_CAVITATION,0,1,0,1,1,0,0.0,1.392,0.0,0.0,10.04,0.0,0.0,1204.8,903.6,-1.29,106.39,1012.8,20.2,8.8,0.0,0.0,0.0,,0.0,0,0,0,0,0,4.2,0.01,0.0,3036.87,3036.87,0.0,2.78
2026-06-05T07:50:37.425+00:00,91849,66ec7050-ec57-40ab-8f47-c4287b6aac37,,10,FAULT,0x2000,PUMP_CAVITATION,0,1,0,1,1,0,0.0,0.953,0.0,0.0,10.188,0.0,0.0,1222.56,916.92,-0.56,112.5,1012.9,20.2,8.9,0.0,0.0,0.0,,0.0,0,0,0,0,0,4.2,0.01,0.0,3197.33,3197.33,0.0,4.17
2026-06-05T07:50:37.604+00:00,92025,66ec7050-ec57-40ab-8f47-c4287b6aac37,,10,FAULT,0x2000,PUMP_CAVITATION,0,1,0,1,1,0,0.0,0.855,0.0,0.0,10.217,0.0,0.0,1226.04,919.53,0.0,112.5,1012.9,20.2,8.9,0.0,0.0,0.0,,0.0,0,0,0,0,0,4.2,0.01,0.0,3359.17,3359.17,0.0,3.18
2026-06-05T07:50:37.739+00:00,92200,66ec7050-ec57-40ab-8f47-c4287b6aac37,,10,FAULT,0x2000,PUMP_CAVITATION,0,1,0,1,1,0,0.04,0.0,0.0,0.0,10.21,0.0,0.0,1225.2,918.9,-0.56,112.5,1012.7,20.2,8.8,0.0,0.0,0.0,,0.0,0,0,0,0,0,4.2,0.01,0.0,3519.97,3519.97,0.0,-3.2
2026-06-05T07:50:37.915+00:00,92377,66ec7050-ec57-40ab-8f47-c4287b6aac37,,10,FAULT,0x2000,PUMP_CAVITATION,0,1,0,1,1,0,0.0,0.171,0.0,0.0,10.189,0.0,0.0,1222.68,917.01,-1.05,109.2,1012.8,20.3,8.8,0.0,0.0,0.0,,0.0,0,0,0,0,0,4.2,0.01,0.0,3682.28,3682.28,0.0,-2.77
2026-06-05T07:50:38.092+00:00,92553,66ec7050-ec57-40ab-8f47-c4287b6aac37,,10,FAULT,0x2000,PUMP_CAVITATION,0,1,0,1,1,0,0.0,0.219,0.0,0.0,10.162,0.0,0.0,1219.44,914.58,-0.8,112.5,1012.8,20.2,8.9,0.0,0.0,0.0,,0.0,0,0,0,0,0,4.2,0.01,0.0,3843.25,3843.25,0.0,1.42
2026-06-05T07:50:38.268+00:00,92728,66ec7050-ec57-40ab-8f47-c4287b6aac37,,10,FAULT,0x2000,PUMP_CAVITATION,0,1,0,1,1,0,0.0,0.0,0.0,0.0,10.13,0.0,0.0,1215.6,911.7,0.9,106.63,1012.8,20.3,8.9,0.0,0.0,0.0,,0.0,0,0,0,0,0,4.2,0.01,0.0,4002.8,4002.8,0.0,9.71
2026-06-05T07:50:38.443+00:00,92903,66ec7050-ec57-40ab-8f47-c4287b6aac37,,10,FAULT,0x2000,PUMP_CAVITATION,0,1,0,1,1,0,0.0,0.708,0.0,0.0,10.096,0.0,0.0,1211.52,908.64,-0.8,112.5,1012.8,20.3,8.9,0.0,0.0,0.0,,0.0,0,0,0,0,0,4.2,0.01,0.0,4161.81,4161.81,0.0,-9.71
2026-06-05T07:50:38.620+00:00,93079,66ec7050-ec57-40ab-8f47-c4287b6aac37,,10,FAULT,0x2000,PUMP_CAVITATION,0,1,0,1,1,0,0.0,0.562,0.0,0.0,10.069,0.0,0.0,1208.28,906.21,-0.8,110.78,1012.9,20.3,9.0,0.0,0.0,0.0,,0.0,0,0,0,0,0,4.2,0.01,0.0,4321.3,4321.3,0.0,0.0
2026-06-05T07:50:38.799+00:00,93255,66ec7050-ec57-40ab-8f47-c4287b6aac37,,10,FAULT,0x2000,PUMP_CAVITATION,0,1,0,1,1,0,0.0,0.61,0.0,0.0,10.048,0.0,0.0,1205.76,904.32,0.9,112.5,1012.8,20.3,8.8,0.0,0.0,0.0,,0.0,0,0,0,0,0,4.2,0.01,0.0,4480.46,4480.46,0.0,9.66
2026-06-05T07:50:38.987+00:00,93430,66ec7050-ec57-40ab-8f47-c4287b6aac37,,10,FAULT,0x2000,PUMP_CAVITATION,0,1,0,1,1,0,0.0,1.05,0.0,0.0,10.026,0.0,0.0,1203.12,902.34,0.9,112.5,1012.7,20.3,8.7,0.0,0.0,0.0,,0.0,0,0,0,0,0,4.2,0.01,0.0,4638.37,4638.37,0.0,0.0
2026-06-05T07:50:39.144+00:00,93606,66ec7050-ec57-40ab-8f47-c4287b6aac37,,10,FAULT,0x2000,PUMP_CAVITATION,0,1,0,1,1,0,0.0,0.464,0.0,0.0,10.006,0.0,0.0,1200.72,900.54,-1.05,111.88,1012.9,20.3,8.9,0.0,0.0,0.0,,0.0,0,0,0,0,0,4.2,0.01,0.0,4796.87,4796.87,0.0,-11.08
2026-06-05T07:50:39.321+00:00,93783,66ec7050-ec57-40ab-8f47-c4287b6aac37,,10,FAULT,0x2000,PUMP_CAVITATION,0,1,0,1,1,0,0.0,0.953,0.0,0.0,9.987,0.0,0.0,1198.44,898.83,-1.29,112.5,1012.9,20.3,8.9,0.0,0.0,0.0,,0.0,0,0,0,0,0,4.2,0.01,0.0,4955.96,4955.96,0.0,-1.36
2026-06-05T07:50:39.553+00:00,93958,66ec7050-ec57-40ab-8f47-c4287b6aac37,,10,FAULT,0x2000,PUMP_CAVITATION,0,1,0,1,1,0,0.0,0.317,0.0,0.0,9.971,0.0,0.0,1196.52,897.39,-0.56,110.54,1012.8,20.3,8.8,0.0,0.0,0.0,,0.0,0,0,0,0,0,4.2,0.01,0.0,5113.0,5113.0,0.0,4.17
2026-06-05T07:50:39.735+00:00,94134,66ec7050-ec57-40ab-8f47-c4287b6aac37,,10,FAULT,0x2000,PUMP_CAVITATION,0,1,0,1,1,0,0.0,0.708,0.0,0.0,9.955,0.0,0.0,1194.6,895.95,-0.56,112.5,1012.8,20.3,8.8,0.0,0.0,0.0,,0.0,0,0,0,0,0,4.2,0.01,0.0,5270.69,5270.69,0.0,0.0
2026-06-05T07:50:39.850+00:00,94309,66ec7050-ec57-40ab-8f47-c4287b6aac37,,10,FAULT,0x2000,PUMP_CAVITATION,0,1,0,1,1,0,0.0,0.61,0.0,0.0,9.941,0.0,0.0,1192.92,894.69,-0.31,110.05,1012.8,20.3,8.8,0.0,0.0,0.0,,0.0,0,0,0,0,0,4.2,0.01,0.0,5427.26,5427.26,0.0,1.43
2026-06-05T07:50:40.025+00:00,94485,66ec7050-ec57-40ab-8f47-c4287b6aac37,,10,FAULT,0x2000,PUMP_CAVITATION,0,1,0,1,1,0,0.0,0.757,0.0,0.0,9.927,0.0,0.0,1191.24,893.43,1.14,112.5,1012.8,20.3,8.8,0.0,0.0,0.0,,0.0,0,0,0,0,0,4.2,0.01,0.0,5584.5,5584.5,0.0,8.24
2026-06-05T07:50:40.258+00:00,94660,66ec7050-ec57-40ab-8f47-c4287b6aac37,,10,FAULT,0x2000,PUMP_CAVITATION,0,1,0,1,1,0,0.0,0.219,0.0,0.0,9.913,0.0,0.0,1189.56,892.17,-0.56,108.22,1012.8,20.3,8.8,0.0,0.0,0.0,,0.0,0,0,0,0,0,4.2,0.01,0.0,5740.63,5740.63,0.0,-9.71
2026-06-05T07:50:40.440+00:00,94836,66ec7050-ec57-40ab-8f47-c4287b6aac37,,10,FAULT,0x2000,PUMP_CAVITATION,0,1,0,1,1,0,0.0,0.171,0.0,0.0,9.899,0.0,0.0,1187.88,890.91,1.14,110.05,1012.9,20.3,8.9,0.0,0.0,0.0,,0.0,0,0,0,0,0,4.2,0.01,0.0,5897.43,5897.43,0.0,9.66
2026-06-05T07:50:40.553+00:00,95011,66ec7050-ec57-40ab-8f47-c4287b6aac37,,10,FAULT,0x2000,PUMP_CAVITATION,0,1,0,1,1,0,0.0,0.659,0.0,0.0,9.886,0.0,0.0,1186.32,889.74,-0.8,112.13,1012.9,20.3,8.9,0.0,0.0,0.0,,0.0,0,0,0,0,0,4.2,0.01,0.0,6053.14,6053.14,0.0,-11.09
2026-06-05T07:50:40.729+00:00,95187,66ec7050-ec57-40ab-8f47-c4287b6aac37,,10,FAULT,0x2000,PUMP_CAVITATION,0,1,0,1,1,0,0.0,0.024,0.0,0.0,9.873,0.0,0.0,1184.76,888.57,-0.31,110.17,1012.8,20.3,8.8,0.0,0.0,0.0,,0.0,0,0,0,0,0,4.2,0.01,0.0,6209.53,6209.53,0.0,2.78
2026-06-05T07:50:40.964+00:00,95364,66ec7050-ec57-40ab-8f47-c4287b6aac37,,10,FAULT,0x2000,PUMP_CAVITATION,0,1,0,1,1,0,0.0,0.171,0.0,0.0,9.863,0.0,0.0,1183.56,887.67,0.41,112.5,1012.7,20.3,8.8,0.0,0.0,0.0,,0.0,0,0,0,0,0,4.2,0.01,0.0,6366.65,6366.65,0.0,4.07
2026-06-05T07:50:41.143+00:00,95539,66ec7050-ec57-40ab-8f47-c4287b6aac37,,10,FAULT,0x2000,PUMP_CAVITATION,0,1,0,1,1,0,0.0,0.0,0.0,0.0,9.856,0.0,0.0,1182.72,887.04,1.14,107.24,1012.8,20.3,8.9,0.0,0.0,0.0,,0.0,0,0,0,0,0,4.2,0.01,0.0,6521.88,6521.88,0.0,4.17
2026-06-05T07:50:41.254+00:00,95714,66ec7050-ec57-40ab-8f47-c4287b6aac37,,10,FAULT,0x2000,PUMP_CAVITATION,0,1,0,1,1,0,0.0,1.295,0.0,0.0,9.846,0.0,0.0,1181.52,886.14,0.41,112.5,1012.9,20.3,8.9,0.0,0.0,0.0,,0.0,0,0,0,0,0,4.2,0.01,0.0,6676.95,6676.95,0.0,-4.17
2026-06-05T07:50:41.430+00:00,95890,66ec7050-ec57-40ab-8f47-c4287b6aac37,,10,FAULT,0x2000,PUMP_CAVITATION,0,1,0,1,1,0,0.0,0.659,0.0,0.0,9.836,0.0,0.0,1180.32,885.24,0.65,110.54,1012.8,20.3,8.9,0.0,0.0,0.0,,0.0,0,0,0,0,0,4.2,0.01,0.0,6832.75,6832.75,0.0,1.36
2026-06-05T07:50:41.667+00:00,96065,66ec7050-ec57-40ab-8f47-c4287b6aac37,,10,FAULT,0x2000,PUMP_CAVITATION,0,1,0,1,1,0,0.0,0.464,0.0,0.0,9.831,0.0,0.0,1179.72,884.79,0.65,112.5,1012.8,20.3,8.8,0.0,0.0,0.0,,0.0,0,0,0,0,0,4.2,0.01,0.0,6987.59,6987.59,0.0,0.0
2026-06-05T07:50:41.849+00:00,96241,66ec7050-ec57-40ab-8f47-c4287b6aac37,,10,FAULT,0x2000,PUMP_CAVITATION,0,1,0,1,1,0,0.0,0.0,0.0,0.0,9.831,0.0,0.0,1179.72,884.79,0.0,107.85,1012.8,20.3,8.9,0.0,0.0,0.0,,0.0,0,0,0,0,0,4.2,0.01,0.0,7143.32,7143.32,0.0,-3.69
2026-06-05T07:50:41.958+00:00,96416,66ec7050-ec57-40ab-8f47-c4287b6aac37,,10,FAULT,0x2000,PUMP_CAVITATION,0,1,0,1,1,0,0.0,0.073,0.0,0.0,9.827,0.0,0.0,1179.24,884.43,0.65,111.76,1012.8,20.3,8.8,0.0,0.0,0.0,,0.0,0,0,0,0,0,4.2,0.01,0.0,7298.09,7298.09,0.0,3.71
2026-06-05T07:50:42.134+00:00,96591,66ec7050-ec57-40ab-8f47-c4287b6aac37,,10,FAULT,0x2000,PUMP_CAVITATION,0,1,0,1,1,0,0.0,0.219,0.0,0.0,9.816,0.0,0.0,1177.92,883.44,-0.31,109.81,1012.7,20.3,8.8,0.0,0.0,0.0,,0.0,0,0,0,0,0,4.2,0.01,0.0,7452.69,7452.69,0.0,-5.49
2026-06-05T07:50:42.374+00:00,96768,66ec7050-ec57-40ab-8f47-c4287b6aac37,,10,FAULT,0x2000,PUMP_CAVITATION,0,1,0,1,1,0,0.0,0.61,0.0,0.0,9.808,0.0,0.0,1176.96,882.72,0.0,112.5,1012.9,20.3,8.9,0.0,0.0,0.0,,0.0,0,0,0,0,0,4.2,0.01,0.0,7608.93,7608.93,0.0,1.75
2026-06-05T07:50:42.555+00:00,96943,66ec7050-ec57-40ab-8f47-c4287b6aac37,,10,FAULT,0x2000,PUMP_CAVITATION,0,1,0,1,1,0,0.0,0.317,0.0,0.0,9.814,0.0,0.0,1177.68,883.26,-0.56,111.76,1012.9,20.2,8.9,0.0,0.0,0.0,,0.0,0,0,0,0,0,4.2,0.01,0.0,7763.5,7763.5,0.0,-3.2
2026-06-05T07:50:42.659+00:00,97118,66ec7050-ec57-40ab-8f47-c4287b6aac37,,10,FAULT,0x2000,PUMP_CAVITATION,0,1,0,1,1,0,0.0,0.024,0.0,0.0,9.816,0.0,0.0,1177.92,883.44,0.0,110.78,1012.8,20.3,8.8,0.0,0.0,0.0,,0.0,0,0,0,0,0,4.2,0.01,0.0,7918.11,7918.11,0.0,3.2
2026-06-05T07:50:42.835+00:00,97294,66ec7050-ec57-40ab-8f47-c4287b6aac37,,10,FAULT,0x2000,PUMP_CAVITATION,0,1,0,1,1,0,0.0,0.0,0.0,0.0,9.808,0.0,0.0,1176.96,882.72,2.37,110.17,1012.7,20.3,8.8,0.0,0.0,0.0,,0.0,0,0,0,0,0,4.2,0.01,0.0,8073.47,8073.47,0.0,13.47
2026-06-05T07:50:43.079+00:00,97469,66ec7050-ec57-40ab-8f47-c4287b6aac37,,10,FAULT,0x2000,PUMP_CAVITATION,0,1,0,1,1,0,0.0,0.0,0.0,0.0,9.799,0.0,0.0,1175.88,881.91,-1.29,109.81,1012.8,20.3,8.8,0.0,0.0,0.0,,0.0,0,0,0,0,0,4.2,0.01,0.0,8227.8,8227.8,0.0,-20.91
2026-06-05T07:50:43.259+00:00,97645,66ec7050-ec57-40ab-8f47-c4287b6aac37,,10,FAULT,0x2000,PUMP_CAVITATION,0,1,0,1,1,0,0.0,0.415,0.0,0.0,9.797,0.0,0.0,1175.64,881.73,-0.31,112.5,1012.8,20.3,8.9,0.0,0.0,0.0,,0.0,0,0,0,0,0,4.2,0.01,0.0,8382.98,8382.98,0.0,5.57
2026-06-05T07:50:43.363+00:00,97820,66ec7050-ec57-40ab-8f47-c4287b6aac37,,10,FAULT,0x2000,PUMP_CAVITATION,0,1,0,1,1,0,0.0,0.073,0.0,0.0,9.792,0.0,0.0,1175.04,881.28,0.0,109.32,1012.9,20.2,8.9,0.0,0.0,0.0,,0.0,0,0,0,0,0,4.2,0.01,0.0,8537.21,8537.21,0.0,1.77
2026-06-05T07:50:43.539+00:00,97995,66ec7050-ec57-40ab-8f47-c4287b6aac37,,10,FAULT,0x2000,PUMP_CAVITATION,0,1,0,1,1,0,0.0,0.513,0.0,0.0,9.785,0.0,0.0,1174.2,880.65,1.14,112.5,1012.8,20.3,8.8,0.0,0.0,0.0,,0.0,0,0,0,0,0,4.2,0.01,0.0,8691.32,8691.32,0.0,6.51
2026-06-05T07:50:43.783+00:00,98171,66ec7050-ec57-40ab-8f47-c4287b6aac37,,10,FAULT,0x2000,PUMP_CAVITATION,0,1,0,1,1,0,0.0,0.171,0.0,0.0,9.776,0.0,0.0,1173.12,879.84,-0.56,109.81,1012.8,20.3,8.8,0.0,0.0,0.0,,0.0,0,0,0,0,0,4.2,0.01,0.0,8846.17,8846.17,0.0,-9.66
2026-06-05T07:50:43.963+00:00,98348,66ec7050-ec57-40ab-8f47-c4287b6aac37,,10,FAULT,0x2000,PUMP_CAVITATION,0,1,0,1,1,0,0.0,0.0,0.0,0.0,9.776,0.0,0.0,1173.12,879.84,0.65,112.01,1012.8,20.3,8.8,0.0,0.0,0.0,,0.0,0,0,0,0,0,4.2,0.01,0.0,9001.91,9001.91,0.0,6.84
2026-06-05T07:50:44.067+00:00,98523,66ec7050-ec57-40ab-8f47-c4287b6aac37,,10,FAULT,0x2000,PUMP_CAVITATION,0,1,0,1,1,0,0.0,0.513,0.0,0.0,9.77,0.0,0.0,1172.4,879.3,0.0,112.5,1012.8,20.2,8.8,0.0,0.0,0.0,,0.0,0,0,0,0,0,4.2,0.01,0.0,9155.78,9155.78,0.0,-3.71
2026-06-05T07:50:44.243+00:00,98698,66ec7050-ec57-40ab-8f47-c4287b6aac37,,10,FAULT,0x2000,PUMP_CAVITATION,0,1,0,1,1,0,0.0,0.0,0.0,0.0,9.764,0.0,0.0,1171.68,878.76,-1.29,112.5,1012.8,20.2,8.8,0.0,0.0,0.0,,0.0,0,0,0,0,0,4.2,0.01,0.0,9309.57,9309.57,0.0,-7.37
2026-06-05T07:50:44.486+00:00,98873,66ec7050-ec57-40ab-8f47-c4287b6aac37,,10,FAULT,0x2000,PUMP_CAVITATION,0,1,0,1,1,0,0.0,0.0,0.0,0.0,9.749,0.0,0.0,1169.88,877.41,1.63,108.34,1012.9,20.3,8.9,0.0,0.0,0.0,,0.0,0,0,0,0,0,4.2,0.01,0.0,9463.11,9463.11,0.0,16.69
2026-06-05T07:50:44.686+00:00,99049,66ec7050-ec57-40ab-8f47-c4287b6aac37,,10,FAULT,0x2000,PUMP_CAVITATION,0,1,0,1,1,0,0.0,1.392,0.0,0.0,9.777,0.0,0.0,1173.24,879.93,1.14,112.5,1012.8,20.3,8.8,0.0,0.0,0.0,,0.0,0,0,0,0,0,4.2,0.01,0.0,9617.98,9617.98,0.0,-2.78
2026-06-05T07:50:44.768+00:00,99224,66ec7050-ec57-40ab-8f47-c4287b6aac37,,10,FAULT,0x2000,PUMP_CAVITATION,0,1,0,1,1,0,0.0,0.855,0.0,0.0,9.786,0.0,0.0,1174.32,880.74,-0.56,112.5,1012.8,20.3,8.8,0.0,0.0,0.0,,0.0,0,0,0,0,0,4.2,0.01,0.0,9772.11,9772.11,0.0,-9.71
2026-06-05T07:50:44.944+00:00,99400,66ec7050-ec57-40ab-8f47-c4287b6aac37,,10,FAULT,0x2000,PUMP_CAVITATION,0,1,0,1,1,0,0.0,0.0,0.0,0.0,9.156,0.0,0.0,1098.72,824.04,1.63,108.1,1012.8,20.3,8.8,0.0,0.0,0.0,,0.0,0,0,0,0,0,4.2,0.01,0.0,9917.14,9917.14,0.0,12.44
2026-06-05T07:50:45.123+00:00,99575,66ec7050-ec57-40ab-8f47-c4287b6aac37,,10,FAULT,0x2000,PUMP_CAVITATION,0,1,0,1,1,0,0.0,0.073,0.0,0.0,8.753,0.0,0.0,1050.36,787.77,1.14,111.76,1012.8,20.3,8.9,0.0,0.0,0.0,,0.0,0,0,0,0,0,4.2,0.01,0.0,10055.0,10055.0,0.0,-2.8
2026-06-05T07:50:45.309+00:00,99751,66ec7050-ec57-40ab-8f47-c4287b6aac37,,10,FAULT,0x2000,PUMP_CAVITATION,0,1,0,1,1,0,0.0,1.001,0.0,0.0,8.235,0.0,0.0,988.2,741.15,1.39,107.24,1012.9,20.3,8.9,0.0,0.0,0.0,,0.0,0,0,0,0,0,4.2,0.01,0.0,10185.44,10185.44,0.0,1.42
2026-06-05T07:50:45.472+00:00,99927,66ec7050-ec57-40ab-8f47-c4287b6aac37,,10,FAULT,0x2000,PUMP_CAVITATION,0,1,0,1,1,0,0.0,0.122,0.0,0.0,7.54,0.0,0.0,904.8,678.6,0.0,112.5,1012.8,20.3,8.8,0.0,0.0,0.0,,0.0,0,0,0,0,0,4.2,0.01,0.0,10304.88,10304.88,0.0,-7.9
2026-06-05T07:50:45.648+00:00,100103,66ec7050-ec57-40ab-8f47-c4287b6aac37,,10,FAULT,0x2000,PUMP_CAVITATION,0,1,0,1,1,0,0.0,0.171,0.0,0.0,6.442,0.0,0.0,773.04,579.78,-1.05,109.32,1012.8,20.3,8.8,0.0,0.0,0.0,,0.0,0,0,0,0,0,4.2,0.01,0.0,10406.92,10406.92,0.0,-5.97
2026-06-05T07:50:45.824+00:00,100279,66ec7050-ec57-40ab-8f47-c4287b6aac37,,10,FAULT,0x2000,PUMP_CAVITATION,0,1,0,1,1,0,0.0,0.904,0.0,0.0,4.732,0.0,0.0,567.84,425.88,0.9,112.5,1012.8,20.3,8.8,0.0,0.0,0.0,,0.0,0,0,0,0,0,4.2,0.01,0.0,10481.87,10481.87,0.0,11.08
2026-06-05T07:50:46.004+00:00,100454,66ec7050-ec57-40ab-8f47-c4287b6aac37,,10,FAULT,0x2000,PUMP_CAVITATION,0,1,0,1,1,0,0.0,0.122,0.0,0.0,3.28,0.0,0.0,393.6,295.2,-2.27,109.68,1012.8,20.3,8.9,0.0,0.0,0.0,,0.0,0,0,0,0,0,4.2,0.01,0.0,10533.53,10533.53,0.0,-18.11
2026-06-05T07:50:46.176+00:00,100630,66ec7050-ec57-40ab-8f47-c4287b6aac37,,10,FAULT,0x2000,PUMP_CAVITATION,0,1,0,1,1,0,0.0,0.708,0.0,0.0,2.42,0.0,0.0,290.4,217.8,1.39,112.5,1012.8,20.3,8.9,0.0,0.0,0.0,,0.0,0,0,0,0,0,4.2,0.01,0.0,10571.87,10571.87,0.0,20.8
2026-06-05T07:50:46.352+00:00,100805,66ec7050-ec57-40ab-8f47-c4287b6aac37,,10,FAULT,0x2000,PUMP_CAVITATION,0,1,0,1,1,0,0.0,0.61,0.0,0.0,1.897,0.0,0.0,227.64,170.73,0.0,112.5,1012.8,20.3,8.8,0.0,0.0,0.0,,0.0,0,0,0,0,0,4.2,0.01,0.0,10601.74,10601.74,0.0,-7.94
2026-06-05T07:50:46.586+00:00,100981,66ec7050-ec57-40ab-8f47-c4287b6aac37,,10,FAULT,0x2000,PUMP_CAVITATION,0,1,0,1,1,0,0.0,0.0,0.0,0.0,1.511,0.0,0.0,181.32,135.99,0.65,109.44,1012.8,20.3,8.9,0.0,0.0,0.0,,0.0,0,0,0,0,0,4.2,0.01,0.0,10625.68,10625.68,0.0,3.69
2026-06-05T07:50:46.733+00:00,101156,66ec7050-ec57-40ab-8f47-c4287b6aac37,,10,FAULT,0x2000,PUMP_CAVITATION,0,1,0,1,1,0,0.0,0.562,0.0,0.0,1.246,0.0,0.0,149.52,112.14,-0.8,112.5,1012.8,20.3,8.8,0.0,0.0,0.0,,0.0,0,0,0,0,0,4.2,0.01,0.0,10645.3,10645.3,0.0,-8.29
2026-06-05T07:50:46.877+00:00,101332,66ec7050-ec57-40ab-8f47-c4287b6aac37,,10,FAULT,0x2000,PUMP_CAVITATION,0,1,0,1,1,0,0.0,1.099,0.0,0.0,1.024,0.0,0.0,122.88,92.16,1.63,107.12,1012.8,20.3,8.8,0.0,0.0,0.0,,0.0,0,0,0,0,0,4.2,0.01,0.0,10661.52,10661.52,0.0,13.81
2026-06-05T07:50:47.053+00:00,101508,66ec7050-ec57-40ab-8f47-c4287b6aac37,,10,FAULT,0x2000,PUMP_CAVITATION,0,1,0,1,1,0,0.0,0.219,0.0,0.0,0.0,0.0,0.0,0.0,0.0,-1.78,112.5,1012.8,20.3,8.9,0.0,0.0,0.0,,0.0,0,0,0,0,0,4.2,0.01,0.0,10661.52,10661.52,0.0,-19.38
2026-06-05T07:50:47.292+00:00,101684,66ec7050-ec57-40ab-8f47-c4287b6aac37,,10,FAULT,0x2000,PUMP_CAVITATION,0,1,0,1,1,0,0.0,0.953,0.0,0.0,0.0,0.0,0.0,0.0,0.0,0.0,111.52,1012.8,20.3,8.9,0.0,0.0,0.0,,0.0,0,0,0,0,0,4.2,0.01,0.0,10661.52,10661.52,0.0,10.11
2026-06-05T07:50:47.409+00:00,101859,66ec7050-ec57-40ab-8f47-c4287b6aac37,,10,FAULT,0x2000,PUMP_CAVITATION,0,1,0,1,1,0,0.0,0.562,0.0,0.0,0.0,0.0,0.0,0.0,0.0,-1.05,112.5,1012.8,20.3,8.8,0.0,0.0,0.0,,0.0,0,0,0,0,0,4.2,0.01,0.0,10661.52,10661.52,0.0,-6.0
2026-06-05T07:50:47.581+00:00,102034,66ec7050-ec57-40ab-8f47-c4287b6aac37,,10,FAULT,0x2000,PUMP_CAVITATION,0,1,0,1,1,0,0.0,0.073,0.0,0.0,0.0,0.0,0.0,0.0,0.0,-0.31,109.07,1012.8,20.3,8.8,0.0,0.0,0.0,,0.0,0,0,0,0,0,4.2,0.01,0.0,10661.52,10661.52,0.0,4.23
2026-06-05T07:50:47.757+00:00,102210,66ec7050-ec57-40ab-8f47-c4287b6aac37,,10,FAULT,0x2000,PUMP_CAVITATION,0,1,0,1,1,0,0.0,0.268,0.0,0.0,0.0,0.0,0.0,0.0,0.0,-2.27,112.5,1012.8,20.3,8.8,0.0,0.0,0.0,,0.0,0,0,0,0,0,4.2,0.01,0.0,10661.52,10661.52,0.0,-11.14
2026-06-05T07:50:47.930+00:00,102385,66ec7050-ec57-40ab-8f47-c4287b6aac37,,10,FAULT,0x2000,PUMP_CAVITATION,0,1,0,1,1,0,0.0,0.0,0.0,0.0,0.0,0.0,0.0,0.0,0.0,0.65,106.02,1012.8,20.3,8.8,0.0,0.0,0.0,,0.0,0,0,0,0,0,4.2,0.01,0.0,10661.52,10661.52,0.0,16.69
2026-06-05T07:50:48.112+00:00,102560,66ec7050-ec57-40ab-8f47-c4287b6aac37,,10,FAULT,0x2000,PUMP_CAVITATION,0,1,0,1,1,0,0.0,1.441,0.0,0.0,0.0,0.0,0.0,0.0,0.0,-0.31,112.5,1012.9,20.3,8.9,0.0,0.0,0.0,,0.0,0,0,0,0,0,4.2,0.01,0.0,10661.52,10661.52,0.0,-5.49
2026-06-05T07:50:48.282+00:00,102735,66ec7050-ec57-40ab-8f47-c4287b6aac37,,10,FAULT,0x2000,PUMP_CAVITATION,0,1,0,1,1,0,0.0,0.024,0.0,0.0,0.0,0.0,0.0,0.0,0.0,0.0,110.3,1012.9,20.3,8.9,0.0,0.0,0.0,,0.0,0,0,0,0,0,4.2,0.01,0.0,10661.52,10661.52,0.0,1.77
2026-06-05T07:50:48.458+00:00,102910,66ec7050-ec57-40ab-8f47-c4287b6aac37,,10,FAULT,0x2000,PUMP_CAVITATION,0,1,0,1,1,0,0.0,0.0,0.0,0.0,0.0,0.0,0.0,0.0,0.0,0.41,108.95,1012.8,20.3,8.8,0.0,0.0,0.0,,0.0,0,0,0,0,0,4.2,0.01,0.0,10661.52,10661.52,0.0,2.34
2026-06-05T07:50:48.634+00:00,103087,66ec7050-ec57-40ab-8f47-c4287b6aac37,,10,FAULT,0x2000,PUMP_CAVITATION,0,1,0,1,1,0,0.0,0.855,0.0,0.0,0.0,0.0,0.0,0.0,0.0,-1.29,112.5,1012.8,20.3,8.8,0.0,0.0,0.0,,0.0,0,0,0,0,0,4.2,0.01,0.0,10661.52,10661.52,0.0,-9.6
2026-06-05T07:50:48.815+00:00,103262,66ec7050-ec57-40ab-8f47-c4287b6aac37,,10,FAULT,0x2000,PUMP_CAVITATION,0,1,0,1,1,0,0.0,0.806,0.0,0.0,0.0,0.0,0.0,0.0,0.0,1.88,108.58,1012.8,20.3,8.8,0.0,0.0,0.0,,0.0,0,0,0,0,0,4.2,0.01,0.0,10661.52,10661.52,0.0,18.11
2026-06-05T07:50:48.986+00:00,103437,66ec7050-ec57-40ab-8f47-c4287b6aac37,,10,FAULT,0x2000,PUMP_CAVITATION,0,1,0,1,1,0,0.0,0.317,0.0,0.0,0.0,0.0,0.0,0.0,0.0,-0.8,112.5,1012.8,20.3,8.8,0.0,0.0,0.0,,0.0,0,0,0,0,0,4.2,0.01,0.0,10661.52,10661.52,0.0,-15.31
2026-06-05T07:50:49.162+00:00,103613,66ec7050-ec57-40ab-8f47-c4287b6aac37,,10,FAULT,0x2000,PUMP_CAVITATION,0,1,0,1,1,0,0.0,0.219,0.0,0.0,0.0,0.0,0.0,0.0,0.0,-1.29,109.68,1012.8,20.3,8.9,0.0,0.0,0.0,,0.0,0,0,0,0,0,4.2,0.01,0.0,10661.52,10661.52,0.0,-2.78
2026-06-05T07:50:49.335+00:00,103788,66ec7050-ec57-40ab-8f47-c4287b6aac37,,10,FAULT,0x2000,PUMP_CAVITATION,0,1,0,1,1,0,0.0,1.197,0.0,0.0,0.0,0.0,0.0,0.0,0.0,-0.8,112.5,1012.8,20.3,8.8,0.0,0.0,0.0,,0.0,0,0,0,0,0,4.2,0.01,0.0,10661.52,10661.52,0.0,2.8
2026-06-05T07:50:49.514+00:00,103964,66ec7050-ec57-40ab-8f47-c4287b6aac37,,10,FAULT,0x2000,PUMP_CAVITATION,0,1,0,1,1,0,0.0,0.0,0.0,0.0,0.0,0.0,0.0,0.0,0.0,1.39,107.36,1012.8,20.3,8.8,0.0,0.0,0.0,,0.0,0,0,0,0,0,4.2,0.01,0.0,10661.52,10661.52,0.0,12.44
2026-06-05T07:50:49.687+00:00,104139,66ec7050-ec57-40ab-8f47-c4287b6aac37,,10,FAULT,0x2000,PUMP_CAVITATION,0,1,0,1,1,0,0.0,0.024,0.0,0.0,0.0,0.0,0.0,0.0,0.0,0.65,112.5,1012.8,20.3,8.8,0.0,0.0,0.0,,0.0,0,0,0,0,0,4.2,0.01,0.0,10661.52,10661.52,0.0,-4.23
2026-06-05T07:50:49.863+00:00,104314,66ec7050-ec57-40ab-8f47-c4287b6aac37,,10,FAULT,0x2000,PUMP_CAVITATION,0,1,0,1,1,0,0.0,0.073,0.0,0.0,0.0,0.0,0.0,0.0,0.0,2.37,107.0,1012.8,20.3,8.8,0.0,0.0,0.0,,0.0,0,0,0,0,0,4.2,0.01,0.0,10661.52,10661.52,0.0,9.83
2026-06-05T07:50:50.040+00:00,104489,66ec7050-ec57-40ab-8f47-c4287b6aac37,,10,FAULT,0x2000,PUMP_CAVITATION,0,1,0,1,1,0,0.0,0.073,0.0,0.0,0.0,0.0,0.0,0.0,0.0,-1.78,112.5,1012.8,20.3,8.9,0.0,0.0,0.0,,0.0,0,0,0,0,0,4.2,0.01,0.0,10661.52,10661.52,0.0,-23.71
2026-06-05T07:50:50.281+00:00,104665,66ec7050-ec57-40ab-8f47-c4287b6aac37,,10,FAULT,0x2000,PUMP_CAVITATION,0,1,0,1,1,0,0.0,0.366,0.0,0.0,0.0,0.0,0.0,0.0,0.0,-2.02,110.42,1012.9,20.3,8.9,0.0,0.0,0.0,,0.0,0,0,0,0,0,4.2,0.01,0.0,10661.52,10661.52,0.0,-1.36
2026-06-05T07:50:50.391+00:00,104841,66ec7050-ec57-40ab-8f47-c4287b6aac37,,10,FAULT,0x2000,PUMP_CAVITATION,0,1,0,1,1,0,0.0,1.246,0.0,0.0,0.0,0.0,0.0,0.0,0.0,1.14,112.5,1012.8,20.3,8.9,0.0,0.0,0.0,,0.0,0,0,0,0,0,4.2,0.01,0.0,10661.52,10661.52,0.0,17.95
2026-06-05T07:50:50.564+00:00,105016,66ec7050-ec57-40ab-8f47-c4287b6aac37,,10,FAULT,0x2000,PUMP_CAVITATION,0,1,0,1,1,0,0.0,0.708,0.0,0.0,0.0,0.0,0.0,0.0,0.0,-0.56,111.15,1012.8,20.3,8.8,0.0,0.0,0.0,,0.0,0,0,0,0,0,4.2,0.01,0.0,10661.52,10661.52,0.0,-9.71
2026-06-05T07:50:50.740+00:00,105192,66ec7050-ec57-40ab-8f47-c4287b6aac37,,10,FAULT,0x2000,PUMP_CAVITATION,0,1,0,1,1,0,0.0,1.295,0.0,0.0,0.0,0.0,0.0,0.0,0.0,0.41,112.5,1012.7,20.3,8.8,0.0,0.0,0.0,,0.0,0,0,0,0,0,4.2,0.01,0.0,10661.52,10661.52,0.0,5.51
2026-06-05T07:50:50.984+00:00,105367,66ec7050-ec57-40ab-8f47-c4287b6aac37,,10,FAULT,0x2000,PUMP_CAVITATION,0,1,0,1,1,0,0.0,0.317,0.0,0.0,0.0,0.0,0.0,0.0,0.0,-1.05,112.5,1012.9,20.3,8.9,0.0,0.0,0.0,,0.0,0,0,0,0,0,4.2,0.01,0.0,10661.52,10661.52,0.0,-8.34
2026-06-05T07:50:51.092+00:00,105542,66ec7050-ec57-40ab-8f47-c4287b6aac37,,10,FAULT,0x2000,PUMP_CAVITATION,0,1,0,1,1,0,0.0,0.757,0.0,0.0,0.0,0.0,0.0,0.0,0.0,0.0,111.15,1012.9,20.3,8.9,0.0,0.0,0.0,,0.0,0,0,0,0,0,4.2,0.01,0.0,10661.52,10661.52,0.0,6.0
2026-06-05T07:50:51.267+00:00,105718,66ec7050-ec57-40ab-8f47-c4287b6aac37,,10,FAULT,0x2000,PUMP_CAVITATION,0,1,0,1,1,0,0.0,0.513,0.0,0.0,0.0,0.0,0.0,0.0,0.0,-0.56,112.5,1012.8,20.3,8.9,0.0,0.0,0.0,,0.0,0,0,0,0,0,4.2,0.01,0.0,10661.52,10661.52,0.0,-3.18
2026-06-05T07:50:51.443+00:00,105893,66ec7050-ec57-40ab-8f47-c4287b6aac37,,10,FAULT,0x2000,PUMP_CAVITATION,0,1,0,1,1,0,0.0,0.513,0.0,0.0,0.0,0.0,0.0,0.0,0.0,-0.56,111.76,1012.8,20.3,8.8,0.0,0.0,0.0,,0.0,0,0,0,0,0,4.2,0.01,0.0,10661.52,10661.52,0.0,0.0
2026-06-05T07:50:51.686+00:00,106068,66ec7050-ec57-40ab-8f47-c4287b6aac37,,10,FAULT,0x2000,PUMP_CAVITATION,0,1,0,1,1,0,0.0,0.024,0.0,0.0,0.0,0.0,0.0,0.0,0.0,0.9,111.4,1012.8,20.3,8.8,0.0,0.0,0.0,,0.0,0,0,0,0,0,4.2,0.01,0.0,10661.52,10661.52,0.0,8.34
2026-06-05T07:50:51.793+00:00,106244,66ec7050-ec57-40ab-8f47-c4287b6aac37,,10,FAULT,0x2000,PUMP_CAVITATION,0,1,0,1,1,0,0.0,0.0,0.0,0.0,0.0,0.0,0.0,0.0,0.0,0.0,107.61,1012.8,20.3,8.8,0.0,0.0,0.0,,0.0,0,0,0,0,0,4.2,0.01,0.0,10661.52,10661.52,0.0,-5.11
2026-06-05T07:50:51.968+00:00,106419,66ec7050-ec57-40ab-8f47-c4287b6aac37,,10,FAULT,0x2000,PUMP_CAVITATION,0,1,0,1,1,0,0.0,0.073,0.0,0.0,0.0,0.0,0.0,0.0,0.0,-0.56,112.5,1012.8,20.3,8.8,0.0,0.0,0.0,,0.0,0,0,0,0,0,4.2,0.01,0.0,10661.52,10661.52,0.0,-3.2
2026-06-05T07:50:52.144+00:00,106595,66ec7050-ec57-40ab-8f47-c4287b6aac37,,10,FAULT,0x2000,PUMP_CAVITATION,0,1,0,1,1,0,0.0,0.366,0.0,0.0,0.0,0.0,0.0,0.0,0.0,-1.53,109.32,1012.8,20.3,8.9,0.0,0.0,0.0,,0.0,0,0,0,0,0,4.2,0.01,0.0,10661.52,10661.52,0.0,-5.51
2026-06-05T07:50:52.351+00:00,106770,66ec7050-ec57-40ab-8f47-c4287b6aac37,,10,FAULT,0x2000,PUMP_CAVITATION,0,1,0,1,0,0,0.0,1.099,0.0,0.0,0.0,0.0,0.0,0.0,0.0,1.14,112.5,1012.8,20.3,8.9,0.0,0.0,0.0,,0.0,0,0,0,0,0,4.2,0.01,0.0,10661.52,10661.52,0.0,15.26
2026-06-05T07:50:52.500+00:00,106945,66ec7050-ec57-40ab-8f47-c4287b6aac37,,10,FAULT,0x2000,PUMP_CAVITATION,0,1,0,1,0,0,0.0,0.904,0.0,0.0,0.0,0.0,0.0,0.0,0.0,0.0,110.91,1012.8,20.3,8.8,0.0,0.0,0.0,,0.0,0,0,0,0,0,4.2,0.01,0.0,10661.52,10661.52,0.0,-6.51
2026-06-05T07:50:52.672+00:00,107120,66ec7050-ec57-40ab-8f47-c4287b6aac37,,10,FAULT,0x2000,PUMP_CAVITATION,0,1,0,0,0,0,0.0,0.464,0.0,0.0,0.0,0.0,0.0,0.0,0.0,-1.29,112.5,1012.8,20.3,8.8,0.0,0.0,0.0,,0.0,0,0,0,0,0,4.2,0.01,0.0,10661.52,10661.52,0.0,-7.37
2026-06-05T07:50:52.848+00:00,107296,66ec7050-ec57-40ab-8f47-c4287b6aac37,,10,FAULT,0x2000,PUMP_CAVITATION,0,1,0,0,0,0,0.0,0.904,0.0,0.0,0.0,0.0,0.0,0.0,0.0,1.63,110.91,1012.8,20.3,8.8,0.0,0.0,0.0,,0.0,0,0,0,0,0,4.2,0.01,0.0,10661.52,10661.52,0.0,16.59
2026-06-05T07:50:53.021+00:00,107471,66ec7050-ec57-40ab-8f47-c4287b6aac37,,10,FAULT,0x2000,PUMP_CAVITATION,0,1,0,0,0,0,0.0,0.0,0.0,0.0,0.0,0.0,0.0,0.0,0.0,-1.05,111.27,1012.9,20.3,8.9,0.0,0.0,0.0,,0.0,0,0,0,0,0,4.2,0.01,0.0,10661.52,10661.52,0.0,-15.31
2026-06-05T07:50:53.197+00:00,107648,66ec7050-ec57-40ab-8f47-c4287b6aac37,,10,FAULT,0x2000,PUMP_CAVITATION,0,1,0,0,0,0,0.0,0.0,0.0,0.0,0.0,0.0,0.0,0.0,0.0,0.41,109.2,1012.9,20.3,8.9,0.0,0.0,0.0,,0.0,0,0,0,0,0,4.2,0.01,0.0,10661.52,10661.52,0.0,8.25
2026-06-05T07:50:53.373+00:00,107823,66ec7050-ec57-40ab-8f47-c4287b6aac37,,10,FAULT,0x2000,PUMP_CAVITATION,0,1,0,0,0,0,0.0,1.441,0.0,0.0,0.0,0.0,0.0,0.0,0.0,0.9,109.68,1012.8,20.3,8.8,0.0,0.0,0.0,,0.0,0,0,0,0,0,4.2,0.01,0.0,10661.52,10661.52,0.0,2.8
2026-06-05T07:50:53.549+00:00,107998,66ec7050-ec57-40ab-8f47-c4287b6aac37,,10,FAULT,0x2000,PUMP_CAVITATION,0,1,0,0,0,0,0.0,1.295,0.0,0.0,0.0,0.0,0.0,0.0,0.0,1.14,109.56,1012.8,20.3,8.8,0.0,0.0,0.0,,0.0,0,0,0,0,0,4.2,0.01,0.0,10661.52,10661.52,0.0,1.37
2026-06-05T07:50:53.725+00:00,108173,66ec7050-ec57-40ab-8f47-c4287b6aac37,,10,FAULT,0x2000,PUMP_CAVITATION,0,1,0,0,0,0,0.0,0.171,0.0,0.0,0.0,0.0,0.0,0.0,0.0,1.39,112.5,1012.8,20.3,8.8,0.0,0.0,0.0,,0.0,0,0,0,0,0,4.2,0.01,0.0,10661.52,10661.52,0.0,1.43
2026-06-05T07:50:53.901+00:00,108349,66ec7050-ec57-40ab-8f47-c4287b6aac37,,10,FAULT,0x2000,PUMP_CAVITATION,0,1,0,0,0,0,0.0,0.0,0.0,0.0,0.0,0.0,0.0,0.0,0.0,0.9,112.5,1012.8,20.3,8.9,0.0,0.0,0.0,,0.0,0,0,0,0,0,4.2,0.01,0.0,10661.52,10661.52,0.0,-2.78
2026-06-05T07:50:54.077+00:00,108524,66ec7050-ec57-40ab-8f47-c4287b6aac37,,10,FAULT,0x2000,PUMP_CAVITATION,0,1,0,0,0,0,0.0,0.073,0.0,0.0,0.0,0.0,0.0,0.0,0.0,-1.29,109.44,1012.8,20.3,8.9,0.0,0.0,0.0,,0.0,0,0,0,0,0,4.2,0.01,0.0,10661.52,10661.52,0.0,-12.51
2026-06-05T07:50:54.253+00:00,108699,66ec7050-ec57-40ab-8f47-c4287b6aac37,,10,FAULT,0x2000,PUMP_CAVITATION,0,1,0,0,0,0,0.0,1.148,0.0,0.0,0.0,0.0,0.0,0.0,0.0,-0.56,112.5,1012.8,20.3,8.8,0.0,0.0,0.0,,0.0,0,0,0,0,0,4.2,0.01,0.0,10661.52,10661.52,0.0,4.17
2026-06-05T07:50:54.426+00:00,108875,66ec7050-ec57-40ab-8f47-c4287b6aac37,,10,FAULT,0x2000,PUMP_CAVITATION,0,1,0,0,0,0,0.0,0.0,0.0,0.0,0.0,0.0,0.0,0.0,0.0,1.14,106.02,1012.8,20.3,8.8,0.0,0.0,0.0,,0.0,0,0,0,0,0,4.2,0.01,0.0,10661.52,10661.52,0.0,9.66
2026-06-05T07:50:54.602+00:00,109050,66ec7050-ec57-40ab-8f47-c4287b6aac37,,10,FAULT,0x2000,PUMP_CAVITATION,0,1,0,1,0,0,0.0,1.099,0.0,0.0,0.0,0.0,0.0,0.0,0.0,0.41,112.5,1012.8,20.3,8.8,0.0,0.0,0.0,,0.0,0,0,0,0,0,4.2,0.01,0.0,10661.52,10661.52,0.0,-4.17
2026-06-05T07:50:54.778+00:00,109225,66ec7050-ec57-40ab-8f47-c4287b6aac37,,10,FAULT,0x2000,PUMP_CAVITATION,0,1,0,1,0,0,0.0,0.317,0.0,0.0,0.0,0.0,0.0,0.0,0.0,1.14,105.77,1012.8,20.3,8.9,0.0,0.0,0.0,,0.0,0,0,0,0,0,4.2,0.01,0.0,10661.52,10661.52,0.0,4.17
2026-06-05T07:50:54.954+00:00,109402,66ec7050-ec57-40ab-8f47-c4287b6aac37,,10,FAULT,0x2000,PUMP_CAVITATION,0,1,0,1,0,0,0.0,0.268,0.0,0.0,0.0,0.0,0.0,0.0,0.0,-1.29,112.5,1012.8,20.3,8.9,0.0,0.0,0.0,,0.0,0,0,0,0,0,4.2,0.01,0.0,10661.52,10661.52,0.0,-13.73
2026-06-05T07:50:55.141+00:00,109577,66ec7050-ec57-40ab-8f47-c4287b6aac37,,10,FAULT,0x2000,PUMP_CAVITATION,0,1,0,1,0,0,0.0,0.708,0.0,0.0,0.0,0.0,0.0,0.0,0.0,0.0,111.64,1012.8,20.3,8.9,0.0,0.0,0.0,,0.0,0,0,0,0,0,4.2,0.01,0.0,10661.52,10661.52,0.0,7.37
2026-06-05T07:50:55.306+00:00,109752,66ec7050-ec57-40ab-8f47-c4287b6aac37,,10,FAULT,0x2000,PUMP_CAVITATION,0,1,0,1,0,0,0.0,0.904,0.0,0.0,0.0,0.0,0.0,0.0,0.0,0.0,112.5,1012.8,20.3,8.9,0.0,0.0,0.0,,0.0,0,0,0,0,0,4.2,0.01,0.0,10661.52,10661.52,0.0,0.0
2026-06-05T07:50:55.479+00:00,109927,66ec7050-ec57-40ab-8f47-c4287b6aac37,,10,FAULT,0x2000,PUMP_CAVITATION,0,1,0,1,0,0,0.0,0.268,0.0,0.0,0.0,0.0,0.0,0.0,0.0,-0.31,111.76,1012.8,20.3,8.8,0.0,0.0,0.0,,0.0,0,0,0,0,0,4.2,0.01,0.0,10661.52,10661.52,0.0,-1.77
2026-06-05T07:50:55.655+00:00,110102,66ec7050-ec57-40ab-8f47-c4287b6aac37,,10,FAULT,0x2000,PUMP_CAVITATION,0,1,0,1,0,0,0.0,0.757,0.0,0.0,0.0,0.0,0.0,0.0,0.0,-1.05,112.5,1012.8,20.3,8.8,0.0,0.0,0.0,,0.0,0,0,0,0,0,4.2,0.01,0.0,10661.52,10661.52,0.0,-4.23
2026-06-05T07:50:55.891+00:00,110278,66ec7050-ec57-40ab-8f47-c4287b6aac37,,10,FAULT,0x2000,PUMP_CAVITATION,0,0,0,1,0,0,0.0,0.0,0.0,0.0,0.0,0.0,0.0,0.0,0.0,0.0,109.93,1012.8,20.3,8.9,0.0,0.0,0.0,,0.0,0,0,0,0,0,4.2,0.01,0.0,10661.52,10661.52,0.0,5.97
2026-06-05T07:50:56.007+00:00,110453,66ec7050-ec57-40ab-8f47-c4287b6aac37,,10,FAULT,0x2000,PUMP_CAVITATION,0,0,0,1,0,0,0.0,0.0,0.0,0.0,0.0,0.0,0.0,0.0,0.0,-0.31,110.05,1012.8,20.3,8.9,0.0,0.0,0.0,,0.0,0,0,0,0,0,4.2,0.01,0.0,10661.52,10661.52,0.0,-1.77
2026-06-05T07:50:56.182+00:00,110628,66ec7050-ec57-40ab-8f47-c4287b6aac37,,10,FAULT,0x2000,PUMP_CAVITATION,0,0,0,1,0,0,0.0,0.0,0.0,0.0,0.0,0.0,0.0,0.0,0.0,0.65,109.32,1012.8,20.3,8.9,0.0,0.0,0.0,,0.0,0,0,0,0,0,4.2,0.01,0.0,10661.52,10661.52,0.0,5.49
2026-06-05T07:50:56.358+00:00,110803,66ec7050-ec57-40ab-8f47-c4287b6aac37,,10,FAULT,0x2000,PUMP_CAVITATION,0,0,0,1,0,0,0.0,0.0,0.0,0.0,0.0,0.0,0.0,0.0,0.0,0.0,112.5,1012.8,20.3,8.8,0.0,0.0,0.0,,0.0,0,0,0,0,0,4.2,0.01,0.0,10661.52,10661.52,0.0,-3.71
2026-06-05T07:50:56.597+00:00,110979,66ec7050-ec57-40ab-8f47-c4287b6aac37,,10,FAULT,0x2000,PUMP_CAVITATION,0,0,0,0,0,0,0.0,0.953,0.0,0.0,0.0,0.0,0.0,0.0,0.0,-0.8,112.5,1012.8,20.3,8.8,0.0,0.0,0.0,,0.0,0,0,0,0,0,4.2,0.01,0.0,10661.52,10661.52,0.0,-4.55
2026-06-05T07:50:56.707+00:00,111154,66ec7050-ec57-40ab-8f47-c4287b6aac37,,10,FAULT,0x2000,PUMP_CAVITATION,0,0,0,0,0,0,0.0,0.073,0.0,0.0,0.0,0.0,0.0,0.0,0.0,1.88,107.49,1012.8,20.3,8.9,0.0,0.0,0.0,,0.0,0,0,0,0,0,4.2,0.01,0.0,10661.52,10661.52,0.0,15.31
2026-06-05T07:50:56.883+00:00,111330,66ec7050-ec57-40ab-8f47-c4287b6aac37,,10,FAULT,0x2000,PUMP_CAVITATION,0,0,0,0,0,0,0.0,1.295,0.0,0.0,0.0,0.0,0.0,0.0,0.0,0.41,111.52,1012.9,20.3,8.9,0.0,0.0,0.0,,0.0,0,0,0,0,0,4.2,0.01,0.0,10661.52,10661.52,0.0,-8.35
2026-06-05T07:50:57.059+00:00,111505,66ec7050-ec57-40ab-8f47-c4287b6aac37,,10,FAULT,0x2000,PUMP_CAVITATION,0,0,0,0,0,0,0.0,0.0,0.0,0.0,0.0,0.0,0.0,0.0,0.0,0.0,106.51,1012.8,20.3,8.9,0.0,0.0,0.0,,0.0,0,0,0,0,0,4.2,0.01,0.0,10661.52,10661.52,0.0,-2.34
2026-06-05T07:50:57.235+00:00,111680,66ec7050-ec57-40ab-8f47-c4287b6aac37,,10,FAULT,0x2000,PUMP_CAVITATION,0,0,0,0,0,0,0.0,0.0,0.0,0.0,0.0,0.0,0.0,0.0,0.0,1.39,112.5,1012.8,20.3,8.9,0.0,0.0,0.0,,0.0,0,0,0,0,0,4.2,0.01,0.0,10661.52,10661.52,0.0,7.94
2026-06-05T07:50:57.411+00:00,111855,66ec7050-ec57-40ab-8f47-c4287b6aac37,,10,FAULT,0x2000,PUMP_CAVITATION,0,0,0,0,0,0,0.0,0.0,0.0,0.0,0.0,0.0,0.0,0.0,0.0,0.65,106.51,1012.8,20.3,8.8,0.0,0.0,0.0,,0.0,0,0,0,0,0,4.2,0.01,0.0,10661.52,10661.52,0.0,-4.23
2026-06-05T07:50:57.584+00:00,112030,66ec7050-ec57-40ab-8f47-c4287b6aac37,,10,FAULT,0x2000,PUMP_CAVITATION,0,0,0,0,0,0,0.0,0.0,0.0,0.0,0.0,0.0,0.0,0.0,0.0,1.14,112.5,1012.8,20.3,8.9,0.0,0.0,0.0,,0.0,0,0,0,0,0,4.2,0.01,0.0,10661.52,10661.52,0.0,2.8
2026-06-05T07:50:57.759+00:00,112205,66ec7050-ec57-40ab-8f47-c4287b6aac37,,2,ARMED_IDLE,0x0000,NONE,0,1,0,0,0,0,0.0,0.0,0.0,0.0,0.0,0.0,0.0,0.0,0.0,0.41,106.87,1012.8,20.3,8.9,0.0,0.0,0.0,,0.0,0,0,0,0,0,4.2,0.01,0.0,10661.52,10661.52,0.0,-4.17
2026-06-05T07:50:57.935+00:00,112380,66ec7050-ec57-40ab-8f47-c4287b6aac37,,2,ARMED_IDLE,0x0000,NONE,0,1,0,0,0,0,0.0,0.219,0.0,0.0,0.0,0.0,0.0,0.0,0.0,-1.78,112.5,1012.8,20.3,8.9,0.0,0.0,0.0,,0.0,0,0,0,0,0,4.2,0.01,0.0,10661.52,10661.52,0.0,-12.51
2026-06-05T07:50:58.111+00:00,112556,66ec7050-ec57-40ab-8f47-c4287b6aac37,,2,ARMED_IDLE,0x0000,NONE,0,1,0,0,0,0,0.0,0.171,0.0,0.0,0.0,0.0,0.0,0.0,0.0,-0.31,108.22,1012.8,20.3,8.9,0.0,0.0,0.0,,0.0,0,0,0,0,0,4.2,0.01,0.0,10661.52,10661.52,0.0,8.35
2026-06-05T07:50:58.285+00:00,112731,66ec7050-ec57-40ab-8f47-c4287b6aac37,,2,ARMED_IDLE,0x0000,NONE,0,1,0,0,0,0,0.0,0.0,0.0,0.0,0.0,0.0,0.0,0.0,0.0,1.14,112.5,1012.8,20.3,8.9,0.0,0.0,0.0,,0.0,0,0,0,0,0,4.2,0.01,0.0,10661.52,10661.52,0.0,8.29
2026-06-05T07:50:58.460+00:00,112906,66ec7050-ec57-40ab-8f47-c4287b6aac37,,2,ARMED_IDLE,0x0000,NONE,0,1,0,0,0,0,0.0,0.855,0.0,0.0,0.0,0.0,0.0,0.0,0.0,0.0,111.64,1012.8,20.3,8.8,0.0,0.0,0.0,,0.0,0,0,0,0,0,4.2,0.01,0.0,10661.52,10661.52,0.0,-6.51
2026-06-05T07:50:58.636+00:00,113080,66ec7050-ec57-40ab-8f47-c4287b6aac37,,2,ARMED_IDLE,0x0000,NONE,0,1,0,0,0,0,0.0,0.415,0.0,0.0,0.0,0.0,0.0,0.0,0.0,-0.31,112.5,1012.8,20.3,8.8,0.0,0.0,0.0,,0.0,0,0,0,0,0,4.2,0.01,0.0,10661.52,10661.52,0.0,-1.78
2026-06-05T07:50:58.812+00:00,113255,66ec7050-ec57-40ab-8f47-c4287b6aac37,,2,ARMED_IDLE,0x0000,NONE,0,1,0,0,0,0,0.0,0.464,0.0,0.0,0.0,0.0,0.0,0.0,0.0,-1.05,108.46,1012.8,20.3,8.9,0.0,0.0,0.0,,0.0,0,0,0,0,0,4.2,0.01,0.0,10661.52,10661.52,0.0,-4.23
2026-06-05T07:50:58.985+00:00,113430,66ec7050-ec57-40ab-8f47-c4287b6aac37,,2,ARMED_IDLE,0x0000,NONE,0,1,0,0,0,0,0.0,0.806,0.0,0.0,0.0,0.0,0.0,0.0,0.0,0.41,112.5,1012.8,20.3,8.8,0.0,0.0,0.0,,0.0,0,0,0,0,0,4.2,0.01,0.0,10661.52,10661.52,0.0,8.34
2026-06-05T07:50:59.160+00:00,113605,66ec7050-ec57-40ab-8f47-c4287b6aac37,,2,ARMED_IDLE,0x0000,NONE,0,1,0,1,0,0,0.0,0.513,0.0,0.0,0.0,0.0,0.0,0.0,0.0,-1.29,109.68,1012.8,20.3,8.8,0.0,0.0,0.0,,0.0,0,0,0,0,0,4.2,0.01,0.0,10661.52,10661.52,0.0,-9.71
2026-06-05T07:50:59.338+00:00,113780,66ec7050-ec57-40ab-8f47-c4287b6aac37,,2,ARMED_IDLE,0x0000,NONE,0,1,0,1,0,0,0.0,0.659,0.0,0.0,0.0,0.0,0.0,0.0,0.0,1.63,112.5,1012.8,20.3,8.8,0.0,0.0,0.0,,0.0,0,0,0,0,0,4.2,0.01,0.0,10661.52,10661.52,0.0,16.69
2026-06-05T07:50:59.512+00:00,113955,66ec7050-ec57-40ab-8f47-c4287b6aac37,,2,ARMED_IDLE,0x0000,NONE,0,1,0,1,0,0,0.0,1.05,0.0,0.0,0.0,0.0,0.0,0.0,0.0,0.65,112.5,1012.8,20.3,8.9,0.0,0.0,0.0,,0.0,0,0,0,0,0,4.2,0.01,0.0,10661.52,10661.52,0.0,-5.6
2026-06-05T07:50:59.748+00:00,114130,66ec7050-ec57-40ab-8f47-c4287b6aac37,,2,ARMED_IDLE,0x0000,NONE,0,1,0,1,0,0,0.0,0.757,0.0,0.0,0.0,0.0,0.0,0.0,0.0,0.9,111.88,1012.8,20.3,8.9,0.0,0.0,0.0,,0.0,0,0,0,0,0,4.2,0.01,0.0,10661.52,10661.52,0.0,1.43
2026-06-05T07:50:59.939+00:00,114306,66ec7050-ec57-40ab-8f47-c4287b6aac37,,2,ARMED_IDLE,0x0000,NONE,0,1,0,1,0,0,0.0,1.148,0.0,0.0,0.0,0.0,0.0,0.0,0.0,-0.8,112.5,1012.8,20.3,8.9,0.0,0.0,0.0,,0.0,0,0,0,0,0,4.2,0.01,0.0,10661.52,10661.52,0.0,-9.66
2026-06-05T07:51:00.037+00:00,114481,66ec7050-ec57-40ab-8f47-c4287b6aac37,,2,ARMED_IDLE,0x0000,NONE,0,1,0,1,0,0,0.0,0.0,0.0,0.0,0.0,0.0,0.0,0.0,0.0,0.65,111.64,1012.8,20.3,8.9,0.0,0.0,0.0,,0.0,0,0,0,0,0,4.2,0.01,0.0,10661.52,10661.52,0.0,8.29
2026-06-05T07:51:00.213+00:00,114656,66ec7050-ec57-40ab-8f47-c4287b6aac37,,2,ARMED_IDLE,0x0000,NONE,0,1,0,1,0,0,0.0,0.219,0.0,0.0,0.0,0.0,0.0,0.0,0.0,-0.56,108.83,1012.8,20.3,8.8,0.0,0.0,0.0,,0.0,0,0,0,0,0,4.2,0.01,0.0,10661.52,10661.52,0.0,-6.91
2026-06-05T07:51:00.389+00:00,114831,66ec7050-ec57-40ab-8f47-c4287b6aac37,,2,ARMED_IDLE,0x0000,NONE,0,1,0,1,0,0,0.0,0.806,0.0,0.0,0.0,0.0,0.0,0.0,0.0,0.41,112.5,1012.8,20.3,8.8,0.0,0.0,0.0,,0.0,0,0,0,0,0,4.2,0.01,0.0,10661.52,10661.52,0.0,5.54
2026-06-05T07:51:00.614+00:00,115005,66ec7050-ec57-40ab-8f47-c4287b6aac37,,2,ARMED_IDLE,0x0000,NONE,0,1,0,1,0,0,0.0,0.122,0.0,0.0,0.0,0.0,0.0,0.0,0.0,-0.56,111.52,1012.8,20.3,8.8,0.0,0.0,0.0,,0.0,0,0,0,0,0,4.2,0.01,0.0,10661.52,10661.52,0.0,-5.57
2026-06-05T07:51:00.737+00:00,115180,66ec7050-ec57-40ab-8f47-c4287b6aac37,,2,ARMED_IDLE,0x0000,NONE,0,1,0,1,0,0,0.0,1.001,0.0,0.0,0.0,0.0,0.0,0.0,0.0,-1.05,112.5,1012.8,20.3,8.8,0.0,0.0,0.0,,0.0,0,0,0,0,0,4.2,0.01,0.0,10661.52,10661.52,0.0,-2.8
2026-06-05T07:51:00.913+00:00,115356,66ec7050-ec57-40ab-8f47-c4287b6aac37,,2,ARMED_IDLE,0x0000,NONE,0,1,0,1,0,0,0.0,1.148,0.0,0.0,0.0,0.0,0.0,0.0,0.0,0.9,109.07,1012.8,20.3,8.8,0.0,0.0,0.0,,0.0,0,0,0,0,0,4.2,0.01,0.0,10661.52,10661.52,0.0,11.08
2026-06-05T07:51:01.089+00:00,115531,66ec7050-ec57-40ab-8f47-c4287b6aac37,,2,ARMED_IDLE,0x0000,NONE,0,1,0,1,0,0,0.0,0.0,0.0,0.0,0.0,0.0,0.0,0.0,0.0,-0.31,110.78,1012.9,20.3,8.9,0.0,0.0,0.0,,0.0,0,0,0,0,0,4.2,0.01,0.0,10661.52,10661.52,0.0,-6.91
2026-06-05T07:51:01.325+00:00,115705,66ec7050-ec57-40ab-8f47-c4287b6aac37,,2,ARMED_IDLE,0x0000,NONE,0,1,0,1,0,0,0.0,0.562,0.0,0.0,0.0,0.0,0.0,0.0,0.0,0.41,112.5,1012.8,20.3,8.8,0.0,0.0,0.0,,0.0,0,0,0,0,0,4.2,0.01,0.0,10661.52,10661.52,0.0,4.14
2026-06-05T07:51:01.438+00:00,115880,66ec7050-ec57-40ab-8f47-c4287b6aac37,,2,ARMED_IDLE,0x0000,NONE,0,1,0,1,0,0,0.0,0.268,0.0,0.0,0.0,0.0,0.0,0.0,0.0,0.0,111.88,1012.8,20.3,8.8,0.0,0.0,0.0,,0.0,0,0,0,0,0,4.2,0.01,0.0,10661.52,10661.52,0.0,-2.34
2026-06-05T07:51:01.613+00:00,116056,66ec7050-ec57-40ab-8f47-c4287b6aac37,,2,ARMED_IDLE,0x0000,NONE,0,1,0,1,0,0,0.0,0.659,0.0,0.0,0.0,0.0,0.0,0.0,0.0,-0.31,112.25,1012.8,20.3,8.9,0.0,0.0,0.0,,0.0,0,0,0,0,0,4.2,0.01,0.0,10661.52,10661.52,0.0,-1.76
2026-06-05T07:51:01.789+00:00,116231,66ec7050-ec57-40ab-8f47-c4287b6aac37,,2,ARMED_IDLE,0x0000,NONE,0,1,0,1,0,0,0.0,0.659,0.0,0.0,0.0,0.0,0.0,0.0,0.0,-0.56,112.5,1012.8,20.3,8.9,0.0,0.0,0.0,,0.0,0,0,0,0,0,4.2,0.01,0.0,10661.52,10661.52,0.0,-1.43
2026-06-05T07:51:02.029+00:00,116406,66ec7050-ec57-40ab-8f47-c4287b6aac37,,2,ARMED_IDLE,0x0000,NONE,0,1,0,1,0,0,0.0,0.562,0.0,0.0,0.0,0.0,0.0,0.0,0.0,0.0,112.5,1012.8,20.3,8.8,0.0,0.0,0.0,,0.0,0,0,0,0,0,4.2,0.01,0.0,10661.52,10661.52,0.0,3.2
2026-06-05T07:51:02.138+00:00,116581,66ec7050-ec57-40ab-8f47-c4287b6aac37,,2,ARMED_IDLE,0x0000,NONE,0,1,0,1,0,0,0.0,0.219,0.0,0.0,0.0,0.0,0.0,0.0,0.0,-1.29,110.91,1012.8,20.3,8.8,0.0,0.0,0.0,,0.0,0,0,0,0,0,4.2,0.01,0.0,10661.52,10661.52,0.0,-7.37
2026-06-05T07:51:02.314+00:00,116756,66ec7050-ec57-40ab-8f47-c4287b6aac37,,2,ARMED_IDLE,0x0000,NONE,0,1,0,1,0,0,0.0,1.246,0.0,0.0,0.0,0.0,0.0,0.0,0.0,0.65,112.5,1012.8,20.3,8.8,0.0,0.0,0.0,,0.0,0,0,0,0,0,4.2,0.01,0.0,10661.52,10661.52,0.0,11.09
2026-06-05T07:51:02.490+00:00,116930,66ec7050-ec57-40ab-8f47-c4287b6aac37,,2,ARMED_IDLE,0x0000,NONE,0,1,0,1,0,0,0.0,0.0,0.0,0.0,0.0,0.0,0.0,0.0,0.0,-0.8,107.0,1012.8,20.3,8.8,0.0,0.0,0.0,,0.0,0,0,0,0,0,4.2,0.01,0.0,10661.52,10661.52,0.0,-8.33
2026-06-05T07:51:02.735+00:00,117105,66ec7050-ec57-40ab-8f47-c4287b6aac37,,2,ARMED_IDLE,0x0000,NONE,0,1,0,1,0,0,0.0,1.001,0.0,0.0,0.0,0.0,0.0,0.0,0.0,0.0,112.01,1012.8,20.3,8.9,0.0,0.0,0.0,,0.0,0,0,0,0,0,4.2,0.01,0.0,10661.52,10661.52,0.0,4.57
2026-06-05T07:51:02.839+00:00,117280,66ec7050-ec57-40ab-8f47-c4287b6aac37,,2,ARMED_IDLE,0x0000,NONE,0,1,0,1,0,0,0.0,0.0,0.0,0.0,0.0,0.0,0.0,0.0,0.0,1.39,107.12,1012.8,20.3,8.9,0.0,0.0,0.0,,0.0,0,0,0,0,0,4.2,0.01,0.0,10661.52,10661.52,0.0,7.94
2026-06-05T07:51:03.014+00:00,117455,66ec7050-ec57-40ab-8f47-c4287b6aac37,,2,ARMED_IDLE,0x0000,NONE,0,1,0,1,0,0,0.0,0.268,0.0,0.0,0.0,0.0,0.0,0.0,0.0,-0.56,111.64,1012.8,20.3,8.8,0.0,0.0,0.0,,0.0,0,0,0,0,0,4.2,0.01,0.0,10661.52,10661.52,0.0,-11.14
2026-06-05T07:51:03.190+00:00,117630,66ec7050-ec57-40ab-8f47-c4287b6aac37,,2,ARMED_IDLE,0x0000,NONE,0,1,0,1,0,0,0.0,0.171,0.0,0.0,0.0,0.0,0.0,0.0,0.0,-0.8,109.93,1012.8,20.3,8.9,0.0,0.0,0.0,,0.0,0,0,0,0,0,4.2,0.01,0.0,10661.52,10661.52,0.0,-1.37
2026-06-05T07:51:03.357+00:00,117776,66ec7050-ec57-40ab-8f47-c4287b6aac37,,4,CHARGE_WATER,0x0000,NONE,0,1,0,1,1,0,0.0,1.392,0.0,0.0,0.0,0.0,0.0,0.0,0.0,0.0,112.5,1012.8,20.3,8.9,0.0,0.0,0.0,,0.0,0,1,0,0,0,4.2,0.01,0.0,10661.52,10661.52,0.0,5.48
2026-06-05T07:51:03.544+00:00,117985,66ec7050-ec57-40ab-8f47-c4287b6aac37,,4,CHARGE_WATER,0x0000,NONE,0,1,0,1,1,0,0.0,0.0,0.0,0.0,0.0,0.0,0.0,0.0,0.0,0.0,103.58,1012.8,20.3,8.9,0.0,0.0,0.0,,0.0,0,1,0,0,0,4.2,0.01,0.0,10661.52,10661.52,0.0,0.0
2026-06-05T07:51:03.649+00:00,118089,66ec7050-ec57-40ab-8f47-c4287b6aac37,,4,CHARGE_WATER,0x0000,NONE,0,1,0,1,1,0,0.0,0.415,0.0,0.0,0.0,0.0,0.0,0.0,0.0,-0.56,101.62,1012.8,20.3,8.9,0.0,0.0,0.0,,0.0,0,1,0,0,0,4.2,0.01,0.0,10661.52,10661.52,0.0,-5.38
2026-06-05T07:51:03.732+00:00,118173,66ec7050-ec57-40ab-8f47-c4287b6aac37,,4,CHARGE_WATER,0x0000,NONE,0,1,0,1,1,0,0.0,0.0,0.0,0.0,2.077,0.0,0.0,249.24,186.93,-1.05,97.34,1012.8,20.2,8.8,0.0,0.0,0.0,,0.0,0,1,0,0,0,4.2,0.01,0.0,10677.22,10677.22,0.0,-5.83
2026-06-05T07:51:03.912+00:00,118352,66ec7050-ec57-40ab-8f47-c4287b6aac37,,4,CHARGE_WATER,0x0000,NONE,0,1,0,1,1,0,0.0,0.0,0.0,1.008,3.647,120.96,90.72,437.64,328.23,1.63,94.78,1012.8,20.2,8.8,0.0,0.0,0.0,,0.0,0,1,0,0,0,4.2,0.01,16.24,10735.98,10752.22,0.0,14.97
2026-06-05T07:51:04.063+00:00,118472,66ec7050-ec57-40ab-8f47-c4287b6aac37,,4,CHARGE_WATER,0x0000,NONE,0,1,0,1,1,0,0.0,0.024,0.0,1.028,4.421,123.36,92.52,530.52,397.89,-1.53,100.03,506.1,-455.5,-509.3,0.0,0.0,0.0,,0.0,0,0,0,0,0,4.2,0.01,27.34,10783.72,10811.07,0.0,-26.33
2026-06-05T07:51:04.166+00:00,118568,66ec7050-ec57-40ab-8f47-c4287b6aac37,,4,CHARGE_WATER,0x0000,NONE,0,1,0,1,1,0,0.0,0.904,0.0,1.039,4.967,124.68,93.51,596.04,447.03,0.0,108.71,1568.2,20.1,576.9,0.0,0.0,0.0,,0.0,0,1,0,0,0,4.2,0.01,36.32,10826.64,10862.96,0.0,15.94
2026-06-05T07:51:04.313+00:00,118752,66ec7050-ec57-40ab-8f47-c4287b6aac37,,10,FAULT,0x2000,PUMP_CAVITATION,0,1,0,1,1,0,0.0,1.05,0.0,1.046,5.576,125.52,94.14,669.12,501.84,-0.56,108.22,506.1,-455.5,-509.3,0.0,0.0,0.0,,0.0,0,0,0,0,0,4.2,0.01,53.64,10918.98,10972.62,0.0,-3.04
2026-06-05T07:51:04.489+00:00,118928,66ec7050-ec57-40ab-8f47-c4287b6aac37,,10,FAULT,0x2000,PUMP_CAVITATION,0,1,0,1,1,0,0.0,0.0,0.0,1.048,6.185,125.76,94.32,742.2,556.65,-0.31,101.25,1012.7,20.2,8.8,0.0,0.0,0.0,,0.0,0,0,0,0,0,4.2,0.01,70.24,11016.95,11087.19,0.0,1.42
2026-06-05T07:51:04.665+00:00,119104,66ec7050-ec57-40ab-8f47-c4287b6aac37,,10,FAULT,0x2000,PUMP_CAVITATION,0,1,0,1,1,0,0.0,0.513,0.0,1.046,6.365,125.52,94.14,763.8,572.85,-0.31,112.5,1012.8,20.2,8.8,0.0,0.0,0.0,,0.0,0,0,0,0,0,4.2,0.01,86.81,11117.77,11204.58,0.0,0.0
2026-06-05T07:51:04.872+00:00,119280,66ec7050-ec57-40ab-8f47-c4287b6aac37,,10,FAULT,0x2000,PUMP_CAVITATION,0,1,0,1,1,0,0.0,0.317,0.0,1.046,6.435,125.52,94.14,772.2,579.15,0.0,108.46,1012.8,20.2,8.8,0.0,0.0,0.0,,0.0,0,0,0,0,0,4.2,0.01,103.38,11219.7,11323.08,0.0,1.76
2026-06-05T07:51:05.017+00:00,119456,66ec7050-ec57-40ab-8f47-c4287b6aac37,,10,FAULT,0x2000,PUMP_CAVITATION,0,1,0,1,1,0,0.0,0.219,0.0,1.045,6.456,125.4,94.05,774.72,581.04,1.39,112.5,1012.7,20.3,8.8,0.0,0.0,0.0,,0.0,0,0,0,0,0,4.2,0.01,119.93,11321.96,11441.89,0.0,7.9
2026-06-05T07:51:05.193+00:00,119632,66ec7050-ec57-40ab-8f47-c4287b6aac37,,10,FAULT,0x2000,PUMP_CAVITATION,0,1,0,1,1,0,0.0,0.757,0.0,1.041,6.46,124.92,93.69,775.2,581.4,-1.29,105.16,1012.8,20.3,8.8,0.0,0.0,0.0,,0.0,0,0,0,0,0,4.2,0.01,136.42,11424.29,11560.71,0.0,-15.23
2026-06-05T07:51:05.375+00:00,119809,66ec7050-ec57-40ab-8f47-c4287b6aac37,,10,FAULT,0x2000,PUMP_CAVITATION,0,1,0,1,1,0,0.0,0.855,0.0,1.039,6.453,124.68,93.51,774.36,580.77,-1.05,112.5,1012.7,20.3,8.8,0.0,0.0,0.0,,0.0,0,0,0,0,0,4.2,0.01,152.97,11527.09,11680.06,0.0,1.36
2026-06-05T07:51:05.597+00:00,119985,66ec7050-ec57-40ab-8f47-c4287b6aac37,,10,FAULT,0x2000,PUMP_CAVITATION,0,1,0,1,1,0,0.0,0.708,0.0,1.039,6.442,124.68,93.51,773.04,579.78,-1.05,112.5,1012.7,20.3,8.7,0.0,0.0,0.0,,0.0,0,0,0,0,0,4.2,0.01,169.43,11629.13,11798.56,0.0,0.0
2026-06-05T07:51:05.722+00:00,120160,66ec7050-ec57-40ab-8f47-c4287b6aac37,,10,FAULT,0x2000,PUMP_CAVITATION,0,1,0,1,1,0,0.0,1.197,0.0,1.043,6.429,125.16,93.87,771.48,578.61,0.65,112.5,1012.8,20.3,8.8,0.0,0.0,0.0,,0.0,0,0,0,0,0,4.2,0.01,185.86,11730.38,11916.24,0.0,9.71
2026-06-05T07:51:05.898+00:00,120337,66ec7050-ec57-40ab-8f47-c4287b6aac37,,10,FAULT,0x2000,PUMP_CAVITATION,0,1,0,1,1,0,0.0,0.659,0.0,1.042,6.422,125.04,93.78,770.64,577.98,1.39,112.5,1012.8,20.3,8.8,0.0,0.0,0.0,,0.0,0,0,0,0,0,4.2,0.01,202.46,11832.69,12035.14,0.0,4.18
2026-06-05T07:51:06.074+00:00,120512,66ec7050-ec57-40ab-8f47-c4287b6aac37,,10,FAULT,0x2000,PUMP_CAVITATION,0,1,0,1,1,0,0.0,0.024,0.0,1.036,6.413,124.32,93.24,769.56,577.17,-2.02,108.46,1012.7,20.3,8.7,0.0,0.0,0.0,,0.0,0,0,0,0,0,4.2,0.01,218.77,11933.69,12152.46,0.0,-19.49
2026-06-05T07:51:06.297+00:00,120688,66ec7050-ec57-40ab-8f47-c4287b6aac37,,10,FAULT,0x2000,PUMP_CAVITATION,0,1,0,1,1,0,0.0,0.0,0.0,1.036,6.403,124.32,93.24,768.36,576.27,-0.8,112.5,1012.7,20.3,8.8,0.0,0.0,0.0,,0.0,0,0,0,0,0,4.2,0.01,235.18,12035.11,12270.3,0.0,6.93
2026-06-05T07:51:06.426+00:00,120864,66ec7050-ec57-40ab-8f47-c4287b6aac37,,10,FAULT,0x2000,PUMP_CAVITATION,0,1,0,1,1,0,0.0,0.0,0.0,1.036,6.39,124.32,93.24,766.8,575.1,0.9,106.63,1012.8,20.3,8.8,0.0,0.0,0.0,,0.0,0,0,0,0,0,4.2,0.01,251.59,12136.33,12387.92,0.0,9.66
2026-06-05T07:51:06.603+00:00,121040,66ec7050-ec57-40ab-8f47-c4287b6aac37,,10,FAULT,0x2000,PUMP_CAVITATION,0,1,0,1,1,0,0.0,0.904,0.0,1.037,6.385,124.44,93.33,766.2,574.65,0.9,112.5,1012.7,20.3,8.8,0.0,0.0,0.0,,0.0,0,0,0,0,0,4.2,0.01,268.02,12237.47,12505.49,0.0,0.0
2026-06-05T07:51:06.779+00:00,121216,66ec7050-ec57-40ab-8f47-c4287b6aac37,,10,FAULT,0x2000,PUMP_CAVITATION,0,1,0,1,1,0,0.0,0.171,0.0,1.036,6.359,124.32,93.24,763.08,572.31,-1.29,110.42,1012.7,20.3,8.8,0.0,0.0,0.0,,0.0,0,0,0,0,0,4.2,0.01,284.43,12338.2,12622.63,0.0,-12.44
2026-06-05T07:51:06.990+00:00,121393,66ec7050-ec57-40ab-8f47-c4287b6aac37,,10,FAULT,0x2000,PUMP_CAVITATION,0,1,0,1,1,0,0.0,0.366,0.0,1.043,6.346,125.16,93.87,761.52,571.14,0.41,111.4,1012.8,20.3,8.8,0.0,0.0,0.0,,0.0,0,0,0,0,0,4.2,0.01,301.04,12439.29,12740.33,0.0,9.6
2026-06-05T07:51:07.131+00:00,121568,66ec7050-ec57-40ab-8f47-c4287b6aac37,,10,FAULT,0x2000,PUMP_CAVITATION,0,1,0,1,1,0,0.0,1.099,0.0,1.044,6.336,125.28,93.96,760.32,570.24,-0.56,112.5,1012.7,20.3,8.8,0.0,0.0,0.0,,0.0,0,0,0,0,0,4.2,0.01,317.49,12539.08,12856.57,0.0,-5.54
2026-06-05T07:51:07.307+00:00,121744,66ec7050-ec57-40ab-8f47-c4287b6aac37,,10,FAULT,0x2000,PUMP_CAVITATION,0,1,0,1,1,0,0.0,0.708,0.0,1.046,6.327,125.52,94.14,759.24,569.43,-1.29,110.17,1012.7,20.3,8.7,0.0,0.0,0.0,,0.0,0,0,0,0,0,4.2,0.01,334.06,12639.3,12973.36,0.0,-4.15
2026-06-05T07:51:07.492+00:00,121920,66ec7050-ec57-40ab-8f47-c4287b6aac37,,10,FAULT,0x2000,PUMP_CAVITATION,0,1,0,1,1,0,0.0,0.904,0.0,1.051,6.319,126.12,94.59,758.28,568.71,-1.53,112.5,1012.8,20.3,8.8,0.0,0.0,0.0,,0.0,0,0,0,0,0,4.2,0.01,350.7,12739.39,13090.1,0.0,-1.36
2026-06-05T07:51:07.683+00:00,122096,66ec7050-ec57-40ab-8f47-c4287b6aac37,,10,FAULT,0x2000,PUMP_CAVITATION,0,1,0,1,1,0,0.0,0.268,0.0,1.048,6.311,125.76,94.32,757.32,567.99,-1.78,110.54,1012.8,20.3,8.8,0.0,0.0,0.0,,0.0,0,0,0,0,0,4.2,0.01,367.3,12839.36,13206.66,0.0,-1.42
2026-06-05T07:51:07.835+00:00,122272,66ec7050-ec57-40ab-8f47-c4287b6aac37,,10,FAULT,0x2000,PUMP_CAVITATION,0,1,0,1,1,0,0.0,0.0,0.0,1.045,6.304,125.4,94.05,756.48,567.36,0.0,112.13,1012.8,20.3,8.8,0.0,0.0,0.0,,0.0,0,0,0,0,0,4.2,0.01,383.86,12939.21,13323.07,0.0,10.11
2026-06-05T07:51:08.012+00:00,122448,66ec7050-ec57-40ab-8f47-c4287b6aac37,,10,FAULT,0x2000,PUMP_CAVITATION,0,1,0,1,1,0,0.0,0.806,0.0,1.044,6.294,125.28,93.96,755.28,566.46,-0.56,112.5,1012.7,20.3,8.7,0.0,0.0,0.0,,0.0,0,0,0,0,0,4.2,0.01,400.39,13038.91,13439.31,0.0,-3.18
2026-06-05T07:51:08.188+00:00,122625,66ec7050-ec57-40ab-8f47-c4287b6aac37,,10,FAULT,0x2000,PUMP_CAVITATION,0,1,0,1,1,0,0.0,0.708,0.0,1.041,6.29,124.92,93.69,754.8,566.1,-2.02,112.5,1012.7,20.3,8.8,0.0,0.0,0.0,,0.0,0,0,0,0,0,4.2,0.01,416.98,13139.11,13556.09,0.0,-8.25
2026-06-05T07:51:08.381+00:00,122801,66ec7050-ec57-40ab-8f47-c4287b6aac37,,10,FAULT,0x2000,PUMP_CAVITATION,0,1,0,1,1,0,0.0,0.61,0.0,1.037,6.282,124.44,93.33,753.84,565.38,-0.8,112.5,1012.8,20.3,8.8,0.0,0.0,0.0,,0.0,0,0,0,0,0,4.2,0.01,433.4,13238.62,13672.02,0.0,6.93
2026-06-05T07:51:08.540+00:00,122977,66ec7050-ec57-40ab-8f47-c4287b6aac37,,10,FAULT,0x2000,PUMP_CAVITATION,0,1,0,1,1,0,0.0,0.317,0.0,1.036,6.274,124.32,93.24,752.88,564.66,-0.56,110.66,1012.8,20.3,8.8,0.0,0.0,0.0,,0.0,0,0,0,0,0,4.2,0.01,449.81,13338.0,13787.81,0.0,1.36
2026-06-05T07:51:08.716+00:00,123153,66ec7050-ec57-40ab-8f47-c4287b6aac37,,10,FAULT,0x2000,PUMP_CAVITATION,0,1,0,1,1,0,0.0,0.268,0.0,1.035,6.261,124.2,93.15,751.32,563.49,-1.05,112.5,1012.8,20.3,8.8,0.0,0.0,0.0,,0.0,0,0,0,0,0,4.2,0.01,466.21,13437.17,13903.38,0.0,-2.78
2026-06-05T07:51:08.893+00:00,123329,66ec7050-ec57-40ab-8f47-c4287b6aac37,,10,FAULT,0x2000,PUMP_CAVITATION,0,1,0,1,1,0,0.0,0.464,0.0,1.045,6.25,125.4,94.05,750.0,562.5,0.0,111.4,1012.7,20.3,8.8,0.0,0.0,0.0,,0.0,0,0,0,0,0,4.2,0.01,482.76,13536.17,14018.93,0.0,5.97
2026-06-05T07:51:09.073+00:00,123505,66ec7050-ec57-40ab-8f47-c4287b6aac37,,10,FAULT,0x2000,PUMP_CAVITATION,0,1,0,1,1,0,0.0,0.0,0.0,1.038,6.245,124.56,93.42,749.4,562.05,0.0,112.5,1012.8,20.3,8.8,0.0,0.0,0.0,,0.0,0,0,0,0,0,4.2,0.01,499.2,13635.09,14134.3,0.0,0.0
2026-06-05T07:51:09.244+00:00,123680,66ec7050-ec57-40ab-8f47-c4287b6aac37,,10,FAULT,0x2000,PUMP_CAVITATION,0,1,0,1,1,0,0.0,0.464,0.0,1.046,6.241,125.52,94.14,748.92,561.69,-0.56,112.5,1012.8,20.3,8.8,0.0,0.0,0.0,,0.0,0,0,0,0,0,4.2,0.01,515.68,13733.39,14249.07,0.0,-3.2
2026-06-05T07:51:09.421+00:00,123856,66ec7050-ec57-40ab-8f47-c4287b6aac37,,10,FAULT,0x2000,PUMP_CAVITATION,0,1,0,1,1,0,0.0,0.757,0.0,1.047,6.236,125.64,94.23,748.32,561.24,1.14,112.5,1012.8,20.3,8.8,0.0,0.0,0.0,,0.0,0,0,0,0,0,4.2,0.01,532.26,13832.17,14364.43,0.0,9.66
2026-06-05T07:51:09.676+00:00,124033,66ec7050-ec57-40ab-8f47-c4287b6aac37,,10,FAULT,0x2000,PUMP_CAVITATION,0,1,0,1,1,0,0.0,0.562,0.0,1.044,6.227,125.28,93.96,747.24,560.43,0.0,112.5,1012.8,20.3,8.8,0.0,0.0,0.0,,0.0,0,0,0,0,0,4.2,0.01,548.89,13931.36,14480.26,0.0,-6.44
2026-06-05T07:51:09.773+00:00,124209,66ec7050-ec57-40ab-8f47-c4287b6aac37,,10,FAULT,0x2000,PUMP_CAVITATION,0,1,0,1,1,0,0.0,0.61,0.0,1.043,6.224,125.16,93.87,746.88,560.16,0.0,110.78,1012.8,20.3,8.8,0.0,0.0,0.0,,0.0,0,0,0,0,0,4.2,0.01,565.41,14029.95,14595.36,0.0,0.0
2026-06-05T07:51:09.949+00:00,124385,66ec7050-ec57-40ab-8f47-c4287b6aac37,,10,FAULT,0x2000,PUMP_CAVITATION,0,1,0,1,1,0,0.0,0.219,0.0,1.043,6.223,125.16,93.87,746.76,560.07,-1.53,112.5,1012.7,20.3,8.7,0.0,0.0,0.0,,0.0,0,0,0,0,0,4.2,0.01,581.93,14128.52,14710.46,0.0,-8.69
2026-06-05T07:51:10.125+00:00,124561,66ec7050-ec57-40ab-8f47-c4287b6aac37,,10,FAULT,0x2000,PUMP_CAVITATION,0,1,0,1,1,0,0.0,0.757,0.0,1.039,6.215,124.68,93.51,745.8,559.35,0.9,109.68,1012.8,20.3,8.8,0.0,0.0,0.0,,0.0,0,0,0,0,0,4.2,0.01,598.39,14226.97,14825.36,0.0,13.81
2026-06-05T07:51:10.378+00:00,124736,66ec7050-ec57-40ab-8f47-c4287b6aac37,,10,FAULT,0x2000,PUMP_CAVITATION,0,1,0,1,1,0,0.0,0.219,0.0,1.039,6.211,124.68,93.51,745.32,558.99,-0.31,112.5,1012.8,20.3,8.8,0.0,0.0,0.0,,0.0,0,0,0,0,0,4.2,0.01,614.76,14324.79,14939.55,0.0,-6.91
2026-06-05T07:51:10.528+00:00,124912,66ec7050-ec57-40ab-8f47-c4287b6aac37,,10,FAULT,0x2000,PUMP_CAVITATION,0,1,0,1,1,0,0.0,0.757,0.0,1.038,6.209,124.56,93.42,745.08,558.81,0.65,112.5,1012.7,20.3,8.8,0.0,0.0,0.0,,0.0,0,0,0,0,0,4.2,0.01,631.2,14423.14,15054.34,0.0,5.45
2026-06-05T07:51:10.654+00:00,125088,66ec7050-ec57-40ab-8f47-c4287b6aac37,,10,FAULT,0x2000,PUMP_CAVITATION,0,1,0,1,1,0,0.0,0.415,0.0,1.04,6.212,124.8,93.6,745.44,559.08,0.9,112.37,1012.8,20.3,8.8,0.0,0.0,0.0,,0.0,0,0,0,0,0,4.2,0.01,647.67,14521.54,15169.21,0.0,1.42
2026-06-05T07:51:10.830+00:00,125264,66ec7050-ec57-40ab-8f47-c4287b6aac37,,10,FAULT,0x2000,PUMP_CAVITATION,0,1,0,1,1,0,0.0,0.0,0.0,1.049,6.202,125.88,94.41,744.24,558.18,-1.29,112.5,1012.7,20.3,8.7,0.0,0.0,0.0,,0.0,0,0,0,0,0,4.2,0.01,664.29,14619.78,15284.07,0.0,-12.44
2026-06-05T07:51:11.087+00:00,125441,66ec7050-ec57-40ab-8f47-c4287b6aac37,,10,FAULT,0x2000,PUMP_CAVITATION,0,1,0,1,1,0,0.0,0.659,0.0,1.047,6.194,125.64,94.23,743.28,557.46,-0.8,111.15,1012.8,20.3,8.8,0.0,0.0,0.0,,0.0,0,0,0,0,0,4.2,0.01,680.97,14718.45,15399.42,0.0,2.77
2026-06-05T07:51:11.225+00:00,125617,66ec7050-ec57-40ab-8f47-c4287b6aac37,,10,FAULT,0x2000,PUMP_CAVITATION,0,1,0,1,1,0,0.0,0.855,0.0,1.047,6.191,125.64,94.23,742.92,557.19,0.65,112.5,1012.7,20.3,8.8,0.0,0.0,0.0,,0.0,0,0,0,0,0,4.2,0.01,697.55,14816.52,15514.07,0.0,8.24
2026-06-05T07:51:11.358+00:00,125793,66ec7050-ec57-40ab-8f47-c4287b6aac37,,10,FAULT,0x2000,PUMP_CAVITATION,0,1,0,1,1,0,0.0,0.366,0.0,1.048,6.19,125.76,94.32,742.8,557.1,0.41,110.91,1012.8,20.3,8.8,0.0,0.0,0.0,,0.0,0,0,0,0,0,4.2,0.01,714.15,14914.57,15628.72,0.0,-1.36
2026-06-05T07:51:11.534+00:00,125968,66ec7050-ec57-40ab-8f47-c4287b6aac37,,10,FAULT,0x2000,PUMP_CAVITATION,0,1,0,1,1,0,0.0,0.513,0.0,1.047,6.185,125.64,94.23,742.2,556.65,-1.78,112.5,1012.8,20.3,8.8,0.0,0.0,0.0,,0.0,0,0,0,0,0,4.2,0.01,730.64,15011.98,15742.62,0.0,-12.51
2026-06-05T07:51:11.710+00:00,126144,66ec7050-ec57-40ab-8f47-c4287b6aac37,,10,FAULT,0x2000,PUMP_CAVITATION,0,1,0,1,1,0,0.0,0.806,0.0,1.044,6.18,125.28,93.96,741.6,556.2,-0.8,112.5,1012.8,20.3,8.8,0.0,0.0,0.0,,0.0,0,0,0,0,0,4.2,0.01,747.18,15109.87,15857.05,0.0,5.57
2026-06-05T07:51:11.924+00:00,126320,66ec7050-ec57-40ab-8f47-c4287b6aac37,,10,FAULT,0x2000,PUMP_CAVITATION,0,1,0,1,1,0,0.0,0.61,0.0,1.039,6.173,124.68,93.51,740.76,555.57,-0.31,112.5,1012.7,20.3,8.8,0.0,0.0,0.0,,0.0,0,0,0,0,0,4.2,0.01,763.64,15207.65,15971.29,0.0,2.78
2026-06-05T07:51:12.066+00:00,126496,66ec7050-ec57-40ab-8f47-c4287b6aac37,,10,FAULT,0x2000,PUMP_CAVITATION,0,1,0,1,1,0,0.0,0.171,0.0,1.039,6.169,124.68,93.51,740.28,555.21,-0.56,112.5,1012.7,20.3,8.8,0.0,0.0,0.0,,0.0,0,0,0,0,0,4.2,0.01,780.09,15305.37,16085.46,0.0,-1.42
2026-06-05T07:51:12.242+00:00,126672,66ec7050-ec57-40ab-8f47-c4287b6aac37,,10,FAULT,0x2000,PUMP_CAVITATION,0,1,0,1,1,0,0.0,0.171,0.0,1.036,6.168,124.32,93.24,740.16,555.12,0.9,108.71,1012.8,20.3,8.8,0.0,0.0,0.0,,0.0,0,0,0,0,0,4.2,0.01,796.5,15403.07,16199.57,0.0,8.3
2026-06-05T07:51:12.426+00:00,126849,66ec7050-ec57-40ab-8f47-c4287b6aac37,,10,FAULT,0x2000,PUMP_CAVITATION,0,1,0,1,1,0,0.0,0.806,0.0,0.0,6.163,0.0,0.0,739.56,554.67,0.65,112.5,1012.8,20.3,8.8,0.0,0.0,0.0,,0.0,0,0,0,0,0,4.2,0.01,796.5,15501.25,16297.75,0.0,-1.41
2026-06-05T07:51:12.613+00:00,127025,66ec7050-ec57-40ab-8f47-c4287b6aac37,,10,FAULT,0x2000,PUMP_CAVITATION,0,1,0,1,1,0,0.0,0.024,0.0,0.0,5.954,0.0,0.0,714.48,535.86,0.9,109.2,1012.8,20.3,8.8,0.0,0.0,0.0,,0.0,0,0,0,0,0,4.2,0.01,796.5,15595.56,16392.06,0.0,1.42
2026-06-05T07:51:12.767+00:00,127200,66ec7050-ec57-40ab-8f47-c4287b6aac37,,10,FAULT,0x2000,PUMP_CAVITATION,0,1,0,1,1,0,0.0,0.0,0.0,0.0,5.347,0.0,0.0,641.64,481.23,1.63,112.01,1012.7,20.3,8.8,0.0,0.0,0.0,,0.0,0,0,0,0,0,4.2,0.01,796.5,15679.77,16476.28,0.0,4.17
2026-06-05T07:51:12.943+00:00,127375,66ec7050-ec57-40ab-8f47-c4287b6aac37,,10,FAULT,0x2000,PUMP_CAVITATION,0,1,0,1,1,0,0.0,0.513,0.0,0.0,4.331,0.0,0.0,519.72,389.79,0.0,112.13,1012.8,20.3,8.8,0.0,0.0,0.0,,0.0,0,0,0,0,0,4.2,0.01,796.5,15747.99,16544.49,0.0,-9.31
2026-06-05T07:51:13.123+00:00,127551,66ec7050-ec57-40ab-8f47-c4287b6aac37,,10,FAULT,0x2000,PUMP_CAVITATION,0,1,0,1,1,0,0.0,1.246,0.0,0.0,3.591,0.0,0.0,430.92,323.19,0.0,112.5,1012.7,20.3,8.8,0.0,0.0,0.0,,0.0,0,0,0,0,0,4.2,0.01,796.5,15804.87,16601.37,0.0,0.0
2026-06-05T07:51:13.319+00:00,127726,66ec7050-ec57-40ab-8f47-c4287b6aac37,,10,FAULT,0x2000,PUMP_CAVITATION,0,1,0,1,1,0,0.0,0.366,0.0,0.0,2.385,0.0,0.0,286.2,214.65,0.41,112.5,1012.7,20.3,8.8,0.0,0.0,0.0,,0.0,0,0,0,0,0,4.2,0.01,796.5,15842.43,16638.94,0.0,2.34
2026-06-05T07:51:13.471+00:00,127902,66ec7050-ec57-40ab-8f47-c4287b6aac37,,10,FAULT,0x2000,PUMP_CAVITATION,0,1,0,1,1,0,0.0,0.513,0.0,0.0,1.761,0.0,0.0,211.32,158.49,-1.78,112.5,1012.8,20.3,8.8,0.0,0.0,0.0,,0.0,0,0,0,0,0,4.2,0.01,796.5,15870.33,16666.83,0.0,-12.44
2026-06-05T07:51:13.647+00:00,128078,66ec7050-ec57-40ab-8f47-c4287b6aac37,,10,FAULT,0x2000,PUMP_CAVITATION,0,1,0,1,1,0,0.0,0.757,0.0,0.0,1.336,0.0,0.0,160.32,120.24,1.14,112.5,1012.8,20.3,8.8,0.0,0.0,0.0,,0.0,0,0,0,0,0,4.2,0.01,796.5,15891.49,16687.99,0.0,16.59
2026-06-05T07:51:13.823+00:00,128253,66ec7050-ec57-40ab-8f47-c4287b6aac37,,10,FAULT,0x2000,PUMP_CAVITATION,0,1,0,1,1,0,0.0,0.415,0.0,0.0,1.074,0.0,0.0,128.88,96.66,-1.05,109.93,1012.7,20.3,8.8,0.0,0.0,0.0,,0.0,0,0,0,0,0,4.2,0.01,796.5,15908.4,16704.91,0.0,-12.51
2026-06-05T07:51:14.015+00:00,128430,66ec7050-ec57-40ab-8f47-c4287b6aac37,,10,FAULT,0x2000,PUMP_CAVITATION,0,1,0,1,1,0,0.0,0.0,0.0,0.0,0.0,0.0,0.0,0.0,0.0,1.14,112.5,1012.7,20.3,8.7,0.0,0.0,0.0,,0.0,0,0,0,0,0,4.2,0.01,796.5,15908.4,16704.91,0.0,12.37
2026-06-05T07:51:14.175+00:00,128605,66ec7050-ec57-40ab-8f47-c4287b6aac37,,10,FAULT,0x2000,PUMP_CAVITATION,0,1,0,1,1,0,0.0,0.659,0.0,0.0,0.0,0.0,0.0,0.0,0.0,-0.31,111.15,1012.8,20.3,8.8,0.0,0.0,0.0,,0.0,0,0,0,0,0,4.2,0.01,796.5,15908.4,16704.91,0.0,-8.29
2026-06-05T07:51:14.348+00:00,128780,66ec7050-ec57-40ab-8f47-c4287b6aac37,,10,FAULT,0x2000,PUMP_CAVITATION,0,1,0,1,1,0,0.0,0.171,0.0,0.0,0.0,0.0,0.0,0.0,0.0,-0.8,112.5,1012.8,20.3,8.8,0.0,0.0,0.0,,0.0,0,0,0,0,0,4.2,0.01,796.5,15908.4,16704.91,0.0,-2.8
2026-06-05T07:51:14.524+00:00,128956,66ec7050-ec57-40ab-8f47-c4287b6aac37,,10,FAULT,0x2000,PUMP_CAVITATION,0,1,0,1,1,0,0.0,0.122,0.0,0.0,0.0,0.0,0.0,0.0,0.0,-1.29,107.24,1012.8,20.3,8.8,0.0,0.0,0.0,,0.0,0,0,0,0,0,4.2,0.01,796.5,15908.4,16704.91,0.0,-2.78
2026-06-05T07:51:14.711+00:00,129131,66ec7050-ec57-40ab-8f47-c4287b6aac37,,10,FAULT,0x2000,PUMP_CAVITATION,0,1,0,1,1,0,0.0,0.073,0.0,0.0,0.0,0.0,0.0,0.0,0.0,0.9,112.5,1012.8,20.3,8.8,0.0,0.0,0.0,,0.0,0,0,0,0,0,4.2,0.01,796.5,15908.4,16704.91,0.0,12.51
2026-06-05T07:51:14.876+00:00,129306,66ec7050-ec57-40ab-8f47-c4287b6aac37,,10,FAULT,0x2000,PUMP_CAVITATION,0,1,0,1,1,0,0.0,0.0,0.0,0.0,0.0,0.0,0.0,0.0,0.0,0.65,107.36,1012.8,20.3,8.8,0.0,0.0,0.0,,0.0,0,0,0,0,0,4.2,0.01,796.5,15908.4,16704.91,0.0,-1.43
2026-06-05T07:51:15.052+00:00,129481,66ec7050-ec57-40ab-8f47-c4287b6aac37,,10,FAULT,0x2000,PUMP_CAVITATION,0,1,0,1,1,0,0.0,0.464,0.0,0.0,0.0,0.0,0.0,0.0,0.0,0.0,112.5,1012.7,20.3,8.8,0.0,0.0,0.0,,0.0,0,0,0,0,0,4.2,0.01,796.5,15908.4,16704.91,0.0,-3.71
2026-06-05T07:51:15.252+00:00,129657,66ec7050-ec57-40ab-8f47-c4287b6aac37,,10,FAULT,0x2000,PUMP_CAVITATION,0,1,0,1,1,0,0.0,0.0,0.0,0.0,0.0,0.0,0.0,0.0,0.0,0.41,108.22,1012.8,20.3,8.8,0.0,0.0,0.0,,0.0,0,0,0,0,0,4.2,0.01,796.5,15908.4,16704.91,0.0,2.33
2026-06-05T07:51:15.407+00:00,129832,66ec7050-ec57-40ab-8f47-c4287b6aac37,,10,FAULT,0x2000,PUMP_CAVITATION,0,1,0,1,1,0,0.0,0.806,0.0,0.0,0.0,0.0,0.0,0.0,0.0,-0.31,112.5,1012.8,20.3,8.8,0.0,0.0,0.0,,0.0,0,0,0,0,0,4.2,0.01,796.5,15908.4,16704.91,0.0,-4.11
2026-06-05T07:51:15.576+00:00,130008,66ec7050-ec57-40ab-8f47-c4287b6aac37,,10,FAULT,0x2000,PUMP_CAVITATION,0,1,0,1,1,0,0.0,0.171,0.0,0.0,0.0,0.0,0.0,0.0,0.0,0.0,111.27,1012.8,20.3,8.8,0.0,0.0,0.0,,0.0,0,0,0,0,0,4.2,0.01,796.5,15908.4,16704.91,0.0,1.76
2026-06-05T07:51:15.752+00:00,130183,66ec7050-ec57-40ab-8f47-c4287b6aac37,,10,FAULT,0x2000,PUMP_CAVITATION,0,1,0,1,1,0,0.0,0.855,0.0,0.0,0.0,0.0,0.0,0.0,0.0,-0.8,112.5,1012.8,20.3,8.8,0.0,0.0,0.0,,0.0,0,0,0,0,0,4.2,0.01,796.5,15908.4,16704.91,0.0,-4.57
2026-06-05T07:51:15.993+00:00,130358,66ec7050-ec57-40ab-8f47-c4287b6aac37,,10,FAULT,0x2000,PUMP_CAVITATION,0,1,0,1,1,0,0.0,0.513,0.0,0.0,0.0,0.0,0.0,0.0,0.0,-0.8,112.5,1012.8,20.3,8.8,0.0,0.0,0.0,,0.0,0,0,0,0,0,4.2,0.01,796.5,15908.4,16704.91,0.0,0.0
2026-06-05T07:51:16.121+00:00,130534,66ec7050-ec57-40ab-8f47-c4287b6aac37,,10,FAULT,0x2000,PUMP_CAVITATION,0,1,0,1,1,0,0.0,1.392,0.0,0.0,0.0,0.0,0.0,0.0,0.0,0.0,112.5,1012.8,20.3,8.8,0.0,0.0,0.0,,0.0,0,0,0,0,0,4.2,0.01,796.5,15908.4,16704.91,0.0,4.55
2026-06-05T07:51:16.280+00:00,130709,66ec7050-ec57-40ab-8f47-c4287b6aac37,,10,FAULT,0x2000,PUMP_CAVITATION,0,1,0,1,1,0,0.0,0.513,0.0,0.0,0.0,0.0,0.0,0.0,0.0,-0.8,112.5,1012.8,20.3,8.8,0.0,0.0,0.0,,0.0,0,0,0,0,0,4.2,0.01,796.5,15908.4,16704.91,0.0,-4.57
2026-06-05T07:51:16.456+00:00,130884,66ec7050-ec57-40ab-8f47-c4287b6aac37,,10,FAULT,0x2000,PUMP_CAVITATION,0,1,0,1,1,0,0.0,0.317,0.0,0.0,0.0,0.0,0.0,0.0,0.0,0.41,109.32,1012.8,20.3,8.8,0.0,0.0,0.0,,0.0,0,0,0,0,0,4.2,0.01,796.5,15908.4,16704.91,0.0,6.91
2026-06-05T07:51:16.641+00:00,131059,66ec7050-ec57-40ab-8f47-c4287b6aac37,,10,FAULT,0x2000,PUMP_CAVITATION,0,1,0,1,1,0,0.0,0.0,0.0,0.0,0.0,0.0,0.0,0.0,0.0,-0.31,112.5,1012.8,20.3,8.8,0.0,0.0,0.0,,0.0,0,0,0,0,0,4.2,0.01,796.5,15908.4,16704.91,0.0,-4.11
2026-06-05T07:51:16.835+00:00,131235,66ec7050-ec57-40ab-8f47-c4287b6aac37,,10,FAULT,0x2000,PUMP_CAVITATION,0,1,0,1,1,0,0.0,0.659,0.0,0.0,0.0,0.0,0.0,0.0,0.0,0.41,111.64,1012.8,20.3,8.8,0.0,0.0,0.0,,0.0,0,0,0,0,0,4.2,0.01,796.5,15908.4,16704.91,0.0,4.09
2026-06-05T07:51:16.981+00:00,131410,66ec7050-ec57-40ab-8f47-c4287b6aac37,,10,FAULT,0x2000,PUMP_CAVITATION,0,1,0,1,1,0,0.0,0.464,0.0,0.0,0.0,0.0,0.0,0.0,0.0,0.41,112.5,1012.7,20.3,8.8,0.0,0.0,0.0,,0.0,0,0,0,0,0,4.2,0.01,796.5,15908.4,16704.91,0.0,0.0
2026-06-05T07:51:17.157+00:00,131586,66ec7050-ec57-40ab-8f47-c4287b6aac37,,10,FAULT,0x2000,PUMP_CAVITATION,0,1,0,1,1,0,0.0,0.513,0.0,0.0,0.0,0.0,0.0,0.0,0.0,-0.8,111.03,1012.7,20.3,8.8,0.0,0.0,0.0,,0.0,0,0,0,0,0,4.2,0.01,796.5,15908.4,16704.91,0.0,-6.88
2026-06-05T07:51:17.338+00:00,131762,66ec7050-ec57-40ab-8f47-c4287b6aac37,,10,FAULT,0x2000,PUMP_CAVITATION,0,1,0,1,1,0,0.0,0.0,0.0,0.0,0.0,0.0,0.0,0.0,0.0,0.65,112.01,1012.8,20.3,8.8,0.0,0.0,0.0,,0.0,0,0,0,0,0,4.2,0.01,796.5,15908.4,16704.91,0.0,8.24
2026-06-05T07:51:17.530+00:00,131937,66ec7050-ec57-40ab-8f47-c4287b6aac37,,10,FAULT,0x2000,PUMP_CAVITATION,0,1,0,1,1,0,0.0,0.073,0.0,0.0,0.0,0.0,0.0,0.0,0.0,0.41,107.12,1012.8,20.3,8.8,0.0,0.0,0.0,,0.0,0,0,0,0,0,4.2,0.01,796.5,15908.4,16704.91,0.0,-1.37
2026-06-05T07:51:17.682+00:00,132112,66ec7050-ec57-40ab-8f47-c4287b6aac37,,10,FAULT,0x2000,PUMP_CAVITATION,0,1,0,1,1,0,0.0,0.268,0.0,0.0,0.0,0.0,0.0,0.0,0.0,-0.8,112.5,1012.8,20.3,8.8,0.0,0.0,0.0,,0.0,0,0,0,0,0,4.2,0.01,796.5,15908.4,16704.91,0.0,-6.91
2026-06-05T07:51:17.858+00:00,132287,66ec7050-ec57-40ab-8f47-c4287b6aac37,,10,FAULT,0x2000,PUMP_CAVITATION,0,1,0,1,1,0,0.0,0.0,0.0,0.0,0.0,0.0,0.0,0.0,0.0,0.65,108.83,1012.7,20.3,8.8,0.0,0.0,0.0,,0.0,0,0,0,0,0,4.2,0.01,796.5,15908.4,16704.91,0.0,8.29
2026-06-05T07:51:18.034+00:00,132462,66ec7050-ec57-40ab-8f47-c4287b6aac37,,10,FAULT,0x2000,PUMP_CAVITATION,0,1,0,1,1,0,0.0,1.295,0.0,0.0,0.0,0.0,0.0,0.0,0.0,-1.05,112.5,1012.7,20.3,8.8,0.0,0.0,0.0,,0.0,0,0,0,0,0,4.2,0.01,796.5,15908.4,16704.91,0.0,-9.71
2026-06-05T07:51:18.225+00:00,132638,66ec7050-ec57-40ab-8f47-c4287b6aac37,,10,FAULT,0x2000,PUMP_CAVITATION,0,1,0,1,1,0,0.0,1.392,0.0,0.0,0.0,0.0,0.0,0.0,0.0,0.41,112.5,1012.8,20.3,8.8,0.0,0.0,0.0,,0.0,0,0,0,0,0,4.2,0.01,796.5,15908.4,16704.91,0.0,8.3
2026-06-05T07:51:18.386+00:00,132813,66ec7050-ec57-40ab-8f47-c4287b6aac37,,10,FAULT,0x2000,PUMP_CAVITATION,0,1,0,1,1,0,0.0,0.366,0.0,0.0,0.0,0.0,0.0,0.0,0.0,-0.31,111.4,1012.7,20.3,8.8,0.0,0.0,0.0,,0.0,0,0,0,0,0,4.2,0.01,796.5,15908.4,16704.91,0.0,-4.11
2026-06-05T07:51:18.562+00:00,132988,66ec7050-ec57-40ab-8f47-c4287b6aac37,,10,FAULT,0x2000,PUMP_CAVITATION,0,1,0,1,1,0,0.0,0.0,0.0,0.0,0.0,0.0,0.0,0.0,0.0,0.0,112.5,1012.7,20.3,8.8,0.0,0.0,0.0,,0.0,0,0,0,0,0,4.2,0.01,796.5,15908.4,16704.91,0.0,1.77
2026-06-05T07:51:18.738+00:00,133164,66ec7050-ec57-40ab-8f47-c4287b6aac37,,10,FAULT,0x2080,SENSOR_RANGE|PUMP_CAVITATION,0,1,0,1,1,0,0.0,0.171,0.0,0.0,0.0,0.0,0.0,0.0,0.0,-2.02,110.78,1012.8,20.3,8.8,0.0,0.0,0.0,,0.0,0,0,0,0,0,4.2,0.01,796.5,15908.4,16704.91,0.0,-11.48
2026-06-05T07:51:18.924+00:00,133340,66ec7050-ec57-40ab-8f47-c4287b6aac37,,10,FAULT,0x2080,SENSOR_RANGE|PUMP_CAVITATION,0,1,0,1,1,0,0.0,1.099,0.0,0.0,0.0,0.0,0.0,0.0,0.0,1.14,111.88,1012.7,20.3,8.8,0.0,0.0,0.0,,0.0,0,0,0,0,0,4.2,0.01,796.5,15908.4,16704.91,0.0,17.95
2026-06-05T07:51:19.087+00:00,133515,66ec7050-ec57-40ab-8f47-c4287b6aac37,,10,FAULT,0x2080,SENSOR_RANGE|PUMP_CAVITATION,0,1,0,1,1,0,0.0,0.708,0.0,0.0,0.0,0.0,0.0,0.0,0.0,0.65,110.05,1012.7,20.3,8.8,0.0,0.0,0.0,,0.0,0,0,0,0,0,4.2,0.01,796.5,15908.4,16704.91,0.0,-2.8
2026-06-05T07:51:19.263+00:00,133690,66ec7050-ec57-40ab-8f47-c4287b6aac37,,10,FAULT,0x2080,SENSOR_RANGE|PUMP_CAVITATION,0,1,0,1,1,0,0.0,0.0,0.0,0.0,0.0,0.0,0.0,0.0,0.0,0.0,112.5,1012.8,20.3,8.8,0.0,0.0,0.0,,0.0,0,0,0,0,0,4.2,0.01,796.5,15908.4,16704.91,0.0,-3.71
2026-06-05T07:51:19.439+00:00,133865,66ec7050-ec57-40ab-8f47-c4287b6aac37,,10,FAULT,0x2080,SENSOR_RANGE|PUMP_CAVITATION,0,1,0,1,1,0,0.0,0.0,0.0,0.0,0.0,0.0,0.0,0.0,0.0,-0.56,107.49,1012.8,20.3,8.8,0.0,0.0,0.0,,0.0,0,0,0,0,0,4.2,0.01,796.5,15908.4,16704.91,0.0,-3.2
2026-06-05T07:51:19.620+00:00,134040,66ec7050-ec57-40ab-8f47-c4287b6aac37,,10,FAULT,0x2080,SENSOR_RANGE|PUMP_CAVITATION,0,1,0,1,1,0,0.0,0.757,0.0,0.0,0.0,0.0,0.0,0.0,0.0,0.0,112.5,1012.8,20.3,8.8,0.0,0.0,0.0,,0.0,0,0,0,0,0,4.2,0.01,796.5,15908.4,16704.91,0.0,3.2
2026-06-05T07:51:19.790+00:00,134215,66ec7050-ec57-40ab-8f47-c4287b6aac37,,10,FAULT,0x2080,SENSOR_RANGE|PUMP_CAVITATION,0,1,0,1,1,0,0.0,1.001,0.0,0.0,0.0,0.0,0.0,0.0,0.0,-1.29,108.71,1012.7,20.3,8.8,0.0,0.0,0.0,,0.0,0,0,0,0,0,4.2,0.01,796.5,15908.4,16704.91,0.0,-7.37
2026-06-05T07:51:19.966+00:00,134391,66ec7050-ec57-40ab-8f47-c4287b6aac37,,10,FAULT,0x2080,SENSOR_RANGE|PUMP_CAVITATION,0,1,0,1,1,0,0.0,0.0,0.0,0.0,0.0,0.0,0.0,0.0,0.0,0.41,112.5,1012.8,20.3,8.8,0.0,0.0,0.0,,0.0,0,0,0,0,0,4.2,0.01,796.5,15908.4,16704.91,0.0,9.66
2026-06-05T07:51:20.207+00:00,134566,66ec7050-ec57-40ab-8f47-c4287b6aac37,,10,FAULT,0x2080,SENSOR_RANGE|PUMP_CAVITATION,0,1,0,1,1,0,0.0,0.0,0.0,0.0,0.0,0.0,0.0,0.0,0.0,-0.8,108.83,1012.8,20.3,8.8,0.0,0.0,0.0,,0.0,0,0,0,0,0,4.2,0.01,796.5,15908.4,16704.91,0.0,-6.91
2026-06-05T07:51:20.321+00:00,134742,66ec7050-ec57-40ab-8f47-c4287b6aac37,,10,FAULT,0x2080,SENSOR_RANGE|PUMP_CAVITATION,0,1,0,1,1,0,0.0,1.099,0.0,0.0,0.0,0.0,0.0,0.0,0.0,0.9,112.5,1012.8,20.3,8.8,0.0,0.0,0.0,,0.0,0,0,0,0,0,4.2,0.01,796.5,15908.4,16704.91,0.0,9.66
2026-06-05T07:51:20.491+00:00,134918,66ec7050-ec57-40ab-8f47-c4287b6aac37,,10,FAULT,0x2080,SENSOR_RANGE|PUMP_CAVITATION,0,1,0,1,1,0,0.0,0.268,0.0,0.0,0.0,0.0,0.0,0.0,0.0,-1.53,109.68,1012.8,20.3,8.8,0.0,0.0,0.0,,0.0,0,0,0,0,0,4.2,0.01,796.5,15908.4,16704.91,0.0,-13.81
2026-06-05T07:51:20.667+00:00,135093,66ec7050-ec57-40ab-8f47-c4287b6aac37,,10,FAULT,0x2080,SENSOR_RANGE|PUMP_CAVITATION,0,1,0,1,1,0,0.0,0.757,0.0,0.0,0.0,0.0,0.0,0.0,0.0,-1.53,112.5,1012.8,20.3,8.8,0.0,0.0,0.0,,0.0,0,0,0,0,0,4.2,0.01,796.5,15908.4,16704.91,0.0,0.0
2026-06-05T07:51:20.906+00:00,135268,66ec7050-ec57-40ab-8f47-c4287b6aac37,,10,FAULT,0x2080,SENSOR_RANGE|PUMP_CAVITATION,0,1,0,1,1,0,0.0,0.0,0.0,0.0,0.0,0.0,0.0,0.0,0.0,0.41,110.17,1012.8,20.3,8.8,0.0,0.0,0.0,,0.0,0,0,0,0,0,4.2,0.01,796.5,15908.4,16704.91,0.0,11.09
2026-06-05T07:51:21.020+00:00,135444,66ec7050-ec57-40ab-8f47-c4287b6aac37,,10,FAULT,0x2080,SENSOR_RANGE|PUMP_CAVITATION,0,1,0,1,1,0,0.0,0.562,0.0,0.0,0.0,0.0,0.0,0.0,0.0,0.0,112.01,1012.8,20.3,8.8,0.0,0.0,0.0,,0.0,0,0,0,0,0,4.2,0.01,796.5,15908.4,16704.91,0.0,-2.33
2026-06-05T07:51:21.193+00:00,135619,66ec7050-ec57-40ab-8f47-c4287b6aac37,,10,FAULT,0x2080,SENSOR_RANGE|PUMP_CAVITATION,0,1,0,1,1,0,0.0,0.0,0.0,0.0,0.0,0.0,0.0,0.0,0.0,-0.31,111.76,1012.8,20.3,8.8,0.0,0.0,0.0,,0.0,0,0,0,0,0,4.2,0.01,796.5,15908.4,16704.91,0.0,-1.77
2026-06-05T07:51:21.369+00:00,135794,66ec7050-ec57-40ab-8f47-c4287b6aac37,,10,FAULT,0x2080,SENSOR_RANGE|PUMP_CAVITATION,0,1,0,1,1,0,0.0,0.415,0.0,0.0,0.0,0.0,0.0,0.0,0.0,0.0,109.56,1012.7,20.3,8.8,0.0,0.0,0.0,,0.0,0,0,0,0,0,4.2,0.01,796.5,15908.4,16704.91,0.0,1.77
2026-06-05T07:51:21.545+00:00,135969,66ec7050-ec57-40ab-8f47-c4287b6aac37,,10,FAULT,0x2080,SENSOR_RANGE|PUMP_CAVITATION,0,1,0,1,1,0,0.0,0.122,0.0,0.0,0.0,0.0,0.0,0.0,0.0,-0.8,112.5,1012.8,20.3,8.8,0.0,0.0,0.0,,0.0,0,0,0,0,0,4.2,0.01,796.5,15908.4,16704.91,0.0,-4.57
2026-06-05T07:51:21.767+00:00,136144,66ec7050-ec57-40ab-8f47-c4287b6aac37,,10,FAULT,0x2080,SENSOR_RANGE|PUMP_CAVITATION,0,1,0,1,1,0,0.0,0.464,0.0,0.0,0.0,0.0,0.0,0.0,0.0,-0.31,108.58,1012.7,20.3,8.8,0.0,0.0,0.0,,0.0,0,0,0,0,0,4.2,0.01,796.5,15908.4,16704.91,0.0,2.8
2026-06-05T07:51:21.896+00:00,136321,66ec7050-ec57-40ab-8f47-c4287b6aac37,,10,FAULT,0x2080,SENSOR_RANGE|PUMP_CAVITATION,0,1,0,1,1,0,0.0,0.708,0.0,0.0,0.0,0.0,0.0,0.0,0.0,-0.56,112.5,1012.7,20.3,8.8,0.0,0.0,0.0,,0.0,0,0,0,0,0,4.2,0.01,796.5,15908.4,16704.91,0.0,-1.41
2026-06-05T07:51:22.072+00:00,136496,66ec7050-ec57-40ab-8f47-c4287b6aac37,,10,FAULT,0x2080,SENSOR_RANGE|PUMP_CAVITATION,0,1,0,1,1,0,0.0,0.904,0.0,0.0,0.0,0.0,0.0,0.0,0.0,-1.29,112.5,1012.8,20.3,8.8,0.0,0.0,0.0,,0.0,0,0,0,0,0,4.2,0.01,796.5,15908.4,16704.91,0.0,-4.17
2026-06-05T07:51:22.248+00:00,136671,66ec7050-ec57-40ab-8f47-c4287b6aac37,,10,FAULT,0x2080,SENSOR_RANGE|PUMP_CAVITATION,0,1,0,1,1,0,0.0,0.171,0.0,0.0,0.0,0.0,0.0,0.0,0.0,0.0,112.5,1012.8,20.3,8.8,0.0,0.0,0.0,,0.0,0,0,0,0,0,4.2,0.01,796.5,15908.4,16704.91,0.0,7.37
2026-06-05T07:51:22.464+00:00,136847,66ec7050-ec57-40ab-8f47-c4287b6aac37,,10,FAULT,0x2080,SENSOR_RANGE|PUMP_CAVITATION,0,1,0,1,1,0,0.0,0.855,0.0,0.0,0.0,0.0,0.0,0.0,0.0,-0.31,112.5,1012.7,20.3,8.8,0.0,0.0,0.0,,0.0,0,0,0,0,0,4.2,0.01,796.5,15908.4,16704.91,0.0,-1.76
2026-06-05T07:51:22.597+00:00,137022,66ec7050-ec57-40ab-8f47-c4287b6aac37,,10,FAULT,0x2080,SENSOR_RANGE|PUMP_CAVITATION,0,1,0,1,1,0,0.0,0.415,0.0,0.0,0.0,0.0,0.0,0.0,0.0,-1.29,112.5,1012.7,20.3,8.8,0.0,0.0,0.0,,0.0,0,0,0,0,0,4.2,0.01,796.5,15908.4,16704.91,0.0,-5.6
2026-06-05T07:51:22.773+00:00,137197,66ec7050-ec57-40ab-8f47-c4287b6aac37,,10,FAULT,0x2080,SENSOR_RANGE|PUMP_CAVITATION,0,1,0,1,1,0,0.0,0.024,0.0,0.0,0.0,0.0,0.0,0.0,0.0,0.41,107.49,1012.7,20.3,8.8,0.0,0.0,0.0,,0.0,0,0,0,0,0,4.2,0.01,796.5,15908.4,16704.91,0.0,9.71
2026-06-05T07:51:22.949+00:00,137373,66ec7050-ec57-40ab-8f47-c4287b6aac37,,10,FAULT,0x2080,SENSOR_RANGE|PUMP_CAVITATION,0,1,0,1,1,0,0.0,0.757,0.0,0.0,0.0,0.0,0.0,0.0,0.0,-1.05,112.5,1012.7,20.3,8.8,0.0,0.0,0.0,,0.0,0,0,0,0,0,4.2,0.01,796.5,15908.4,16704.91,0.0,-8.3
2026-06-05T07:51:23.161+00:00,137548,66ec7050-ec57-40ab-8f47-c4287b6aac37,,10,FAULT,0x2080,SENSOR_RANGE|PUMP_CAVITATION,0,1,0,1,1,0,0.0,0.708,0.0,0.0,0.0,0.0,0.0,0.0,0.0,0.0,112.5,1012.8,20.3,8.8,0.0,0.0,0.0,,0.0,0,0,0,0,0,4.2,0.01,796.5,15908.4,16704.91,0.0,6.0
2026-06-05T07:51:23.301+00:00,137723,66ec7050-ec57-40ab-8f47-c4287b6aac37,,10,FAULT,0x2080,SENSOR_RANGE|PUMP_CAVITATION,0,1,0,1,1,0,0.0,1.392,0.0,0.0,0.0,0.0,0.0,0.0,0.0,0.9,108.83,1012.8,20.3,8.8,0.0,0.0,0.0,,0.0,0,0,0,0,0,4.2,0.01,796.5,15908.4,16704.91,0.0,5.14
2026-06-05T07:51:23.477+00:00,137899,66ec7050-ec57-40ab-8f47-c4287b6aac37,,10,FAULT,0x2080,SENSOR_RANGE|PUMP_CAVITATION,0,1,0,1,1,0,0.0,0.0,0.0,0.0,0.0,0.0,0.0,0.0,0.0,-0.8,112.5,1012.8,20.3,8.8,0.0,0.0,0.0,,0.0,0,0,0,0,0,4.2,0.01,796.5,15908.4,16704.91,0.0,-9.66
2026-06-05T07:51:23.650+00:00,138074,66ec7050-ec57-40ab-8f47-c4287b6aac37,,10,FAULT,0x2080,SENSOR_RANGE|PUMP_CAVITATION,0,1,0,1,1,0,0.0,1.246,0.0,0.0,0.0,0.0,0.0,0.0,0.0,0.41,112.5,1012.7,20.3,8.8,0.0,0.0,0.0,,0.0,0,0,0,0,0,4.2,0.01,796.5,15908.4,16704.91,0.0,6.91
2026-06-05T07:51:23.859+00:00,138250,66ec7050-ec57-40ab-8f47-c4287b6aac37,,10,FAULT,0x2080,SENSOR_RANGE|PUMP_CAVITATION,0,1,0,1,1,0,0.0,0.122,0.0,0.0,0.0,0.0,0.0,0.0,0.0,-0.31,112.5,1012.7,20.3,8.7,0.0,0.0,0.0,,0.0,0,0,0,0,0,4.2,0.01,796.5,15908.4,16704.91,0.0,-4.09
2026-06-05T07:51:24.001+00:00,138425,66ec7050-ec57-40ab-8f47-c4287b6aac37,,10,FAULT,0x2080,SENSOR_RANGE|PUMP_CAVITATION,0,1,0,1,1,0,0.0,0.0,0.0,0.0,0.0,0.0,0.0,0.0,0.0,1.63,108.58,1012.8,20.3,8.8,0.0,0.0,0.0,,0.0,0,0,0,0,0,4.2,0.01,796.5,15908.4,16704.91,0.0,11.09
2026-06-05T07:51:24.177+00:00,138600,66ec7050-ec57-40ab-8f47-c4287b6aac37,,10,FAULT,0x2080,SENSOR_RANGE|PUMP_CAVITATION,0,1,0,1,1,0,0.0,0.659,0.0,0.0,0.0,0.0,0.0,0.0,0.0,0.0,112.5,1012.8,20.3,8.8,0.0,0.0,0.0,,0.0,0,0,0,0,0,4.2,0.01,796.5,15908.4,16704.91,0.0,-9.31
2026-06-05T07:51:24.362+00:00,138775,66ec7050-ec57-40ab-8f47-c4287b6aac37,,10,FAULT,0x2080,SENSOR_RANGE|PUMP_CAVITATION,0,1,0,1,1,0,0.0,0.024,0.0,0.0,0.0,0.0,0.0,0.0,0.0,1.63,107.49,1012.8,20.3,8.8,0.0,0.0,0.0,,0.0,0,0,0,0,0,4.2,0.01,796.5,15908.4,16704.91,0.0,9.31
2026-06-05T07:51:24.555+00:00,138951,66ec7050-ec57-40ab-8f47-c4287b6aac37,,10,FAULT,0x2080,SENSOR_RANGE|PUMP_CAVITATION,0,1,0,1,1,0,0.0,1.148,0.0,0.0,0.0,0.0,0.0,0.0,0.0,-0.31,112.5,1012.7,20.3,8.8,0.0,0.0,0.0,,0.0,0,0,0,0,0,4.2,0.01,796.5,15908.4,16704.91,0.0,-11.02
2026-06-05T07:51:24.705+00:00,139126,66ec7050-ec57-40ab-8f47-c4287b6aac37,,10,FAULT,0x2080,SENSOR_RANGE|PUMP_CAVITATION,0,1,0,1,1,0,0.0,0.317,0.0,0.0,0.0,0.0,0.0,0.0,0.0,-1.78,109.07,1012.8,20.3,8.8,0.0,0.0,0.0,,0.0,0,0,0,0,0,4.2,0.01,796.5,15908.4,16704.91,0.0,-8.4
2026-06-05T07:51:24.882+00:00,139301,66ec7050-ec57-40ab-8f47-c4287b6aac37,,10,FAULT,0x2080,SENSOR_RANGE|PUMP_CAVITATION,0,1,0,1,1,0,0.0,1.295,0.0,0.0,0.0,0.0,0.0,0.0,0.0,0.41,110.91,1012.8,20.3,8.9,0.0,0.0,0.0,,0.0,0,0,0,0,0,4.2,0.01,796.5,15908.4,16704.91,0.0,12.51
2026-06-05T07:51:25.059+00:00,139478,66ec7050-ec57-40ab-8f47-c4287b6aac37,,10,FAULT,0x2080,SENSOR_RANGE|PUMP_CAVITATION,0,1,0,1,1,0,0.0,0.806,0.0,0.0,0.0,0.0,0.0,0.0,0.0,-1.78,112.5,1012.8,20.3,8.8,0.0,0.0,0.0,,0.0,0,0,0,0,0,4.2,0.01,796.5,15908.4,16704.91,0.0,-12.37
2026-06-05T07:51:25.253+00:00,139653,66ec7050-ec57-40ab-8f47-c4287b6aac37,,10,FAULT,0x2080,SENSOR_RANGE|PUMP_CAVITATION,0,1,0,1,1,0,0.0,0.757,0.0,0.0,0.0,0.0,0.0,0.0,0.0,-1.29,112.5,1012.8,20.3,8.8,0.0,0.0,0.0,,0.0,0,0,0,0,0,4.2,0.01,796.5,15908.4,16704.91,0.0,2.8
2026-06-05T07:51:25.406+00:00,139829,66ec7050-ec57-40ab-8f47-c4287b6aac37,,10,FAULT,0x2080,SENSOR_RANGE|PUMP_CAVITATION,0,1,0,1,1,0,0.0,0.415,0.0,0.0,0.0,0.0,0.0,0.0,0.0,0.0,111.03,1012.7,20.3,8.8,0.0,0.0,0.0,,0.0,0,0,0,0,0,4.2,0.01,796.5,15908.4,16704.91,0.0,7.33
2026-06-05T07:51:25.582+00:00,140004,66ec7050-ec57-40ab-8f47-c4287b6aac37,,10,FAULT,0x2080,SENSOR_RANGE|PUMP_CAVITATION,0,1,0,1,1,0,0.0,1.246,0.0,0.0,0.0,0.0,0.0,0.0,0.0,0.0,112.5,1012.8,20.3,8.8,0.0,0.0,0.0,,0.0,0,0,0,0,0,4.2,0.01,796.5,15908.4,16704.91,0.0,0.0
2026-06-05T07:51:25.759+00:00,140179,66ec7050-ec57-40ab-8f47-c4287b6aac37,,10,FAULT,0x2080,SENSOR_RANGE|PUMP_CAVITATION,0,1,0,1,1,0,0.0,0.904,0.0,0.0,0.0,0.0,0.0,0.0,0.0,0.0,112.5,1012.8,20.3,8.8,0.0,0.0,0.0,,0.0,0,0,0,0,0,4.2,0.01,796.5,15908.4,16704.91,0.0,0.0
2026-06-05T07:51:25.949+00:00,140354,66ec7050-ec57-40ab-8f47-c4287b6aac37,,10,FAULT,0x2080,SENSOR_RANGE|PUMP_CAVITATION,0,1,0,1,1,0,0.0,0.024,0.0,0.0,0.0,0.0,0.0,0.0,0.0,1.63,108.46,1012.8,20.3,8.8,0.0,0.0,0.0,,0.0,0,0,0,0,0,4.2,0.01,796.5,15908.4,16704.91,0.0,9.31
2026-06-05T07:51:26.110+00:00,140530,66ec7050-ec57-40ab-8f47-c4287b6aac37,,10,FAULT,0x2080,SENSOR_RANGE|PUMP_CAVITATION,0,1,0,1,1,0,0.0,0.659,0.0,0.0,0.0,0.0,0.0,0.0,0.0,-0.8,112.5,1012.8,20.3,8.8,0.0,0.0,0.0,,0.0,0,0,0,0,0,4.2,0.01,796.5,15908.4,16704.91,0.0,-13.81
2026-06-05T07:51:26.283+00:00,140705,66ec7050-ec57-40ab-8f47-c4287b6aac37,,10,FAULT,0x2080,SENSOR_RANGE|PUMP_CAVITATION,0,1,0,1,1,0,0.0,0.0,0.0,0.0,0.0,0.0,0.0,0.0,0.0,-0.31,107.97,1012.8,20.3,8.8,0.0,0.0,0.0,,0.0,0,0,0,0,0,4.2,0.01,796.5,15908.4,16704.91,0.0,2.8
2026-06-05T07:51:26.459+00:00,140880,66ec7050-ec57-40ab-8f47-c4287b6aac37,,10,FAULT,0x2080,SENSOR_RANGE|PUMP_CAVITATION,0,1,0,1,1,0,0.0,0.464,0.0,0.0,0.0,0.0,0.0,0.0,0.0,-0.8,112.5,1012.7,20.3,8.7,0.0,0.0,0.0,,0.0,0,0,0,0,0,4.2,0.01,796.5,15908.4,16704.91,0.0,-2.8
2026-06-05T07:51:26.661+00:00,141056,66ec7050-ec57-40ab-8f47-c4287b6aac37,,10,FAULT,0x2080,SENSOR_RANGE|PUMP_CAVITATION,0,1,0,1,1,0,0.0,0.0,0.0,0.0,0.0,0.0,0.0,0.0,0.0,2.37,107.0,1012.7,20.3,8.8,0.0,0.0,0.0,,0.0,0,0,0,0,0,4.2,0.01,796.5,15908.4,16704.91,0.0,18.01
2026-06-05T07:51:26.811+00:00,141231,66ec7050-ec57-40ab-8f47-c4287b6aac37,,10,FAULT,0x2080,SENSOR_RANGE|PUMP_CAVITATION,0,1,0,1,1,0,0.0,0.219,0.0,0.0,0.0,0.0,0.0,0.0,0.0,0.0,112.5,1012.8,20.3,8.8,0.0,0.0,0.0,,0.0,0,0,0,0,0,4.2,0.01,796.5,15908.4,16704.91,0.0,-13.54
2026-06-05T07:51:26.987+00:00,141407,66ec7050-ec57-40ab-8f47-c4287b6aac37,,10,FAULT,0x2080,SENSOR_RANGE|PUMP_CAVITATION,0,1,0,1,1,0,0.0,0.0,0.0,0.0,0.0,0.0,0.0,0.0,0.0,0.41,108.71,1012.7,20.3,8.8,0.0,0.0,0.0,,0.0,0,0,0,0,0,4.2,0.01,796.5,15908.4,16704.91,0.0,2.33
2026-06-05T07:51:27.160+00:00,141582,66ec7050-ec57-40ab-8f47-c4287b6aac37,,10,FAULT,0x2080,SENSOR_RANGE|PUMP_CAVITATION,0,1,0,1,1,0,0.0,0.0,0.0,0.0,0.0,0.0,0.0,0.0,0.0,0.9,112.5,1012.7,20.3,8.8,0.0,0.0,0.0,,0.0,0,0,0,0,0,4.2,0.01,796.5,15908.4,16704.91,0.0,2.8
2026-06-05T07:51:27.378+00:00,141757,66ec7050-ec57-40ab-8f47-c4287b6aac37,,10,FAULT,0x2080,SENSOR_RANGE|PUMP_CAVITATION,0,1,0,1,1,0,0.0,1.05,0.0,0.0,0.0,0.0,0.0,0.0,0.0,-0.56,110.17,1012.7,20.3,8.8,0.0,0.0,0.0,,0.0,0,0,0,0,0,4.2,0.01,796.5,15908.4,16704.91,0.0,-8.34
2026-06-05T07:51:27.512+00:00,141932,66ec7050-ec57-40ab-8f47-c4287b6aac37,,10,FAULT,0x2080,SENSOR_RANGE|PUMP_CAVITATION,0,1,0,1,1,0,0.0,0.122,0.0,0.0,0.0,0.0,0.0,0.0,0.0,0.0,112.5,1012.7,20.3,8.8,0.0,0.0,0.0,,0.0,0,0,0,0,0,4.2,0.01,796.5,15908.4,16704.91,0.0,3.2
2026-06-05T07:51:27.688+00:00,142107,66ec7050-ec57-40ab-8f47-c4287b6aac37,,10,FAULT,0x2080,SENSOR_RANGE|PUMP_CAVITATION,0,1,0,1,1,0,0.0,0.0,0.0,0.0,0.0,0.0,0.0,0.0,0.0,-1.05,108.95,1012.8,20.3,8.8,0.0,0.0,0.0,,0.0,0,0,0,0,0,4.2,0.01,796.5,15908.4,16704.91,0.0,-6.0
2026-06-05T07:51:27.863+00:00,142282,66ec7050-ec57-40ab-8f47-c4287b6aac37,,10,FAULT,0x2080,SENSOR_RANGE|PUMP_CAVITATION,0,1,0,1,1,0,0.0,0.708,0.0,0.0,0.0,0.0,0.0,0.0,0.0,0.65,112.5,1012.7,20.3,8.8,0.0,0.0,0.0,,0.0,0,0,0,0,0,4.2,0.01,796.5,15908.4,16704.91,0.0,9.71
2026-06-05T07:51:28.075+00:00,142458,66ec7050-ec57-40ab-8f47-c4287b6aac37,,10,FAULT,0x2080,SENSOR_RANGE|PUMP_CAVITATION,0,1,0,1,1,0,0.0,0.219,0.0,0.0,0.0,0.0,0.0,0.0,0.0,1.63,108.83,1012.7,20.3,8.8,0.0,0.0,0.0,,0.0,0,0,0,0,0,4.2,0.01,796.5,15908.4,16704.91,0.0,5.57
2026-06-05T07:51:28.215+00:00,142633,66ec7050-ec57-40ab-8f47-c4287b6aac37,,10,FAULT,0x2080,SENSOR_RANGE|PUMP_CAVITATION,0,1,0,1,1,0,0.0,0.024,0.0,0.0,0.0,0.0,0.0,0.0,0.0,-1.29,111.27,1012.8,20.3,8.8,0.0,0.0,0.0,,0.0,0,0,0,0,0,4.2,0.01,796.5,15908.4,16704.91,0.0,-16.69
2026-06-05T07:51:28.388+00:00,142809,66ec7050-ec57-40ab-8f47-c4287b6aac37,,10,FAULT,0x2080,SENSOR_RANGE|PUMP_CAVITATION,0,1,0,1,1,0,0.0,0.415,0.0,0.0,0.0,0.0,0.0,0.0,0.0,-0.8,112.5,1012.8,20.3,8.8,0.0,0.0,0.0,,0.0,0,0,0,0,0,4.2,0.01,796.5,15908.4,16704.91,0.0,2.78
2026-06-05T07:51:28.569+00:00,142985,66ec7050-ec57-40ab-8f47-c4287b6aac37,,10,FAULT,0x2080,SENSOR_RANGE|PUMP_CAVITATION,0,1,0,1,1,0,0.0,0.0,0.0,0.0,0.0,0.0,0.0,0.0,0.0,1.63,109.07,1012.7,20.3,8.7,0.0,0.0,0.0,,0.0,0,0,0,0,0,4.2,0.01,796.5,15908.4,16704.91,0.0,13.81
2026-06-05T07:51:28.769+00:00,143160,66ec7050-ec57-40ab-8f47-c4287b6aac37,,10,FAULT,0x2080,SENSOR_RANGE|PUMP_CAVITATION,0,1,0,1,1,0,0.0,0.366,0.0,0.0,0.0,0.0,0.0,0.0,0.0,0.0,112.5,1012.8,20.3,8.8,0.0,0.0,0.0,,0.0,0,0,0,0,0,4.2,0.01,796.5,15908.4,16704.91,0.0,-9.31
2026-06-05T07:51:28.916+00:00,143335,66ec7050-ec57-40ab-8f47-c4287b6aac37,,10,FAULT,0x2080,SENSOR_RANGE|PUMP_CAVITATION,0,1,0,1,1,0,0.0,0.806,0.0,0.0,0.0,0.0,0.0,0.0,0.0,-1.78,110.42,1012.8,20.3,8.8,0.0,0.0,0.0,,0.0,0,0,0,0,0,4.2,0.01,796.5,15908.4,16704.91,0.0,-10.17
2026-06-05T07:51:29.092+00:00,143510,66ec7050-ec57-40ab-8f47-c4287b6aac37,,10,FAULT,0x2080,SENSOR_RANGE|PUMP_CAVITATION,0,1,0,1,1,0,0.0,0.366,0.0,0.0,0.0,0.0,0.0,0.0,0.0,-1.29,112.5,1012.7,20.3,8.8,0.0,0.0,0.0,,0.0,0,0,0,0,0,4.2,0.01,796.5,15908.4,16704.91,0.0,2.8
2026-06-05T07:51:29.271+00:00,143686,66ec7050-ec57-40ab-8f47-c4287b6aac37,,10,FAULT,0x2080,SENSOR_RANGE|PUMP_CAVITATION,0,1,0,1,1,0,0.0,0.0,0.0,0.0,0.0,0.0,0.0,0.0,0.0,2.12,107.12,1012.8,20.3,8.8,0.0,0.0,0.0,,0.0,0,0,0,0,0,4.2,0.01,796.5,15908.4,16704.91,0.0,19.38
2026-06-05T07:51:29.469+00:00,143861,66ec7050-ec57-40ab-8f47-c4287b6aac37,,10,FAULT,0x2080,SENSOR_RANGE|PUMP_CAVITATION,0,1,0,1,1,0,0.0,0.268,0.0,0.0,0.0,0.0,0.0,0.0,0.0,2.12,112.5,1012.8,20.3,8.8,0.0,0.0,0.0,,0.0,0,0,0,0,0,4.2,0.01,796.5,15908.4,16704.91,0.0,0.0
2026-06-05T07:51:29.617+00:00,144036,66ec7050-ec57-40ab-8f47-c4287b6aac37,,10,FAULT,0x2080,SENSOR_RANGE|PUMP_CAVITATION,0,1,0,1,1,0,0.0,0.659,0.0,0.0,0.0,0.0,0.0,0.0,0.0,-0.31,110.05,1012.7,20.3,8.7,0.0,0.0,0.0,,0.0,0,0,0,0,0,4.2,0.01,796.5,15908.4,16704.91,0.0,-13.89
2026-06-05T07:51:29.793+00:00,144212,66ec7050-ec57-40ab-8f47-c4287b6aac37,,10,FAULT,0x2080,SENSOR_RANGE|PUMP_CAVITATION,0,1,0,1,1,0,0.0,0.904,0.0,0.0,0.0,0.0,0.0,0.0,0.0,1.14,112.5,1012.7,20.3,8.7,0.0,0.0,0.0,,0.0,0,0,0,0,0,4.2,0.01,796.5,15908.4,16704.91,0.0,8.24
2026-06-05T07:51:29.972+00:00,144388,66ec7050-ec57-40ab-8f47-c4287b6aac37,,10,FAULT,0x2080,SENSOR_RANGE|PUMP_CAVITATION,0,1,0,1,1,0,0.0,0.0,0.0,0.0,0.0,0.0,0.0,0.0,0.0,-1.53,109.81,1012.8,20.3,8.8,0.0,0.0,0.0,,0.0,0,0,0,0,0,4.2,0.01,796.5,15908.4,16704.91,0.0,-15.17
2026-06-05T07:51:30.162+00:00,144563,66ec7050-ec57-40ab-8f47-c4287b6aac37,,10,FAULT,0x2080,SENSOR_RANGE|PUMP_CAVITATION,0,1,0,1,1,0,0.0,0.953,0.0,0.0,0.0,0.0,0.0,0.0,0.0,0.0,112.5,1012.8,20.3,8.8,0.0,0.0,0.0,,0.0,0,0,0,0,0,4.2,0.01,796.5,15908.4,16704.91,0.0,8.74
2026-06-05T07:51:30.321+00:00,144738,66ec7050-ec57-40ab-8f47-c4287b6aac37,,10,FAULT,0x2080,SENSOR_RANGE|PUMP_CAVITATION,0,1,0,1,1,0,0.0,0.0,0.0,0.0,0.0,0.0,0.0,0.0,0.0,1.14,110.3,1012.8,20.3,8.8,0.0,0.0,0.0,,0.0,0,0,0,0,0,4.2,0.01,796.5,15908.4,16704.91,0.0,6.51
2026-06-05T07:51:30.497+00:00,144913,66ec7050-ec57-40ab-8f47-c4287b6aac37,,10,FAULT,0x2080,SENSOR_RANGE|PUMP_CAVITATION,0,1,0,1,1,0,0.0,0.0,0.0,0.0,0.0,0.0,0.0,0.0,0.0,0.65,110.05,1012.8,20.3,8.8,0.0,0.0,0.0,,0.0,0,0,0,0,0,4.2,0.01,796.5,15908.4,16704.91,0.0,-2.8
2026-06-05T07:51:30.673+00:00,145088,66ec7050-ec57-40ab-8f47-c4287b6aac37,,10,FAULT,0x2080,SENSOR_RANGE|PUMP_CAVITATION,0,1,0,1,1,0,0.0,0.122,0.0,0.0,0.0,0.0,0.0,0.0,0.0,-1.78,109.56,1012.8,20.3,8.8,0.0,0.0,0.0,,0.0,0,0,0,0,0,4.2,0.01,796.5,15908.4,16704.91,0.0,-13.89
2026-06-05T07:51:30.857+00:00,145264,66ec7050-ec57-40ab-8f47-c4287b6aac37,,10,FAULT,0x2080,SENSOR_RANGE|PUMP_CAVITATION,0,1,0,1,1,0,0.0,0.415,0.0,0.0,0.0,0.0,0.0,0.0,0.0,0.0,112.5,1012.7,20.3,8.8,0.0,0.0,0.0,,0.0,0,0,0,0,0,4.2,0.01,796.5,15908.4,16704.91,0.0,10.11
2026-06-05T07:51:31.022+00:00,145439,66ec7050-ec57-40ab-8f47-c4287b6aac37,,10,FAULT,0x2080,SENSOR_RANGE|PUMP_CAVITATION,0,1,0,1,1,0,0.0,0.171,0.0,0.0,0.0,0.0,0.0,0.0,0.0,-1.53,112.13,1012.7,20.3,8.8,0.0,0.0,0.0,,0.0,0,0,0,0,0,4.2,0.01,796.5,15908.4,16704.91,0.0,-8.74
2026-06-05T07:51:31.198+00:00,145615,66ec7050-ec57-40ab-8f47-c4287b6aac37,,10,FAULT,0x2080,SENSOR_RANGE|PUMP_CAVITATION,0,1,0,1,1,0,0.0,0.0,0.0,0.0,0.0,0.0,0.0,0.0,0.0,0.65,106.39,1012.8,20.3,8.8,0.0,0.0,0.0,,0.0,0,0,0,0,0,4.2,0.01,796.5,15908.4,16704.91,0.0,12.39
2026-06-05T07:51:31.401+00:00,145790,66ec7050-ec57-40ab-8f47-c4287b6aac37,,10,FAULT,0x2080,SENSOR_RANGE|PUMP_CAVITATION,0,1,0,1,1,0,0.0,0.0,0.0,0.0,0.0,0.0,0.0,0.0,0.0,-0.31,110.91,1012.7,20.3,8.7,0.0,0.0,0.0,,0.0,0,0,0,0,0,4.2,0.01,796.5,15908.4,16704.91,0.0,-5.49
2026-06-05T07:51:31.552+00:00,145966,66ec7050-ec57-40ab-8f47-c4287b6aac37,,10,FAULT,0x2080,SENSOR_RANGE|PUMP_CAVITATION,0,1,0,1,1,0,0.0,0.61,0.0,0.0,0.0,0.0,0.0,0.0,0.0,-0.8,112.13,1012.7,20.3,8.8,0.0,0.0,0.0,,0.0,0,0,0,0,0,4.2,0.01,796.5,15908.4,16704.91,0.0,-2.78
2026-06-05T07:51:31.726+00:00,146141,66ec7050-ec57-40ab-8f47-c4287b6aac37,,10,FAULT,0x2080,SENSOR_RANGE|PUMP_CAVITATION,0,1,0,1,1,0,0.0,0.0,0.0,0.0,0.0,0.0,0.0,0.0,0.0,1.63,112.5,1012.8,20.3,8.8,0.0,0.0,0.0,,0.0,0,0,0,0,0,4.2,0.01,796.5,15908.4,16704.91,0.0,13.89
2026-06-05T07:51:31.900+00:00,146316,66ec7050-ec57-40ab-8f47-c4287b6aac37,,10,FAULT,0x2080,SENSOR_RANGE|PUMP_CAVITATION,0,1,0,1,1,0,0.0,0.562,0.0,0.0,0.0,0.0,0.0,0.0,0.0,-0.31,108.58,1012.8,20.3,8.8,0.0,0.0,0.0,,0.0,0,0,0,0,0,4.2,0.01,796.5,15908.4,16704.91,0.0,-11.09
2026-06-05T07:51:32.076+00:00,146491,66ec7050-ec57-40ab-8f47-c4287b6aac37,,10,FAULT,0x2080,SENSOR_RANGE|PUMP_CAVITATION,0,1,0,1,1,0,0.0,0.268,0.0,0.0,0.0,0.0,0.0,0.0,0.0,-0.31,112.5,1012.7,20.3,8.8,0.0,0.0,0.0,,0.0,0,0,0,0,0,4.2,0.01,796.5,15908.4,16704.91,0.0,0.0
2026-06-05T07:51:32.297+00:00,146667,66ec7050-ec57-40ab-8f47-c4287b6aac37,,10,FAULT,0x2080,SENSOR_RANGE|PUMP_CAVITATION,0,1,0,1,1,0,0.0,1.344,0.0,0.0,0.0,0.0,0.0,0.0,0.0,0.41,112.5,1012.7,20.3,8.8,0.0,0.0,0.0,,0.0,0,0,0,0,0,4.2,0.01,796.5,15908.4,16704.91,0.0,4.09
2026-06-05T07:51:32.426+00:00,146842,66ec7050-ec57-40ab-8f47-c4287b6aac37,,10,FAULT,0x2080,SENSOR_RANGE|PUMP_CAVITATION,0,1,0,1,1,0,0.0,0.757,0.0,0.0,0.0,0.0,0.0,0.0,0.0,-0.31,112.5,1012.8,20.3,8.8,0.0,0.0,0.0,,0.0,0,0,0,0,0,4.2,0.01,796.5,15908.4,16704.91,0.0,-4.11
2026-06-05T07:51:32.603+00:00,147017,66ec7050-ec57-40ab-8f47-c4287b6aac37,,10,FAULT,0x2080,SENSOR_RANGE|PUMP_CAVITATION,0,1,0,1,1,0,0.0,1.246,0.0,0.0,0.0,0.0,0.0,0.0,0.0,0.9,112.5,1012.7,20.3,8.8,0.0,0.0,0.0,,0.0,0,0,0,0,0,4.2,0.01,796.5,15908.4,16704.91,0.0,6.91
2026-06-05T07:51:32.778+00:00,147193,66ec7050-ec57-40ab-8f47-c4287b6aac37,,10,FAULT,0x2080,SENSOR_RANGE|PUMP_CAVITATION,0,1,0,1,1,0,0.0,0.0,0.0,0.0,0.0,0.0,0.0,0.0,0.0,1.14,112.5,1012.8,20.3,8.8,0.0,0.0,0.0,,0.0,0,0,0,0,0,4.2,0.01,796.5,15908.4,16704.91,0.0,1.36
2026-06-05T07:51:32.996+00:00,147368,66ec7050-ec57-40ab-8f47-c4287b6aac37,,10,FAULT,0x2080,SENSOR_RANGE|PUMP_CAVITATION,0,1,0,1,1,0,0.0,0.0,0.0,0.0,0.0,0.0,0.0,0.0,0.0,0.41,109.07,1012.8,20.3,8.8,0.0,0.0,0.0,,0.0,0,0,0,0,0,4.2,0.01,796.5,15908.4,16704.91,0.0,-4.17
2026-06-05T07:51:33.127+00:00,147544,66ec7050-ec57-40ab-8f47-c4287b6aac37,,10,FAULT,0x2080,SENSOR_RANGE|PUMP_CAVITATION,0,1,0,1,1,0,0.0,0.0,0.0,0.0,0.0,0.0,0.0,0.0,0.0,0.65,109.2,1012.7,20.3,8.8,0.0,0.0,0.0,,0.0,0,0,0,0,0,4.2,0.01,796.5,15908.4,16704.91,0.0,1.36
2026-06-05T07:51:33.303+00:00,147719,66ec7050-ec57-40ab-8f47-c4287b6aac37,,10,FAULT,0x2080,SENSOR_RANGE|PUMP_CAVITATION,0,1,0,1,1,0,0.0,0.757,0.0,0.0,0.0,0.0,0.0,0.0,0.0,0.0,112.5,1012.8,20.3,8.8,0.0,0.0,0.0,,0.0,0,0,0,0,0,4.2,0.01,796.5,15908.4,16704.91,0.0,-3.71
2026-06-05T07:51:33.479+00:00,147894,66ec7050-ec57-40ab-8f47-c4287b6aac37,,10,FAULT,0x2080,SENSOR_RANGE|PUMP_CAVITATION,0,1,0,1,1,0,0.0,1.001,0.0,0.0,0.0,0.0,0.0,0.0,0.0,0.41,112.5,1012.8,20.3,8.8,0.0,0.0,0.0,,0.0,0,0,0,0,0,4.2,0.01,796.5,15908.4,16704.91,0.0,2.34
2026-06-05T07:51:33.693+00:00,148069,66ec7050-ec57-40ab-8f47-c4287b6aac37,,10,FAULT,0x2080,SENSOR_RANGE|PUMP_CAVITATION,0,1,0,1,1,0,0.0,0.659,0.0,0.0,0.0,0.0,0.0,0.0,0.0,-1.29,112.5,1012.7,20.3,8.8,0.0,0.0,0.0,,0.0,0,0,0,0,0,4.2,0.01,796.5,15908.4,16704.91,0.0,-9.71
2026-06-05T07:51:33.831+00:00,148245,66ec7050-ec57-40ab-8f47-c4287b6aac37,,10,FAULT,0x2080,SENSOR_RANGE|PUMP_CAVITATION,0,1,0,1,1,0,0.0,0.0,0.0,0.0,0.0,0.0,0.0,0.0,0.0,1.39,107.12,1012.7,20.3,8.8,0.0,0.0,0.0,,0.0,0,0,0,0,0,4.2,0.01,796.5,15908.4,16704.91,0.0,15.23
2026-06-05T07:51:34.007+00:00,148420,66ec7050-ec57-40ab-8f47-c4287b6aac37,,10,FAULT,0x2080,SENSOR_RANGE|PUMP_CAVITATION,0,1,0,1,1,0,0.0,0.268,0.0,0.0,0.0,0.0,0.0,0.0,0.0,-0.31,112.5,1012.8,20.3,8.8,0.0,0.0,0.0,,0.0,0,0,0,0,0,4.2,0.01,796.5,15908.4,16704.91,0.0,-9.71
2026-06-05T07:51:34.186+00:00,148595,66ec7050-ec57-40ab-8f47-c4287b6aac37,,10,FAULT,0x2080,SENSOR_RANGE|PUMP_CAVITATION,0,1,0,1,1,0,0.0,0.366,0.0,0.0,0.0,0.0,0.0,0.0,0.0,1.14,110.91,1012.8,20.3,8.8,0.0,0.0,0.0,,0.0,0,0,0,0,0,4.2,0.01,796.5,15908.4,16704.91,0.0,8.29
2026-06-05T07:51:34.389+00:00,148771,66ec7050-ec57-40ab-8f47-c4287b6aac37,,10,FAULT,0x2080,SENSOR_RANGE|PUMP_CAVITATION,0,1,0,1,1,0,0.0,0.708,0.0,0.0,0.0,0.0,0.0,0.0,0.0,-0.31,112.5,1012.8,20.3,8.8,0.0,0.0,0.0,,0.0,0,0,0,0,0,4.2,0.01,796.5,15908.4,16704.91,0.0,-8.24
2026-06-05T07:51:34.532+00:00,148946,66ec7050-ec57-40ab-8f47-c4287b6aac37,,10,FAULT,0x2080,SENSOR_RANGE|PUMP_CAVITATION,0,1,0,1,1,0,0.0,0.0,0.0,0.0,0.0,0.0,0.0,0.0,0.0,0.65,106.63,1012.8,20.3,8.8,0.0,0.0,0.0,,0.0,0,0,0,0,0,4.2,0.01,796.5,15908.4,16704.91,0.0,5.49
2026-06-05T07:51:34.708+00:00,149122,66ec7050-ec57-40ab-8f47-c4287b6aac37,,10,FAULT,0x2080,SENSOR_RANGE|PUMP_CAVITATION,0,1,0,1,1,0,0.0,0.073,0.0,0.0,0.0,0.0,0.0,0.0,0.0,-1.53,112.5,1012.7,20.3,8.8,0.0,0.0,0.0,,0.0,0,0,0,0,0,4.2,0.01,796.5,15908.4,16704.91,0.0,-12.39
2026-06-05T07:51:34.891+00:00,149297,66ec7050-ec57-40ab-8f47-c4287b6aac37,,10,FAULT,0x2080,SENSOR_RANGE|PUMP_CAVITATION,0,1,0,1,1,0,0.0,0.806,0.0,0.0,0.0,0.0,0.0,0.0,0.0,-1.29,111.64,1012.7,20.3,8.8,0.0,0.0,0.0,,0.0,0,0,0,0,0,4.2,0.01,796.5,15908.4,16704.91,0.0,1.37
2026-06-05T07:51:35.082+00:00,149473,66ec7050-ec57-40ab-8f47-c4287b6aac37,,10,FAULT,0x2080,SENSOR_RANGE|PUMP_CAVITATION,0,1,0,1,1,0,0.0,0.366,0.0,0.0,0.0,0.0,0.0,0.0,0.0,-1.29,112.5,1012.8,20.3,8.8,0.0,0.0,0.0,,0.0,0,0,0,0,0,4.2,0.01,796.5,15908.4,16704.91,0.0,0.0
2026-06-05T07:51:35.236+00:00,149648,66ec7050-ec57-40ab-8f47-c4287b6aac37,,10,FAULT,0x2080,SENSOR_RANGE|PUMP_CAVITATION,0,1,0,1,1,0,0.0,0.659,0.0,0.0,0.0,0.0,0.0,0.0,0.0,-0.31,112.5,1012.7,20.3,8.7,0.0,0.0,0.0,,0.0,0,0,0,0,0,4.2,0.01,796.5,15908.4,16704.91,0.0,5.6
2026-06-05T07:51:35.412+00:00,149823,66ec7050-ec57-40ab-8f47-c4287b6aac37,,10,FAULT,0x2080,SENSOR_RANGE|PUMP_CAVITATION,0,1,0,1,1,0,0.0,0.0,0.0,0.0,0.0,0.0,0.0,0.0,0.0,0.9,110.3,1012.7,20.3,8.8,0.0,0.0,0.0,,0.0,0,0,0,0,0,4.2,0.01,796.5,15908.4,16704.91,0.0,6.91
2026-06-05T07:51:35.588+00:00,149998,66ec7050-ec57-40ab-8f47-c4287b6aac37,,10,FAULT,0x2080,SENSOR_RANGE|PUMP_CAVITATION,0,1,0,1,1,0,0.0,0.366,0.0,0.0,0.0,0.0,0.0,0.0,0.0,0.41,110.3,1012.7,20.3,8.8,0.0,0.0,0.0,,0.0,0,0,0,0,0,4.2,0.01,796.5,15908.4,16704.91,0.0,-2.8
2026-06-05T07:51:35.763+00:00,150174,66ec7050-ec57-40ab-8f47-c4287b6aac37,,10,FAULT,0x2080,SENSOR_RANGE|PUMP_CAVITATION,0,1,0,1,1,0,0.0,0.659,0.0,0.0,0.0,0.0,0.0,0.0,0.0,-0.56,112.5,1012.8,20.3,8.8,0.0,0.0,0.0,,0.0,0,0,0,0,0,4.2,0.01,796.5,15908.4,16704.91,0.0,-5.51
2026-06-05T07:51:35.937+00:00,150349,66ec7050-ec57-40ab-8f47-c4287b6aac37,,10,FAULT,0x2080,SENSOR_RANGE|PUMP_CAVITATION,0,1,0,1,1,0,0.0,0.855,0.0,0.0,0.0,0.0,0.0,0.0,0.0,0.9,112.5,1012.8,20.3,8.8,0.0,0.0,0.0,,0.0,0,0,0,0,0,4.2,0.01,796.5,15908.4,16704.91,0.0,8.34
2026-06-05T07:51:36.112+00:00,150524,66ec7050-ec57-40ab-8f47-c4287b6aac37,,10,FAULT,0x2080,SENSOR_RANGE|PUMP_CAVITATION,0,1,0,1,1,0,0.0,0.0,0.0,0.0,0.0,0.0,0.0,0.0,0.0,0.65,109.44,1012.8,20.3,8.8,0.0,0.0,0.0,,0.0,0,0,0,0,0,4.2,0.01,796.5,15908.4,16704.91,0.0,-1.43
2026-06-05T07:51:36.288+00:00,150700,66ec7050-ec57-40ab-8f47-c4287b6aac37,,10,FAULT,0x2080,SENSOR_RANGE|PUMP_CAVITATION,0,1,0,1,1,0,0.0,0.0,0.0,0.0,0.0,0.0,0.0,0.0,0.0,0.65,112.5,1012.7,20.3,8.7,0.0,0.0,0.0,,0.0,0,0,0,0,0,4.2,0.01,796.5,15908.4,16704.91,0.0,0.0
2026-06-05T07:51:36.464+00:00,150875,66ec7050-ec57-40ab-8f47-c4287b6aac37,,10,FAULT,0x2080,SENSOR_RANGE|PUMP_CAVITATION,0,1,0,1,1,0,0.0,0.415,0.0,0.0,0.0,0.0,0.0,0.0,0.0,0.0,108.34,1012.8,20.3,8.8,0.0,0.0,0.0,,0.0,0,0,0,0,0,4.2,0.01,796.5,15908.4,16704.91,0.0,-3.71
2026-06-05T07:51:36.637+00:00,151051,66ec7050-ec57-40ab-8f47-c4287b6aac37,,10,FAULT,0x2080,SENSOR_RANGE|PUMP_CAVITATION,0,1,0,1,1,0,0.0,0.0,0.0,0.0,0.0,0.0,0.0,0.0,0.0,0.0,112.5,1012.8,20.3,8.8,0.0,0.0,0.0,,0.0,0,0,0,0,0,4.2,0.01,796.5,15908.4,16704.91,0.0,0.0
2026-06-05T07:51:36.813+00:00,151225,66ec7050-ec57-40ab-8f47-c4287b6aac37,,10,FAULT,0x2080,SENSOR_RANGE|PUMP_CAVITATION,0,1,0,1,1,0,0.0,0.366,0.0,0.0,0.0,0.0,0.0,0.0,0.0,-1.29,109.32,1012.7,20.3,8.8,0.0,0.0,0.0,,0.0,0,0,0,0,0,4.2,0.01,796.5,15908.4,16704.91,0.0,-7.41
2026-06-05T07:51:36.989+00:00,151401,66ec7050-ec57-40ab-8f47-c4287b6aac37,,10,FAULT,0x2080,SENSOR_RANGE|PUMP_CAVITATION,0,1,0,1,1,0,0.0,0.806,0.0,0.0,0.0,0.0,0.0,0.0,0.0,0.0,112.5,1012.8,20.3,8.8,0.0,0.0,0.0,,0.0,0,0,0,0,0,4.2,0.01,796.5,15908.4,16704.91,0.0,7.33
2026-06-05T07:51:37.188+00:00,151576,66ec7050-ec57-40ab-8f47-c4287b6aac37,,10,FAULT,0x2080,SENSOR_RANGE|PUMP_CAVITATION,0,1,0,1,1,0,0.0,1.197,0.0,0.0,0.0,0.0,0.0,0.0,0.0,-1.05,112.5,1012.8,20.3,8.8,0.0,0.0,0.0,,0.0,0,0,0,0,0,4.2,0.01,796.5,15908.4,16704.91,0.0,-6.0
2026-06-05T07:51:37.341+00:00,151752,66ec7050-ec57-40ab-8f47-c4287b6aac37,,10,FAULT,0x2080,SENSOR_RANGE|PUMP_CAVITATION,0,1,0,1,1,0,0.0,0.268,0.0,0.0,0.0,0.0,0.0,0.0,0.0,-0.31,112.5,1012.8,20.3,8.8,0.0,0.0,0.0,,0.0,0,0,0,0,0,4.2,0.01,796.5,15908.4,16704.91,0.0,4.2
2026-06-05T07:51:37.517+00:00,151927,66ec7050-ec57-40ab-8f47-c4287b6aac37,,10,FAULT,0x2080,SENSOR_RANGE|PUMP_CAVITATION,0,1,0,1,1,0,0.0,0.855,0.0,0.0,0.0,0.0,0.0,0.0,0.0,0.0,112.13,1012.8,20.3,8.8,0.0,0.0,0.0,,0.0,0,0,0,0,0,4.2,0.01,796.5,15908.4,16704.91,0.0,1.77
2026-06-05T07:51:37.690+00:00,152102,66ec7050-ec57-40ab-8f47-c4287b6aac37,,10,FAULT,0x2080,SENSOR_RANGE|PUMP_CAVITATION,0,1,0,1,1,0,0.0,0.0,0.0,0.0,0.0,0.0,0.0,0.0,0.0,-0.56,111.15,1012.8,20.3,8.8,0.0,0.0,0.0,,0.0,0,0,0,0,0,4.2,0.01,796.5,15908.4,16704.91,0.0,-3.2
2026-06-05T07:51:37.908+00:00,152278,66ec7050-ec57-40ab-8f47-c4287b6aac37,,10,FAULT,0x2080,SENSOR_RANGE|PUMP_CAVITATION,0,1,0,1,1,0,0.0,0.0,0.0,0.0,0.0,0.0,0.0,0.0,0.0,-1.53,108.95,1012.8,20.3,8.8,0.0,0.0,0.0,,0.0,0,0,0,0,0,4.2,0.01,796.5,15908.4,16704.91,0.0,-5.51
2026-06-05T07:51:38.042+00:00,152453,66ec7050-ec57-40ab-8f47-c4287b6aac37,,10,FAULT,0x2080,SENSOR_RANGE|PUMP_CAVITATION,0,1,0,1,1,0,0.0,0.708,0.0,0.0,0.0,0.0,0.0,0.0,0.0,-1.29,112.5,1012.8,20.3,8.8,0.0,0.0,0.0,,0.0,0,0,0,0,0,4.2,0.01,796.5,15908.4,16704.91,0.0,1.37
2026-06-05T07:51:38.218+00:00,152629,66ec7050-ec57-40ab-8f47-c4287b6aac37,,10,FAULT,0x2080,SENSOR_RANGE|PUMP_CAVITATION,0,1,0,1,1,0,0.0,0.024,0.0,0.0,0.0,0.0,0.0,0.0,0.0,-0.8,111.76,1012.7,20.3,8.8,0.0,0.0,0.0,,0.0,0,0,0,0,0,4.2,0.01,796.5,15908.4,16704.91,0.0,2.78
2026-06-05T07:51:38.394+00:00,152804,66ec7050-ec57-40ab-8f47-c4287b6aac37,,10,FAULT,0x2080,SENSOR_RANGE|PUMP_CAVITATION,0,1,0,1,1,0,0.0,0.464,0.0,0.0,0.0,0.0,0.0,0.0,0.0,-0.8,111.27,1012.7,20.3,8.8,0.0,0.0,0.0,,0.0,0,0,0,0,0,4.2,0.01,796.5,15908.4,16704.91,0.0,0.0
2026-06-05T07:51:38.606+00:00,152979,66ec7050-ec57-40ab-8f47-c4287b6aac37,,10,FAULT,0x2080,SENSOR_RANGE|PUMP_CAVITATION,0,1,0,1,1,0,0.0,0.415,0.0,0.0,0.0,0.0,0.0,0.0,0.0,0.0,110.66,1012.8,20.3,8.8,0.0,0.0,0.0,,0.0,0,0,0,0,0,4.2,0.01,796.5,15908.4,16704.91,0.0,4.57
2026-06-05T07:51:38.746+00:00,153154,66ec7050-ec57-40ab-8f47-c4287b6aac37,,10,FAULT,0x2080,SENSOR_RANGE|PUMP_CAVITATION,0,1,0,1,1,0,0.0,0.024,0.0,0.0,0.0,0.0,0.0,0.0,0.0,1.88,108.22,1012.8,20.3,8.8,0.0,0.0,0.0,,0.0,0,0,0,0,0,4.2,0.01,796.5,15908.4,16704.91,0.0,10.74
2026-06-05T07:51:38.919+00:00,153330,66ec7050-ec57-40ab-8f47-c4287b6aac37,,10,FAULT,0x2080,SENSOR_RANGE|PUMP_CAVITATION,0,1,0,1,1,0,0.0,0.366,0.0,0.0,0.0,0.0,0.0,0.0,0.0,-0.56,112.5,1012.8,20.3,8.8,0.0,0.0,0.0,,0.0,0,0,0,0,0,4.2,0.01,796.5,15908.4,16704.91,0.0,-13.86
2026-06-05T07:51:39.095+00:00,153505,66ec7050-ec57-40ab-8f47-c4287b6aac37,,10,FAULT,0x2080,SENSOR_RANGE|PUMP_CAVITATION,0,1,0,1,1,0,0.0,0.0,0.0,0.0,0.0,0.0,0.0,0.0,0.0,0.41,107.49,1012.8,20.3,8.8,0.0,0.0,0.0,,0.0,0,0,0,0,0,4.2,0.01,796.5,15908.4,16704.91,0.0,5.54
2026-06-05T07:51:39.306+00:00,153680,66ec7050-ec57-40ab-8f47-c4287b6aac37,,10,FAULT,0x2080,SENSOR_RANGE|PUMP_CAVITATION,0,1,0,1,1,0,0.0,0.171,0.0,0.0,0.0,0.0,0.0,0.0,0.0,-0.31,112.5,1012.7,20.3,8.7,0.0,0.0,0.0,,0.0,0,0,0,0,0,4.2,0.01,796.5,15908.4,16704.91,0.0,-4.11
2026-06-05T07:51:39.446+00:00,153857,66ec7050-ec57-40ab-8f47-c4287b6aac37,,10,FAULT,0x2080,SENSOR_RANGE|PUMP_CAVITATION,0,1,0,1,1,0,0.0,0.268,0.0,0.0,0.0,0.0,0.0,0.0,0.0,-0.56,110.17,1012.8,20.3,8.8,0.0,0.0,0.0,,0.0,0,0,0,0,0,4.2,0.01,796.5,15908.4,16704.91,0.0,-1.41
2026-06-05T07:51:39.622+00:00,154032,66ec7050-ec57-40ab-8f47-c4287b6aac37,,10,FAULT,0x2080,SENSOR_RANGE|PUMP_CAVITATION,0,1,0,1,1,0,0.0,0.757,0.0,0.0,0.0,0.0,0.0,0.0,0.0,-0.8,112.5,1012.7,20.3,8.8,0.0,0.0,0.0,,0.0,0,0,0,0,0,4.2,0.01,796.5,15908.4,16704.91,0.0,-1.37
2026-06-05T07:51:39.808+00:00,154207,66ec7050-ec57-40ab-8f47-c4287b6aac37,,10,FAULT,0x2080,SENSOR_RANGE|PUMP_CAVITATION,0,1,0,1,1,0,0.0,0.219,0.0,0.0,0.0,0.0,0.0,0.0,0.0,-0.56,109.2,1012.8,20.3,8.8,0.0,0.0,0.0,,0.0,0,0,0,0,0,4.2,0.01,796.5,15908.4,16704.91,0.0,1.37
2026-06-05T07:51:40.004+00:00,154383,66ec7050-ec57-40ab-8f47-c4287b6aac37,,10,FAULT,0x2080,SENSOR_RANGE|PUMP_CAVITATION,0,1,0,1,1,0,0.0,0.659,0.0,0.0,0.0,0.0,0.0,0.0,0.0,-1.53,112.5,1012.8,20.3,8.8,0.0,0.0,0.0,,0.0,0,0,0,0,0,4.2,0.01,796.5,15908.4,16704.91,0.0,-5.51
2026-06-05T07:51:40.147+00:00,154558,66ec7050-ec57-40ab-8f47-c4287b6aac37,,10,FAULT,0x2080,SENSOR_RANGE|PUMP_CAVITATION,0,1,0,1,1,0,0.0,0.0,0.0,0.0,0.0,0.0,0.0,0.0,0.0,1.14,108.46,1012.8,20.3,8.8,0.0,0.0,0.0,,0.0,0,0,0,0,0,4.2,0.01,796.5,15908.4,16704.91,0.0,15.26
2026-06-05T07:51:40.323+00:00,154733,66ec7050-ec57-40ab-8f47-c4287b6aac37,,10,FAULT,0x2080,SENSOR_RANGE|PUMP_CAVITATION,0,1,0,1,1,0,0.0,0.0,0.0,0.0,0.0,0.0,0.0,0.0,0.0,1.88,109.93,1012.7,20.3,8.8,0.0,0.0,0.0,,0.0,0,0,0,0,0,4.2,0.01,796.5,15908.4,16704.91,0.0,4.23
2026-06-05T07:51:40.507+00:00,154908,66ec7050-ec57-40ab-8f47-c4287b6aac37,,10,FAULT,0x2080,SENSOR_RANGE|PUMP_CAVITATION,0,1,0,1,1,0,0.0,0.171,0.0,0.0,0.0,0.0,0.0,0.0,0.0,0.9,109.44,1012.8,20.3,8.8,0.0,0.0,0.0,,0.0,0,0,0,0,0,4.2,0.01,796.5,15908.4,16704.91,0.0,-5.6
2026-06-05T07:51:40.701+00:00,155083,66ec7050-ec57-40ab-8f47-c4287b6aac37,,10,FAULT,0x2080,SENSOR_RANGE|PUMP_CAVITATION,0,1,0,1,1,0,0.0,0.0,0.0,0.0,0.0,0.0,0.0,0.0,0.0,0.65,109.44,1012.8,20.3,8.8,0.0,0.0,0.0,,0.0,0,0,0,0,0,4.2,0.01,796.5,15908.4,16704.91,0.0,-1.43
2026-06-05T07:51:40.851+00:00,155258,66ec7050-ec57-40ab-8f47-c4287b6aac37,,10,FAULT,0x2080,SENSOR_RANGE|PUMP_CAVITATION,0,1,0,1,1,0,0.0,0.0,0.0,0.0,0.0,0.0,0.0,0.0,0.0,2.37,110.91,1012.8,20.3,8.8,0.0,0.0,0.0,,0.0,0,0,0,0,0,4.2,0.01,796.5,15908.4,16704.91,0.0,9.83
2026-06-05T07:51:41.027+00:00,155435,66ec7050-ec57-40ab-8f47-c4287b6aac37,,10,FAULT,0x2080,SENSOR_RANGE|PUMP_CAVITATION,0,1,0,1,1,0,0.0,0.562,0.0,0.0,0.0,0.0,0.0,0.0,0.0,-0.56,109.68,1012.7,20.3,8.8,0.0,0.0,0.0,,0.0,0,0,0,0,0,4.2,0.01,796.5,15908.4,16704.91,0.0,-16.55
2026-06-05T07:51:41.204+00:00,155610,66ec7050-ec57-40ab-8f47-c4287b6aac37,,10,FAULT,0x2080,SENSOR_RANGE|PUMP_CAVITATION,0,1,0,1,1,0,0.0,0.953,0.0,0.0,0.0,0.0,0.0,0.0,0.0,0.0,112.5,1012.7,20.3,8.8,0.0,0.0,0.0,,0.0,0,0,0,0,0,4.2,0.01,796.5,15908.4,16704.91,0.0,3.2
2026-06-05T07:51:41.397+00:00,155785,66ec7050-ec57-40ab-8f47-c4287b6aac37,,10,FAULT,0x2080,SENSOR_RANGE|PUMP_CAVITATION,0,1,0,1,1,0,0.0,0.0,0.0,0.0,0.0,0.0,0.0,0.0,0.0,1.88,107.24,1012.8,20.3,8.8,0.0,0.0,0.0,,0.0,0,0,0,0,0,4.2,0.01,796.5,15908.4,16704.91,0.0,10.74
2026-06-05T07:51:41.552+00:00,155960,66ec7050-ec57-40ab-8f47-c4287b6aac37,,10,FAULT,0x2080,SENSOR_RANGE|PUMP_CAVITATION,0,1,0,1,1,0,0.0,0.513,0.0,0.0,0.0,0.0,0.0,0.0,0.0,-1.29,112.5,1012.8,20.3,8.8,0.0,0.0,0.0,,0.0,0,0,0,0,0,4.2,0.01,796.5,15908.4,16704.91,0.0,-18.11
2026-06-05T07:51:41.728+00:00,156136,66ec7050-ec57-40ab-8f47-c4287b6aac37,,10,FAULT,0x2080,SENSOR_RANGE|PUMP_CAVITATION,0,1,0,1,1,0,0.0,0.806,0.0,0.0,0.0,0.0,0.0,0.0,0.0,-0.31,111.76,1012.8,20.3,8.8,0.0,0.0,0.0,,0.0,0,0,0,0,0,4.2,0.01,796.5,15908.4,16704.91,0.0,5.57
2026-06-05T07:51:41.904+00:00,156311,66ec7050-ec57-40ab-8f47-c4287b6aac37,,10,FAULT,0x2080,SENSOR_RANGE|PUMP_CAVITATION,0,1,0,1,1,0,0.0,0.0,0.0,0.0,0.0,0.0,0.0,0.0,0.0,0.41,112.13,1012.8,20.3,8.8,0.0,0.0,0.0,,0.0,0,0,0,0,0,4.2,0.01,796.5,15908.4,16704.91,0.0,4.11
2026-06-05T07:51:42.090+00:00,156486,66ec7050-ec57-40ab-8f47-c4287b6aac37,,10,FAULT,0x2080,SENSOR_RANGE|PUMP_CAVITATION,0,1,0,1,1,0,0.0,0.806,0.0,0.0,0.0,0.0,0.0,0.0,0.0,-0.56,110.54,1012.7,20.3,8.8,0.0,0.0,0.0,,0.0,0,0,0,0,0,4.2,0.01,796.5,15908.4,16704.91,0.0,-5.54
2026-06-05T07:51:42.256+00:00,156661,66ec7050-ec57-40ab-8f47-c4287b6aac37,,10,FAULT,0x2080,SENSOR_RANGE|PUMP_CAVITATION,0,1,0,1,1,0,0.0,1.148,0.0,0.0,0.0,0.0,0.0,0.0,0.0,-1.53,112.5,1012.7,20.3,8.8,0.0,0.0,0.0,,0.0,0,0,0,0,0,4.2,0.01,796.5,15908.4,16704.91,0.0,-5.54
2026-06-05T07:51:42.432+00:00,156837,66ec7050-ec57-40ab-8f47-c4287b6aac37,,10,FAULT,0x2080,SENSOR_RANGE|PUMP_CAVITATION,0,1,0,1,1,0,0.0,0.219,0.0,0.0,0.0,0.0,0.0,0.0,0.0,-1.78,109.07,1012.8,20.3,8.8,0.0,0.0,0.0,,0.0,0,0,0,0,0,4.2,0.01,796.5,15908.4,16704.91,0.0,-1.42
2026-06-05T07:51:42.608+00:00,157012,66ec7050-ec57-40ab-8f47-c4287b6aac37,,10,FAULT,0x2080,SENSOR_RANGE|PUMP_CAVITATION,0,1,0,1,0,0,0.0,0.806,0.0,0.0,0.0,0.0,0.0,0.0,0.0,0.0,112.5,1012.8,20.3,8.8,0.0,0.0,0.0,,0.0,0,0,0,0,0,4.2,0.01,796.5,15908.4,16704.91,0.0,10.17
2026-06-05T07:51:42.841+00:00,157188,66ec7050-ec57-40ab-8f47-c4287b6aac37,,10,FAULT,0x2080,SENSOR_RANGE|PUMP_CAVITATION,0,1,0,1,0,0,0.0,0.757,0.0,0.0,0.0,0.0,0.0,0.0,0.0,0.65,112.5,1012.8,20.3,8.8,0.0,0.0,0.0,,0.0,0,0,0,0,0,4.2,0.01,796.5,15908.4,16704.91,0.0,3.69
2026-06-05T07:51:42.957+00:00,157364,66ec7050-ec57-40ab-8f47-c4287b6aac37,,10,FAULT,0x2080,SENSOR_RANGE|PUMP_CAVITATION,0,1,0,1,0,0,0.0,1.295,0.0,0.0,0.0,0.0,0.0,0.0,0.0,0.0,112.5,1012.8,20.3,8.8,0.0,0.0,0.0,,0.0,0,0,0,0,0,4.2,0.01,796.5,15908.4,16704.91,0.0,-3.69
2026-06-05T07:51:43.133+00:00,157539,66ec7050-ec57-40ab-8f47-c4287b6aac37,,10,FAULT,0x2080,SENSOR_RANGE|PUMP_CAVITATION,0,1,0,1,0,0,0.0,0.415,0.0,0.0,0.0,0.0,0.0,0.0,0.0,-0.8,112.5,1012.8,20.3,8.8,0.0,0.0,0.0,,0.0,0,0,0,0,0,4.2,0.01,796.5,15908.4,16704.91,0.0,-4.57
2026-06-05T07:51:43.309+00:00,157714,66ec7050-ec57-40ab-8f47-c4287b6aac37,,10,FAULT,0x2080,SENSOR_RANGE|PUMP_CAVITATION,0,1,0,1,0,0,0.0,0.659,0.0,0.0,0.0,0.0,0.0,0.0,0.0,-0.8,112.5,1012.8,20.3,8.8,0.0,0.0,0.0,,0.0,0,0,0,0,0,4.2,0.01,796.5,15908.4,16704.91,0.0,0.0
2026-06-05T07:51:43.538+00:00,157890,66ec7050-ec57-40ab-8f47-c4287b6aac37,,10,FAULT,0x2080,SENSOR_RANGE|PUMP_CAVITATION,0,1,0,1,0,0,0.0,1.148,0.0,0.0,0.0,0.0,0.0,0.0,0.0,2.12,111.4,1012.7,20.3,8.8,0.0,0.0,0.0,,0.0,0,0,0,0,0,4.2,0.01,796.5,15908.4,16704.91,0.0,16.59
2026-06-05T07:51:43.661+00:00,158065,66ec7050-ec57-40ab-8f47-c4287b6aac37,,10,FAULT,0x2080,SENSOR_RANGE|PUMP_CAVITATION,0,1,0,1,0,0,0.0,0.171,0.0,0.0,0.0,0.0,0.0,0.0,0.0,0.41,109.2,1012.8,20.3,8.8,0.0,0.0,0.0,,0.0,0,0,0,0,0,4.2,0.01,796.5,15908.4,16704.91,0.0,-9.77
2026-06-05T07:51:43.834+00:00,158240,66ec7050-ec57-40ab-8f47-c4287b6aac37,,10,FAULT,0x2080,SENSOR_RANGE|PUMP_CAVITATION,0,1,0,1,0,0,0.0,0.855,0.0,0.0,0.0,0.0,0.0,0.0,0.0,-0.8,112.5,1012.8,20.3,8.8,0.0,0.0,0.0,,0.0,0,0,0,0,0,4.2,0.01,796.5,15908.4,16704.91,0.0,-6.91
2026-06-05T07:51:44.010+00:00,158416,66ec7050-ec57-40ab-8f47-c4287b6aac37,,10,FAULT,0x2080,SENSOR_RANGE|PUMP_CAVITATION,0,1,0,1,0,0,0.0,0.024,0.0,0.0,0.0,0.0,0.0,0.0,0.0,0.0,106.26,1012.7,20.3,8.8,0.0,0.0,0.0,,0.0,0,0,0,0,0,4.2,0.01,796.5,15908.4,16704.91,0.0,4.55
2026-06-05T07:51:44.235+00:00,158592,66ec7050-ec57-40ab-8f47-c4287b6aac37,,10,FAULT,0x2080,SENSOR_RANGE|PUMP_CAVITATION,0,1,0,1,0,0,0.0,0.171,0.0,0.0,0.0,0.0,0.0,0.0,0.0,0.0,112.5,1012.7,20.3,8.8,0.0,0.0,0.0,,0.0,0,0,0,0,0,4.2,0.01,796.5,15908.4,16704.91,0.0,0.0
2026-06-05T07:51:44.361+00:00,158767,66ec7050-ec57-40ab-8f47-c4287b6aac37,,10,FAULT,0x2080,SENSOR_RANGE|PUMP_CAVITATION,0,1,0,0,0,0,0.0,0.122,0.0,0.0,0.0,0.0,0.0,0.0,0.0,-1.05,109.32,1012.8,20.3,8.8,0.0,0.0,0.0,,0.0,0,0,0,0,0,4.2,0.01,796.5,15908.4,16704.91,0.0,-6.0
2026-06-05T07:51:44.538+00:00,158942,66ec7050-ec57-40ab-8f47-c4287b6aac37,,10,FAULT,0x2080,SENSOR_RANGE|PUMP_CAVITATION,0,1,0,0,0,0,0.0,1.246,0.0,0.0,0.0,0.0,0.0,0.0,0.0,-0.56,112.5,1012.8,20.3,8.8,0.0,0.0,0.0,,0.0,0,0,0,0,0,4.2,0.01,796.5,15908.4,16704.91,0.0,2.8
2026-06-05T07:51:44.713+00:00,159118,66ec7050-ec57-40ab-8f47-c4287b6aac37,,10,FAULT,0x2080,SENSOR_RANGE|PUMP_CAVITATION,0,1,0,0,0,0,0.0,0.0,0.0,0.0,0.0,0.0,0.0,0.0,0.0,-0.8,108.34,1012.8,20.3,8.8,0.0,0.0,0.0,,0.0,0,0,0,0,0,4.2,0.01,796.5,15908.4,16704.91,0.0,-1.36
2026-06-05T07:51:44.886+00:00,159293,66ec7050-ec57-40ab-8f47-c4287b6aac37,,10,FAULT,0x2080,SENSOR_RANGE|PUMP_CAVITATION,0,0,0,0,0,0,0.0,0.513,0.0,0.0,0.0,0.0,0.0,0.0,0.0,0.41,112.5,1012.8,20.3,8.8,0.0,0.0,0.0,,0.0,0,0,0,0,0,4.2,0.01,796.5,15908.4,16704.91,0.0,6.91
2026-06-05T07:51:45.062+00:00,159468,66ec7050-ec57-40ab-8f47-c4287b6aac37,,10,FAULT,0x2080,SENSOR_RANGE|PUMP_CAVITATION,0,0,0,0,0,0,0.0,0.904,0.0,0.0,0.0,0.0,0.0,0.0,0.0,-0.31,112.25,1012.8,20.3,8.8,0.0,0.0,0.0,,0.0,0,0,0,0,0,4.2,0.01,796.5,15908.4,16704.91,0.0,-4.11
2026-06-05T07:51:45.239+00:00,159644,66ec7050-ec57-40ab-8f47-c4287b6aac37,,10,FAULT,0x2080,SENSOR_RANGE|PUMP_CAVITATION,0,0,0,0,0,0,0.0,0.659,0.0,0.0,0.0,0.0,0.0,0.0,0.0,1.39,111.03,1012.8,20.3,8.8,0.0,0.0,0.0,,0.0,0,0,0,0,0,4.2,0.01,796.5,15908.4,16704.91,0.0,9.66
2026-06-05T07:51:45.414+00:00,159819,66ec7050-ec57-40ab-8f47-c4287b6aac37,,10,FAULT,0x2080,SENSOR_RANGE|PUMP_CAVITATION,0,0,0,0,0,0,0.0,0.0,0.0,0.0,0.0,0.0,0.0,0.0,0.0,-1.29,110.54,1012.8,20.3,8.8,0.0,0.0,0.0,,0.0,0,0,0,0,0,4.2,0.01,796.5,15908.4,16704.91,0.0,-15.31
2026-06-05T07:51:45.590+00:00,159994,66ec7050-ec57-40ab-8f47-c4287b6aac37,,10,FAULT,0x2080,SENSOR_RANGE|PUMP_CAVITATION,0,0,0,0,0,0,0.0,0.317,0.0,0.0,0.0,0.0,0.0,0.0,0.0,-2.27,111.52,1012.8,20.3,8.8,0.0,0.0,0.0,,0.0,0,0,0,0,0,4.2,0.01,796.5,15908.4,16704.91,0.0,-5.6
2026-06-05T07:51:45.766+00:00,160169,66ec7050-ec57-40ab-8f47-c4287b6aac37,,10,FAULT,0x2080,SENSOR_RANGE|PUMP_CAVITATION,0,0,0,0,0,0,0.0,1.05,0.0,0.0,0.0,0.0,0.0,0.0,0.0,-0.31,112.5,1012.8,20.3,8.8,0.0,0.0,0.0,,0.0,0,0,0,0,0,4.2,0.01,796.5,15908.4,16704.91,0.0,11.2
2026-06-05T07:51:45.942+00:00,160346,66ec7050-ec57-40ab-8f47-c4287b6aac37,,10,FAULT,0x2080,SENSOR_RANGE|PUMP_CAVITATION,0,0,0,0,0,0,0.0,0.806,0.0,0.0,0.0,0.0,0.0,0.0,0.0,1.14,107.36,1012.8,20.3,8.8,0.0,0.0,0.0,,0.0,0,0,0,0,0,4.2,0.01,796.5,15908.4,16704.91,0.0,8.19
2026-06-05T07:51:46.118+00:00,160522,66ec7050-ec57-40ab-8f47-c4287b6aac37,,2,ARMED_IDLE,0x0000,NONE,0,1,0,0,0,0,0.0,0.317,0.0,0.0,0.0,0.0,0.0,0.0,0.0,-1.53,112.5,1012.7,20.3,8.8,0.0,0.0,0.0,,0.0,0,0,0,0,0,4.2,0.01,796.5,15908.4,16704.91,0.0,-15.17
2026-06-05T07:51:46.291+00:00,160697,66ec7050-ec57-40ab-8f47-c4287b6aac37,,2,ARMED_IDLE,0x0000,NONE,0,1,0,0,0,0,0.0,0.61,0.0,0.0,0.0,0.0,0.0,0.0,0.0,-1.29,110.66,1012.7,20.3,8.8,0.0,0.0,0.0,,0.0,0,0,0,0,0,4.2,0.01,796.5,15908.4,16704.91,0.0,1.37
2026-06-05T07:51:46.467+00:00,160872,66ec7050-ec57-40ab-8f47-c4287b6aac37,,2,ARMED_IDLE,0x0000,NONE,0,1,0,0,0,0,0.0,0.659,0.0,0.0,0.0,0.0,0.0,0.0,0.0,-0.56,112.5,1012.8,20.3,8.8,0.0,0.0,0.0,,0.0,0,0,0,0,0,4.2,0.01,796.5,15908.4,16704.91,0.0,4.17
2026-06-05T07:51:46.643+00:00,161046,66ec7050-ec57-40ab-8f47-c4287b6aac37,,2,ARMED_IDLE,0x0000,NONE,0,1,0,0,0,0,0.0,0.562,0.0,0.0,0.0,0.0,0.0,0.0,0.0,-1.05,110.42,1012.8,20.3,8.8,0.0,0.0,0.0,,0.0,0,0,0,0,0,4.2,0.01,796.5,15908.4,16704.91,0.0,-2.82
2026-06-05T07:51:46.819+00:00,161221,66ec7050-ec57-40ab-8f47-c4287b6aac37,,2,ARMED_IDLE,0x0000,NONE,0,1,0,0,0,0,0.0,0.268,0.0,0.0,0.0,0.0,0.0,0.0,0.0,-1.29,112.5,1012.7,20.3,8.8,0.0,0.0,0.0,,0.0,0,0,0,0,0,4.2,0.01,796.5,15908.4,16704.91,0.0,-1.37
2026-06-05T07:51:46.991+00:00,161397,66ec7050-ec57-40ab-8f47-c4287b6aac37,,2,ARMED_IDLE,0x0000,NONE,0,1,0,0,0,0,0.0,0.0,0.0,0.0,0.0,0.0,0.0,0.0,0.0,0.0,106.75,1012.8,20.3,8.8,0.0,0.0,0.0,,0.0,0,0,0,0,0,4.2,0.01,796.5,15908.4,16704.91,0.0,7.33
2026-06-05T07:51:47.168+00:00,161571,66ec7050-ec57-40ab-8f47-c4287b6aac37,,2,ARMED_IDLE,0x0000,NONE,0,1,0,0,0,0,0.0,0.0,0.0,0.0,0.0,0.0,0.0,0.0,0.0,0.65,112.5,1012.8,20.3,8.8,0.0,0.0,0.0,,0.0,0,0,0,0,0,4.2,0.01,796.5,15908.4,16704.91,0.0,3.74
2026-06-05T07:51:47.343+00:00,161746,66ec7050-ec57-40ab-8f47-c4287b6aac37,,2,ARMED_IDLE,0x0000,NONE,0,1,0,0,0,0,0.0,0.513,0.0,0.0,0.0,0.0,0.0,0.0,0.0,-1.53,110.17,1012.7,20.3,8.8,0.0,0.0,0.0,,0.0,0,0,0,0,0,4.2,0.01,796.5,15908.4,16704.91,0.0,-12.46
2026-06-05T07:51:47.519+00:00,161922,66ec7050-ec57-40ab-8f47-c4287b6aac37,,2,ARMED_IDLE,0x0000,NONE,0,1,0,0,0,0,0.0,0.122,0.0,0.0,0.0,0.0,0.0,0.0,0.0,-2.27,112.5,1012.8,20.3,8.8,0.0,0.0,0.0,,0.0,0,0,0,0,0,4.2,0.01,796.5,15908.4,16704.91,0.0,-4.2
2026-06-05T07:51:47.692+00:00,162097,66ec7050-ec57-40ab-8f47-c4287b6aac37,,2,ARMED_IDLE,0x0000,NONE,0,1,0,1,0,0,0.0,0.415,0.0,0.0,0.0,0.0,0.0,0.0,0.0,0.0,108.83,1012.8,20.3,8.8,0.0,0.0,0.0,,0.0,0,0,0,0,0,4.2,0.01,796.5,15908.4,16704.91,0.0,12.97
2026-06-05T07:51:47.928+00:00,162271,66ec7050-ec57-40ab-8f47-c4287b6aac37,,2,ARMED_IDLE,0x0000,NONE,0,1,0,1,0,0,0.0,0.0,0.0,0.0,0.0,0.0,0.0,0.0,0.0,0.9,112.5,1012.8,20.3,8.8,0.0,0.0,0.0,,0.0,0,0,0,0,0,4.2,0.01,796.5,15908.4,16704.91,0.0,5.17
2026-06-05T07:51:48.108+00:00,162446,66ec7050-ec57-40ab-8f47-c4287b6aac37,,2,ARMED_IDLE,0x0000,NONE,0,1,0,1,0,0,0.0,0.0,0.0,0.0,0.0,0.0,0.0,0.0,0.0,0.41,107.12,1012.7,20.3,8.8,0.0,0.0,0.0,,0.0,0,0,0,0,0,4.2,0.01,796.5,15908.4,16704.91,0.0,-2.8
2026-06-05T07:51:48.222+00:00,162621,66ec7050-ec57-40ab-8f47-c4287b6aac37,,2,ARMED_IDLE,0x0000,NONE,0,1,0,1,0,0,0.0,0.757,0.0,0.0,0.0,0.0,0.0,0.0,0.0,0.0,112.5,1012.7,20.3,8.8,0.0,0.0,0.0,,0.0,0,0,0,0,0,4.2,0.01,796.5,15908.4,16704.91,0.0,-2.34
2026-06-05T07:51:48.392+00:00,162796,66ec7050-ec57-40ab-8f47-c4287b6aac37,,2,ARMED_IDLE,0x0000,NONE,0,1,0,1,0,0,0.0,0.073,0.0,0.0,0.0,0.0,0.0,0.0,0.0,0.9,108.83,1012.8,20.3,8.8,0.0,0.0,0.0,,0.0,0,0,0,0,0,4.2,0.01,796.5,15908.4,16704.91,0.0,5.14
2026-06-05T07:51:48.637+00:00,162970,66ec7050-ec57-40ab-8f47-c4287b6aac37,,2,ARMED_IDLE,0x0000,NONE,0,1,0,1,0,0,0.0,1.148,0.0,0.0,0.0,0.0,0.0,0.0,0.0,-1.05,112.5,1012.8,20.3,8.8,0.0,0.0,0.0,,0.0,0,0,0,0,0,4.2,0.01,796.5,15908.4,16704.91,0.0,-11.21
2026-06-05T07:51:48.814+00:00,163145,66ec7050-ec57-40ab-8f47-c4287b6aac37,,2,ARMED_IDLE,0x0000,NONE,0,1,0,1,0,0,0.0,0.0,0.0,0.0,0.0,0.0,0.0,0.0,0.0,-0.31,107.97,1012.8,20.3,8.8,0.0,0.0,0.0,,0.0,0,0,0,0,0,4.2,0.01,796.5,15908.4,16704.91,0.0,4.23
2026-06-05T07:51:48.920+00:00,163320,66ec7050-ec57-40ab-8f47-c4287b6aac37,,2,ARMED_IDLE,0x0000,NONE,0,1,0,1,0,0,0.0,0.513,0.0,0.0,0.0,0.0,0.0,0.0,0.0,1.14,112.13,1012.7,20.3,8.8,0.0,0.0,0.0,,0.0,0,0,0,0,0,4.2,0.01,796.5,15908.4,16704.91,0.0,8.29
2026-06-05T07:51:49.093+00:00,163495,66ec7050-ec57-40ab-8f47-c4287b6aac37,,2,ARMED_IDLE,0x0000,NONE,0,1,0,1,0,0,0.0,0.0,0.0,0.0,0.0,0.0,0.0,0.0,0.0,2.12,108.34,1012.7,20.3,8.8,0.0,0.0,0.0,,0.0,0,0,0,0,0,4.2,0.01,796.5,15908.4,16704.91,0.0,5.6
2026-06-05T07:51:49.345+00:00,163671,66ec7050-ec57-40ab-8f47-c4287b6aac37,,2,ARMED_IDLE,0x0000,NONE,0,1,0,1,0,0,0.0,0.855,0.0,0.0,0.0,0.0,0.0,0.0,0.0,1.14,112.01,1012.8,20.3,8.8,0.0,0.0,0.0,,0.0,0,0,0,0,0,4.2,0.01,796.5,15908.4,16704.91,0.0,-5.57
2026-06-05T07:51:49.471+00:00,163846,66ec7050-ec57-40ab-8f47-c4287b6aac37,,2,ARMED_IDLE,0x0000,NONE,0,1,0,1,0,0,0.0,1.392,0.0,0.0,0.0,0.0,0.0,0.0,0.0,-0.31,112.5,1012.7,20.3,8.7,0.0,0.0,0.0,,0.0,0,0,0,0,0,4.2,0.01,796.5,15908.4,16704.91,0.0,-8.29
2026-06-05T07:51:49.591+00:00,163992,66ec7050-ec57-40ab-8f47-c4287b6aac37,,4,CHARGE_WATER,0x0000,NONE,0,1,0,1,1,0,0.0,0.122,0.0,0.0,0.0,0.0,0.0,0.0,0.0,-0.56,112.5,1012.8,20.3,8.8,0.0,0.0,0.0,,0.0,0,1,0,0,0,4.2,0.01,796.5,15908.4,16704.91,0.0,-1.71
2026-06-05T07:51:49.767+00:00,164166,66ec7050-ec57-40ab-8f47-c4287b6aac37,,10,FAULT,0x2000,PUMP_CAVITATION,0,1,0,1,1,0,0.0,0.757,0.0,1.021,0.0,122.52,91.89,0.0,0.0,-1.05,112.5,506.0,-455.5,-509.4,0.0,0.0,0.0,,0.0,0,0,0,0,0,4.2,0.01,812.49,15908.4,16720.9,0.0,-2.82
2026-06-05T07:51:49.947+00:00,164342,66ec7050-ec57-40ab-8f47-c4287b6aac37,,10,FAULT,0x2000,PUMP_CAVITATION,0,1,0,1,1,0,0.0,0.0,0.0,1.03,1.125,123.6,92.7,135.0,101.25,1.14,112.5,1012.8,20.3,8.8,0.0,0.0,0.0,,0.0,0,0,0,0,0,4.2,0.01,828.81,15926.22,16755.03,0.0,12.44
2026-06-05T07:51:50.141+00:00,164518,66ec7050-ec57-40ab-8f47-c4287b6aac37,,10,FAULT,0x2000,PUMP_CAVITATION,0,1,0,1,1,0,0.0,1.197,0.0,1.025,1.191,123.0,92.25,142.92,107.19,0.0,112.5,1012.8,20.3,8.8,0.0,0.0,0.0,,0.0,0,0,0,0,0,4.2,0.01,845.04,15945.09,16790.13,0.0,-6.48
2026-06-05T07:51:50.296+00:00,164695,66ec7050-ec57-40ab-8f47-c4287b6aac37,,10,FAULT,0x2000,PUMP_CAVITATION,0,1,0,1,1,0,0.0,0.562,0.0,1.026,1.218,123.12,92.34,146.16,109.62,-0.31,111.76,1012.7,20.3,8.8,0.0,0.0,0.0,,0.0,0,0,0,0,0,4.2,0.01,861.39,15964.49,16825.88,0.0,-1.75
2026-06-05T07:51:50.472+00:00,164871,66ec7050-ec57-40ab-8f47-c4287b6aac37,,10,FAULT,0x2000,PUMP_CAVITATION,0,1,0,1,1,0,0.0,0.317,0.0,1.024,1.236,122.88,92.16,148.32,111.24,0.41,112.5,1012.8,20.3,8.8,0.0,0.0,0.0,,0.0,0,0,0,0,0,4.2,0.01,877.61,15984.07,16861.68,0.0,4.09
2026-06-05T07:51:50.648+00:00,165046,66ec7050-ec57-40ab-8f47-c4287b6aac37,,10,FAULT,0x2000,PUMP_CAVITATION,0,1,0,1,1,0,0.0,1.148,0.0,1.026,1.241,123.12,92.34,148.92,111.69,1.63,112.5,1012.8,20.3,8.8,0.0,0.0,0.0,,0.0,0,0,0,0,0,4.2,0.01,893.77,16003.62,16897.38,0.0,6.97
2026-06-05T07:51:50.836+00:00,165222,66ec7050-ec57-40ab-8f47-c4287b6aac37,,10,FAULT,0x2000,PUMP_CAVITATION,0,1,0,1,1,0,0.0,0.171,0.0,1.023,1.242,122.76,92.07,149.04,111.78,-0.8,107.61,1012.8,20.3,8.8,0.0,0.0,0.0,,0.0,0,0,0,0,0,4.2,0.01,909.97,16023.29,16933.26,0.0,-13.81
2026-06-05T07:51:51.000+00:00,165399,66ec7050-ec57-40ab-8f47-c4287b6aac37,,10,FAULT,0x2000,PUMP_CAVITATION,0,1,0,1,1,0,0.0,1.148,0.0,1.023,1.242,122.76,92.07,149.04,111.78,0.41,112.5,1012.7,20.3,8.7,0.0,0.0,0.0,,0.0,0,0,0,0,0,4.2,0.01,926.27,16043.07,16969.34,0.0,6.84
2026-06-05T07:51:51.177+00:00,165574,66ec7050-ec57-40ab-8f47-c4287b6aac37,,10,FAULT,0x2000,PUMP_CAVITATION,0,1,0,1,1,0,0.0,0.659,0.0,1.023,1.242,122.76,92.07,149.04,111.78,-0.56,110.78,1012.8,20.3,8.8,0.0,0.0,0.0,,0.0,0,0,0,0,0,4.2,0.01,942.38,16062.64,17005.02,0.0,-5.54
2026-06-05T07:51:51.382+00:00,165750,66ec7050-ec57-40ab-8f47-c4287b6aac37,,10,FAULT,0x2000,PUMP_CAVITATION,0,1,0,1,1,0,0.0,0.122,0.0,1.023,1.241,122.76,92.07,148.92,111.69,-0.56,112.25,1012.8,20.3,8.9,0.0,0.0,0.0,,0.0,0,0,0,0,0,4.2,0.01,958.59,16082.29,17040.88,0.0,0.0
2026-06-05T07:51:51.531+00:00,165926,66ec7050-ec57-40ab-8f47-c4287b6aac37,,10,FAULT,0x2000,PUMP_CAVITATION,0,1,0,1,1,0,0.0,0.0,0.0,1.021,1.242,122.52,91.89,149.04,111.78,1.14,112.5,1012.7,20.3,8.8,0.0,0.0,0.0,,0.0,0,0,0,0,0,4.2,0.01,974.76,16101.97,17076.72,0.0,9.66
2026-06-05T07:51:51.705+00:00,166103,66ec7050-ec57-40ab-8f47-c4287b6aac37,,10,FAULT,0x2000,PUMP_CAVITATION,0,1,0,1,1,0,0.0,0.317,0.0,1.024,1.242,122.88,92.16,149.04,111.78,0.0,112.25,1012.7,20.3,8.7,0.0,0.0,0.0,,0.0,0,0,0,0,0,4.2,0.01,991.07,16121.75,17112.82,0.0,-6.44
2026-06-05T07:51:51.881+00:00,166279,66ec7050-ec57-40ab-8f47-c4287b6aac37,,10,FAULT,0x2000,PUMP_CAVITATION,0,1,0,1,1,0,0.0,0.0,0.0,1.023,1.244,122.76,92.07,149.28,111.96,0.0,112.5,1012.8,20.3,8.8,0.0,0.0,0.0,,0.0,0,0,0,0,0,4.2,0.01,1007.27,16141.46,17148.73,0.0,0.0
2026-06-05T07:51:52.133+00:00,166454,66ec7050-ec57-40ab-8f47-c4287b6aac37,,10,FAULT,0x2000,PUMP_CAVITATION,0,1,0,1,1,0,0.0,1.001,0.0,1.023,1.245,122.76,92.07,149.4,112.05,-0.56,111.4,1012.7,20.3,8.8,0.0,0.0,0.0,,0.0,0,0,0,0,0,4.2,0.01,1023.39,16161.07,17184.45,0.0,-3.2
2026-06-05T07:51:52.253+00:00,166630,66ec7050-ec57-40ab-8f47-c4287b6aac37,,10,FAULT,0x2000,PUMP_CAVITATION,0,1,0,1,1,0,0.0,0.708,0.0,1.023,1.244,122.76,92.07,149.28,111.96,-1.05,112.5,1012.7,20.3,8.8,0.0,0.0,0.0,,0.0,0,0,0,0,0,4.2,0.01,1039.59,16180.77,17220.36,0.0,-2.78
2026-06-05T07:51:52.409+00:00,166806,66ec7050-ec57-40ab-8f47-c4287b6aac37,,10,FAULT,0x2000,PUMP_CAVITATION,0,1,0,1,1,0,0.0,0.0,0.0,1.023,1.245,122.76,92.07,149.4,112.05,0.0,109.44,1012.8,20.3,8.8,0.0,0.0,0.0,,0.0,0,0,0,0,0,4.2,0.01,1055.8,16200.49,17256.29,0.0,5.97
2026-06-05T07:51:52.585+00:00,166982,66ec7050-ec57-40ab-8f47-c4287b6aac37,,10,FAULT,0x2000,PUMP_CAVITATION,0,1,0,1,1,0,0.0,0.0,0.0,1.026,1.244,123.12,92.34,149.28,111.96,1.63,112.5,1012.8,20.3,8.8,0.0,0.0,0.0,,0.0,0,0,0,0,0,4.2,0.01,1072.05,16220.2,17292.24,0.0,9.26
2026-06-05T07:51:52.835+00:00,167157,66ec7050-ec57-40ab-8f47-c4287b6aac37,,10,FAULT,0x2000,PUMP_CAVITATION,0,1,0,1,1,0,0.0,0.122,0.0,1.024,1.245,122.88,92.16,149.4,112.05,-0.56,111.03,1012.7,20.3,8.8,0.0,0.0,0.0,,0.0,0,0,0,0,0,4.2,0.01,1088.18,16239.8,17327.98,0.0,-12.51
2026-06-05T07:51:52.970+00:00,167334,66ec7050-ec57-40ab-8f47-c4287b6aac37,,10,FAULT,0x2000,PUMP_CAVITATION,0,1,0,1,1,0,0.0,1.148,0.0,1.016,1.245,121.92,91.44,149.4,112.05,1.14,109.44,1012.8,20.3,8.8,0.0,0.0,0.0,,0.0,0,0,0,0,0,4.2,0.01,1104.36,16259.64,17364.0,0.0,9.6
2026-06-05T07:51:53.114+00:00,167511,66ec7050-ec57-40ab-8f47-c4287b6aac37,,10,FAULT,0x2000,PUMP_CAVITATION,0,1,0,1,1,0,0.0,0.953,0.0,1.016,1.245,121.92,91.44,149.4,112.05,-1.05,112.5,1012.8,20.3,8.8,0.0,0.0,0.0,,0.0,0,0,0,0,0,4.2,0.01,1120.55,16279.47,17400.02,0.0,-12.37
2026-06-05T07:51:53.290+00:00,167687,66ec7050-ec57-40ab-8f47-c4287b6aac37,,10,FAULT,0x2000,PUMP_CAVITATION,0,1,0,1,1,0,0.0,0.0,0.0,1.011,1.246,121.32,90.99,149.52,112.14,0.0,106.63,1012.8,20.3,8.8,0.0,0.0,0.0,,0.0,0,0,0,0,0,4.2,0.01,1136.56,16299.21,17435.77,0.0,5.97
2026-06-05T07:51:53.474+00:00,167862,66ec7050-ec57-40ab-8f47-c4287b6aac37,,10,FAULT,0x2000,PUMP_CAVITATION,0,1,0,1,1,0,0.0,0.464,0.0,1.011,1.246,121.32,90.99,149.52,112.14,-1.05,112.5,1012.7,20.3,8.7,0.0,0.0,0.0,,0.0,0,0,0,0,0,4.2,0.01,1152.48,16318.83,17471.31,0.0,-6.0
2026-06-05T07:51:53.668+00:00,168038,66ec7050-ec57-40ab-8f47-c4287b6aac37,,10,FAULT,0x2000,PUMP_CAVITATION,0,1,0,1,1,0,0.0,0.122,0.0,1.011,1.245,121.32,90.99,149.4,112.05,-0.8,110.05,1012.7,20.3,8.8,0.0,0.0,0.0,,0.0,0,0,0,0,0,4.2,0.01,1168.5,16338.55,17507.05,0.0,1.42
2026-06-05T07:51:53.818+00:00,168214,66ec7050-ec57-40ab-8f47-c4287b6aac37,,10,FAULT,0x2000,PUMP_CAVITATION,0,1,0,1,1,0,0.0,0.0,0.0,1.013,1.244,121.56,91.17,149.28,111.96,0.0,112.5,1012.7,20.3,8.8,0.0,0.0,0.0,,0.0,0,0,0,0,0,4.2,0.01,1184.54,16358.26,17542.8,0.0,4.55
2026-06-05T07:51:53.994+00:00,168390,66ec7050-ec57-40ab-8f47-c4287b6aac37,,10,FAULT,0x2000,PUMP_CAVITATION,0,1,0,1,1,0,0.0,0.0,0.0,1.018,1.244,122.16,91.62,149.28,111.96,-1.29,108.58,1012.8,20.3,8.8,0.0,0.0,0.0,,0.0,0,0,0,0,0,4.2,0.01,1200.67,16377.96,17578.63,0.0,-7.33
2026-06-05T07:51:54.171+00:00,168565,66ec7050-ec57-40ab-8f47-c4287b6aac37,,10,FAULT,0x2000,PUMP_CAVITATION,0,1,0,1,1,0,0.0,0.855,0.0,1.017,1.243,122.04,91.53,149.16,111.87,-0.8,112.37,1012.8,20.3,8.8,0.0,0.0,0.0,,0.0,0,0,0,0,0,4.2,0.01,1216.69,16397.54,17614.23,0.0,2.8
2026-06-05T07:51:54.362+00:00,168741,66ec7050-ec57-40ab-8f47-c4287b6aac37,,10,FAULT,0x2000,PUMP_CAVITATION,0,1,0,1,1,0,0.0,0.659,0.0,1.018,1.243,122.16,91.62,149.16,111.87,0.0,112.5,1012.7,20.3,8.8,0.0,0.0,0.0,,0.0,0,0,0,0,0,4.2,0.01,1232.81,16417.23,17650.04,0.0,4.55
2026-06-05T07:51:54.520+00:00,168918,66ec7050-ec57-40ab-8f47-c4287b6aac37,,10,FAULT,0x2000,PUMP_CAVITATION,0,1,0,1,1,0,0.0,0.0,0.0,1.019,1.242,122.28,91.71,149.04,111.78,0.0,106.14,1012.8,20.3,8.8,0.0,0.0,0.0,,0.0,0,0,0,0,0,4.2,0.01,1249.04,16437.01,17686.06,0.0,0.0
2026-06-05T07:51:54.699+00:00,169094,66ec7050-ec57-40ab-8f47-c4287b6aac37,,10,FAULT,0x2000,PUMP_CAVITATION,0,1,0,1,1,0,0.0,0.464,0.0,1.019,1.242,122.28,91.71,149.04,111.78,-1.29,112.5,1012.7,20.3,8.8,0.0,0.0,0.0,,0.0,0,0,0,0,0,4.2,0.01,1265.18,16456.69,17721.87,0.0,-7.33
2026-06-05T07:51:54.872+00:00,169269,66ec7050-ec57-40ab-8f47-c4287b6aac37,,10,FAULT,0x2000,PUMP_CAVITATION,0,1,0,1,1,0,0.0,0.024,0.0,1.018,1.195,122.16,91.62,143.4,107.55,1.88,107.97,1012.7,20.3,8.7,0.0,0.0,0.0,,0.0,0,0,0,0,0,4.2,0.01,1281.22,16475.51,17756.73,0.0,18.11
2026-06-05T07:51:55.060+00:00,169446,66ec7050-ec57-40ab-8f47-c4287b6aac37,,10,FAULT,0x2000,PUMP_CAVITATION,0,1,0,1,1,0,0.0,0.268,0.0,1.019,1.179,122.28,91.71,141.48,106.11,-0.31,112.5,1012.7,20.3,8.8,0.0,0.0,0.0,,0.0,0,0,0,0,0,4.2,0.01,1297.45,16494.29,17791.74,0.0,-12.37
2026-06-05T07:51:55.227+00:00,169621,66ec7050-ec57-40ab-8f47-c4287b6aac37,,10,FAULT,0x2000,PUMP_CAVITATION,0,1,0,1,1,0,0.0,1.099,0.0,1.009,1.167,121.08,90.81,140.04,105.03,-1.05,112.5,1012.8,20.3,8.8,0.0,0.0,0.0,,0.0,0,0,0,0,0,4.2,0.01,1313.34,16512.67,17826.01,0.0,-4.23
2026-06-05T07:51:55.403+00:00,169798,66ec7050-ec57-40ab-8f47-c4287b6aac37,,10,FAULT,0x2000,PUMP_CAVITATION,0,1,0,1,1,0,0.0,0.904,0.0,1.008,1.17,120.96,90.72,140.4,105.3,-1.05,112.5,1012.8,20.3,8.8,0.0,0.0,0.0,,0.0,0,0,0,0,0,4.2,0.01,1329.4,16531.31,17860.71,0.0,0.0
2026-06-05T07:51:55.647+00:00,169974,66ec7050-ec57-40ab-8f47-c4287b6aac37,,10,FAULT,0x2000,PUMP_CAVITATION,0,1,0,1,1,0,0.0,0.757,0.0,1.023,1.168,122.76,92.07,140.16,105.12,0.0,112.5,1012.8,20.3,8.8,0.0,0.0,0.0,,0.0,0,0,0,0,0,4.2,0.01,1345.6,16549.81,17895.41,0.0,5.97
2026-06-05T07:51:55.758+00:00,170149,66ec7050-ec57-40ab-8f47-c4287b6aac37,,10,FAULT,0x2000,PUMP_CAVITATION,0,1,0,1,1,0,0.0,0.219,0.0,1.023,1.164,122.76,92.07,139.68,104.76,-1.05,108.95,1012.7,20.3,8.8,0.0,0.0,0.0,,0.0,0,0,0,0,0,4.2,0.01,1361.72,16568.14,17929.86,0.0,-6.0
2026-06-05T07:51:55.932+00:00,170326,66ec7050-ec57-40ab-8f47-c4287b6aac37,,10,FAULT,0x2000,PUMP_CAVITATION,0,1,0,1,1,0,0.0,0.464,0.0,1.024,1.163,122.88,92.16,139.56,104.67,-1.53,112.5,1012.7,20.3,8.8,0.0,0.0,0.0,,0.0,0,0,0,0,0,4.2,0.01,1378.03,16586.67,17964.7,0.0,-2.71
2026-06-05T07:51:56.108+00:00,170502,66ec7050-ec57-40ab-8f47-c4287b6aac37,,10,FAULT,0x2000,PUMP_CAVITATION,0,1,0,1,1,0,0.0,0.317,0.0,1.028,1.162,123.36,92.52,139.44,104.58,0.65,110.54,1012.8,20.3,8.8,0.0,0.0,0.0,,0.0,0,0,0,0,0,4.2,0.01,1394.31,16605.07,17999.39,0.0,12.39
2026-06-05T07:51:56.365+00:00,170678,66ec7050-ec57-40ab-8f47-c4287b6aac37,,10,FAULT,0x2000,PUMP_CAVITATION,0,1,0,1,1,0,0.0,0.366,0.0,1.026,1.162,123.12,92.34,139.44,104.58,0.9,112.5,1012.8,20.3,8.8,0.0,0.0,0.0,,0.0,0,0,0,0,0,4.2,0.01,1410.56,16623.48,18034.05,0.0,1.42
2026-06-05T07:51:56.464+00:00,170854,66ec7050-ec57-40ab-8f47-c4287b6aac37,,10,FAULT,0x2000,PUMP_CAVITATION,0,1,0,1,1,0,0.0,1.099,0.0,1.016,1.161,121.92,91.44,139.32,104.49,-0.8,108.71,1012.8,20.3,8.8,0.0,0.0,0.0,,0.0,0,0,0,0,0,4.2,0.01,1426.66,16641.87,18068.53,0.0,-9.66
2026-06-05T07:51:56.636+00:00,171030,66ec7050-ec57-40ab-8f47-c4287b6aac37,,10,FAULT,0x2000,PUMP_CAVITATION,0,1,0,1,1,0,0.0,0.806,0.0,1.015,1.155,121.8,91.35,138.6,103.95,-0.31,112.5,1012.7,20.3,8.8,0.0,0.0,0.0,,0.0,0,0,0,0,0,4.2,0.01,1442.74,16660.17,18102.9,0.0,2.78
2026-06-05T07:51:56.812+00:00,171206,66ec7050-ec57-40ab-8f47-c4287b6aac37,,10,FAULT,0x2000,PUMP_CAVITATION,0,1,0,1,1,0,0.0,0.61,0.0,1.026,1.149,123.12,92.34,137.88,103.41,0.41,112.5,1012.7,20.3,8.8,0.0,0.0,0.0,,0.0,0,0,0,0,0,4.2,0.01,1458.99,16678.37,18137.35,0.0,4.09
2026-06-05T07:51:57.066+00:00,171382,66ec7050-ec57-40ab-8f47-c4287b6aac37,,10,FAULT,0x2000,PUMP_CAVITATION,0,1,0,1,1,0,0.0,0.122,0.0,1.016,1.14,121.92,91.44,136.8,102.6,-1.29,107.36,1012.7,20.3,8.8,0.0,0.0,0.0,,0.0,0,0,0,0,0,4.2,0.01,1475.08,16696.42,18171.5,0.0,-9.66
2026-06-05T07:51:57.166+00:00,171558,66ec7050-ec57-40ab-8f47-c4287b6aac37,,10,FAULT,0x2000,PUMP_CAVITATION,0,1,0,1,1,0,0.0,1.246,0.0,1.016,1.136,121.92,91.44,136.32,102.24,0.0,112.5,1012.8,20.3,8.8,0.0,0.0,0.0,,0.0,0,0,0,0,0,4.2,0.01,1491.17,16714.42,18205.59,0.0,7.33
2026-06-05T07:51:57.341+00:00,171735,66ec7050-ec57-40ab-8f47-c4287b6aac37,,10,FAULT,0x2000,PUMP_CAVITATION,0,1,0,1,1,0,0.0,0.855,0.0,1.015,1.134,121.8,91.35,136.08,102.06,-1.05,110.42,1012.7,20.3,8.8,0.0,0.0,0.0,,0.0,0,0,0,0,0,4.2,0.01,1507.34,16732.48,18239.83,0.0,-5.93
2026-06-05T07:51:57.517+00:00,171911,66ec7050-ec57-40ab-8f47-c4287b6aac37,,10,FAULT,0x2000,PUMP_CAVITATION,0,1,0,1,1,0,0.0,0.61,0.0,1.019,1.12,122.28,91.71,134.4,100.8,-1.29,112.5,1012.8,20.3,8.8,0.0,0.0,0.0,,0.0,0,0,0,0,0,4.2,0.01,1523.48,16750.22,18273.71,0.0,-1.36
2026-06-05T07:51:57.768+00:00,172086,66ec7050-ec57-40ab-8f47-c4287b6aac37,,10,FAULT,0x2000,PUMP_CAVITATION,0,1,0,1,1,0,0.0,0.757,0.0,1.018,1.126,122.16,91.62,135.12,101.34,-0.31,112.5,1012.7,20.3,8.7,0.0,0.0,0.0,,0.0,0,0,0,0,0,4.2,0.01,1539.52,16767.96,18307.48,0.0,5.6
2026-06-05T07:51:57.899+00:00,172262,66ec7050-ec57-40ab-8f47-c4287b6aac37,,10,FAULT,0x2000,PUMP_CAVITATION,0,1,0,1,1,0,0.0,0.219,0.0,1.016,1.121,121.92,91.44,134.52,100.89,0.0,108.83,1012.8,20.3,8.8,0.0,0.0,0.0,,0.0,0,0,0,0,0,4.2,0.01,1555.61,16785.71,18341.33,0.0,1.76
2026-06-05T07:51:58.046+00:00,172438,66ec7050-ec57-40ab-8f47-c4287b6aac37,,10,FAULT,0x2000,PUMP_CAVITATION,0,1,0,1,1,0,0.0,0.0,0.0,1.004,1.125,120.48,90.36,135.0,101.25,0.0,112.5,1012.7,20.3,8.7,0.0,0.0,0.0,,0.0,0,0,0,0,0,4.2,0.01,1571.51,16803.53,18375.05,0.0,0.0
2026-06-05T07:51:58.222+00:00,172614,66ec7050-ec57-40ab-8f47-c4287b6aac37,,10,FAULT,0x2000,PUMP_CAVITATION,0,1,0,1,1,0,0.0,0.562,0.0,1.009,1.116,121.08,90.81,133.92,100.44,0.9,105.9,1012.8,20.3,8.8,0.0,0.0,0.0,,0.0,0,0,0,0,0,4.2,0.01,1587.5,16821.21,18408.71,0.0,5.11
2026-06-05T07:51:58.452+00:00,172790,66ec7050-ec57-40ab-8f47-c4287b6aac37,,10,FAULT,0x2000,PUMP_CAVITATION,0,1,0,1,1,0,0.0,0.757,0.0,1.007,1.112,120.84,90.63,133.44,100.08,0.65,112.5,1012.8,20.3,8.8,0.0,0.0,0.0,,0.0,0,0,0,0,0,4.2,0.01,1603.45,16838.83,18442.27,0.0,-1.42
2026-06-05T07:51:58.623+00:00,172965,66ec7050-ec57-40ab-8f47-c4287b6aac37,,10,FAULT,0x2000,PUMP_CAVITATION,0,1,0,1,1,0,0.0,0.171,0.0,0.0,0.0,0.0,0.0,0.0,0.0,1.14,110.3,1012.8,20.3,8.8,0.0,0.0,0.0,,0.0,0,0,0,0,0,4.2,0.01,1603.45,16838.83,18442.27,0.0,2.8
2026-06-05T07:51:58.750+00:00,173142,66ec7050-ec57-40ab-8f47-c4287b6aac37,,10,FAULT,0x2000,PUMP_CAVITATION,0,1,0,1,1,0,0.0,1.05,0.0,0.0,0.0,0.0,0.0,0.0,0.0,-2.02,112.5,1012.7,20.3,8.8,0.0,0.0,0.0,,0.0,0,0,0,0,0,4.2,0.01,1603.45,16838.83,18442.27,0.0,-17.85
2026-06-05T07:51:58.923+00:00,173317,66ec7050-ec57-40ab-8f47-c4287b6aac37,,10,FAULT,0x2000,PUMP_CAVITATION,0,1,0,1,1,0,0.0,0.513,0.0,0.0,0.0,0.0,0.0,0.0,0.0,-0.56,110.42,1012.7,20.3,8.8,0.0,0.0,0.0,,0.0,0,0,0,0,0,4.2,0.01,1603.45,16838.83,18442.27,0.0,8.34
2026-06-05T07:51:59.098+00:00,173493,66ec7050-ec57-40ab-8f47-c4287b6aac37,,10,FAULT,0x2000,PUMP_CAVITATION,0,1,0,1,1,0,0.0,0.0,0.0,0.0,0.0,0.0,0.0,0.0,0.0,0.9,111.4,1012.7,20.3,8.8,0.0,0.0,0.0,,0.0,0,0,0,0,0,4.2,0.01,1603.45,16838.83,18442.27,0.0,8.3
2026-06-05T07:51:59.323+00:00,173668,66ec7050-ec57-40ab-8f47-c4287b6aac37,,10,FAULT,0x2000,PUMP_CAVITATION,0,1,0,1,1,0,0.0,0.757,0.0,0.0,0.0,0.0,0.0,0.0,0.0,1.14,112.5,1012.8,20.3,8.8,0.0,0.0,0.0,,0.0,0,0,0,0,0,4.2,0.01,1603.45,16838.83,18442.27,0.0,1.37
2026-06-05T07:51:59.450+00:00,173843,66ec7050-ec57-40ab-8f47-c4287b6aac37,,10,FAULT,0x2000,PUMP_CAVITATION,0,1,0,1,1,0,0.0,0.904,0.0,0.0,0.0,0.0,0.0,0.0,0.0,-1.29,108.34,1012.8,20.3,8.8,0.0,0.0,0.0,,0.0,0,0,0,0,0,4.2,0.01,1603.45,16838.83,18442.27,0.0,-13.89
2026-06-05T07:51:59.627+00:00,174018,66ec7050-ec57-40ab-8f47-c4287b6aac37,,10,FAULT,0x2000,PUMP_CAVITATION,0,1,0,1,1,0,0.0,0.562,0.0,0.0,0.0,0.0,0.0,0.0,0.0,-0.56,112.5,1012.8,20.3,8.8,0.0,0.0,0.0,,0.0,0,0,0,0,0,4.2,0.01,1603.45,16838.83,18442.27,0.0,4.17
2026-06-05T07:51:59.802+00:00,174194,66ec7050-ec57-40ab-8f47-c4287b6aac37,,10,FAULT,0x2000,PUMP_CAVITATION,0,1,0,1,1,0,0.0,0.757,0.0,0.0,0.0,0.0,0.0,0.0,0.0,0.0,112.13,1012.7,20.3,8.8,0.0,0.0,0.0,,0.0,0,0,0,0,0,4.2,0.01,1603.45,16838.83,18442.27,0.0,3.18
2026-06-05T07:52:00.019+00:00,174369,66ec7050-ec57-40ab-8f47-c4287b6aac37,,10,FAULT,0x2000,PUMP_CAVITATION,0,1,0,1,1,0,0.0,0.904,0.0,0.0,0.0,0.0,0.0,0.0,0.0,-0.8,112.5,1012.7,20.3,8.8,0.0,0.0,0.0,,0.0,0,0,0,0,0,4.2,0.01,1603.45,16838.83,18442.27,0.0,-4.57
2026-06-05T07:52:00.151+00:00,174544,66ec7050-ec57-40ab-8f47-c4287b6aac37,,10,FAULT,0x2000,PUMP_CAVITATION,0,1,0,1,1,0,0.0,0.953,0.0,0.0,0.0,0.0,0.0,0.0,0.0,-0.56,110.66,1012.8,20.3,8.8,0.0,0.0,0.0,,0.0,0,0,0,0,0,4.2,0.01,1603.45,16838.83,18442.27,0.0,1.37
2026-06-05T07:52:00.327+00:00,174721,66ec7050-ec57-40ab-8f47-c4287b6aac37,,10,FAULT,0x2000,PUMP_CAVITATION,0,1,0,1,1,0,0.0,0.0,0.0,0.0,0.0,0.0,0.0,0.0,0.0,1.39,112.5,1012.8,20.3,8.8,0.0,0.0,0.0,,0.0,0,0,0,0,0,4.2,0.01,1603.45,16838.83,18442.27,0.0,11.02
2026-06-05T07:52:00.503+00:00,174896,66ec7050-ec57-40ab-8f47-c4287b6aac37,,10,FAULT,0x2000,PUMP_CAVITATION,0,1,0,1,1,0,0.0,0.61,0.0,0.0,0.0,0.0,0.0,0.0,0.0,-0.8,108.46,1012.7,20.3,8.8,0.0,0.0,0.0,,0.0,0,0,0,0,0,4.2,0.01,1603.45,16838.83,18442.27,0.0,-12.51
2026-06-05T07:52:00.716+00:00,175071,66ec7050-ec57-40ab-8f47-c4287b6aac37,,10,FAULT,0x2000,PUMP_CAVITATION,0,1,0,1,1,0,0.0,0.0,0.0,0.0,0.0,0.0,0.0,0.0,0.0,0.9,112.5,1012.7,20.3,8.7,0.0,0.0,0.0,,0.0,0,0,0,0,0,4.2,0.01,1603.45,16838.83,18442.27,0.0,9.71
2026-06-05T07:52:00.855+00:00,175246,66ec7050-ec57-40ab-8f47-c4287b6aac37,,10,FAULT,0x2000,PUMP_CAVITATION,0,1,0,1,1,0,0.0,0.268,0.0,0.0,0.0,0.0,0.0,0.0,0.0,-0.31,107.49,1012.8,20.3,8.8,0.0,0.0,0.0,,0.0,0,0,0,0,0,4.2,0.01,1603.45,16838.83,18442.27,0.0,-6.91
2026-06-05T07:52:01.031+00:00,175421,66ec7050-ec57-40ab-8f47-c4287b6aac37,,10,FAULT,0x2000,PUMP_CAVITATION,0,1,0,1,1,0,0.0,0.708,0.0,0.0,0.0,0.0,0.0,0.0,0.0,-0.8,112.5,1012.8,20.3,8.8,0.0,0.0,0.0,,0.0,0,0,0,0,0,4.2,0.01,1603.45,16838.83,18442.27,0.0,-2.8
2026-06-05T07:52:01.210+00:00,175597,66ec7050-ec57-40ab-8f47-c4287b6aac37,,10,FAULT,0x2000,PUMP_CAVITATION,0,1,0,1,1,0,0.0,0.317,0.0,0.0,0.0,0.0,0.0,0.0,0.0,0.0,108.22,1012.8,20.3,8.8,0.0,0.0,0.0,,0.0,0,0,0,0,0,4.2,0.01,1603.45,16838.83,18442.27,0.0,4.55
2026-06-05T07:52:01.418+00:00,175772,66ec7050-ec57-40ab-8f47-c4287b6aac37,,10,FAULT,0x2000,PUMP_CAVITATION,0,1,0,1,1,0,0.0,0.464,0.0,0.0,0.0,0.0,0.0,0.0,0.0,0.41,112.5,1012.8,20.3,8.8,0.0,0.0,0.0,,0.0,0,0,0,0,0,4.2,0.01,1603.45,16838.83,18442.27,0.0,2.34
2026-06-05T07:52:01.556+00:00,175947,66ec7050-ec57-40ab-8f47-c4287b6aac37,,10,FAULT,0x2000,PUMP_CAVITATION,0,1,0,1,1,0,0.0,1.246,0.0,0.0,0.0,0.0,0.0,0.0,0.0,0.0,112.5,1012.7,20.3,8.8,0.0,0.0,0.0,,0.0,0,0,0,0,0,4.2,0.01,1603.45,16838.83,18442.27,0.0,-2.34
2026-06-05T07:52:01.732+00:00,176122,66ec7050-ec57-40ab-8f47-c4287b6aac37,,10,FAULT,0x2000,PUMP_CAVITATION,0,1,0,1,1,0,0.0,0.415,0.0,0.0,0.0,0.0,0.0,0.0,0.0,0.0,109.93,1012.8,20.3,8.8,0.0,0.0,0.0,,0.0,0,0,0,0,0,4.2,0.01,1603.45,16838.83,18442.27,0.0,0.0
2026-06-05T07:52:01.918+00:00,176297,66ec7050-ec57-40ab-8f47-c4287b6aac37,,10,FAULT,0x2000,PUMP_CAVITATION,0,1,0,1,1,0,0.0,0.904,0.0,0.0,0.0,0.0,0.0,0.0,0.0,0.41,112.5,1012.8,20.3,8.8,0.0,0.0,0.0,,0.0,0,0,0,0,0,4.2,0.01,1603.45,16838.83,18442.27,0.0,2.34
2026-06-05T07:52:02.112+00:00,176474,66ec7050-ec57-40ab-8f47-c4287b6aac37,,10,FAULT,0x2000,PUMP_CAVITATION,0,1,0,1,1,0,0.0,0.0,0.0,0.0,0.0,0.0,0.0,0.0,0.0,-1.29,110.3,1012.8,20.3,8.8,0.0,0.0,0.0,,0.0,0,0,0,0,0,4.2,0.01,1603.45,16838.83,18442.27,0.0,-9.6
2026-06-05T07:52:02.260+00:00,176649,66ec7050-ec57-40ab-8f47-c4287b6aac37,,10,FAULT,0x2000,PUMP_CAVITATION,0,1,0,1,1,0,0.0,0.855,0.0,0.0,0.0,0.0,0.0,0.0,0.0,-1.78,112.5,1012.7,20.3,8.8,0.0,0.0,0.0,,0.0,0,0,0,0,0,4.2,0.01,1603.45,16838.83,18442.27,0.0,-2.8
2026-06-05T07:52:02.436+00:00,176824,66ec7050-ec57-40ab-8f47-c4287b6aac37,,10,FAULT,0x2000,PUMP_CAVITATION,0,1,0,1,1,0,0.0,0.513,0.0,0.0,0.0,0.0,0.0,0.0,0.0,-1.78,108.95,1012.7,20.3,8.8,0.0,0.0,0.0,,0.0,0,0,0,0,0,4.2,0.01,1603.45,16838.83,18442.27,0.0,0.0
2026-06-05T07:52:02.615+00:00,177000,66ec7050-ec57-40ab-8f47-c4287b6aac37,,10,FAULT,0x2000,PUMP_CAVITATION,0,1,0,1,1,0,0.0,0.171,0.0,0.0,0.0,0.0,0.0,0.0,0.0,1.39,112.5,1012.8,20.3,8.8,0.0,0.0,0.0,,0.0,0,0,0,0,0,4.2,0.01,1603.45,16838.83,18442.27,0.0,18.01
2026-06-05T07:52:02.808+00:00,177175,66ec7050-ec57-40ab-8f47-c4287b6aac37,,10,FAULT,0x2000,PUMP_CAVITATION,0,1,0,1,1,0,0.0,1.001,0.0,0.0,0.0,0.0,0.0,0.0,0.0,0.41,110.42,1012.7,20.3,8.8,0.0,0.0,0.0,,0.0,0,0,0,0,0,4.2,0.01,1603.45,16838.83,18442.27,0.0,-5.6
2026-06-05T07:52:02.961+00:00,177350,66ec7050-ec57-40ab-8f47-c4287b6aac37,,10,FAULT,0x2000,PUMP_CAVITATION,0,1,0,1,1,0,0.0,0.0,0.0,0.0,0.0,0.0,0.0,0.0,0.0,0.0,112.5,1012.7,20.3,8.8,0.0,0.0,0.0,,0.0,0,0,0,0,0,4.2,0.01,1603.45,16838.83,18442.27,0.0,-2.34
2026-06-05T07:52:03.136+00:00,177525,66ec7050-ec57-40ab-8f47-c4287b6aac37,,10,FAULT,0x2000,PUMP_CAVITATION,0,1,0,1,1,0,0.04,0.0,0.0,0.0,0.0,0.0,0.0,0.0,0.0,0.9,112.01,1012.8,20.3,8.8,0.0,0.0,0.0,,0.0,0,0,0,0,0,4.2,0.01,1603.45,16838.83,18442.27,0.0,5.14
2026-06-05T07:52:03.313+00:00,177700,66ec7050-ec57-40ab-8f47-c4287b6aac37,,10,FAULT,0x2000,PUMP_CAVITATION,0,1,0,1,1,0,0.0,0.659,0.0,0.0,0.0,0.0,0.0,0.0,0.0,-0.31,112.5,1012.8,20.3,8.8,0.0,0.0,0.0,,0.0,0,0,0,0,0,4.2,0.01,1603.45,16838.83,18442.27,0.0,-6.91
2026-06-05T07:52:03.513+00:00,177876,66ec7050-ec57-40ab-8f47-c4287b6aac37,,10,FAULT,0x2000,PUMP_CAVITATION,0,1,0,1,1,0,0.0,0.073,0.0,0.0,0.0,0.0,0.0,0.0,0.0,1.39,106.39,1012.7,20.3,8.7,0.0,0.0,0.0,,0.0,0,0,0,0,0,4.2,0.01,1603.45,16838.83,18442.27,0.0,9.66
2026-06-05T07:52:03.661+00:00,178052,66ec7050-ec57-40ab-8f47-c4287b6aac37,,10,FAULT,0x2000,PUMP_CAVITATION,0,1,0,1,1,0,0.0,0.317,0.0,0.0,0.0,0.0,0.0,0.0,0.0,-0.8,112.5,1012.8,20.3,8.8,0.0,0.0,0.0,,0.0,0,0,0,0,0,4.2,0.01,1603.45,16838.83,18442.27,0.0,-12.44
2026-06-05T07:52:03.837+00:00,178227,66ec7050-ec57-40ab-8f47-c4287b6aac37,,10,FAULT,0x2000,PUMP_CAVITATION,0,1,0,1,1,0,0.0,1.344,0.0,0.0,0.0,0.0,0.0,0.0,0.0,-0.8,112.5,1012.8,20.3,8.8,0.0,0.0,0.0,,0.0,0,0,0,0,0,4.2,0.01,1603.45,16838.83,18442.27,0.0,0.0
2026-06-05T07:52:04.013+00:00,178403,66ec7050-ec57-40ab-8f47-c4287b6aac37,,10,FAULT,0x2000,PUMP_CAVITATION,0,1,0,1,1,0,0.0,0.415,0.0,0.0,0.0,0.0,0.0,0.0,0.0,0.65,112.5,1012.8,20.3,8.8,0.0,0.0,0.0,,0.0,0,0,0,0,0,4.2,0.01,1603.45,16838.83,18442.27,0.0,8.24
2026-06-05T07:52:04.230+00:00,178578,66ec7050-ec57-40ab-8f47-c4287b6aac37,,10,FAULT,0x2000,PUMP_CAVITATION,0,1,0,1,1,0,0.0,0.317,0.0,0.0,0.0,0.0,0.0,0.0,0.0,-1.78,111.88,1012.8,20.3,8.8,0.0,0.0,0.0,,0.0,0,0,0,0,0,4.2,0.01,1603.45,16838.83,18442.27,0.0,-13.89
2026-06-05T07:52:04.365+00:00,178753,66ec7050-ec57-40ab-8f47-c4287b6aac37,,10,FAULT,0x2000,PUMP_CAVITATION,0,1,0,1,1,0,0.0,0.0,0.0,0.0,0.0,0.0,0.0,0.0,0.0,1.39,109.07,1012.8,20.3,8.8,0.0,0.0,0.0,,0.0,0,0,0,0,0,4.2,0.01,1603.45,16838.83,18442.27,0.0,18.11
2026-06-05T07:52:04.541+00:00,178929,66ec7050-ec57-40ab-8f47-c4287b6aac37,,10,FAULT,0x2000,PUMP_CAVITATION,0,1,0,1,1,0,0.0,0.317,0.0,0.0,0.0,0.0,0.0,0.0,0.0,0.0,112.25,1012.7,20.3,8.7,0.0,0.0,0.0,,0.0,0,0,0,0,0,4.2,0.01,1603.45,16838.83,18442.27,0.0,-7.9
2026-06-05T07:52:04.717+00:00,179104,66ec7050-ec57-40ab-8f47-c4287b6aac37,,10,FAULT,0x2000,PUMP_CAVITATION,0,1,0,1,1,0,0.0,0.757,0.0,0.0,0.0,0.0,0.0,0.0,0.0,0.65,112.5,1012.7,20.3,8.8,0.0,0.0,0.0,,0.0,0,0,0,0,0,4.2,0.01,1603.45,16838.83,18442.27,0.0,3.71
2026-06-05T07:52:04.927+00:00,179279,66ec7050-ec57-40ab-8f47-c4287b6aac37,,10,FAULT,0x2000,PUMP_CAVITATION,0,1,0,1,1,0,0.0,0.122,0.0,0.0,0.0,0.0,0.0,0.0,0.0,0.65,112.01,1012.8,20.3,8.8,0.0,0.0,0.0,,0.0,0,0,0,0,0,4.2,0.01,1603.45,16838.83,18442.27,0.0,0.0
2026-06-05T07:52:05.066+00:00,179454,66ec7050-ec57-40ab-8f47-c4287b6aac37,,10,FAULT,0x2000,PUMP_CAVITATION,0,1,0,1,1,0,0.0,0.61,0.0,0.0,0.0,0.0,0.0,0.0,0.0,0.0,109.81,1012.8,20.3,8.8,0.0,0.0,0.0,,0.0,0,0,0,0,0,4.2,0.01,1603.45,16838.83,18442.27,0.0,-3.71
2026-06-05T07:52:05.242+00:00,179630,66ec7050-ec57-40ab-8f47-c4287b6aac37,,10,FAULT,0x2000,PUMP_CAVITATION,0,1,0,1,1,0,0.0,0.464,0.0,0.0,0.0,0.0,0.0,0.0,0.0,1.14,112.5,1012.7,20.3,8.8,0.0,0.0,0.0,,0.0,0,0,0,0,0,4.2,0.01,1603.45,16838.83,18442.27,0.0,6.48
2026-06-05T07:52:05.429+00:00,179806,66ec7050-ec57-40ab-8f47-c4287b6aac37,,10,FAULT,0x2000,PUMP_CAVITATION,0,1,0,1,1,0,0.0,0.0,0.0,0.0,0.0,0.0,0.0,0.0,0.0,1.88,106.87,1012.8,20.3,8.8,0.0,0.0,0.0,,0.0,0,0,0,0,0,4.2,0.01,1603.45,16838.83,18442.27,0.0,4.2
2026-06-05T07:52:05.622+00:00,179981,66ec7050-ec57-40ab-8f47-c4287b6aac37,,10,FAULT,0x2000,PUMP_CAVITATION,0,1,0,1,1,0,0.0,0.708,0.0,0.0,0.0,0.0,0.0,0.0,0.0,-0.56,112.5,1012.7,20.3,8.8,0.0,0.0,0.0,,0.0,0,0,0,0,0,4.2,0.01,1603.45,16838.83,18442.27,0.0,-13.94
2026-06-05T07:52:05.770+00:00,180156,66ec7050-ec57-40ab-8f47-c4287b6aac37,,10,FAULT,0x2000,PUMP_CAVITATION,0,1,0,1,1,0,0.0,0.0,0.0,0.0,0.0,0.0,0.0,0.0,0.0,1.63,107.49,1012.8,20.3,8.8,0.0,0.0,0.0,,0.0,0,0,0,0,0,4.2,0.01,1603.45,16838.83,18442.27,0.0,12.51
2026-06-05T07:52:05.943+00:00,180331,66ec7050-ec57-40ab-8f47-c4287b6aac37,,10,FAULT,0x2000,PUMP_CAVITATION,0,1,0,1,1,0,0.0,0.708,0.0,0.0,0.0,0.0,0.0,0.0,0.0,0.0,112.5,1012.7,20.3,8.8,0.0,0.0,0.0,,0.0,0,0,0,0,0,4.2,0.01,1603.45,16838.83,18442.27,0.0,-9.31
2026-06-05T07:52:06.124+00:00,180507,66ec7050-ec57-40ab-8f47-c4287b6aac37,,10,FAULT,0x2000,PUMP_CAVITATION,0,1,0,1,1,0,0.0,0.0,0.0,0.0,0.0,0.0,0.0,0.0,0.0,2.37,108.71,1012.8,20.3,8.8,0.0,0.0,0.0,,0.0,0,0,0,0,0,4.2,0.01,1603.45,16838.83,18442.27,0.0,13.47
2026-06-05T07:52:06.320+00:00,180682,66ec7050-ec57-40ab-8f47-c4287b6aac37,,10,FAULT,0x2000,PUMP_CAVITATION,0,1,0,1,1,0,0.0,0.219,0.0,0.0,0.0,0.0,0.0,0.0,0.0,0.65,112.5,1012.7,20.3,8.8,0.0,0.0,0.0,,0.0,0,0,0,0,0,4.2,0.01,1603.45,16838.83,18442.27,0.0,-9.83
2026-06-05T07:52:06.471+00:00,180857,66ec7050-ec57-40ab-8f47-c4287b6aac37,,10,FAULT,0x2000,PUMP_CAVITATION,0,1,0,1,1,0,0.0,0.953,0.0,0.0,0.0,0.0,0.0,0.0,0.0,0.0,112.5,1012.7,20.3,8.8,0.0,0.0,0.0,,0.0,0,0,0,0,0,4.2,0.01,1603.45,16838.83,18442.27,0.0,-3.71
2026-06-05T07:52:06.647+00:00,181032,66ec7050-ec57-40ab-8f47-c4287b6aac37,,10,FAULT,0x2000,PUMP_CAVITATION,0,1,0,1,1,0,0.0,0.953,0.0,0.0,0.0,0.0,0.0,0.0,0.0,-0.56,112.5,1012.7,20.3,8.8,0.0,0.0,0.0,,0.0,0,0,0,0,0,4.2,0.01,1603.45,16838.83,18442.27,0.0,-3.2
2026-06-05T07:52:06.824+00:00,181208,66ec7050-ec57-40ab-8f47-c4287b6aac37,,10,FAULT,0x2000,PUMP_CAVITATION,0,1,0,1,1,0,0.0,0.171,0.0,0.0,0.0,0.0,0.0,0.0,0.0,-1.05,109.56,1012.7,20.3,8.8,0.0,0.0,0.0,,0.0,0,0,0,0,0,4.2,0.01,1603.45,16838.83,18442.27,0.0,-2.78
2026-06-05T07:52:07.017+00:00,181384,66ec7050-ec57-40ab-8f47-c4287b6aac37,,10,FAULT,0x2000,PUMP_CAVITATION,0,1,0,1,1,0,0.0,0.953,0.0,0.0,0.0,0.0,0.0,0.0,0.0,0.0,112.5,1012.8,20.3,8.8,0.0,0.0,0.0,,0.0,0,0,0,0,0,4.2,0.01,1603.45,16838.83,18442.27,0.0,5.97
2026-06-05T07:52:07.171+00:00,181559,66ec7050-ec57-40ab-8f47-c4287b6aac37,,10,FAULT,0x2000,PUMP_CAVITATION,0,1,0,1,1,0,0.0,0.513,0.0,0.0,0.0,0.0,0.0,0.0,0.0,0.41,112.5,1012.8,20.3,8.8,0.0,0.0,0.0,,0.0,0,0,0,0,0,4.2,0.01,1603.45,16838.83,18442.27,0.0,2.34
2026-06-05T07:52:07.347+00:00,181734,66ec7050-ec57-40ab-8f47-c4287b6aac37,,10,FAULT,0x2000,PUMP_CAVITATION,0,1,0,1,1,0,0.0,0.953,0.0,0.0,0.0,0.0,0.0,0.0,0.0,-0.8,112.25,1012.8,20.3,8.8,0.0,0.0,0.0,,0.0,0,0,0,0,0,4.2,0.01,1603.45,16838.83,18442.27,0.0,-6.91
2026-06-05T07:52:07.524+00:00,181909,66ec7050-ec57-40ab-8f47-c4287b6aac37,,10,FAULT,0x2000,PUMP_CAVITATION,0,1,0,1,1,0,0.0,0.0,0.0,0.0,0.0,0.0,0.0,0.0,0.0,1.14,112.13,1012.8,20.3,8.8,0.0,0.0,0.0,,0.0,0,0,0,0,0,4.2,0.01,1603.45,16838.83,18442.27,0.0,11.09
2026-06-05T07:52:07.713+00:00,182085,66ec7050-ec57-40ab-8f47-c4287b6aac37,,10,FAULT,0x2000,PUMP_CAVITATION,0,1,0,1,1,0,0.0,0.0,0.0,0.0,0.0,0.0,0.0,0.0,0.0,-1.53,108.22,1012.7,20.3,8.8,0.0,0.0,0.0,,0.0,0,0,0,0,0,4.2,0.01,1603.45,16838.83,18442.27,0.0,-15.17
2026-06-05T07:52:07.875+00:00,182260,66ec7050-ec57-40ab-8f47-c4287b6aac37,,10,FAULT,0x2000,PUMP_CAVITATION,0,1,0,1,1,0,0.0,0.757,0.0,0.0,0.0,0.0,0.0,0.0,0.0,0.0,112.5,1012.8,20.3,8.8,0.0,0.0,0.0,,0.0,0,0,0,0,0,4.2,0.01,1603.45,16838.83,18442.27,0.0,8.74
2026-06-05T07:52:08.051+00:00,182435,66ec7050-ec57-40ab-8f47-c4287b6aac37,,10,FAULT,0x2000,PUMP_CAVITATION,0,1,0,1,1,0,0.0,0.855,0.0,0.0,0.0,0.0,0.0,0.0,0.0,0.65,106.51,1012.8,20.3,8.8,0.0,0.0,0.0,,0.0,0,0,0,0,0,4.2,0.01,1603.45,16838.83,18442.27,0.0,3.71
2026-06-05T07:52:08.224+00:00,182610,66ec7050-ec57-40ab-8f47-c4287b6aac37,,10,FAULT,0x2000,PUMP_CAVITATION,0,1,0,1,1,0,0.0,0.122,0.0,0.0,0.0,0.0,0.0,0.0,0.0,-0.8,112.5,1012.8,20.3,8.8,0.0,0.0,0.0,,0.0,0,0,0,0,0,4.2,0.01,1603.45,16838.83,18442.27,0.0,-8.29
2026-06-05T07:52:08.412+00:00,182787,66ec7050-ec57-40ab-8f47-c4287b6aac37,,10,FAULT,0x2000,PUMP_CAVITATION,0,1,0,1,1,0,0.0,0.904,0.0,0.0,0.0,0.0,0.0,0.0,0.0,-0.31,111.76,1012.7,20.3,8.8,0.0,0.0,0.0,,0.0,0,0,0,0,0,4.2,0.01,1603.45,16838.83,18442.27,0.0,2.77
2026-06-05T07:52:08.576+00:00,182962,66ec7050-ec57-40ab-8f47-c4287b6aac37,,10,FAULT,0x2000,PUMP_CAVITATION,0,1,0,1,1,0,0.0,0.0,0.0,0.0,0.0,0.0,0.0,0.0,0.0,1.14,112.5,1012.7,20.3,8.8,0.0,0.0,0.0,,0.0,0,0,0,0,0,4.2,0.01,1603.45,16838.83,18442.27,0.0,8.29
2026-06-05T07:52:08.752+00:00,183137,66ec7050-ec57-40ab-8f47-c4287b6aac37,,10,FAULT,0x2000,PUMP_CAVITATION,0,1,0,1,1,0,0.0,0.0,0.0,0.0,0.0,0.0,0.0,0.0,0.0,0.0,106.87,1012.8,20.3,8.8,0.0,0.0,0.0,,0.0,0,0,0,0,0,4.2,0.01,1603.45,16838.83,18442.27,0.0,-6.51
2026-06-05T07:52:08.930+00:00,183312,66ec7050-ec57-40ab-8f47-c4287b6aac37,,10,FAULT,0x2000,PUMP_CAVITATION,0,1,0,1,1,0,0.0,0.464,0.0,0.0,0.0,0.0,0.0,0.0,0.0,-0.56,112.5,1012.8,20.3,8.8,0.0,0.0,0.0,,0.0,0,0,0,0,0,4.2,0.01,1603.45,16838.83,18442.27,0.0,-3.2
2026-06-05T07:52:09.153+00:00,183487,66ec7050-ec57-40ab-8f47-c4287b6aac37,,10,FAULT,0x2000,PUMP_CAVITATION,0,1,0,1,1,0,0.0,0.0,0.0,0.0,0.0,0.0,0.0,0.0,0.0,0.9,107.0,1012.8,20.3,8.8,0.0,0.0,0.0,,0.0,0,0,0,0,0,4.2,0.01,1603.45,16838.83,18442.27,0.0,8.34
2026-06-05T07:52:09.277+00:00,183662,66ec7050-ec57-40ab-8f47-c4287b6aac37,,10,FAULT,0x2000,PUMP_CAVITATION,0,1,0,1,1,0,0.0,0.0,0.0,0.0,0.0,0.0,0.0,0.0,0.0,1.14,111.76,1012.8,20.3,8.8,0.0,0.0,0.0,,0.0,0,0,0,0,0,4.2,0.01,1603.45,16838.83,18442.27,0.0,1.37
2026-06-05T07:52:09.453+00:00,183838,66ec7050-ec57-40ab-8f47-c4287b6aac37,,10,FAULT,0x2000,PUMP_CAVITATION,0,1,0,1,1,0,0.0,0.0,0.0,0.0,0.0,0.0,0.0,0.0,0.0,-0.31,109.56,1012.8,20.3,8.8,0.0,0.0,0.0,,0.0,0,0,0,0,0,4.2,0.01,1603.45,16838.83,18442.27,0.0,-8.24
2026-06-05T07:52:09.629+00:00,184013,66ec7050-ec57-40ab-8f47-c4287b6aac37,,10,FAULT,0x2000,PUMP_CAVITATION,0,1,0,1,1,0,0.0,0.0,0.0,0.0,0.0,0.0,0.0,0.0,0.0,0.41,112.5,1012.8,20.3,8.8,0.0,0.0,0.0,,0.0,0,0,0,0,0,4.2,0.01,1603.45,16838.83,18442.27,0.0,4.11
2026-06-05T07:52:09.849+00:00,184188,66ec7050-ec57-40ab-8f47-c4287b6aac37,,10,FAULT,0x2000,PUMP_CAVITATION,0,1,0,1,1,0,0.0,0.366,0.0,0.0,0.0,0.0,0.0,0.0,0.0,-0.31,112.01,1012.7,20.3,8.8,0.0,0.0,0.0,,0.0,0,0,0,0,0,4.2,0.01,1603.45,16838.83,18442.27,0.0,-4.11
2026-06-05T07:52:09.980+00:00,184364,66ec7050-ec57-40ab-8f47-c4287b6aac37,,10,FAULT,0x2000,PUMP_CAVITATION,0,1,0,1,1,0,0.0,0.562,0.0,0.0,0.0,0.0,0.0,0.0,0.0,0.0,112.5,1012.8,20.3,8.8,0.0,0.0,0.0,,0.0,0,0,0,0,0,4.2,0.01,1603.45,16838.83,18442.27,0.0,1.76
2026-06-05T07:52:10.157+00:00,184539,66ec7050-ec57-40ab-8f47-c4287b6aac37,,10,FAULT,0x2000,PUMP_CAVITATION,0,1,0,1,1,0,0.0,0.464,0.0,0.0,0.0,0.0,0.0,0.0,0.0,0.65,111.03,1012.8,20.3,8.8,0.0,0.0,0.0,,0.0,0,0,0,0,0,4.2,0.01,1603.45,16838.83,18442.27,0.0,3.71
2026-06-05T07:52:10.329+00:00,184714,66ec7050-ec57-40ab-8f47-c4287b6aac37,,10,FAULT,0x2000,PUMP_CAVITATION,0,1,0,1,1,0,0.0,0.0,0.0,0.0,0.0,0.0,0.0,0.0,0.0,0.41,108.95,1012.8,20.3,8.8,0.0,0.0,0.0,,0.0,0,0,0,0,0,4.2,0.01,1603.45,16838.83,18442.27,0.0,-1.37
2026-06-05T07:52:10.543+00:00,184889,66ec7050-ec57-40ab-8f47-c4287b6aac37,,10,FAULT,0x2000,PUMP_CAVITATION,0,1,0,1,1,0,0.0,0.073,0.0,0.0,0.0,0.0,0.0,0.0,0.0,-0.56,112.5,1012.7,20.3,8.7,0.0,0.0,0.0,,0.0,0,0,0,0,0,4.2,0.01,1603.45,16838.83,18442.27,0.0,-5.54
2026-06-05T07:52:10.681+00:00,185065,66ec7050-ec57-40ab-8f47-c4287b6aac37,,10,FAULT,0x2000,PUMP_CAVITATION,0,1,0,1,1,0,0.0,1.246,0.0,0.0,0.0,0.0,0.0,0.0,0.0,1.39,112.5,1012.8,20.3,8.8,0.0,0.0,0.0,,0.0,0,0,0,0,0,4.2,0.01,1603.45,16838.83,18442.27,0.0,11.08
2026-06-05T07:52:10.857+00:00,185240,66ec7050-ec57-40ab-8f47-c4287b6aac37,,10,FAULT,0x2000,PUMP_CAVITATION,0,1,0,1,1,0,0.0,0.0,0.0,0.0,0.0,0.0,0.0,0.0,0.0,-0.8,112.5,1012.8,20.3,8.8,0.0,0.0,0.0,,0.0,0,0,0,0,0,4.2,0.01,1603.45,16838.83,18442.27,0.0,-12.51
2026-06-05T07:52:11.044+00:00,185415,66ec7050-ec57-40ab-8f47-c4287b6aac37,,10,FAULT,0x2000,PUMP_CAVITATION,0,1,0,1,1,0,0.0,1.295,0.0,0.0,0.0,0.0,0.0,0.0,0.0,0.0,112.5,1012.8,20.3,8.8,0.0,0.0,0.0,,0.0,0,0,0,0,0,4.2,0.01,1603.45,16838.83,18442.27,0.0,4.57
2026-06-05T07:52:11.238+00:00,185591,66ec7050-ec57-40ab-8f47-c4287b6aac37,,10,FAULT,0x2000,PUMP_CAVITATION,0,1,0,1,1,0,0.0,0.757,0.0,0.0,0.0,0.0,0.0,0.0,0.0,-1.05,112.5,1012.8,20.3,8.8,0.0,0.0,0.0,,0.0,0,0,0,0,0,4.2,0.01,1603.45,16838.83,18442.27,0.0,-5.97
2026-06-05T07:52:11.385+00:00,185766,66ec7050-ec57-40ab-8f47-c4287b6aac37,,10,FAULT,0x2000,PUMP_CAVITATION,0,1,0,1,1,0,0.0,0.073,0.0,0.0,0.0,0.0,0.0,0.0,0.0,2.37,108.34,1012.7,20.3,8.8,0.0,0.0,0.0,,0.0,0,0,0,0,0,4.2,0.01,1603.45,16838.83,18442.27,0.0,19.54
2026-06-05T07:52:11.558+00:00,185942,66ec7050-ec57-40ab-8f47-c4287b6aac37,,10,FAULT,0x2000,PUMP_CAVITATION,0,1,0,1,1,0,0.0,0.366,0.0,0.0,0.0,0.0,0.0,0.0,0.0,0.0,112.5,1012.7,20.3,8.8,0.0,0.0,0.0,,0.0,0,0,0,0,0,4.2,0.01,1603.45,16838.83,18442.27,0.0,-13.47
2026-06-05T07:52:11.743+00:00,186117,66ec7050-ec57-40ab-8f47-c4287b6aac37,,10,FAULT,0x2000,PUMP_CAVITATION,0,1,0,1,1,0,0.0,1.246,0.0,0.0,0.0,0.0,0.0,0.0,0.0,-0.56,112.37,1012.8,20.3,8.8,0.0,0.0,0.0,,0.0,0,0,0,0,0,4.2,0.01,1603.45,16838.83,18442.27,0.0,-3.2
2026-06-05T07:52:11.936+00:00,186293,66ec7050-ec57-40ab-8f47-c4287b6aac37,,10,FAULT,0x2000,PUMP_CAVITATION,0,1,0,1,1,0,0.0,0.073,0.0,0.0,0.0,0.0,0.0,0.0,0.0,0.41,112.5,1012.8,20.3,8.8,0.0,0.0,0.0,,0.0,0,0,0,0,0,4.2,0.01,1603.45,16838.83,18442.27,0.0,5.51
2026-06-05T07:52:12.086+00:00,186468,66ec7050-ec57-40ab-8f47-c4287b6aac37,,10,FAULT,0x2000,PUMP_CAVITATION,0,1,0,1,1,0,0.0,0.659,0.0,0.0,0.0,0.0,0.0,0.0,0.0,0.0,112.01,1012.8,20.3,8.8,0.0,0.0,0.0,,0.0,0,0,0,0,0,4.2,0.01,1603.45,16838.83,18442.27,0.0,-2.34
2026-06-05T07:52:12.262+00:00,186643,66ec7050-ec57-40ab-8f47-c4287b6aac37,,10,FAULT,0x2000,PUMP_CAVITATION,0,1,0,1,1,0,0.0,0.073,0.0,0.0,0.0,0.0,0.0,0.0,0.0,-1.29,111.88,1012.7,20.3,8.8,0.0,0.0,0.0,,0.0,0,0,0,0,0,4.2,0.01,1603.45,16838.83,18442.27,0.0,-7.37
2026-06-05T07:52:12.440+00:00,186818,66ec7050-ec57-40ab-8f47-c4287b6aac37,,10,FAULT,0x2000,PUMP_CAVITATION,0,1,0,1,1,0,0.0,0.806,0.0,0.0,0.0,0.0,0.0,0.0,0.0,0.0,112.5,1012.7,20.3,8.8,0.0,0.0,0.0,,0.0,0,0,0,0,0,4.2,0.01,1603.45,16838.83,18442.27,0.0,7.37
2026-06-05T07:52:12.631+00:00,186993,66ec7050-ec57-40ab-8f47-c4287b6aac37,,10,FAULT,0x2000,PUMP_CAVITATION,0,1,0,1,1,0,0.0,0.024,0.0,0.0,0.0,0.0,0.0,0.0,0.0,-1.29,109.68,1012.8,20.3,8.8,0.0,0.0,0.0,,0.0,0,0,0,0,0,4.2,0.01,1603.45,16838.83,18442.27,0.0,-7.37
2026-06-05T07:52:12.787+00:00,187169,66ec7050-ec57-40ab-8f47-c4287b6aac37,,10,FAULT,0x2000,PUMP_CAVITATION,0,1,0,1,1,0,0.0,0.61,0.0,0.0,0.0,0.0,0.0,0.0,0.0,-1.05,112.5,1012.8,20.3,8.8,0.0,0.0,0.0,,0.0,0,0,0,0,0,4.2,0.01,1603.45,16838.83,18442.27,0.0,1.36
2026-06-05T07:52:12.963+00:00,187344,66ec7050-ec57-40ab-8f47-c4287b6aac37,,10,FAULT,0x2000,PUMP_CAVITATION,0,1,0,1,1,0,0.0,0.659,0.0,0.0,0.0,0.0,0.0,0.0,0.0,-1.29,107.24,1012.7,20.3,8.8,0.0,0.0,0.0,,0.0,0,0,0,0,0,4.2,0.01,1603.45,16838.83,18442.27,0.0,-1.37
2026-06-05T07:52:13.139+00:00,187521,66ec7050-ec57-40ab-8f47-c4287b6aac37,,10,FAULT,0x2000,PUMP_CAVITATION,0,1,0,1,1,0,0.0,0.806,0.0,0.0,0.0,0.0,0.0,0.0,0.0,-0.8,112.5,1012.8,20.3,8.8,0.0,0.0,0.0,,0.0,0,0,0,0,0,4.2,0.01,1603.45,16838.83,18442.27,0.0,2.77
2026-06-05T07:52:13.327+00:00,187696,66ec7050-ec57-40ab-8f47-c4287b6aac37,,10,FAULT,0x2000,PUMP_CAVITATION,0,1,0,1,1,0,0.0,0.757,0.0,0.0,0.0,0.0,0.0,0.0,0.0,-0.8,111.27,1012.7,20.3,8.8,0.0,0.0,0.0,,0.0,0,0,0,0,0,4.2,0.01,1603.45,16838.83,18442.27,0.0,0.0
2026-06-05T07:52:13.491+00:00,187871,66ec7050-ec57-40ab-8f47-c4287b6aac37,,10,FAULT,0x2000,PUMP_CAVITATION,0,1,0,1,1,0,0.0,0.513,0.0,0.0,0.0,0.0,0.0,0.0,0.0,-1.29,112.5,1012.8,20.3,8.8,0.0,0.0,0.0,,0.0,0,0,0,0,0,4.2,0.01,1603.45,16838.83,18442.27,0.0,-2.8
2026-06-05T07:52:13.667+00:00,188047,66ec7050-ec57-40ab-8f47-c4287b6aac37,,10,FAULT,0x2000,PUMP_CAVITATION,0,1,0,1,1,0,0.0,0.0,0.0,0.0,0.0,0.0,0.0,0.0,0.0,0.9,106.63,1012.8,20.3,8.8,0.0,0.0,0.0,,0.0,0,0,0,0,0,4.2,0.01,1603.45,16838.83,18442.27,0.0,12.44
2026-06-05T07:52:13.843+00:00,188222,66ec7050-ec57-40ab-8f47-c4287b6aac37,,10,FAULT,0x2000,PUMP_CAVITATION,0,1,0,1,1,0,0.0,0.464,0.0,0.0,0.0,0.0,0.0,0.0,0.0,0.0,112.5,1012.8,20.3,8.8,0.0,0.0,0.0,,0.0,0,0,0,0,0,4.2,0.01,1603.45,16838.83,18442.27,0.0,-5.14
2026-06-05T07:52:14.028+00:00,188397,66ec7050-ec57-40ab-8f47-c4287b6aac37,,10,FAULT,0x2000,PUMP_CAVITATION,0,1,0,1,1,0,0.0,1.001,0.0,0.0,0.0,0.0,0.0,0.0,0.0,1.63,112.5,1012.8,20.3,8.8,0.0,0.0,0.0,,0.0,0,0,0,0,0,4.2,0.01,1603.45,16838.83,18442.27,0.0,9.31
2026-06-05T07:52:14.192+00:00,188572,66ec7050-ec57-40ab-8f47-c4287b6aac37,,10,FAULT,0x2000,PUMP_CAVITATION,0,1,0,1,1,0,0.0,0.904,0.0,0.0,0.0,0.0,0.0,0.0,0.0,0.9,112.5,1012.8,20.3,8.8,0.0,0.0,0.0,,0.0,0,0,0,0,0,4.2,0.01,1603.45,16838.83,18442.27,0.0,-4.17
2026-06-05T07:52:14.368+00:00,188747,66ec7050-ec57-40ab-8f47-c4287b6aac37,,10,FAULT,0x2000,PUMP_CAVITATION,0,1,0,1,1,0,0.0,0.024,0.0,0.0,0.0,0.0,0.0,0.0,0.0,1.88,106.87,1012.8,20.3,8.8,0.0,0.0,0.0,,0.0,0,0,0,0,0,4.2,0.01,1603.45,16838.83,18442.27,0.0,5.6
2026-06-05T07:52:14.543+00:00,188923,66ec7050-ec57-40ab-8f47-c4287b6aac37,,10,FAULT,0x2000,PUMP_CAVITATION,0,1,0,1,1,0,0.0,0.268,0.0,0.0,0.0,0.0,0.0,0.0,0.0,-1.29,112.5,1012.7,20.3,8.8,0.0,0.0,0.0,,0.0,0,0,0,0,0,4.2,0.01,1603.45,16838.83,18442.27,0.0,-18.01
2026-06-05T07:52:14.757+00:00,189099,66ec7050-ec57-40ab-8f47-c4287b6aac37,,10,FAULT,0x2000,PUMP_CAVITATION,0,1,0,1,1,0,0.0,0.0,0.0,0.0,0.0,0.0,0.0,0.0,0.0,0.9,109.56,1012.8,20.3,8.8,0.0,0.0,0.0,,0.0,0,0,0,0,0,4.2,0.01,1603.45,16838.83,18442.27,0.0,12.44
2026-06-05T07:52:14.895+00:00,189274,66ec7050-ec57-40ab-8f47-c4287b6aac37,,10,FAULT,0x2000,PUMP_CAVITATION,0,1,0,1,1,0,0.0,0.268,0.0,0.0,0.0,0.0,0.0,0.0,0.0,0.0,112.13,1012.8,20.3,8.8,0.0,0.0,0.0,,0.0,0,0,0,0,0,4.2,0.01,1603.45,16838.83,18442.27,0.0,-5.14
2026-06-05T07:52:15.071+00:00,189449,66ec7050-ec57-40ab-8f47-c4287b6aac37,,10,FAULT,0x2000,PUMP_CAVITATION,0,1,0,1,1,0,0.0,0.953,0.0,0.0,0.0,0.0,0.0,0.0,0.0,-0.56,112.5,1012.8,20.3,8.8,0.0,0.0,0.0,,0.0,0,0,0,0,0,4.2,0.01,1603.45,16838.83,18442.27,0.0,-3.2
2026-06-05T07:52:15.244+00:00,189625,66ec7050-ec57-40ab-8f47-c4287b6aac37,,10,FAULT,0x2000,PUMP_CAVITATION,0,1,0,1,1,0,0.0,0.562,0.0,0.0,0.0,0.0,0.0,0.0,0.0,-0.8,112.5,1012.7,20.3,8.8,0.0,0.0,0.0,,0.0,0,0,0,0,0,4.2,0.01,1603.45,16838.83,18442.27,0.0,-1.36
2026-06-05T07:52:15.454+00:00,189800,66ec7050-ec57-40ab-8f47-c4287b6aac37,,10,FAULT,0x2000,PUMP_CAVITATION,0,1,0,1,1,0,0.0,0.61,0.0,0.0,0.0,0.0,0.0,0.0,0.0,-0.8,112.5,1012.7,20.3,8.8,0.0,0.0,0.0,,0.0,0,0,0,0,0,4.2,0.01,1603.45,16838.83,18442.27,0.0,0.0
2026-06-05T07:52:15.596+00:00,189975,66ec7050-ec57-40ab-8f47-c4287b6aac37,,10,FAULT,0x2000,PUMP_CAVITATION,0,1,0,1,1,0,0.0,1.246,0.0,0.0,0.0,0.0,0.0,0.0,0.0,0.0,112.5,1012.8,20.3,8.8,0.0,0.0,0.0,,0.0,0,0,0,0,0,4.2,0.01,1603.45,16838.83,18442.27,0.0,4.57
2026-06-05T07:52:15.772+00:00,190150,66ec7050-ec57-40ab-8f47-c4287b6aac37,,10,FAULT,0x2000,PUMP_CAVITATION,0,1,0,1,1,0,0.0,0.073,0.0,0.0,0.0,0.0,0.0,0.0,0.0,0.0,112.5,1012.7,20.3,8.8,0.0,0.0,0.0,,0.0,0,0,0,0,0,4.2,0.01,1603.45,16838.83,18442.27,0.0,0.0
2026-06-05T07:52:15.956+00:00,190325,66ec7050-ec57-40ab-8f47-c4287b6aac37,,10,FAULT,0x2000,PUMP_CAVITATION,0,1,0,1,1,0,0.0,0.757,0.0,0.0,0.0,0.0,0.0,0.0,0.0,-1.05,109.81,1012.8,20.3,8.8,0.0,0.0,0.0,,0.0,0,0,0,0,0,4.2,0.01,1603.45,16838.83,18442.27,0.0,-6.0
2026-06-05T07:52:16.151+00:00,190501,66ec7050-ec57-40ab-8f47-c4287b6aac37,,10,FAULT,0x2000,PUMP_CAVITATION,0,1,0,1,1,0,0.0,0.806,0.0,0.0,0.0,0.0,0.0,0.0,0.0,0.0,112.5,1012.8,20.3,8.8,0.0,0.0,0.0,,0.0,0,0,0,0,0,4.2,0.01,1603.45,16838.83,18442.27,0.0,5.97
2026-06-05T07:52:16.297+00:00,190676,66ec7050-ec57-40ab-8f47-c4287b6aac37,,10,FAULT,0x2000,PUMP_CAVITATION,0,1,0,1,1,0,0.0,0.073,0.0,0.0,0.0,0.0,0.0,0.0,0.0,0.41,106.75,1012.7,20.3,8.8,0.0,0.0,0.0,,0.0,0,0,0,0,0,4.2,0.01,1603.45,16838.83,18442.27,0.0,2.34
2026-06-05T07:52:16.473+00:00,190852,66ec7050-ec57-40ab-8f47-c4287b6aac37,,10,FAULT,0x2000,PUMP_CAVITATION,0,1,0,1,1,0,0.0,0.415,0.0,0.0,0.0,0.0,0.0,0.0,0.0,0.41,112.5,1012.8,20.3,8.8,0.0,0.0,0.0,,0.0,0,0,0,0,0,4.2,0.01,1603.45,16838.83,18442.27,0.0,0.0
2026-06-05T07:52:16.650+00:00,191028,66ec7050-ec57-40ab-8f47-c4287b6aac37,,10,FAULT,0x2000,PUMP_CAVITATION,0,1,0,1,1,0,0.0,1.295,0.0,0.0,0.0,0.0,0.0,0.0,0.0,0.0,110.78,1012.8,20.3,8.8,0.0,0.0,0.0,,0.0,0,0,0,0,0,4.2,0.01,1603.45,16838.83,18442.27,0.0,-2.33
2026-06-05T07:52:16.850+00:00,191203,66ec7050-ec57-40ab-8f47-c4287b6aac37,,10,FAULT,0x2000,PUMP_CAVITATION,0,1,0,1,1,0,0.0,0.61,0.0,0.0,0.0,0.0,0.0,0.0,0.0,0.0,112.5,1012.7,20.3,8.8,0.0,0.0,0.0,,0.0,0,0,0,0,0,4.2,0.01,1603.45,16838.83,18442.27,0.0,0.0
2026-06-05T07:52:17.001+00:00,191378,66ec7050-ec57-40ab-8f47-c4287b6aac37,,10,FAULT,0x2000,PUMP_CAVITATION,0,1,0,1,1,0,0.0,0.855,0.0,0.0,0.0,0.0,0.0,0.0,0.0,-0.8,112.5,1012.7,20.3,8.8,0.0,0.0,0.0,,0.0,0,0,0,0,0,4.2,0.01,1603.45,16838.83,18442.27,0.0,-4.57
2026-06-05T07:52:17.177+00:00,191553,66ec7050-ec57-40ab-8f47-c4287b6aac37,,10,FAULT,0x2000,PUMP_CAVITATION,0,1,0,1,1,0,0.0,0.904,0.0,0.0,0.0,0.0,0.0,0.0,0.0,-1.29,112.5,1012.8,20.3,8.8,0.0,0.0,0.0,,0.0,0,0,0,0,0,4.2,0.01,1603.45,16838.83,18442.27,0.0,-2.8
2026-06-05T07:52:17.354+00:00,191729,66ec7050-ec57-40ab-8f47-c4287b6aac37,,10,FAULT,0x2000,PUMP_CAVITATION,0,1,0,1,1,0,0.0,0.757,0.0,0.0,0.0,0.0,0.0,0.0,0.0,-0.31,112.13,1012.7,20.3,8.8,0.0,0.0,0.0,,0.0,0,0,0,0,0,4.2,0.01,1603.45,16838.83,18442.27,0.0,5.57
2026-06-05T07:52:17.549+00:00,191904,66ec7050-ec57-40ab-8f47-c4287b6aac37,,10,FAULT,0x2000,PUMP_CAVITATION,0,1,0,1,1,0,0.0,0.268,0.0,0.0,0.0,0.0,0.0,0.0,0.0,1.88,109.81,1012.8,20.3,8.8,0.0,0.0,0.0,,0.0,0,0,0,0,0,4.2,0.01,1603.45,16838.83,18442.27,0.0,12.51
2026-06-05T07:52:17.702+00:00,192079,66ec7050-ec57-40ab-8f47-c4287b6aac37,,10,FAULT,0x2000,PUMP_CAVITATION,0,1,0,1,1,0,0.0,1.05,0.0,0.0,0.0,0.0,0.0,0.0,0.0,2.12,110.91,1012.7,20.3,8.8,0.0,0.0,0.0,,0.0,0,0,0,0,0,4.2,0.01,1603.45,16838.83,18442.27,0.0,1.37
2026-06-05T07:52:17.878+00:00,192256,66ec7050-ec57-40ab-8f47-c4287b6aac37,,10,FAULT,0x2000,PUMP_CAVITATION,0,1,0,1,1,0,0.0,0.562,0.0,0.0,0.0,0.0,0.0,0.0,0.0,-0.31,112.25,1012.8,20.3,8.8,0.0,0.0,0.0,,0.0,0,0,0,0,0,4.2,0.01,1603.45,16838.83,18442.27,0.0,-13.73
2026-06-05T07:52:18.054+00:00,192431,66ec7050-ec57-40ab-8f47-c4287b6aac37,,10,FAULT,0x2000,PUMP_CAVITATION,0,1,0,1,1,0,0.0,0.708,0.0,0.0,0.0,0.0,0.0,0.0,0.0,0.0,112.5,1012.8,20.3,8.8,0.0,0.0,0.0,,0.0,0,0,0,0,0,4.2,0.01,1603.45,16838.83,18442.27,0.0,1.77
2026-06-05T07:52:18.248+00:00,192606,66ec7050-ec57-40ab-8f47-c4287b6aac37,,10,FAULT,0x2000,PUMP_CAVITATION,0,1,0,1,1,0,0.0,0.0,0.0,0.0,0.0,0.0,0.0,0.0,0.0,0.41,107.61,1012.8,20.3,8.8,0.0,0.0,0.0,,0.0,0,0,0,0,0,4.2,0.01,1603.45,16838.83,18442.27,0.0,2.34
2026-06-05T07:52:18.405+00:00,192781,66ec7050-ec57-40ab-8f47-c4287b6aac37,,10,FAULT,0x2000,PUMP_CAVITATION,0,1,0,1,1,0,0.0,0.659,0.0,0.0,0.0,0.0,0.0,0.0,0.0,0.0,112.5,1012.7,20.3,8.8,0.0,0.0,0.0,,0.0,0,0,0,0,0,4.2,0.01,1603.45,16838.83,18442.27,0.0,-2.34
2026-06-05T07:52:18.581+00:00,192956,66ec7050-ec57-40ab-8f47-c4287b6aac37,,10,FAULT,0x2000,PUMP_CAVITATION,0,1,0,1,1,0,0.0,0.0,0.0,0.0,0.0,0.0,0.0,0.0,0.0,1.88,107.73,1012.7,20.3,8.8,0.0,0.0,0.0,,0.0,0,0,0,0,0,4.2,0.01,1603.45,16838.83,18442.27,0.0,10.74
2026-06-05T07:52:18.755+00:00,193132,66ec7050-ec57-40ab-8f47-c4287b6aac37,,10,FAULT,0x2000,PUMP_CAVITATION,0,1,0,1,1,0,0.0,1.001,0.0,0.0,0.0,0.0,0.0,0.0,0.0,-0.31,112.5,1012.8,20.3,8.8,0.0,0.0,0.0,,0.0,0,0,0,0,0,4.2,0.01,1603.45,16838.83,18442.27,0.0,-12.44
2026-06-05T07:52:18.951+00:00,193307,66ec7050-ec57-40ab-8f47-c4287b6aac37,,10,FAULT,0x2000,PUMP_CAVITATION,0,1,0,1,1,0,0.0,0.708,0.0,0.0,0.0,0.0,0.0,0.0,0.0,0.0,111.15,1012.7,20.3,8.8,0.0,0.0,0.0,,0.0,0,0,0,0,0,4.2,0.01,1603.45,16838.83,18442.27,0.0,1.77
2026-06-05T07:52:19.106+00:00,193482,66ec7050-ec57-40ab-8f47-c4287b6aac37,,10,FAULT,0x2000,PUMP_CAVITATION,0,1,0,1,1,0,0.0,0.513,0.0,0.0,0.0,0.0,0.0,0.0,0.0,-0.56,112.5,1012.7,20.3,8.8,0.0,0.0,0.0,,0.0,0,0,0,0,0,4.2,0.01,1603.45,16838.83,18442.27,0.0,-3.2
2026-06-05T07:52:19.283+00:00,193658,66ec7050-ec57-40ab-8f47-c4287b6aac37,,10,FAULT,0x2000,PUMP_CAVITATION,0,1,0,1,1,0,0.0,0.61,0.0,0.0,0.0,0.0,0.0,0.0,0.0,0.0,110.66,1012.7,20.3,8.8,0.0,0.0,0.0,,0.0,0,0,0,0,0,4.2,0.01,1603.45,16838.83,18442.27,0.0,3.18
2026-06-05T07:52:19.469+00:00,193833,66ec7050-ec57-40ab-8f47-c4287b6aac37,,10,FAULT,0x2000,PUMP_CAVITATION,0,1,0,1,1,0,0.0,0.317,0.0,0.0,0.0,0.0,0.0,0.0,0.0,3.1,112.5,1012.8,20.3,8.8,0.0,0.0,0.0,,0.0,0,0,0,0,0,4.2,0.01,1603.45,16838.83,18442.27,0.0,17.71
