timestamp_iso,timestamp_ms,session_id,test_id,state,state_name,fault_flags_hex,fault_list,estop,arm,mode_air,mode_water,charge,discharge,v_alt_V,i_load_A,power_alt_W,i_pump_A,i_comp_A,power_pump_VA,power_pump_W,power_comp_VA,power_comp_W,p1_vessel_psi,p2_motor_psi,p_hydro_mbar,temp_water_C,depth_cm,rpm_alt,rpm_water,water_valve_cmd_pct,water_valve_fb_pct,air_pulse_hz,compressor_on,pump_on,air_arm_open,water_valve_open,air_pulsing,v_setpoint_V,energy_alt_J,energy_pump_J,energy_comp_J,energy_input_J,eta_round_trip_pct,dp1_dt_psi_per_s
2026-06-05T02:03:35.170+00:00,669,34904cc0-20b0-44ef-a748-ca0f5d0a3cdb,,2,ARMED_IDLE,0x0000,NONE,0,1,0,0,0,0,0.0,0.562,0.0,0.0,0.0,0.0,0.0,0.0,0.0,36.82,0.0,0.0,0.0,0.0,0.0,0.0,0.0,56.1,0.0,0,0,0,0,0,8.0,0.0,0.0,0.0,0.0,0.0,0.0
2026-06-05T02:03:35.285+00:00,785,34904cc0-20b0-44ef-a748-ca0f5d0a3cdb,,2,ARMED_IDLE,0x0000,NONE,0,1,0,0,0,0,0.0,0.757,0.0,0.0,0.0,0.0,0.0,0.0,0.0,36.33,-0.4,0.0,0.0,0.0,0.0,0.0,0.0,56.0,0.0,0,0,0,0,0,8.0,0.0,0.0,0.0,0.0,0.0,-4.22
2026-06-05T02:03:35.386+00:00,885,34904cc0-20b0-44ef-a748-ca0f5d0a3cdb,,2,ARMED_IDLE,0x0000,NONE,0,1,0,0,0,0,0.0,0.415,0.0,0.0,0.0,0.0,0.0,0.0,0.0,37.07,-0.15,0.0,0.0,0.0,0.0,0.0,0.0,56.1,0.0,0,0,0,0,0,8.0,0.0,0.0,0.0,0.0,0.0,7.4
2026-06-05T02:03:35.535+00:00,1035,34904cc0-20b0-44ef-a748-ca0f5d0a3cdb,,2,ARMED_IDLE,0x0000,NONE,0,1,0,0,0,0,0.0,0.317,0.0,0.0,0.0,0.0,0.0,0.0,0.0,37.31,-0.52,0.0,0.0,0.0,0.0,0.0,0.0,55.4,0.0,0,0,0,0,0,8.0,0.0,0.0,0.0,0.0,0.0,1.6
2026-06-05T02:03:35.686+00:00,1184,34904cc0-20b0-44ef-a748-ca0f5d0a3cdb,,2,ARMED_IDLE,0x0000,NONE,0,1,0,0,0,0,0.0,0.562,0.0,0.0,0.0,0.0,0.0,0.0,0.0,37.07,-0.4,0.0,0.0,0.0,0.0,0.0,0.0,55.7,0.0,0,0,0,0,0,8.0,0.0,0.0,0.0,0.0,0.0,-1.61
2026-06-05T02:03:35.817+00:00,1317,34904cc0-20b0-44ef-a748-ca0f5d0a3cdb,,2,ARMED_IDLE,0x0000,NONE,0,1,0,0,0,0,0.0,0.415,0.0,0.0,0.0,0.0,0.0,0.0,0.0,35.85,0.0,0.0,0.0,0.0,0.0,0.0,0.0,55.9,0.0,0,0,0,0,0,8.0,0.0,0.0,0.0,0.0,0.0,-9.17
2026-06-05T02:03:35.952+00:00,1451,34904cc0-20b0-44ef-a748-ca0f5d0a3cdb,,2,ARMED_IDLE,0x0000,NONE,0,1,0,0,0,0,0.0,0.219,0.0,0.0,0.0,0.0,0.0,0.0,0.0,35.85,-0.28,0.0,0.0,0.0,0.0,0.0,0.0,55.8,0.0,0,0,0,0,0,8.0,0.0,0.0,0.0,0.0,0.0,0.0
2026-06-05T02:03:36.051+00:00,1550,34904cc0-20b0-44ef-a748-ca0f5d0a3cdb,,2,ARMED_IDLE,0x0000,NONE,0,1,0,0,0,0,0.0,0.513,0.0,0.0,0.0,0.0,0.0,0.0,0.0,36.33,-0.15,0.0,0.0,0.0,0.0,0.0,0.0,55.9,0.0,0,0,0,0,0,8.0,0.0,0.0,0.0,0.0,0.0,4.85
2026-06-05T02:03:36.185+00:00,1683,34904cc0-20b0-44ef-a748-ca0f5d0a3cdb,,2,ARMED_IDLE,0x0000,NONE,0,1,0,0,0,0,0.0,0.219,0.0,0.0,0.0,0.0,0.0,0.0,0.0,36.58,-0.64,0.0,0.0,0.0,0.0,0.0,0.0,56.0,0.0,0,0,0,0,0,8.0,0.0,0.0,0.0,0.0,0.0,1.88
2026-06-05T02:03:36.284+00:00,1783,34904cc0-20b0-44ef-a748-ca0f5d0a3cdb,,2,ARMED_IDLE,0x0000,NONE,0,1,0,0,0,0,0.0,0.122,0.0,0.0,0.0,0.0,0.0,0.0,0.0,36.58,-0.28,0.0,0.0,0.0,0.0,0.0,0.0,55.7,0.0,0,0,0,0,0,8.0,0.0,0.0,0.0,0.0,0.0,0.0
2026-06-05T02:03:36.419+00:00,1915,34904cc0-20b0-44ef-a748-ca0f5d0a3cdb,,2,ARMED_IDLE,0x0000,NONE,0,1,0,0,0,0,0.0,0.415,0.0,0.0,0.0,0.0,0.0,0.0,0.0,36.58,-0.52,0.0,0.0,0.0,0.0,0.0,0.0,55.8,0.0,0,0,0,0,0,8.0,0.0,0.0,0.0,0.0,0.0,0.0
2026-06-05T02:03:36.518+00:00,2016,34904cc0-20b0-44ef-a748-ca0f5d0a3cdb,,2,ARMED_IDLE,0x0000,NONE,0,1,0,0,0,0,0.0,0.171,0.0,0.0,0.0,0.0,0.0,0.0,0.0,35.6,-0.52,0.0,0.0,0.0,0.0,0.0,0.0,55.9,0.0,0,0,0,0,0,8.0,0.0,0.0,0.0,0.0,0.0,-9.7
2026-06-05T02:03:36.669+00:00,2165,34904cc0-20b0-44ef-a748-ca0f5d0a3cdb,,2,ARMED_IDLE,0x0000,NONE,0,1,0,0,0,0,0.0,0.464,0.0,0.0,0.0,0.0,0.0,0.0,0.0,36.09,-0.4,0.0,0.0,0.0,0.0,0.0,0.0,55.9,0.0,0,0,0,0,0,8.0,0.0,0.0,0.0,0.0,0.0,3.29
2026-06-05T02:03:36.784+00:00,2282,34904cc0-20b0-44ef-a748-ca0f5d0a3cdb,,2,ARMED_IDLE,0x0000,NONE,0,1,0,0,0,0,0.0,0.268,0.0,0.0,0.0,0.0,0.0,0.0,0.0,36.33,-0.28,0.0,0.0,0.0,0.0,0.0,0.0,56.1,0.0,0,0,0,0,0,8.0,0.0,0.0,0.0,0.0,0.0,2.05
2026-06-05T02:03:36.935+00:00,2432,34904cc0-20b0-44ef-a748-ca0f5d0a3cdb,,2,ARMED_IDLE,0x0000,NONE,0,1,0,0,0,0,0.0,0.659,0.0,0.0,0.0,0.0,0.0,0.0,0.0,36.82,-0.52,0.0,0.0,0.0,0.0,0.0,0.0,55.9,0.0,0,0,0,0,0,8.0,0.0,0.0,0.0,0.0,0.0,3.27
2026-06-05T02:03:37.034+00:00,2531,34904cc0-20b0-44ef-a748-ca0f5d0a3cdb,,2,ARMED_IDLE,0x0000,NONE,0,1,0,0,0,0,0.0,0.659,0.0,0.0,0.0,0.0,0.0,0.0,0.0,36.58,-0.52,0.0,0.0,0.0,0.0,0.0,0.0,55.3,0.0,0,0,0,0,0,8.0,0.0,0.0,0.0,0.0,0.0,-2.42
2026-06-05T02:03:37.136+00:00,2631,34904cc0-20b0-44ef-a748-ca0f5d0a3cdb,,2,ARMED_IDLE,0x0000,NONE,0,1,0,0,0,0,0.0,0.659,0.0,0.0,0.0,0.0,0.0,0.0,0.0,35.85,-0.52,0.0,0.0,0.0,0.0,0.0,0.0,54.5,0.0,0,0,0,0,0,8.0,0.0,0.0,0.0,0.0,0.0,-7.3
2026-06-05T02:03:37.234+00:00,2732,34904cc0-20b0-44ef-a748-ca0f5d0a3cdb,,2,ARMED_IDLE,0x0000,NONE,0,1,0,0,0,0,0.0,0.317,0.0,0.0,0.0,0.0,0.0,0.0,0.0,35.6,-0.28,0.0,0.0,0.0,0.0,0.0,0.0,52.8,0.0,0,0,0,0,0,8.0,0.0,0.0,0.0,0.0,0.0,-2.48
2026-06-05T02:03:37.369+00:00,2864,34904cc0-20b0-44ef-a748-ca0f5d0a3cdb,,2,ARMED_IDLE,0x0000,NONE,0,1,0,0,0,0,0.0,0.317,0.0,0.0,0.0,0.0,0.0,0.0,0.0,35.6,-0.4,0.0,0.0,0.0,0.0,0.0,0.0,52.0,0.0,0,0,0,0,0,8.0,0.0,0.0,0.0,0.0,0.0,0.0
2026-06-05T02:03:37.501+00:00,2997,34904cc0-20b0-44ef-a748-ca0f5d0a3cdb,,2,ARMED_IDLE,0x0000,NONE,0,1,0,0,0,0,0.0,0.659,0.0,0.0,0.0,0.0,0.0,0.0,0.0,36.58,0.0,0.0,0.0,0.0,0.0,0.0,0.0,53.9,0.0,0,0,0,0,0,8.0,0.0,0.0,0.0,0.0,0.0,7.37
2026-06-05T02:03:37.635+00:00,3130,34904cc0-20b0-44ef-a748-ca0f5d0a3cdb,,2,ARMED_IDLE,0x0000,NONE,0,1,0,0,0,0,0.0,0.659,0.0,0.0,0.0,0.0,0.0,0.0,0.0,35.6,-0.15,0.0,0.0,0.0,0.0,0.0,0.0,56.8,0.0,0,0,0,0,0,8.0,0.0,0.0,0.0,0.0,0.0,-7.37
2026-06-05T02:03:37.767+00:00,3263,34904cc0-20b0-44ef-a748-ca0f5d0a3cdb,,2,ARMED_IDLE,0x0000,NONE,0,1,0,0,0,0,0.0,0.513,0.0,0.0,0.0,0.0,0.0,0.0,0.0,37.07,-0.52,0.0,0.0,0.0,0.0,0.0,0.0,58.1,0.0,0,0,0,0,0,8.0,0.0,0.0,0.0,0.0,0.0,11.05
2026-06-05T02:03:37.918+00:00,3412,34904cc0-20b0-44ef-a748-ca0f5d0a3cdb,,2,ARMED_IDLE,0x0000,NONE,0,1,0,0,0,0,0.0,0.61,0.0,0.0,0.0,0.0,0.0,0.0,0.0,37.31,-0.4,0.0,0.0,0.0,0.0,0.0,0.0,59.0,0.0,0,0,0,0,0,8.0,0.0,0.0,0.0,0.0,0.0,1.61
2026-06-05T02:03:38.017+00:00,3512,34904cc0-20b0-44ef-a748-ca0f5d0a3cdb,,2,ARMED_IDLE,0x0000,NONE,0,1,0,0,0,0,0.0,0.708,0.0,0.0,0.0,0.0,0.0,0.0,0.0,36.33,-0.4,0.0,0.0,0.0,0.0,0.0,0.0,59.4,0.0,0,0,0,0,0,8.0,0.0,0.0,0.0,0.0,0.0,-9.8
2026-06-05T02:03:38.168+00:00,3661,34904cc0-20b0-44ef-a748-ca0f5d0a3cdb,,2,ARMED_IDLE,0x0000,NONE,0,1,0,0,0,0,0.0,0.464,0.0,0.0,0.0,0.0,0.0,0.0,0.0,35.85,-0.4,0.0,0.0,0.0,0.0,0.0,0.0,61.4,0.0,0,0,0,0,0,8.0,0.0,0.0,0.0,0.0,0.0,-3.22
2026-06-05T02:03:38.267+00:00,3762,34904cc0-20b0-44ef-a748-ca0f5d0a3cdb,,2,ARMED_IDLE,0x0000,NONE,0,1,0,0,0,0,0.0,0.659,0.0,0.0,0.0,0.0,0.0,0.0,0.0,37.07,-0.4,0.0,0.0,0.0,0.0,0.0,0.0,61.4,0.0,0,0,0,0,0,8.0,0.0,0.0,0.0,0.0,0.0,12.08
2026-06-05T02:03:38.418+00:00,3911,34904cc0-20b0-44ef-a748-ca0f5d0a3cdb,,2,ARMED_IDLE,0x0000,NONE,0,1,0,0,0,0,0.0,0.562,0.0,0.0,0.0,0.0,0.0,0.0,0.0,36.58,-0.52,0.0,0.0,0.0,0.0,0.0,0.0,61.8,0.0,0,0,0,0,0,8.0,0.0,0.0,0.0,0.0,0.0,-3.29
2026-06-05T02:03:38.516+00:00,4011,34904cc0-20b0-44ef-a748-ca0f5d0a3cdb,,2,ARMED_IDLE,0x0000,NONE,0,1,0,0,0,0,0.0,0.415,0.0,0.0,0.0,0.0,0.0,0.0,0.0,36.33,-0.15,0.0,0.0,0.0,0.0,0.0,0.0,61.3,0.0,0,0,0,0,0,8.0,0.0,0.0,0.0,0.0,0.0,-2.5
2026-06-05T02:03:38.618+00:00,4111,34904cc0-20b0-44ef-a748-ca0f5d0a3cdb,,2,ARMED_IDLE,0x0000,NONE,0,1,0,0,0,0,0.0,0.268,0.0,0.0,0.0,0.0,0.0,0.0,0.0,36.09,-0.28,0.0,0.0,0.0,0.0,0.0,0.0,61.3,0.0,0,0,0,0,0,8.0,0.0,0.0,0.0,0.0,0.0,-2.4
2026-06-05T02:03:38.767+00:00,4260,34904cc0-20b0-44ef-a748-ca0f5d0a3cdb,,2,ARMED_IDLE,0x0000,NONE,0,1,0,0,0,0,0.0,0.219,0.0,0.0,0.0,0.0,0.0,0.0,0.0,36.09,-0.15,0.0,0.0,0.0,0.0,0.0,0.0,62.1,0.0,0,0,0,0,0,8.0,0.0,0.0,0.0,0.0,0.0,0.0
2026-06-05T02:03:38.869+00:00,4360,34904cc0-20b0-44ef-a748-ca0f5d0a3cdb,,2,ARMED_IDLE,0x0000,NONE,0,1,0,0,0,0,0.0,0.562,0.0,0.0,0.0,0.0,0.0,0.0,0.0,35.85,-0.4,0.0,0.0,0.0,0.0,0.0,0.0,62.5,0.0,0,0,0,0,0,8.0,0.0,0.0,0.0,0.0,0.0,-2.4
2026-06-05T02:03:39.016+00:00,4510,34904cc0-20b0-44ef-a748-ca0f5d0a3cdb,,2,ARMED_IDLE,0x0000,NONE,0,1,0,0,0,0,0.0,0.366,0.0,0.0,0.0,0.0,0.0,0.0,0.0,36.58,-0.15,0.0,0.0,0.0,0.0,0.0,0.0,62.0,0.0,0,0,0,0,0,8.0,0.0,0.0,0.0,0.0,0.0,4.87
2026-06-05T02:03:39.168+00:00,4660,34904cc0-20b0-44ef-a748-ca0f5d0a3cdb,,2,ARMED_IDLE,0x0000,NONE,0,1,0,0,0,0,0.0,0.317,0.0,0.0,0.0,0.0,0.0,0.0,0.0,36.33,-0.15,0.0,0.0,0.0,0.0,0.0,0.0,61.2,0.0,0,0,0,0,0,8.0,0.0,0.0,0.0,0.0,0.0,-1.67
2026-06-05T02:03:39.269+00:00,4759,34904cc0-20b0-44ef-a748-ca0f5d0a3cdb,,2,ARMED_IDLE,0x0000,NONE,0,1,0,0,0,0,0.0,0.366,0.0,0.0,0.0,0.0,0.0,0.0,0.0,35.6,-0.52,0.0,0.0,0.0,0.0,0.0,0.0,59.8,0.0,0,0,0,0,0,8.0,0.0,0.0,0.0,0.0,0.0,-7.37
2026-06-05T02:03:39.417+00:00,4910,34904cc0-20b0-44ef-a748-ca0f5d0a3cdb,,2,ARMED_IDLE,0x0000,NONE,0,1,0,0,0,0,0.0,0.415,0.0,0.0,0.0,0.0,0.0,0.0,0.0,35.85,-0.52,0.0,0.0,0.0,0.0,0.0,0.0,59.4,0.0,0,0,0,0,0,8.0,0.0,0.0,0.0,0.0,0.0,1.66
2026-06-05T02:03:39.519+00:00,5009,34904cc0-20b0-44ef-a748-ca0f5d0a3cdb,,2,ARMED_IDLE,0x0000,NONE,0,1,0,0,0,0,0.0,0.268,0.0,0.0,0.0,0.0,0.0,0.0,0.0,36.58,-0.52,0.0,0.0,0.0,0.0,0.0,0.0,58.8,0.0,0,0,0,0,0,8.0,0.0,0.0,0.0,0.0,0.0,7.37
2026-06-05T02:03:39.651+00:00,5142,34904cc0-20b0-44ef-a748-ca0f5d0a3cdb,,2,ARMED_IDLE,0x0000,NONE,0,1,0,0,0,0,0.0,0.366,0.0,0.0,0.0,0.0,0.0,0.0,0.0,36.58,-0.15,0.0,0.0,0.0,0.0,0.0,0.0,59.5,0.0,0,0,0,0,0,8.0,0.0,0.0,0.0,0.0,0.0,0.0
2026-06-05T02:03:39.752+00:00,5241,34904cc0-20b0-44ef-a748-ca0f5d0a3cdb,,2,ARMED_IDLE,0x0000,NONE,0,1,0,0,0,0,0.0,0.464,0.0,3.01,0.0,361.2,270.9,0.0,0.0,37.31,-0.28,0.0,0.0,0.0,0.0,0.0,0.0,59.5,0.0,0,0,0,0,0,8.0,0.0,26.82,0.0,26.82,0.0,7.37
2026-06-05T02:03:39.868+00:00,5358,34904cc0-20b0-44ef-a748-ca0f5d0a3cdb,,1,OFF,0x0000,NONE,0,0,0,0,0,0,0.0,0.171,0.0,2.172,0.0,260.64,195.48,0.0,0.0,35.85,-0.52,0.0,0.0,0.0,0.0,0.0,0.0,59.1,0.0,0,0,0,0,0,8.0,0.0,49.69,0.0,49.69,0.0,-12.48
2026-06-05T02:03:39.986+00:00,5475,34904cc0-20b0-44ef-a748-ca0f5d0a3cdb,,1,OFF,0x0000,NONE,0,0,0,0,0,0,0.0,0.513,0.0,2.091,0.0,250.92,188.19,0.0,0.0,35.85,-0.4,0.0,0.0,0.0,0.0,0.0,0.0,58.3,0.0,0,0,0,0,0,8.0,0.0,71.71,0.0,71.71,0.0,0.0
2026-06-05T02:03:40.101+00:00,5591,34904cc0-20b0-44ef-a748-ca0f5d0a3cdb,,1,OFF,0x0000,NONE,0,0,0,0,0,0,0.0,0.122,0.0,2.054,0.0,246.48,184.86,0.0,0.0,36.58,-0.52,0.0,0.0,0.0,0.0,0.0,0.0,58.5,0.0,0,0,0,0,0,8.0,0.0,93.15,0.0,93.15,0.0,6.29
2026-06-05T02:03:40.219+00:00,5707,34904cc0-20b0-44ef-a748-ca0f5d0a3cdb,,1,OFF,0x0000,NONE,0,0,0,0,0,0,0.0,0.171,0.0,2.045,0.0,245.4,184.05,0.0,0.0,36.58,-0.15,0.0,0.0,0.0,0.0,0.0,0.0,57.9,0.0,0,0,0,0,0,8.0,0.0,114.5,0.0,114.5,0.0,0.0
2026-06-05T02:03:40.335+00:00,5824,34904cc0-20b0-44ef-a748-ca0f5d0a3cdb,,1,OFF,0x0000,NONE,0,0,0,0,0,0,0.0,0.659,0.0,2.044,0.0,245.28,183.96,0.0,0.0,36.82,-0.4,0.0,0.0,0.0,0.0,0.0,0.0,57.8,0.0,0,0,0,0,0,8.0,0.0,136.03,0.0,136.03,0.0,2.05
2026-06-05T02:03:40.450+00:00,5941,34904cc0-20b0-44ef-a748-ca0f5d0a3cdb,,1,OFF,0x0000,NONE,0,0,0,0,0,0,0.0,0.464,0.0,2.07,0.0,248.4,186.3,0.0,0.0,36.09,0.0,0.0,0.0,0.0,0.0,0.0,0.0,57.2,0.0,0,0,0,0,0,8.0,0.0,157.82,0.0,157.82,0.0,-6.24
2026-06-05T02:03:40.568+00:00,6056,34904cc0-20b0-44ef-a748-ca0f5d0a3cdb,,1,OFF,0x0000,NONE,0,0,0,0,0,0,0.0,0.0,0.0,2.08,0.0,249.6,187.2,0.0,0.0,36.58,-0.15,0.0,0.0,0.0,0.0,0.0,0.0,57.3,0.0,0,0,0,0,0,8.0,0.0,179.35,0.0,179.35,0.0,4.26
2026-06-05T02:03:40.683+00:00,6173,34904cc0-20b0-44ef-a748-ca0f5d0a3cdb,,1,OFF,0x0000,NONE,0,0,0,0,0,0,0.0,0.366,0.0,2.075,0.0,249.0,186.75,0.0,0.0,36.82,-0.64,0.0,0.0,0.0,0.0,0.0,0.0,57.7,0.0,0,0,0,0,0,8.0,0.0,201.2,0.0,201.2,0.0,2.05
2026-06-05T02:03:40.802+00:00,6290,34904cc0-20b0-44ef-a748-ca0f5d0a3cdb,,1,OFF,0x0000,NONE,0,0,0,0,0,0,0.0,0.513,0.0,2.053,0.0,246.36,184.77,0.0,0.0,36.82,-0.28,0.0,0.0,0.0,0.0,0.0,0.0,57.4,0.0,0,0,0,0,0,8.0,0.0,222.82,0.0,222.82,0.0,0.0
2026-06-05T02:03:40.917+00:00,6406,34904cc0-20b0-44ef-a748-ca0f5d0a3cdb,,1,OFF,0x0000,NONE,0,0,0,0,0,0,0.0,0.415,0.0,2.046,0.0,245.52,184.14,0.0,0.0,36.82,-0.64,0.0,0.0,0.0,0.0,0.0,0.0,57.2,0.0,0,0,0,0,0,8.0,0.0,244.18,0.0,244.18,0.0,0.0
2026-06-05T02:03:41.035+00:00,6522,34904cc0-20b0-44ef-a748-ca0f5d0a3cdb,,1,OFF,0x0000,NONE,0,0,0,0,0,0,0.0,0.464,0.0,2.066,0.0,247.92,185.94,0.0,0.0,36.33,0.0,0.0,0.0,0.0,0.0,0.0,0.0,56.1,0.0,0,0,0,0,0,8.0,0.0,265.75,0.0,265.75,0.0,-4.22
2026-06-05T02:03:41.150+00:00,6639,34904cc0-20b0-44ef-a748-ca0f5d0a3cdb,,1,OFF,0x0000,NONE,0,0,0,0,0,0,0.0,0.513,0.0,2.074,0.0,248.88,186.66,0.0,0.0,35.85,-0.64,0.0,0.0,0.0,0.0,0.0,0.0,56.0,0.0,0,0,0,0,0,8.0,0.0,287.59,0.0,287.59,0.0,-4.1
2026-06-05T02:03:41.268+00:00,6755,34904cc0-20b0-44ef-a748-ca0f5d0a3cdb,,1,OFF,0x0000,NONE,0,0,0,0,0,0,0.0,0.415,0.0,2.049,0.0,245.88,184.41,0.0,0.0,36.09,-0.28,0.0,0.0,0.0,0.0,0.0,0.0,56.0,0.0,0,0,0,0,0,8.0,0.0,308.98,0.0,308.98,0.0,2.07
2026-06-05T02:03:41.383+00:00,6872,34904cc0-20b0-44ef-a748-ca0f5d0a3cdb,,1,OFF,0x0000,NONE,0,0,0,0,0,0,0.0,0.366,0.0,2.064,0.0,247.68,185.76,0.0,0.0,37.31,-0.52,0.0,0.0,0.0,0.0,0.0,0.0,55.7,0.0,0,0,0,0,0,8.0,0.0,330.71,0.0,330.71,0.0,10.43
2026-06-05T02:03:41.502+00:00,6988,34904cc0-20b0-44ef-a748-ca0f5d0a3cdb,,1,OFF,0x0000,NONE,0,0,0,0,0,0,0.0,0.464,0.0,2.058,0.0,246.96,185.22,0.0,0.0,37.07,-0.4,0.0,0.0,0.0,0.0,0.0,0.0,56.2,0.0,0,0,0,0,0,8.0,0.0,352.2,0.0,352.2,0.0,-2.07
2026-06-05T02:03:41.617+00:00,7105,34904cc0-20b0-44ef-a748-ca0f5d0a3cdb,,1,OFF,0x0000,NONE,0,0,0,0,0,0,0.0,0.513,0.0,2.054,0.0,246.48,184.86,0.0,0.0,36.82,-0.4,0.0,0.0,0.0,0.0,0.0,0.0,53.6,0.0,0,0,0,0,0,8.0,0.0,373.83,0.0,373.83,0.0,-2.14
2026-06-05T02:03:41.735+00:00,7221,34904cc0-20b0-44ef-a748-ca0f5d0a3cdb,,1,OFF,0x0000,NONE,0,0,0,0,0,0,0.0,0.268,0.0,2.046,0.0,245.52,184.14,0.0,0.0,35.85,-0.52,0.0,0.0,0.0,0.0,0.0,0.0,53.6,0.0,0,0,0,0,0,8.0,0.0,395.19,0.0,395.19,0.0,-8.36
2026-06-05T02:03:41.850+00:00,7337,34904cc0-20b0-44ef-a748-ca0f5d0a3cdb,,1,OFF,0x0000,NONE,0,0,0,0,0,0,0.0,0.464,0.0,2.061,0.0,247.32,185.49,0.0,0.0,35.85,-0.4,0.0,0.0,0.0,0.0,0.0,0.0,53.1,0.0,0,0,0,0,0,8.0,0.0,416.7,0.0,416.7,0.0,0.0
2026-06-05T02:03:41.969+00:00,7454,34904cc0-20b0-44ef-a748-ca0f5d0a3cdb,,1,OFF,0x0000,NONE,0,0,0,0,0,0,0.0,0.219,0.0,2.018,0.0,242.16,181.62,0.0,0.0,35.85,-0.28,0.0,0.0,0.0,0.0,0.0,0.0,53.2,0.0,0,0,0,0,0,8.0,0.0,437.95,0.0,437.95,0.0,0.0
2026-06-05T02:03:42.084+00:00,7571,34904cc0-20b0-44ef-a748-ca0f5d0a3cdb,,1,OFF,0x0000,NONE,0,0,0,0,0,0,0.0,0.953,0.0,2.005,0.0,240.6,180.45,0.0,0.0,37.07,0.0,0.0,0.0,0.0,0.0,0.0,0.0,54.0,0.0,0,0,0,0,0,8.0,0.0,459.07,0.0,459.07,0.0,10.43
2026-06-05T02:03:42.202+00:00,7687,34904cc0-20b0-44ef-a748-ca0f5d0a3cdb,,1,OFF,0x0000,NONE,0,0,0,0,0,0,0.0,0.415,0.0,2.004,0.0,240.48,180.36,0.0,0.0,35.6,-0.4,0.0,0.0,0.0,0.0,0.0,0.0,54.3,0.0,0,0,0,0,0,8.0,0.0,479.99,0.0,479.99,0.0,-12.67
2026-06-05T02:03:42.318+00:00,7803,34904cc0-20b0-44ef-a748-ca0f5d0a3cdb,,1,OFF,0x0000,NONE,0,0,0,0,0,0,0.0,0.513,0.0,1.988,0.0,238.56,178.92,0.0,0.0,35.6,-0.15,0.0,0.0,0.0,0.0,0.0,0.0,55.1,0.0,0,0,0,0,0,8.0,0.0,500.74,0.0,500.74,0.0,0.0
2026-06-05T02:03:42.436+00:00,7919,34904cc0-20b0-44ef-a748-ca0f5d0a3cdb,,1,OFF,0x0000,NONE,0,0,0,0,0,0,0.0,0.317,0.0,1.993,0.0,239.16,179.37,0.0,0.0,35.85,-0.28,0.0,0.0,0.0,0.0,0.0,0.0,55.3,0.0,0,0,0,0,0,8.0,0.0,521.55,0.0,521.55,0.0,2.16
2026-06-05T02:03:42.551+00:00,8036,34904cc0-20b0-44ef-a748-ca0f5d0a3cdb,,1,OFF,0x0000,NONE,0,0,0,0,0,0,0.0,0.61,0.0,1.989,0.0,238.68,179.01,0.0,0.0,37.07,-0.4,0.0,0.0,0.0,0.0,0.0,0.0,55.4,0.0,0,0,0,0,0,8.0,0.0,542.49,0.0,542.49,0.0,10.43
2026-06-05T02:03:42.669+00:00,8153,34904cc0-20b0-44ef-a748-ca0f5d0a3cdb,,2,ARMED_IDLE,0x0000,NONE,0,1,0,0,0,0,0.0,0.366,0.0,1.963,0.0,235.56,176.67,0.0,0.0,36.58,-0.52,0.0,0.0,0.0,0.0,0.0,0.0,53.5,0.0,0,0,0,0,0,8.0,0.0,563.16,0.0,563.16,0.0,-4.19
2026-06-05T02:03:42.785+00:00,8269,34904cc0-20b0-44ef-a748-ca0f5d0a3cdb,,2,ARMED_IDLE,0x0000,NONE,0,1,0,0,0,0,0.0,0.464,0.0,1.943,0.0,233.16,174.87,0.0,0.0,35.6,-0.15,0.0,0.0,0.0,0.0,0.0,0.0,55.7,0.0,0,0,0,0,0,8.0,0.0,583.45,0.0,583.45,0.0,-8.45
2026-06-05T02:03:42.902+00:00,8385,34904cc0-20b0-44ef-a748-ca0f5d0a3cdb,,2,ARMED_IDLE,0x0000,NONE,0,1,0,0,0,0,0.0,0.61,0.0,1.875,0.0,225.0,168.75,0.0,0.0,36.58,-0.15,0.0,0.0,0.0,0.0,0.0,0.0,54.5,0.0,0,0,0,0,0,8.0,0.0,603.02,0.0,603.02,0.0,8.45
2026-06-05T02:03:43.018+00:00,8502,34904cc0-20b0-44ef-a748-ca0f5d0a3cdb,,2,ARMED_IDLE,0x0000,NONE,0,1,0,0,0,0,0.0,0.513,0.0,1.828,0.0,219.36,164.52,0.0,0.0,37.07,-0.4,0.0,0.0,0.0,0.0,0.0,0.0,55.3,0.0,0,0,0,0,0,8.0,0.0,622.27,0.0,622.27,0.0,4.19
2026-06-05T02:03:43.136+00:00,8619,34904cc0-20b0-44ef-a748-ca0f5d0a3cdb,,2,ARMED_IDLE,0x0000,NONE,0,1,0,0,0,0,0.0,0.366,0.0,1.805,0.0,216.6,162.45,0.0,0.0,36.82,-0.52,0.0,0.0,0.0,0.0,0.0,0.0,55.9,0.0,0,0,0,0,0,8.0,0.0,641.28,0.0,641.28,0.0,-2.14
2026-06-05T02:03:43.251+00:00,8734,34904cc0-20b0-44ef-a748-ca0f5d0a3cdb,,2,ARMED_IDLE,0x0000,NONE,0,1,0,0,0,0,0.0,0.171,0.0,1.746,0.0,209.52,157.14,0.0,0.0,37.07,-0.28,0.0,0.0,0.0,0.0,0.0,0.0,56.2,0.0,0,0,0,0,0,8.0,0.0,659.35,0.0,659.35,0.0,2.17
2026-06-05T02:03:43.367+00:00,8851,34904cc0-20b0-44ef-a748-ca0f5d0a3cdb,,2,ARMED_IDLE,0x0000,NONE,0,1,0,0,0,0,0.0,0.268,0.0,1.748,0.0,209.76,157.32,0.0,0.0,35.36,-0.4,0.0,0.0,0.0,0.0,0.0,0.0,55.8,0.0,0,0,0,0,0,8.0,0.0,677.76,0.0,677.76,0.0,-14.62
2026-06-05T02:03:43.485+00:00,8968,34904cc0-20b0-44ef-a748-ca0f5d0a3cdb,,2,ARMED_IDLE,0x0000,NONE,0,1,0,0,0,0,0.0,0.268,0.0,1.719,0.0,206.28,154.71,0.0,0.0,35.36,-0.15,0.0,0.0,0.0,0.0,0.0,0.0,55.2,0.0,0,0,0,0,0,8.0,0.0,695.86,0.0,695.86,0.0,0.0
2026-06-05T02:03:43.600+00:00,9083,34904cc0-20b0-44ef-a748-ca0f5d0a3cdb,,2,ARMED_IDLE,0x0000,NONE,0,1,0,0,0,0,0.0,0.464,0.0,1.709,0.0,205.08,153.81,0.0,0.0,36.58,-0.4,0.0,0.0,0.0,0.0,0.0,0.0,54.9,0.0,0,0,0,0,0,8.0,0.0,713.55,0.0,713.55,0.0,10.61
2026-06-05T02:03:43.718+00:00,9200,34904cc0-20b0-44ef-a748-ca0f5d0a3cdb,,2,ARMED_IDLE,0x0000,NONE,0,1,0,0,0,0,0.0,0.464,0.0,1.681,0.0,201.72,151.29,0.0,0.0,37.31,-0.4,0.0,0.0,0.0,0.0,0.0,0.0,54.8,0.0,0,0,0,0,0,8.0,0.0,731.25,0.0,731.25,0.0,6.24
2026-06-05T02:03:43.834+00:00,9317,34904cc0-20b0-44ef-a748-ca0f5d0a3cdb,,2,ARMED_IDLE,0x0000,NONE,0,1,0,0,0,0,0.0,0.317,0.0,1.674,0.0,200.88,150.66,0.0,0.0,37.31,-0.4,0.0,0.0,0.0,0.0,0.0,0.0,54.3,0.0,0,0,0,0,0,8.0,0.0,748.87,0.0,748.87,0.0,0.0
2026-06-05T02:03:43.952+00:00,9434,34904cc0-20b0-44ef-a748-ca0f5d0a3cdb,,2,ARMED_IDLE,0x0000,NONE,0,1,0,0,0,0,0.0,0.464,0.0,1.66,0.0,199.2,149.4,0.0,0.0,35.36,-0.4,0.0,0.0,0.0,0.0,0.0,0.0,53.5,0.0,0,0,0,0,0,8.0,0.0,766.35,0.0,766.35,0.0,-16.67
2026-06-05T02:03:44.067+00:00,9549,34904cc0-20b0-44ef-a748-ca0f5d0a3cdb,,2,ARMED_IDLE,0x0000,NONE,0,1,0,0,0,0,0.0,0.219,0.0,1.643,0.0,197.16,147.87,0.0,0.0,35.6,-0.15,0.0,0.0,0.0,0.0,0.0,0.0,54.9,0.0,0,0,0,0,0,8.0,0.0,783.36,0.0,783.36,0.0,2.09
2026-06-05T02:03:44.185+00:00,9666,34904cc0-20b0-44ef-a748-ca0f5d0a3cdb,,2,ARMED_IDLE,0x0000,NONE,0,1,0,0,0,0,0.0,0.659,0.0,1.59,0.0,190.8,143.1,0.0,0.0,36.33,-0.64,0.0,0.0,0.0,0.0,0.0,0.0,53.4,0.0,0,0,0,0,0,8.0,0.0,800.1,0.0,800.1,0.0,6.24
2026-06-05T02:03:44.300+00:00,9783,34904cc0-20b0-44ef-a748-ca0f5d0a3cdb,,2,ARMED_IDLE,0x0000,NONE,0,1,0,0,0,0,0.0,0.366,0.0,1.58,0.0,189.6,142.2,0.0,0.0,36.82,-0.28,0.0,0.0,0.0,0.0,0.0,0.0,53.7,0.0,0,0,0,0,0,8.0,0.0,816.74,0.0,816.74,0.0,4.19
2026-06-05T02:03:44.418+00:00,9899,34904cc0-20b0-44ef-a748-ca0f5d0a3cdb,,2,ARMED_IDLE,0x0000,NONE,0,1,0,0,0,0,0.0,0.268,0.0,1.56,0.0,187.2,140.4,0.0,0.0,37.07,-0.52,0.0,0.0,0.0,0.0,0.0,0.0,54.7,0.0,0,0,0,0,0,8.0,0.0,833.03,0.0,833.03,0.0,2.16
2026-06-05T02:03:44.534+00:00,10015,34904cc0-20b0-44ef-a748-ca0f5d0a3cdb,,2,ARMED_IDLE,0x0000,NONE,0,1,0,0,0,0,0.0,0.415,0.0,1.569,0.0,188.28,141.21,0.0,0.0,35.6,-0.28,0.0,0.0,0.0,0.0,0.0,0.0,54.0,0.0,0,0,0,0,0,8.0,0.0,849.41,0.0,849.41,0.0,-12.67
2026-06-05T02:03:44.652+00:00,10132,34904cc0-20b0-44ef-a748-ca0f5d0a3cdb,,2,ARMED_IDLE,0x0000,NONE,0,1,0,0,0,0,0.0,0.562,0.0,1.563,0.0,187.56,140.67,0.0,0.0,36.82,-0.4,0.0,0.0,0.0,0.0,0.0,0.0,54.2,0.0,0,0,0,0,0,8.0,0.0,865.86,0.0,865.86,0.0,10.43
2026-06-05T02:03:44.768+00:00,10248,34904cc0-20b0-44ef-a748-ca0f5d0a3cdb,,2,ARMED_IDLE,0x0000,NONE,0,1,0,0,0,0,0.0,0.317,0.0,1.547,0.0,185.64,139.23,0.0,0.0,36.33,-0.15,0.0,0.0,0.0,0.0,0.0,0.0,55.0,0.0,0,0,0,0,0,8.0,0.0,882.01,0.0,882.01,0.0,-4.22
2026-06-05T02:03:44.885+00:00,10364,34904cc0-20b0-44ef-a748-ca0f5d0a3cdb,,2,ARMED_IDLE,0x0000,NONE,0,1,0,0,0,0,0.0,0.268,0.0,1.548,0.0,185.76,139.32,0.0,0.0,37.07,-0.64,0.0,0.0,0.0,0.0,0.0,0.0,54.0,0.0,0,0,0,0,0,8.0,0.0,898.18,0.0,898.18,0.0,6.38
2026-06-05T02:03:45.001+00:00,10481,34904cc0-20b0-44ef-a748-ca0f5d0a3cdb,,2,ARMED_IDLE,0x0000,NONE,0,1,0,0,0,0,0.0,0.219,0.0,1.53,0.0,183.6,137.7,0.0,0.0,37.07,-0.52,0.0,0.0,0.0,0.0,0.0,0.0,53.4,0.0,0,0,0,0,0,8.0,0.0,914.29,0.0,914.29,0.0,0.0
2026-06-05T02:03:45.118+00:00,10597,34904cc0-20b0-44ef-a748-ca0f5d0a3cdb,,2,ARMED_IDLE,0x0000,NONE,0,1,0,0,0,0,0.0,0.659,0.0,1.486,0.0,178.32,133.74,0.0,0.0,35.85,-0.15,0.0,0.0,0.0,0.0,0.0,0.0,53.2,0.0,0,0,0,0,0,8.0,0.0,929.8,0.0,929.8,0.0,-10.52
2026-06-05T02:03:45.234+00:00,10714,34904cc0-20b0-44ef-a748-ca0f5d0a3cdb,,2,ARMED_IDLE,0x0000,NONE,0,1,0,0,0,0,0.0,0.659,0.0,1.489,0.0,178.68,134.01,0.0,0.0,36.58,-0.52,0.0,0.0,0.0,0.0,0.0,0.0,54.8,0.0,0,0,0,0,0,8.0,0.0,945.48,0.0,945.48,0.0,6.24
2026-06-05T02:03:45.352+00:00,10830,34904cc0-20b0-44ef-a748-ca0f5d0a3cdb,,2,ARMED_IDLE,0x0000,NONE,0,1,1,0,0,0,0.0,0.61,0.0,1.477,0.0,177.24,132.93,0.0,0.0,37.31,0.0,0.0,0.0,0.0,0.0,0.0,0.0,53.8,0.0,0,0,0,0,0,8.0,0.0,960.9,0.0,960.9,0.0,6.29
2026-06-05T02:03:45.467+00:00,10947,34904cc0-20b0-44ef-a748-ca0f5d0a3cdb,,2,ARMED_IDLE,0x0000,NONE,0,1,1,0,0,0,0.0,0.562,0.0,1.404,0.0,168.48,126.36,0.0,0.0,36.58,-0.4,0.0,0.0,0.0,0.0,0.0,0.0,52.9,0.0,0,0,0,0,0,8.0,0.0,975.68,0.0,975.68,0.0,-6.24
2026-06-05T02:03:45.585+00:00,11063,34904cc0-20b0-44ef-a748-ca0f5d0a3cdb,,2,ARMED_IDLE,0x0000,NONE,0,1,1,0,0,0,0.0,0.366,0.0,1.407,0.0,168.84,126.63,0.0,0.0,36.33,-0.52,0.0,0.0,0.0,0.0,0.0,0.0,51.9,0.0,0,0,0,0,0,8.0,0.0,990.37,0.0,990.37,0.0,-2.16
2026-06-05T02:03:45.727+00:00,11180,34904cc0-20b0-44ef-a748-ca0f5d0a3cdb,,2,ARMED_IDLE,0x0000,NONE,0,1,1,0,0,0,0.0,0.366,0.0,1.417,0.0,170.04,127.53,0.0,0.0,37.56,-0.4,0.0,0.0,0.0,0.0,0.0,0.0,53.0,0.0,0,0,0,0,0,8.0,0.0,1005.29,0.0,1005.29,0.0,10.51
2026-06-05T02:03:45.819+00:00,11296,34904cc0-20b0-44ef-a748-ca0f5d0a3cdb,,2,ARMED_IDLE,0x0000,NONE,0,1,1,0,0,0,0.0,0.953,0.0,1.417,0.0,170.04,127.53,0.0,0.0,36.82,-0.4,0.0,0.0,0.0,0.0,0.0,0.0,53.3,0.0,0,0,0,0,0,8.0,0.0,1020.09,0.0,1020.09,0.0,-6.38
2026-06-05T02:03:45.934+00:00,11412,34904cc0-20b0-44ef-a748-ca0f5d0a3cdb,,2,ARMED_IDLE,0x0000,NONE,0,1,1,0,0,0,0.0,0.464,0.0,1.409,0.0,169.08,126.81,0.0,0.0,36.33,-0.28,0.0,0.0,0.0,0.0,0.0,0.0,52.5,0.0,0,0,0,0,0,8.0,0.0,1034.8,0.0,1034.8,0.0,-4.22
2026-06-05T02:03:46.055+00:00,11529,34904cc0-20b0-44ef-a748-ca0f5d0a3cdb,,2,ARMED_IDLE,0x0000,NONE,0,1,1,0,0,0,0.0,0.268,0.0,1.411,0.0,169.32,126.99,0.0,0.0,35.85,-0.4,0.0,0.0,0.0,0.0,0.0,0.0,50.3,0.0,0,0,0,0,0,8.0,0.0,1049.66,0.0,1049.66,0.0,-4.1
2026-06-05T02:03:46.168+00:00,11645,34904cc0-20b0-44ef-a748-ca0f5d0a3cdb,,2,ARMED_IDLE,0x0000,NONE,0,1,1,0,0,0,0.0,0.61,0.0,1.406,0.0,168.72,126.54,0.0,0.0,36.58,-0.28,0.0,0.0,0.0,0.0,0.0,0.0,50.8,0.0,0,0,0,0,0,8.0,0.0,1064.33,0.0,1064.33,0.0,6.29
2026-06-05T02:03:46.348+00:00,11761,34904cc0-20b0-44ef-a748-ca0f5d0a3cdb,,2,ARMED_IDLE,0x0000,NONE,0,1,1,0,0,0,0.0,0.464,0.0,1.382,0.0,165.84,124.38,0.0,0.0,35.6,-0.15,0.0,0.0,0.0,0.0,0.0,0.0,52.4,0.0,0,0,0,0,0,8.0,0.0,1078.76,0.0,1078.76,0.0,-8.45
2026-06-05T02:03:46.400+00:00,11878,34904cc0-20b0-44ef-a748-ca0f5d0a3cdb,,2,ARMED_IDLE,0x0000,NONE,0,1,1,0,0,0,0.0,0.317,0.0,1.381,0.0,165.72,124.29,0.0,0.0,35.85,-0.52,0.0,0.0,0.0,0.0,0.0,0.0,53.6,0.0,0,0,0,0,0,8.0,0.0,1093.3,0.0,1093.3,0.0,2.14
2026-06-05T02:03:46.516+00:00,11995,34904cc0-20b0-44ef-a748-ca0f5d0a3cdb,,2,ARMED_IDLE,0x0000,NONE,0,1,1,0,0,0,0.0,0.562,0.0,1.369,0.0,164.28,123.21,0.0,0.0,37.07,-0.4,0.0,0.0,0.0,0.0,0.0,0.0,54.2,0.0,0,0,0,0,0,8.0,0.0,1107.72,0.0,1107.72,0.0,10.43
2026-06-05T02:03:46.634+00:00,12110,34904cc0-20b0-44ef-a748-ca0f5d0a3cdb,,2,ARMED_IDLE,0x0000,NONE,0,1,1,0,0,0,0.0,0.219,0.0,1.366,0.0,163.92,122.94,0.0,0.0,37.31,-0.4,0.0,0.0,0.0,0.0,0.0,0.0,54.6,0.0,0,0,0,0,0,8.0,0.0,1121.86,0.0,1121.86,0.0,2.09
2026-06-05T02:03:46.749+00:00,12227,34904cc0-20b0-44ef-a748-ca0f5d0a3cdb,,2,ARMED_IDLE,0x0000,NONE,0,1,1,0,0,0,0.0,0.806,0.0,1.373,0.0,164.76,123.57,0.0,0.0,36.58,-0.28,0.0,0.0,0.0,0.0,0.0,0.0,55.1,0.0,0,0,0,0,0,8.0,0.0,1136.32,0.0,1136.32,0.0,-6.24
2026-06-05T02:03:46.874+00:00,12344,34904cc0-20b0-44ef-a748-ca0f5d0a3cdb,,2,ARMED_IDLE,0x0000,NONE,0,1,1,0,0,0,0.0,0.366,0.0,1.376,0.0,165.12,123.84,0.0,0.0,36.58,-0.15,0.0,0.0,0.0,0.0,0.0,0.0,55.3,0.0,0,0,0,0,0,8.0,0.0,1150.8,0.0,1150.8,0.0,0.0
2026-06-05T02:03:47.045+00:00,12460,34904cc0-20b0-44ef-a748-ca0f5d0a3cdb,,2,ARMED_IDLE,0x0000,NONE,0,1,1,0,0,0,0.0,0.61,0.0,1.37,0.0,164.4,123.3,0.0,0.0,37.31,-0.28,0.0,0.0,0.0,0.0,0.0,0.0,55.4,0.0,0,0,0,0,0,8.0,0.0,1165.11,0.0,1165.11,0.0,6.29
2026-06-05T02:03:47.101+00:00,12576,34904cc0-20b0-44ef-a748-ca0f5d0a3cdb,,2,ARMED_IDLE,0x0000,NONE,0,1,1,0,0,0,0.0,0.61,0.0,1.365,0.0,163.8,122.85,0.0,0.0,37.07,-0.52,0.0,0.0,0.0,0.0,0.0,0.0,55.6,0.0,0,0,0,0,0,8.0,0.0,1179.36,0.0,1179.36,0.0,-2.07
2026-06-05T02:03:47.216+00:00,12693,34904cc0-20b0-44ef-a748-ca0f5d0a3cdb,,2,ARMED_IDLE,0x0000,NONE,0,1,1,0,0,0,0.0,0.415,0.0,1.357,0.0,162.84,122.13,0.0,0.0,36.09,-0.4,0.0,0.0,0.0,0.0,0.0,0.0,55.6,0.0,0,0,0,0,0,8.0,0.0,1193.65,0.0,1193.65,0.0,-8.38
2026-06-05T02:03:47.334+00:00,12809,34904cc0-20b0-44ef-a748-ca0f5d0a3cdb,,2,ARMED_IDLE,0x0000,NONE,0,1,1,0,0,0,0.0,0.659,0.0,1.359,0.0,163.08,122.31,0.0,0.0,38.04,-0.4,0.0,0.0,0.0,0.0,0.0,0.0,55.6,0.0,0,0,0,0,0,8.0,0.0,1207.84,0.0,1207.84,0.0,16.81
2026-06-05T02:03:47.449+00:00,12925,34904cc0-20b0-44ef-a748-ca0f5d0a3cdb,,2,ARMED_IDLE,0x0000,NONE,0,1,1,0,0,0,0.0,0.317,0.0,1.363,0.0,163.56,122.67,0.0,0.0,37.31,-0.15,0.0,0.0,0.0,0.0,0.0,0.0,55.6,0.0,0,0,0,0,0,8.0,0.0,1222.06,0.0,1222.06,0.0,-6.29
2026-06-05T02:03:47.575+00:00,13042,34904cc0-20b0-44ef-a748-ca0f5d0a3cdb,,2,ARMED_IDLE,0x0000,NONE,0,1,1,0,0,0,0.0,0.073,0.0,1.372,0.0,164.64,123.48,0.0,0.0,36.82,-0.52,0.0,0.0,0.0,0.0,0.0,0.0,56.0,0.0,0,0,0,0,0,8.0,0.0,1236.51,0.0,1236.51,0.0,-4.19
2026-06-05T02:03:47.758+00:00,13158,34904cc0-20b0-44ef-a748-ca0f5d0a3cdb,,2,ARMED_IDLE,0x0000,NONE,0,1,1,0,0,0,0.0,0.708,0.0,1.37,0.0,164.4,123.3,0.0,0.0,36.09,0.0,0.0,0.0,0.0,0.0,0.0,0.0,55.6,0.0,0,0,0,0,0,8.0,0.0,1250.81,0.0,1250.81,0.0,-6.29
2026-06-05T02:03:47.802+00:00,13275,34904cc0-20b0-44ef-a748-ca0f5d0a3cdb,,2,ARMED_IDLE,0x0000,NONE,0,1,1,0,0,0,0.0,0.513,0.0,1.391,0.0,166.92,125.19,0.0,0.0,36.82,-0.52,0.0,0.0,0.0,0.0,0.0,0.0,56.0,0.0,0,0,0,0,0,8.0,0.0,1265.46,0.0,1265.46,0.0,6.24
2026-06-05T02:03:47.916+00:00,13391,34904cc0-20b0-44ef-a748-ca0f5d0a3cdb,,2,ARMED_IDLE,0x0000,NONE,0,1,1,0,0,0,0.0,0.61,0.0,1.39,0.0,166.8,125.1,0.0,0.0,36.82,-0.28,0.0,0.0,0.0,0.0,0.0,0.0,56.1,0.0,0,0,0,0,0,8.0,0.0,1279.97,0.0,1279.97,0.0,0.0
2026-06-05T02:03:48.034+00:00,13507,34904cc0-20b0-44ef-a748-ca0f5d0a3cdb,,2,ARMED_IDLE,0x0000,NONE,0,1,1,0,0,0,0.0,0.171,0.0,1.373,0.0,164.76,123.57,0.0,0.0,36.09,-0.28,0.0,0.0,0.0,0.0,0.0,0.0,55.8,0.0,0,0,0,0,0,8.0,0.0,1294.31,0.0,1294.31,0.0,-6.29
2026-06-05T02:03:48.149+00:00,13624,34904cc0-20b0-44ef-a748-ca0f5d0a3cdb,,2,ARMED_IDLE,0x0000,NONE,0,1,1,0,0,0,0.0,0.513,0.0,1.399,0.0,167.88,125.91,0.0,0.0,36.33,-0.4,0.0,0.0,0.0,0.0,0.0,0.0,56.0,0.0,0,0,0,0,0,8.0,0.0,1309.04,0.0,1309.04,0.0,2.05
2026-06-05T02:03:48.290+00:00,13741,34904cc0-20b0-44ef-a748-ca0f5d0a3cdb,,2,ARMED_IDLE,0x0000,NONE,0,1,1,0,0,0,0.0,0.757,0.0,1.379,0.0,165.48,124.11,0.0,0.0,35.85,-0.15,0.0,0.0,0.0,0.0,0.0,0.0,56.1,0.0,0,0,0,0,0,8.0,0.0,1323.56,0.0,1323.56,0.0,-4.1
2026-06-05T02:03:48.414+00:00,13856,34904cc0-20b0-44ef-a748-ca0f5d0a3cdb,,2,ARMED_IDLE,0x0000,NONE,0,1,1,0,0,0,0.0,0.317,0.0,1.37,0.0,164.4,123.3,0.0,0.0,36.33,-0.4,0.0,0.0,0.0,0.0,0.0,0.0,56.1,0.0,0,0,0,0,0,8.0,0.0,1337.74,0.0,1337.74,0.0,4.17
2026-06-05T02:03:48.501+00:00,13973,34904cc0-20b0-44ef-a748-ca0f5d0a3cdb,,2,ARMED_IDLE,0x0000,NONE,0,1,1,0,0,0,0.0,0.562,0.0,1.37,0.0,164.4,123.3,0.0,0.0,36.09,-0.4,0.0,0.0,0.0,0.0,0.0,0.0,56.2,0.0,0,0,0,0,0,8.0,0.0,1352.17,0.0,1352.17,0.0,-2.05
2026-06-05T02:03:48.616+00:00,14090,34904cc0-20b0-44ef-a748-ca0f5d0a3cdb,,2,ARMED_IDLE,0x0000,NONE,0,1,1,0,0,0,0.0,0.171,0.0,1.38,0.0,165.6,124.2,0.0,0.0,36.09,-0.28,0.0,0.0,0.0,0.0,0.0,0.0,56.2,0.0,0,0,0,0,0,8.0,0.0,1366.7,0.0,1366.7,0.0,0.0
2026-06-05T02:03:48.731+00:00,14205,34904cc0-20b0-44ef-a748-ca0f5d0a3cdb,,2,ARMED_IDLE,0x0000,NONE,0,1,1,0,0,0,0.0,0.219,0.0,1.378,0.0,165.36,124.02,0.0,0.0,36.09,-0.52,0.0,0.0,0.0,0.0,0.0,0.0,56.1,0.0,0,0,0,0,0,8.0,0.0,1380.96,0.0,1380.96,0.0,0.0
2026-06-05T02:03:48.850+00:00,14322,34904cc0-20b0-44ef-a748-ca0f5d0a3cdb,,2,ARMED_IDLE,0x0000,NONE,0,1,1,0,0,0,0.0,0.562,0.0,1.405,0.0,168.6,126.45,0.0,0.0,37.07,0.0,0.0,0.0,0.0,0.0,0.0,0.0,56.4,0.0,0,0,0,0,0,8.0,0.0,1395.75,0.0,1395.75,0.0,8.38
2026-06-05T02:03:48.993+00:00,14439,34904cc0-20b0-44ef-a748-ca0f5d0a3cdb,,2,ARMED_IDLE,0x0000,NONE,0,1,1,0,0,0,0.0,0.122,0.0,1.396,0.0,167.52,125.64,0.0,0.0,36.09,-0.15,0.0,0.0,0.0,0.0,0.0,0.0,56.2,0.0,0,0,0,0,0,8.0,0.0,1410.45,0.0,1410.45,0.0,-8.38
2026-06-05T02:03:49.112+00:00,14555,34904cc0-20b0-44ef-a748-ca0f5d0a3cdb,,2,ARMED_IDLE,0x0000,NONE,0,1,1,0,0,0,0.0,0.513,0.0,1.384,0.0,166.08,124.56,0.0,0.0,35.85,-0.15,0.0,0.0,0.0,0.0,0.0,0.0,56.7,0.0,0,0,0,0,0,8.0,0.0,1424.9,0.0,1424.9,0.0,-2.07
2026-06-05T02:03:49.198+00:00,14671,34904cc0-20b0-44ef-a748-ca0f5d0a3cdb,,2,ARMED_IDLE,0x0000,NONE,0,1,1,0,0,0,0.0,0.61,0.0,1.403,0.0,168.36,126.27,0.0,0.0,36.09,-0.28,0.0,0.0,0.0,0.0,0.0,0.0,56.3,0.0,0,0,0,0,0,8.0,0.0,1439.55,0.0,1439.55,0.0,2.07
2026-06-05T02:03:49.316+00:00,14788,34904cc0-20b0-44ef-a748-ca0f5d0a3cdb,,2,ARMED_IDLE,0x0000,NONE,0,1,1,0,0,0,0.0,0.659,0.0,1.411,0.0,169.32,126.99,0.0,0.0,37.31,-0.64,0.0,0.0,0.0,0.0,0.0,0.0,55.9,0.0,0,0,0,0,0,8.0,0.0,1454.41,0.0,1454.41,0.0,10.43
2026-06-05T02:03:49.432+00:00,14905,34904cc0-20b0-44ef-a748-ca0f5d0a3cdb,,2,ARMED_IDLE,0x0000,NONE,0,1,1,0,0,0,0.0,0.464,0.0,1.408,0.0,168.96,126.72,0.0,0.0,36.82,-0.28,0.0,0.0,0.0,0.0,0.0,0.0,55.1,0.0,0,0,0,0,0,8.0,0.0,1469.23,0.0,1469.23,0.0,-4.19
2026-06-05T02:03:49.550+00:00,15021,34904cc0-20b0-44ef-a748-ca0f5d0a3cdb,,2,ARMED_IDLE,0x0000,NONE,0,1,1,0,0,0,0.0,0.708,0.0,1.414,0.0,169.68,127.26,0.0,0.0,37.07,-0.28,0.0,0.0,0.0,0.0,0.0,0.0,55.1,0.0,0,0,0,0,0,8.0,0.0,1484.0,0.0,1484.0,0.0,2.16
2026-06-05T02:03:49.703+00:00,15137,34904cc0-20b0-44ef-a748-ca0f5d0a3cdb,,2,ARMED_IDLE,0x0000,NONE,0,1,1,0,0,0,0.0,0.464,0.0,1.413,0.0,169.56,127.17,0.0,0.0,37.56,-0.4,0.0,0.0,0.0,0.0,0.0,0.0,56.2,0.0,0,0,0,0,0,8.0,0.0,1498.75,0.0,1498.75,0.0,4.22
2026-06-05T02:03:49.799+00:00,15254,34904cc0-20b0-44ef-a748-ca0f5d0a3cdb,,2,ARMED_IDLE,0x0000,NONE,0,1,1,0,0,0,0.0,0.61,0.0,1.432,0.0,171.84,128.88,0.0,0.0,37.31,-0.4,0.0,0.0,0.0,0.0,0.0,0.0,56.1,0.0,0,0,0,0,0,8.0,0.0,1513.83,0.0,1513.83,0.0,-2.14
2026-06-05T02:03:49.899+00:00,15370,34904cc0-20b0-44ef-a748-ca0f5d0a3cdb,,2,ARMED_IDLE,0x0000,NONE,0,1,1,0,0,0,0.0,0.464,0.0,1.45,0.0,174.0,130.5,0.0,0.0,36.33,-0.52,0.0,0.0,0.0,0.0,0.0,0.0,55.8,0.0,0,0,0,0,0,8.0,0.0,1528.96,0.0,1528.96,0.0,-8.45
2026-06-05T02:03:50.018+00:00,15486,34904cc0-20b0-44ef-a748-ca0f5d0a3cdb,,2,ARMED_IDLE,0x0000,NONE,0,1,1,0,0,0,0.0,0.219,0.0,1.443,0.0,173.16,129.87,0.0,0.0,35.85,-0.15,0.0,0.0,0.0,0.0,0.0,0.0,55.6,0.0,0,0,0,0,0,8.0,0.0,1544.03,0.0,1544.03,0.0,-4.14
2026-06-05T02:03:50.132+00:00,15603,34904cc0-20b0-44ef-a748-ca0f5d0a3cdb,,2,ARMED_IDLE,0x0000,NONE,0,1,1,0,0,0,0.0,0.366,0.0,1.438,0.0,172.56,129.42,0.0,0.0,36.82,-0.52,0.0,0.0,0.0,0.0,0.0,0.0,55.8,0.0,0,0,0,0,0,8.0,0.0,1559.17,0.0,1559.17,0.0,8.29
2026-06-05T02:03:50.250+00:00,15719,34904cc0-20b0-44ef-a748-ca0f5d0a3cdb,,2,ARMED_IDLE,0x0000,NONE,0,1,1,0,0,0,0.0,0.513,0.0,1.429,0.0,171.48,128.61,0.0,0.0,35.85,-0.28,0.0,0.0,0.0,0.0,0.0,0.0,55.6,0.0,0,0,0,0,0,8.0,0.0,1574.09,0.0,1574.09,0.0,-8.36
2026-06-05T02:03:50.429+00:00,15836,34904cc0-20b0-44ef-a748-ca0f5d0a3cdb,,2,ARMED_IDLE,0x0000,NONE,0,1,1,0,0,0,0.0,0.268,0.0,1.405,0.0,168.6,126.45,0.0,0.0,36.09,-0.4,0.0,0.0,0.0,0.0,0.0,0.0,56.3,0.0,0,0,0,0,0,8.0,0.0,1588.89,0.0,1588.89,0.0,2.05
2026-06-05T02:03:50.548+00:00,15952,34904cc0-20b0-44ef-a748-ca0f5d0a3cdb,,2,ARMED_IDLE,0x0000,NONE,0,1,1,0,0,0,0.0,0.366,0.0,1.406,0.0,168.72,126.54,0.0,0.0,36.33,0.0,0.0,0.0,0.0,0.0,0.0,0.0,55.9,0.0,0,0,0,0,0,8.0,0.0,1603.56,0.0,1603.56,0.0,2.07
2026-06-05T02:03:50.652+00:00,16069,34904cc0-20b0-44ef-a748-ca0f5d0a3cdb,,2,ARMED_IDLE,0x0000,NONE,0,1,1,0,0,0,0.0,0.415,0.0,1.416,0.0,169.92,127.44,0.0,0.0,36.33,-0.52,0.0,0.0,0.0,0.0,0.0,0.0,55.8,0.0,0,0,0,0,0,8.0,0.0,1618.47,0.0,1618.47,0.0,0.0
2026-06-05T02:03:50.717+00:00,16185,34904cc0-20b0-44ef-a748-ca0f5d0a3cdb,,2,ARMED_IDLE,0x0000,NONE,0,1,1,0,0,0,0.0,0.415,0.0,1.398,0.0,167.76,125.82,0.0,0.0,36.58,-0.4,0.0,0.0,0.0,0.0,0.0,0.0,55.8,0.0,0,0,0,0,0,8.0,0.0,1633.07,0.0,1633.07,0.0,2.16
2026-06-05T02:03:50.832+00:00,16302,34904cc0-20b0-44ef-a748-ca0f5d0a3cdb,,2,ARMED_IDLE,0x0000,NONE,0,1,1,0,0,0,0.0,0.562,0.0,1.391,0.0,166.92,125.19,0.0,0.0,35.85,-0.28,0.0,0.0,0.0,0.0,0.0,0.0,56.3,0.0,0,0,0,0,0,8.0,0.0,1647.72,0.0,1647.72,0.0,-6.24
2026-06-05T02:03:50.950+00:00,16418,34904cc0-20b0-44ef-a748-ca0f5d0a3cdb,,2,ARMED_IDLE,0x0000,NONE,0,1,1,0,0,0,0.0,0.659,0.0,1.404,0.0,168.48,126.36,0.0,0.0,36.82,-0.15,0.0,0.0,0.0,0.0,0.0,0.0,56.0,0.0,0,0,0,0,0,8.0,0.0,1662.37,0.0,1662.37,0.0,8.36
2026-06-05T02:03:51.066+00:00,16534,34904cc0-20b0-44ef-a748-ca0f5d0a3cdb,,2,ARMED_IDLE,0x0000,NONE,0,1,1,0,0,0,0.0,0.024,0.0,1.386,0.0,166.32,124.74,0.0,0.0,36.09,-0.15,0.0,0.0,0.0,0.0,0.0,0.0,56.0,0.0,0,0,0,0,0,8.0,0.0,1676.84,0.0,1676.84,0.0,-6.29
2026-06-05T02:03:51.184+00:00,16651,34904cc0-20b0-44ef-a748-ca0f5d0a3cdb,,2,ARMED_IDLE,0x0000,NONE,0,1,1,0,0,0,0.0,0.562,0.0,1.389,0.0,166.68,125.01,0.0,0.0,36.33,-0.4,0.0,0.0,0.0,0.0,0.0,0.0,56.9,0.0,0,0,0,0,0,8.0,0.0,1691.47,0.0,1691.47,0.0,2.05
2026-06-05T02:03:51.377+00:00,16768,34904cc0-20b0-44ef-a748-ca0f5d0a3cdb,,2,ARMED_IDLE,0x0000,NONE,0,1,1,0,0,0,0.0,0.366,0.0,1.399,0.0,167.88,125.91,0.0,0.0,35.85,-0.15,0.0,0.0,0.0,0.0,0.0,0.0,57.0,0.0,0,0,0,0,0,8.0,0.0,1706.2,0.0,1706.2,0.0,-4.1
2026-06-05T02:03:51.414+00:00,16883,34904cc0-20b0-44ef-a748-ca0f5d0a3cdb,,2,ARMED_IDLE,0x0000,NONE,0,1,1,0,0,0,0.0,0.415,0.0,1.38,0.0,165.6,124.2,0.0,0.0,35.36,-0.28,0.0,0.0,0.0,0.0,0.0,0.0,56.4,0.0,0,0,0,0,0,8.0,0.0,1720.49,0.0,1720.49,0.0,-4.26
2026-06-05T02:03:51.532+00:00,17000,34904cc0-20b0-44ef-a748-ca0f5d0a3cdb,,2,ARMED_IDLE,0x0000,NONE,0,1,1,0,0,0,0.0,0.806,0.0,1.382,0.0,165.84,124.38,0.0,0.0,36.33,-0.15,0.0,0.0,0.0,0.0,0.0,0.0,56.0,0.0,0,0,0,0,0,8.0,0.0,1735.04,0.0,1735.04,0.0,8.29
2026-06-05T02:03:51.648+00:00,17117,34904cc0-20b0-44ef-a748-ca0f5d0a3cdb,,2,ARMED_IDLE,0x0000,NONE,0,1,1,0,0,0,0.0,0.61,0.0,1.365,0.0,163.8,122.85,0.0,0.0,37.31,-0.52,0.0,0.0,0.0,0.0,0.0,0.0,55.5,0.0,0,0,0,0,0,8.0,0.0,1749.41,0.0,1749.41,0.0,8.38
2026-06-05T02:03:51.766+00:00,17233,34904cc0-20b0-44ef-a748-ca0f5d0a3cdb,,2,ARMED_IDLE,0x0000,NONE,0,1,1,0,0,0,0.0,0.415,0.0,1.369,0.0,164.28,123.21,0.0,0.0,35.85,-0.4,0.0,0.0,0.0,0.0,0.0,0.0,55.2,0.0,0,0,0,0,0,8.0,0.0,1763.7,0.0,1763.7,0.0,-12.59
2026-06-05T02:03:51.916+00:00,17349,34904cc0-20b0-44ef-a748-ca0f5d0a3cdb,,2,ARMED_IDLE,0x0000,NONE,0,1,1,0,0,0,0.0,0.562,0.0,1.369,0.0,164.28,123.21,0.0,0.0,36.09,0.0,0.0,0.0,0.0,0.0,0.0,0.0,54.9,0.0,0,0,0,0,0,8.0,0.0,1778.0,0.0,1778.0,0.0,2.07
2026-06-05T02:03:52.019+00:00,17466,34904cc0-20b0-44ef-a748-ca0f5d0a3cdb,,2,ARMED_IDLE,0x0000,NONE,0,1,1,0,0,0,0.0,0.317,0.0,1.382,0.0,165.84,124.38,0.0,0.0,36.82,-0.28,0.0,0.0,0.0,0.0,0.0,0.0,55.1,0.0,0,0,0,0,0,8.0,0.0,1792.55,0.0,1792.55,0.0,6.24
2026-06-05T02:03:52.116+00:00,17583,34904cc0-20b0-44ef-a748-ca0f5d0a3cdb,,2,ARMED_IDLE,0x0000,NONE,0,1,1,0,0,0,0.0,0.708,0.0,1.393,0.0,167.16,125.37,0.0,0.0,36.82,-0.28,0.0,0.0,0.0,0.0,0.0,0.0,55.1,0.0,0,0,0,0,0,8.0,0.0,1807.22,0.0,1807.22,0.0,0.0
2026-06-05T02:03:52.233+00:00,17698,34904cc0-20b0-44ef-a748-ca0f5d0a3cdb,,2,ARMED_IDLE,0x0000,NONE,0,1,1,0,0,0,0.0,0.415,0.0,1.39,0.0,166.8,125.1,0.0,0.0,37.31,-0.28,0.0,0.0,0.0,0.0,0.0,0.0,55.0,0.0,0,0,0,0,0,8.0,0.0,1821.6,0.0,1821.6,0.0,4.26
2026-06-05T02:03:52.348+00:00,17815,34904cc0-20b0-44ef-a748-ca0f5d0a3cdb,,2,ARMED_IDLE,0x0000,NONE,0,1,1,0,0,0,0.0,0.464,0.0,1.389,0.0,166.68,125.01,0.0,0.0,35.85,-0.28,0.0,0.0,0.0,0.0,0.0,0.0,55.6,0.0,0,0,0,0,0,8.0,0.0,1836.23,0.0,1836.23,0.0,-12.48
2026-06-05T02:03:52.466+00:00,17932,34904cc0-20b0-44ef-a748-ca0f5d0a3cdb,,2,ARMED_IDLE,0x0000,NONE,0,1,1,0,0,0,0.0,0.61,0.0,1.388,0.0,166.56,124.92,0.0,0.0,36.33,-0.64,0.0,0.0,0.0,0.0,0.0,0.0,55.2,0.0,0,0,0,0,0,8.0,0.0,1850.84,0.0,1850.84,0.0,4.1
2026-06-05T02:03:52.652+00:00,18048,34904cc0-20b0-44ef-a748-ca0f5d0a3cdb,,2,ARMED_IDLE,0x0000,NONE,0,1,1,0,0,0,0.0,0.61,0.0,1.395,0.0,167.4,125.55,0.0,0.0,37.31,-0.28,0.0,0.0,0.0,0.0,0.0,0.0,55.3,0.0,0,0,0,0,0,8.0,0.0,1865.41,0.0,1865.41,0.0,8.45
2026-06-05T02:03:52.757+00:00,18164,34904cc0-20b0-44ef-a748-ca0f5d0a3cdb,,2,ARMED_IDLE,0x0000,NONE,0,1,1,0,0,0,0.0,0.317,0.0,1.412,0.0,169.44,127.08,0.0,0.0,36.33,-0.28,0.0,0.0,0.0,0.0,0.0,0.0,55.0,0.0,0,0,0,0,0,8.0,0.0,1880.15,0.0,1880.15,0.0,-8.45
2026-06-05T02:03:52.856+00:00,18281,34904cc0-20b0-44ef-a748-ca0f5d0a3cdb,,2,ARMED_IDLE,0x0000,NONE,0,1,1,0,0,0,0.0,0.513,0.0,1.404,0.0,168.48,126.36,0.0,0.0,36.33,-0.52,0.0,0.0,0.0,0.0,0.0,0.0,55.3,0.0,0,0,0,0,0,8.0,0.0,1894.93,0.0,1894.93,0.0,0.0
2026-06-05T02:03:52.933+00:00,18397,34904cc0-20b0-44ef-a748-ca0f5d0a3cdb,,2,ARMED_IDLE,0x0000,NONE,0,1,1,0,0,0,0.0,0.415,0.0,1.404,0.0,168.48,126.36,0.0,0.0,37.07,0.0,0.0,0.0,0.0,0.0,0.0,0.0,55.2,0.0,0,0,0,0,0,8.0,0.0,1909.59,0.0,1909.59,0.0,6.38
2026-06-05T02:03:53.048+00:00,18513,34904cc0-20b0-44ef-a748-ca0f5d0a3cdb,,2,ARMED_IDLE,0x0000,NONE,0,1,1,0,0,0,0.0,0.219,0.0,1.408,0.0,168.96,126.72,0.0,0.0,36.82,-0.4,0.0,0.0,0.0,0.0,0.0,0.0,54.8,0.0,0,0,0,0,0,8.0,0.0,1924.29,0.0,1924.29,0.0,-2.16
2026-06-05T02:03:53.167+00:00,18630,34904cc0-20b0-44ef-a748-ca0f5d0a3cdb,,2,ARMED_IDLE,0x0000,NONE,0,1,1,0,0,0,0.0,0.268,0.0,1.394,0.0,167.28,125.46,0.0,0.0,36.33,-0.52,0.0,0.0,0.0,0.0,0.0,0.0,54.5,0.0,0,0,0,0,0,8.0,0.0,1938.97,0.0,1938.97,0.0,-4.19
2026-06-05T02:03:53.282+00:00,18747,34904cc0-20b0-44ef-a748-ca0f5d0a3cdb,,2,ARMED_IDLE,0x0000,NONE,0,1,1,0,0,0,0.0,0.61,0.0,1.393,0.0,167.16,125.37,0.0,0.0,36.33,-0.28,0.0,0.0,0.0,0.0,0.0,0.0,53.9,0.0,0,0,0,0,0,8.0,0.0,1953.64,0.0,1953.64,0.0,0.0
2026-06-05T02:03:53.402+00:00,18863,34904cc0-20b0-44ef-a748-ca0f5d0a3cdb,,2,ARMED_IDLE,0x0000,NONE,0,1,1,0,0,0,0.0,0.757,0.0,1.387,0.0,166.44,124.83,0.0,0.0,36.09,-0.28,0.0,0.0,0.0,0.0,0.0,0.0,54.2,0.0,0,0,0,0,0,8.0,0.0,1968.12,0.0,1968.12,0.0,-2.07
2026-06-05T02:03:53.572+00:00,18979,34904cc0-20b0-44ef-a748-ca0f5d0a3cdb,,2,ARMED_IDLE,0x0000,NONE,0,1,1,0,0,0,0.0,0.464,0.0,1.388,0.0,166.56,124.92,0.0,0.0,36.82,-0.28,0.0,0.0,0.0,0.0,0.0,0.0,54.2,0.0,0,0,0,0,0,8.0,0.0,1982.61,0.0,1982.61,0.0,6.29
2026-06-05T02:03:53.633+00:00,19096,34904cc0-20b0-44ef-a748-ca0f5d0a3cdb,,2,ARMED_IDLE,0x0000,NONE,0,1,1,0,0,0,0.0,0.659,0.0,1.382,0.0,165.84,124.38,0.0,0.0,36.58,-0.4,0.0,0.0,0.0,0.0,0.0,0.0,53.6,0.0,0,0,0,0,0,8.0,0.0,1997.16,0.0,1997.16,0.0,-2.05
2026-06-05T02:03:53.748+00:00,19213,34904cc0-20b0-44ef-a748-ca0f5d0a3cdb,,2,ARMED_IDLE,0x0000,NONE,0,1,1,0,0,0,0.0,0.219,0.0,1.39,0.0,166.8,125.1,0.0,0.0,35.85,-0.28,0.0,0.0,0.0,0.0,0.0,0.0,53.3,0.0,0,0,0,0,0,8.0,0.0,2011.8,0.0,2011.8,0.0,-6.24
2026-06-05T02:03:53.867+00:00,19329,34904cc0-20b0-44ef-a748-ca0f5d0a3cdb,,2,ARMED_IDLE,0x0000,NONE,0,1,1,0,0,0,0.0,0.464,0.0,1.403,0.0,168.36,126.27,0.0,0.0,36.09,-0.4,0.0,0.0,0.0,0.0,0.0,0.0,53.3,0.0,0,0,0,0,0,8.0,0.0,2026.45,0.0,2026.45,0.0,2.07
2026-06-05T02:03:53.982+00:00,19445,34904cc0-20b0-44ef-a748-ca0f5d0a3cdb,,2,ARMED_IDLE,0x0000,NONE,0,1,1,0,0,0,0.0,0.562,0.0,1.384,0.0,166.08,124.56,0.0,0.0,36.58,-0.15,0.0,0.0,0.0,0.0,0.0,0.0,53.6,0.0,0,0,0,0,0,8.0,0.0,2040.89,0.0,2040.89,0.0,4.22
2026-06-05T02:03:54.129+00:00,19562,34904cc0-20b0-44ef-a748-ca0f5d0a3cdb,,2,ARMED_IDLE,0x0000,NONE,0,1,1,0,0,0,0.0,0.513,0.0,1.386,0.0,166.32,124.74,0.0,0.0,36.33,-0.15,0.0,0.0,0.0,0.0,0.0,0.0,53.5,0.0,0,0,0,0,0,8.0,0.0,2055.49,0.0,2055.49,0.0,-2.14
2026-06-05T02:03:54.225+00:00,19678,34904cc0-20b0-44ef-a748-ca0f5d0a3cdb,,2,ARMED_IDLE,0x0000,NONE,0,1,1,0,0,0,0.0,0.464,0.0,1.389,0.0,166.68,125.01,0.0,0.0,35.6,-0.28,0.0,0.0,0.0,0.0,0.0,0.0,53.5,0.0,0,0,0,0,0,8.0,0.0,2069.99,0.0,2069.99,0.0,-6.29
2026-06-05T02:03:54.334+00:00,19794,34904cc0-20b0-44ef-a748-ca0f5d0a3cdb,,2,ARMED_IDLE,0x0000,NONE,0,1,1,0,0,0,0.0,0.61,0.0,1.379,0.0,165.48,124.11,0.0,0.0,36.82,0.0,0.0,0.0,0.0,0.0,0.0,0.0,54.0,0.0,0,0,0,0,0,8.0,0.0,2084.39,0.0,2084.39,0.0,10.52
2026-06-05T02:03:54.449+00:00,19911,34904cc0-20b0-44ef-a748-ca0f5d0a3cdb,,2,ARMED_IDLE,0x0000,NONE,0,1,1,0,0,0,0.0,0.806,0.0,1.363,0.0,163.56,122.67,0.0,0.0,36.58,-0.52,0.0,0.0,0.0,0.0,0.0,0.0,55.4,0.0,0,0,0,0,0,8.0,0.0,2098.74,0.0,2098.74,0.0,-2.05
2026-06-05T02:03:54.567+00:00,20027,34904cc0-20b0-44ef-a748-ca0f5d0a3cdb,,2,ARMED_IDLE,0x0000,NONE,0,1,1,0,0,0,0.0,0.659,0.0,1.374,0.0,164.88,123.66,0.0,0.0,35.85,-0.4,0.0,0.0,0.0,0.0,0.0,0.0,55.2,0.0,0,0,0,0,0,8.0,0.0,2113.08,0.0,2113.08,0.0,-6.29
2026-06-05T02:03:54.682+00:00,20144,34904cc0-20b0-44ef-a748-ca0f5d0a3cdb,,2,ARMED_IDLE,0x0000,NONE,0,1,1,0,0,0,0.0,0.219,0.0,1.365,0.0,163.8,122.85,0.0,0.0,37.56,-0.4,0.0,0.0,0.0,0.0,0.0,0.0,53.9,0.0,0,0,0,0,0,8.0,0.0,2127.46,0.0,2127.46,0.0,14.62
2026-06-05T02:03:54.848+00:00,20260,34904cc0-20b0-44ef-a748-ca0f5d0a3cdb,,2,ARMED_IDLE,0x0000,NONE,0,1,1,0,0,0,0.0,0.61,0.0,1.367,0.0,164.04,123.03,0.0,0.0,37.56,-0.28,0.0,0.0,0.0,0.0,0.0,0.0,54.0,0.0,0,0,0,0,0,8.0,0.0,2141.73,0.0,2141.73,0.0,0.0
2026-06-05T02:03:54.947+00:00,20377,34904cc0-20b0-44ef-a748-ca0f5d0a3cdb,,2,ARMED_IDLE,0x0000,NONE,0,1,1,0,0,0,0.0,0.708,0.0,1.367,0.0,164.04,123.03,0.0,0.0,36.82,-0.28,0.0,0.0,0.0,0.0,0.0,0.0,54.0,0.0,0,0,0,0,0,8.0,0.0,2156.12,0.0,2156.12,0.0,-6.32
2026-06-05T02:03:55.040+00:00,20493,34904cc0-20b0-44ef-a748-ca0f5d0a3cdb,,2,ARMED_IDLE,0x0000,NONE,0,1,1,0,0,0,0.0,0.61,0.0,1.347,0.0,161.64,121.23,0.0,0.0,36.82,-0.15,0.0,0.0,0.0,0.0,0.0,0.0,53.7,0.0,0,0,0,0,0,8.0,0.0,2170.19,0.0,2170.19,0.0,0.0
2026-06-05T02:03:55.149+00:00,20610,34904cc0-20b0-44ef-a748-ca0f5d0a3cdb,,2,ARMED_IDLE,0x0000,NONE,0,1,1,0,0,0,0.0,0.122,0.0,1.334,0.0,160.08,120.06,0.0,0.0,36.58,-0.4,0.0,0.0,0.0,0.0,0.0,0.0,53.6,0.0,0,0,0,0,0,8.0,0.0,2184.23,0.0,2184.23,0.0,-2.05
2026-06-05T02:03:55.266+00:00,20726,34904cc0-20b0-44ef-a748-ca0f5d0a3cdb,,2,ARMED_IDLE,0x0000,NONE,0,1,1,0,0,0,0.0,0.073,0.0,1.327,0.0,159.24,119.43,0.0,0.0,35.6,-0.15,0.0,0.0,0.0,0.0,0.0,0.0,53.4,0.0,0,0,0,0,0,8.0,0.0,2198.09,0.0,2198.09,0.0,-8.45
2026-06-05T02:03:55.382+00:00,20842,34904cc0-20b0-44ef-a748-ca0f5d0a3cdb,,2,ARMED_IDLE,0x0000,NONE,0,1,1,0,0,0,0.0,0.562,0.0,1.315,0.0,157.8,118.35,0.0,0.0,35.6,-0.52,0.0,0.0,0.0,0.0,0.0,0.0,53.4,0.0,0,0,0,0,0,8.0,0.0,2211.82,0.0,2211.82,0.0,0.0
2026-06-05T02:03:55.570+00:00,20959,34904cc0-20b0-44ef-a748-ca0f5d0a3cdb,,2,ARMED_IDLE,0x0000,NONE,0,1,1,0,0,0,0.0,0.757,0.0,1.313,0.0,157.56,118.17,0.0,0.0,36.33,-0.28,0.0,0.0,0.0,0.0,0.0,0.0,53.2,0.0,0,0,0,0,0,8.0,0.0,2225.64,0.0,2225.64,0.0,6.24
2026-06-05T02:03:55.718+00:00,21075,34904cc0-20b0-44ef-a748-ca0f5d0a3cdb,,2,ARMED_IDLE,0x0000,NONE,0,1,1,0,0,0,0.0,0.513,0.0,1.295,0.0,155.4,116.55,0.0,0.0,37.07,-0.4,0.0,0.0,0.0,0.0,0.0,0.0,52.9,0.0,0,0,0,0,0,8.0,0.0,2239.16,0.0,2239.16,0.0,6.38
2026-06-05T02:03:55.765+00:00,21192,34904cc0-20b0-44ef-a748-ca0f5d0a3cdb,,2,ARMED_IDLE,0x0000,NONE,0,1,1,0,0,0,0.0,0.268,0.0,1.274,0.0,152.88,114.66,0.0,0.0,36.09,-0.52,0.0,0.0,0.0,0.0,0.0,0.0,52.7,0.0,0,0,0,0,0,8.0,0.0,2252.58,0.0,2252.58,0.0,-8.38
2026-06-05T02:03:55.849+00:00,21308,34904cc0-20b0-44ef-a748-ca0f5d0a3cdb,,2,ARMED_IDLE,0x0000,NONE,0,1,1,0,0,0,0.0,0.464,0.0,1.28,0.0,153.6,115.2,0.0,0.0,37.8,-0.28,0.0,0.0,0.0,0.0,0.0,0.0,53.5,0.0,0,0,0,0,0,8.0,0.0,2265.94,0.0,2265.94,0.0,14.74
2026-06-05T02:03:55.965+00:00,21425,34904cc0-20b0-44ef-a748-ca0f5d0a3cdb,,2,ARMED_IDLE,0x0000,NONE,0,1,1,0,0,0,0.0,0.513,0.0,1.288,0.0,154.56,115.92,0.0,0.0,37.07,-0.15,0.0,0.0,0.0,0.0,0.0,0.0,53.4,0.0,0,0,0,0,0,8.0,0.0,2279.5,0.0,2279.5,0.0,-6.24
2026-06-05T02:03:56.083+00:00,21541,34904cc0-20b0-44ef-a748-ca0f5d0a3cdb,,2,ARMED_IDLE,0x0000,NONE,0,1,1,0,0,0,0.0,0.415,0.0,1.305,0.0,156.6,117.45,0.0,0.0,36.33,-0.15,0.0,0.0,0.0,0.0,0.0,0.0,53.7,0.0,0,0,0,0,0,8.0,0.0,2293.13,0.0,2293.13,0.0,-6.38
2026-06-05T02:03:56.198+00:00,21657,34904cc0-20b0-44ef-a748-ca0f5d0a3cdb,,2,ARMED_IDLE,0x0000,NONE,0,1,1,0,0,0,0.0,0.61,0.0,1.321,0.0,158.52,118.89,0.0,0.0,35.85,-0.15,0.0,0.0,0.0,0.0,0.0,0.0,53.7,0.0,0,0,0,0,0,8.0,0.0,2306.92,0.0,2306.92,0.0,-4.14
2026-06-05T02:03:56.365+00:00,21774,34904cc0-20b0-44ef-a748-ca0f5d0a3cdb,,2,ARMED_IDLE,0x0000,NONE,0,1,1,0,0,0,0.0,0.513,0.0,1.316,0.0,157.92,118.44,0.0,0.0,36.33,-0.52,0.0,0.0,0.0,0.0,0.0,0.0,53.6,0.0,0,0,0,0,0,8.0,0.0,2320.78,0.0,2320.78,0.0,4.1
2026-06-05T02:03:56.468+00:00,21891,34904cc0-20b0-44ef-a748-ca0f5d0a3cdb,,2,ARMED_IDLE,0x0000,NONE,0,1,1,0,0,0,0.0,0.562,0.0,1.31,0.0,157.2,117.9,0.0,0.0,36.33,-0.4,0.0,0.0,0.0,0.0,0.0,0.0,53.9,0.0,0,0,0,0,0,8.0,0.0,2334.57,0.0,2334.57,0.0,0.0
2026-06-05T02:03:56.566+00:00,22006,34904cc0-20b0-44ef-a748-ca0f5d0a3cdb,,2,ARMED_IDLE,0x0000,NONE,0,1,1,0,0,0,0.0,0.366,0.0,1.312,0.0,157.44,118.08,0.0,0.0,35.6,-0.4,0.0,0.0,0.0,0.0,0.0,0.0,54.3,0.0,0,0,0,0,0,8.0,0.0,2348.15,0.0,2348.15,0.0,-6.35
2026-06-05T02:03:56.665+00:00,22123,34904cc0-20b0-44ef-a748-ca0f5d0a3cdb,,2,ARMED_IDLE,0x0000,NONE,0,1,1,0,0,0,0.0,0.904,0.0,1.32,0.0,158.4,118.8,0.0,0.0,36.33,-0.28,0.0,0.0,0.0,0.0,0.0,0.0,53.9,0.0,0,0,0,0,0,8.0,0.0,2362.05,0.0,2362.05,0.0,6.24
2026-06-05T02:03:56.783+00:00,22240,34904cc0-20b0-44ef-a748-ca0f5d0a3cdb,,2,ARMED_IDLE,0x0000,NONE,0,1,1,0,0,0,0.0,0.464,0.0,1.299,0.0,155.88,116.91,0.0,0.0,35.85,-0.4,0.0,0.0,0.0,0.0,0.0,0.0,53.8,0.0,0,0,0,0,0,8.0,0.0,2375.73,0.0,2375.73,0.0,-4.1
2026-06-05T02:03:56.898+00:00,22356,34904cc0-20b0-44ef-a748-ca0f5d0a3cdb,,2,ARMED_IDLE,0x0000,NONE,0,1,1,0,0,0,0.0,0.366,0.0,1.298,0.0,155.76,116.82,0.0,0.0,36.58,-0.28,0.0,0.0,0.0,0.0,0.0,0.0,53.8,0.0,0,0,0,0,0,8.0,0.0,2389.28,0.0,2389.28,0.0,6.29
2026-06-05T02:03:57.101+00:00,22473,34904cc0-20b0-44ef-a748-ca0f5d0a3cdb,,2,ARMED_IDLE,0x0000,NONE,0,1,1,0,0,0,0.0,0.268,0.0,1.288,0.0,154.56,115.92,0.0,0.0,36.58,-0.15,0.0,0.0,0.0,0.0,0.0,0.0,53.8,0.0,0,0,0,0,0,8.0,0.0,2402.84,0.0,2402.84,0.0,0.0
2026-06-05T02:03:57.208+00:00,22589,34904cc0-20b0-44ef-a748-ca0f5d0a3cdb,,2,ARMED_IDLE,0x0000,NONE,0,1,1,0,0,0,0.0,0.757,0.0,1.277,0.0,153.24,114.93,0.0,0.0,37.07,-0.4,0.0,0.0,0.0,0.0,0.0,0.0,53.2,0.0,0,0,0,0,0,8.0,0.0,2416.17,0.0,2416.17,0.0,4.22
2026-06-05T02:03:57.302+00:00,22706,34904cc0-20b0-44ef-a748-ca0f5d0a3cdb,,2,ARMED_IDLE,0x0000,NONE,0,1,1,0,0,0,0.0,0.562,0.0,1.281,0.0,153.72,115.29,0.0,0.0,37.07,-0.28,0.0,0.0,0.0,0.0,0.0,0.0,52.0,0.0,0,0,0,0,0,8.0,0.0,2429.66,0.0,2429.66,0.0,0.0
2026-06-05T02:03:57.365+00:00,22822,34904cc0-20b0-44ef-a748-ca0f5d0a3cdb,,2,ARMED_IDLE,0x0000,NONE,0,1,1,0,0,0,0.0,0.855,0.0,1.275,0.0,153.0,114.75,0.0,0.0,36.33,-0.15,0.0,0.0,0.0,0.0,0.0,0.0,51.9,0.0,0,0,0,0,0,8.0,0.0,2442.97,0.0,2442.97,0.0,-6.38
2026-06-05T02:03:57.483+00:00,22939,34904cc0-20b0-44ef-a748-ca0f5d0a3cdb,,2,ARMED_IDLE,0x0000,NONE,0,1,1,0,0,0,0.0,0.317,0.0,1.277,0.0,153.24,114.93,0.0,0.0,36.09,-0.4,0.0,0.0,0.0,0.0,0.0,0.0,51.6,0.0,0,0,0,0,0,8.0,0.0,2456.42,0.0,2456.42,0.0,-2.05
2026-06-05T02:03:57.599+00:00,23055,34904cc0-20b0-44ef-a748-ca0f5d0a3cdb,,2,ARMED_IDLE,0x0000,NONE,0,1,1,0,0,0,0.0,0.562,0.0,1.282,0.0,153.84,115.38,0.0,0.0,36.82,0.0,0.0,0.0,0.0,0.0,0.0,0.0,52.3,0.0,0,0,0,0,0,8.0,0.0,2469.8,0.0,2469.8,0.0,6.29
2026-06-05T02:03:57.717+00:00,23172,34904cc0-20b0-44ef-a748-ca0f5d0a3cdb,,2,ARMED_IDLE,0x0000,NONE,0,1,1,0,0,0,0.0,0.659,0.0,1.293,0.0,155.16,116.37,0.0,0.0,35.85,-0.4,0.0,0.0,0.0,0.0,0.0,0.0,52.7,0.0,0,0,0,0,0,8.0,0.0,2483.42,0.0,2483.42,0.0,-8.29
2026-06-05T02:03:57.833+00:00,23288,34904cc0-20b0-44ef-a748-ca0f5d0a3cdb,,2,ARMED_IDLE,0x0000,NONE,0,1,1,0,0,0,0.0,0.708,0.0,1.28,0.0,153.6,115.2,0.0,0.0,37.07,-0.52,0.0,0.0,0.0,0.0,0.0,0.0,53.0,0.0,0,0,0,0,0,8.0,0.0,2496.78,0.0,2496.78,0.0,10.52
2026-06-05T02:03:58.002+00:00,23404,34904cc0-20b0-44ef-a748-ca0f5d0a3cdb,,2,ARMED_IDLE,0x0000,NONE,0,1,1,0,0,0,0.0,0.562,0.0,1.267,0.0,152.04,114.03,0.0,0.0,36.82,-0.4,0.0,0.0,0.0,0.0,0.0,0.0,53.6,0.0,0,0,0,0,0,8.0,0.0,2510.01,0.0,2510.01,0.0,-2.16
2026-06-05T02:03:58.065+00:00,23521,34904cc0-20b0-44ef-a748-ca0f5d0a3cdb,,2,ARMED_IDLE,0x0000,NONE,0,1,1,0,0,0,0.0,0.61,0.0,1.271,0.0,152.52,114.39,0.0,0.0,36.82,-0.4,0.0,0.0,0.0,0.0,0.0,0.0,54.2,0.0,0,0,0,0,0,8.0,0.0,2523.39,0.0,2523.39,0.0,0.0
2026-06-05T02:03:58.184+00:00,23638,34904cc0-20b0-44ef-a748-ca0f5d0a3cdb,,2,ARMED_IDLE,0x0000,NONE,0,1,1,0,0,0,0.0,0.61,0.0,1.281,0.0,153.72,115.29,0.0,0.0,36.82,0.2,0.0,0.0,0.0,0.0,0.0,0.0,53.5,0.0,0,0,0,0,0,8.0,0.0,2536.88,0.0,2536.88,0.0,0.0
2026-06-05T02:03:58.299+00:00,23754,34904cc0-20b0-44ef-a748-ca0f5d0a3cdb,,2,ARMED_IDLE,0x0000,NONE,0,1,1,0,0,0,0.0,0.659,0.0,1.281,0.0,153.72,115.29,0.0,0.0,36.82,-0.52,0.0,0.0,0.0,0.0,0.0,0.0,53.2,0.0,0,0,0,0,0,8.0,0.0,2550.26,0.0,2550.26,0.0,0.0
2026-06-05T02:03:58.422+00:00,23870,34904cc0-20b0-44ef-a748-ca0f5d0a3cdb,,2,ARMED_IDLE,0x0000,NONE,0,1,1,0,0,0,0.0,0.415,0.0,1.284,0.0,154.08,115.56,0.0,0.0,37.07,0.0,0.0,0.0,0.0,0.0,0.0,0.0,52.4,0.0,0,0,0,0,0,8.0,0.0,2563.66,0.0,2563.66,0.0,2.16
2026-06-05T02:03:58.555+00:00,23987,34904cc0-20b0-44ef-a748-ca0f5d0a3cdb,,2,ARMED_IDLE,0x0000,NONE,0,1,1,0,0,0,0.0,0.317,0.0,1.259,0.0,151.08,113.31,0.0,0.0,37.07,-0.4,0.0,0.0,0.0,0.0,0.0,0.0,52.7,0.0,0,0,0,0,0,8.0,0.0,2576.92,0.0,2576.92,0.0,0.0
2026-06-05T02:03:58.691+00:00,24103,34904cc0-20b0-44ef-a748-ca0f5d0a3cdb,,2,ARMED_IDLE,0x0000,NONE,0,1,1,0,0,0,0.0,0.464,0.0,1.253,0.0,150.36,112.77,0.0,0.0,36.09,-0.4,0.0,0.0,0.0,0.0,0.0,0.0,52.6,0.0,0,0,0,0,0,8.0,0.0,2590.0,0.0,2590.0,0.0,-8.45
2026-06-05T02:03:58.766+00:00,24219,34904cc0-20b0-44ef-a748-ca0f5d0a3cdb,,2,ARMED_IDLE,0x0000,NONE,0,1,1,0,0,0,0.0,0.366,0.0,1.251,0.0,150.12,112.59,0.0,0.0,36.33,0.0,0.0,0.0,0.0,0.0,0.0,0.0,52.5,0.0,0,0,0,0,0,8.0,0.0,2603.06,0.0,2603.06,0.0,2.07
2026-06-05T02:03:58.884+00:00,24336,34904cc0-20b0-44ef-a748-ca0f5d0a3cdb,,2,ARMED_IDLE,0x0000,NONE,0,1,1,0,0,0,0.0,0.562,0.0,1.283,0.0,153.96,115.47,0.0,0.0,36.33,-0.28,0.0,0.0,0.0,0.0,0.0,0.0,52.6,0.0,0,0,0,0,0,8.0,0.0,2616.57,0.0,2616.57,0.0,0.0
2026-06-05T02:03:58.999+00:00,24453,34904cc0-20b0-44ef-a748-ca0f5d0a3cdb,,2,ARMED_IDLE,0x0000,NONE,0,1,1,0,0,0,0.0,0.415,0.0,1.301,0.0,156.12,117.09,0.0,0.0,36.09,-0.15,0.0,0.0,0.0,0.0,0.0,0.0,52.3,0.0,0,0,0,0,0,8.0,0.0,2630.27,0.0,2630.27,0.0,-2.05
2026-06-05T02:03:59.118+00:00,24569,34904cc0-20b0-44ef-a748-ca0f5d0a3cdb,,2,ARMED_IDLE,0x0000,NONE,0,1,1,0,0,0,0.0,0.61,0.0,1.319,0.0,158.28,118.71,0.0,0.0,35.6,-0.4,0.0,0.0,0.0,0.0,0.0,0.0,52.5,0.0,0,0,0,0,0,8.0,0.0,2644.04,0.0,2644.04,0.0,-4.22
2026-06-05T02:03:59.303+00:00,24685,34904cc0-20b0-44ef-a748-ca0f5d0a3cdb,,2,ARMED_IDLE,0x0000,NONE,0,1,1,0,0,0,0.0,0.61,0.0,1.313,0.0,157.56,118.17,0.0,0.0,37.07,-0.15,0.0,0.0,0.0,0.0,0.0,0.0,52.7,0.0,0,0,0,0,0,8.0,0.0,2657.75,0.0,2657.75,0.0,12.67
2026-06-05T02:03:59.393+00:00,24802,34904cc0-20b0-44ef-a748-ca0f5d0a3cdb,,2,ARMED_IDLE,0x0000,NONE,0,1,1,0,0,0,0.0,0.757,0.0,1.304,0.0,156.48,117.36,0.0,0.0,37.56,0.0,0.0,0.0,0.0,0.0,0.0,0.0,52.8,0.0,0,0,0,0,0,8.0,0.0,2671.48,0.0,2671.48,0.0,4.19
2026-06-05T02:03:59.466+00:00,24919,34904cc0-20b0-44ef-a748-ca0f5d0a3cdb,,2,ARMED_IDLE,0x0000,NONE,0,1,1,0,0,0,0.0,0.317,0.0,1.291,0.0,154.92,116.19,0.0,0.0,35.85,-0.4,0.0,0.0,0.0,0.0,0.0,0.0,52.8,0.0,0,0,0,0,0,8.0,0.0,2685.07,0.0,2685.07,0.0,-14.62
2026-06-05T02:03:59.584+00:00,25035,34904cc0-20b0-44ef-a748-ca0f5d0a3cdb,,2,ARMED_IDLE,0x0000,NONE,0,1,1,0,0,0,0.0,0.317,0.0,1.293,0.0,155.16,116.37,0.0,0.0,35.85,-0.28,0.0,0.0,0.0,0.0,0.0,0.0,52.9,0.0,0,0,0,0,0,8.0,0.0,2698.57,0.0,2698.57,0.0,0.0
2026-06-05T02:03:59.700+00:00,25151,34904cc0-20b0-44ef-a748-ca0f5d0a3cdb,,2,ARMED_IDLE,0x0000,NONE,0,1,1,0,0,0,0.0,0.562,0.0,1.285,0.0,154.2,115.65,0.0,0.0,36.82,-0.28,0.0,0.0,0.0,0.0,0.0,0.0,52.9,0.0,0,0,0,0,0,8.0,0.0,2711.99,0.0,2711.99,0.0,8.36
2026-06-05T02:03:59.815+00:00,25268,34904cc0-20b0-44ef-a748-ca0f5d0a3cdb,,2,ARMED_IDLE,0x0000,NONE,0,1,1,0,0,0,0.0,0.562,0.0,1.286,0.0,154.32,115.74,0.0,0.0,37.07,-0.28,0.0,0.0,0.0,0.0,0.0,0.0,53.2,0.0,0,0,0,0,0,8.0,0.0,2725.53,0.0,2725.53,0.0,2.14
2026-06-05T02:03:59.995+00:00,25384,34904cc0-20b0-44ef-a748-ca0f5d0a3cdb,,2,ARMED_IDLE,0x0000,NONE,0,1,1,0,0,0,0.0,0.317,0.0,1.282,0.0,153.84,115.38,0.0,0.0,36.09,-0.15,0.0,0.0,0.0,0.0,0.0,0.0,53.5,0.0,0,0,0,0,0,8.0,0.0,2738.91,0.0,2738.91,0.0,-8.45
2026-06-05T02:04:00.080+00:00,25500,34904cc0-20b0-44ef-a748-ca0f5d0a3cdb,,2,ARMED_IDLE,0x0000,NONE,0,1,1,0,0,0,0.0,0.61,0.0,1.279,0.0,153.48,115.11,0.0,0.0,37.07,-0.28,0.0,0.0,0.0,0.0,0.0,0.0,53.6,0.0,0,0,0,0,0,8.0,0.0,2752.27,0.0,2752.27,0.0,8.45
2026-06-05T02:04:00.166+00:00,25617,34904cc0-20b0-44ef-a748-ca0f5d0a3cdb,,2,ARMED_IDLE,0x0000,NONE,0,1,1,0,0,0,0.0,0.708,0.0,1.296,0.0,155.52,116.64,0.0,0.0,36.82,0.0,0.0,0.0,0.0,0.0,0.0,0.0,53.5,0.0,0,0,0,0,0,8.0,0.0,2765.91,0.0,2765.91,0.0,-2.14
2026-06-05T02:04:00.282+00:00,25734,34904cc0-20b0-44ef-a748-ca0f5d0a3cdb,,2,ARMED_IDLE,0x0000,NONE,0,1,1,0,0,0,0.0,0.708,0.0,1.291,0.0,154.92,116.19,0.0,0.0,36.09,0.0,0.0,0.0,0.0,0.0,0.0,0.0,53.7,0.0,0,0,0,0,0,8.0,0.0,2779.51,0.0,2779.51,0.0,-6.24
2026-06-05T02:04:00.400+00:00,25850,34904cc0-20b0-44ef-a748-ca0f5d0a3cdb,,2,ARMED_IDLE,0x0000,NONE,0,1,1,0,0,0,0.0,0.171,0.0,1.284,0.0,154.08,115.56,0.0,0.0,35.6,-0.52,0.0,0.0,0.0,0.0,0.0,0.0,52.6,0.0,0,0,0,0,0,8.0,0.0,2792.91,0.0,2792.91,0.0,-4.22
2026-06-05T02:04:00.551+00:00,25966,34904cc0-20b0-44ef-a748-ca0f5d0a3cdb,,2,ARMED_IDLE,0x0000,NONE,0,1,1,0,0,0,0.0,0.122,0.0,1.262,0.0,151.44,113.58,0.0,0.0,36.82,-0.28,0.0,0.0,0.0,0.0,0.0,0.0,52.3,0.0,0,0,0,0,0,8.0,0.0,2806.09,0.0,2806.09,0.0,10.52
2026-06-05T02:04:00.707+00:00,26083,34904cc0-20b0-44ef-a748-ca0f5d0a3cdb,,2,ARMED_IDLE,0x0000,NONE,0,1,1,0,0,0,0.0,0.366,0.0,1.259,0.0,151.08,113.31,0.0,0.0,36.58,-0.4,0.0,0.0,0.0,0.0,0.0,0.0,53.5,0.0,0,0,0,0,0,8.0,0.0,2819.34,0.0,2819.34,0.0,-2.05
2026-06-05T02:04:00.822+00:00,26200,34904cc0-20b0-44ef-a748-ca0f5d0a3cdb,,2,ARMED_IDLE,0x0000,NONE,0,1,1,0,0,0,0.0,0.61,0.0,1.271,0.0,152.52,114.39,0.0,0.0,37.07,-0.4,0.0,0.0,0.0,0.0,0.0,0.0,53.2,0.0,0,0,0,0,0,8.0,0.0,2832.73,0.0,2832.73,0.0,4.19
2026-06-05T02:04:00.867+00:00,26315,34904cc0-20b0-44ef-a748-ca0f5d0a3cdb,,2,ARMED_IDLE,0x0000,NONE,0,1,1,0,0,0,0.0,0.61,0.0,1.273,0.0,152.76,114.57,0.0,0.0,36.09,-0.15,0.0,0.0,0.0,0.0,0.0,0.0,54.2,0.0,0,0,0,0,0,8.0,0.0,2845.9,0.0,2845.9,0.0,-8.52
2026-06-05T02:04:00.982+00:00,26432,34904cc0-20b0-44ef-a748-ca0f5d0a3cdb,,3,CHARGE_AIR,0x0000,NONE,0,1,1,0,1,0,0.0,0.562,0.0,1.286,0.0,154.32,115.74,0.0,0.0,36.09,-0.15,0.0,0.0,0.0,0.0,0.0,0.0,55.4,0.0,1,0,0,0,0,8.0,0.0,2859.44,0.0,2859.44,0.0,0.0
2026-06-05T02:04:01.100+00:00,26549,34904cc0-20b0-44ef-a748-ca0f5d0a3cdb,,10,FAULT,0x0100,PI_LOST,0,1,1,0,1,0,0.0,0.219,0.0,1.291,0.0,154.92,116.19,0.0,0.0,36.82,-0.4,0.0,0.0,0.0,0.0,0.0,0.0,53.0,0.0,0,0,0,0,0,8.0,0.0,2873.04,0.0,2873.04,0.0,6.24
2026-06-05T02:04:01.215+00:00,26665,34904cc0-20b0-44ef-a748-ca0f5d0a3cdb,,10,FAULT,0x0100,PI_LOST,0,1,1,0,1,0,0.0,0.268,0.0,1.289,0.0,154.68,116.01,0.0,0.0,37.56,-0.15,0.0,0.0,0.0,0.0,0.0,0.0,51.3,0.0,0,0,0,0,0,8.0,0.0,2886.5,0.0,2886.5,0.0,6.38
2026-06-05T02:04:01.361+00:00,26782,34904cc0-20b0-44ef-a748-ca0f5d0a3cdb,,10,FAULT,0x0100,PI_LOST,0,1,1,0,1,0,0.0,0.464,0.0,1.315,0.0,157.8,118.35,0.0,0.0,36.58,-0.15,0.0,0.0,0.0,0.0,0.0,0.0,52.8,0.0,0,0,0,0,0,8.0,0.0,2900.34,0.0,2900.34,0.0,-8.38
2026-06-05T02:04:01.481+00:00,26898,34904cc0-20b0-44ef-a748-ca0f5d0a3cdb,,10,FAULT,0x0100,PI_LOST,0,1,1,0,1,0,0.0,0.415,0.0,1.315,0.0,157.8,118.35,0.0,0.0,37.07,-0.4,0.0,0.0,0.0,0.0,0.0,0.0,54.0,0.0,0,0,0,0,0,8.0,0.0,2914.07,0.0,2914.07,0.0,4.22
2026-06-05T02:04:01.567+00:00,27015,34904cc0-20b0-44ef-a748-ca0f5d0a3cdb,,10,FAULT,0x0100,PI_LOST,0,1,1,0,1,0,0.0,0.464,0.0,1.316,0.0,157.92,118.44,0.0,0.0,36.58,-0.28,0.0,0.0,0.0,0.0,0.0,0.0,53.6,0.0,0,0,0,0,0,8.0,0.0,2927.93,0.0,2927.93,0.0,-4.19
2026-06-05T02:04:01.682+00:00,27131,34904cc0-20b0-44ef-a748-ca0f5d0a3cdb,,10,FAULT,0x0100,PI_LOST,0,1,1,0,1,0,0.0,0.268,0.0,1.325,0.0,159.0,119.25,0.0,0.0,35.85,-0.4,0.0,0.0,0.0,0.0,0.0,0.0,53.2,0.0,0,0,0,0,0,8.0,0.0,2941.76,0.0,2941.76,0.0,-6.29
2026-06-05T02:04:01.801+00:00,27248,34904cc0-20b0-44ef-a748-ca0f5d0a3cdb,,10,FAULT,0x0100,PI_LOST,0,1,1,0,1,0,0.0,0.659,0.0,1.321,0.0,158.52,118.89,0.0,0.0,36.58,-0.52,0.0,0.0,0.0,0.0,0.0,0.0,53.2,0.0,0,0,0,0,0,8.0,0.0,2955.67,0.0,2955.67,0.0,6.24
2026-06-05T02:04:01.916+00:00,27364,34904cc0-20b0-44ef-a748-ca0f5d0a3cdb,,10,FAULT,0x0100,PI_LOST,0,1,1,0,1,0,0.0,0.708,0.0,1.309,0.0,157.08,117.81,0.0,0.0,36.09,-0.28,0.0,0.0,0.0,0.0,0.0,0.0,53.1,0.0,0,0,0,0,0,8.0,0.0,2969.34,0.0,2969.34,0.0,-4.22
2026-06-05T02:04:02.057+00:00,27481,34904cc0-20b0-44ef-a748-ca0f5d0a3cdb,,10,FAULT,0x0100,PI_LOST,0,1,1,0,1,0,0.0,0.415,0.0,1.299,0.0,155.88,116.91,0.0,0.0,37.07,0.0,0.0,0.0,0.0,0.0,0.0,0.0,53.3,0.0,0,0,0,0,0,8.0,0.0,2983.02,0.0,2983.02,0.0,8.38
2026-06-05T02:04:02.210+00:00,27597,34904cc0-20b0-44ef-a748-ca0f5d0a3cdb,,10,FAULT,0x0100,PI_LOST,0,1,1,0,1,0,0.0,0.708,0.0,1.306,0.0,156.72,117.54,0.0,0.0,37.56,-0.28,0.0,0.0,0.0,0.0,0.0,0.0,53.4,0.0,0,0,0,0,0,8.0,0.0,2996.65,0.0,2996.65,0.0,4.22
2026-06-05T02:04:02.267+00:00,27713,34904cc0-20b0-44ef-a748-ca0f5d0a3cdb,,10,FAULT,0x0100,PI_LOST,0,1,1,0,1,0,0.0,0.513,0.0,1.297,0.0,155.64,116.73,0.0,0.0,36.33,-0.28,0.0,0.0,0.0,0.0,0.0,0.0,53.7,0.0,0,0,0,0,0,8.0,0.0,3010.19,0.0,3010.19,0.0,-10.6
2026-06-05T02:04:02.383+00:00,27830,34904cc0-20b0-44ef-a748-ca0f5d0a3cdb,,10,FAULT,0x0100,PI_LOST,0,1,1,0,1,0,0.0,0.61,0.0,1.3,0.0,156.0,117.0,0.0,0.0,35.6,-0.28,0.0,0.0,0.0,0.0,0.0,0.0,53.6,0.0,0,0,0,0,0,8.0,0.0,3023.88,0.0,3023.88,0.0,-6.24
2026-06-05T02:04:02.501+00:00,27947,34904cc0-20b0-44ef-a748-ca0f5d0a3cdb,,10,FAULT,0x0100,PI_LOST,0,1,1,0,1,0,0.0,0.366,0.0,1.302,0.0,156.24,117.18,0.0,0.0,35.85,-0.52,0.0,0.0,0.0,0.0,0.0,0.0,53.8,0.0,0,0,0,0,0,8.0,0.0,3037.59,0.0,3037.59,0.0,2.14
2026-06-05T02:04:02.616+00:00,28063,34904cc0-20b0-44ef-a748-ca0f5d0a3cdb,,10,FAULT,0x0100,PI_LOST,0,1,1,0,1,0,0.0,0.659,0.0,1.315,0.0,157.8,118.35,0.0,0.0,36.09,-0.4,0.0,0.0,0.0,0.0,0.0,0.0,53.5,0.0,0,0,0,0,0,8.0,0.0,3051.32,0.0,3051.32,0.0,2.07
2026-06-05T02:04:02.758+00:00,28179,34904cc0-20b0-44ef-a748-ca0f5d0a3cdb,,10,FAULT,0x0100,PI_LOST,0,1,1,0,1,0,0.0,0.659,0.0,1.329,0.0,159.48,119.61,0.0,0.0,36.33,-0.4,0.0,0.0,0.0,0.0,0.0,0.0,54.0,0.0,0,0,0,0,0,8.0,0.0,3065.19,0.0,3065.19,0.0,2.07
2026-06-05T02:04:02.909+00:00,28296,34904cc0-20b0-44ef-a748-ca0f5d0a3cdb,,10,FAULT,0x0100,PI_LOST,0,1,1,0,1,0,0.0,0.806,0.0,1.32,0.0,158.4,118.8,0.0,0.0,37.31,-0.4,0.0,0.0,0.0,0.0,0.0,0.0,54.2,0.0,0,0,0,0,0,8.0,0.0,3079.09,0.0,3079.09,0.0,8.38
2026-06-05T02:04:02.968+00:00,28412,34904cc0-20b0-44ef-a748-ca0f5d0a3cdb,,10,FAULT,0x0100,PI_LOST,0,1,1,0,1,0,0.0,0.562,0.0,1.309,0.0,157.08,117.81,0.0,0.0,35.85,-0.52,0.0,0.0,0.0,0.0,0.0,0.0,53.7,0.0,0,0,0,0,0,8.0,0.0,3092.76,0.0,3092.76,0.0,-12.59
2026-06-05T02:04:03.083+00:00,28529,34904cc0-20b0-44ef-a748-ca0f5d0a3cdb,,10,FAULT,0x0100,PI_LOST,0,1,1,0,1,0,0.0,0.366,0.0,1.332,0.0,159.84,119.88,0.0,0.0,35.85,-0.52,0.0,0.0,0.0,0.0,0.0,0.0,53.9,0.0,0,0,0,0,0,8.0,0.0,3106.79,0.0,3106.79,0.0,0.0
2026-06-05T02:04:03.201+00:00,28645,34904cc0-20b0-44ef-a748-ca0f5d0a3cdb,,10,FAULT,0x0100,PI_LOST,0,1,1,0,1,0,0.0,0.464,0.0,1.338,0.0,160.56,120.42,0.0,0.0,35.36,-0.28,0.0,0.0,0.0,0.0,0.0,0.0,54.0,0.0,0,0,0,0,0,8.0,0.0,3120.75,0.0,3120.75,0.0,-4.22
2026-06-05T02:04:03.316+00:00,28762,34904cc0-20b0-44ef-a748-ca0f5d0a3cdb,,10,FAULT,0x0100,PI_LOST,0,1,1,0,1,0,0.0,0.171,0.0,1.357,0.0,162.84,122.13,0.0,0.0,35.85,-0.28,0.0,0.0,0.0,0.0,0.0,0.0,54.4,0.0,0,0,0,0,0,8.0,0.0,3135.04,0.0,3135.04,0.0,4.19
2026-06-05T02:04:03.436+00:00,28878,34904cc0-20b0-44ef-a748-ca0f5d0a3cdb,,10,FAULT,0x0100,PI_LOST,0,1,1,0,1,0,0.0,0.366,0.0,1.357,0.0,162.84,122.13,0.0,0.0,37.8,-0.15,0.0,0.0,0.0,0.0,0.0,0.0,54.3,0.0,0,0,0,0,0,8.0,0.0,3149.21,0.0,3149.21,0.0,16.81
2026-06-05T02:04:03.619+00:00,28995,34904cc0-20b0-44ef-a748-ca0f5d0a3cdb,,10,FAULT,0x0100,PI_LOST,0,1,1,0,1,0,0.0,0.268,0.0,1.352,0.0,162.24,121.68,0.0,0.0,37.31,-0.28,0.0,0.0,0.0,0.0,0.0,0.0,54.3,0.0,0,0,0,0,0,8.0,0.0,3163.45,0.0,3163.45,0.0,-4.19
2026-06-05T02:04:03.668+00:00,29111,34904cc0-20b0-44ef-a748-ca0f5d0a3cdb,,10,FAULT,0x0100,PI_LOST,0,1,1,0,1,0,0.0,0.415,0.0,1.367,0.0,164.04,123.03,0.0,0.0,36.09,-0.52,0.0,0.0,0.0,0.0,0.0,0.0,54.7,0.0,0,0,0,0,0,8.0,0.0,3177.72,0.0,3177.72,0.0,-10.52
2026-06-05T02:04:03.783+00:00,29228,34904cc0-20b0-44ef-a748-ca0f5d0a3cdb,,10,FAULT,0x0100,PI_LOST,0,1,1,0,1,0,0.0,0.171,0.0,1.363,0.0,163.56,122.67,0.0,0.0,35.6,-0.15,0.0,0.0,0.0,0.0,0.0,0.0,53.9,0.0,0,0,0,0,0,8.0,0.0,3192.07,0.0,3192.07,0.0,-4.19
2026-06-05T02:04:03.902+00:00,29344,34904cc0-20b0-44ef-a748-ca0f5d0a3cdb,,10,FAULT,0x0100,PI_LOST,0,1,1,0,1,0,0.0,0.171,0.0,1.368,0.0,164.16,123.12,0.0,0.0,35.36,-0.4,0.0,0.0,0.0,0.0,0.0,0.0,53.5,0.0,0,0,0,0,0,8.0,0.0,3206.35,0.0,3206.35,0.0,-2.07
2026-06-05T02:04:04.017+00:00,29461,34904cc0-20b0-44ef-a748-ca0f5d0a3cdb,,10,FAULT,0x0100,PI_LOST,0,1,1,0,1,0,0.0,0.415,0.0,1.381,0.0,165.72,124.29,0.0,0.0,36.09,-0.52,0.0,0.0,0.0,0.0,0.0,0.0,53.3,0.0,0,0,0,0,0,8.0,0.0,3220.9,0.0,3220.9,0.0,6.24
2026-06-05T02:04:04.155+00:00,29577,34904cc0-20b0-44ef-a748-ca0f5d0a3cdb,,10,FAULT,0x0100,PI_LOST,0,1,1,0,1,0,0.0,0.268,0.0,1.375,0.0,165.0,123.75,0.0,0.0,36.58,0.0,0.0,0.0,0.0,0.0,0.0,0.0,53.7,0.0,0,0,0,0,0,8.0,0.0,3235.25,0.0,3235.25,0.0,4.22
2026-06-05T02:04:04.321+00:00,29693,34904cc0-20b0-44ef-a748-ca0f5d0a3cdb,,10,FAULT,0x0100,PI_LOST,0,1,1,0,1,0,0.0,0.757,0.0,1.356,0.0,162.72,122.04,0.0,0.0,36.33,-0.4,0.0,0.0,0.0,0.0,0.0,0.0,53.3,0.0,0,0,0,0,0,8.0,0.0,3249.41,0.0,3249.41,0.0,-2.16
2026-06-05T02:04:04.368+00:00,29810,34904cc0-20b0-44ef-a748-ca0f5d0a3cdb,,10,FAULT,0x0100,PI_LOST,0,1,1,0,1,0,0.0,0.659,0.0,1.362,0.0,163.44,122.58,0.0,0.0,36.58,-0.28,0.0,0.0,0.0,0.0,0.0,0.0,53.2,0.0,0,0,0,0,0,8.0,0.0,3263.75,0.0,3263.75,0.0,2.14
2026-06-05T02:04:04.484+00:00,29927,34904cc0-20b0-44ef-a748-ca0f5d0a3cdb,,10,FAULT,0x0100,PI_LOST,0,1,1,0,1,0,0.0,0.61,0.0,1.362,0.0,163.44,122.58,0.0,0.0,36.82,-0.4,0.0,0.0,0.0,0.0,0.0,0.0,53.1,0.0,0,0,0,0,0,8.0,0.0,3278.09,0.0,3278.09,0.0,2.05
2026-06-05T02:04:04.602+00:00,30043,34904cc0-20b0-44ef-a748-ca0f5d0a3cdb,,10,FAULT,0x0100,PI_LOST,0,1,1,0,1,0,0.0,0.268,0.0,1.379,0.0,165.48,124.11,0.0,0.0,36.09,-0.4,0.0,0.0,0.0,0.0,0.0,0.0,52.8,0.0,0,0,0,0,0,8.0,0.0,3292.49,0.0,3292.49,0.0,-6.29
2026-06-05T02:04:04.717+00:00,30159,34904cc0-20b0-44ef-a748-ca0f5d0a3cdb,,10,FAULT,0x0100,PI_LOST,0,1,1,0,1,0,0.0,0.464,0.0,1.346,0.0,161.52,121.14,0.0,0.0,35.85,-0.4,0.0,0.0,0.0,0.0,0.0,0.0,53.2,0.0,0,0,0,0,0,8.0,0.0,3306.54,0.0,3306.54,0.0,-2.07
2026-06-05T02:04:04.861+00:00,30276,34904cc0-20b0-44ef-a748-ca0f5d0a3cdb,,10,FAULT,0x0100,PI_LOST,0,1,1,0,1,0,0.0,0.317,0.0,1.328,0.0,159.36,119.52,0.0,0.0,36.58,0.0,0.0,0.0,0.0,0.0,0.0,0.0,53.2,0.0,0,0,0,0,0,8.0,0.0,3320.52,0.0,3320.52,0.0,6.24
2026-06-05T02:04:05.012+00:00,30393,34904cc0-20b0-44ef-a748-ca0f5d0a3cdb,,10,FAULT,0x0100,PI_LOST,0,1,1,0,1,0,0.0,0.464,0.0,1.308,0.0,156.96,117.72,0.0,0.0,37.07,-0.28,0.0,0.0,0.0,0.0,0.0,0.0,53.8,0.0,0,0,0,0,0,8.0,0.0,3334.3,0.0,3334.3,0.0,4.19
2026-06-05T02:04:05.069+00:00,30509,34904cc0-20b0-44ef-a748-ca0f5d0a3cdb,,10,FAULT,0x0100,PI_LOST,0,1,1,0,0,0,0.0,0.317,0.0,1.309,0.0,157.08,117.81,0.0,0.0,36.33,-0.4,0.0,0.0,0.0,0.0,0.0,0.0,56.3,0.0,0,0,0,0,0,8.0,0.0,3347.96,0.0,3347.96,0.0,-6.38
2026-06-05T02:04:05.184+00:00,30625,34904cc0-20b0-44ef-a748-ca0f5d0a3cdb,,10,FAULT,0x0100,PI_LOST,0,1,1,0,0,0,0.0,0.317,0.0,1.312,0.0,157.44,118.08,0.0,0.0,36.82,-0.28,0.0,0.0,0.0,0.0,0.0,0.0,53.5,0.0,0,0,0,0,0,8.0,0.0,3361.66,0.0,3361.66,0.0,4.22
2026-06-05T02:04:05.302+00:00,30742,34904cc0-20b0-44ef-a748-ca0f5d0a3cdb,,10,FAULT,0x0100,PI_LOST,0,1,1,0,0,0,0.0,0.219,0.0,1.322,0.0,158.64,118.98,0.0,0.0,35.85,-0.15,0.0,0.0,0.0,0.0,0.0,0.0,53.7,0.0,0,0,0,0,0,8.0,0.0,3375.58,0.0,3375.58,0.0,-8.29
2026-06-05T02:04:05.417+00:00,30859,34904cc0-20b0-44ef-a748-ca0f5d0a3cdb,,10,FAULT,0x0100,PI_LOST,0,1,1,0,0,0,0.0,0.757,0.0,1.327,0.0,159.24,119.43,0.0,0.0,36.58,-0.28,0.0,0.0,0.0,0.0,0.0,0.0,53.5,0.0,0,0,0,0,0,8.0,0.0,3389.55,0.0,3389.55,0.0,6.24
2026-06-05T02:04:05.562+00:00,30974,34904cc0-20b0-44ef-a748-ca0f5d0a3cdb,,10,FAULT,0x0100,PI_LOST,0,1,1,0,0,0,0.0,0.513,0.0,1.32,0.0,158.4,118.8,0.0,0.0,37.31,0.0,0.0,0.0,0.0,0.0,0.0,0.0,54.2,0.0,0,0,0,0,0,8.0,0.0,3403.22,0.0,3403.22,0.0,6.35
2026-06-05T02:04:05.682+00:00,31091,34904cc0-20b0-44ef-a748-ca0f5d0a3cdb,,10,FAULT,0x0100,PI_LOST,0,1,1,0,0,0,0.0,0.464,0.0,1.316,0.0,157.92,118.44,0.0,0.0,37.07,-0.28,0.0,0.0,0.0,0.0,0.0,0.0,53.8,0.0,0,0,0,0,0,8.0,0.0,3417.07,0.0,3417.07,0.0,-2.05
2026-06-05T02:04:05.769+00:00,31208,34904cc0-20b0-44ef-a748-ca0f5d0a3cdb,,10,FAULT,0x0100,PI_LOST,0,1,1,0,0,0,0.0,0.562,0.0,1.32,0.0,158.4,118.8,0.0,0.0,35.85,-0.52,0.0,0.0,0.0,0.0,0.0,0.0,54.5,0.0,0,0,0,0,0,8.0,0.0,3430.97,0.0,3430.97,0.0,-10.43
2026-06-05T02:04:05.885+00:00,31325,34904cc0-20b0-44ef-a748-ca0f5d0a3cdb,,10,FAULT,0x0100,PI_LOST,0,1,1,0,0,0,0.0,0.268,0.0,1.324,0.0,158.88,119.16,0.0,0.0,36.33,-0.15,0.0,0.0,0.0,0.0,0.0,0.0,54.1,0.0,0,0,0,0,0,8.0,0.0,3444.91,0.0,3444.91,0.0,4.1
2026-06-05T02:04:06.003+00:00,31440,34904cc0-20b0-44ef-a748-ca0f5d0a3cdb,,10,FAULT,0x0100,PI_LOST,0,1,1,0,0,0,0.0,0.562,0.0,1.305,0.0,156.6,117.45,0.0,0.0,37.31,-0.52,0.0,0.0,0.0,0.0,0.0,0.0,54.3,0.0,0,0,0,0,0,8.0,0.0,3458.42,0.0,3458.42,0.0,8.52
2026-06-05T02:04:06.118+00:00,31557,34904cc0-20b0-44ef-a748-ca0f5d0a3cdb,,10,FAULT,0x0100,PI_LOST,0,1,1,0,0,0,0.0,0.268,0.0,1.323,0.0,158.76,119.07,0.0,0.0,35.36,-0.52,0.0,0.0,0.0,0.0,0.0,0.0,54.4,0.0,0,0,0,0,0,8.0,0.0,3472.35,0.0,3472.35,0.0,-16.67
2026-06-05T02:04:06.337+00:00,31674,34904cc0-20b0-44ef-a748-ca0f5d0a3cdb,,10,FAULT,0x0100,PI_LOST,0,1,1,0,0,0,0.0,0.366,0.0,1.338,0.0,160.56,120.42,0.0,0.0,35.85,-0.4,0.0,0.0,0.0,0.0,0.0,0.0,54.5,0.0,0,0,0,0,0,8.0,0.0,3486.44,0.0,3486.44,0.0,4.19
2026-06-05T02:04:06.425+00:00,31790,34904cc0-20b0-44ef-a748-ca0f5d0a3cdb,,10,FAULT,0x0100,PI_LOST,0,1,1,0,0,0,0.0,0.464,0.0,1.355,0.0,162.6,121.95,0.0,0.0,36.09,-0.4,0.0,0.0,0.0,0.0,0.0,0.0,54.8,0.0,0,0,0,0,0,8.0,0.0,3500.59,0.0,3500.59,0.0,2.07
2026-06-05T02:04:06.523+00:00,31906,34904cc0-20b0-44ef-a748-ca0f5d0a3cdb,,10,FAULT,0x0100,PI_LOST,0,1,1,0,0,0,0.0,0.317,0.0,1.36,0.0,163.2,122.4,0.0,0.0,36.33,-0.4,0.0,0.0,0.0,0.0,0.0,0.0,54.5,0.0,0,0,0,0,0,8.0,0.0,3514.79,0.0,3514.79,0.0,2.07
2026-06-05T02:04:06.585+00:00,32023,34904cc0-20b0-44ef-a748-ca0f5d0a3cdb,,10,FAULT,0x0100,PI_LOST,0,1,1,0,0,0,0.0,0.415,0.0,1.353,0.0,162.36,121.77,0.0,0.0,36.09,-0.15,0.0,0.0,0.0,0.0,0.0,0.0,54.4,0.0,0,0,0,0,0,8.0,0.0,3529.03,0.0,3529.03,0.0,-2.05
2026-06-05T02:04:06.703+00:00,32140,34904cc0-20b0-44ef-a748-ca0f5d0a3cdb,,10,FAULT,0x0100,PI_LOST,0,1,1,0,0,0,0.0,0.366,0.0,1.35,0.0,162.0,121.5,0.0,0.0,37.31,-0.28,0.0,0.0,0.0,0.0,0.0,0.0,54.3,0.0,0,0,0,0,0,8.0,0.0,3543.25,0.0,3543.25,0.0,10.43
2026-06-05T02:04:06.818+00:00,32256,34904cc0-20b0-44ef-a748-ca0f5d0a3cdb,,10,FAULT,0x0100,PI_LOST,0,1,1,0,0,0,0.0,0.219,0.0,1.337,0.0,160.44,120.33,0.0,0.0,37.07,-0.28,0.0,0.0,0.0,0.0,0.0,0.0,54.6,0.0,0,0,0,0,0,8.0,0.0,3557.21,0.0,3557.21,0.0,-2.07
2026-06-05T02:04:06.936+00:00,32372,34904cc0-20b0-44ef-a748-ca0f5d0a3cdb,,10,FAULT,0x0100,PI_LOST,0,1,1,0,0,0,0.0,0.171,0.0,1.345,0.0,161.4,121.05,0.0,0.0,36.33,-0.4,0.0,0.0,0.0,0.0,0.0,0.0,54.4,0.0,0,0,0,0,0,8.0,0.0,3571.25,0.0,3571.25,0.0,-6.38
2026-06-05T02:04:07.056+00:00,32489,34904cc0-20b0-44ef-a748-ca0f5d0a3cdb,,10,FAULT,0x0100,PI_LOST,0,1,1,0,0,0,0.0,0.464,0.0,1.337,0.0,160.44,120.33,0.0,0.0,37.07,-0.4,0.0,0.0,0.0,0.0,0.0,0.0,54.3,0.0,0,0,0,0,0,8.0,0.0,3585.33,0.0,3585.33,0.0,6.32
2026-06-05T02:04:07.236+00:00,32606,34904cc0-20b0-44ef-a748-ca0f5d0a3cdb,,10,FAULT,0x0100,PI_LOST,0,1,1,0,0,0,0.0,0.415,0.0,1.315,0.0,157.8,118.35,0.0,0.0,36.58,-0.52,0.0,0.0,0.0,0.0,0.0,0.0,54.6,0.0,0,0,0,0,0,8.0,0.0,3599.17,0.0,3599.17,0.0,-4.19
2026-06-05T02:04:07.286+00:00,32721,34904cc0-20b0-44ef-a748-ca0f5d0a3cdb,,10,FAULT,0x0100,PI_LOST,0,1,1,0,0,0,0.0,0.562,0.0,1.316,0.0,157.92,118.44,0.0,0.0,36.33,-0.15,0.0,0.0,0.0,0.0,0.0,0.0,54.5,0.0,0,0,0,0,0,8.0,0.0,3612.8,0.0,3612.8,0.0,-2.17
2026-06-05T02:04:07.403+00:00,32838,34904cc0-20b0-44ef-a748-ca0f5d0a3cdb,,10,FAULT,0x0100,PI_LOST,0,1,1,0,0,0,0.0,0.268,0.0,1.313,0.0,157.56,118.17,0.0,0.0,36.09,-0.52,0.0,0.0,0.0,0.0,0.0,0.0,54.3,0.0,0,0,0,0,0,8.0,0.0,3626.62,0.0,3626.62,0.0,-2.05
2026-06-05T02:04:07.518+00:00,32955,34904cc0-20b0-44ef-a748-ca0f5d0a3cdb,,10,FAULT,0x0100,PI_LOST,0,1,1,0,0,0,0.0,0.415,0.0,1.307,0.0,156.84,117.63,0.0,0.0,36.58,-0.52,0.0,0.0,0.0,0.0,0.0,0.0,54.5,0.0,0,0,0,0,0,8.0,0.0,3640.38,0.0,3640.38,0.0,4.19
2026-06-05T02:04:07.637+00:00,33072,34904cc0-20b0-44ef-a748-ca0f5d0a3cdb,,10,FAULT,0x0100,PI_LOST,0,1,1,0,0,0,0.0,0.562,0.0,1.302,0.0,156.24,117.18,0.0,0.0,35.85,-0.4,0.0,0.0,0.0,0.0,0.0,0.0,54.1,0.0,0,0,0,0,0,8.0,0.0,3654.09,0.0,3654.09,0.0,-6.24
2026-06-05T02:04:07.767+00:00,33187,34904cc0-20b0-44ef-a748-ca0f5d0a3cdb,,10,FAULT,0x0100,PI_LOST,0,1,1,0,0,0,0.0,0.61,0.0,1.302,0.0,156.24,117.18,0.0,0.0,37.31,-0.52,0.0,0.0,0.0,0.0,0.0,0.0,54.7,0.0,0,0,0,0,0,8.0,0.0,3667.57,0.0,3667.57,0.0,12.7
2026-06-05T02:04:07.943+00:00,33304,34904cc0-20b0-44ef-a748-ca0f5d0a3cdb,,10,FAULT,0x0100,PI_LOST,0,1,1,0,0,0,0.0,0.415,0.0,1.298,0.0,155.76,116.82,0.0,0.0,36.82,-0.52,0.0,0.0,0.0,0.0,0.0,0.0,54.4,0.0,0,0,0,0,0,8.0,0.0,3681.24,0.0,3681.24,0.0,-4.19
2026-06-05T02:04:07.985+00:00,33421,34904cc0-20b0-44ef-a748-ca0f5d0a3cdb,,10,FAULT,0x0100,PI_LOST,0,1,1,0,0,0,0.0,0.268,0.0,1.294,0.0,155.28,116.46,0.0,0.0,36.09,-0.4,0.0,0.0,0.0,0.0,0.0,0.0,55.0,0.0,0,0,0,0,0,8.0,0.0,3694.86,0.0,3694.86,0.0,-6.24
2026-06-05T02:04:08.100+00:00,33538,34904cc0-20b0-44ef-a748-ca0f5d0a3cdb,,10,FAULT,0x0100,PI_LOST,0,1,1,0,0,0,0.0,0.659,0.0,1.295,0.0,155.4,116.55,0.0,0.0,35.85,-0.4,0.0,0.0,0.0,0.0,0.0,0.0,54.9,0.0,0,0,0,0,0,8.0,0.0,3708.5,0.0,3708.5,0.0,-2.05
2026-06-05T02:04:08.219+00:00,33653,34904cc0-20b0-44ef-a748-ca0f5d0a3cdb,,10,FAULT,0x0100,PI_LOST,0,1,1,0,0,0,0.0,0.415,0.0,1.313,0.0,157.56,118.17,0.0,0.0,35.36,-0.28,0.0,0.0,0.0,0.0,0.0,0.0,56.0,0.0,0,0,0,0,0,8.0,0.0,3722.09,0.0,3722.09,0.0,-4.26
2026-06-05T02:04:08.334+00:00,33770,34904cc0-20b0-44ef-a748-ca0f5d0a3cdb,,10,FAULT,0x0100,PI_LOST,0,1,1,0,0,0,0.0,0.757,0.0,1.317,0.0,158.04,118.53,0.0,0.0,37.07,-0.28,0.0,0.0,0.0,0.0,0.0,0.0,56.4,0.0,0,0,0,0,0,8.0,0.0,3735.96,0.0,3735.96,0.0,14.62
2026-06-05T02:04:08.478+00:00,33887,34904cc0-20b0-44ef-a748-ca0f5d0a3cdb,,10,FAULT,0x0100,PI_LOST,0,1,1,0,0,0,0.0,0.61,0.0,1.311,0.0,157.32,117.99,0.0,0.0,36.82,-0.28,0.0,0.0,0.0,0.0,0.0,0.0,56.0,0.0,0,0,0,0,0,8.0,0.0,3749.76,0.0,3749.76,0.0,-2.14
2026-06-05T02:04:08.569+00:00,34002,34904cc0-20b0-44ef-a748-ca0f5d0a3cdb,,10,FAULT,0x0100,PI_LOST,0,1,1,0,0,0,0.0,0.464,0.0,1.304,0.0,156.48,117.36,0.0,0.0,37.07,-0.64,0.0,0.0,0.0,0.0,0.0,0.0,56.0,0.0,0,0,0,0,0,8.0,0.0,3763.26,0.0,3763.26,0.0,2.17
2026-06-05T02:04:08.686+00:00,34119,34904cc0-20b0-44ef-a748-ca0f5d0a3cdb,,10,FAULT,0x0100,PI_LOST,0,1,1,0,0,0,0.0,0.366,0.0,1.301,0.0,156.12,117.09,0.0,0.0,35.85,-0.15,0.0,0.0,0.0,0.0,0.0,0.0,55.7,0.0,0,0,0,0,0,8.0,0.0,3776.96,0.0,3776.96,0.0,-10.43
2026-06-05T02:04:08.801+00:00,34236,34904cc0-20b0-44ef-a748-ca0f5d0a3cdb,,10,FAULT,0x0100,PI_LOST,0,1,1,0,0,0,0.0,0.317,0.0,1.314,0.0,157.68,118.26,0.0,0.0,36.82,-0.4,0.0,0.0,0.0,0.0,0.0,0.0,55.7,0.0,0,0,0,0,0,8.0,0.0,3790.79,0.0,3790.79,0.0,8.29
2026-06-05T02:04:08.919+00:00,34353,34904cc0-20b0-44ef-a748-ca0f5d0a3cdb,,10,FAULT,0x0100,PI_LOST,0,1,1,0,0,0,0.0,0.366,0.0,1.304,0.0,156.48,117.36,0.0,0.0,36.33,-0.4,0.0,0.0,0.0,0.0,0.0,0.0,55.8,0.0,0,0,0,0,0,8.0,0.0,3804.53,0.0,3804.53,0.0,-4.19
2026-06-05T02:04:09.034+00:00,34468,34904cc0-20b0-44ef-a748-ca0f5d0a3cdb,,10,FAULT,0x0100,PI_LOST,0,1,1,0,0,0,0.0,0.757,0.0,1.316,0.0,157.92,118.44,0.0,0.0,35.85,0.0,0.0,0.0,0.0,0.0,0.0,0.0,55.8,0.0,0,0,0,0,0,8.0,0.0,3818.15,0.0,3818.15,0.0,-4.17
2026-06-05T02:04:09.183+00:00,34585,34904cc0-20b0-44ef-a748-ca0f5d0a3cdb,,10,FAULT,0x0100,PI_LOST,0,1,1,0,0,0,0.0,0.806,0.0,1.294,0.0,155.28,116.46,0.0,0.0,37.07,0.0,0.0,0.0,0.0,0.0,0.0,0.0,56.4,0.0,0,0,0,0,0,8.0,0.0,3831.77,0.0,3831.77,0.0,10.43
2026-06-05T02:04:09.272+00:00,34702,34904cc0-20b0-44ef-a748-ca0f5d0a3cdb,,10,FAULT,0x0100,PI_LOST,0,1,1,0,0,0,0.0,0.757,0.0,1.282,0.0,153.84,115.38,0.0,0.0,37.31,-0.28,0.0,0.0,0.0,0.0,0.0,0.0,56.6,0.0,0,0,0,0,0,8.0,0.0,3845.27,0.0,3845.27,0.0,2.05
2026-06-05T02:04:09.386+00:00,34819,34904cc0-20b0-44ef-a748-ca0f5d0a3cdb,,10,FAULT,0x0100,PI_LOST,0,1,1,0,0,0,0.0,0.61,0.0,1.272,0.0,152.64,114.48,0.0,0.0,36.58,-0.4,0.0,0.0,0.0,0.0,0.0,0.0,56.6,0.0,0,0,0,0,0,8.0,0.0,3858.67,0.0,3858.67,0.0,-6.24
2026-06-05T02:04:09.501+00:00,34934,34904cc0-20b0-44ef-a748-ca0f5d0a3cdb,,10,FAULT,0x0100,PI_LOST,0,1,1,0,0,0,0.0,0.317,0.0,1.256,0.0,150.72,113.04,0.0,0.0,36.82,-0.4,0.0,0.0,0.0,0.0,0.0,0.0,55.5,0.0,0,0,0,0,0,8.0,0.0,3871.67,0.0,3871.67,0.0,2.09
2026-06-05T02:04:09.619+00:00,35051,34904cc0-20b0-44ef-a748-ca0f5d0a3cdb,,10,FAULT,0x0100,PI_LOST,0,1,1,0,0,0,0.0,0.366,0.0,1.267,0.0,152.04,114.03,0.0,0.0,36.58,-0.64,0.0,0.0,0.0,0.0,0.0,0.0,54.8,0.0,0,0,0,0,0,8.0,0.0,3885.01,0.0,3885.01,0.0,-2.05
2026-06-05T02:04:09.735+00:00,35168,34904cc0-20b0-44ef-a748-ca0f5d0a3cdb,,10,FAULT,0x0100,PI_LOST,0,1,1,0,0,0,0.0,0.708,0.0,1.256,0.0,150.72,113.04,0.0,0.0,36.33,-0.52,0.0,0.0,0.0,0.0,0.0,0.0,55.0,0.0,0,0,0,0,0,8.0,0.0,3898.23,0.0,3898.23,0.0,-2.14
2026-06-05T02:04:09.891+00:00,35284,34904cc0-20b0-44ef-a748-ca0f5d0a3cdb,,10,FAULT,0x0100,PI_LOST,0,1,1,0,0,0,0.0,0.317,0.0,1.255,0.0,150.6,112.95,0.0,0.0,36.82,-0.28,0.0,0.0,0.0,0.0,0.0,0.0,54.7,0.0,0,0,0,0,0,8.0,0.0,3911.33,0.0,3911.33,0.0,4.22
2026-06-05T02:04:09.980+00:00,35400,34904cc0-20b0-44ef-a748-ca0f5d0a3cdb,,10,FAULT,0x0100,PI_LOST,0,1,1,0,0,0,0.0,0.513,0.0,1.262,0.0,151.44,113.58,0.0,0.0,36.82,-0.52,0.0,0.0,0.0,0.0,0.0,0.0,54.9,0.0,0,0,0,0,0,8.0,0.0,3924.51,0.0,3924.51,0.0,0.0
2026-06-05T02:04:10.086+00:00,35517,34904cc0-20b0-44ef-a748-ca0f5d0a3cdb,,10,FAULT,0x0100,PI_LOST,0,1,1,0,0,0,0.0,0.317,0.0,1.263,0.0,151.56,113.67,0.0,0.0,35.85,-0.28,0.0,0.0,0.0,0.0,0.0,0.0,54.6,0.0,0,0,0,0,0,8.0,0.0,3937.81,0.0,3937.81,0.0,-8.29
2026-06-05T02:04:10.201+00:00,35634,34904cc0-20b0-44ef-a748-ca0f5d0a3cdb,,10,FAULT,0x0100,PI_LOST,0,1,1,0,0,0,0.0,0.61,0.0,1.263,0.0,151.56,113.67,0.0,0.0,36.82,-0.15,0.0,0.0,0.0,0.0,0.0,0.0,54.7,0.0,0,0,0,0,0,8.0,0.0,3951.11,0.0,3951.11,0.0,8.29
2026-06-05T02:04:10.320+00:00,35750,34904cc0-20b0-44ef-a748-ca0f5d0a3cdb,,10,FAULT,0x0100,PI_LOST,0,1,1,0,0,0,0.0,0.415,0.0,1.265,0.0,151.8,113.85,0.0,0.0,36.82,-0.28,0.0,0.0,0.0,0.0,0.0,0.0,54.5,0.0,0,0,0,0,0,8.0,0.0,3964.32,0.0,3964.32,0.0,0.0
2026-06-05T02:04:10.435+00:00,35866,34904cc0-20b0-44ef-a748-ca0f5d0a3cdb,,10,FAULT,0x0100,PI_LOST,0,1,1,0,0,0,0.0,0.366,0.0,1.263,0.0,151.56,113.67,0.0,0.0,35.85,-0.28,0.0,0.0,0.0,0.0,0.0,0.0,54.5,0.0,0,0,0,0,0,8.0,0.0,3977.5,0.0,3977.5,0.0,-8.36
2026-06-05T02:04:10.600+00:00,35983,34904cc0-20b0-44ef-a748-ca0f5d0a3cdb,,10,FAULT,0x0100,PI_LOST,0,1,1,0,0,0,0.0,0.464,0.0,1.279,0.0,153.48,115.11,0.0,0.0,36.33,-0.28,0.0,0.0,0.0,0.0,0.0,0.0,55.9,0.0,0,0,0,0,0,8.0,0.0,3990.97,0.0,3990.97,0.0,4.1
2026-06-05T02:04:10.697+00:00,36100,34904cc0-20b0-44ef-a748-ca0f5d0a3cdb,,10,FAULT,0x0100,PI_LOST,0,0,0,0,0,0,0.0,0.659,0.0,1.284,0.0,154.08,115.56,0.0,0.0,35.85,-0.4,0.0,0.0,0.0,0.0,0.0,0.0,56.7,0.0,0,0,0,0,0,8.0,0.0,4004.49,0.0,4004.49,0.0,-4.1
2026-06-05T02:04:10.789+00:00,36215,34904cc0-20b0-44ef-a748-ca0f5d0a3cdb,,10,FAULT,0x0100,PI_LOST,0,0,0,0,0,0,0.0,0.659,0.0,1.301,0.0,156.12,117.09,0.0,0.0,35.6,-0.15,0.0,0.0,0.0,0.0,0.0,0.0,57.5,0.0,0,0,0,0,0,8.0,0.0,4017.95,0.0,4017.95,0.0,-2.17
2026-06-05T02:04:10.902+00:00,36332,34904cc0-20b0-44ef-a748-ca0f5d0a3cdb,,10,FAULT,0x0100,PI_LOST,0,0,0,0,0,0,0.0,0.562,0.0,1.297,0.0,155.64,116.73,0.0,0.0,36.33,0.0,0.0,0.0,0.0,0.0,0.0,0.0,55.0,0.0,0,0,0,0,0,8.0,0.0,4031.61,0.0,4031.61,0.0,6.24
2026-06-05T02:04:11.020+00:00,36449,34904cc0-20b0-44ef-a748-ca0f5d0a3cdb,,10,FAULT,0x0100,PI_LOST,0,0,0,0,0,0,0.0,0.366,0.0,1.295,0.0,155.4,116.55,0.0,0.0,37.07,-0.52,0.0,0.0,0.0,0.0,0.0,0.0,55.5,0.0,0,0,0,0,0,8.0,0.0,4045.25,0.0,4045.25,0.0,6.32
2026-06-05T02:04:11.135+00:00,36566,34904cc0-20b0-44ef-a748-ca0f5d0a3cdb,,10,FAULT,0x0100,PI_LOST,0,0,0,0,0,0,0.0,0.268,0.0,1.299,0.0,155.88,116.91,0.0,0.0,35.85,-0.52,0.0,0.0,0.0,0.0,0.0,0.0,54.7,0.0,0,0,0,0,0,8.0,0.0,4058.93,0.0,4058.93,0.0,-10.43
2026-06-05T02:04:11.253+00:00,36681,34904cc0-20b0-44ef-a748-ca0f5d0a3cdb,,10,FAULT,0x0100,PI_LOST,0,0,0,0,0,0,0.0,0.415,0.0,1.292,0.0,155.04,116.28,0.0,0.0,35.85,-0.4,0.0,0.0,0.0,0.0,0.0,0.0,54.8,0.0,0,0,0,0,0,8.0,0.0,4072.3,0.0,4072.3,0.0,0.0
2026-06-05T02:04:11.369+00:00,36798,34904cc0-20b0-44ef-a748-ca0f5d0a3cdb,,10,FAULT,0x0100,PI_LOST,0,0,0,0,0,0,0.0,0.61,0.0,1.294,0.0,155.28,116.46,0.0,0.0,36.09,-0.76,0.0,0.0,0.0,0.0,0.0,0.0,54.5,0.0,0,0,0,0,0,8.0,0.0,4085.93,0.0,4085.93,0.0,2.05
2026-06-05T02:04:11.487+00:00,36915,34904cc0-20b0-44ef-a748-ca0f5d0a3cdb,,10,FAULT,0x0100,PI_LOST,0,0,0,0,0,0,0.0,0.366,0.0,1.308,0.0,156.96,117.72,0.0,0.0,35.85,-0.4,0.0,0.0,0.0,0.0,0.0,0.0,54.4,0.0,0,0,0,0,0,8.0,0.0,4099.7,0.0,4099.7,0.0,-2.05
2026-06-05T02:04:11.603+00:00,37031,34904cc0-20b0-44ef-a748-ca0f5d0a3cdb,,10,FAULT,0x0100,PI_LOST,0,0,0,0,0,0,0.0,0.366,0.0,1.306,0.0,156.72,117.54,0.0,0.0,35.6,-0.28,0.0,0.0,0.0,0.0,0.0,0.0,54.4,0.0,0,0,0,0,0,8.0,0.0,4113.33,0.0,4113.33,0.0,-2.16
2026-06-05T02:04:11.721+00:00,37148,34904cc0-20b0-44ef-a748-ca0f5d0a3cdb,,10,FAULT,0x0100,PI_LOST,0,0,0,0,0,0,0.0,0.317,0.0,1.317,0.0,158.04,118.53,0.0,0.0,36.82,-0.52,0.0,0.0,0.0,0.0,0.0,0.0,54.6,0.0,0,0,0,0,0,8.0,0.0,4127.2,0.0,4127.2,0.0,10.43
2026-06-05T02:04:11.836+00:00,37264,34904cc0-20b0-44ef-a748-ca0f5d0a3cdb,,10,FAULT,0x0100,PI_LOST,0,0,0,0,0,0,0.0,0.366,0.0,1.33,0.0,159.6,119.7,0.0,0.0,36.09,-0.4,0.0,0.0,0.0,0.0,0.0,0.0,54.4,0.0,0,0,0,0,0,8.0,0.0,4141.09,0.0,4141.09,0.0,-6.29
2026-06-05T02:04:11.954+00:00,37381,34904cc0-20b0-44ef-a748-ca0f5d0a3cdb,,10,FAULT,0x0100,PI_LOST,0,0,0,0,0,0,0.0,0.122,0.0,1.332,0.0,159.84,119.88,0.0,0.0,37.07,-0.15,0.0,0.0,0.0,0.0,0.0,0.0,54.6,0.0,0,0,0,0,0,8.0,0.0,4155.11,0.0,4155.11,0.0,8.38
2026-06-05T02:04:12.070+00:00,37497,34904cc0-20b0-44ef-a748-ca0f5d0a3cdb,,10,FAULT,0x0100,PI_LOST,0,0,0,0,0,0,0.0,0.562,0.0,1.323,0.0,158.76,119.07,0.0,0.0,36.82,-0.4,0.0,0.0,0.0,0.0,0.0,0.0,54.8,0.0,0,0,0,0,0,8.0,0.0,4168.92,0.0,4168.92,0.0,-2.16
2026-06-05T02:04:12.187+00:00,37613,34904cc0-20b0-44ef-a748-ca0f5d0a3cdb,,10,FAULT,0x0100,PI_LOST,0,0,0,0,0,0,0.0,0.464,0.0,1.308,0.0,156.96,117.72,0.0,0.0,36.09,-0.28,0.0,0.0,0.0,0.0,0.0,0.0,54.5,0.0,0,0,0,0,0,8.0,0.0,4182.58,0.0,4182.58,0.0,-6.29
2026-06-05T02:04:12.303+00:00,37730,34904cc0-20b0-44ef-a748-ca0f5d0a3cdb,,10,FAULT,0x0100,PI_LOST,0,0,0,0,0,0,0.0,0.415,0.0,1.314,0.0,157.68,118.26,0.0,0.0,36.09,-0.28,0.0,0.0,0.0,0.0,0.0,0.0,54.2,0.0,0,0,0,0,0,8.0,0.0,4196.42,0.0,4196.42,0.0,0.0
2026-06-05T02:04:12.421+00:00,37847,34904cc0-20b0-44ef-a748-ca0f5d0a3cdb,,10,FAULT,0x0100,PI_LOST,0,0,0,0,0,0,0.0,0.415,0.0,1.322,0.0,158.64,118.98,0.0,0.0,36.58,-0.4,0.0,0.0,0.0,0.0,0.0,0.0,53.8,0.0,0,0,0,0,0,8.0,0.0,4210.34,0.0,4210.34,0.0,4.19
2026-06-05T02:04:12.537+00:00,37963,34904cc0-20b0-44ef-a748-ca0f5d0a3cdb,,10,FAULT,0x0100,PI_LOST,0,0,0,0,0,0,0.0,0.317,0.0,1.318,0.0,158.16,118.62,0.0,0.0,35.36,-0.15,0.0,0.0,0.0,0.0,0.0,0.0,53.9,0.0,0,0,0,0,0,8.0,0.0,4224.1,0.0,4224.1,0.0,-10.52
2026-06-05T02:04:12.655+00:00,38079,34904cc0-20b0-44ef-a748-ca0f5d0a3cdb,,10,FAULT,0x0100,PI_LOST,0,0,0,0,0,0,0.0,0.171,0.0,1.323,0.0,158.76,119.07,0.0,0.0,35.36,-0.52,0.0,0.0,0.0,0.0,0.0,0.0,53.6,0.0,0,0,0,0,0,8.0,0.0,4237.91,0.0,4237.91,0.0,0.0
2026-06-05T02:04:12.770+00:00,38196,34904cc0-20b0-44ef-a748-ca0f5d0a3cdb,,10,FAULT,0x0100,PI_LOST,0,0,0,0,0,0,0.0,0.317,0.0,1.304,0.0,156.48,117.36,0.0,0.0,36.58,-0.52,0.0,0.0,0.0,0.0,0.0,0.0,53.4,0.0,0,0,0,0,0,8.0,0.0,4251.64,0.0,4251.64,0.0,10.43
2026-06-05T02:04:12.888+00:00,38312,34904cc0-20b0-44ef-a748-ca0f5d0a3cdb,,10,FAULT,0x0100,PI_LOST,0,0,0,0,0,0,0.0,0.122,0.0,1.308,0.0,156.96,117.72,0.0,0.0,36.58,-0.28,0.0,0.0,0.0,0.0,0.0,0.0,53.6,0.0,0,0,0,0,0,8.0,0.0,4265.3,0.0,4265.3,0.0,0.0
2026-06-05T02:04:13.003+00:00,38429,34904cc0-20b0-44ef-a748-ca0f5d0a3cdb,,10,FAULT,0x0100,PI_LOST,0,0,0,0,0,0,0.0,0.513,0.0,1.308,0.0,156.96,117.72,0.0,0.0,35.36,-0.64,0.0,0.0,0.0,0.0,0.0,0.0,54.1,0.0,0,0,0,0,0,8.0,0.0,4279.07,0.0,4279.07,0.0,-10.43
2026-06-05T02:04:13.121+00:00,38545,34904cc0-20b0-44ef-a748-ca0f5d0a3cdb,,10,FAULT,0x0100,PI_LOST,0,0,0,0,0,0,0.0,0.757,0.0,1.312,0.0,157.44,118.08,0.0,0.0,35.85,-0.15,0.0,0.0,0.0,0.0,0.0,0.0,54.3,0.0,0,0,0,0,0,8.0,0.0,4292.77,0.0,4292.77,0.0,4.22
2026-06-05T02:04:13.237+00:00,38662,34904cc0-20b0-44ef-a748-ca0f5d0a3cdb,,10,FAULT,0x0100,PI_LOST,0,0,0,0,0,0,0.0,0.757,0.0,1.319,0.0,158.28,118.71,0.0,0.0,35.85,-0.28,0.0,0.0,0.0,0.0,0.0,0.0,52.8,0.0,0,0,0,0,0,8.0,0.0,4306.66,0.0,4306.66,0.0,0.0
2026-06-05T02:04:13.355+00:00,38778,34904cc0-20b0-44ef-a748-ca0f5d0a3cdb,,10,FAULT,0x0100,PI_LOST,0,0,0,0,0,0,0.0,0.219,0.0,1.332,0.0,159.84,119.88,0.0,0.0,35.85,-0.52,0.0,0.0,0.0,0.0,0.0,0.0,52.8,0.0,0,0,0,0,0,8.0,0.0,4320.56,0.0,4320.56,0.0,0.0
2026-06-05T02:04:13.470+00:00,38895,34904cc0-20b0-44ef-a748-ca0f5d0a3cdb,,10,FAULT,0x0100,PI_LOST,0,0,0,0,0,0,0.0,0.219,0.0,1.335,0.0,160.2,120.15,0.0,0.0,35.6,-0.15,0.0,0.0,0.0,0.0,0.0,0.0,52.8,0.0,0,0,0,0,0,8.0,0.0,4334.62,0.0,4334.62,0.0,-2.14
2026-06-05T02:04:13.588+00:00,39011,34904cc0-20b0-44ef-a748-ca0f5d0a3cdb,,10,FAULT,0x0100,PI_LOST,0,0,0,0,0,0,0.0,0.415,0.0,1.334,0.0,160.08,120.06,0.0,0.0,36.82,-0.4,0.0,0.0,0.0,0.0,0.0,0.0,53.0,0.0,0,0,0,0,0,8.0,0.0,4348.55,0.0,4348.55,0.0,10.52
2026-06-05T02:04:13.704+00:00,39128,34904cc0-20b0-44ef-a748-ca0f5d0a3cdb,,10,FAULT,0x0100,PI_LOST,0,0,0,0,0,0,0.0,0.659,0.0,1.339,0.0,160.68,120.51,0.0,0.0,36.33,-0.52,0.0,0.0,0.0,0.0,0.0,0.0,53.4,0.0,0,0,0,0,0,8.0,0.0,4362.65,0.0,4362.65,0.0,-4.19
2026-06-05T02:04:13.821+00:00,39244,34904cc0-20b0-44ef-a748-ca0f5d0a3cdb,,2,ARMED_IDLE,0x0000,NONE,0,1,0,0,0,0,0.0,0.171,0.0,1.339,0.0,160.68,120.51,0.0,0.0,36.33,-0.4,0.0,0.0,0.0,0.0,0.0,0.0,52.7,0.0,0,0,0,0,0,8.0,0.0,4376.62,0.0,4376.62,0.0,0.0
2026-06-05T02:04:13.937+00:00,39361,34904cc0-20b0-44ef-a748-ca0f5d0a3cdb,,2,ARMED_IDLE,0x0000,NONE,0,1,0,0,0,0,0.0,0.806,0.0,1.343,0.0,161.16,120.87,0.0,0.0,37.56,-0.4,0.0,0.0,0.0,0.0,0.0,0.0,52.3,0.0,0,0,0,0,0,8.0,0.0,4390.77,0.0,4390.77,0.0,10.51
2026-06-05T02:04:14.053+00:00,39477,34904cc0-20b0-44ef-a748-ca0f5d0a3cdb,,2,ARMED_IDLE,0x0000,NONE,0,1,0,0,0,0,0.0,0.61,0.0,1.336,0.0,160.32,120.24,0.0,0.0,36.09,0.2,0.0,0.0,0.0,0.0,0.0,0.0,52.6,0.0,0,0,0,0,0,8.0,0.0,4404.71,0.0,4404.71,0.0,-12.67
2026-06-05T02:04:14.171+00:00,39593,34904cc0-20b0-44ef-a748-ca0f5d0a3cdb,,2,ARMED_IDLE,0x0000,NONE,0,1,0,0,0,0,0.0,0.317,0.0,1.322,0.0,158.64,118.98,0.0,0.0,36.33,-0.4,0.0,0.0,0.0,0.0,0.0,0.0,53.7,0.0,0,0,0,0,0,8.0,0.0,4418.52,0.0,4418.52,0.0,2.07
2026-06-05T02:04:14.291+00:00,39710,34904cc0-20b0-44ef-a748-ca0f5d0a3cdb,,2,ARMED_IDLE,0x0000,NONE,0,1,0,0,0,0,0.0,0.562,0.0,1.307,0.0,156.84,117.63,0.0,0.0,37.07,-0.64,0.0,0.0,0.0,0.0,0.0,0.0,55.0,0.0,0,0,0,0,0,8.0,0.0,4432.28,0.0,4432.28,0.0,6.32
2026-06-05T02:04:14.404+00:00,39826,34904cc0-20b0-44ef-a748-ca0f5d0a3cdb,,2,ARMED_IDLE,0x0000,NONE,0,1,0,0,0,0,0.0,0.513,0.0,1.311,0.0,157.32,117.99,0.0,0.0,36.09,-0.15,0.0,0.0,0.0,0.0,0.0,0.0,55.7,0.0,0,0,0,0,0,8.0,0.0,4445.97,0.0,4445.97,0.0,-8.45
2026-06-05T02:04:14.519+00:00,39943,34904cc0-20b0-44ef-a748-ca0f5d0a3cdb,,2,ARMED_IDLE,0x0000,NONE,0,1,0,0,0,0,0.0,0.317,0.0,1.315,0.0,157.8,118.35,0.0,0.0,36.58,-0.52,0.0,0.0,0.0,0.0,0.0,0.0,55.0,0.0,0,0,0,0,0,8.0,0.0,4459.81,0.0,4459.81,0.0,4.19
2026-06-05T02:04:14.637+00:00,40059,34904cc0-20b0-44ef-a748-ca0f5d0a3cdb,,2,ARMED_IDLE,0x0000,NONE,0,1,0,0,0,0,0.0,0.073,0.0,1.306,0.0,156.72,117.54,0.0,0.0,35.85,-0.4,0.0,0.0,0.0,0.0,0.0,0.0,54.9,0.0,0,0,0,0,0,8.0,0.0,4473.45,0.0,4473.45,0.0,-6.29
2026-06-05T02:04:14.753+00:00,40176,34904cc0-20b0-44ef-a748-ca0f5d0a3cdb,,2,ARMED_IDLE,0x0000,NONE,0,1,0,0,0,0,0.0,0.708,0.0,1.29,0.0,154.8,116.1,0.0,0.0,36.33,-0.4,0.0,0.0,0.0,0.0,0.0,0.0,54.9,0.0,0,0,0,0,0,8.0,0.0,4487.03,0.0,4487.03,0.0,4.1
2026-06-05T02:04:14.871+00:00,40292,34904cc0-20b0-44ef-a748-ca0f5d0a3cdb,,2,ARMED_IDLE,0x0000,NONE,0,1,0,0,0,0,0.0,0.366,0.0,1.306,0.0,156.72,117.54,0.0,0.0,36.33,-0.15,0.0,0.0,0.0,0.0,0.0,0.0,55.4,0.0,0,0,0,0,0,8.0,0.0,4500.67,0.0,4500.67,0.0,0.0
2026-06-05T02:04:14.988+00:00,40409,34904cc0-20b0-44ef-a748-ca0f5d0a3cdb,,2,ARMED_IDLE,0x0000,NONE,0,1,0,0,0,0,0.0,0.219,0.0,1.32,0.0,158.4,118.8,0.0,0.0,35.85,-0.52,0.0,0.0,0.0,0.0,0.0,0.0,55.9,0.0,0,0,0,0,0,8.0,0.0,4514.56,0.0,4514.56,0.0,-4.1
2026-06-05T02:04:15.104+00:00,40525,34904cc0-20b0-44ef-a748-ca0f5d0a3cdb,,2,ARMED_IDLE,0x0000,NONE,0,1,0,0,0,0,0.0,0.366,0.0,1.332,0.0,159.84,119.88,0.0,0.0,36.09,-0.52,0.0,0.0,0.0,0.0,0.0,0.0,55.6,0.0,0,0,0,0,0,8.0,0.0,4528.47,0.0,4528.47,0.0,2.07
2026-06-05T02:04:15.220+00:00,40642,34904cc0-20b0-44ef-a748-ca0f5d0a3cdb,,2,ARMED_IDLE,0x0000,NONE,0,1,0,0,0,0,0.0,0.513,0.0,1.348,0.0,161.76,121.32,0.0,0.0,37.07,-0.28,0.0,0.0,0.0,0.0,0.0,0.0,55.9,0.0,0,0,0,0,0,8.0,0.0,4542.67,0.0,4542.67,0.0,8.38
2026-06-05T02:04:15.338+00:00,40758,34904cc0-20b0-44ef-a748-ca0f5d0a3cdb,,2,ARMED_IDLE,0x0000,NONE,0,1,0,0,0,0,0.0,0.073,0.0,1.35,0.0,162.0,121.5,0.0,0.0,35.85,-0.28,0.0,0.0,0.0,0.0,0.0,0.0,56.0,0.0,0,0,0,0,0,8.0,0.0,4556.76,0.0,4556.76,0.0,-10.52
2026-06-05T02:04:15.453+00:00,40875,34904cc0-20b0-44ef-a748-ca0f5d0a3cdb,,2,ARMED_IDLE,0x0000,NONE,0,1,0,0,0,0,0.0,0.708,0.0,1.346,0.0,161.52,121.14,0.0,0.0,36.09,-0.64,0.0,0.0,0.0,0.0,0.0,0.0,55.6,0.0,0,0,0,0,0,8.0,0.0,4570.93,0.0,4570.93,0.0,2.05
2026-06-05T02:04:15.571+00:00,40991,34904cc0-20b0-44ef-a748-ca0f5d0a3cdb,,2,ARMED_IDLE,0x0000,NONE,0,1,0,0,0,0,0.0,0.757,0.0,1.359,0.0,163.08,122.31,0.0,0.0,36.82,-0.28,0.0,0.0,0.0,0.0,0.0,0.0,55.6,0.0,0,0,0,0,0,8.0,0.0,4585.12,0.0,4585.12,0.0,6.29
2026-06-05T02:04:15.687+00:00,41108,34904cc0-20b0-44ef-a748-ca0f5d0a3cdb,,2,ARMED_IDLE,0x0000,NONE,0,1,0,0,0,0,0.0,0.562,0.0,1.361,0.0,163.32,122.49,0.0,0.0,35.6,-0.28,0.0,0.0,0.0,0.0,0.0,0.0,55.5,0.0,0,0,0,0,0,8.0,0.0,4599.45,0.0,4599.45,0.0,-10.43
2026-06-05T02:04:15.805+00:00,41224,34904cc0-20b0-44ef-a748-ca0f5d0a3cdb,,2,ARMED_IDLE,0x0000,NONE,0,1,0,0,0,0,0.0,0.513,0.0,1.353,0.0,162.36,121.77,0.0,0.0,36.33,-0.52,0.0,0.0,0.0,0.0,0.0,0.0,55.4,0.0,0,0,0,0,0,8.0,0.0,4613.58,0.0,4613.58,0.0,6.29
2026-06-05T02:04:15.921+00:00,41340,34904cc0-20b0-44ef-a748-ca0f5d0a3cdb,,2,ARMED_IDLE,0x0000,NONE,0,1,0,0,0,0,0.0,0.366,0.0,1.354,0.0,162.48,121.86,0.0,0.0,36.33,-0.28,0.0,0.0,0.0,0.0,0.0,0.0,55.1,0.0,0,0,0,0,0,8.0,0.0,4627.71,0.0,4627.71,0.0,0.0
2026-06-05T02:04:16.038+00:00,41457,34904cc0-20b0-44ef-a748-ca0f5d0a3cdb,,2,ARMED_IDLE,0x0000,NONE,0,1,0,0,0,0,0.0,0.513,0.0,1.347,0.0,161.64,121.23,0.0,0.0,35.85,-0.15,0.0,0.0,0.0,0.0,0.0,0.0,55.6,0.0,0,0,0,0,0,8.0,0.0,4641.9,0.0,4641.9,0.0,-4.1
2026-06-05T02:04:16.154+00:00,41574,34904cc0-20b0-44ef-a748-ca0f5d0a3cdb,,2,ARMED_IDLE,0x0000,NONE,0,1,0,0,0,0,0.0,0.268,0.0,1.349,0.0,161.88,121.41,0.0,0.0,35.85,-0.52,0.0,0.0,0.0,0.0,0.0,0.0,56.0,0.0,0,0,0,0,0,8.0,0.0,4656.1,0.0,4656.1,0.0,0.0
2026-06-05T02:04:16.271+00:00,41690,34904cc0-20b0-44ef-a748-ca0f5d0a3cdb,,2,ARMED_IDLE,0x0000,NONE,0,1,0,0,0,0,0.0,0.61,0.0,1.349,0.0,161.88,121.41,0.0,0.0,35.6,-0.28,0.0,0.0,0.0,0.0,0.0,0.0,56.5,0.0,0,0,0,0,0,8.0,0.0,4670.19,0.0,4670.19,0.0,-2.16
2026-06-05T02:04:16.387+00:00,41806,34904cc0-20b0-44ef-a748-ca0f5d0a3cdb,,2,ARMED_IDLE,0x0000,NONE,0,1,0,0,0,0,0.0,0.562,0.0,1.333,0.0,159.96,119.97,0.0,0.0,35.6,-0.15,0.0,0.0,0.0,0.0,0.0,0.0,56.6,0.0,0,0,0,0,0,8.0,0.0,4684.1,0.0,4684.1,0.0,0.0
2026-06-05T02:04:16.505+00:00,41923,34904cc0-20b0-44ef-a748-ca0f5d0a3cdb,,2,ARMED_IDLE,0x0000,NONE,0,1,0,0,0,0,0.0,0.317,0.0,1.35,0.0,162.0,121.5,0.0,0.0,37.07,-0.52,0.0,0.0,0.0,0.0,0.0,0.0,56.2,0.0,0,0,0,0,0,8.0,0.0,4698.32,0.0,4698.32,0.0,12.56
2026-06-05T02:04:16.620+00:00,42040,34904cc0-20b0-44ef-a748-ca0f5d0a3cdb,,2,ARMED_IDLE,0x0000,NONE,0,1,0,0,0,0,0.0,0.122,0.0,1.338,0.0,160.56,120.42,0.0,0.0,35.6,-0.15,0.0,0.0,0.0,0.0,0.0,0.0,56.0,0.0,0,0,0,0,0,8.0,0.0,4712.41,0.0,4712.41,0.0,-12.56
2026-06-05T02:04:16.738+00:00,42156,34904cc0-20b0-44ef-a748-ca0f5d0a3cdb,,2,ARMED_IDLE,0x0000,NONE,0,1,0,0,0,0,0.0,0.317,0.0,1.343,0.0,161.16,120.87,0.0,0.0,35.85,-0.28,0.0,0.0,0.0,0.0,0.0,0.0,55.6,0.0,0,0,0,0,0,8.0,0.0,4726.43,0.0,4726.43,0.0,2.16
2026-06-05T02:04:16.854+00:00,42272,34904cc0-20b0-44ef-a748-ca0f5d0a3cdb,,2,ARMED_IDLE,0x0000,NONE,0,1,0,0,0,0,0.0,0.513,0.0,1.343,0.0,161.16,120.87,0.0,0.0,35.36,-0.52,0.0,0.0,0.0,0.0,0.0,0.0,53.8,0.0,0,0,0,0,0,8.0,0.0,4740.45,0.0,4740.45,0.0,-4.22
2026-06-05T02:04:16.972+00:00,42389,34904cc0-20b0-44ef-a748-ca0f5d0a3cdb,,2,ARMED_IDLE,0x0000,NONE,0,1,0,0,0,0,0.0,0.513,0.0,1.338,0.0,160.56,120.42,0.0,0.0,35.85,-0.28,0.0,0.0,0.0,0.0,0.0,0.0,53.6,0.0,0,0,0,0,0,8.0,0.0,4754.54,0.0,4754.54,0.0,4.19
2026-06-05T02:04:17.087+00:00,42506,34904cc0-20b0-44ef-a748-ca0f5d0a3cdb,,2,ARMED_IDLE,0x0000,NONE,0,1,0,0,0,0,0.0,0.317,0.0,1.339,0.0,160.68,120.51,0.0,0.0,35.36,-0.76,0.0,0.0,0.0,0.0,0.0,0.0,53.6,0.0,0,0,0,0,0,8.0,0.0,4768.64,0.0,4768.64,0.0,-4.19
2026-06-05T02:04:17.205+00:00,42621,34904cc0-20b0-44ef-a748-ca0f5d0a3cdb,,2,ARMED_IDLE,0x0000,NONE,0,1,0,0,0,0,0.0,0.562,0.0,1.344,0.0,161.28,120.96,0.0,0.0,35.85,-0.28,0.0,0.0,0.0,0.0,0.0,0.0,54.5,0.0,0,0,0,0,0,8.0,0.0,4782.55,0.0,4782.55,0.0,4.26
2026-06-05T02:04:17.321+00:00,42738,34904cc0-20b0-44ef-a748-ca0f5d0a3cdb,,2,ARMED_IDLE,0x0000,NONE,0,1,0,0,0,0,0.0,0.317,0.0,1.338,0.0,160.56,120.42,0.0,0.0,36.82,-0.4,0.0,0.0,0.0,0.0,0.0,0.0,53.4,0.0,0,0,0,0,0,8.0,0.0,4796.64,0.0,4796.64,0.0,8.29
2026-06-05T02:04:17.438+00:00,42855,34904cc0-20b0-44ef-a748-ca0f5d0a3cdb,,2,ARMED_IDLE,0x0000,NONE,0,1,1,0,0,0,0.0,0.415,0.0,1.35,0.0,162.0,121.5,0.0,0.0,36.58,-0.4,0.0,0.0,0.0,0.0,0.0,0.0,54.9,0.0,0,0,0,0,0,8.0,0.0,4810.85,0.0,4810.85,0.0,-2.05
2026-06-05T02:04:17.554+00:00,42972,34904cc0-20b0-44ef-a748-ca0f5d0a3cdb,,2,ARMED_IDLE,0x0000,NONE,0,1,1,0,0,0,0.0,0.415,0.0,1.342,0.0,161.04,120.78,0.0,0.0,37.07,-0.4,0.0,0.0,0.0,0.0,0.0,0.0,53.8,0.0,0,0,0,0,0,8.0,0.0,4824.98,0.0,4824.98,0.0,4.19
2026-06-05T02:04:17.672+00:00,43088,34904cc0-20b0-44ef-a748-ca0f5d0a3cdb,,2,ARMED_IDLE,0x0000,NONE,0,1,1,0,0,0,0.0,0.366,0.0,1.343,0.0,161.16,120.87,0.0,0.0,36.09,-0.28,0.0,0.0,0.0,0.0,0.0,0.0,53.0,0.0,0,0,0,0,0,8.0,0.0,4839.0,0.0,4839.0,0.0,-8.45
2026-06-05T02:04:17.787+00:00,43204,34904cc0-20b0-44ef-a748-ca0f5d0a3cdb,,2,ARMED_IDLE,0x0000,NONE,0,1,1,0,0,0,0.0,0.268,0.0,1.325,0.0,159.0,119.25,0.0,0.0,35.6,-0.15,0.0,0.0,0.0,0.0,0.0,0.0,53.9,0.0,0,0,0,0,0,8.0,0.0,4852.84,0.0,4852.84,0.0,-4.22
2026-06-05T02:04:17.910+00:00,43321,34904cc0-20b0-44ef-a748-ca0f5d0a3cdb,,2,ARMED_IDLE,0x0000,NONE,0,1,1,0,0,0,0.0,0.366,0.0,1.345,0.0,161.4,121.05,0.0,0.0,36.58,-0.52,0.0,0.0,0.0,0.0,0.0,0.0,54.5,0.0,0,0,0,0,0,8.0,0.0,4867.0,0.0,4867.0,0.0,8.38
2026-06-05T02:04:18.080+00:00,43438,34904cc0-20b0-44ef-a748-ca0f5d0a3cdb,,2,ARMED_IDLE,0x0000,NONE,0,1,1,0,0,0,0.0,0.562,0.0,1.341,0.0,160.92,120.69,0.0,0.0,36.82,-0.15,0.0,0.0,0.0,0.0,0.0,0.0,55.1,0.0,0,0,0,0,0,8.0,0.0,4881.12,0.0,4881.12,0.0,2.05
2026-06-05T02:04:18.180+00:00,43553,34904cc0-20b0-44ef-a748-ca0f5d0a3cdb,,2,ARMED_IDLE,0x0000,NONE,0,1,1,0,0,0,0.0,0.855,0.0,1.339,0.0,160.68,120.51,0.0,0.0,37.56,0.2,0.0,0.0,0.0,0.0,0.0,0.0,55.2,0.0,0,0,0,0,0,8.0,0.0,4894.98,0.0,4894.98,0.0,6.43
2026-06-05T02:04:18.254+00:00,43670,34904cc0-20b0-44ef-a748-ca0f5d0a3cdb,,2,ARMED_IDLE,0x0000,NONE,0,1,1,0,0,0,0.0,0.415,0.0,1.334,0.0,160.08,120.06,0.0,0.0,36.82,-0.28,0.0,0.0,0.0,0.0,0.0,0.0,55.5,0.0,0,0,0,0,0,8.0,0.0,4909.03,0.0,4909.03,0.0,-6.32
2026-06-05T02:04:18.372+00:00,43787,34904cc0-20b0-44ef-a748-ca0f5d0a3cdb,,2,ARMED_IDLE,0x0000,NONE,0,1,1,0,0,0,0.0,0.268,0.0,1.345,0.0,161.4,121.05,0.0,0.0,35.85,-0.4,0.0,0.0,0.0,0.0,0.0,0.0,55.2,0.0,0,0,0,0,0,8.0,0.0,4923.19,0.0,4923.19,0.0,-8.29
2026-06-05T02:04:18.487+00:00,43904,34904cc0-20b0-44ef-a748-ca0f5d0a3cdb,,2,ARMED_IDLE,0x0000,NONE,0,1,1,0,0,0,0.0,0.415,0.0,1.339,0.0,160.68,120.51,0.0,0.0,36.09,-0.15,0.0,0.0,0.0,0.0,0.0,0.0,55.3,0.0,0,0,0,0,0,8.0,0.0,4937.29,0.0,4937.29,0.0,2.05
2026-06-05T02:04:18.606+00:00,44019,34904cc0-20b0-44ef-a748-ca0f5d0a3cdb,,2,ARMED_IDLE,0x0000,NONE,0,1,1,0,0,0,0.0,0.171,0.0,1.339,0.0,160.68,120.51,0.0,0.0,36.58,-0.28,0.0,0.0,0.0,0.0,0.0,0.0,55.5,0.0,0,0,0,0,0,8.0,0.0,4951.15,0.0,4951.15,0.0,4.26
2026-06-05T02:04:18.753+00:00,44136,34904cc0-20b0-44ef-a748-ca0f5d0a3cdb,,2,ARMED_IDLE,0x0000,NONE,0,1,1,0,0,0,0.0,0.366,0.0,1.331,0.0,159.72,119.79,0.0,0.0,36.82,-0.4,0.0,0.0,0.0,0.0,0.0,0.0,55.7,0.0,0,0,0,0,0,8.0,0.0,4965.16,0.0,4965.16,0.0,2.05
2026-06-05T02:04:18.907+00:00,44253,34904cc0-20b0-44ef-a748-ca0f5d0a3cdb,,2,ARMED_IDLE,0x0000,NONE,0,1,1,0,0,0,0.0,0.464,0.0,1.325,0.0,159.0,119.25,0.0,0.0,36.58,-0.15,0.0,0.0,0.0,0.0,0.0,0.0,55.6,0.0,0,0,0,0,0,8.0,0.0,4979.12,0.0,4979.12,0.0,-2.05
2026-06-05T02:04:18.954+00:00,44369,34904cc0-20b0-44ef-a748-ca0f5d0a3cdb,,2,ARMED_IDLE,0x0000,NONE,0,1,1,0,0,0,0.0,0.659,0.0,1.337,0.0,160.44,120.33,0.0,0.0,36.09,-0.4,0.0,0.0,0.0,0.0,0.0,0.0,55.8,0.0,0,0,0,0,0,8.0,0.0,4993.07,0.0,4993.07,0.0,-4.22
2026-06-05T02:04:19.072+00:00,44485,34904cc0-20b0-44ef-a748-ca0f5d0a3cdb,,2,ARMED_IDLE,0x0000,NONE,0,1,1,0,0,0,0.0,0.415,0.0,1.336,0.0,160.32,120.24,0.0,0.0,36.09,-0.28,0.0,0.0,0.0,0.0,0.0,0.0,55.6,0.0,0,0,0,0,0,8.0,0.0,5007.02,0.0,5007.02,0.0,0.0
2026-06-05T02:04:19.187+00:00,44602,34904cc0-20b0-44ef-a748-ca0f5d0a3cdb,,2,ARMED_IDLE,0x0000,NONE,0,1,1,0,0,0,0.0,0.171,0.0,1.328,0.0,159.36,119.52,0.0,0.0,36.33,-0.28,0.0,0.0,0.0,0.0,0.0,0.0,56.0,0.0,0,0,0,0,0,8.0,0.0,5021.01,0.0,5021.01,0.0,2.05
2026-06-05T02:04:19.306+00:00,44719,34904cc0-20b0-44ef-a748-ca0f5d0a3cdb,,2,ARMED_IDLE,0x0000,NONE,0,1,1,0,0,0,0.0,0.366,0.0,1.331,0.0,159.72,119.79,0.0,0.0,35.6,-0.15,0.0,0.0,0.0,0.0,0.0,0.0,55.8,0.0,0,0,0,0,0,8.0,0.0,5035.02,0.0,5035.02,0.0,-6.24
2026-06-05T02:04:19.451+00:00,44834,34904cc0-20b0-44ef-a748-ca0f5d0a3cdb,,2,ARMED_IDLE,0x0000,NONE,0,1,1,0,0,0,0.0,0.268,0.0,1.323,0.0,158.76,119.07,0.0,0.0,36.58,-0.28,0.0,0.0,0.0,0.0,0.0,0.0,56.0,0.0,0,0,0,0,0,8.0,0.0,5048.71,0.0,5048.71,0.0,8.52
2026-06-05T02:04:19.546+00:00,44951,34904cc0-20b0-44ef-a748-ca0f5d0a3cdb,,2,ARMED_IDLE,0x0000,NONE,0,1,1,0,0,0,0.0,0.61,0.0,1.326,0.0,159.12,119.34,0.0,0.0,36.09,-0.4,0.0,0.0,0.0,0.0,0.0,0.0,55.5,0.0,0,0,0,0,0,8.0,0.0,5062.68,0.0,5062.68,0.0,-4.19
2026-06-05T02:04:19.655+00:00,45068,34904cc0-20b0-44ef-a748-ca0f5d0a3cdb,,2,ARMED_IDLE,0x0000,NONE,0,1,1,0,0,0,0.0,0.415,0.0,1.346,0.0,161.52,121.14,0.0,0.0,36.33,-0.28,0.0,0.0,0.0,0.0,0.0,0.0,54.5,0.0,0,0,0,0,0,8.0,0.0,5076.85,0.0,5076.85,0.0,2.05
2026-06-05T02:04:19.773+00:00,45185,34904cc0-20b0-44ef-a748-ca0f5d0a3cdb,,2,ARMED_IDLE,0x0000,NONE,0,1,1,0,0,0,0.0,0.464,0.0,1.344,0.0,161.28,120.96,0.0,0.0,36.09,0.0,0.0,0.0,0.0,0.0,0.0,0.0,53.7,0.0,0,0,0,0,0,8.0,0.0,5091.0,0.0,5091.0,0.0,-2.05
2026-06-05T02:04:19.888+00:00,45301,34904cc0-20b0-44ef-a748-ca0f5d0a3cdb,,2,ARMED_IDLE,0x0000,NONE,0,1,1,0,0,0,0.0,0.366,0.0,1.341,0.0,160.92,120.69,0.0,0.0,35.36,-0.52,0.0,0.0,0.0,0.0,0.0,0.0,53.7,0.0,0,0,0,0,0,8.0,0.0,5105.0,0.0,5105.0,0.0,-6.29
2026-06-05T02:04:20.006+00:00,45417,34904cc0-20b0-44ef-a748-ca0f5d0a3cdb,,2,ARMED_IDLE,0x0000,NONE,0,1,1,0,0,0,0.0,0.61,0.0,1.343,0.0,161.16,120.87,0.0,0.0,36.58,-0.28,0.0,0.0,0.0,0.0,0.0,0.0,55.3,0.0,0,0,0,0,0,8.0,0.0,5119.02,0.0,5119.02,0.0,10.52
2026-06-05T02:04:20.171+00:00,45534,34904cc0-20b0-44ef-a748-ca0f5d0a3cdb,,3,CHARGE_AIR,0x0000,NONE,0,1,1,0,1,0,0.0,0.61,0.0,1.353,0.0,162.36,121.77,0.0,0.0,35.6,0.0,0.0,0.0,0.0,0.0,0.0,0.0,57.9,0.0,1,0,0,0,0,8.0,0.0,5133.27,0.0,5133.27,0.0,-8.38
2026-06-05T02:04:20.271+00:00,45650,34904cc0-20b0-44ef-a748-ca0f5d0a3cdb,,10,FAULT,0x0100,PI_LOST,0,1,1,0,1,0,0.0,0.464,0.0,1.353,0.0,162.36,121.77,0.0,0.0,36.82,-0.28,0.0,0.0,0.0,0.0,0.0,0.0,55.5,0.0,0,0,0,0,0,8.0,0.0,5147.4,0.0,5147.4,0.0,10.52
2026-06-05T02:04:20.379+00:00,45767,34904cc0-20b0-44ef-a748-ca0f5d0a3cdb,,10,FAULT,0x0100,PI_LOST,0,1,1,0,1,0,0.0,0.219,0.0,1.36,0.0,163.2,122.4,0.0,0.0,37.31,-0.4,0.0,0.0,0.0,0.0,0.0,0.0,54.0,0.0,0,0,0,0,0,8.0,0.0,5161.72,0.0,5161.72,0.0,4.19
2026-06-05T02:04:20.473+00:00,45883,34904cc0-20b0-44ef-a748-ca0f5d0a3cdb,,10,FAULT,0x0100,PI_LOST,0,1,1,0,1,0,0.0,0.659,0.0,1.369,0.0,164.28,123.21,0.0,0.0,36.82,-0.4,0.0,0.0,0.0,0.0,0.0,0.0,54.1,0.0,0,0,0,0,0,8.0,0.0,5176.01,0.0,5176.01,0.0,-4.22
2026-06-05T02:04:20.588+00:00,46000,34904cc0-20b0-44ef-a748-ca0f5d0a3cdb,,10,FAULT,0x0100,PI_LOST,0,1,1,0,1,0,0.0,0.317,0.0,1.364,0.0,163.68,122.76,0.0,0.0,36.09,-0.15,0.0,0.0,0.0,0.0,0.0,0.0,53.6,0.0,0,0,0,0,0,8.0,0.0,5190.37,0.0,5190.37,0.0,-6.24
2026-06-05T02:04:20.707+00:00,46116,34904cc0-20b0-44ef-a748-ca0f5d0a3cdb,,10,FAULT,0x0100,PI_LOST,0,1,1,0,1,0,0.0,0.61,0.0,1.338,0.0,160.56,120.42,0.0,0.0,35.6,-0.52,0.0,0.0,0.0,0.0,0.0,0.0,53.3,0.0,0,0,0,0,0,8.0,0.0,5204.34,0.0,5204.34,0.0,-4.22
2026-06-05T02:04:20.889+00:00,46233,34904cc0-20b0-44ef-a748-ca0f5d0a3cdb,,10,FAULT,0x0100,PI_LOST,0,1,1,0,1,0,0.0,0.415,0.0,1.332,0.0,159.84,119.88,0.0,0.0,37.07,-0.52,0.0,0.0,0.0,0.0,0.0,0.0,53.3,0.0,0,0,0,0,0,8.0,0.0,5218.37,0.0,5218.37,0.0,12.56
2026-06-05T02:04:20.997+00:00,46349,34904cc0-20b0-44ef-a748-ca0f5d0a3cdb,,10,FAULT,0x0100,PI_LOST,0,1,1,0,1,0,0.0,0.268,0.0,1.333,0.0,159.96,119.97,0.0,0.0,36.09,0.0,0.0,0.0,0.0,0.0,0.0,0.0,53.5,0.0,0,0,0,0,0,8.0,0.0,5232.28,0.0,5232.28,0.0,-8.45
2026-06-05T02:04:21.083+00:00,46466,34904cc0-20b0-44ef-a748-ca0f5d0a3cdb,,10,FAULT,0x0100,PI_LOST,0,1,1,0,1,0,0.0,0.317,0.0,1.316,0.0,157.92,118.44,0.0,0.0,36.58,-0.28,0.0,0.0,0.0,0.0,0.0,0.0,53.3,0.0,0,0,0,0,0,8.0,0.0,5246.14,0.0,5246.14,0.0,4.19
2026-06-05T02:04:21.173+00:00,46582,34904cc0-20b0-44ef-a748-ca0f5d0a3cdb,,10,FAULT,0x0100,PI_LOST,0,1,1,0,1,0,0.0,0.415,0.0,1.311,0.0,157.32,117.99,0.0,0.0,36.58,-0.52,0.0,0.0,0.0,0.0,0.0,0.0,53.1,0.0,0,0,0,0,0,8.0,0.0,5259.83,0.0,5259.83,0.0,0.0
2026-06-05T02:04:21.289+00:00,46699,34904cc0-20b0-44ef-a748-ca0f5d0a3cdb,,10,FAULT,0x0100,PI_LOST,0,1,1,0,1,0,0.0,0.562,0.0,1.298,0.0,155.76,116.82,0.0,0.0,35.6,-0.4,0.0,0.0,0.0,0.0,0.0,0.0,53.1,0.0,0,0,0,0,0,8.0,0.0,5273.5,0.0,5273.5,0.0,-8.38
2026-06-05T02:04:21.407+00:00,46815,34904cc0-20b0-44ef-a748-ca0f5d0a3cdb,,10,FAULT,0x0100,PI_LOST,0,1,1,0,1,0,0.0,0.464,0.0,1.285,0.0,154.2,115.65,0.0,0.0,37.07,-0.52,0.0,0.0,0.0,0.0,0.0,0.0,53.5,0.0,0,0,0,0,0,8.0,0.0,5286.91,0.0,5286.91,0.0,12.67
2026-06-05T02:04:21.589+00:00,46931,34904cc0-20b0-44ef-a748-ca0f5d0a3cdb,,10,FAULT,0x0100,PI_LOST,0,1,1,0,1,0,0.0,0.415,0.0,1.273,0.0,152.76,114.57,0.0,0.0,36.09,-0.4,0.0,0.0,0.0,0.0,0.0,0.0,53.5,0.0,0,0,0,0,0,8.0,0.0,5300.2,0.0,5300.2,0.0,-8.45
2026-06-05T02:04:21.697+00:00,47048,34904cc0-20b0-44ef-a748-ca0f5d0a3cdb,,10,FAULT,0x0100,PI_LOST,0,1,1,0,1,0,0.0,0.513,0.0,1.3,0.0,156.0,117.0,0.0,0.0,36.33,-0.28,0.0,0.0,0.0,0.0,0.0,0.0,53.5,0.0,0,0,0,0,0,8.0,0.0,5313.89,0.0,5313.89,0.0,2.05
2026-06-05T02:04:21.782+00:00,47164,34904cc0-20b0-44ef-a748-ca0f5d0a3cdb,,10,FAULT,0x0100,PI_LOST,0,1,1,0,1,0,0.0,0.659,0.0,1.301,0.0,156.12,117.09,0.0,0.0,37.31,0.2,0.0,0.0,0.0,0.0,0.0,0.0,53.3,0.0,0,0,0,0,0,8.0,0.0,5327.47,0.0,5327.47,0.0,8.45
2026-06-05T02:04:21.874+00:00,47281,34904cc0-20b0-44ef-a748-ca0f5d0a3cdb,,10,FAULT,0x0100,PI_LOST,0,1,1,0,1,0,0.0,0.366,0.0,1.298,0.0,155.76,116.82,0.0,0.0,36.33,-0.52,0.0,0.0,0.0,0.0,0.0,0.0,53.7,0.0,0,0,0,0,0,8.0,0.0,5341.14,0.0,5341.14,0.0,-8.38
2026-06-05T02:04:21.989+00:00,47397,34904cc0-20b0-44ef-a748-ca0f5d0a3cdb,,10,FAULT,0x0100,PI_LOST,0,1,1,0,1,0,0.0,0.366,0.0,1.298,0.0,155.76,116.82,0.0,0.0,36.82,-0.28,0.0,0.0,0.0,0.0,0.0,0.0,53.4,0.0,0,0,0,0,0,8.0,0.0,5354.69,0.0,5354.69,0.0,4.22
2026-06-05T02:04:22.107+00:00,47514,34904cc0-20b0-44ef-a748-ca0f5d0a3cdb,,10,FAULT,0x0100,PI_LOST,0,1,1,0,1,0,0.0,0.415,0.0,1.287,0.0,154.44,115.83,0.0,0.0,36.33,-0.15,0.0,0.0,0.0,0.0,0.0,0.0,53.3,0.0,0,0,0,0,0,8.0,0.0,5368.24,0.0,5368.24,0.0,-4.19
2026-06-05T02:04:22.251+00:00,47630,34904cc0-20b0-44ef-a748-ca0f5d0a3cdb,,10,FAULT,0x0100,PI_LOST,0,1,1,0,1,0,0.0,0.659,0.0,1.292,0.0,155.04,116.28,0.0,0.0,35.85,-0.15,0.0,0.0,0.0,0.0,0.0,0.0,53.5,0.0,0,0,0,0,0,8.0,0.0,5381.73,0.0,5381.73,0.0,-4.14
2026-06-05T02:04:22.399+00:00,47747,34904cc0-20b0-44ef-a748-ca0f5d0a3cdb,,10,FAULT,0x0100,PI_LOST,0,1,1,0,1,0,0.0,0.219,0.0,1.267,0.0,152.04,114.03,0.0,0.0,36.58,-0.52,0.0,0.0,0.0,0.0,0.0,0.0,53.6,0.0,0,0,0,0,0,8.0,0.0,5395.07,0.0,5395.07,0.0,6.24
2026-06-05T02:04:22.484+00:00,47863,34904cc0-20b0-44ef-a748-ca0f5d0a3cdb,,10,FAULT,0x0100,PI_LOST,0,1,1,0,1,0,0.0,0.464,0.0,1.284,0.0,154.08,115.56,0.0,0.0,36.33,-0.28,0.0,0.0,0.0,0.0,0.0,0.0,53.7,0.0,0,0,0,0,0,8.0,0.0,5408.48,0.0,5408.48,0.0,-2.16
2026-06-05T02:04:22.572+00:00,47980,34904cc0-20b0-44ef-a748-ca0f5d0a3cdb,,10,FAULT,0x0100,PI_LOST,0,1,1,0,1,0,0.0,0.317,0.0,1.291,0.0,154.92,116.19,0.0,0.0,37.07,-0.15,0.0,0.0,0.0,0.0,0.0,0.0,53.8,0.0,0,0,0,0,0,8.0,0.0,5422.07,0.0,5422.07,0.0,6.32
2026-06-05T02:04:22.690+00:00,48096,34904cc0-20b0-44ef-a748-ca0f5d0a3cdb,,10,FAULT,0x0100,PI_LOST,0,1,1,0,1,0,0.0,0.219,0.0,1.284,0.0,154.08,115.56,0.0,0.0,36.33,-0.4,0.0,0.0,0.0,0.0,0.0,0.0,53.7,0.0,0,0,0,0,0,8.0,0.0,5435.48,0.0,5435.48,0.0,-6.38
2026-06-05T02:04:22.805+00:00,48212,34904cc0-20b0-44ef-a748-ca0f5d0a3cdb,,10,FAULT,0x0100,PI_LOST,0,1,1,0,1,0,0.0,0.366,0.0,1.284,0.0,154.08,115.56,0.0,0.0,35.85,-0.52,0.0,0.0,0.0,0.0,0.0,0.0,53.9,0.0,0,0,0,0,0,8.0,0.0,5448.88,0.0,5448.88,0.0,-4.14
2026-06-05T02:04:22.923+00:00,48329,34904cc0-20b0-44ef-a748-ca0f5d0a3cdb,,10,FAULT,0x0100,PI_LOST,0,1,1,0,1,0,0.0,0.659,0.0,1.271,0.0,152.52,114.39,0.0,0.0,36.82,-0.15,0.0,0.0,0.0,0.0,0.0,0.0,54.0,0.0,0,0,0,0,0,8.0,0.0,5462.27,0.0,5462.27,0.0,8.29
2026-06-05T02:04:23.073+00:00,48446,34904cc0-20b0-44ef-a748-ca0f5d0a3cdb,,10,FAULT,0x0100,PI_LOST,0,1,1,0,1,0,0.0,0.757,0.0,1.262,0.0,151.44,113.58,0.0,0.0,36.33,-0.15,0.0,0.0,0.0,0.0,0.0,0.0,53.9,0.0,0,0,0,0,0,8.0,0.0,5475.56,0.0,5475.56,0.0,-4.19
2026-06-05T02:04:23.163+00:00,48562,34904cc0-20b0-44ef-a748-ca0f5d0a3cdb,,10,FAULT,0x0100,PI_LOST,0,1,1,0,1,0,0.0,0.317,0.0,1.251,0.0,150.12,112.59,0.0,0.0,36.09,-0.28,0.0,0.0,0.0,0.0,0.0,0.0,54.1,0.0,0,0,0,0,0,8.0,0.0,5488.62,0.0,5488.62,0.0,-2.07
2026-06-05T02:04:23.271+00:00,48678,34904cc0-20b0-44ef-a748-ca0f5d0a3cdb,,10,FAULT,0x0100,PI_LOST,0,1,1,0,1,0,0.0,0.562,0.0,1.24,0.0,148.8,111.6,0.0,0.0,37.31,0.0,0.0,0.0,0.0,0.0,0.0,0.0,53.9,0.0,0,0,0,0,0,8.0,0.0,5501.56,0.0,5501.56,0.0,10.52
2026-06-05T02:04:23.390+00:00,48795,34904cc0-20b0-44ef-a748-ca0f5d0a3cdb,,10,FAULT,0x0100,PI_LOST,0,1,1,0,1,0,0.0,0.268,0.0,1.249,0.0,149.88,112.41,0.0,0.0,36.33,-0.52,0.0,0.0,0.0,0.0,0.0,0.0,53.8,0.0,0,0,0,0,0,8.0,0.0,5514.71,0.0,5514.71,0.0,-8.38
2026-06-05T02:04:23.505+00:00,48912,34904cc0-20b0-44ef-a748-ca0f5d0a3cdb,,10,FAULT,0x0100,PI_LOST,0,1,1,0,1,0,0.0,0.562,0.0,1.24,0.0,148.8,111.6,0.0,0.0,36.09,-0.4,0.0,0.0,0.0,0.0,0.0,0.0,54.2,0.0,0,0,0,0,0,8.0,0.0,5527.77,0.0,5527.77,0.0,-2.05
2026-06-05T02:04:23.623+00:00,49028,34904cc0-20b0-44ef-a748-ca0f5d0a3cdb,,10,FAULT,0x0100,PI_LOST,0,1,1,0,1,0,0.0,0.659,0.0,1.245,0.0,149.4,112.05,0.0,0.0,37.31,-0.28,0.0,0.0,0.0,0.0,0.0,0.0,54.0,0.0,0,0,0,0,0,8.0,0.0,5540.77,0.0,5540.77,0.0,10.52
2026-06-05T02:04:23.763+00:00,49144,34904cc0-20b0-44ef-a748-ca0f5d0a3cdb,,10,FAULT,0x0100,PI_LOST,0,1,1,0,1,0,0.0,0.317,0.0,1.228,0.0,147.36,110.52,0.0,0.0,35.6,-0.28,0.0,0.0,0.0,0.0,0.0,0.0,54.8,0.0,0,0,0,0,0,8.0,0.0,5553.59,0.0,5553.59,0.0,-14.74
2026-06-05T02:04:23.913+00:00,49261,34904cc0-20b0-44ef-a748-ca0f5d0a3cdb,,10,FAULT,0x0100,PI_LOST,0,1,1,0,1,0,0.0,0.562,0.0,1.23,0.0,147.6,110.7,0.0,0.0,37.56,-0.4,0.0,0.0,0.0,0.0,0.0,0.0,55.6,0.0,0,0,0,0,0,8.0,0.0,5566.54,0.0,5566.54,0.0,16.75
2026-06-05T02:04:23.972+00:00,49377,34904cc0-20b0-44ef-a748-ca0f5d0a3cdb,,10,FAULT,0x0100,PI_LOST,0,1,1,0,1,0,0.0,0.562,0.0,1.23,0.0,147.6,110.7,0.0,0.0,36.58,-0.52,0.0,0.0,0.0,0.0,0.0,0.0,55.5,0.0,0,0,0,0,0,8.0,0.0,5579.38,0.0,5579.38,0.0,-8.45
2026-06-05T02:04:24.090+00:00,49494,34904cc0-20b0-44ef-a748-ca0f5d0a3cdb,,10,FAULT,0x0100,PI_LOST,0,1,1,0,1,0,0.0,0.415,0.0,1.224,0.0,146.88,110.16,0.0,0.0,35.85,0.0,0.0,0.0,0.0,0.0,0.0,0.0,55.2,0.0,0,0,0,0,0,8.0,0.0,5592.27,0.0,5592.27,0.0,-6.24
2026-06-05T02:04:24.205+00:00,49610,34904cc0-20b0-44ef-a748-ca0f5d0a3cdb,,10,FAULT,0x0100,PI_LOST,0,1,1,0,1,0,0.0,0.219,0.0,1.227,0.0,147.24,110.43,0.0,0.0,36.58,-0.15,0.0,0.0,0.0,0.0,0.0,0.0,55.6,0.0,0,0,0,0,0,8.0,0.0,5605.08,0.0,5605.08,0.0,6.29
2026-06-05T02:04:24.323+00:00,49727,34904cc0-20b0-44ef-a748-ca0f5d0a3cdb,,10,FAULT,0x0100,PI_LOST,0,1,1,0,1,0,0.0,0.415,0.0,1.228,0.0,147.36,110.52,0.0,0.0,36.09,-0.4,0.0,0.0,0.0,0.0,0.0,0.0,55.8,0.0,0,0,0,0,0,8.0,0.0,5618.01,0.0,5618.01,0.0,-4.19
2026-06-05T02:04:24.455+00:00,49843,34904cc0-20b0-44ef-a748-ca0f5d0a3cdb,,10,FAULT,0x0100,PI_LOST,0,1,1,0,1,0,0.0,0.464,0.0,1.24,0.0,148.8,111.6,0.0,0.0,37.07,-0.4,0.0,0.0,0.0,0.0,0.0,0.0,55.4,0.0,0,0,0,0,0,8.0,0.0,5630.96,0.0,5630.96,0.0,8.45
2026-06-05T02:04:24.625+00:00,49959,34904cc0-20b0-44ef-a748-ca0f5d0a3cdb,,10,FAULT,0x0100,PI_LOST,0,1,1,0,1,0,0.0,0.122,0.0,1.247,0.0,149.64,112.23,0.0,0.0,35.85,-0.15,0.0,0.0,0.0,0.0,0.0,0.0,55.5,0.0,0,0,0,0,0,8.0,0.0,5643.98,0.0,5643.98,0.0,-10.52
2026-06-05T02:04:24.672+00:00,50076,34904cc0-20b0-44ef-a748-ca0f5d0a3cdb,,10,FAULT,0x0100,PI_LOST,0,1,1,0,1,0,0.0,0.659,0.0,1.256,0.0,150.72,113.04,0.0,0.0,36.58,0.0,0.0,0.0,0.0,0.0,0.0,0.0,55.3,0.0,0,0,0,0,0,8.0,0.0,5657.2,0.0,5657.2,0.0,6.24
2026-06-05T02:04:24.790+00:00,50193,34904cc0-20b0-44ef-a748-ca0f5d0a3cdb,,10,FAULT,0x0100,PI_LOST,0,1,1,0,1,0,0.0,0.073,0.0,1.245,0.0,149.4,112.05,0.0,0.0,36.82,-0.4,0.0,0.0,0.0,0.0,0.0,0.0,55.2,0.0,0,0,0,0,0,8.0,0.0,5670.31,0.0,5670.31,0.0,2.05
2026-06-05T02:04:24.905+00:00,50309,34904cc0-20b0-44ef-a748-ca0f5d0a3cdb,,10,FAULT,0x0100,PI_LOST,0,1,1,0,1,0,0.0,0.464,0.0,1.243,0.0,149.16,111.87,0.0,0.0,36.82,-0.4,0.0,0.0,0.0,0.0,0.0,0.0,55.2,0.0,0,0,0,0,0,8.0,0.0,5683.29,0.0,5683.29,0.0,0.0
2026-06-05T02:04:25.024+00:00,50425,34904cc0-20b0-44ef-a748-ca0f5d0a3cdb,,10,FAULT,0x0100,PI_LOST,0,1,1,0,1,0,0.0,0.268,0.0,1.241,0.0,148.92,111.69,0.0,0.0,37.56,-0.15,0.0,0.0,0.0,0.0,0.0,0.0,54.2,0.0,0,0,0,0,0,8.0,0.0,5696.24,0.0,5696.24,0.0,6.38
2026-06-05T02:04:25.151+00:00,50542,34904cc0-20b0-44ef-a748-ca0f5d0a3cdb,,10,FAULT,0x0100,PI_LOST,0,1,1,0,1,0,0.0,0.61,0.0,1.232,0.0,147.84,110.88,0.0,0.0,36.09,-0.52,0.0,0.0,0.0,0.0,0.0,0.0,54.2,0.0,0,0,0,0,0,8.0,0.0,5709.22,0.0,5709.22,0.0,-12.56
2026-06-05T02:04:25.322+00:00,50659,34904cc0-20b0-44ef-a748-ca0f5d0a3cdb,,10,FAULT,0x0100,PI_LOST,0,1,1,0,1,0,0.0,0.659,0.0,1.23,0.0,147.6,110.7,0.0,0.0,35.85,-0.64,0.0,0.0,0.0,0.0,0.0,0.0,54.7,0.0,0,0,0,0,0,8.0,0.0,5722.17,0.0,5722.17,0.0,-2.05
2026-06-05T02:04:25.372+00:00,50775,34904cc0-20b0-44ef-a748-ca0f5d0a3cdb,,10,FAULT,0x0100,PI_LOST,0,1,1,0,1,0,0.0,0.317,0.0,1.216,0.0,145.92,109.44,0.0,0.0,37.31,-0.4,0.0,0.0,0.0,0.0,0.0,0.0,54.6,0.0,0,0,0,0,0,8.0,0.0,5734.86,0.0,5734.86,0.0,12.59
2026-06-05T02:04:25.491+00:00,50891,34904cc0-20b0-44ef-a748-ca0f5d0a3cdb,,10,FAULT,0x0100,PI_LOST,0,1,1,0,1,0,0.0,0.464,0.0,1.197,0.0,143.64,107.73,0.0,0.0,36.09,-0.28,0.0,0.0,0.0,0.0,0.0,0.0,54.9,0.0,0,0,0,0,0,8.0,0.0,5747.36,0.0,5747.36,0.0,-10.52
2026-06-05T02:04:25.606+00:00,51008,34904cc0-20b0-44ef-a748-ca0f5d0a3cdb,,10,FAULT,0x0100,PI_LOST,0,1,1,0,1,0,0.0,0.513,0.0,1.198,0.0,143.76,107.82,0.0,0.0,36.82,-0.4,0.0,0.0,0.0,0.0,0.0,0.0,55.3,0.0,0,0,0,0,0,8.0,0.0,5759.98,0.0,5759.98,0.0,6.24
2026-06-05T02:04:25.724+00:00,51125,34904cc0-20b0-44ef-a748-ca0f5d0a3cdb,,10,FAULT,0x0100,PI_LOST,0,1,1,0,1,0,0.0,0.366,0.0,1.193,0.0,143.16,107.37,0.0,0.0,35.36,-0.52,0.0,0.0,0.0,0.0,0.0,0.0,55.0,0.0,0,0,0,0,0,8.0,0.0,5772.54,0.0,5772.54,0.0,-12.48
2026-06-05T02:04:25.853+00:00,51240,34904cc0-20b0-44ef-a748-ca0f5d0a3cdb,,10,FAULT,0x0100,PI_LOST,0,1,1,0,1,0,0.0,0.268,0.0,1.218,0.0,146.16,109.62,0.0,0.0,35.6,-0.4,0.0,0.0,0.0,0.0,0.0,0.0,55.2,0.0,0,0,0,0,0,8.0,0.0,5785.14,0.0,5785.14,0.0,2.09
2026-06-05T02:04:26.027+00:00,51357,34904cc0-20b0-44ef-a748-ca0f5d0a3cdb,,10,FAULT,0x0100,PI_LOST,0,1,1,0,1,0,0.0,0.415,0.0,1.22,0.0,146.4,109.8,0.0,0.0,36.82,-0.28,0.0,0.0,0.0,0.0,0.0,0.0,55.3,0.0,0,0,0,0,0,8.0,0.0,5797.99,0.0,5797.99,0.0,10.43
2026-06-05T02:04:26.073+00:00,51474,34904cc0-20b0-44ef-a748-ca0f5d0a3cdb,,10,FAULT,0x0100,PI_LOST,0,1,1,0,1,0,0.0,0.415,0.0,1.215,0.0,145.8,109.35,0.0,0.0,36.82,-0.4,0.0,0.0,0.0,0.0,0.0,0.0,54.6,0.0,0,0,0,0,0,8.0,0.0,5810.78,0.0,5810.78,0.0,0.0
2026-06-05T02:04:26.191+00:00,51591,34904cc0-20b0-44ef-a748-ca0f5d0a3cdb,,10,FAULT,0x0100,PI_LOST,0,1,1,0,1,0,0.0,0.513,0.0,1.209,0.0,145.08,108.81,0.0,0.0,36.58,-0.4,0.0,0.0,0.0,0.0,0.0,0.0,54.2,0.0,0,0,0,0,0,8.0,0.0,5823.52,0.0,5823.52,0.0,-2.05
2026-06-05T02:04:26.306+00:00,51706,34904cc0-20b0-44ef-a748-ca0f5d0a3cdb,,10,FAULT,0x0100,PI_LOST,0,1,1,0,1,0,0.0,0.61,0.0,1.218,0.0,146.16,109.62,0.0,0.0,37.31,-0.28,0.0,0.0,0.0,0.0,0.0,0.0,54.3,0.0,0,0,0,0,0,8.0,0.0,5836.12,0.0,5836.12,0.0,6.35
2026-06-05T02:04:26.424+00:00,51823,34904cc0-20b0-44ef-a748-ca0f5d0a3cdb,,10,FAULT,0x0100,PI_LOST,0,1,1,0,1,0,0.0,0.708,0.0,1.237,0.0,148.44,111.33,0.0,0.0,35.6,-0.15,0.0,0.0,0.0,0.0,0.0,0.0,54.3,0.0,0,0,0,0,0,8.0,0.0,5849.15,0.0,5849.15,0.0,-14.62
2026-06-05T02:04:26.561+00:00,51940,34904cc0-20b0-44ef-a748-ca0f5d0a3cdb,,10,FAULT,0x0100,PI_LOST,0,1,1,0,1,0,0.0,0.268,0.0,1.227,0.0,147.24,110.43,0.0,0.0,36.82,-0.4,0.0,0.0,0.0,0.0,0.0,0.0,55.0,0.0,0,0,0,0,0,8.0,0.0,5862.07,0.0,5862.07,0.0,10.43
2026-06-05T02:04:26.716+00:00,52056,34904cc0-20b0-44ef-a748-ca0f5d0a3cdb,,10,FAULT,0x0100,PI_LOST,0,1,1,0,1,0,0.0,0.268,0.0,1.227,0.0,147.24,110.43,0.0,0.0,36.58,-0.28,0.0,0.0,0.0,0.0,0.0,0.0,54.7,0.0,0,0,0,0,0,8.0,0.0,5874.88,0.0,5874.88,0.0,-2.07
2026-06-05T02:04:26.773+00:00,52172,34904cc0-20b0-44ef-a748-ca0f5d0a3cdb,,10,FAULT,0x0100,PI_LOST,0,1,1,0,1,0,0.0,0.366,0.0,1.215,0.0,145.8,109.35,0.0,0.0,37.31,-0.4,0.0,0.0,0.0,0.0,0.0,0.0,55.0,0.0,0,0,0,0,0,8.0,0.0,5887.56,0.0,5887.56,0.0,6.29
2026-06-05T02:04:26.891+00:00,52289,34904cc0-20b0-44ef-a748-ca0f5d0a3cdb,,10,FAULT,0x0100,PI_LOST,0,1,1,0,1,0,0.0,0.61,0.0,1.22,0.0,146.4,109.8,0.0,0.0,36.82,-0.4,0.0,0.0,0.0,0.0,0.0,0.0,54.7,0.0,0,0,0,0,0,8.0,0.0,5900.41,0.0,5900.41,0.0,-4.19
2026-06-05T02:04:27.006+00:00,52406,34904cc0-20b0-44ef-a748-ca0f5d0a3cdb,,10,FAULT,0x0100,PI_LOST,0,1,1,0,1,0,0.0,0.366,0.0,1.231,0.0,147.72,110.79,0.0,0.0,36.33,-0.15,0.0,0.0,0.0,0.0,0.0,0.0,54.7,0.0,0,0,0,0,0,8.0,0.0,5913.37,0.0,5913.37,0.0,-4.19
2026-06-05T02:04:27.125+00:00,52521,34904cc0-20b0-44ef-a748-ca0f5d0a3cdb,,10,FAULT,0x0100,PI_LOST,0,1,1,0,1,0,0.0,0.366,0.0,1.253,0.0,150.36,112.77,0.0,0.0,36.58,-0.4,0.0,0.0,0.0,0.0,0.0,0.0,54.7,0.0,0,0,0,0,0,8.0,0.0,5926.34,0.0,5926.34,0.0,2.17
2026-06-05T02:04:27.263+00:00,52638,34904cc0-20b0-44ef-a748-ca0f5d0a3cdb,,10,FAULT,0x0100,PI_LOST,0,1,1,0,1,0,0.0,0.464,0.0,1.271,0.0,152.52,114.39,0.0,0.0,37.31,-0.4,0.0,0.0,0.0,0.0,0.0,0.0,54.7,0.0,0,0,0,0,0,8.0,0.0,5939.72,0.0,5939.72,0.0,6.24
2026-06-05T02:04:27.378+00:00,52755,34904cc0-20b0-44ef-a748-ca0f5d0a3cdb,,10,FAULT,0x0100,PI_LOST,0,1,1,0,1,0,0.0,0.562,0.0,1.281,0.0,153.72,115.29,0.0,0.0,36.82,-0.28,0.0,0.0,0.0,0.0,0.0,0.0,54.9,0.0,0,0,0,0,0,8.0,0.0,5953.21,0.0,5953.21,0.0,-4.19
2026-06-05T02:04:27.473+00:00,52872,34904cc0-20b0-44ef-a748-ca0f5d0a3cdb,,10,FAULT,0x0100,PI_LOST,0,1,1,0,1,0,0.0,0.415,0.0,1.257,0.0,150.84,113.13,0.0,0.0,37.56,-0.52,0.0,0.0,0.0,0.0,0.0,0.0,54.6,0.0,0,0,0,0,0,8.0,0.0,5966.45,0.0,5966.45,0.0,6.32
2026-06-05T02:04:27.591+00:00,52987,34904cc0-20b0-44ef-a748-ca0f5d0a3cdb,,10,FAULT,0x0100,PI_LOST,0,1,1,0,1,0,0.0,0.513,0.0,1.249,0.0,149.88,112.41,0.0,0.0,35.85,-0.52,0.0,0.0,0.0,0.0,0.0,0.0,54.7,0.0,0,0,0,0,0,8.0,0.0,5979.38,0.0,5979.38,0.0,-14.87
2026-06-05T02:04:27.707+00:00,53104,34904cc0-20b0-44ef-a748-ca0f5d0a3cdb,,10,FAULT,0x0100,PI_LOST,0,1,1,0,1,0,0.0,0.61,0.0,1.252,0.0,150.24,112.68,0.0,0.0,35.36,-0.28,0.0,0.0,0.0,0.0,0.0,0.0,54.3,0.0,0,0,0,0,0,8.0,0.0,5992.56,0.0,5992.56,0.0,-4.19
2026-06-05T02:04:27.825+00:00,53221,34904cc0-20b0-44ef-a748-ca0f5d0a3cdb,,10,FAULT,0x0100,PI_LOST,0,1,1,0,1,0,0.0,0.513,0.0,1.249,0.0,149.88,112.41,0.0,0.0,37.07,-0.4,0.0,0.0,0.0,0.0,0.0,0.0,54.6,0.0,0,0,0,0,0,8.0,0.0,6005.71,0.0,6005.71,0.0,14.62
2026-06-05T02:04:27.966+00:00,53338,34904cc0-20b0-44ef-a748-ca0f5d0a3cdb,,10,FAULT,0x0100,PI_LOST,0,1,1,0,1,0,0.0,0.806,0.0,1.249,0.0,149.88,112.41,0.0,0.0,36.33,-0.15,0.0,0.0,0.0,0.0,0.0,0.0,54.6,0.0,0,0,0,0,0,8.0,0.0,6018.86,0.0,6018.86,0.0,-6.32
2026-06-05T02:04:28.102+00:00,53453,34904cc0-20b0-44ef-a748-ca0f5d0a3cdb,,10,FAULT,0x0100,PI_LOST,0,1,1,0,1,0,0.0,0.659,0.0,1.241,0.0,148.92,111.69,0.0,0.0,36.82,-0.15,0.0,0.0,0.0,0.0,0.0,0.0,54.7,0.0,0,0,0,0,0,8.0,0.0,6031.71,0.0,6031.71,0.0,4.26
2026-06-05T02:04:28.185+00:00,53570,34904cc0-20b0-44ef-a748-ca0f5d0a3cdb,,10,FAULT,0x0100,PI_LOST,0,1,1,0,1,0,0.0,0.513,0.0,1.249,0.0,149.88,112.41,0.0,0.0,36.09,-0.28,0.0,0.0,0.0,0.0,0.0,0.0,54.6,0.0,0,0,0,0,0,8.0,0.0,6044.86,0.0,6044.86,0.0,-6.24
2026-06-05T02:04:28.292+00:00,53687,34904cc0-20b0-44ef-a748-ca0f5d0a3cdb,,10,FAULT,0x0100,PI_LOST,0,1,1,0,1,0,0.0,0.219,0.0,1.244,0.0,149.28,111.96,0.0,0.0,36.09,-0.4,0.0,0.0,0.0,0.0,0.0,0.0,54.5,0.0,0,0,0,0,0,8.0,0.0,6057.96,0.0,6057.96,0.0,0.0
2026-06-05T02:04:28.407+00:00,53803,34904cc0-20b0-44ef-a748-ca0f5d0a3cdb,,10,FAULT,0x0100,PI_LOST,0,1,1,0,1,0,0.0,0.61,0.0,1.247,0.0,149.64,112.23,0.0,0.0,36.58,0.0,0.0,0.0,0.0,0.0,0.0,0.0,54.7,0.0,0,0,0,0,0,8.0,0.0,6070.98,0.0,6070.98,0.0,4.22
2026-06-05T02:04:28.525+00:00,53919,34904cc0-20b0-44ef-a748-ca0f5d0a3cdb,,10,FAULT,0x0100,PI_LOST,0,1,1,0,1,0,0.0,0.317,0.0,1.234,0.0,148.08,111.06,0.0,0.0,36.82,-0.52,0.0,0.0,0.0,0.0,0.0,0.0,55.1,0.0,0,0,0,0,0,8.0,0.0,6083.86,0.0,6083.86,0.0,2.07
2026-06-05T02:04:28.720+00:00,54036,34904cc0-20b0-44ef-a748-ca0f5d0a3cdb,,10,FAULT,0x0100,PI_LOST,0,1,1,0,1,0,0.0,0.708,0.0,1.225,0.0,147.0,110.25,0.0,0.0,36.09,0.0,0.0,0.0,0.0,0.0,0.0,0.0,54.6,0.0,0,0,0,0,0,8.0,0.0,6096.76,0.0,6096.76,0.0,-6.24
2026-06-05T02:04:28.814+00:00,54153,34904cc0-20b0-44ef-a748-ca0f5d0a3cdb,,10,FAULT,0x0100,PI_LOST,0,1,1,0,1,0,0.0,0.659,0.0,1.243,0.0,149.16,111.87,0.0,0.0,36.58,-0.15,0.0,0.0,0.0,0.0,0.0,0.0,54.7,0.0,0,0,0,0,0,8.0,0.0,6109.85,0.0,6109.85,0.0,4.19
2026-06-05T02:04:28.903+00:00,54268,34904cc0-20b0-44ef-a748-ca0f5d0a3cdb,,10,FAULT,0x0100,PI_LOST,0,1,1,0,1,0,0.0,0.464,0.0,1.25,0.0,150.0,112.5,0.0,0.0,37.07,-0.64,0.0,0.0,0.0,0.0,0.0,0.0,54.2,0.0,0,0,0,0,0,8.0,0.0,6122.79,0.0,6122.79,0.0,4.26
2026-06-05T02:04:28.989+00:00,54385,34904cc0-20b0-44ef-a748-ca0f5d0a3cdb,,10,FAULT,0x0100,PI_LOST,0,1,1,0,1,0,0.0,0.708,0.0,1.266,0.0,151.92,113.94,0.0,0.0,35.6,0.0,0.0,0.0,0.0,0.0,0.0,0.0,53.6,0.0,0,0,0,0,0,8.0,0.0,6136.12,0.0,6136.12,0.0,-12.56
2026-06-05T02:04:29.107+00:00,54502,34904cc0-20b0-44ef-a748-ca0f5d0a3cdb,,10,FAULT,0x0100,PI_LOST,0,1,1,0,1,0,0.0,0.122,0.0,1.261,0.0,151.32,113.49,0.0,0.0,35.6,-0.28,0.0,0.0,0.0,0.0,0.0,0.0,53.6,0.0,0,0,0,0,0,8.0,0.0,6149.4,0.0,6149.4,0.0,0.0
2026-06-05T02:04:29.226+00:00,54619,34904cc0-20b0-44ef-a748-ca0f5d0a3cdb,,10,FAULT,0x0100,PI_LOST,0,1,1,0,1,0,0.0,0.219,0.0,1.264,0.0,151.68,113.76,0.0,0.0,35.11,-0.4,0.0,0.0,0.0,0.0,0.0,0.0,52.1,0.0,0,0,0,0,0,8.0,0.0,6162.71,0.0,6162.71,0.0,-4.19
2026-06-05T02:04:29.393+00:00,54735,34904cc0-20b0-44ef-a748-ca0f5d0a3cdb,,10,FAULT,0x0100,PI_LOST,0,1,1,0,1,0,0.0,0.464,0.0,1.259,0.0,151.08,113.31,0.0,0.0,35.6,-0.4,0.0,0.0,0.0,0.0,0.0,0.0,51.8,0.0,0,0,0,0,0,8.0,0.0,6175.85,0.0,6175.85,0.0,4.22
2026-06-05T02:04:29.522+00:00,54851,34904cc0-20b0-44ef-a748-ca0f5d0a3cdb,,10,FAULT,0x0100,PI_LOST,0,1,1,0,1,0,0.0,0.171,0.0,1.263,0.0,151.56,113.67,0.0,0.0,36.82,-0.28,0.0,0.0,0.0,0.0,0.0,0.0,52.0,0.0,0,0,0,0,0,8.0,0.0,6189.03,0.0,6189.03,0.0,10.52
2026-06-05T02:04:29.611+00:00,54968,34904cc0-20b0-44ef-a748-ca0f5d0a3cdb,,10,FAULT,0x0100,PI_LOST,0,1,1,0,1,0,0.0,0.513,0.0,1.258,0.0,150.96,113.22,0.0,0.0,37.07,-0.4,0.0,0.0,0.0,0.0,0.0,0.0,51.7,0.0,0,0,0,0,0,8.0,0.0,6202.28,0.0,6202.28,0.0,2.14
2026-06-05T02:04:29.689+00:00,55085,34904cc0-20b0-44ef-a748-ca0f5d0a3cdb,,10,FAULT,0x0100,PI_LOST,0,1,1,0,1,0,0.0,0.61,0.0,1.26,0.0,151.2,113.4,0.0,0.0,35.85,-0.28,0.0,0.0,0.0,0.0,0.0,0.0,51.4,0.0,0,0,0,0,0,8.0,0.0,6215.55,0.0,6215.55,0.0,-10.43
2026-06-05T02:04:29.808+00:00,55200,34904cc0-20b0-44ef-a748-ca0f5d0a3cdb,,10,FAULT,0x0100,PI_LOST,0,1,1,0,1,0,0.0,0.171,0.0,1.254,0.0,150.48,112.86,0.0,0.0,35.36,-0.4,0.0,0.0,0.0,0.0,0.0,0.0,51.8,0.0,0,0,0,0,0,8.0,0.0,6228.53,0.0,6228.53,0.0,-4.26
2026-06-05T02:04:29.923+00:00,55317,34904cc0-20b0-44ef-a748-ca0f5d0a3cdb,,10,FAULT,0x0100,PI_LOST,0,1,1,0,1,0,0.0,0.219,0.0,1.255,0.0,150.6,112.95,0.0,0.0,36.09,-0.52,0.0,0.0,0.0,0.0,0.0,0.0,52.7,0.0,0,0,0,0,0,8.0,0.0,6241.74,0.0,6241.74,0.0,6.24
2026-06-05T02:04:30.041+00:00,55434,34904cc0-20b0-44ef-a748-ca0f5d0a3cdb,,10,FAULT,0x0100,PI_LOST,0,1,1,0,1,0,0.0,0.219,0.0,1.265,0.0,151.8,113.85,0.0,0.0,36.33,-0.4,0.0,0.0,0.0,0.0,0.0,0.0,53.4,0.0,0,0,0,0,0,8.0,0.0,6255.06,0.0,6255.06,0.0,2.05
2026-06-05T02:04:30.227+00:00,55549,34904cc0-20b0-44ef-a748-ca0f5d0a3cdb,,10,FAULT,0x0100,PI_LOST,0,1,1,0,1,0,0.0,0.415,0.0,1.264,0.0,151.68,113.76,0.0,0.0,35.6,0.0,0.0,0.0,0.0,0.0,0.0,0.0,53.7,0.0,0,0,0,0,0,8.0,0.0,6268.15,0.0,6268.15,0.0,-6.35
2026-06-05T02:04:30.325+00:00,55666,34904cc0-20b0-44ef-a748-ca0f5d0a3cdb,,10,FAULT,0x0100,PI_LOST,0,1,1,0,1,0,0.0,0.513,0.0,1.249,0.0,149.88,112.41,0.0,0.0,37.31,-0.4,0.0,0.0,0.0,0.0,0.0,0.0,53.9,0.0,0,0,0,0,0,8.0,0.0,6281.3,0.0,6281.3,0.0,14.62
2026-06-05T02:04:30.390+00:00,55783,34904cc0-20b0-44ef-a748-ca0f5d0a3cdb,,10,FAULT,0x0100,PI_LOST,0,1,1,0,1,0,0.0,0.317,0.0,1.266,0.0,151.92,113.94,0.0,0.0,36.09,-0.15,0.0,0.0,0.0,0.0,0.0,0.0,53.8,0.0,0,0,0,0,0,8.0,0.0,6294.63,0.0,6294.63,0.0,-10.43
2026-06-05T02:04:30.508+00:00,55900,34904cc0-20b0-44ef-a748-ca0f5d0a3cdb,,10,FAULT,0x0100,PI_LOST,0,1,1,0,1,0,0.0,0.61,0.0,1.273,0.0,152.76,114.57,0.0,0.0,36.33,-0.15,0.0,0.0,0.0,0.0,0.0,0.0,54.9,0.0,0,0,0,0,0,8.0,0.0,6308.03,0.0,6308.03,0.0,2.05
2026-06-05T02:04:30.623+00:00,56015,34904cc0-20b0-44ef-a748-ca0f5d0a3cdb,,10,FAULT,0x0100,PI_LOST,0,1,1,0,1,0,0.0,0.513,0.0,1.263,0.0,151.56,113.67,0.0,0.0,37.31,-0.52,0.0,0.0,0.0,0.0,0.0,0.0,55.2,0.0,0,0,0,0,0,8.0,0.0,6321.11,0.0,6321.11,0.0,8.52
2026-06-05T02:04:30.747+00:00,56132,34904cc0-20b0-44ef-a748-ca0f5d0a3cdb,,10,FAULT,0x0100,PI_LOST,0,1,1,0,1,0,0.0,0.513,0.0,1.259,0.0,151.08,113.31,0.0,0.0,36.33,-0.52,0.0,0.0,0.0,0.0,0.0,0.0,54.1,0.0,0,0,0,0,0,8.0,0.0,6334.36,0.0,6334.36,0.0,-8.38
2026-06-05T02:04:30.891+00:00,56249,34904cc0-20b0-44ef-a748-ca0f5d0a3cdb,,10,FAULT,0x0100,PI_LOST,0,1,1,0,1,0,0.0,0.464,0.0,1.263,0.0,151.56,113.67,0.0,0.0,36.09,-0.28,0.0,0.0,0.0,0.0,0.0,0.0,53.0,0.0,0,0,0,0,0,8.0,0.0,6347.66,0.0,6347.66,0.0,-2.05
2026-06-05T02:04:31.025+00:00,56366,34904cc0-20b0-44ef-a748-ca0f5d0a3cdb,,10,FAULT,0x0100,PI_LOST,0,1,1,0,1,0,0.0,0.366,0.0,1.268,0.0,152.16,114.12,0.0,0.0,35.85,-0.52,0.0,0.0,0.0,0.0,0.0,0.0,48.0,0.0,0,0,0,0,0,8.0,0.0,6361.01,0.0,6361.01,0.0,-2.05
2026-06-05T02:04:31.094+00:00,56483,34904cc0-20b0-44ef-a748-ca0f5d0a3cdb,,10,FAULT,0x0100,PI_LOST,0,1,1,0,1,0,0.0,0.415,0.0,1.274,0.0,152.88,114.66,0.0,0.0,36.58,-0.28,0.0,0.0,0.0,0.0,0.0,0.0,36.3,0.0,0,0,0,0,0,8.0,0.0,6374.43,0.0,6374.43,0.0,6.24
2026-06-05T02:04:31.209+00:00,56600,34904cc0-20b0-44ef-a748-ca0f5d0a3cdb,,10,FAULT,0x0100,PI_LOST,0,1,1,0,1,0,0.0,0.708,0.0,1.281,0.0,153.72,115.29,0.0,0.0,36.82,-0.64,0.0,0.0,0.0,0.0,0.0,0.0,31.6,0.0,0,0,0,0,0,8.0,0.0,6387.92,0.0,6387.92,0.0,2.05
2026-06-05T02:04:31.327+00:00,56716,34904cc0-20b0-44ef-a748-ca0f5d0a3cdb,,10,FAULT,0x0100,PI_LOST,0,1,1,0,1,0,0.0,0.562,0.0,1.268,0.0,152.16,114.12,0.0,0.0,36.33,-0.4,0.0,0.0,0.0,0.0,0.0,0.0,33.6,0.0,0,0,0,0,0,8.0,0.0,6401.16,0.0,6401.16,0.0,-4.22
2026-06-05T02:04:31.449+00:00,56833,34904cc0-20b0-44ef-a748-ca0f5d0a3cdb,,10,FAULT,0x0100,PI_LOST,0,1,1,0,1,0,0.0,0.513,0.0,1.262,0.0,151.44,113.58,0.0,0.0,35.6,-0.4,0.0,0.0,0.0,0.0,0.0,0.0,36.1,0.0,0,0,0,0,0,8.0,0.0,6414.45,0.0,6414.45,0.0,-6.24
2026-06-05T02:04:31.561+00:00,56948,34904cc0-20b0-44ef-a748-ca0f5d0a3cdb,,10,FAULT,0x0100,PI_LOST,0,1,1,0,1,0,0.0,0.366,0.0,1.268,0.0,152.16,114.12,0.0,0.0,36.58,-0.52,0.0,0.0,0.0,0.0,0.0,0.0,39.1,0.0,0,0,0,0,0,8.0,0.0,6427.57,0.0,6427.57,0.0,8.52
2026-06-05T02:04:31.727+00:00,57065,34904cc0-20b0-44ef-a748-ca0f5d0a3cdb,,10,FAULT,0x0100,PI_LOST,0,1,1,0,1,0,0.0,0.513,0.0,1.239,0.0,148.68,111.51,0.0,0.0,36.09,-0.28,0.0,0.0,0.0,0.0,0.0,0.0,40.9,0.0,0,0,0,0,0,8.0,0.0,6440.62,0.0,6440.62,0.0,-4.19
2026-06-05T02:04:31.791+00:00,57181,34904cc0-20b0-44ef-a748-ca0f5d0a3cdb,,10,FAULT,0x0100,PI_LOST,0,1,1,0,1,0,0.0,0.806,0.0,1.223,0.0,146.76,110.07,0.0,0.0,35.6,-0.15,0.0,0.0,0.0,0.0,0.0,0.0,42.3,0.0,0,0,0,0,0,8.0,0.0,6453.38,0.0,6453.38,0.0,-4.22
2026-06-05T02:04:31.909+00:00,57297,34904cc0-20b0-44ef-a748-ca0f5d0a3cdb,,10,FAULT,0x0100,PI_LOST,0,1,1,0,1,0,0.0,0.464,0.0,1.222,0.0,146.64,109.98,0.0,0.0,36.82,-0.15,0.0,0.0,0.0,0.0,0.0,0.0,46.6,0.0,0,0,0,0,0,8.0,0.0,6466.14,0.0,6466.14,0.0,10.52
2026-06-05T02:04:32.024+00:00,57413,34904cc0-20b0-44ef-a748-ca0f5d0a3cdb,,10,FAULT,0x0100,PI_LOST,0,1,1,0,1,0,0.0,0.513,0.0,1.234,0.0,148.08,111.06,0.0,0.0,36.33,-0.52,0.0,0.0,0.0,0.0,0.0,0.0,52.1,0.0,0,0,0,0,0,8.0,0.0,6479.02,0.0,6479.02,0.0,-4.22
2026-06-05T02:04:32.149+00:00,57529,34904cc0-20b0-44ef-a748-ca0f5d0a3cdb,,10,FAULT,0x0100,PI_LOST,0,1,1,0,1,0,0.0,0.61,0.0,1.22,0.0,146.4,109.8,0.0,0.0,36.09,-0.4,0.0,0.0,0.0,0.0,0.0,0.0,57.3,0.0,0,0,0,0,0,8.0,0.0,6491.76,0.0,6491.76,0.0,-2.07
2026-06-05T02:04:32.257+00:00,57646,34904cc0-20b0-44ef-a748-ca0f5d0a3cdb,,10,FAULT,0x0100,PI_LOST,0,1,1,0,1,0,0.0,0.366,0.0,1.207,0.0,144.84,108.63,0.0,0.0,35.85,-0.15,0.0,0.0,0.0,0.0,0.0,0.0,60.4,0.0,0,0,0,0,0,8.0,0.0,6504.47,0.0,6504.47,0.0,-2.05
2026-06-05T02:04:32.435+00:00,57762,34904cc0-20b0-44ef-a748-ca0f5d0a3cdb,,10,FAULT,0x0100,PI_LOST,0,1,1,0,1,0,0.0,0.317,0.0,1.22,0.0,146.4,109.8,0.0,0.0,35.85,-0.52,0.0,0.0,0.0,0.0,0.0,0.0,62.5,0.0,0,0,0,0,0,8.0,0.0,6517.21,0.0,6517.21,0.0,0.0
2026-06-05T02:04:32.491+00:00,57878,34904cc0-20b0-44ef-a748-ca0f5d0a3cdb,,10,FAULT,0x0100,PI_LOST,0,1,1,0,1,0,0.0,0.562,0.0,1.215,0.0,145.8,109.35,0.0,0.0,37.07,-0.4,0.0,0.0,0.0,0.0,0.0,0.0,62.4,0.0,0,0,0,0,0,8.0,0.0,6529.89,0.0,6529.89,0.0,10.52
2026-06-05T02:04:32.606+00:00,57995,34904cc0-20b0-44ef-a748-ca0f5d0a3cdb,,10,FAULT,0x0100,PI_LOST,0,1,1,0,1,0,0.0,0.317,0.0,1.224,0.0,146.88,110.16,0.0,0.0,37.07,-0.15,0.0,0.0,0.0,0.0,0.0,0.0,61.9,0.0,0,0,0,0,0,8.0,0.0,6542.78,0.0,6542.78,0.0,0.0
2026-06-05T02:04:32.724+00:00,58112,34904cc0-20b0-44ef-a748-ca0f5d0a3cdb,,10,FAULT,0x0100,PI_LOST,0,1,1,0,1,0,0.0,0.806,0.0,1.241,0.0,148.92,111.69,0.0,0.0,36.09,-0.4,0.0,0.0,0.0,0.0,0.0,0.0,60.7,0.0,0,0,0,0,0,8.0,0.0,6555.85,0.0,6555.85,0.0,-8.38
2026-06-05T02:04:32.839+00:00,58228,34904cc0-20b0-44ef-a748-ca0f5d0a3cdb,,10,FAULT,0x0100,PI_LOST,0,1,1,0,1,0,0.0,0.366,0.0,1.235,0.0,148.2,111.15,0.0,0.0,35.6,-0.28,0.0,0.0,0.0,0.0,0.0,0.0,59.9,0.0,0,0,0,0,0,8.0,0.0,6568.74,0.0,6568.74,0.0,-4.22
2026-06-05T02:04:32.964+00:00,58344,34904cc0-20b0-44ef-a748-ca0f5d0a3cdb,,10,FAULT,0x0100,PI_LOST,0,1,1,0,1,0,0.0,0.513,0.0,1.227,0.0,147.24,110.43,0.0,0.0,36.82,-0.52,0.0,0.0,0.0,0.0,0.0,0.0,59.3,0.0,0,0,0,0,0,8.0,0.0,6581.55,0.0,6581.55,0.0,10.52
2026-06-05T02:04:33.135+00:00,58461,34904cc0-20b0-44ef-a748-ca0f5d0a3cdb,,10,FAULT,0x0100,PI_LOST,0,1,1,0,1,0,0.0,0.562,0.0,1.243,0.0,149.16,111.87,0.0,0.0,37.07,-0.52,0.0,0.0,0.0,0.0,0.0,0.0,59.4,0.0,0,0,0,0,0,8.0,0.0,6594.64,0.0,6594.64,0.0,2.14
2026-06-05T02:04:33.192+00:00,58577,34904cc0-20b0-44ef-a748-ca0f5d0a3cdb,,10,FAULT,0x0100,PI_LOST,0,1,1,0,1,0,0.0,0.659,0.0,1.228,0.0,147.36,110.52,0.0,0.0,36.33,-0.52,0.0,0.0,0.0,0.0,0.0,0.0,58.7,0.0,0,0,0,0,0,8.0,0.0,6607.46,0.0,6607.46,0.0,-6.38
2026-06-05T02:04:33.307+00:00,58694,34904cc0-20b0-44ef-a748-ca0f5d0a3cdb,,10,FAULT,0x0100,PI_LOST,0,1,1,0,1,0,0.0,0.268,0.0,1.225,0.0,147.0,110.25,0.0,0.0,36.58,-0.64,0.0,0.0,0.0,0.0,0.0,0.0,58.7,0.0,0,0,0,0,0,8.0,0.0,6620.36,0.0,6620.36,0.0,2.14
2026-06-05T02:04:33.425+00:00,58810,34904cc0-20b0-44ef-a748-ca0f5d0a3cdb,,10,FAULT,0x0100,PI_LOST,0,1,1,0,1,0,0.0,0.562,0.0,1.224,0.0,146.88,110.16,0.0,0.0,37.07,0.0,0.0,0.0,0.0,0.0,0.0,0.0,58.4,0.0,0,0,0,0,0,8.0,0.0,6633.14,0.0,6633.14,0.0,4.22
2026-06-05T02:04:33.540+00:00,58927,34904cc0-20b0-44ef-a748-ca0f5d0a3cdb,,10,FAULT,0x0100,PI_LOST,0,1,1,0,1,0,0.0,0.317,0.0,1.235,0.0,148.2,111.15,0.0,0.0,36.33,-0.28,0.0,0.0,0.0,0.0,0.0,0.0,58.4,0.0,0,0,0,0,0,8.0,0.0,6646.14,0.0,6646.14,0.0,-6.32
2026-06-05T02:04:33.712+00:00,59043,34904cc0-20b0-44ef-a748-ca0f5d0a3cdb,,10,FAULT,0x0100,PI_LOST,0,1,1,0,1,0,0.0,0.268,0.0,1.236,0.0,148.32,111.24,0.0,0.0,36.09,-0.15,0.0,0.0,0.0,0.0,0.0,0.0,58.6,0.0,0,0,0,0,0,8.0,0.0,6659.05,0.0,6659.05,0.0,-2.07
2026-06-05T02:04:33.804+00:00,59159,34904cc0-20b0-44ef-a748-ca0f5d0a3cdb,,10,FAULT,0x0100,PI_LOST,0,1,1,0,1,0,0.0,0.366,0.0,1.25,0.0,150.0,112.5,0.0,0.0,35.6,-0.15,0.0,0.0,0.0,0.0,0.0,0.0,58.0,0.0,0,0,0,0,0,8.0,0.0,6672.1,0.0,6672.1,0.0,-4.22
2026-06-05T02:04:33.891+00:00,59276,34904cc0-20b0-44ef-a748-ca0f5d0a3cdb,,10,FAULT,0x0100,PI_LOST,0,1,1,0,1,0,0.0,0.61,0.0,1.266,0.0,151.92,113.94,0.0,0.0,35.85,-0.28,0.0,0.0,0.0,0.0,0.0,0.0,58.2,0.0,0,0,0,0,0,8.0,0.0,6685.43,0.0,6685.43,0.0,2.14
2026-06-05T02:04:34.007+00:00,59393,34904cc0-20b0-44ef-a748-ca0f5d0a3cdb,,10,FAULT,0x0100,PI_LOST,0,1,1,0,1,0,0.0,0.122,0.0,1.265,0.0,151.8,113.85,0.0,0.0,35.11,-0.52,0.0,0.0,0.0,0.0,0.0,0.0,57.9,0.0,0,0,0,0,0,8.0,0.0,6698.75,0.0,6698.75,0.0,-6.32
2026-06-05T02:04:34.125+00:00,59509,34904cc0-20b0-44ef-a748-ca0f5d0a3cdb,,10,FAULT,0x0100,PI_LOST,0,1,1,0,1,0,0.0,0.122,0.0,1.252,0.0,150.24,112.68,0.0,0.0,35.6,-0.28,0.0,0.0,0.0,0.0,0.0,0.0,57.2,0.0,0,0,0,0,0,8.0,0.0,6711.82,0.0,6711.82,0.0,4.22
2026-06-05T02:04:34.240+00:00,59625,34904cc0-20b0-44ef-a748-ca0f5d0a3cdb,,10,FAULT,0x0100,PI_LOST,0,1,1,0,1,0,0.0,0.708,0.0,1.246,0.0,149.52,112.14,0.0,0.0,35.36,-0.52,0.0,0.0,0.0,0.0,0.0,0.0,57.4,0.0,0,0,0,0,0,8.0,0.0,6724.83,0.0,6724.83,0.0,-2.07
2026-06-05T02:04:34.425+00:00,59742,34904cc0-20b0-44ef-a748-ca0f5d0a3cdb,,10,FAULT,0x0100,PI_LOST,0,1,1,0,1,0,0.0,0.562,0.0,1.268,0.0,152.16,114.12,0.0,0.0,37.07,-0.15,0.0,0.0,0.0,0.0,0.0,0.0,57.0,0.0,0,0,0,0,0,8.0,0.0,6738.18,0.0,6738.18,0.0,14.62
2026-06-05T02:04:34.514+00:00,59858,34904cc0-20b0-44ef-a748-ca0f5d0a3cdb,,10,FAULT,0x0100,PI_LOST,0,1,1,0,1,0,0.0,0.562,0.0,1.281,0.0,153.72,115.29,0.0,0.0,37.07,-0.52,0.0,0.0,0.0,0.0,0.0,0.0,57.0,0.0,0,0,0,0,0,8.0,0.0,6751.55,0.0,6751.55,0.0,0.0
2026-06-05T02:04:34.602+00:00,59974,34904cc0-20b0-44ef-a748-ca0f5d0a3cdb,,10,FAULT,0x0100,PI_LOST,0,1,1,0,1,0,0.0,0.317,0.0,1.27,0.0,152.4,114.3,0.0,0.0,36.33,0.0,0.0,0.0,0.0,0.0,0.0,0.0,56.4,0.0,0,0,0,0,0,8.0,0.0,6764.81,0.0,6764.81,0.0,-6.38
2026-06-05T02:04:34.707+00:00,60091,34904cc0-20b0-44ef-a748-ca0f5d0a3cdb,,10,FAULT,0x0100,PI_LOST,0,1,1,0,1,0,0.0,0.317,0.0,1.265,0.0,151.8,113.85,0.0,0.0,37.07,-0.4,0.0,0.0,0.0,0.0,0.0,0.0,56.4,0.0,0,0,0,0,0,8.0,0.0,6778.13,0.0,6778.13,0.0,6.32
2026-06-05T02:04:34.825+00:00,60208,34904cc0-20b0-44ef-a748-ca0f5d0a3cdb,,10,FAULT,0x0100,PI_LOST,0,1,1,0,1,0,0.0,0.219,0.0,1.265,0.0,151.8,113.85,0.0,0.0,37.07,-0.64,0.0,0.0,0.0,0.0,0.0,0.0,56.3,0.0,0,0,0,0,0,8.0,0.0,6791.45,0.0,6791.45,0.0,0.0
2026-06-05T02:04:34.940+00:00,60324,34904cc0-20b0-44ef-a748-ca0f5d0a3cdb,,10,FAULT,0x0100,PI_LOST,0,1,1,0,1,0,0.0,0.513,0.0,1.271,0.0,152.52,114.39,0.0,0.0,35.11,-0.4,0.0,0.0,0.0,0.0,0.0,0.0,56.3,0.0,0,0,0,0,0,8.0,0.0,6804.72,0.0,6804.72,0.0,-16.9
2026-06-05T02:04:35.133+00:00,60440,34904cc0-20b0-44ef-a748-ca0f5d0a3cdb,,10,FAULT,0x0100,PI_LOST,0,1,1,0,1,0,0.0,0.317,0.0,1.262,0.0,151.44,113.58,0.0,0.0,35.85,-0.52,0.0,0.0,0.0,0.0,0.0,0.0,56.0,0.0,0,0,0,0,0,8.0,0.0,6817.9,0.0,6817.9,0.0,6.38
2026-06-05T02:04:35.225+00:00,60557,34904cc0-20b0-44ef-a748-ca0f5d0a3cdb,,10,FAULT,0x0100,PI_LOST,0,1,1,0,1,0,0.0,0.268,0.0,1.27,0.0,152.4,114.3,0.0,0.0,37.56,-0.28,0.0,0.0,0.0,0.0,0.0,0.0,55.8,0.0,0,0,0,0,0,8.0,0.0,6831.27,0.0,6831.27,0.0,14.62
2026-06-05T02:04:35.318+00:00,60674,34904cc0-20b0-44ef-a748-ca0f5d0a3cdb,,10,FAULT,0x0100,PI_LOST,0,1,1,0,1,0,0.0,0.464,0.0,1.268,0.0,152.16,114.12,0.0,0.0,35.85,-0.28,0.0,0.0,0.0,0.0,0.0,0.0,55.4,0.0,0,0,0,0,0,8.0,0.0,6844.62,0.0,6844.62,0.0,-14.62
2026-06-05T02:04:35.407+00:00,60789,34904cc0-20b0-44ef-a748-ca0f5d0a3cdb,,10,FAULT,0x0100,PI_LOST,0,1,1,0,1,0,0.0,0.415,0.0,1.271,0.0,152.52,114.39,0.0,0.0,36.09,-0.4,0.0,0.0,0.0,0.0,0.0,0.0,55.5,0.0,0,0,0,0,0,8.0,0.0,6857.78,0.0,6857.78,0.0,2.09
2026-06-05T02:04:35.525+00:00,60906,34904cc0-20b0-44ef-a748-ca0f5d0a3cdb,,10,FAULT,0x0100,PI_LOST,0,1,1,0,1,0,0.0,0.268,0.0,1.274,0.0,152.88,114.66,0.0,0.0,35.85,-0.15,0.0,0.0,0.0,0.0,0.0,0.0,55.5,0.0,0,0,0,0,0,8.0,0.0,6871.19,0.0,6871.19,0.0,-2.05
2026-06-05T02:04:35.640+00:00,61023,34904cc0-20b0-44ef-a748-ca0f5d0a3cdb,,10,FAULT,0x0100,PI_LOST,0,1,1,0,1,0,0.0,0.415,0.0,1.285,0.0,154.2,115.65,0.0,0.0,36.09,-0.4,0.0,0.0,0.0,0.0,0.0,0.0,55.2,0.0,0,0,0,0,0,8.0,0.0,6884.72,0.0,6884.72,0.0,2.05
2026-06-05T02:04:35.831+00:00,61139,34904cc0-20b0-44ef-a748-ca0f5d0a3cdb,,10,FAULT,0x0100,PI_LOST,0,1,1,0,1,0,0.0,0.464,0.0,1.279,0.0,153.48,115.11,0.0,0.0,35.36,-0.52,0.0,0.0,0.0,0.0,0.0,0.0,55.0,0.0,0,0,0,0,0,8.0,0.0,6898.08,0.0,6898.08,0.0,-6.29
2026-06-05T02:04:35.947+00:00,61255,34904cc0-20b0-44ef-a748-ca0f5d0a3cdb,,10,FAULT,0x0100,PI_LOST,0,1,1,0,1,0,0.0,0.757,0.0,1.275,0.0,153.0,114.75,0.0,0.0,36.82,-0.52,0.0,0.0,0.0,0.0,0.0,0.0,55.1,0.0,0,0,0,0,0,8.0,0.0,6911.39,0.0,6911.39,0.0,12.59
2026-06-05T02:04:36.042+00:00,61372,34904cc0-20b0-44ef-a748-ca0f5d0a3cdb,,10,FAULT,0x0100,PI_LOST,0,1,1,0,1,0,0.0,0.317,0.0,1.285,0.0,154.2,115.65,0.0,0.0,37.07,-0.52,0.0,0.0,0.0,0.0,0.0,0.0,54.9,0.0,0,0,0,0,0,8.0,0.0,6924.92,0.0,6924.92,0.0,2.14
2026-06-05T02:04:36.107+00:00,61489,34904cc0-20b0-44ef-a748-ca0f5d0a3cdb,,10,FAULT,0x0100,PI_LOST,0,1,1,0,1,0,0.0,0.366,0.0,1.281,0.0,153.72,115.29,0.0,0.0,35.6,-0.28,0.0,0.0,0.0,0.0,0.0,0.0,54.7,0.0,0,0,0,0,0,8.0,0.0,6938.41,0.0,6938.41,0.0,-12.56
2026-06-05T02:04:36.225+00:00,61604,34904cc0-20b0-44ef-a748-ca0f5d0a3cdb,,10,FAULT,0x0100,PI_LOST,0,1,1,0,1,0,0.0,0.61,0.0,1.267,0.0,152.04,114.03,0.0,0.0,36.09,-0.15,0.0,0.0,0.0,0.0,0.0,0.0,54.5,0.0,0,0,0,0,0,8.0,0.0,6951.52,0.0,6951.52,0.0,4.26
2026-06-05T02:04:36.341+00:00,61721,34904cc0-20b0-44ef-a748-ca0f5d0a3cdb,,10,FAULT,0x0100,PI_LOST,0,1,1,0,1,0,0.0,0.122,0.0,1.249,0.0,149.88,112.41,0.0,0.0,36.58,-0.64,0.0,0.0,0.0,0.0,0.0,0.0,54.3,0.0,0,0,0,0,0,8.0,0.0,6964.67,0.0,6964.67,0.0,4.19
2026-06-05T02:04:36.465+00:00,61838,34904cc0-20b0-44ef-a748-ca0f5d0a3cdb,,10,FAULT,0x0100,PI_LOST,0,1,1,0,1,0,0.0,0.171,0.0,1.252,0.0,150.24,112.68,0.0,0.0,36.33,-0.15,0.0,0.0,0.0,0.0,0.0,0.0,54.1,0.0,0,0,0,0,0,8.0,0.0,6977.86,0.0,6977.86,0.0,-2.14
2026-06-05T02:04:36.574+00:00,61955,34904cc0-20b0-44ef-a748-ca0f5d0a3cdb,,10,FAULT,0x0100,PI_LOST,0,1,1,0,1,0,0.0,0.219,0.0,1.252,0.0,150.24,112.68,0.0,0.0,35.6,-0.28,0.0,0.0,0.0,0.0,0.0,0.0,54.3,0.0,0,0,0,0,0,8.0,0.0,6991.04,0.0,6991.04,0.0,-6.24
2026-06-05T02:04:36.752+00:00,62070,34904cc0-20b0-44ef-a748-ca0f5d0a3cdb,,10,FAULT,0x0100,PI_LOST,0,1,1,0,1,0,0.0,0.708,0.0,1.263,0.0,151.56,113.67,0.0,0.0,36.58,-0.52,0.0,0.0,0.0,0.0,0.0,0.0,54.4,0.0,0,0,0,0,0,8.0,0.0,7004.11,0.0,7004.11,0.0,8.52
2026-06-05T02:04:36.808+00:00,62187,34904cc0-20b0-44ef-a748-ca0f5d0a3cdb,,10,FAULT,0x0100,PI_LOST,0,1,1,0,1,0,0.0,0.806,0.0,1.254,0.0,150.48,112.86,0.0,0.0,36.33,-0.15,0.0,0.0,0.0,0.0,0.0,0.0,55.3,0.0,0,0,0,0,0,8.0,0.0,7017.32,0.0,7017.32,0.0,-2.14
2026-06-05T02:04:36.923+00:00,62304,34904cc0-20b0-44ef-a748-ca0f5d0a3cdb,,10,FAULT,0x0100,PI_LOST,0,1,1,0,1,0,0.0,0.659,0.0,1.268,0.0,152.16,114.12,0.0,0.0,35.85,-0.28,0.0,0.0,0.0,0.0,0.0,0.0,54.7,0.0,0,0,0,0,0,8.0,0.0,7030.67,0.0,7030.67,0.0,-4.1
2026-06-05T02:04:37.041+00:00,62419,34904cc0-20b0-44ef-a748-ca0f5d0a3cdb,,10,FAULT,0x0100,PI_LOST,0,1,1,0,1,0,0.0,0.464,0.0,1.279,0.0,153.48,115.11,0.0,0.0,36.33,-0.15,0.0,0.0,0.0,0.0,0.0,0.0,54.1,0.0,0,0,0,0,0,8.0,0.0,7043.91,0.0,7043.91,0.0,4.17
2026-06-05T02:04:37.156+00:00,62536,34904cc0-20b0-44ef-a748-ca0f5d0a3cdb,,10,FAULT,0x0100,PI_LOST,0,1,1,0,1,0,0.0,0.366,0.0,1.281,0.0,153.72,115.29,0.0,0.0,35.85,-0.28,0.0,0.0,0.0,0.0,0.0,0.0,54.1,0.0,0,0,0,0,0,8.0,0.0,7057.4,0.0,7057.4,0.0,-4.1
2026-06-05T02:04:37.283+00:00,62653,34904cc0-20b0-44ef-a748-ca0f5d0a3cdb,,10,FAULT,0x0100,PI_LOST,0,1,1,0,1,0,0.0,0.366,0.0,1.297,0.0,155.64,116.73,0.0,0.0,37.07,-0.28,0.0,0.0,0.0,0.0,0.0,0.0,54.6,0.0,0,0,0,0,0,8.0,0.0,7071.05,0.0,7071.05,0.0,10.43
2026-06-05T02:04:37.460+00:00,62769,34904cc0-20b0-44ef-a748-ca0f5d0a3cdb,,10,FAULT,0x0100,PI_LOST,0,1,1,0,1,0,0.0,0.61,0.0,1.303,0.0,156.36,117.27,0.0,0.0,36.82,-0.15,0.0,0.0,0.0,0.0,0.0,0.0,54.3,0.0,0,0,0,0,0,8.0,0.0,7084.66,0.0,7084.66,0.0,-2.16
2026-06-05T02:04:37.508+00:00,62885,34904cc0-20b0-44ef-a748-ca0f5d0a3cdb,,10,FAULT,0x0100,PI_LOST,0,1,1,0,1,0,0.0,0.513,0.0,1.315,0.0,157.8,118.35,0.0,0.0,36.58,-0.4,0.0,0.0,0.0,0.0,0.0,0.0,53.7,0.0,0,0,0,0,0,8.0,0.0,7098.39,0.0,7098.39,0.0,-2.07
2026-06-05T02:04:37.623+00:00,63002,34904cc0-20b0-44ef-a748-ca0f5d0a3cdb,,10,FAULT,0x0100,PI_LOST,0,1,1,0,1,0,0.0,0.464,0.0,1.315,0.0,157.8,118.35,0.0,0.0,36.82,-0.52,0.0,0.0,0.0,0.0,0.0,0.0,53.5,0.0,0,0,0,0,0,8.0,0.0,7112.23,0.0,7112.23,0.0,2.05
2026-06-05T02:04:37.741+00:00,63119,34904cc0-20b0-44ef-a748-ca0f5d0a3cdb,,10,FAULT,0x0100,PI_LOST,0,1,1,0,1,0,0.0,0.268,0.0,1.326,0.0,159.12,119.34,0.0,0.0,35.6,-0.4,0.0,0.0,0.0,0.0,0.0,0.0,53.6,0.0,0,0,0,0,0,8.0,0.0,7126.2,0.0,7126.2,0.0,-10.43
2026-06-05T02:04:37.856+00:00,63235,34904cc0-20b0-44ef-a748-ca0f5d0a3cdb,,10,FAULT,0x0100,PI_LOST,0,1,1,0,1,0,0.0,0.562,0.0,1.327,0.0,159.24,119.43,0.0,0.0,36.33,-0.4,0.0,0.0,0.0,0.0,0.0,0.0,53.3,0.0,0,0,0,0,0,8.0,0.0,7140.05,0.0,7140.05,0.0,6.29
2026-06-05T02:04:37.999+00:00,63351,34904cc0-20b0-44ef-a748-ca0f5d0a3cdb,,10,FAULT,0x0100,PI_LOST,0,1,1,0,1,0,0.0,0.562,0.0,1.327,0.0,159.24,119.43,0.0,0.0,36.82,-0.52,0.0,0.0,0.0,0.0,0.0,0.0,53.3,0.0,0,0,0,0,0,8.0,0.0,7153.9,0.0,7153.9,0.0,4.22
2026-06-05T02:04:38.093+00:00,63468,34904cc0-20b0-44ef-a748-ca0f5d0a3cdb,,10,FAULT,0x0100,PI_LOST,0,1,1,0,1,0,0.0,0.366,0.0,1.344,0.0,161.28,120.96,0.0,0.0,35.36,-0.4,0.0,0.0,0.0,0.0,0.0,0.0,53.0,0.0,0,0,0,0,0,8.0,0.0,7168.06,0.0,7168.06,0.0,-12.48
2026-06-05T02:04:38.208+00:00,63584,34904cc0-20b0-44ef-a748-ca0f5d0a3cdb,,10,FAULT,0x0100,PI_LOST,0,1,1,0,1,0,0.0,0.415,0.0,1.336,0.0,160.32,120.24,0.0,0.0,36.82,-0.4,0.0,0.0,0.0,0.0,0.0,0.0,53.3,0.0,0,0,0,0,0,8.0,0.0,7182.0,0.0,7182.0,0.0,12.59
2026-06-05T02:04:38.323+00:00,63700,34904cc0-20b0-44ef-a748-ca0f5d0a3cdb,,10,FAULT,0x0100,PI_LOST,0,1,1,0,1,0,0.0,0.268,0.0,1.332,0.0,159.84,119.88,0.0,0.0,36.82,-0.4,0.0,0.0,0.0,0.0,0.0,0.0,52.9,0.0,0,0,0,0,0,8.0,0.0,7195.91,0.0,7195.91,0.0,0.0
2026-06-05T02:04:38.441+00:00,63817,34904cc0-20b0-44ef-a748-ca0f5d0a3cdb,,10,FAULT,0x0100,PI_LOST,0,1,1,0,1,0,0.0,0.171,0.0,1.321,0.0,158.52,118.89,0.0,0.0,35.6,-0.4,0.0,0.0,0.0,0.0,0.0,0.0,52.9,0.0,0,0,0,0,0,8.0,0.0,7209.82,0.0,7209.82,0.0,-10.43
2026-06-05T02:04:38.557+00:00,63933,34904cc0-20b0-44ef-a748-ca0f5d0a3cdb,,10,FAULT,0x0100,PI_LOST,0,1,1,0,1,0,0.0,0.708,0.0,1.301,0.0,156.12,117.09,0.0,0.0,36.33,0.0,0.0,0.0,0.0,0.0,0.0,0.0,53.1,0.0,0,0,0,0,0,8.0,0.0,7223.4,0.0,7223.4,0.0,6.29
2026-06-05T02:04:38.727+00:00,64050,34904cc0-20b0-44ef-a748-ca0f5d0a3cdb,,10,FAULT,0x0100,PI_LOST,0,1,1,0,1,0,0.0,0.708,0.0,1.304,0.0,156.48,117.36,0.0,0.0,36.33,-0.15,0.0,0.0,0.0,0.0,0.0,0.0,52.9,0.0,0,0,0,0,0,8.0,0.0,7237.13,0.0,7237.13,0.0,0.0
2026-06-05T02:04:38.834+00:00,64166,34904cc0-20b0-44ef-a748-ca0f5d0a3cdb,,10,FAULT,0x0100,PI_LOST,0,1,1,0,1,0,0.0,0.562,0.0,1.314,0.0,157.68,118.26,0.0,0.0,35.36,-0.4,0.0,0.0,0.0,0.0,0.0,0.0,53.4,0.0,0,0,0,0,0,8.0,0.0,7250.85,0.0,7250.85,0.0,-8.36
2026-06-05T02:04:38.925+00:00,64283,34904cc0-20b0-44ef-a748-ca0f5d0a3cdb,,10,FAULT,0x0100,PI_LOST,0,1,1,0,1,0,0.0,0.659,0.0,1.286,0.0,154.32,115.74,0.0,0.0,36.82,-0.4,0.0,0.0,0.0,0.0,0.0,0.0,53.0,0.0,0,0,0,0,0,8.0,0.0,7264.39,0.0,7264.39,0.0,12.48
2026-06-05T02:04:39.023+00:00,64399,34904cc0-20b0-44ef-a748-ca0f5d0a3cdb,,10,FAULT,0x0100,PI_LOST,0,1,1,0,1,0,0.0,0.317,0.0,1.314,0.0,157.68,118.26,0.0,0.0,36.82,-0.28,0.0,0.0,0.0,0.0,0.0,0.0,53.1,0.0,0,0,0,0,0,8.0,0.0,7278.11,0.0,7278.11,0.0,0.0
2026-06-05T02:04:39.142+00:00,64516,34904cc0-20b0-44ef-a748-ca0f5d0a3cdb,,10,FAULT,0x0100,PI_LOST,0,1,1,0,1,0,0.0,0.562,0.0,1.316,0.0,157.92,118.44,0.0,0.0,37.31,0.0,0.0,0.0,0.0,0.0,0.0,0.0,53.1,0.0,0,0,0,0,0,8.0,0.0,7291.97,0.0,7291.97,0.0,4.19
2026-06-05T02:04:39.257+00:00,64632,34904cc0-20b0-44ef-a748-ca0f5d0a3cdb,,10,FAULT,0x0100,PI_LOST,0,1,1,0,1,0,0.0,0.513,0.0,1.314,0.0,157.68,118.26,0.0,0.0,36.33,-0.52,0.0,0.0,0.0,0.0,0.0,0.0,53.2,0.0,0,0,0,0,0,8.0,0.0,7305.69,0.0,7305.69,0.0,-8.45
2026-06-05T02:04:39.458+00:00,64748,34904cc0-20b0-44ef-a748-ca0f5d0a3cdb,,10,FAULT,0x0100,PI_LOST,0,1,1,0,1,0,0.0,0.513,0.0,1.296,0.0,155.52,116.64,0.0,0.0,35.36,-0.28,0.0,0.0,0.0,0.0,0.0,0.0,53.1,0.0,0,0,0,0,0,8.0,0.0,7319.22,0.0,7319.22,0.0,-8.36
2026-06-05T02:04:39.556+00:00,64865,34904cc0-20b0-44ef-a748-ca0f5d0a3cdb,,10,FAULT,0x0100,PI_LOST,0,1,1,0,1,0,0.0,0.219,0.0,1.297,0.0,155.64,116.73,0.0,0.0,35.36,0.2,0.0,0.0,0.0,0.0,0.0,0.0,53.4,0.0,0,0,0,0,0,8.0,0.0,7332.87,0.0,7332.87,0.0,0.0
2026-06-05T02:04:39.649+00:00,64982,34904cc0-20b0-44ef-a748-ca0f5d0a3cdb,,10,FAULT,0x0100,PI_LOST,0,1,1,0,1,0,0.0,0.708,0.0,1.299,0.0,155.88,116.91,0.0,0.0,36.58,-0.15,0.0,0.0,0.0,0.0,0.0,0.0,53.2,0.0,0,0,0,0,0,8.0,0.0,7346.55,0.0,7346.55,0.0,10.43
2026-06-05T02:04:39.724+00:00,65097,34904cc0-20b0-44ef-a748-ca0f5d0a3cdb,,10,FAULT,0x0100,PI_LOST,0,1,1,0,1,0,0.0,0.513,0.0,1.291,0.0,154.92,116.19,0.0,0.0,36.09,-0.4,0.0,0.0,0.0,0.0,0.0,0.0,53.3,0.0,0,0,0,0,0,8.0,0.0,7359.91,0.0,7359.91,0.0,-4.26
2026-06-05T02:04:39.839+00:00,65214,34904cc0-20b0-44ef-a748-ca0f5d0a3cdb,,10,FAULT,0x0100,PI_LOST,0,1,1,0,1,0,0.0,0.171,0.0,1.287,0.0,154.44,115.83,0.0,0.0,36.09,0.0,0.0,0.0,0.0,0.0,0.0,0.0,53.4,0.0,0,0,0,0,0,8.0,0.0,7373.47,0.0,7373.47,0.0,0.0
2026-06-05T02:04:39.957+00:00,65331,34904cc0-20b0-44ef-a748-ca0f5d0a3cdb,,10,FAULT,0x0100,PI_LOST,0,1,1,0,1,0,0.0,0.171,0.0,1.29,0.0,154.8,116.1,0.0,0.0,36.82,-0.28,0.0,0.0,0.0,0.0,0.0,0.0,53.0,0.0,0,0,0,0,0,8.0,0.0,7387.05,0.0,7387.05,0.0,6.24
2026-06-05T02:04:40.074+00:00,65447,34904cc0-20b0-44ef-a748-ca0f5d0a3cdb,,10,FAULT,0x0100,PI_LOST,0,1,1,0,1,0,0.0,0.464,0.0,1.289,0.0,154.68,116.01,0.0,0.0,35.6,-0.4,0.0,0.0,0.0,0.0,0.0,0.0,53.2,0.0,0,0,0,0,0,8.0,0.0,7400.51,0.0,7400.51,0.0,-10.52
2026-06-05T02:04:40.218+00:00,65563,34904cc0-20b0-44ef-a748-ca0f5d0a3cdb,,10,FAULT,0x0100,PI_LOST,0,1,1,0,1,0,0.0,0.562,0.0,1.277,0.0,153.24,114.93,0.0,0.0,36.33,-0.28,0.0,0.0,0.0,0.0,0.0,0.0,52.9,0.0,0,0,0,0,0,8.0,0.0,7413.84,0.0,7413.84,0.0,6.29
2026-06-05T02:04:40.366+00:00,65680,34904cc0-20b0-44ef-a748-ca0f5d0a3cdb,,10,FAULT,0x0100,PI_LOST,0,1,1,0,1,0,0.0,0.513,0.0,1.277,0.0,153.24,114.93,0.0,0.0,36.09,-0.28,0.0,0.0,0.0,0.0,0.0,0.0,53.1,0.0,0,0,0,0,0,8.0,0.0,7427.29,0.0,7427.29,0.0,-2.05
2026-06-05T02:04:40.424+00:00,65797,34904cc0-20b0-44ef-a748-ca0f5d0a3cdb,,10,FAULT,0x0100,PI_LOST,0,1,1,0,1,0,0.0,0.708,0.0,1.287,0.0,154.44,115.83,0.0,0.0,35.6,-0.15,0.0,0.0,0.0,0.0,0.0,0.0,53.5,0.0,0,0,0,0,0,8.0,0.0,7440.84,0.0,7440.84,0.0,-4.19
2026-06-05T02:04:40.539+00:00,65912,34904cc0-20b0-44ef-a748-ca0f5d0a3cdb,,10,FAULT,0x0100,PI_LOST,0,1,1,0,1,0,0.0,0.61,0.0,1.305,0.0,156.6,117.45,0.0,0.0,35.85,-0.52,0.0,0.0,0.0,0.0,0.0,0.0,52.9,0.0,0,0,0,0,0,8.0,0.0,7454.34,0.0,7454.34,0.0,2.17
2026-06-05T02:04:40.657+00:00,66029,34904cc0-20b0-44ef-a748-ca0f5d0a3cdb,,10,FAULT,0x0100,PI_LOST,0,1,1,0,1,0,0.0,0.513,0.0,1.298,0.0,155.76,116.82,0.0,0.0,37.56,-0.15,0.0,0.0,0.0,0.0,0.0,0.0,53.0,0.0,0,0,0,0,0,8.0,0.0,7468.01,0.0,7468.01,0.0,14.62
2026-06-05T02:04:40.773+00:00,66146,34904cc0-20b0-44ef-a748-ca0f5d0a3cdb,,10,FAULT,0x0100,PI_LOST,0,1,1,0,1,0,0.0,0.513,0.0,1.291,0.0,154.92,116.19,0.0,0.0,35.85,-0.15,0.0,0.0,0.0,0.0,0.0,0.0,53.1,0.0,0,0,0,0,0,8.0,0.0,7481.61,0.0,7481.61,0.0,-14.62
2026-06-05T02:04:40.903+00:00,66262,34904cc0-20b0-44ef-a748-ca0f5d0a3cdb,,10,FAULT,0x0100,PI_LOST,0,1,1,0,1,0,0.0,0.122,0.0,1.288,0.0,154.56,115.92,0.0,0.0,37.07,-0.4,0.0,0.0,0.0,0.0,0.0,0.0,53.3,0.0,0,0,0,0,0,8.0,0.0,7495.05,0.0,7495.05,0.0,10.52
2026-06-05T02:04:41.084+00:00,66378,34904cc0-20b0-44ef-a748-ca0f5d0a3cdb,,10,FAULT,0x0100,PI_LOST,0,1,1,0,1,0,0.0,0.61,0.0,1.291,0.0,154.92,116.19,0.0,0.0,37.31,-0.4,0.0,0.0,0.0,0.0,0.0,0.0,53.2,0.0,0,0,0,0,0,8.0,0.0,7508.53,0.0,7508.53,0.0,2.07
2026-06-05T02:04:41.124+00:00,66495,34904cc0-20b0-44ef-a748-ca0f5d0a3cdb,,10,FAULT,0x0100,PI_LOST,0,1,1,0,1,0,0.0,0.513,0.0,1.294,0.0,155.28,116.46,0.0,0.0,36.09,-0.52,0.0,0.0,0.0,0.0,0.0,0.0,53.7,0.0,0,0,0,0,0,8.0,0.0,7522.16,0.0,7522.16,0.0,-10.43
2026-06-05T02:04:41.239+00:00,66611,34904cc0-20b0-44ef-a748-ca0f5d0a3cdb,,10,FAULT,0x0100,PI_LOST,0,1,1,0,1,0,0.0,0.61,0.0,1.29,0.0,154.8,116.1,0.0,0.0,35.85,-0.64,0.0,0.0,0.0,0.0,0.0,0.0,53.2,0.0,0,0,0,0,0,8.0,0.0,7535.63,0.0,7535.63,0.0,-2.07
2026-06-05T02:04:41.358+00:00,66727,34904cc0-20b0-44ef-a748-ca0f5d0a3cdb,,10,FAULT,0x0100,PI_LOST,0,1,1,0,1,0,0.0,0.708,0.0,1.279,0.0,153.48,115.11,0.0,0.0,37.8,-0.28,0.0,0.0,0.0,0.0,0.0,0.0,53.7,0.0,0,0,0,0,0,8.0,0.0,7548.98,0.0,7548.98,0.0,16.81
2026-06-05T02:04:41.473+00:00,66844,34904cc0-20b0-44ef-a748-ca0f5d0a3cdb,,10,FAULT,0x0100,PI_LOST,0,1,1,0,1,0,0.0,0.268,0.0,1.273,0.0,152.76,114.57,0.0,0.0,35.6,0.0,0.0,0.0,0.0,0.0,0.0,0.0,53.3,0.0,0,0,0,0,0,8.0,0.0,7562.38,0.0,7562.38,0.0,-18.8
2026-06-05T02:04:41.622+00:00,66960,34904cc0-20b0-44ef-a748-ca0f5d0a3cdb,,10,FAULT,0x0100,PI_LOST,0,1,1,0,1,0,0.0,0.562,0.0,1.285,0.0,154.2,115.65,0.0,0.0,36.33,-0.4,0.0,0.0,0.0,0.0,0.0,0.0,53.4,0.0,0,0,0,0,0,8.0,0.0,7575.8,0.0,7575.8,0.0,6.29
2026-06-05T02:04:41.711+00:00,67077,34904cc0-20b0-44ef-a748-ca0f5d0a3cdb,,10,FAULT,0x0100,PI_LOST,0,1,1,0,1,0,0.0,0.219,0.0,1.285,0.0,154.2,115.65,0.0,0.0,36.09,-0.28,0.0,0.0,0.0,0.0,0.0,0.0,53.1,0.0,0,0,0,0,0,8.0,0.0,7589.33,0.0,7589.33,0.0,-2.05
2026-06-05T02:04:41.825+00:00,67193,34904cc0-20b0-44ef-a748-ca0f5d0a3cdb,,10,FAULT,0x0100,PI_LOST,0,1,1,0,1,0,0.0,0.464,0.0,1.286,0.0,154.32,115.74,0.0,0.0,35.85,-0.15,0.0,0.0,0.0,0.0,0.0,0.0,53.5,0.0,0,0,0,0,0,8.0,0.0,7602.75,0.0,7602.75,0.0,-2.07
2026-06-05T02:04:41.940+00:00,67310,34904cc0-20b0-44ef-a748-ca0f5d0a3cdb,,10,FAULT,0x0100,PI_LOST,0,1,1,0,1,0,0.0,0.268,0.0,1.299,0.0,155.88,116.91,0.0,0.0,36.33,-0.28,0.0,0.0,0.0,0.0,0.0,0.0,53.5,0.0,0,0,0,0,0,8.0,0.0,7616.43,0.0,7616.43,0.0,4.1
2026-06-05T02:04:42.058+00:00,67426,34904cc0-20b0-44ef-a748-ca0f5d0a3cdb,,10,FAULT,0x0100,PI_LOST,0,1,1,0,1,0,0.0,0.513,0.0,1.287,0.0,154.44,115.83,0.0,0.0,35.36,-0.28,0.0,0.0,0.0,0.0,0.0,0.0,53.5,0.0,0,0,0,0,0,8.0,0.0,7629.87,0.0,7629.87,0.0,-8.36
2026-06-05T02:04:42.173+00:00,67543,34904cc0-20b0-44ef-a748-ca0f5d0a3cdb,,10,FAULT,0x0100,PI_LOST,0,1,1,0,1,0,0.0,0.708,0.0,1.293,0.0,155.16,116.37,0.0,0.0,36.09,-0.15,0.0,0.0,0.0,0.0,0.0,0.0,53.4,0.0,0,0,0,0,0,8.0,0.0,7643.48,0.0,7643.48,0.0,6.24
2026-06-05T02:04:42.334+00:00,67659,34904cc0-20b0-44ef-a748-ca0f5d0a3cdb,,10,FAULT,0x0100,PI_LOST,0,1,1,0,1,0,0.0,0.464,0.0,1.286,0.0,154.32,115.74,0.0,0.0,37.56,-0.15,0.0,0.0,0.0,0.0,0.0,0.0,53.5,0.0,0,0,0,0,0,8.0,0.0,7656.91,0.0,7656.91,0.0,12.67
2026-06-05T02:04:42.425+00:00,67775,34904cc0-20b0-44ef-a748-ca0f5d0a3cdb,,10,FAULT,0x0100,PI_LOST,0,1,1,0,1,0,0.0,0.855,0.0,1.307,0.0,156.84,117.63,0.0,0.0,35.85,-0.64,0.0,0.0,0.0,0.0,0.0,0.0,53.7,0.0,0,0,0,0,0,8.0,0.0,7670.56,0.0,7670.56,0.0,-14.74
2026-06-05T02:04:42.525+00:00,67892,34904cc0-20b0-44ef-a748-ca0f5d0a3cdb,,10,FAULT,0x0100,PI_LOST,0,1,1,0,1,0,0.0,0.415,0.0,1.309,0.0,157.08,117.81,0.0,0.0,36.09,-0.4,0.0,0.0,0.0,0.0,0.0,0.0,54.0,0.0,0,0,0,0,0,8.0,0.0,7684.34,0.0,7684.34,0.0,2.05
2026-06-05T02:04:42.640+00:00,68008,34904cc0-20b0-44ef-a748-ca0f5d0a3cdb,,10,FAULT,0x0100,PI_LOST,0,1,1,0,1,0,0.0,0.366,0.0,1.313,0.0,157.56,118.17,0.0,0.0,35.36,-0.15,0.0,0.0,0.0,0.0,0.0,0.0,54.0,0.0,0,0,0,0,0,8.0,0.0,7698.05,0.0,7698.05,0.0,-6.29
2026-06-05T02:04:42.755+00:00,68124,34904cc0-20b0-44ef-a748-ca0f5d0a3cdb,,10,FAULT,0x0100,PI_LOST,0,1,1,0,1,0,0.0,0.464,0.0,1.289,0.0,154.68,116.01,0.0,0.0,36.09,-0.52,0.0,0.0,0.0,0.0,0.0,0.0,54.1,0.0,0,0,0,0,0,8.0,0.0,7711.5,0.0,7711.5,0.0,6.29
2026-06-05T02:04:42.873+00:00,68241,34904cc0-20b0-44ef-a748-ca0f5d0a3cdb,,10,FAULT,0x0100,PI_LOST,0,1,1,0,1,0,0.0,0.61,0.0,1.288,0.0,154.56,115.92,0.0,0.0,36.82,-0.4,0.0,0.0,0.0,0.0,0.0,0.0,53.5,0.0,0,0,0,0,0,8.0,0.0,7725.07,0.0,7725.07,0.0,6.24
2026-06-05T02:04:43.051+00:00,68358,34904cc0-20b0-44ef-a748-ca0f5d0a3cdb,,10,FAULT,0x0100,PI_LOST,0,1,1,0,1,0,0.0,0.61,0.0,1.285,0.0,154.2,115.65,0.0,0.0,35.6,-0.52,0.0,0.0,0.0,0.0,0.0,0.0,53.8,0.0,0,0,0,0,0,8.0,0.0,7738.6,0.0,7738.6,0.0,-10.43
2026-06-05T02:04:43.142+00:00,68473,34904cc0-20b0-44ef-a748-ca0f5d0a3cdb,,10,FAULT,0x0100,PI_LOST,0,1,1,0,1,0,0.0,0.464,0.0,1.274,0.0,152.88,114.66,0.0,0.0,36.82,-0.4,0.0,0.0,0.0,0.0,0.0,0.0,54.0,0.0,0,0,0,0,0,8.0,0.0,7751.78,0.0,7751.78,0.0,10.61
2026-06-05T02:04:43.233+00:00,68590,34904cc0-20b0-44ef-a748-ca0f5d0a3cdb,,10,FAULT,0x0100,PI_LOST,0,1,1,0,1,0,0.0,0.806,0.0,1.276,0.0,153.12,114.84,0.0,0.0,37.07,-0.28,0.0,0.0,0.0,0.0,0.0,0.0,54.2,0.0,0,0,0,0,0,8.0,0.0,7765.22,0.0,7765.22,0.0,2.14
2026-06-05T02:04:43.341+00:00,68707,34904cc0-20b0-44ef-a748-ca0f5d0a3cdb,,10,FAULT,0x0100,PI_LOST,0,1,1,0,1,0,0.0,0.171,0.0,1.266,0.0,151.92,113.94,0.0,0.0,35.6,-0.4,0.0,0.0,0.0,0.0,0.0,0.0,54.1,0.0,0,0,0,0,0,8.0,0.0,7778.55,0.0,7778.55,0.0,-12.56
2026-06-05T02:04:43.455+00:00,68824,34904cc0-20b0-44ef-a748-ca0f5d0a3cdb,,10,FAULT,0x0100,PI_LOST,0,1,1,0,1,0,0.0,0.317,0.0,1.27,0.0,152.4,114.3,0.0,0.0,36.33,0.0,0.0,0.0,0.0,0.0,0.0,0.0,54.0,0.0,0,0,0,0,0,8.0,0.0,7791.92,0.0,7791.92,0.0,6.24
2026-06-05T02:04:43.574+00:00,68939,34904cc0-20b0-44ef-a748-ca0f5d0a3cdb,,10,FAULT,0x0100,PI_LOST,0,1,1,0,1,0,0.0,0.024,0.0,1.274,0.0,152.88,114.66,0.0,0.0,36.33,-0.4,0.0,0.0,0.0,0.0,0.0,0.0,54.5,0.0,0,0,0,0,0,8.0,0.0,7805.11,0.0,7805.11,0.0,0.0
2026-06-05T02:04:43.776+00:00,69056,34904cc0-20b0-44ef-a748-ca0f5d0a3cdb,,10,FAULT,0x0100,PI_LOST,0,1,1,0,1,0,0.0,0.415,0.0,1.263,0.0,151.56,113.67,0.0,0.0,35.36,-0.28,0.0,0.0,0.0,0.0,0.0,0.0,54.0,0.0,0,0,0,0,0,8.0,0.0,7818.41,0.0,7818.41,0.0,-8.29
2026-06-05T02:04:43.902+00:00,69173,34904cc0-20b0-44ef-a748-ca0f5d0a3cdb,,10,FAULT,0x0100,PI_LOST,0,1,1,0,1,0,0.0,0.855,0.0,1.272,0.0,152.64,114.48,0.0,0.0,36.58,-0.15,0.0,0.0,0.0,0.0,0.0,0.0,53.9,0.0,0,0,0,0,0,8.0,0.0,7831.8,0.0,7831.8,0.0,10.43
2026-06-05T02:04:43.994+00:00,69288,34904cc0-20b0-44ef-a748-ca0f5d0a3cdb,,10,FAULT,0x0100,PI_LOST,0,1,1,0,1,0,0.0,0.219,0.0,1.267,0.0,152.04,114.03,0.0,0.0,37.07,-0.4,0.0,0.0,0.0,0.0,0.0,0.0,53.9,0.0,0,0,0,0,0,8.0,0.0,7844.92,0.0,7844.92,0.0,4.26
2026-06-05T02:04:44.041+00:00,69405,34904cc0-20b0-44ef-a748-ca0f5d0a3cdb,,10,FAULT,0x0100,PI_LOST,0,1,1,0,1,0,0.0,0.61,0.0,1.266,0.0,151.92,113.94,0.0,0.0,35.6,-0.28,0.0,0.0,0.0,0.0,0.0,0.0,53.9,0.0,0,0,0,0,0,8.0,0.0,7858.25,0.0,7858.25,0.0,-12.56
2026-06-05T02:04:44.156+00:00,69522,34904cc0-20b0-44ef-a748-ca0f5d0a3cdb,,10,FAULT,0x0100,PI_LOST,0,1,1,0,1,0,0.0,0.464,0.0,1.287,0.0,154.44,115.83,0.0,0.0,35.85,-0.28,0.0,0.0,0.0,0.0,0.0,0.0,53.7,0.0,0,0,0,0,0,8.0,0.0,7871.8,0.0,7871.8,0.0,2.14
2026-06-05T02:04:44.274+00:00,69638,34904cc0-20b0-44ef-a748-ca0f5d0a3cdb,,10,FAULT,0x0100,PI_LOST,0,1,1,0,1,0,0.0,0.562,0.0,1.292,0.0,155.04,116.28,0.0,0.0,35.6,-0.64,0.0,0.0,0.0,0.0,0.0,0.0,54.2,0.0,0,0,0,0,0,8.0,0.0,7885.29,0.0,7885.29,0.0,-2.16
2026-06-05T02:04:44.389+00:00,69754,34904cc0-20b0-44ef-a748-ca0f5d0a3cdb,,10,FAULT,0x0100,PI_LOST,0,1,1,0,1,0,0.0,0.562,0.0,1.299,0.0,155.88,116.91,0.0,0.0,35.85,-0.28,0.0,0.0,0.0,0.0,0.0,0.0,53.9,0.0,0,0,0,0,0,8.0,0.0,7898.85,0.0,7898.85,0.0,2.16
2026-06-05T02:04:44.530+00:00,69871,34904cc0-20b0-44ef-a748-ca0f5d0a3cdb,,10,FAULT,0x0100,PI_LOST,0,1,1,0,1,0,0.0,0.415,0.0,1.288,0.0,154.56,115.92,0.0,0.0,36.82,0.0,0.0,0.0,0.0,0.0,0.0,0.0,54.2,0.0,0,0,0,0,0,8.0,0.0,7912.41,0.0,7912.41,0.0,8.29
2026-06-05T02:04:44.624+00:00,69987,34904cc0-20b0-44ef-a748-ca0f5d0a3cdb,,10,FAULT,0x0100,PI_LOST,0,1,1,0,1,0,0.0,0.708,0.0,1.283,0.0,153.96,115.47,0.0,0.0,35.36,-0.4,0.0,0.0,0.0,0.0,0.0,0.0,54.1,0.0,0,0,0,0,0,8.0,0.0,7925.81,0.0,7925.81,0.0,-12.59
2026-06-05T02:04:44.741+00:00,70104,34904cc0-20b0-44ef-a748-ca0f5d0a3cdb,,10,FAULT,0x0100,PI_LOST,0,1,1,0,1,0,0.0,0.659,0.0,1.283,0.0,153.96,115.47,0.0,0.0,36.09,-0.64,0.0,0.0,0.0,0.0,0.0,0.0,54.0,0.0,0,0,0,0,0,8.0,0.0,7939.32,0.0,7939.32,0.0,6.24
2026-06-05T02:04:44.856+00:00,70220,34904cc0-20b0-44ef-a748-ca0f5d0a3cdb,,10,FAULT,0x0100,PI_LOST,0,1,1,0,1,0,0.0,0.415,0.0,1.262,0.0,151.44,113.58,0.0,0.0,36.09,-0.52,0.0,0.0,0.0,0.0,0.0,0.0,54.2,0.0,0,0,0,0,0,8.0,0.0,7952.49,0.0,7952.49,0.0,0.0
2026-06-05T02:04:44.974+00:00,70337,34904cc0-20b0-44ef-a748-ca0f5d0a3cdb,,10,FAULT,0x0100,PI_LOST,0,1,1,0,1,0,0.0,0.562,0.0,1.259,0.0,151.08,113.31,0.0,0.0,35.36,-0.76,0.0,0.0,0.0,0.0,0.0,0.0,53.5,0.0,0,0,0,0,0,8.0,0.0,7965.75,0.0,7965.75,0.0,-6.24
2026-06-05T02:04:45.089+00:00,70453,34904cc0-20b0-44ef-a748-ca0f5d0a3cdb,,10,FAULT,0x0100,PI_LOST,0,1,1,0,1,0,0.0,0.562,0.0,1.266,0.0,151.92,113.94,0.0,0.0,35.6,-0.4,0.0,0.0,0.0,0.0,0.0,0.0,53.8,0.0,0,0,0,0,0,8.0,0.0,7978.97,0.0,7978.97,0.0,2.07
2026-06-05T02:04:45.239+00:00,70569,34904cc0-20b0-44ef-a748-ca0f5d0a3cdb,,10,FAULT,0x0100,PI_LOST,0,1,1,0,1,0,0.0,0.366,0.0,1.274,0.0,152.88,114.66,0.0,0.0,37.31,0.0,0.0,0.0,0.0,0.0,0.0,0.0,53.8,0.0,0,0,0,0,0,8.0,0.0,7992.27,0.0,7992.27,0.0,14.74
2026-06-05T02:04:45.339+00:00,70686,34904cc0-20b0-44ef-a748-ca0f5d0a3cdb,,10,FAULT,0x0100,PI_LOST,0,1,1,0,1,0,0.0,0.122,0.0,1.275,0.0,153.0,114.75,0.0,0.0,36.58,0.0,0.0,0.0,0.0,0.0,0.0,0.0,53.9,0.0,0,0,0,0,0,8.0,0.0,8005.69,0.0,8005.69,0.0,-6.24
2026-06-05T02:04:45.438+00:00,70802,34904cc0-20b0-44ef-a748-ca0f5d0a3cdb,,10,FAULT,0x0100,PI_LOST,0,1,1,0,1,0,0.0,0.317,0.0,1.267,0.0,152.04,114.03,0.0,0.0,36.58,-0.15,0.0,0.0,0.0,0.0,0.0,0.0,53.9,0.0,0,0,0,0,0,8.0,0.0,8018.92,0.0,8018.92,0.0,0.0
2026-06-05T02:04:45.557+00:00,70919,34904cc0-20b0-44ef-a748-ca0f5d0a3cdb,,10,FAULT,0x0100,PI_LOST,0,1,1,0,1,0,0.0,0.366,0.0,1.276,0.0,153.12,114.84,0.0,0.0,36.33,-0.28,0.0,0.0,0.0,0.0,0.0,0.0,53.7,0.0,0,0,0,0,0,8.0,0.0,8032.36,0.0,8032.36,0.0,-2.14
2026-06-05T02:04:45.671+00:00,71035,34904cc0-20b0-44ef-a748-ca0f5d0a3cdb,,10,FAULT,0x0100,PI_LOST,0,1,1,0,1,0,0.0,0.562,0.0,1.289,0.0,154.68,116.01,0.0,0.0,35.36,-0.4,0.0,0.0,0.0,0.0,0.0,0.0,53.9,0.0,0,0,0,0,0,8.0,0.0,8045.81,0.0,8045.81,0.0,-8.36
2026-06-05T02:04:45.790+00:00,71151,34904cc0-20b0-44ef-a748-ca0f5d0a3cdb,,10,FAULT,0x0100,PI_LOST,0,1,1,0,1,0,0.0,0.219,0.0,1.288,0.0,154.56,115.92,0.0,0.0,36.33,-0.52,0.0,0.0,0.0,0.0,0.0,0.0,53.7,0.0,0,0,0,0,0,8.0,0.0,8059.26,0.0,8059.26,0.0,8.36
2026-06-05T02:04:45.966+00:00,71268,34904cc0-20b0-44ef-a748-ca0f5d0a3cdb,,10,FAULT,0x0100,PI_LOST,0,1,1,0,1,0,0.0,0.464,0.0,1.285,0.0,154.2,115.65,0.0,0.0,35.6,0.0,0.0,0.0,0.0,0.0,0.0,0.0,53.7,0.0,0,0,0,0,0,8.0,0.0,8072.79,0.0,8072.79,0.0,-6.24
2026-06-05T02:04:46.059+00:00,71385,34904cc0-20b0-44ef-a748-ca0f5d0a3cdb,,10,FAULT,0x0100,PI_LOST,0,1,1,0,1,0,0.0,0.562,0.0,1.288,0.0,154.56,115.92,0.0,0.0,35.6,-0.4,0.0,0.0,0.0,0.0,0.0,0.0,53.8,0.0,0,0,0,0,0,8.0,0.0,8086.35,0.0,8086.35,0.0,0.0
2026-06-05T02:04:46.150+00:00,71501,34904cc0-20b0-44ef-a748-ca0f5d0a3cdb,,10,FAULT,0x0100,PI_LOST,0,1,1,0,1,0,0.0,0.708,0.0,1.287,0.0,154.44,115.83,0.0,0.0,37.07,-0.52,0.0,0.0,0.0,0.0,0.0,0.0,54.0,0.0,0,0,0,0,0,8.0,0.0,8099.79,0.0,8099.79,0.0,12.67
2026-06-05T02:04:46.257+00:00,71617,34904cc0-20b0-44ef-a748-ca0f5d0a3cdb,,10,FAULT,0x0100,PI_LOST,0,1,1,0,1,0,0.0,0.513,0.0,1.299,0.0,155.88,116.91,0.0,0.0,36.09,-0.52,0.0,0.0,0.0,0.0,0.0,0.0,53.1,0.0,0,0,0,0,0,8.0,0.0,8113.35,0.0,8113.35,0.0,-8.45
2026-06-05T02:04:46.372+00:00,71734,34904cc0-20b0-44ef-a748-ca0f5d0a3cdb,,10,FAULT,0x0100,PI_LOST,0,1,1,0,1,0,0.0,0.562,0.0,1.291,0.0,154.92,116.19,0.0,0.0,35.11,-0.4,0.0,0.0,0.0,0.0,0.0,0.0,53.6,0.0,0,0,0,0,0,8.0,0.0,8126.95,0.0,8126.95,0.0,-8.38
2026-06-05T02:04:46.490+00:00,71851,34904cc0-20b0-44ef-a748-ca0f5d0a3cdb,,10,FAULT,0x0100,PI_LOST,0,1,1,0,1,0,0.0,0.708,0.0,1.307,0.0,156.84,117.63,0.0,0.0,35.6,-0.4,0.0,0.0,0.0,0.0,0.0,0.0,53.9,0.0,0,0,0,0,0,8.0,0.0,8140.71,0.0,8140.71,0.0,4.19
2026-06-05T02:04:46.689+00:00,71966,34904cc0-20b0-44ef-a748-ca0f5d0a3cdb,,10,FAULT,0x0100,PI_LOST,0,1,1,0,1,0,0.0,0.513,0.0,1.317,0.0,158.04,118.53,0.0,0.0,35.6,-0.64,0.0,0.0,0.0,0.0,0.0,0.0,53.6,0.0,0,0,0,0,0,8.0,0.0,8154.34,0.0,8154.34,0.0,0.0
2026-06-05T02:04:46.784+00:00,72083,34904cc0-20b0-44ef-a748-ca0f5d0a3cdb,,10,FAULT,0x0100,PI_LOST,0,1,1,0,1,0,0.0,0.171,0.0,1.313,0.0,157.56,118.17,0.0,0.0,36.09,-0.28,0.0,0.0,0.0,0.0,0.0,0.0,53.8,0.0,0,0,0,0,0,8.0,0.0,8168.17,0.0,8168.17,0.0,4.19
2026-06-05T02:04:46.878+00:00,72200,34904cc0-20b0-44ef-a748-ca0f5d0a3cdb,,10,FAULT,0x0100,PI_LOST,0,1,1,0,1,0,0.0,0.513,0.0,1.301,0.0,156.12,117.09,0.0,0.0,36.33,-0.4,0.0,0.0,0.0,0.0,0.0,0.0,53.7,0.0,0,0,0,0,0,8.0,0.0,8181.87,0.0,8181.87,0.0,2.05
2026-06-05T02:04:46.957+00:00,72315,34904cc0-20b0-44ef-a748-ca0f5d0a3cdb,,10,FAULT,0x0100,PI_LOST,0,1,1,0,1,0,0.0,0.366,0.0,1.284,0.0,154.08,115.56,0.0,0.0,35.85,-0.52,0.0,0.0,0.0,0.0,0.0,0.0,53.4,0.0,0,0,0,0,0,8.0,0.0,8195.16,0.0,8195.16,0.0,-4.17
2026-06-05T02:04:47.072+00:00,72432,34904cc0-20b0-44ef-a748-ca0f5d0a3cdb,,10,FAULT,0x0100,PI_LOST,0,1,1,0,1,0,0.0,0.464,0.0,1.288,0.0,154.56,115.92,0.0,0.0,36.58,-0.52,0.0,0.0,0.0,0.0,0.0,0.0,53.5,0.0,0,0,0,0,0,8.0,0.0,8208.72,0.0,8208.72,0.0,6.24
2026-06-05T02:04:47.190+00:00,72549,34904cc0-20b0-44ef-a748-ca0f5d0a3cdb,,10,FAULT,0x0100,PI_LOST,0,1,1,0,1,0,0.0,0.659,0.0,1.298,0.0,155.76,116.82,0.0,0.0,36.09,-0.28,0.0,0.0,0.0,0.0,0.0,0.0,53.5,0.0,0,0,0,0,0,8.0,0.0,8222.39,0.0,8222.39,0.0,-4.19
2026-06-05T02:04:47.306+00:00,72666,34904cc0-20b0-44ef-a748-ca0f5d0a3cdb,,10,FAULT,0x0100,PI_LOST,0,1,1,0,1,0,0.0,0.464,0.0,1.299,0.0,155.88,116.91,0.0,0.0,35.36,-0.52,0.0,0.0,0.0,0.0,0.0,0.0,53.2,0.0,0,0,0,0,0,8.0,0.0,8236.06,0.0,8236.06,0.0,-6.24
2026-06-05T02:04:47.491+00:00,72781,34904cc0-20b0-44ef-a748-ca0f5d0a3cdb,,10,FAULT,0x0100,PI_LOST,0,1,1,0,1,0,0.0,0.513,0.0,1.315,0.0,157.8,118.35,0.0,0.0,36.33,-0.4,0.0,0.0,0.0,0.0,0.0,0.0,53.5,0.0,0,0,0,0,0,8.0,0.0,8249.67,0.0,8249.67,0.0,8.43
2026-06-05T02:04:47.594+00:00,72898,34904cc0-20b0-44ef-a748-ca0f5d0a3cdb,,10,FAULT,0x0100,PI_LOST,0,1,1,0,1,0,0.0,0.562,0.0,1.297,0.0,155.64,116.73,0.0,0.0,36.82,0.0,0.0,0.0,0.0,0.0,0.0,0.0,53.5,0.0,0,0,0,0,0,8.0,0.0,8263.33,0.0,8263.33,0.0,4.19
2026-06-05T02:04:47.657+00:00,73015,34904cc0-20b0-44ef-a748-ca0f5d0a3cdb,,10,FAULT,0x0100,PI_LOST,0,1,1,0,1,0,0.0,0.513,0.0,1.288,0.0,154.56,115.92,0.0,0.0,35.6,-0.4,0.0,0.0,0.0,0.0,0.0,0.0,53.5,0.0,0,0,0,0,0,8.0,0.0,8276.89,0.0,8276.89,0.0,-10.43
2026-06-05T02:04:47.772+00:00,73131,34904cc0-20b0-44ef-a748-ca0f5d0a3cdb,,10,FAULT,0x0100,PI_LOST,0,1,1,0,1,0,0.0,0.415,0.0,1.277,0.0,153.24,114.93,0.0,0.0,35.36,-0.28,0.0,0.0,0.0,0.0,0.0,0.0,53.8,0.0,0,0,0,0,0,8.0,0.0,8290.23,0.0,8290.23,0.0,-2.07
2026-06-05T02:04:47.890+00:00,73247,34904cc0-20b0-44ef-a748-ca0f5d0a3cdb,,10,FAULT,0x0100,PI_LOST,0,1,1,0,1,0,0.0,0.317,0.0,1.282,0.0,153.84,115.38,0.0,0.0,36.82,-0.15,0.0,0.0,0.0,0.0,0.0,0.0,53.4,0.0,0,0,0,0,0,8.0,0.0,8303.61,0.0,8303.61,0.0,12.59
2026-06-05T02:04:48.005+00:00,73364,34904cc0-20b0-44ef-a748-ca0f5d0a3cdb,,10,FAULT,0x0100,PI_LOST,0,1,1,0,1,0,0.0,0.219,0.0,1.292,0.0,155.04,116.28,0.0,0.0,35.6,-0.4,0.0,0.0,0.0,0.0,0.0,0.0,53.4,0.0,0,0,0,0,0,8.0,0.0,8317.22,0.0,8317.22,0.0,-10.43
2026-06-05T02:04:48.126+00:00,73480,34904cc0-20b0-44ef-a748-ca0f5d0a3cdb,,10,FAULT,0x0100,PI_LOST,0,1,1,0,1,0,0.0,0.659,0.0,1.309,0.0,157.08,117.81,0.0,0.0,35.36,-0.64,0.0,0.0,0.0,0.0,0.0,0.0,53.5,0.0,0,0,0,0,0,8.0,0.0,8330.88,0.0,8330.88,0.0,-2.07
2026-06-05T02:04:48.316+00:00,73596,34904cc0-20b0-44ef-a748-ca0f5d0a3cdb,,10,FAULT,0x0100,PI_LOST,0,1,1,0,1,0,0.0,0.708,0.0,1.293,0.0,155.16,116.37,0.0,0.0,36.58,-0.4,0.0,0.0,0.0,0.0,0.0,0.0,53.5,0.0,0,0,0,0,0,8.0,0.0,8344.38,0.0,8344.38,0.0,10.52
2026-06-05T02:04:48.357+00:00,73713,34904cc0-20b0-44ef-a748-ca0f5d0a3cdb,,10,FAULT,0x0100,PI_LOST,0,1,1,0,1,0,0.0,0.513,0.0,1.298,0.0,155.76,116.82,0.0,0.0,35.36,-0.4,0.0,0.0,0.0,0.0,0.0,0.0,53.9,0.0,0,0,0,0,0,8.0,0.0,8358.05,0.0,8358.05,0.0,-10.43
2026-06-05T02:04:48.472+00:00,73830,34904cc0-20b0-44ef-a748-ca0f5d0a3cdb,,10,FAULT,0x0100,PI_LOST,0,1,1,0,1,0,0.0,0.562,0.0,1.304,0.0,156.48,117.36,0.0,0.0,35.36,-0.4,0.0,0.0,0.0,0.0,0.0,0.0,53.5,0.0,0,0,0,0,0,8.0,0.0,8371.78,0.0,8371.78,0.0,0.0
2026-06-05T02:04:48.588+00:00,73946,34904cc0-20b0-44ef-a748-ca0f5d0a3cdb,,10,FAULT,0x0100,PI_LOST,0,1,1,0,1,0,0.0,0.073,0.0,1.303,0.0,156.36,117.27,0.0,0.0,36.58,-0.52,0.0,0.0,0.0,0.0,0.0,0.0,53.5,0.0,0,0,0,0,0,8.0,0.0,8385.38,0.0,8385.38,0.0,10.52
2026-06-05T02:04:48.706+00:00,74062,34904cc0-20b0-44ef-a748-ca0f5d0a3cdb,,10,FAULT,0x0100,PI_LOST,0,1,1,0,1,0,0.0,0.61,0.0,1.301,0.0,156.12,117.09,0.0,0.0,35.85,-0.52,0.0,0.0,0.0,0.0,0.0,0.0,53.4,0.0,0,0,0,0,0,8.0,0.0,8398.97,0.0,8398.97,0.0,-6.29
2026-06-05T02:04:48.849+00:00,74179,34904cc0-20b0-44ef-a748-ca0f5d0a3cdb,,10,FAULT,0x0100,PI_LOST,0,1,1,0,1,0,0.0,0.366,0.0,1.308,0.0,156.96,117.72,0.0,0.0,37.31,-0.28,0.0,0.0,0.0,0.0,0.0,0.0,53.4,0.0,0,0,0,0,0,8.0,0.0,8412.74,0.0,8412.74,0.0,12.48
2026-06-05T02:04:48.976+00:00,74295,34904cc0-20b0-44ef-a748-ca0f5d0a3cdb,,10,FAULT,0x0100,PI_LOST,0,1,1,0,1,0,0.0,0.415,0.0,1.305,0.0,156.6,117.45,0.0,0.0,36.58,-0.64,0.0,0.0,0.0,0.0,0.0,0.0,53.3,0.0,0,0,0,0,0,8.0,0.0,8426.36,0.0,8426.36,0.0,-6.29
2026-06-05T02:04:49.069+00:00,74412,34904cc0-20b0-44ef-a748-ca0f5d0a3cdb,,10,FAULT,0x0100,PI_LOST,0,1,1,0,1,0,0.0,0.366,0.0,1.298,0.0,155.76,116.82,0.0,0.0,35.6,-0.4,0.0,0.0,0.0,0.0,0.0,0.0,53.5,0.0,0,0,0,0,0,8.0,0.0,8440.03,0.0,8440.03,0.0,-8.38
2026-06-05T02:04:49.173+00:00,74528,34904cc0-20b0-44ef-a748-ca0f5d0a3cdb,,10,FAULT,0x0100,PI_LOST,0,1,1,0,1,0,0.0,0.562,0.0,1.307,0.0,156.84,117.63,0.0,0.0,35.85,-0.4,0.0,0.0,0.0,0.0,0.0,0.0,53.5,0.0,0,0,0,0,0,8.0,0.0,8453.68,0.0,8453.68,0.0,2.16
2026-06-05T02:04:49.288+00:00,74644,34904cc0-20b0-44ef-a748-ca0f5d0a3cdb,,10,FAULT,0x0100,PI_LOST,0,1,1,0,1,0,0.0,0.268,0.0,1.308,0.0,156.96,117.72,0.0,0.0,36.33,-0.4,0.0,0.0,0.0,0.0,0.0,0.0,53.6,0.0,0,0,0,0,0,8.0,0.0,8467.33,0.0,8467.33,0.0,4.14
2026-06-05T02:04:49.406+00:00,74761,34904cc0-20b0-44ef-a748-ca0f5d0a3cdb,,10,FAULT,0x0100,PI_LOST,0,1,1,0,1,0,0.0,0.268,0.0,1.31,0.0,157.2,117.9,0.0,0.0,35.36,-0.28,0.0,0.0,0.0,0.0,0.0,0.0,53.5,0.0,0,0,0,0,0,8.0,0.0,8481.13,0.0,8481.13,0.0,-8.29
2026-06-05T02:04:49.602+00:00,74877,34904cc0-20b0-44ef-a748-ca0f5d0a3cdb,,10,FAULT,0x0100,PI_LOST,0,1,1,0,1,0,0.0,0.219,0.0,1.316,0.0,157.92,118.44,0.0,0.0,35.6,-0.15,0.0,0.0,0.0,0.0,0.0,0.0,53.6,0.0,0,0,0,0,0,8.0,0.0,8494.86,0.0,8494.86,0.0,2.07
2026-06-05T02:04:49.700+00:00,74994,34904cc0-20b0-44ef-a748-ca0f5d0a3cdb,,10,FAULT,0x0100,PI_LOST,0,1,1,0,1,0,0.0,0.953,0.0,1.318,0.0,158.16,118.62,0.0,0.0,37.07,-0.28,0.0,0.0,0.0,0.0,0.0,0.0,53.6,0.0,0,0,0,0,0,8.0,0.0,8508.74,0.0,8508.74,0.0,12.56
2026-06-05T02:04:49.793+00:00,75110,34904cc0-20b0-44ef-a748-ca0f5d0a3cdb,,10,FAULT,0x0100,PI_LOST,0,1,1,0,1,0,0.0,0.513,0.0,1.301,0.0,156.12,117.09,0.0,0.0,36.09,-0.4,0.0,0.0,0.0,0.0,0.0,0.0,53.5,0.0,0,0,0,0,0,8.0,0.0,8522.33,0.0,8522.33,0.0,-8.45
2026-06-05T02:04:49.873+00:00,75227,34904cc0-20b0-44ef-a748-ca0f5d0a3cdb,,10,FAULT,0x0100,PI_LOST,0,1,1,0,1,0,0.0,0.366,0.0,1.297,0.0,155.64,116.73,0.0,0.0,35.36,-0.15,0.0,0.0,0.0,0.0,0.0,0.0,53.5,0.0,0,0,0,0,0,8.0,0.0,8535.98,0.0,8535.98,0.0,-6.24
2026-06-05T02:04:49.988+00:00,75343,34904cc0-20b0-44ef-a748-ca0f5d0a3cdb,,10,FAULT,0x0100,PI_LOST,0,1,1,0,1,0,0.0,0.317,0.0,1.284,0.0,154.08,115.56,0.0,0.0,37.07,-0.4,0.0,0.0,0.0,0.0,0.0,0.0,53.5,0.0,0,0,0,0,0,8.0,0.0,8549.39,0.0,8549.39,0.0,14.74
2026-06-05T02:04:50.107+00:00,75459,34904cc0-20b0-44ef-a748-ca0f5d0a3cdb,,10,FAULT,0x0100,PI_LOST,0,1,1,0,1,0,0.0,0.513,0.0,1.289,0.0,154.68,116.01,0.0,0.0,35.6,-0.4,0.0,0.0,0.0,0.0,0.0,0.0,53.6,0.0,0,0,0,0,0,8.0,0.0,8562.85,0.0,8562.85,0.0,-12.67
2026-06-05T02:04:50.222+00:00,75576,34904cc0-20b0-44ef-a748-ca0f5d0a3cdb,,10,FAULT,0x0100,PI_LOST,0,1,1,0,1,0,0.0,0.562,0.0,1.305,0.0,156.6,117.45,0.0,0.0,35.11,-0.15,0.0,0.0,0.0,0.0,0.0,0.0,53.2,0.0,0,0,0,0,0,8.0,0.0,8576.59,0.0,8576.59,0.0,-4.19
2026-06-05T02:04:50.410+00:00,75693,34904cc0-20b0-44ef-a748-ca0f5d0a3cdb,,10,FAULT,0x0100,PI_LOST,0,1,1,0,1,0,0.0,0.513,0.0,1.331,0.0,159.72,119.79,0.0,0.0,37.07,-0.28,0.0,0.0,0.0,0.0,0.0,0.0,53.8,0.0,0,0,0,0,0,8.0,0.0,8590.6,0.0,8590.6,0.0,16.75
2026-06-05T02:04:50.519+00:00,75808,34904cc0-20b0-44ef-a748-ca0f5d0a3cdb,,10,FAULT,0x0100,PI_LOST,0,1,1,0,1,0,0.0,0.61,0.0,1.315,0.0,157.8,118.35,0.0,0.0,37.31,-0.64,0.0,0.0,0.0,0.0,0.0,0.0,53.6,0.0,0,0,0,0,0,8.0,0.0,8604.21,0.0,8604.21,0.0,2.09
2026-06-05T02:04:50.573+00:00,75925,34904cc0-20b0-44ef-a748-ca0f5d0a3cdb,,10,FAULT,0x0100,PI_LOST,0,1,1,0,1,0,0.0,0.562,0.0,1.311,0.0,157.32,117.99,0.0,0.0,35.6,-0.64,0.0,0.0,0.0,0.0,0.0,0.0,53.4,0.0,0,0,0,0,0,8.0,0.0,8618.02,0.0,8618.02,0.0,-14.62
2026-06-05T02:04:50.688+00:00,76042,34904cc0-20b0-44ef-a748-ca0f5d0a3cdb,,10,FAULT,0x0100,PI_LOST,0,1,1,0,1,0,0.0,0.366,0.0,1.321,0.0,158.52,118.89,0.0,0.0,36.58,-0.28,0.0,0.0,0.0,0.0,0.0,0.0,53.2,0.0,0,0,0,0,0,8.0,0.0,8631.93,0.0,8631.93,0.0,8.38
2026-06-05T02:04:50.807+00:00,76158,34904cc0-20b0-44ef-a748-ca0f5d0a3cdb,,10,FAULT,0x0100,PI_LOST,0,1,1,0,1,0,0.0,0.61,0.0,1.326,0.0,159.12,119.34,0.0,0.0,36.82,-0.28,0.0,0.0,0.0,0.0,0.0,0.0,53.4,0.0,0,0,0,0,0,8.0,0.0,8645.77,0.0,8645.77,0.0,2.07
2026-06-05T02:04:50.922+00:00,76274,34904cc0-20b0-44ef-a748-ca0f5d0a3cdb,,10,FAULT,0x0100,PI_LOST,0,1,1,0,1,0,0.0,0.513,0.0,1.328,0.0,159.36,119.52,0.0,0.0,35.36,-0.52,0.0,0.0,0.0,0.0,0.0,0.0,53.6,0.0,0,0,0,0,0,8.0,0.0,8659.64,0.0,8659.64,0.0,-12.59
2026-06-05T02:04:51.050+00:00,76391,34904cc0-20b0-44ef-a748-ca0f5d0a3cdb,,10,FAULT,0x0100,PI_LOST,0,1,1,0,1,0,0.0,0.464,0.0,1.332,0.0,159.84,119.88,0.0,0.0,36.09,-0.52,0.0,0.0,0.0,0.0,0.0,0.0,53.3,0.0,0,0,0,0,0,8.0,0.0,8673.66,0.0,8673.66,0.0,6.24
2026-06-05T02:04:51.221+00:00,76508,34904cc0-20b0-44ef-a748-ca0f5d0a3cdb,,10,FAULT,0x0100,PI_LOST,0,1,1,0,1,0,0.0,0.513,0.0,1.325,0.0,159.0,119.25,0.0,0.0,35.85,-0.52,0.0,0.0,0.0,0.0,0.0,0.0,53.3,0.0,0,0,0,0,0,8.0,0.0,8687.61,0.0,8687.61,0.0,-2.05
2026-06-05T02:04:51.274+00:00,76623,34904cc0-20b0-44ef-a748-ca0f5d0a3cdb,,10,FAULT,0x0100,PI_LOST,0,1,1,0,1,0,0.0,0.757,0.0,1.322,0.0,158.64,118.98,0.0,0.0,35.36,-0.4,0.0,0.0,0.0,0.0,0.0,0.0,53.5,0.0,0,0,0,0,0,8.0,0.0,8701.3,0.0,8701.3,0.0,-4.26
2026-06-05T02:04:51.389+00:00,76740,34904cc0-20b0-44ef-a748-ca0f5d0a3cdb,,10,FAULT,0x0100,PI_LOST,0,1,1,0,1,0,0.0,0.073,0.0,1.32,0.0,158.4,118.8,0.0,0.0,36.33,-0.28,0.0,0.0,0.0,0.0,0.0,0.0,53.4,0.0,0,0,0,0,0,8.0,0.0,8715.2,0.0,8715.2,0.0,8.29
2026-06-05T02:04:51.507+00:00,76857,34904cc0-20b0-44ef-a748-ca0f5d0a3cdb,,10,FAULT,0x0100,PI_LOST,0,1,1,0,1,0,0.0,0.317,0.0,1.313,0.0,157.56,118.17,0.0,0.0,35.6,-0.4,0.0,0.0,0.0,0.0,0.0,0.0,53.6,0.0,0,0,0,0,0,8.0,0.0,8729.02,0.0,8729.02,0.0,-6.24
2026-06-05T02:04:51.622+00:00,76974,34904cc0-20b0-44ef-a748-ca0f5d0a3cdb,,10,FAULT,0x0100,PI_LOST,0,1,1,0,1,0,0.0,0.61,0.0,1.308,0.0,156.96,117.72,0.0,0.0,35.6,-0.4,0.0,0.0,0.0,0.0,0.0,0.0,53.5,0.0,0,0,0,0,0,8.0,0.0,8742.79,0.0,8742.79,0.0,0.0
2026-06-05T02:04:51.767+00:00,77089,34904cc0-20b0-44ef-a748-ca0f5d0a3cdb,,10,FAULT,0x0100,PI_LOST,0,1,1,0,1,0,0.0,0.464,0.0,1.318,0.0,158.16,118.62,0.0,0.0,36.09,-0.52,0.0,0.0,0.0,0.0,0.0,0.0,53.6,0.0,0,0,0,0,0,8.0,0.0,8756.44,0.0,8756.44,0.0,4.26
2026-06-05T02:04:51.863+00:00,77206,34904cc0-20b0-44ef-a748-ca0f5d0a3cdb,,10,FAULT,0x0100,PI_LOST,0,1,1,0,1,0,0.0,0.513,0.0,1.32,0.0,158.4,118.8,0.0,0.0,36.09,-0.28,0.0,0.0,0.0,0.0,0.0,0.0,53.5,0.0,0,0,0,0,0,8.0,0.0,8770.34,0.0,8770.34,0.0,0.0
2026-06-05T02:04:51.971+00:00,77323,34904cc0-20b0-44ef-a748-ca0f5d0a3cdb,,10,FAULT,0x0100,PI_LOST,0,1,1,0,1,0,0.0,0.366,0.0,1.318,0.0,158.16,118.62,0.0,0.0,35.85,0.0,0.0,0.0,0.0,0.0,0.0,0.0,53.6,0.0,0,0,0,0,0,8.0,0.0,8784.21,0.0,8784.21,0.0,-2.05
2026-06-05T02:04:52.089+00:00,77438,34904cc0-20b0-44ef-a748-ca0f5d0a3cdb,,10,FAULT,0x0100,PI_LOST,0,1,1,0,1,0,0.0,0.268,0.0,1.309,0.0,157.08,117.81,0.0,0.0,36.58,-0.64,0.0,0.0,0.0,0.0,0.0,0.0,53.6,0.0,0,0,0,0,0,8.0,0.0,8797.76,0.0,8797.76,0.0,6.35
2026-06-05T02:04:52.204+00:00,77555,34904cc0-20b0-44ef-a748-ca0f5d0a3cdb,,10,FAULT,0x0100,PI_LOST,0,1,1,0,1,0,0.0,0.562,0.0,1.307,0.0,156.84,117.63,0.0,0.0,35.85,-0.4,0.0,0.0,0.0,0.0,0.0,0.0,53.4,0.0,0,0,0,0,0,8.0,0.0,8811.53,0.0,8811.53,0.0,-6.24
2026-06-05T02:04:52.322+00:00,77672,34904cc0-20b0-44ef-a748-ca0f5d0a3cdb,,10,FAULT,0x0100,PI_LOST,0,1,1,0,1,0,0.0,0.366,0.0,1.291,0.0,154.92,116.19,0.0,0.0,36.82,-0.28,0.0,0.0,0.0,0.0,0.0,0.0,53.4,0.0,0,0,0,0,0,8.0,0.0,8825.12,0.0,8825.12,0.0,8.29
2026-06-05T02:04:52.480+00:00,77789,34904cc0-20b0-44ef-a748-ca0f5d0a3cdb,,10,FAULT,0x0100,PI_LOST,0,1,1,0,1,0,0.0,0.659,0.0,1.284,0.0,154.08,115.56,0.0,0.0,35.85,-0.28,0.0,0.0,0.0,0.0,0.0,0.0,53.4,0.0,0,0,0,0,0,8.0,0.0,8838.64,0.0,8838.64,0.0,-8.29
2026-06-05T02:04:52.574+00:00,77904,34904cc0-20b0-44ef-a748-ca0f5d0a3cdb,,10,FAULT,0x0100,PI_LOST,0,1,1,0,1,0,0.0,0.806,0.0,1.306,0.0,156.72,117.54,0.0,0.0,35.36,-0.15,0.0,0.0,0.0,0.0,0.0,0.0,53.2,0.0,0,0,0,0,0,8.0,0.0,8852.16,0.0,8852.16,0.0,-4.26
2026-06-05T02:04:52.671+00:00,78021,34904cc0-20b0-44ef-a748-ca0f5d0a3cdb,,10,FAULT,0x0100,PI_LOST,0,1,1,0,1,0,0.0,0.464,0.0,1.32,0.0,158.4,118.8,0.0,0.0,37.07,-0.28,0.0,0.0,0.0,0.0,0.0,0.0,52.8,0.0,0,0,0,0,0,8.0,0.0,8866.06,0.0,8866.06,0.0,14.62
2026-06-05T02:04:52.789+00:00,78138,34904cc0-20b0-44ef-a748-ca0f5d0a3cdb,,10,FAULT,0x0100,PI_LOST,0,1,1,0,1,0,0.0,0.513,0.0,1.328,0.0,159.36,119.52,0.0,0.0,36.33,-0.28,0.0,0.0,0.0,0.0,0.0,0.0,53.0,0.0,0,0,0,0,0,8.0,0.0,8880.04,0.0,8880.04,0.0,-6.32
2026-06-05T02:04:52.904+00:00,78254,34904cc0-20b0-44ef-a748-ca0f5d0a3cdb,,10,FAULT,0x0100,PI_LOST,0,1,1,0,1,0,0.0,0.366,0.0,1.337,0.0,160.44,120.33,0.0,0.0,37.07,-0.4,0.0,0.0,0.0,0.0,0.0,0.0,53.3,0.0,0,0,0,0,0,8.0,0.0,8894.0,0.0,8894.0,0.0,6.38
2026-06-05T02:04:53.023+00:00,78370,34904cc0-20b0-44ef-a748-ca0f5d0a3cdb,,10,FAULT,0x0100,PI_LOST,0,1,1,0,1,0,0.0,0.219,0.0,1.336,0.0,160.32,120.24,0.0,0.0,35.85,-0.4,0.0,0.0,0.0,0.0,0.0,0.0,53.3,0.0,0,0,0,0,0,8.0,0.0,8907.95,0.0,8907.95,0.0,-10.52
2026-06-05T02:04:53.197+00:00,78487,34904cc0-20b0-44ef-a748-ca0f5d0a3cdb,,10,FAULT,0x0100,PI_LOST,0,1,1,0,1,0,0.0,0.659,0.0,1.331,0.0,159.72,119.79,0.0,0.0,35.6,0.0,0.0,0.0,0.0,0.0,0.0,0.0,53.6,0.0,0,0,0,0,0,8.0,0.0,8921.96,0.0,8921.96,0.0,-2.14
2026-06-05T02:04:53.295+00:00,78603,34904cc0-20b0-44ef-a748-ca0f5d0a3cdb,,10,FAULT,0x0100,PI_LOST,0,1,1,0,1,0,0.0,0.757,0.0,1.326,0.0,159.12,119.34,0.0,0.0,37.31,0.0,0.0,0.0,0.0,0.0,0.0,0.0,53.8,0.0,0,0,0,0,0,8.0,0.0,8935.81,0.0,8935.81,0.0,14.74
2026-06-05T02:04:53.389+00:00,78720,34904cc0-20b0-44ef-a748-ca0f5d0a3cdb,,10,FAULT,0x0100,PI_LOST,0,1,1,0,1,0,0.0,0.562,0.0,1.343,0.0,161.16,120.87,0.0,0.0,36.82,-0.52,0.0,0.0,0.0,0.0,0.0,0.0,53.7,0.0,0,0,0,0,0,8.0,0.0,8949.95,0.0,8949.95,0.0,-4.19
2026-06-05T02:04:53.489+00:00,78836,34904cc0-20b0-44ef-a748-ca0f5d0a3cdb,,10,FAULT,0x0100,PI_LOST,0,1,1,0,1,0,0.0,0.659,0.0,1.35,0.0,162.0,121.5,0.0,0.0,37.07,0.0,0.0,0.0,0.0,0.0,0.0,0.0,53.6,0.0,0,0,0,0,0,8.0,0.0,8964.04,0.0,8964.04,0.0,2.16
2026-06-05T02:04:53.605+00:00,78953,34904cc0-20b0-44ef-a748-ca0f5d0a3cdb,,10,FAULT,0x0100,PI_LOST,0,1,1,0,1,0,0.0,0.171,0.0,1.36,0.0,163.2,122.4,0.0,0.0,36.09,-0.28,0.0,0.0,0.0,0.0,0.0,0.0,53.2,0.0,0,0,0,0,0,8.0,0.0,8978.36,0.0,8978.36,0.0,-8.38
2026-06-05T02:04:53.724+00:00,79069,34904cc0-20b0-44ef-a748-ca0f5d0a3cdb,,10,FAULT,0x0100,PI_LOST,0,1,1,0,1,0,0.0,0.708,0.0,1.353,0.0,162.36,121.77,0.0,0.0,35.36,-0.28,0.0,0.0,0.0,0.0,0.0,0.0,53.8,0.0,0,0,0,0,0,8.0,0.0,8992.49,0.0,8992.49,0.0,-6.29
2026-06-05T02:04:53.924+00:00,79185,34904cc0-20b0-44ef-a748-ca0f5d0a3cdb,,10,FAULT,0x0100,PI_LOST,0,1,1,0,1,0,0.0,0.219,0.0,1.344,0.0,161.28,120.96,0.0,0.0,36.58,-0.52,0.0,0.0,0.0,0.0,0.0,0.0,53.5,0.0,0,0,0,0,0,8.0,0.0,9006.52,0.0,9006.52,0.0,10.52
2026-06-05T02:04:54.049+00:00,79302,34904cc0-20b0-44ef-a748-ca0f5d0a3cdb,,10,FAULT,0x0100,PI_LOST,0,1,1,0,1,0,0.0,0.513,0.0,1.327,0.0,159.24,119.43,0.0,0.0,36.09,-0.15,0.0,0.0,0.0,0.0,0.0,0.0,53.6,0.0,0,0,0,0,0,8.0,0.0,9020.49,0.0,9020.49,0.0,-4.19
2026-06-05T02:04:54.150+00:00,79418,34904cc0-20b0-44ef-a748-ca0f5d0a3cdb,,10,FAULT,0x0100,PI_LOST,0,1,1,0,1,0,0.0,0.562,0.0,1.323,0.0,158.76,119.07,0.0,0.0,36.09,-0.15,0.0,0.0,0.0,0.0,0.0,0.0,53.4,0.0,0,0,0,0,0,8.0,0.0,9034.3,0.0,9034.3,0.0,0.0
2026-06-05T02:04:54.190+00:00,79535,34904cc0-20b0-44ef-a748-ca0f5d0a3cdb,,10,FAULT,0x0100,PI_LOST,0,1,1,0,1,0,0.0,0.366,0.0,1.311,0.0,157.32,117.99,0.0,0.0,35.85,-0.15,0.0,0.0,0.0,0.0,0.0,0.0,53.8,0.0,0,0,0,0,0,8.0,0.0,9048.11,0.0,9048.11,0.0,-2.05
2026-06-05T02:04:54.305+00:00,79651,34904cc0-20b0-44ef-a748-ca0f5d0a3cdb,,10,FAULT,0x0100,PI_LOST,0,1,1,0,1,0,0.0,0.317,0.0,1.306,0.0,156.72,117.54,0.0,0.0,35.36,-0.15,0.0,0.0,0.0,0.0,0.0,0.0,53.4,0.0,0,0,0,0,0,8.0,0.0,9061.74,0.0,9061.74,0.0,-4.22
2026-06-05T02:04:54.423+00:00,79768,34904cc0-20b0-44ef-a748-ca0f5d0a3cdb,,10,FAULT,0x0100,PI_LOST,0,1,1,0,1,0,0.0,0.219,0.0,1.308,0.0,156.96,117.72,0.0,0.0,36.33,-0.28,0.0,0.0,0.0,0.0,0.0,0.0,53.5,0.0,0,0,0,0,0,8.0,0.0,9075.52,0.0,9075.52,0.0,8.29
2026-06-05T02:04:54.538+00:00,79884,34904cc0-20b0-44ef-a748-ca0f5d0a3cdb,,10,FAULT,0x0100,PI_LOST,0,1,1,0,1,0,0.0,0.415,0.0,1.302,0.0,156.24,117.18,0.0,0.0,35.85,0.0,0.0,0.0,0.0,0.0,0.0,0.0,53.7,0.0,0,0,0,0,0,8.0,0.0,9089.11,0.0,9089.11,0.0,-4.14
2026-06-05T02:04:54.688+00:00,80001,34904cc0-20b0-44ef-a748-ca0f5d0a3cdb,,10,FAULT,0x0100,PI_LOST,0,1,1,0,1,0,0.0,0.366,0.0,1.314,0.0,157.68,118.26,0.0,0.0,37.07,-0.28,0.0,0.0,0.0,0.0,0.0,0.0,53.5,0.0,0,0,0,0,0,8.0,0.0,9102.95,0.0,9102.95,0.0,10.43
2026-06-05T02:04:54.778+00:00,80117,34904cc0-20b0-44ef-a748-ca0f5d0a3cdb,,10,FAULT,0x0100,PI_LOST,0,1,1,0,1,0,0.0,0.464,0.0,1.315,0.0,157.8,118.35,0.0,0.0,36.58,-0.15,0.0,0.0,0.0,0.0,0.0,0.0,53.6,0.0,0,0,0,0,0,8.0,0.0,9116.67,0.0,9116.67,0.0,-4.22
2026-06-05T02:04:54.891+00:00,80233,34904cc0-20b0-44ef-a748-ca0f5d0a3cdb,,10,FAULT,0x0100,PI_LOST,0,1,1,0,1,0,0.0,0.219,0.0,1.311,0.0,157.32,117.99,0.0,0.0,35.6,-0.4,0.0,0.0,0.0,0.0,0.0,0.0,53.7,0.0,0,0,0,0,0,8.0,0.0,9130.36,0.0,9130.36,0.0,-8.45
2026-06-05T02:04:55.005+00:00,80350,34904cc0-20b0-44ef-a748-ca0f5d0a3cdb,,10,FAULT,0x0100,PI_LOST,0,1,1,0,1,0,0.0,0.464,0.0,1.307,0.0,156.84,117.63,0.0,0.0,36.58,0.0,0.0,0.0,0.0,0.0,0.0,0.0,53.6,0.0,0,0,0,0,0,8.0,0.0,9144.12,0.0,9144.12,0.0,8.38
2026-06-05T02:04:55.123+00:00,80466,34904cc0-20b0-44ef-a748-ca0f5d0a3cdb,,10,FAULT,0x0100,PI_LOST,0,1,1,0,1,0,0.0,0.464,0.0,1.323,0.0,158.76,119.07,0.0,0.0,35.36,-0.15,0.0,0.0,0.0,0.0,0.0,0.0,53.4,0.0,0,0,0,0,0,8.0,0.0,9157.94,0.0,9157.94,0.0,-10.52
2026-06-05T02:04:55.239+00:00,80582,34904cc0-20b0-44ef-a748-ca0f5d0a3cdb,,10,FAULT,0x0100,PI_LOST,0,1,1,0,1,0,0.0,0.366,0.0,1.308,0.0,156.96,117.72,0.0,0.0,36.33,-0.28,0.0,0.0,0.0,0.0,0.0,0.0,53.7,0.0,0,0,0,0,0,8.0,0.0,9171.59,0.0,9171.59,0.0,8.36
2026-06-05T02:04:55.396+00:00,80699,34904cc0-20b0-44ef-a748-ca0f5d0a3cdb,,10,FAULT,0x0100,PI_LOST,0,1,1,0,1,0,0.0,0.708,0.0,1.29,0.0,154.8,116.1,0.0,0.0,36.09,-0.4,0.0,0.0,0.0,0.0,0.0,0.0,53.7,0.0,0,0,0,0,0,8.0,0.0,9185.18,0.0,9185.18,0.0,-2.05
2026-06-05T02:04:55.492+00:00,80816,34904cc0-20b0-44ef-a748-ca0f5d0a3cdb,,10,FAULT,0x0100,PI_LOST,0,1,1,0,1,0,0.0,0.904,0.0,1.278,0.0,153.36,115.02,0.0,0.0,35.6,-0.28,0.0,0.0,0.0,0.0,0.0,0.0,53.7,0.0,0,0,0,0,0,8.0,0.0,9198.63,0.0,9198.63,0.0,-4.19
2026-06-05T02:04:55.588+00:00,80932,34904cc0-20b0-44ef-a748-ca0f5d0a3cdb,,10,FAULT,0x0100,PI_LOST,0,1,1,0,1,0,0.0,0.317,0.0,1.283,0.0,153.96,115.47,0.0,0.0,36.82,0.0,0.0,0.0,0.0,0.0,0.0,0.0,53.6,0.0,0,0,0,0,0,8.0,0.0,9212.03,0.0,9212.03,0.0,10.52
2026-06-05T02:04:55.706+00:00,81048,34904cc0-20b0-44ef-a748-ca0f5d0a3cdb,,10,FAULT,0x0100,PI_LOST,0,1,1,0,1,0,0.0,0.61,0.0,1.29,0.0,154.8,116.1,0.0,0.0,36.09,-0.15,0.0,0.0,0.0,0.0,0.0,0.0,53.9,0.0,0,0,0,0,0,8.0,0.0,9225.49,0.0,9225.49,0.0,-6.29
2026-06-05T02:04:55.821+00:00,81165,34904cc0-20b0-44ef-a748-ca0f5d0a3cdb,,10,FAULT,0x0100,PI_LOST,0,1,1,0,1,0,0.0,0.366,0.0,1.292,0.0,155.04,116.28,0.0,0.0,36.58,-0.28,0.0,0.0,0.0,0.0,0.0,0.0,53.7,0.0,0,0,0,0,0,8.0,0.0,9239.1,0.0,9239.1,0.0,4.19
2026-06-05T02:04:55.939+00:00,81282,34904cc0-20b0-44ef-a748-ca0f5d0a3cdb,,10,FAULT,0x0100,PI_LOST,0,1,1,0,1,0,0.0,0.268,0.0,1.292,0.0,155.04,116.28,0.0,0.0,35.6,-0.15,0.0,0.0,0.0,0.0,0.0,0.0,53.8,0.0,0,0,0,0,0,8.0,0.0,9252.7,0.0,9252.7,0.0,-8.38
2026-06-05T02:04:56.114+00:00,81397,34904cc0-20b0-44ef-a748-ca0f5d0a3cdb,,10,FAULT,0x0100,PI_LOST,0,1,1,0,1,0,0.0,0.317,0.0,1.276,0.0,153.12,114.84,0.0,0.0,35.6,-0.28,0.0,0.0,0.0,0.0,0.0,0.0,53.9,0.0,0,0,0,0,0,8.0,0.0,9265.91,0.0,9265.91,0.0,0.0
2026-06-05T02:04:56.211+00:00,81514,34904cc0-20b0-44ef-a748-ca0f5d0a3cdb,,10,FAULT,0x0100,PI_LOST,0,1,1,0,1,0,0.0,0.562,0.0,1.273,0.0,152.76,114.57,0.0,0.0,37.07,-0.28,0.0,0.0,0.0,0.0,0.0,0.0,53.9,0.0,0,0,0,0,0,8.0,0.0,9279.32,0.0,9279.32,0.0,12.56
2026-06-05T02:04:56.304+00:00,81631,34904cc0-20b0-44ef-a748-ca0f5d0a3cdb,,10,FAULT,0x0100,PI_LOST,0,1,1,0,1,0,0.0,0.61,0.0,1.28,0.0,153.6,115.2,0.0,0.0,36.09,0.0,0.0,0.0,0.0,0.0,0.0,0.0,53.8,0.0,0,0,0,0,0,8.0,0.0,9292.79,0.0,9292.79,0.0,-8.38
2026-06-05T02:04:56.406+00:00,81747,34904cc0-20b0-44ef-a748-ca0f5d0a3cdb,,10,FAULT,0x0100,PI_LOST,0,1,1,0,1,0,0.0,0.659,0.0,1.281,0.0,153.72,115.29,0.0,0.0,36.58,0.0,0.0,0.0,0.0,0.0,0.0,0.0,53.6,0.0,0,0,0,0,0,8.0,0.0,9306.17,0.0,9306.17,0.0,4.22
2026-06-05T02:04:56.523+00:00,81863,34904cc0-20b0-44ef-a748-ca0f5d0a3cdb,,10,FAULT,0x0100,PI_LOST,0,1,1,0,1,0,0.0,0.415,0.0,1.277,0.0,153.24,114.93,0.0,0.0,36.33,-0.28,0.0,0.0,0.0,0.0,0.0,0.0,53.7,0.0,0,0,0,0,0,8.0,0.0,9319.5,0.0,9319.5,0.0,-2.16
2026-06-05T02:04:56.640+00:00,81980,34904cc0-20b0-44ef-a748-ca0f5d0a3cdb,,10,FAULT,0x0100,PI_LOST,0,1,1,0,1,0,0.0,0.366,0.0,1.285,0.0,154.2,115.65,0.0,0.0,35.36,-0.4,0.0,0.0,0.0,0.0,0.0,0.0,53.8,0.0,0,0,0,0,0,8.0,0.0,9333.03,0.0,9333.03,0.0,-8.29
2026-06-05T02:04:56.839+00:00,82097,34904cc0-20b0-44ef-a748-ca0f5d0a3cdb,,10,FAULT,0x0100,PI_LOST,0,1,1,0,1,0,0.0,0.268,0.0,1.291,0.0,154.92,116.19,0.0,0.0,35.6,0.0,0.0,0.0,0.0,0.0,0.0,0.0,53.5,0.0,0,0,0,0,0,8.0,0.0,9346.63,0.0,9346.63,0.0,2.05
2026-06-05T02:04:56.939+00:00,82212,34904cc0-20b0-44ef-a748-ca0f5d0a3cdb,,10,FAULT,0x0100,PI_LOST,0,1,1,0,1,0,0.0,0.708,0.0,1.304,0.0,156.48,117.36,0.0,0.0,35.85,-0.52,0.0,0.0,0.0,0.0,0.0,0.0,53.4,0.0,0,0,0,0,0,8.0,0.0,9360.12,0.0,9360.12,0.0,2.17
2026-06-05T02:04:57.032+00:00,82329,34904cc0-20b0-44ef-a748-ca0f5d0a3cdb,,10,FAULT,0x0100,PI_LOST,0,1,1,0,1,0,0.0,0.562,0.0,1.313,0.0,157.56,118.17,0.0,0.0,35.6,-0.52,0.0,0.0,0.0,0.0,0.0,0.0,53.3,0.0,0,0,0,0,0,8.0,0.0,9373.95,0.0,9373.95,0.0,-2.14
2026-06-05T02:04:57.106+00:00,82446,34904cc0-20b0-44ef-a748-ca0f5d0a3cdb,,10,FAULT,0x0100,PI_LOST,0,1,1,0,1,0,0.0,0.855,0.0,1.31,0.0,157.2,117.9,0.0,0.0,36.33,-0.4,0.0,0.0,0.0,0.0,0.0,0.0,53.6,0.0,0,0,0,0,0,8.0,0.0,9387.74,0.0,9387.74,0.0,6.24
2026-06-05T02:04:57.221+00:00,82562,34904cc0-20b0-44ef-a748-ca0f5d0a3cdb,,10,FAULT,0x0100,PI_LOST,0,1,1,0,1,0,0.0,0.757,0.0,1.305,0.0,156.6,117.45,0.0,0.0,36.58,-0.4,0.0,0.0,0.0,0.0,0.0,0.0,53.5,0.0,0,0,0,0,0,8.0,0.0,9401.37,0.0,9401.37,0.0,2.16
2026-06-05T02:04:57.339+00:00,82678,34904cc0-20b0-44ef-a748-ca0f5d0a3cdb,,10,FAULT,0x0100,PI_LOST,0,1,1,0,1,0,0.0,0.464,0.0,1.297,0.0,155.64,116.73,0.0,0.0,35.6,-0.52,0.0,0.0,0.0,0.0,0.0,0.0,53.3,0.0,0,0,0,0,0,8.0,0.0,9414.91,0.0,9414.91,0.0,-8.45
2026-06-05T02:04:57.457+00:00,82795,34904cc0-20b0-44ef-a748-ca0f5d0a3cdb,,10,FAULT,0x0100,PI_LOST,0,1,1,0,1,0,0.0,0.171,0.0,1.282,0.0,153.84,115.38,0.0,0.0,35.11,-0.4,0.0,0.0,0.0,0.0,0.0,0.0,53.4,0.0,0,0,0,0,0,8.0,0.0,9428.41,0.0,9428.41,0.0,-4.19
2026-06-05T02:04:57.611+00:00,82912,34904cc0-20b0-44ef-a748-ca0f5d0a3cdb,,10,FAULT,0x0100,PI_LOST,0,1,1,0,1,0,0.0,0.659,0.0,1.269,0.0,152.28,114.21,0.0,0.0,36.58,-0.15,0.0,0.0,0.0,0.0,0.0,0.0,54.7,0.0,0,0,0,0,0,8.0,0.0,9441.77,0.0,9441.77,0.0,12.56
2026-06-05T02:04:57.748+00:00,83027,34904cc0-20b0-44ef-a748-ca0f5d0a3cdb,,10,FAULT,0x0100,PI_LOST,0,1,1,0,1,0,0.0,0.513,0.0,1.255,0.0,150.6,112.95,0.0,0.0,36.09,-0.52,0.0,0.0,0.0,0.0,0.0,0.0,54.6,0.0,0,0,0,0,0,8.0,0.0,9454.76,0.0,9454.76,0.0,-4.26
2026-06-05T02:04:57.806+00:00,83144,34904cc0-20b0-44ef-a748-ca0f5d0a3cdb,,10,FAULT,0x0100,PI_LOST,0,1,1,0,1,0,0.0,0.317,0.0,1.266,0.0,151.92,113.94,0.0,0.0,35.85,-0.28,0.0,0.0,0.0,0.0,0.0,0.0,54.4,0.0,0,0,0,0,0,8.0,0.0,9468.09,0.0,9468.09,0.0,-2.05
2026-06-05T02:04:57.921+00:00,83261,34904cc0-20b0-44ef-a748-ca0f5d0a3cdb,,10,FAULT,0x0100,PI_LOST,0,1,1,0,1,0,0.0,0.562,0.0,1.268,0.0,152.16,114.12,0.0,0.0,36.58,0.0,0.0,0.0,0.0,0.0,0.0,0.0,54.0,0.0,0,0,0,0,0,8.0,0.0,9481.44,0.0,9481.44,0.0,6.24
2026-06-05T02:04:58.040+00:00,83377,34904cc0-20b0-44ef-a748-ca0f5d0a3cdb,,10,FAULT,0x0100,PI_LOST,0,1,1,0,1,0,0.0,0.806,0.0,1.261,0.0,151.32,113.49,0.0,0.0,36.33,-0.28,0.0,0.0,0.0,0.0,0.0,0.0,54.3,0.0,0,0,0,0,0,8.0,0.0,9494.61,0.0,9494.61,0.0,-2.16
2026-06-05T02:04:58.155+00:00,83493,34904cc0-20b0-44ef-a748-ca0f5d0a3cdb,,10,FAULT,0x0100,PI_LOST,0,1,1,0,1,0,0.0,0.513,0.0,1.26,0.0,151.2,113.4,0.0,0.0,37.07,-0.28,0.0,0.0,0.0,0.0,0.0,0.0,53.9,0.0,0,0,0,0,0,8.0,0.0,9507.76,0.0,9507.76,0.0,6.38
2026-06-05T02:04:58.279+00:00,83610,34904cc0-20b0-44ef-a748-ca0f5d0a3cdb,,10,FAULT,0x0100,PI_LOST,0,1,1,0,1,0,0.0,0.464,0.0,1.266,0.0,151.92,113.94,0.0,0.0,36.82,0.0,0.0,0.0,0.0,0.0,0.0,0.0,54.6,0.0,0,0,0,0,0,8.0,0.0,9521.09,0.0,9521.09,0.0,-2.14
2026-06-05T02:04:58.464+00:00,83726,34904cc0-20b0-44ef-a748-ca0f5d0a3cdb,,10,FAULT,0x0100,PI_LOST,0,1,1,0,1,0,0.0,0.513,0.0,1.245,0.0,149.4,112.05,0.0,0.0,36.09,-0.52,0.0,0.0,0.0,0.0,0.0,0.0,54.7,0.0,0,0,0,0,0,8.0,0.0,9534.09,0.0,9534.09,0.0,-6.29
2026-06-05T02:04:58.507+00:00,83843,34904cc0-20b0-44ef-a748-ca0f5d0a3cdb,,10,FAULT,0x0100,PI_LOST,0,1,1,0,1,0,0.0,0.806,0.0,1.248,0.0,149.76,112.32,0.0,0.0,35.85,-0.4,0.0,0.0,0.0,0.0,0.0,0.0,54.9,0.0,0,0,0,0,0,8.0,0.0,9547.23,0.0,9547.23,0.0,-2.05
2026-06-05T02:04:58.622+00:00,83959,34904cc0-20b0-44ef-a748-ca0f5d0a3cdb,,10,FAULT,0x0100,PI_LOST,0,1,1,0,1,0,0.0,0.415,0.0,1.237,0.0,148.44,111.33,0.0,0.0,36.33,0.0,0.0,0.0,0.0,0.0,0.0,0.0,54.2,0.0,0,0,0,0,0,8.0,0.0,9560.14,0.0,9560.14,0.0,4.14
2026-06-05T02:04:58.737+00:00,84076,34904cc0-20b0-44ef-a748-ca0f5d0a3cdb,,10,FAULT,0x0100,PI_LOST,0,1,1,0,1,0,0.0,0.317,0.0,1.227,0.0,147.24,110.43,0.0,0.0,35.11,-0.64,0.0,0.0,0.0,0.0,0.0,0.0,54.4,0.0,0,0,0,0,0,8.0,0.0,9573.06,0.0,9573.06,0.0,-10.43
2026-06-05T02:04:58.855+00:00,84192,34904cc0-20b0-44ef-a748-ca0f5d0a3cdb,,10,FAULT,0x0100,PI_LOST,0,1,1,0,1,0,0.0,0.415,0.0,1.242,0.0,149.04,111.78,0.0,0.0,36.09,-0.4,0.0,0.0,0.0,0.0,0.0,0.0,54.3,0.0,0,0,0,0,0,8.0,0.0,9586.03,0.0,9586.03,0.0,8.45
2026-06-05T02:04:58.999+00:00,84308,34904cc0-20b0-44ef-a748-ca0f5d0a3cdb,,10,FAULT,0x0100,PI_LOST,0,1,1,0,1,0,0.0,0.366,0.0,1.265,0.0,151.8,113.85,0.0,0.0,36.58,-0.4,0.0,0.0,0.0,0.0,0.0,0.0,54.1,0.0,0,0,0,0,0,8.0,0.0,9599.24,0.0,9599.24,0.0,4.22
2026-06-05T02:04:59.101+00:00,84425,34904cc0-20b0-44ef-a748-ca0f5d0a3cdb,,10,FAULT,0x0100,PI_LOST,0,1,1,0,1,0,0.0,0.659,0.0,1.266,0.0,151.92,113.94,0.0,0.0,35.85,-0.52,0.0,0.0,0.0,0.0,0.0,0.0,54.2,0.0,0,0,0,0,0,8.0,0.0,9612.57,0.0,9612.57,0.0,-6.24
2026-06-05T02:04:59.213+00:00,84541,34904cc0-20b0-44ef-a748-ca0f5d0a3cdb,,10,FAULT,0x0100,PI_LOST,0,1,1,0,1,0,0.0,0.708,0.0,1.268,0.0,152.16,114.12,0.0,0.0,35.85,-0.4,0.0,0.0,0.0,0.0,0.0,0.0,54.0,0.0,0,0,0,0,0,8.0,0.0,9625.81,0.0,9625.81,0.0,0.0
2026-06-05T02:04:59.322+00:00,84658,34904cc0-20b0-44ef-a748-ca0f5d0a3cdb,,10,FAULT,0x0100,PI_LOST,0,1,1,0,1,0,0.0,0.366,0.0,1.258,0.0,150.96,113.22,0.0,0.0,36.58,-0.4,0.0,0.0,0.0,0.0,0.0,0.0,53.9,0.0,0,0,0,0,0,8.0,0.0,9639.05,0.0,9639.05,0.0,6.24
2026-06-05T02:04:59.437+00:00,84774,34904cc0-20b0-44ef-a748-ca0f5d0a3cdb,,10,FAULT,0x0100,PI_LOST,0,1,1,0,1,0,0.0,0.464,0.0,1.251,0.0,150.12,112.59,0.0,0.0,35.6,-0.15,0.0,0.0,0.0,0.0,0.0,0.0,53.6,0.0,0,0,0,0,0,8.0,0.0,9652.11,0.0,9652.11,0.0,-8.45
2026-06-05T02:04:59.556+00:00,84890,34904cc0-20b0-44ef-a748-ca0f5d0a3cdb,,10,FAULT,0x0100,PI_LOST,0,1,1,0,1,0,0.0,0.659,0.0,1.252,0.0,150.24,112.68,0.0,0.0,35.85,-0.52,0.0,0.0,0.0,0.0,0.0,0.0,53.9,0.0,0,0,0,0,0,8.0,0.0,9665.18,0.0,9665.18,0.0,2.16
2026-06-05T02:04:59.672+00:00,85007,34904cc0-20b0-44ef-a748-ca0f5d0a3cdb,,10,FAULT,0x0100,PI_LOST,0,1,1,0,1,0,0.0,0.268,0.0,1.247,0.0,149.64,112.23,0.0,0.0,36.33,-0.52,0.0,0.0,0.0,0.0,0.0,0.0,54.2,0.0,0,0,0,0,0,8.0,0.0,9678.32,0.0,9678.32,0.0,4.1
2026-06-05T02:04:59.843+00:00,85124,34904cc0-20b0-44ef-a748-ca0f5d0a3cdb,,10,FAULT,0x0100,PI_LOST,0,1,1,0,1,0,0.0,0.122,0.0,1.252,0.0,150.24,112.68,0.0,0.0,35.6,-0.15,0.0,0.0,0.0,0.0,0.0,0.0,54.1,0.0,0,0,0,0,0,8.0,0.0,9691.5,0.0,9691.5,0.0,-6.24
2026-06-05T02:04:59.938+00:00,85240,34904cc0-20b0-44ef-a748-ca0f5d0a3cdb,,10,FAULT,0x0100,PI_LOST,0,1,1,0,1,0,0.0,0.708,0.0,1.261,0.0,151.32,113.49,0.0,0.0,35.85,-0.15,0.0,0.0,0.0,0.0,0.0,0.0,54.3,0.0,0,0,0,0,0,8.0,0.0,9704.66,0.0,9704.66,0.0,2.16
2026-06-05T02:05:00.022+00:00,85356,34904cc0-20b0-44ef-a748-ca0f5d0a3cdb,,10,FAULT,0x0100,PI_LOST,0,1,1,0,1,0,0.0,0.61,0.0,1.252,0.0,150.24,112.68,0.0,0.0,37.31,-0.52,0.0,0.0,0.0,0.0,0.0,0.0,54.3,0.0,0,0,0,0,0,8.0,0.0,9717.74,0.0,9717.74,0.0,12.59
2026-06-05T02:05:00.137+00:00,85473,34904cc0-20b0-44ef-a748-ca0f5d0a3cdb,,10,FAULT,0x0100,PI_LOST,0,1,1,0,1,0,0.0,0.317,0.0,1.249,0.0,149.88,112.41,0.0,0.0,36.33,-0.28,0.0,0.0,0.0,0.0,0.0,0.0,53.8,0.0,0,0,0,0,0,8.0,0.0,9730.89,0.0,9730.89,0.0,-8.38
2026-06-05T02:05:00.256+00:00,85590,34904cc0-20b0-44ef-a748-ca0f5d0a3cdb,,10,FAULT,0x0100,PI_LOST,0,1,1,0,1,0,0.0,0.219,0.0,1.265,0.0,151.8,113.85,0.0,0.0,35.11,-0.28,0.0,0.0,0.0,0.0,0.0,0.0,54.1,0.0,0,0,0,0,0,8.0,0.0,9744.21,0.0,9744.21,0.0,-10.43
2026-06-05T02:05:00.371+00:00,85705,34904cc0-20b0-44ef-a748-ca0f5d0a3cdb,,10,FAULT,0x0100,PI_LOST,0,1,1,0,1,0,0.0,0.513,0.0,1.262,0.0,151.44,113.58,0.0,0.0,35.6,-0.28,0.0,0.0,0.0,0.0,0.0,0.0,54.0,0.0,0,0,0,0,0,8.0,0.0,9757.27,0.0,9757.27,0.0,4.26
2026-06-05T02:05:00.563+00:00,85822,34904cc0-20b0-44ef-a748-ca0f5d0a3cdb,,10,FAULT,0x0100,PI_LOST,0,1,1,0,1,0,0.0,0.708,0.0,1.246,0.0,149.52,112.14,0.0,0.0,35.85,-0.15,0.0,0.0,0.0,0.0,0.0,0.0,53.8,0.0,0,0,0,0,0,8.0,0.0,9770.39,0.0,9770.39,0.0,2.14
2026-06-05T02:05:00.658+00:00,85939,34904cc0-20b0-44ef-a748-ca0f5d0a3cdb,,10,FAULT,0x0100,PI_LOST,0,1,1,0,1,0,0.0,0.708,0.0,1.246,0.0,149.52,112.14,0.0,0.0,35.6,0.0,0.0,0.0,0.0,0.0,0.0,0.0,53.8,0.0,0,0,0,0,0,8.0,0.0,9783.51,0.0,9783.51,0.0,-2.14
2026-06-05T02:05:00.723+00:00,86054,34904cc0-20b0-44ef-a748-ca0f5d0a3cdb,,10,FAULT,0x0100,PI_LOST,0,1,1,0,1,0,0.0,0.61,0.0,1.254,0.0,150.48,112.86,0.0,0.0,36.82,-0.28,0.0,0.0,0.0,0.0,0.0,0.0,53.9,0.0,0,0,0,0,0,8.0,0.0,9796.49,0.0,9796.49,0.0,10.61
2026-06-05T02:05:00.838+00:00,86171,34904cc0-20b0-44ef-a748-ca0f5d0a3cdb,,10,FAULT,0x0100,PI_LOST,0,1,1,0,1,0,0.0,0.61,0.0,1.263,0.0,151.56,113.67,0.0,0.0,36.33,-0.52,0.0,0.0,0.0,0.0,0.0,0.0,53.7,0.0,0,0,0,0,0,8.0,0.0,9809.79,0.0,9809.79,0.0,-4.19
2026-06-05T02:05:00.956+00:00,86288,34904cc0-20b0-44ef-a748-ca0f5d0a3cdb,,10,FAULT,0x0100,PI_LOST,0,1,1,0,1,0,0.0,0.513,0.0,1.259,0.0,151.08,113.31,0.0,0.0,36.82,-0.4,0.0,0.0,0.0,0.0,0.0,0.0,53.9,0.0,0,0,0,0,0,8.0,0.0,9823.05,0.0,9823.05,0.0,4.19
2026-06-05T02:05:01.071+00:00,86405,34904cc0-20b0-44ef-a748-ca0f5d0a3cdb,,10,FAULT,0x0100,PI_LOST,0,1,1,0,1,0,0.0,0.659,0.0,1.263,0.0,151.56,113.67,0.0,0.0,36.58,0.0,0.0,0.0,0.0,0.0,0.0,0.0,53.8,0.0,0,0,0,0,0,8.0,0.0,9836.34,0.0,9836.34,0.0,-2.05
2026-06-05T02:05:01.196+00:00,86520,34904cc0-20b0-44ef-a748-ca0f5d0a3cdb,,10,FAULT,0x0100,PI_LOST,0,1,1,0,1,0,0.0,0.317,0.0,1.279,0.0,153.48,115.11,0.0,0.0,35.6,-0.4,0.0,0.0,0.0,0.0,0.0,0.0,53.9,0.0,0,0,0,0,0,8.0,0.0,9849.58,0.0,9849.58,0.0,-8.52
2026-06-05T02:05:01.378+00:00,86637,34904cc0-20b0-44ef-a748-ca0f5d0a3cdb,,10,FAULT,0x0100,PI_LOST,0,1,1,0,1,0,0.0,0.415,0.0,1.294,0.0,155.28,116.46,0.0,0.0,35.85,-0.52,0.0,0.0,0.0,0.0,0.0,0.0,54.2,0.0,0,0,0,0,0,8.0,0.0,9863.21,0.0,9863.21,0.0,2.14
2026-06-05T02:05:01.423+00:00,86754,34904cc0-20b0-44ef-a748-ca0f5d0a3cdb,,10,FAULT,0x0100,PI_LOST,0,1,1,0,1,0,0.0,0.219,0.0,1.276,0.0,153.12,114.84,0.0,0.0,37.07,-0.4,0.0,0.0,0.0,0.0,0.0,0.0,53.8,0.0,0,0,0,0,0,8.0,0.0,9876.64,0.0,9876.64,0.0,10.43
2026-06-05T02:05:01.538+00:00,86870,34904cc0-20b0-44ef-a748-ca0f5d0a3cdb,,10,FAULT,0x0100,PI_LOST,0,1,1,0,1,0,0.0,0.366,0.0,1.289,0.0,154.68,116.01,0.0,0.0,36.09,-0.4,0.0,0.0,0.0,0.0,0.0,0.0,53.9,0.0,0,0,0,0,0,8.0,0.0,9890.1,0.0,9890.1,0.0,-8.45
2026-06-05T02:05:01.656+00:00,86986,34904cc0-20b0-44ef-a748-ca0f5d0a3cdb,,10,FAULT,0x0100,PI_LOST,0,1,1,0,1,0,0.0,0.0,0.0,1.28,0.0,153.6,115.2,0.0,0.0,35.6,-0.4,0.0,0.0,0.0,0.0,0.0,0.0,53.9,0.0,0,0,0,0,0,8.0,0.0,9903.46,0.0,9903.46,0.0,-4.22
2026-06-05T02:05:01.771+00:00,87103,34904cc0-20b0-44ef-a748-ca0f5d0a3cdb,,10,FAULT,0x0100,PI_LOST,0,1,1,0,1,0,0.0,0.317,0.0,1.288,0.0,154.56,115.92,0.0,0.0,35.36,-0.15,0.0,0.0,0.0,0.0,0.0,0.0,53.9,0.0,0,0,0,0,0,8.0,0.0,9917.03,0.0,9917.03,0.0,-2.05
2026-06-05T02:05:01.918+00:00,87220,34904cc0-20b0-44ef-a748-ca0f5d0a3cdb,,10,FAULT,0x0100,PI_LOST,0,1,1,0,1,0,0.0,0.659,0.0,1.292,0.0,155.04,116.28,0.0,0.0,36.09,-0.4,0.0,0.0,0.0,0.0,0.0,0.0,53.9,0.0,0,0,0,0,0,8.0,0.0,9930.63,0.0,9930.63,0.0,6.24
2026-06-05T02:05:02.008+00:00,87335,34904cc0-20b0-44ef-a748-ca0f5d0a3cdb,,10,FAULT,0x0100,PI_LOST,0,1,1,0,1,0,0.0,0.268,0.0,1.277,0.0,153.24,114.93,0.0,0.0,37.07,-0.15,0.0,0.0,0.0,0.0,0.0,0.0,53.8,0.0,0,0,0,0,0,8.0,0.0,9943.85,0.0,9943.85,0.0,8.52
2026-06-05T02:05:02.120+00:00,87452,34904cc0-20b0-44ef-a748-ca0f5d0a3cdb,,10,FAULT,0x0100,PI_LOST,0,1,1,0,1,0,0.0,0.513,0.0,1.278,0.0,153.36,115.02,0.0,0.0,37.07,-0.28,0.0,0.0,0.0,0.0,0.0,0.0,53.9,0.0,0,0,0,0,0,8.0,0.0,9957.31,0.0,9957.31,0.0,0.0
2026-06-05T02:05:02.238+00:00,87569,34904cc0-20b0-44ef-a748-ca0f5d0a3cdb,,10,FAULT,0x0100,PI_LOST,0,1,1,0,1,0,0.0,0.073,0.0,1.277,0.0,153.24,114.93,0.0,0.0,36.09,-0.4,0.0,0.0,0.0,0.0,0.0,0.0,54.1,0.0,0,0,0,0,0,8.0,0.0,9970.75,0.0,9970.75,0.0,-8.38
2026-06-05T02:05:02.354+00:00,87685,34904cc0-20b0-44ef-a748-ca0f5d0a3cdb,,10,FAULT,0x0100,PI_LOST,0,1,1,0,1,0,0.0,0.757,0.0,1.283,0.0,153.96,115.47,0.0,0.0,36.82,-0.28,0.0,0.0,0.0,0.0,0.0,0.0,53.9,0.0,0,0,0,0,0,8.0,0.0,9984.15,0.0,9984.15,0.0,6.29
2026-06-05T02:05:02.472+00:00,87801,34904cc0-20b0-44ef-a748-ca0f5d0a3cdb,,10,FAULT,0x0100,PI_LOST,0,1,1,0,1,0,0.0,0.708,0.0,1.292,0.0,155.04,116.28,0.0,0.0,35.85,-0.28,0.0,0.0,0.0,0.0,0.0,0.0,54.2,0.0,0,0,0,0,0,8.0,0.0,9997.64,0.0,9997.64,0.0,-8.36
2026-06-05T02:05:02.628+00:00,87918,34904cc0-20b0-44ef-a748-ca0f5d0a3cdb,,10,FAULT,0x0100,PI_LOST,0,1,1,0,1,0,0.0,0.464,0.0,1.32,0.0,158.4,118.8,0.0,0.0,35.85,-0.4,0.0,0.0,0.0,0.0,0.0,0.0,53.8,0.0,0,0,0,0,0,8.0,0.0,10011.54,0.0,10011.54,0.0,0.0
2026-06-05T02:05:02.722+00:00,88035,34904cc0-20b0-44ef-a748-ca0f5d0a3cdb,,10,FAULT,0x0100,PI_LOST,0,1,1,0,1,0,0.0,0.61,0.0,1.313,0.0,157.56,118.17,0.0,0.0,36.82,-0.4,0.0,0.0,0.0,0.0,0.0,0.0,53.8,0.0,0,0,0,0,0,8.0,0.0,10025.36,0.0,10025.36,0.0,8.29
2026-06-05T02:05:02.820+00:00,88151,34904cc0-20b0-44ef-a748-ca0f5d0a3cdb,,10,FAULT,0x0100,PI_LOST,0,1,1,0,1,0,0.0,0.61,0.0,1.317,0.0,158.04,118.53,0.0,0.0,36.09,-0.52,0.0,0.0,0.0,0.0,0.0,0.0,54.0,0.0,0,0,0,0,0,8.0,0.0,10039.11,0.0,10039.11,0.0,-6.29
2026-06-05T02:05:02.939+00:00,88267,34904cc0-20b0-44ef-a748-ca0f5d0a3cdb,,10,FAULT,0x0100,PI_LOST,0,1,1,0,1,0,0.0,0.61,0.0,1.328,0.0,159.36,119.52,0.0,0.0,35.6,-0.64,0.0,0.0,0.0,0.0,0.0,0.0,53.6,0.0,0,0,0,0,0,8.0,0.0,10052.98,0.0,10052.98,0.0,-4.22
2026-06-05T02:05:03.054+00:00,88384,34904cc0-20b0-44ef-a748-ca0f5d0a3cdb,,10,FAULT,0x0100,PI_LOST,0,1,1,0,1,0,0.0,0.61,0.0,1.335,0.0,160.2,120.15,0.0,0.0,35.85,-0.4,0.0,0.0,0.0,0.0,0.0,0.0,54.1,0.0,0,0,0,0,0,8.0,0.0,10067.03,0.0,10067.03,0.0,2.14
2026-06-05T02:05:03.172+00:00,88500,34904cc0-20b0-44ef-a748-ca0f5d0a3cdb,,10,FAULT,0x0100,PI_LOST,0,1,1,0,1,0,0.0,0.415,0.0,1.339,0.0,160.68,120.51,0.0,0.0,36.82,-0.15,0.0,0.0,0.0,0.0,0.0,0.0,54.4,0.0,0,0,0,0,0,8.0,0.0,10081.01,0.0,10081.01,0.0,8.36
2026-06-05T02:05:03.351+00:00,88616,34904cc0-20b0-44ef-a748-ca0f5d0a3cdb,,10,FAULT,0x0100,PI_LOST,0,1,1,0,1,0,0.0,0.659,0.0,1.345,0.0,161.4,121.05,0.0,0.0,36.33,-0.28,0.0,0.0,0.0,0.0,0.0,0.0,53.9,0.0,0,0,0,0,0,8.0,0.0,10095.05,0.0,10095.05,0.0,-4.22
2026-06-05T02:05:03.445+00:00,88733,34904cc0-20b0-44ef-a748-ca0f5d0a3cdb,,10,FAULT,0x0100,PI_LOST,0,1,1,0,1,0,0.0,0.562,0.0,1.364,0.0,163.68,122.76,0.0,0.0,36.09,-0.15,0.0,0.0,0.0,0.0,0.0,0.0,53.7,0.0,0,0,0,0,0,8.0,0.0,10109.42,0.0,10109.42,0.0,-2.05
2026-06-05T02:05:03.537+00:00,88850,34904cc0-20b0-44ef-a748-ca0f5d0a3cdb,,10,FAULT,0x0100,PI_LOST,0,1,1,0,1,0,0.0,0.513,0.0,1.377,0.0,165.24,123.93,0.0,0.0,37.07,-0.28,0.0,0.0,0.0,0.0,0.0,0.0,53.9,0.0,0,0,0,0,0,8.0,0.0,10123.92,0.0,10123.92,0.0,8.38
2026-06-05T02:05:03.639+00:00,88966,34904cc0-20b0-44ef-a748-ca0f5d0a3cdb,,10,FAULT,0x0100,PI_LOST,0,1,1,0,1,0,0.0,0.464,0.0,1.354,0.0,162.48,121.86,0.0,0.0,37.31,-0.4,0.0,0.0,0.0,0.0,0.0,0.0,53.4,0.0,0,0,0,0,0,8.0,0.0,10138.05,0.0,10138.05,0.0,2.07
2026-06-05T02:05:03.754+00:00,89082,34904cc0-20b0-44ef-a748-ca0f5d0a3cdb,,10,FAULT,0x0100,PI_LOST,0,1,1,0,1,0,0.0,0.366,0.0,1.355,0.0,162.6,121.95,0.0,0.0,35.11,-0.15,0.0,0.0,0.0,0.0,0.0,0.0,53.3,0.0,0,0,0,0,0,8.0,0.0,10152.2,0.0,10152.2,0.0,-18.97
2026-06-05T02:05:03.872+00:00,89199,34904cc0-20b0-44ef-a748-ca0f5d0a3cdb,,10,FAULT,0x0100,PI_LOST,0,1,1,0,1,0,0.0,0.464,0.0,1.361,0.0,163.32,122.49,0.0,0.0,35.36,0.0,0.0,0.0,0.0,0.0,0.0,0.0,53.6,0.0,0,0,0,0,0,8.0,0.0,10166.53,0.0,10166.53,0.0,2.14
2026-06-05T02:05:04.074+00:00,89315,34904cc0-20b0-44ef-a748-ca0f5d0a3cdb,,10,FAULT,0x0100,PI_LOST,0,1,1,0,1,0,0.0,0.562,0.0,1.369,0.0,164.28,123.21,0.0,0.0,35.11,-0.52,0.0,0.0,0.0,0.0,0.0,0.0,53.7,0.0,0,0,0,0,0,8.0,0.0,10180.82,0.0,10180.82,0.0,-2.16
2026-06-05T02:05:04.175+00:00,89432,34904cc0-20b0-44ef-a748-ca0f5d0a3cdb,,10,FAULT,0x0100,PI_LOST,0,1,1,0,1,0,0.0,0.464,0.0,1.371,0.0,164.52,123.39,0.0,0.0,36.09,-0.4,0.0,0.0,0.0,0.0,0.0,0.0,53.3,0.0,0,0,0,0,0,8.0,0.0,10195.26,0.0,10195.26,0.0,8.38
2026-06-05T02:05:04.311+00:00,89548,34904cc0-20b0-44ef-a748-ca0f5d0a3cdb,,10,FAULT,0x0100,PI_LOST,0,1,1,0,1,0,0.0,0.366,0.0,1.378,0.0,165.36,124.02,0.0,0.0,36.82,-0.15,0.0,0.0,0.0,0.0,0.0,0.0,53.2,0.0,0,0,0,0,0,8.0,0.0,10209.65,0.0,10209.65,0.0,6.29
2026-06-05T02:05:04.339+00:00,89665,34904cc0-20b0-44ef-a748-ca0f5d0a3cdb,,10,FAULT,0x0100,PI_LOST,0,1,1,0,1,0,0.0,0.513,0.0,1.369,0.0,164.28,123.21,0.0,0.0,35.36,-0.4,0.0,0.0,0.0,0.0,0.0,0.0,53.6,0.0,0,0,0,0,0,8.0,0.0,10224.06,0.0,10224.06,0.0,-12.48
2026-06-05T02:05:04.454+00:00,89781,34904cc0-20b0-44ef-a748-ca0f5d0a3cdb,,10,FAULT,0x0100,PI_LOST,0,1,1,0,1,0,0.0,0.317,0.0,1.378,0.0,165.36,124.02,0.0,0.0,35.11,-0.52,0.0,0.0,0.0,0.0,0.0,0.0,53.7,0.0,0,0,0,0,0,8.0,0.0,10238.45,0.0,10238.45,0.0,-2.16
2026-06-05T02:05:04.573+00:00,89897,34904cc0-20b0-44ef-a748-ca0f5d0a3cdb,,10,FAULT,0x0100,PI_LOST,0,1,1,0,1,0,0.0,0.268,0.0,1.375,0.0,165.0,123.75,0.0,0.0,36.09,-0.52,0.0,0.0,0.0,0.0,0.0,0.0,53.7,0.0,0,0,0,0,0,8.0,0.0,10252.8,0.0,10252.8,0.0,8.45
2026-06-05T02:05:04.688+00:00,90014,34904cc0-20b0-44ef-a748-ca0f5d0a3cdb,,10,FAULT,0x0100,PI_LOST,0,1,1,0,1,0,0.0,0.464,0.0,1.353,0.0,162.36,121.77,0.0,0.0,36.33,-0.52,0.0,0.0,0.0,0.0,0.0,0.0,53.7,0.0,0,0,0,0,0,8.0,0.0,10267.05,0.0,10267.05,0.0,2.05
2026-06-05T02:05:04.850+00:00,90131,34904cc0-20b0-44ef-a748-ca0f5d0a3cdb,,10,FAULT,0x0100,PI_LOST,0,1,1,0,1,0,0.0,0.317,0.0,1.354,0.0,162.48,121.86,0.0,0.0,35.6,-0.4,0.0,0.0,0.0,0.0,0.0,0.0,53.8,0.0,0,0,0,0,0,8.0,0.0,10281.31,0.0,10281.31,0.0,-6.24
2026-06-05T02:05:04.944+00:00,90247,34904cc0-20b0-44ef-a748-ca0f5d0a3cdb,,10,FAULT,0x0100,PI_LOST,0,1,1,0,1,0,0.0,0.415,0.0,1.36,0.0,163.2,122.4,0.0,0.0,36.58,-0.28,0.0,0.0,0.0,0.0,0.0,0.0,53.8,0.0,0,0,0,0,0,8.0,0.0,10295.51,0.0,10295.51,0.0,8.45
2026-06-05T02:05:05.040+00:00,90363,34904cc0-20b0-44ef-a748-ca0f5d0a3cdb,,10,FAULT,0x0100,PI_LOST,0,1,1,0,1,0,0.0,0.513,0.0,1.348,0.0,161.76,121.32,0.0,0.0,36.33,-0.28,0.0,0.0,0.0,0.0,0.0,0.0,53.6,0.0,0,0,0,0,0,8.0,0.0,10309.58,0.0,10309.58,0.0,-2.16
2026-06-05T02:05:05.155+00:00,90480,34904cc0-20b0-44ef-a748-ca0f5d0a3cdb,,10,FAULT,0x0100,PI_LOST,0,1,1,0,1,0,0.0,0.464,0.0,1.354,0.0,162.48,121.86,0.0,0.0,35.36,-0.52,0.0,0.0,0.0,0.0,0.0,0.0,53.9,0.0,0,0,0,0,0,8.0,0.0,10323.84,0.0,10323.84,0.0,-8.29
2026-06-05T02:05:05.273+00:00,90596,34904cc0-20b0-44ef-a748-ca0f5d0a3cdb,,10,FAULT,0x0100,PI_LOST,0,1,1,0,1,0,0.0,0.219,0.0,1.364,0.0,163.68,122.76,0.0,0.0,35.36,-0.28,0.0,0.0,0.0,0.0,0.0,0.0,53.4,0.0,0,0,0,0,0,8.0,0.0,10338.08,0.0,10338.08,0.0,0.0
2026-06-05T02:05:05.388+00:00,90713,34904cc0-20b0-44ef-a748-ca0f5d0a3cdb,,10,FAULT,0x0100,PI_LOST,0,1,1,0,1,0,0.0,0.317,0.0,1.4,0.0,168.0,126.0,0.0,0.0,35.85,-0.28,0.0,0.0,0.0,0.0,0.0,0.0,53.5,0.0,0,0,0,0,0,8.0,0.0,10352.82,0.0,10352.82,0.0,4.19
2026-06-05T02:05:05.571+00:00,90829,34904cc0-20b0-44ef-a748-ca0f5d0a3cdb,,10,FAULT,0x0100,PI_LOST,0,1,1,0,1,0,0.0,0.415,0.0,1.409,0.0,169.08,126.81,0.0,0.0,36.58,-0.4,0.0,0.0,0.0,0.0,0.0,0.0,53.4,0.0,0,0,0,0,0,8.0,0.0,10367.53,0.0,10367.53,0.0,6.29
2026-06-05T02:05:05.669+00:00,90946,34904cc0-20b0-44ef-a748-ca0f5d0a3cdb,,10,FAULT,0x0100,PI_LOST,0,1,1,0,1,0,0.0,0.317,0.0,1.414,0.0,169.68,127.26,0.0,0.0,36.58,0.0,0.0,0.0,0.0,0.0,0.0,0.0,53.9,0.0,0,0,0,0,0,8.0,0.0,10382.42,0.0,10382.42,0.0,0.0
2026-06-05T02:05:05.762+00:00,91062,34904cc0-20b0-44ef-a748-ca0f5d0a3cdb,,10,FAULT,0x0100,PI_LOST,0,1,1,0,1,0,0.0,0.757,0.0,1.417,0.0,170.04,127.53,0.0,0.0,36.82,-0.28,0.0,0.0,0.0,0.0,0.0,0.0,53.9,0.0,0,0,0,0,0,8.0,0.0,10397.21,0.0,10397.21,0.0,2.07
2026-06-05T02:05:05.855+00:00,91179,34904cc0-20b0-44ef-a748-ca0f5d0a3cdb,,10,FAULT,0x0100,PI_LOST,0,1,1,0,1,0,0.0,0.659,0.0,1.421,0.0,170.52,127.89,0.0,0.0,36.82,-0.52,0.0,0.0,0.0,0.0,0.0,0.0,53.4,0.0,0,0,0,0,0,8.0,0.0,10412.17,0.0,10412.17,0.0,0.0
2026-06-05T02:05:05.973+00:00,91295,34904cc0-20b0-44ef-a748-ca0f5d0a3cdb,,10,FAULT,0x0100,PI_LOST,0,1,1,0,1,0,0.0,0.268,0.0,1.424,0.0,170.88,128.16,0.0,0.0,35.6,-0.52,0.0,0.0,0.0,0.0,0.0,0.0,53.4,0.0,0,0,0,0,0,8.0,0.0,10427.04,0.0,10427.04,0.0,-10.52
2026-06-05T02:05:06.089+00:00,91411,34904cc0-20b0-44ef-a748-ca0f5d0a3cdb,,10,FAULT,0x0100,PI_LOST,0,1,1,0,1,0,0.0,0.415,0.0,1.417,0.0,170.04,127.53,0.0,0.0,35.6,-0.64,0.0,0.0,0.0,0.0,0.0,0.0,53.7,0.0,0,0,0,0,0,8.0,0.0,10441.83,0.0,10441.83,0.0,0.0
2026-06-05T02:05:06.242+00:00,91528,34904cc0-20b0-44ef-a748-ca0f5d0a3cdb,,10,FAULT,0x0100,PI_LOST,0,1,1,0,1,0,0.0,0.513,0.0,1.427,0.0,171.24,128.43,0.0,0.0,35.85,-0.52,0.0,0.0,0.0,0.0,0.0,0.0,53.8,0.0,0,0,0,0,0,8.0,0.0,10456.86,0.0,10456.86,0.0,2.14
2026-06-05T02:05:06.395+00:00,91644,34904cc0-20b0-44ef-a748-ca0f5d0a3cdb,,10,FAULT,0x0100,PI_LOST,0,1,1,0,1,0,0.0,0.415,0.0,1.438,0.0,172.56,129.42,0.0,0.0,36.58,-0.28,0.0,0.0,0.0,0.0,0.0,0.0,53.8,0.0,0,0,0,0,0,8.0,0.0,10471.87,0.0,10471.87,0.0,6.29
2026-06-05T02:05:06.489+00:00,91761,34904cc0-20b0-44ef-a748-ca0f5d0a3cdb,,10,FAULT,0x0100,PI_LOST,0,1,1,0,1,0,0.0,0.415,0.0,1.458,0.0,174.96,131.22,0.0,0.0,35.85,-0.15,0.0,0.0,0.0,0.0,0.0,0.0,53.7,0.0,0,0,0,0,0,8.0,0.0,10487.23,0.0,10487.23,0.0,-6.24
2026-06-05T02:05:06.555+00:00,91877,34904cc0-20b0-44ef-a748-ca0f5d0a3cdb,,10,FAULT,0x0100,PI_LOST,0,1,1,0,1,0,0.0,0.415,0.0,1.439,0.0,172.68,129.51,0.0,0.0,37.31,-0.28,0.0,0.0,0.0,0.0,0.0,0.0,53.6,0.0,0,0,0,0,0,8.0,0.0,10502.25,0.0,10502.25,0.0,12.59
2026-06-05T02:05:06.670+00:00,91994,34904cc0-20b0-44ef-a748-ca0f5d0a3cdb,,10,FAULT,0x0100,PI_LOST,0,1,1,0,1,0,0.0,0.171,0.0,1.436,0.0,172.32,129.24,0.0,0.0,36.82,0.0,0.0,0.0,0.0,0.0,0.0,0.0,53.6,0.0,0,0,0,0,0,8.0,0.0,10517.37,0.0,10517.37,0.0,-4.19
2026-06-05T02:05:06.789+00:00,92110,34904cc0-20b0-44ef-a748-ca0f5d0a3cdb,,10,FAULT,0x0100,PI_LOST,0,1,1,0,1,0,0.0,0.806,0.0,1.449,0.0,173.88,130.41,0.0,0.0,35.6,0.0,0.0,0.0,0.0,0.0,0.0,0.0,53.6,0.0,0,0,0,0,0,8.0,0.0,10532.5,0.0,10532.5,0.0,-10.52
2026-06-05T02:05:06.914+00:00,92227,34904cc0-20b0-44ef-a748-ca0f5d0a3cdb,,10,FAULT,0x0100,PI_LOST,0,1,1,0,1,0,0.0,0.415,0.0,1.45,0.0,174.0,130.5,0.0,0.0,35.6,-0.15,0.0,0.0,0.0,0.0,0.0,0.0,53.6,0.0,0,0,0,0,0,8.0,0.0,10547.77,0.0,10547.77,0.0,0.0
2026-06-05T02:05:07.024+00:00,92343,34904cc0-20b0-44ef-a748-ca0f5d0a3cdb,,10,FAULT,0x0100,PI_LOST,0,1,1,0,1,0,0.0,0.366,0.0,1.458,0.0,174.96,131.22,0.0,0.0,35.36,-0.52,0.0,0.0,0.0,0.0,0.0,0.0,53.6,0.0,0,0,0,0,0,8.0,0.0,10562.99,0.0,10562.99,0.0,-2.07
2026-06-05T02:05:07.206+00:00,92460,34904cc0-20b0-44ef-a748-ca0f5d0a3cdb,,10,FAULT,0x0100,PI_LOST,0,1,1,0,1,0,0.0,0.562,0.0,1.451,0.0,174.12,130.59,0.0,0.0,35.36,-0.28,0.0,0.0,0.0,0.0,0.0,0.0,53.6,0.0,0,0,0,0,0,8.0,0.0,10578.27,0.0,10578.27,0.0,0.0
2026-06-05T02:05:07.256+00:00,92576,34904cc0-20b0-44ef-a748-ca0f5d0a3cdb,,10,FAULT,0x0100,PI_LOST,0,1,1,0,1,0,0.0,0.757,0.0,1.453,0.0,174.36,130.77,0.0,0.0,36.33,-0.15,0.0,0.0,0.0,0.0,0.0,0.0,53.8,0.0,0,0,0,0,0,8.0,0.0,10593.44,0.0,10593.44,0.0,8.36
2026-06-05T02:05:07.371+00:00,92693,34904cc0-20b0-44ef-a748-ca0f5d0a3cdb,,10,FAULT,0x0100,PI_LOST,0,1,1,0,1,0,0.0,0.317,0.0,1.451,0.0,174.12,130.59,0.0,0.0,36.58,-0.28,0.0,0.0,0.0,0.0,0.0,0.0,53.5,0.0,0,0,0,0,0,8.0,0.0,10608.72,0.0,10608.72,0.0,2.14
2026-06-05T02:05:07.489+00:00,92809,34904cc0-20b0-44ef-a748-ca0f5d0a3cdb,,10,FAULT,0x0100,PI_LOST,0,1,1,0,1,0,0.0,0.659,0.0,1.469,0.0,176.28,132.21,0.0,0.0,36.58,-0.4,0.0,0.0,0.0,0.0,0.0,0.0,53.6,0.0,0,0,0,0,0,8.0,0.0,10624.05,0.0,10624.05,0.0,0.0
2026-06-05T02:05:07.604+00:00,92925,34904cc0-20b0-44ef-a748-ca0f5d0a3cdb,,10,FAULT,0x0100,PI_LOST,0,1,1,0,1,0,0.0,0.659,0.0,1.465,0.0,175.8,131.85,0.0,0.0,37.07,0.0,0.0,0.0,0.0,0.0,0.0,0.0,53.8,0.0,0,0,0,0,0,8.0,0.0,10639.35,0.0,10639.35,0.0,4.22
2026-06-05T02:05:07.738+00:00,93042,34904cc0-20b0-44ef-a748-ca0f5d0a3cdb,,10,FAULT,0x0100,PI_LOST,0,1,1,0,1,0,0.0,0.464,0.0,1.471,0.0,176.52,132.39,0.0,0.0,36.82,-0.15,0.0,0.0,0.0,0.0,0.0,0.0,53.3,0.0,0,0,0,0,0,8.0,0.0,10654.84,0.0,10654.84,0.0,-2.14
2026-06-05T02:05:07.902+00:00,93158,34904cc0-20b0-44ef-a748-ca0f5d0a3cdb,,10,FAULT,0x0100,PI_LOST,0,1,1,0,1,0,0.0,0.806,0.0,1.483,0.0,177.96,133.47,0.0,0.0,35.36,-0.28,0.0,0.0,0.0,0.0,0.0,0.0,53.7,0.0,0,0,0,0,0,8.0,0.0,10670.32,0.0,10670.32,0.0,-12.59
2026-06-05T02:05:07.956+00:00,93275,34904cc0-20b0-44ef-a748-ca0f5d0a3cdb,,10,FAULT,0x0100,PI_LOST,0,1,1,0,1,0,0.0,0.268,0.0,1.477,0.0,177.24,132.93,0.0,0.0,36.09,-0.28,0.0,0.0,0.0,0.0,0.0,0.0,53.8,0.0,0,0,0,0,0,8.0,0.0,10685.87,0.0,10685.87,0.0,6.24
2026-06-05T02:05:08.071+00:00,93391,34904cc0-20b0-44ef-a748-ca0f5d0a3cdb,,10,FAULT,0x0100,PI_LOST,0,1,1,0,1,0,0.0,0.317,0.0,1.473,0.0,176.76,132.57,0.0,0.0,36.09,-0.4,0.0,0.0,0.0,0.0,0.0,0.0,53.2,0.0,0,0,0,0,0,8.0,0.0,10701.25,0.0,10701.25,0.0,0.0
2026-06-05T02:05:08.189+00:00,93508,34904cc0-20b0-44ef-a748-ca0f5d0a3cdb,,10,FAULT,0x0100,PI_LOST,0,1,1,0,1,0,0.0,0.61,0.0,1.467,0.0,176.04,132.03,0.0,0.0,35.11,-0.4,0.0,0.0,0.0,0.0,0.0,0.0,53.3,0.0,0,0,0,0,0,8.0,0.0,10716.7,0.0,10716.7,0.0,-8.38
2026-06-05T02:05:08.305+00:00,93624,34904cc0-20b0-44ef-a748-ca0f5d0a3cdb,,10,FAULT,0x0100,PI_LOST,0,1,1,0,1,0,0.0,0.757,0.0,1.465,0.0,175.8,131.85,0.0,0.0,35.85,-0.28,0.0,0.0,0.0,0.0,0.0,0.0,53.3,0.0,0,0,0,0,0,8.0,0.0,10731.99,0.0,10731.99,0.0,6.38
2026-06-05T02:05:08.458+00:00,93741,34904cc0-20b0-44ef-a748-ca0f5d0a3cdb,,10,FAULT,0x0100,PI_LOST,0,1,1,0,1,0,0.0,0.855,0.0,1.442,0.0,173.04,129.78,0.0,0.0,37.31,0.0,0.0,0.0,0.0,0.0,0.0,0.0,53.0,0.0,0,0,0,0,0,8.0,0.0,10747.18,0.0,10747.18,0.0,12.48
2026-06-05T02:05:08.554+00:00,93857,34904cc0-20b0-44ef-a748-ca0f5d0a3cdb,,10,FAULT,0x0100,PI_LOST,0,1,1,0,1,0,0.0,0.122,0.0,1.451,0.0,174.12,130.59,0.0,0.0,36.33,-0.4,0.0,0.0,0.0,0.0,0.0,0.0,53.0,0.0,0,0,0,0,0,8.0,0.0,10762.32,0.0,10762.32,0.0,-8.45
2026-06-05T02:05:08.656+00:00,93974,34904cc0-20b0-44ef-a748-ca0f5d0a3cdb,,10,FAULT,0x0100,PI_LOST,0,1,1,0,1,0,0.0,0.317,0.0,1.439,0.0,172.68,129.51,0.0,0.0,35.36,-0.4,0.0,0.0,0.0,0.0,0.0,0.0,53.3,0.0,0,0,0,0,0,8.0,0.0,10777.48,0.0,10777.48,0.0,-8.29
2026-06-05T02:05:08.772+00:00,94090,34904cc0-20b0-44ef-a748-ca0f5d0a3cdb,,10,FAULT,0x0100,PI_LOST,0,1,1,0,1,0,0.0,0.61,0.0,1.426,0.0,171.12,128.34,0.0,0.0,35.6,-0.4,0.0,0.0,0.0,0.0,0.0,0.0,53.3,0.0,0,0,0,0,0,8.0,0.0,10792.36,0.0,10792.36,0.0,2.07
2026-06-05T02:05:08.890+00:00,94206,34904cc0-20b0-44ef-a748-ca0f5d0a3cdb,,10,FAULT,0x0100,PI_LOST,0,1,1,0,1,0,0.0,0.562,0.0,1.424,0.0,170.88,128.16,0.0,0.0,35.6,0.0,0.0,0.0,0.0,0.0,0.0,0.0,53.5,0.0,0,0,0,0,0,8.0,0.0,10807.23,0.0,10807.23,0.0,0.0
2026-06-05T02:05:09.005+00:00,94323,34904cc0-20b0-44ef-a748-ca0f5d0a3cdb,,10,FAULT,0x0100,PI_LOST,0,1,1,0,1,0,0.0,0.366,0.0,1.426,0.0,171.12,128.34,0.0,0.0,36.09,-0.64,0.0,0.0,0.0,0.0,0.0,0.0,53.4,0.0,0,0,0,0,0,8.0,0.0,10822.25,0.0,10822.25,0.0,4.19
2026-06-05T02:05:09.172+00:00,94439,34904cc0-20b0-44ef-a748-ca0f5d0a3cdb,,10,FAULT,0x0100,PI_LOST,0,1,1,0,1,0,0.0,0.61,0.0,1.441,0.0,172.92,129.69,0.0,0.0,37.07,-0.52,0.0,0.0,0.0,0.0,0.0,0.0,53.6,0.0,0,0,0,0,0,8.0,0.0,10837.29,0.0,10837.29,0.0,8.45
2026-06-05T02:05:09.267+00:00,94556,34904cc0-20b0-44ef-a748-ca0f5d0a3cdb,,10,FAULT,0x0100,PI_LOST,0,1,1,0,1,0,0.0,0.513,0.0,1.426,0.0,171.12,128.34,0.0,0.0,35.85,-0.28,0.0,0.0,0.0,0.0,0.0,0.0,53.4,0.0,0,0,0,0,0,8.0,0.0,10852.31,0.0,10852.31,0.0,-10.43
2026-06-05T02:05:09.395+00:00,94672,34904cc0-20b0-44ef-a748-ca0f5d0a3cdb,,10,FAULT,0x0100,PI_LOST,0,1,1,0,1,0,0.0,0.513,0.0,1.423,0.0,170.76,128.07,0.0,0.0,36.82,-0.64,0.0,0.0,0.0,0.0,0.0,0.0,53.7,0.0,0,0,0,0,0,8.0,0.0,10867.16,0.0,10867.16,0.0,8.36
2026-06-05T02:05:09.472+00:00,94789,34904cc0-20b0-44ef-a748-ca0f5d0a3cdb,,10,FAULT,0x0100,PI_LOST,0,1,1,0,1,0,0.0,0.415,0.0,1.434,0.0,172.08,129.06,0.0,0.0,35.85,-0.52,0.0,0.0,0.0,0.0,0.0,0.0,53.3,0.0,0,0,0,0,0,8.0,0.0,10882.26,0.0,10882.26,0.0,-8.29
2026-06-05T02:05:09.590+00:00,94905,34904cc0-20b0-44ef-a748-ca0f5d0a3cdb,,10,FAULT,0x0100,PI_LOST,0,1,1,0,1,0,0.0,0.415,0.0,1.441,0.0,172.92,129.69,0.0,0.0,36.09,-0.28,0.0,0.0,0.0,0.0,0.0,0.0,53.3,0.0,0,0,0,0,0,8.0,0.0,10897.31,0.0,10897.31,0.0,2.07
2026-06-05T02:05:09.706+00:00,95022,34904cc0-20b0-44ef-a748-ca0f5d0a3cdb,,10,FAULT,0x0100,PI_LOST,0,1,1,0,1,0,0.0,0.219,0.0,1.446,0.0,173.52,130.14,0.0,0.0,35.36,-0.52,0.0,0.0,0.0,0.0,0.0,0.0,53.6,0.0,0,0,0,0,0,8.0,0.0,10912.53,0.0,10912.53,0.0,-6.24
2026-06-05T02:05:09.824+00:00,95138,34904cc0-20b0-44ef-a748-ca0f5d0a3cdb,,10,FAULT,0x0100,PI_LOST,0,1,1,0,1,0,0.0,0.61,0.0,1.453,0.0,174.36,130.77,0.0,0.0,36.58,-0.28,0.0,0.0,0.0,0.0,0.0,0.0,53.6,0.0,0,0,0,0,0,8.0,0.0,10927.7,0.0,10927.7,0.0,10.52
2026-06-05T02:05:09.970+00:00,95255,34904cc0-20b0-44ef-a748-ca0f5d0a3cdb,,10,FAULT,0x0100,PI_LOST,0,1,1,0,1,0,0.0,0.366,0.0,1.442,0.0,173.04,129.78,0.0,0.0,36.09,-0.28,0.0,0.0,0.0,0.0,0.0,0.0,53.7,0.0,0,0,0,0,0,8.0,0.0,10942.89,0.0,10942.89,0.0,-4.19
2026-06-05T02:05:10.113+00:00,95371,34904cc0-20b0-44ef-a748-ca0f5d0a3cdb,,10,FAULT,0x0100,PI_LOST,0,1,1,0,1,0,0.0,0.513,0.0,1.433,0.0,171.96,128.97,0.0,0.0,36.82,-0.15,0.0,0.0,0.0,0.0,0.0,0.0,53.4,0.0,0,0,0,0,0,8.0,0.0,10957.85,0.0,10957.85,0.0,6.29
2026-06-05T02:05:10.172+00:00,95488,34904cc0-20b0-44ef-a748-ca0f5d0a3cdb,,10,FAULT,0x0100,PI_LOST,0,1,1,0,1,0,0.0,0.268,0.0,1.429,0.0,171.48,128.61,0.0,0.0,35.85,-0.4,0.0,0.0,0.0,0.0,0.0,0.0,53.7,0.0,0,0,0,0,0,8.0,0.0,10972.89,0.0,10972.89,0.0,-8.29
2026-06-05T02:05:10.290+00:00,95604,34904cc0-20b0-44ef-a748-ca0f5d0a3cdb,,10,FAULT,0x0100,PI_LOST,0,1,1,0,1,0,0.0,0.268,0.0,1.417,0.0,170.04,127.53,0.0,0.0,34.87,-0.28,0.0,0.0,0.0,0.0,0.0,0.0,53.9,0.0,0,0,0,0,0,8.0,0.0,10987.69,0.0,10987.69,0.0,-8.45
2026-06-05T02:05:10.405+00:00,95720,34904cc0-20b0-44ef-a748-ca0f5d0a3cdb,,10,FAULT,0x0100,PI_LOST,0,1,1,0,1,0,0.0,0.219,0.0,1.404,0.0,168.48,126.36,0.0,0.0,36.09,-0.15,0.0,0.0,0.0,0.0,0.0,0.0,53.9,0.0,0,0,0,0,0,8.0,0.0,11002.35,0.0,11002.35,0.0,10.52
2026-06-05T02:05:10.524+00:00,95837,34904cc0-20b0-44ef-a748-ca0f5d0a3cdb,,10,FAULT,0x0100,PI_LOST,0,1,1,0,1,0,0.0,0.073,0.0,1.393,0.0,167.16,125.37,0.0,0.0,36.33,-0.28,0.0,0.0,0.0,0.0,0.0,0.0,53.7,0.0,0,0,0,0,0,8.0,0.0,11017.01,0.0,11017.01,0.0,2.05
2026-06-05T02:05:10.648+00:00,95953,34904cc0-20b0-44ef-a748-ca0f5d0a3cdb,,10,FAULT,0x0100,PI_LOST,0,1,1,0,1,0,0.0,0.415,0.0,1.391,0.0,166.92,125.19,0.0,0.0,34.87,-0.28,0.0,0.0,0.0,0.0,0.0,0.0,53.2,0.0,0,0,0,0,0,8.0,0.0,11031.54,0.0,11031.54,0.0,-12.59
2026-06-05T02:05:10.826+00:00,96070,34904cc0-20b0-44ef-a748-ca0f5d0a3cdb,,10,FAULT,0x0100,PI_LOST,0,1,1,0,1,0,0.0,0.415,0.0,1.384,0.0,166.08,124.56,0.0,0.0,36.09,0.0,0.0,0.0,0.0,0.0,0.0,0.0,52.9,0.0,0,0,0,0,0,8.0,0.0,11046.11,0.0,11046.11,0.0,10.43
2026-06-05T02:05:10.873+00:00,96186,34904cc0-20b0-44ef-a748-ca0f5d0a3cdb,,10,FAULT,0x0100,PI_LOST,0,1,1,0,1,0,0.0,0.415,0.0,1.396,0.0,167.52,125.64,0.0,0.0,36.82,-0.28,0.0,0.0,0.0,0.0,0.0,0.0,53.4,0.0,0,0,0,0,0,8.0,0.0,11060.68,0.0,11060.68,0.0,6.29
2026-06-05T02:05:10.991+00:00,96303,34904cc0-20b0-44ef-a748-ca0f5d0a3cdb,,10,FAULT,0x0100,PI_LOST,0,1,1,0,1,0,0.0,0.61,0.0,1.405,0.0,168.6,126.45,0.0,0.0,35.36,-0.52,0.0,0.0,0.0,0.0,0.0,0.0,53.9,0.0,0,0,0,0,0,8.0,0.0,11075.48,0.0,11075.48,0.0,-12.48
2026-06-05T02:05:11.106+00:00,96419,34904cc0-20b0-44ef-a748-ca0f5d0a3cdb,,10,FAULT,0x0100,PI_LOST,0,1,1,0,1,0,0.0,0.219,0.0,1.392,0.0,167.04,125.28,0.0,0.0,35.85,-0.15,0.0,0.0,0.0,0.0,0.0,0.0,54.1,0.0,0,0,0,0,0,8.0,0.0,11090.01,0.0,11090.01,0.0,4.22
2026-06-05T02:05:11.224+00:00,96536,34904cc0-20b0-44ef-a748-ca0f5d0a3cdb,,10,FAULT,0x0100,PI_LOST,0,1,1,0,1,0,0.0,0.464,0.0,1.375,0.0,165.0,123.75,0.0,0.0,35.85,0.0,0.0,0.0,0.0,0.0,0.0,0.0,53.4,0.0,0,0,0,0,0,8.0,0.0,11104.49,0.0,11104.49,0.0,0.0
2026-06-05T02:05:11.371+00:00,96652,34904cc0-20b0-44ef-a748-ca0f5d0a3cdb,,10,FAULT,0x0100,PI_LOST,0,1,1,0,1,0,0.0,0.659,0.0,1.372,0.0,164.64,123.48,0.0,0.0,35.85,-0.4,0.0,0.0,0.0,0.0,0.0,0.0,53.3,0.0,0,0,0,0,0,8.0,0.0,11118.81,0.0,11118.81,0.0,0.0
2026-06-05T02:05:11.463+00:00,96769,34904cc0-20b0-44ef-a748-ca0f5d0a3cdb,,10,FAULT,0x0100,PI_LOST,0,1,1,0,1,0,0.0,0.659,0.0,1.365,0.0,163.8,122.85,0.0,0.0,36.58,-0.4,0.0,0.0,0.0,0.0,0.0,0.0,53.6,0.0,0,0,0,0,0,8.0,0.0,11133.19,0.0,11133.19,0.0,6.24
2026-06-05T02:05:11.573+00:00,96885,34904cc0-20b0-44ef-a748-ca0f5d0a3cdb,,10,FAULT,0x0100,PI_LOST,0,1,1,0,1,0,0.0,0.659,0.0,1.364,0.0,163.68,122.76,0.0,0.0,35.85,-0.28,0.0,0.0,0.0,0.0,0.0,0.0,53.7,0.0,0,0,0,0,0,8.0,0.0,11147.43,0.0,11147.43,0.0,-6.29
2026-06-05T02:05:11.691+00:00,97002,34904cc0-20b0-44ef-a748-ca0f5d0a3cdb,,10,FAULT,0x0100,PI_LOST,0,1,1,0,1,0,0.0,0.268,0.0,1.357,0.0,162.84,122.13,0.0,0.0,36.33,-0.28,0.0,0.0,0.0,0.0,0.0,0.0,53.6,0.0,0,0,0,0,0,8.0,0.0,11161.72,0.0,11161.72,0.0,4.1
2026-06-05T02:05:11.806+00:00,97118,34904cc0-20b0-44ef-a748-ca0f5d0a3cdb,,10,FAULT,0x0100,PI_LOST,0,1,1,0,1,0,0.0,0.659,0.0,1.367,0.0,164.04,123.03,0.0,0.0,36.09,0.0,0.0,0.0,0.0,0.0,0.0,0.0,53.5,0.0,0,0,0,0,0,8.0,0.0,11175.99,0.0,11175.99,0.0,-2.07
2026-06-05T02:05:11.921+00:00,97234,34904cc0-20b0-44ef-a748-ca0f5d0a3cdb,,10,FAULT,0x0100,PI_LOST,0,1,1,0,1,0,0.0,0.073,0.0,1.375,0.0,165.0,123.75,0.0,0.0,35.85,0.0,0.0,0.0,0.0,0.0,0.0,0.0,53.8,0.0,0,0,0,0,0,8.0,0.0,11190.34,0.0,11190.34,0.0,-2.07
2026-06-05T02:05:12.084+00:00,97351,34904cc0-20b0-44ef-a748-ca0f5d0a3cdb,,10,FAULT,0x0100,PI_LOST,0,1,1,0,1,0,0.0,0.562,0.0,1.373,0.0,164.76,123.57,0.0,0.0,36.09,-0.4,0.0,0.0,0.0,0.0,0.0,0.0,53.5,0.0,0,0,0,0,0,8.0,0.0,11204.8,0.0,11204.8,0.0,2.05
2026-06-05T02:05:12.179+00:00,97467,34904cc0-20b0-44ef-a748-ca0f5d0a3cdb,,10,FAULT,0x0100,PI_LOST,0,1,1,0,1,0,0.0,0.464,0.0,1.371,0.0,164.52,123.39,0.0,0.0,35.36,-0.28,0.0,0.0,0.0,0.0,0.0,0.0,54.0,0.0,0,0,0,0,0,8.0,0.0,11219.11,0.0,11219.11,0.0,-6.29
2026-06-05T02:05:12.273+00:00,97584,34904cc0-20b0-44ef-a748-ca0f5d0a3cdb,,10,FAULT,0x0100,PI_LOST,0,1,1,0,1,0,0.0,0.464,0.0,1.381,0.0,165.72,124.29,0.0,0.0,36.33,0.0,0.0,0.0,0.0,0.0,0.0,0.0,53.9,0.0,0,0,0,0,0,8.0,0.0,11233.66,0.0,11233.66,0.0,8.29
2026-06-05T02:05:12.388+00:00,97700,34904cc0-20b0-44ef-a748-ca0f5d0a3cdb,,10,FAULT,0x0100,PI_LOST,0,1,1,0,1,0,0.0,0.317,0.0,1.379,0.0,165.48,124.11,0.0,0.0,36.33,-0.64,0.0,0.0,0.0,0.0,0.0,0.0,53.7,0.0,0,0,0,0,0,8.0,0.0,11248.05,0.0,11248.05,0.0,0.0
2026-06-05T02:05:12.507+00:00,97817,34904cc0-20b0-44ef-a748-ca0f5d0a3cdb,,10,FAULT,0x0100,PI_LOST,0,1,1,0,1,0,0.0,0.317,0.0,1.376,0.0,165.12,123.84,0.0,0.0,36.33,-0.4,0.0,0.0,0.0,0.0,0.0,0.0,53.6,0.0,0,0,0,0,0,8.0,0.0,11262.54,0.0,11262.54,0.0,0.0
2026-06-05T02:05:12.622+00:00,97933,34904cc0-20b0-44ef-a748-ca0f5d0a3cdb,,10,FAULT,0x0100,PI_LOST,0,1,1,0,1,0,0.0,0.317,0.0,1.374,0.0,164.88,123.66,0.0,0.0,36.58,-0.15,0.0,0.0,0.0,0.0,0.0,0.0,53.4,0.0,0,0,0,0,0,8.0,0.0,11276.89,0.0,11276.89,0.0,2.16
2026-06-05T02:05:12.804+00:00,98050,34904cc0-20b0-44ef-a748-ca0f5d0a3cdb,,10,FAULT,0x0100,PI_LOST,0,1,1,0,1,0,0.0,0.171,0.0,1.374,0.0,164.88,123.66,0.0,0.0,35.11,-0.28,0.0,0.0,0.0,0.0,0.0,0.0,53.6,0.0,0,0,0,0,0,8.0,0.0,11291.35,0.0,11291.35,0.0,-12.56
2026-06-05T02:05:12.900+00:00,98166,34904cc0-20b0-44ef-a748-ca0f5d0a3cdb,,10,FAULT,0x0100,PI_LOST,0,1,1,0,1,0,0.0,0.219,0.0,1.36,0.0,163.2,122.4,0.0,0.0,36.33,-0.4,0.0,0.0,0.0,0.0,0.0,0.0,53.6,0.0,0,0,0,0,0,8.0,0.0,11305.55,0.0,11305.55,0.0,10.52
2026-06-05T02:05:12.993+00:00,98283,34904cc0-20b0-44ef-a748-ca0f5d0a3cdb,,10,FAULT,0x0100,PI_LOST,0,1,1,0,1,0,0.0,0.415,0.0,1.337,0.0,160.44,120.33,0.0,0.0,37.31,0.0,0.0,0.0,0.0,0.0,0.0,0.0,54.7,0.0,0,0,0,0,0,8.0,0.0,11319.63,0.0,11319.63,0.0,8.38
2026-06-05T02:05:13.089+00:00,98399,34904cc0-20b0-44ef-a748-ca0f5d0a3cdb,,10,FAULT,0x0100,PI_LOST,0,1,1,0,1,0,0.0,0.464,0.0,1.341,0.0,160.92,120.69,0.0,0.0,36.33,-0.15,0.0,0.0,0.0,0.0,0.0,0.0,54.1,0.0,0,0,0,0,0,8.0,0.0,11333.63,0.0,11333.63,0.0,-8.45
2026-06-05T02:05:13.207+00:00,98515,34904cc0-20b0-44ef-a748-ca0f5d0a3cdb,,10,FAULT,0x0100,PI_LOST,0,1,1,0,1,0,0.0,0.317,0.0,1.337,0.0,160.44,120.33,0.0,0.0,36.82,-0.52,0.0,0.0,0.0,0.0,0.0,0.0,53.9,0.0,0,0,0,0,0,8.0,0.0,11347.59,0.0,11347.59,0.0,4.22
2026-06-05T02:05:13.322+00:00,98632,34904cc0-20b0-44ef-a748-ca0f5d0a3cdb,,10,FAULT,0x0100,PI_LOST,0,1,1,0,1,0,0.0,0.171,0.0,1.34,0.0,160.8,120.6,0.0,0.0,35.11,-0.28,0.0,0.0,0.0,0.0,0.0,0.0,54.1,0.0,0,0,0,0,0,8.0,0.0,11361.7,0.0,11361.7,0.0,-14.62
2026-06-05T02:05:13.512+00:00,98748,34904cc0-20b0-44ef-a748-ca0f5d0a3cdb,,10,FAULT,0x0100,PI_LOST,0,1,1,0,1,0,0.0,0.366,0.0,1.336,0.0,160.32,120.24,0.0,0.0,35.85,-0.15,0.0,0.0,0.0,0.0,0.0,0.0,54.2,0.0,0,0,0,0,0,8.0,0.0,11375.65,0.0,11375.65,0.0,6.38
2026-06-05T02:05:13.626+00:00,98865,34904cc0-20b0-44ef-a748-ca0f5d0a3cdb,,10,FAULT,0x0100,PI_LOST,0,1,1,0,1,0,0.0,0.317,0.0,1.335,0.0,160.2,120.15,0.0,0.0,36.58,-0.52,0.0,0.0,0.0,0.0,0.0,0.0,54.1,0.0,0,0,0,0,0,8.0,0.0,11389.71,0.0,11389.71,0.0,6.24
2026-06-05T02:05:13.721+00:00,98981,34904cc0-20b0-44ef-a748-ca0f5d0a3cdb,,10,FAULT,0x0100,PI_LOST,0,1,1,0,1,0,0.0,0.61,0.0,1.332,0.0,159.84,119.88,0.0,0.0,36.09,-0.4,0.0,0.0,0.0,0.0,0.0,0.0,54.0,0.0,0,0,0,0,0,8.0,0.0,11403.61,0.0,11403.61,0.0,-4.22
2026-06-05T02:05:13.789+00:00,99098,34904cc0-20b0-44ef-a748-ca0f5d0a3cdb,,10,FAULT,0x0100,PI_LOST,0,1,1,0,1,0,0.0,0.757,0.0,1.341,0.0,160.92,120.69,0.0,0.0,36.33,0.0,0.0,0.0,0.0,0.0,0.0,0.0,53.5,0.0,0,0,0,0,0,8.0,0.0,11417.73,0.0,11417.73,0.0,2.05
2026-06-05T02:05:13.907+00:00,99215,34904cc0-20b0-44ef-a748-ca0f5d0a3cdb,,10,FAULT,0x0100,PI_LOST,0,1,1,0,1,0,0.0,0.61,0.0,1.337,0.0,160.44,120.33,0.0,0.0,36.82,-0.52,0.0,0.0,0.0,0.0,0.0,0.0,53.4,0.0,0,0,0,0,0,8.0,0.0,11431.81,0.0,11431.81,0.0,4.19
2026-06-05T02:05:14.022+00:00,99331,34904cc0-20b0-44ef-a748-ca0f5d0a3cdb,,10,FAULT,0x0100,PI_LOST,0,1,1,0,1,0,0.0,0.0,0.0,1.341,0.0,160.92,120.69,0.0,0.0,35.36,-0.52,0.0,0.0,0.0,0.0,0.0,0.0,53.4,0.0,0,0,0,0,0,8.0,0.0,11445.81,0.0,11445.81,0.0,-12.59
2026-06-05T02:05:14.145+00:00,99447,34904cc0-20b0-44ef-a748-ca0f5d0a3cdb,,10,FAULT,0x0100,PI_LOST,0,1,1,0,1,0,0.0,0.464,0.0,1.335,0.0,160.2,120.15,0.0,0.0,35.85,-0.52,0.0,0.0,0.0,0.0,0.0,0.0,53.4,0.0,0,0,0,0,0,8.0,0.0,11459.75,0.0,11459.75,0.0,4.22
2026-06-05T02:05:14.256+00:00,99564,34904cc0-20b0-44ef-a748-ca0f5d0a3cdb,,10,FAULT,0x0100,PI_LOST,0,1,1,0,1,0,0.0,0.757,0.0,1.346,0.0,161.52,121.14,0.0,0.0,36.09,-0.15,0.0,0.0,0.0,0.0,0.0,0.0,53.4,0.0,0,0,0,0,0,8.0,0.0,11473.92,0.0,11473.92,0.0,2.05
2026-06-05T02:05:14.474+00:00,99680,34904cc0-20b0-44ef-a748-ca0f5d0a3cdb,,10,FAULT,0x0100,PI_LOST,0,1,1,0,1,0,0.0,0.317,0.0,1.336,0.0,160.32,120.24,0.0,0.0,35.36,-0.52,0.0,0.0,0.0,0.0,0.0,0.0,53.5,0.0,0,0,0,0,0,8.0,0.0,11487.87,0.0,11487.87,0.0,-6.29
2026-06-05T02:05:14.490+00:00,99796,34904cc0-20b0-44ef-a748-ca0f5d0a3cdb,,10,FAULT,0x0100,PI_LOST,0,1,1,0,1,0,0.0,0.61,0.0,1.34,0.0,160.8,120.6,0.0,0.0,36.09,-0.4,0.0,0.0,0.0,0.0,0.0,0.0,52.7,0.0,0,0,0,0,0,8.0,0.0,11501.86,0.0,11501.86,0.0,6.29
2026-06-05T02:05:14.608+00:00,99913,34904cc0-20b0-44ef-a748-ca0f5d0a3cdb,,10,FAULT,0x0100,PI_LOST,0,1,1,0,1,0,0.0,0.415,0.0,1.341,0.0,160.92,120.69,0.0,0.0,36.58,-0.52,0.0,0.0,0.0,0.0,0.0,0.0,52.1,0.0,0,0,0,0,0,8.0,0.0,11515.98,0.0,11515.98,0.0,4.19
2026-06-05T02:05:14.723+00:00,100030,34904cc0-20b0-44ef-a748-ca0f5d0a3cdb,,10,FAULT,0x0100,PI_LOST,0,1,1,0,1,0,0.0,0.219,0.0,1.346,0.0,161.52,121.14,0.0,0.0,35.6,-0.4,0.0,0.0,0.0,0.0,0.0,0.0,52.0,0.0,0,0,0,0,0,8.0,0.0,11530.15,0.0,11530.15,0.0,-8.38
2026-06-05T02:05:14.841+00:00,100146,34904cc0-20b0-44ef-a748-ca0f5d0a3cdb,,10,FAULT,0x0100,PI_LOST,0,1,1,0,1,0,0.0,0.366,0.0,1.332,0.0,159.84,119.88,0.0,0.0,35.11,-0.52,0.0,0.0,0.0,0.0,0.0,0.0,52.1,0.0,0,0,0,0,0,8.0,0.0,11544.06,0.0,11544.06,0.0,-4.22
2026-06-05T02:05:15.012+00:00,100262,34904cc0-20b0-44ef-a748-ca0f5d0a3cdb,,10,FAULT,0x0100,PI_LOST,0,1,1,0,1,0,0.0,0.464,0.0,1.313,0.0,157.56,118.17,0.0,0.0,36.58,-0.28,0.0,0.0,0.0,0.0,0.0,0.0,52.3,0.0,0,0,0,0,0,8.0,0.0,11557.77,0.0,11557.77,0.0,12.67
2026-06-05T02:05:15.107+00:00,100379,34904cc0-20b0-44ef-a748-ca0f5d0a3cdb,,10,FAULT,0x0100,PI_LOST,0,1,1,0,1,0,0.0,0.317,0.0,1.317,0.0,158.04,118.53,0.0,0.0,35.85,-0.4,0.0,0.0,0.0,0.0,0.0,0.0,52.3,0.0,0,0,0,0,0,8.0,0.0,11571.64,0.0,11571.64,0.0,-6.24
2026-06-05T02:05:15.197+00:00,100496,34904cc0-20b0-44ef-a748-ca0f5d0a3cdb,,10,FAULT,0x0100,PI_LOST,0,1,1,0,1,0,0.0,0.562,0.0,1.31,0.0,157.2,117.9,0.0,0.0,35.6,-0.4,0.0,0.0,0.0,0.0,0.0,0.0,52.3,0.0,0,0,0,0,0,8.0,0.0,11585.43,0.0,11585.43,0.0,-2.14
2026-06-05T02:05:15.309+00:00,100612,34904cc0-20b0-44ef-a748-ca0f5d0a3cdb,,10,FAULT,0x0100,PI_LOST,0,1,1,0,1,0,0.0,0.415,0.0,1.305,0.0,156.6,117.45,0.0,0.0,36.33,-0.28,0.0,0.0,0.0,0.0,0.0,0.0,52.2,0.0,0,0,0,0,0,8.0,0.0,11599.05,0.0,11599.05,0.0,6.29
2026-06-05T02:05:15.423+00:00,100728,34904cc0-20b0-44ef-a748-ca0f5d0a3cdb,,10,FAULT,0x0100,PI_LOST,0,1,1,0,1,0,0.0,0.464,0.0,1.299,0.0,155.88,116.91,0.0,0.0,37.07,0.0,0.0,0.0,0.0,0.0,0.0,0.0,52.1,0.0,0,0,0,0,0,8.0,0.0,11612.62,0.0,11612.62,0.0,6.38
2026-06-05T02:05:15.541+00:00,100845,34904cc0-20b0-44ef-a748-ca0f5d0a3cdb,,10,FAULT,0x0100,PI_LOST,0,1,1,0,1,0,0.0,0.366,0.0,1.302,0.0,156.24,117.18,0.0,0.0,36.09,-0.52,0.0,0.0,0.0,0.0,0.0,0.0,52.1,0.0,0,0,0,0,0,8.0,0.0,11626.33,0.0,11626.33,0.0,-8.38
2026-06-05T02:05:15.731+00:00,100962,34904cc0-20b0-44ef-a748-ca0f5d0a3cdb,,10,FAULT,0x0100,PI_LOST,0,1,1,0,1,0,0.0,0.415,0.0,1.291,0.0,154.92,116.19,0.0,0.0,36.58,-0.52,0.0,0.0,0.0,0.0,0.0,0.0,52.4,0.0,0,0,0,0,0,8.0,0.0,11639.92,0.0,11639.92,0.0,4.19
2026-06-05T02:05:15.831+00:00,101078,34904cc0-20b0-44ef-a748-ca0f5d0a3cdb,,10,FAULT,0x0100,PI_LOST,0,1,1,0,1,0,0.0,0.415,0.0,1.298,0.0,155.76,116.82,0.0,0.0,36.09,-0.4,0.0,0.0,0.0,0.0,0.0,0.0,52.7,0.0,0,0,0,0,0,8.0,0.0,11653.47,0.0,11653.47,0.0,-4.22
2026-06-05T02:05:15.924+00:00,101194,34904cc0-20b0-44ef-a748-ca0f5d0a3cdb,,10,FAULT,0x0100,PI_LOST,0,1,1,0,1,0,0.0,0.219,0.0,1.305,0.0,156.6,117.45,0.0,0.0,35.6,0.2,0.0,0.0,0.0,0.0,0.0,0.0,52.7,0.0,0,0,0,0,0,8.0,0.0,11667.09,0.0,11667.09,0.0,-4.22
2026-06-05T02:05:16.008+00:00,101311,34904cc0-20b0-44ef-a748-ca0f5d0a3cdb,,10,FAULT,0x0100,PI_LOST,0,1,1,0,1,0,0.0,0.464,0.0,1.305,0.0,156.6,117.45,0.0,0.0,35.6,-0.4,0.0,0.0,0.0,0.0,0.0,0.0,52.7,0.0,0,0,0,0,0,8.0,0.0,11680.84,0.0,11680.84,0.0,0.0
2026-06-05T02:05:16.123+00:00,101428,34904cc0-20b0-44ef-a748-ca0f5d0a3cdb,,10,FAULT,0x0100,PI_LOST,0,1,1,0,1,0,0.0,0.562,0.0,1.318,0.0,158.16,118.62,0.0,0.0,36.33,0.0,0.0,0.0,0.0,0.0,0.0,0.0,53.0,0.0,0,0,0,0,0,8.0,0.0,11694.71,0.0,11694.71,0.0,6.24
2026-06-05T02:05:16.242+00:00,101543,34904cc0-20b0-44ef-a748-ca0f5d0a3cdb,,10,FAULT,0x0100,PI_LOST,0,1,1,0,1,0,0.0,0.268,0.0,1.318,0.0,158.16,118.62,0.0,0.0,35.36,-0.28,0.0,0.0,0.0,0.0,0.0,0.0,53.0,0.0,0,0,0,0,0,8.0,0.0,11708.36,0.0,11708.36,0.0,-8.43
2026-06-05T02:05:16.357+00:00,101660,34904cc0-20b0-44ef-a748-ca0f5d0a3cdb,,10,FAULT,0x0100,PI_LOST,0,1,1,0,1,0,0.0,0.464,0.0,1.32,0.0,158.4,118.8,0.0,0.0,35.36,0.0,0.0,0.0,0.0,0.0,0.0,0.0,53.0,0.0,0,0,0,0,0,8.0,0.0,11722.26,0.0,11722.26,0.0,0.0
2026-06-05T02:05:16.547+00:00,101777,34904cc0-20b0-44ef-a748-ca0f5d0a3cdb,,10,FAULT,0x0100,PI_LOST,0,1,1,0,1,0,0.0,0.464,0.0,1.305,0.0,156.6,117.45,0.0,0.0,36.33,-0.15,0.0,0.0,0.0,0.0,0.0,0.0,52.9,0.0,0,0,0,0,0,8.0,0.0,11736.0,0.0,11736.0,0.0,8.29
2026-06-05T02:05:16.641+00:00,101893,34904cc0-20b0-44ef-a748-ca0f5d0a3cdb,,10,FAULT,0x0100,PI_LOST,0,1,1,0,1,0,0.0,0.122,0.0,1.304,0.0,156.48,117.36,0.0,0.0,36.58,-0.15,0.0,0.0,0.0,0.0,0.0,0.0,53.0,0.0,0,0,0,0,0,8.0,0.0,11749.61,0.0,11749.61,0.0,2.16
2026-06-05T02:05:16.708+00:00,102009,34904cc0-20b0-44ef-a748-ca0f5d0a3cdb,,10,FAULT,0x0100,PI_LOST,0,1,1,0,1,0,0.0,0.757,0.0,1.298,0.0,155.76,116.82,0.0,0.0,36.09,-0.28,0.0,0.0,0.0,0.0,0.0,0.0,53.0,0.0,0,0,0,0,0,8.0,0.0,11763.16,0.0,11763.16,0.0,-4.22
2026-06-05T02:05:16.824+00:00,102126,34904cc0-20b0-44ef-a748-ca0f5d0a3cdb,,10,FAULT,0x0100,PI_LOST,0,1,1,0,1,0,0.0,0.708,0.0,1.292,0.0,155.04,116.28,0.0,0.0,36.58,-0.4,0.0,0.0,0.0,0.0,0.0,0.0,53.1,0.0,0,0,0,0,0,8.0,0.0,11776.77,0.0,11776.77,0.0,4.19
2026-06-05T02:05:16.942+00:00,102243,34904cc0-20b0-44ef-a748-ca0f5d0a3cdb,,10,FAULT,0x0100,PI_LOST,0,1,1,0,1,0,0.0,0.024,0.0,1.282,0.0,153.84,115.38,0.0,0.0,36.58,-0.15,0.0,0.0,0.0,0.0,0.0,0.0,52.9,0.0,0,0,0,0,0,8.0,0.0,11790.27,0.0,11790.27,0.0,0.0
2026-06-05T02:05:17.066+00:00,102359,34904cc0-20b0-44ef-a748-ca0f5d0a3cdb,,10,FAULT,0x0100,PI_LOST,0,1,1,0,1,0,0.0,0.562,0.0,1.284,0.0,154.08,115.56,0.0,0.0,35.36,-0.52,0.0,0.0,0.0,0.0,0.0,0.0,53.2,0.0,0,0,0,0,0,8.0,0.0,11803.67,0.0,11803.67,0.0,-10.52
2026-06-05T02:05:17.178+00:00,102475,34904cc0-20b0-44ef-a748-ca0f5d0a3cdb,,10,FAULT,0x0100,PI_LOST,0,1,1,0,1,0,0.0,0.366,0.0,1.303,0.0,156.36,117.27,0.0,0.0,35.85,-0.4,0.0,0.0,0.0,0.0,0.0,0.0,53.2,0.0,0,0,0,0,0,8.0,0.0,11817.27,0.0,11817.27,0.0,4.22
2026-06-05T02:05:17.363+00:00,102592,34904cc0-20b0-44ef-a748-ca0f5d0a3cdb,,10,FAULT,0x0100,PI_LOST,0,1,1,0,1,0,0.0,0.806,0.0,1.307,0.0,156.84,117.63,0.0,0.0,36.58,-0.28,0.0,0.0,0.0,0.0,0.0,0.0,53.4,0.0,0,0,0,0,0,8.0,0.0,11831.04,0.0,11831.04,0.0,6.24
2026-06-05T02:05:17.409+00:00,102709,34904cc0-20b0-44ef-a748-ca0f5d0a3cdb,,10,FAULT,0x0100,PI_LOST,0,1,1,0,1,0,0.0,0.366,0.0,1.3,0.0,156.0,117.0,0.0,0.0,35.85,-0.28,0.0,0.0,0.0,0.0,0.0,0.0,53.3,0.0,0,0,0,0,0,8.0,0.0,11844.73,0.0,11844.73,0.0,-6.24
2026-06-05T02:05:17.524+00:00,102824,34904cc0-20b0-44ef-a748-ca0f5d0a3cdb,,10,FAULT,0x0100,PI_LOST,0,1,1,0,1,0,0.0,0.366,0.0,1.298,0.0,155.76,116.82,0.0,0.0,35.11,-0.64,0.0,0.0,0.0,0.0,0.0,0.0,53.2,0.0,0,0,0,0,0,8.0,0.0,11858.16,0.0,11858.16,0.0,-6.43
2026-06-05T02:05:17.642+00:00,102941,34904cc0-20b0-44ef-a748-ca0f5d0a3cdb,,10,FAULT,0x0100,PI_LOST,0,1,1,0,1,0,0.0,0.562,0.0,1.3,0.0,156.0,117.0,0.0,0.0,35.36,-0.28,0.0,0.0,0.0,0.0,0.0,0.0,53.1,0.0,0,0,0,0,0,8.0,0.0,11871.85,0.0,11871.85,0.0,2.14
2026-06-05T02:05:17.757+00:00,103058,34904cc0-20b0-44ef-a748-ca0f5d0a3cdb,,10,FAULT,0x0100,PI_LOST,0,1,1,0,1,0,0.0,0.659,0.0,1.292,0.0,155.04,116.28,0.0,0.0,36.58,-0.4,0.0,0.0,0.0,0.0,0.0,0.0,53.0,0.0,0,0,0,0,0,8.0,0.0,11885.45,0.0,11885.45,0.0,10.43
2026-06-05T02:05:17.879+00:00,103175,34904cc0-20b0-44ef-a748-ca0f5d0a3cdb,,10,FAULT,0x0100,PI_LOST,0,1,1,0,1,0,0.0,0.757,0.0,1.298,0.0,155.76,116.82,0.0,0.0,37.07,-0.64,0.0,0.0,0.0,0.0,0.0,0.0,53.1,0.0,0,0,0,0,0,8.0,0.0,11899.12,0.0,11899.12,0.0,4.19
2026-06-05T02:05:17.991+00:00,103290,34904cc0-20b0-44ef-a748-ca0f5d0a3cdb,,10,FAULT,0x0100,PI_LOST,0,1,1,0,1,0,0.0,0.855,0.0,1.285,0.0,154.2,115.65,0.0,0.0,36.58,0.0,0.0,0.0,0.0,0.0,0.0,0.0,52.7,0.0,0,0,0,0,0,8.0,0.0,11912.42,0.0,11912.42,0.0,-4.26
2026-06-05T02:05:18.109+00:00,103407,34904cc0-20b0-44ef-a748-ca0f5d0a3cdb,,10,FAULT,0x0100,PI_LOST,0,1,1,0,1,0,0.0,0.317,0.0,1.285,0.0,154.2,115.65,0.0,0.0,36.09,-0.15,0.0,0.0,0.0,0.0,0.0,0.0,52.9,0.0,0,0,0,0,0,8.0,0.0,11925.95,0.0,11925.95,0.0,-4.19
2026-06-05T02:05:18.224+00:00,103524,34904cc0-20b0-44ef-a748-ca0f5d0a3cdb,,10,FAULT,0x0100,PI_LOST,0,1,1,0,1,0,0.0,0.708,0.0,1.303,0.0,156.36,117.27,0.0,0.0,36.09,-0.4,0.0,0.0,0.0,0.0,0.0,0.0,52.5,0.0,0,0,0,0,0,8.0,0.0,11939.67,0.0,11939.67,0.0,0.0
2026-06-05T02:05:18.343+00:00,103641,34904cc0-20b0-44ef-a748-ca0f5d0a3cdb,,10,FAULT,0x0100,PI_LOST,0,1,1,0,1,0,0.0,0.317,0.0,1.314,0.0,157.68,118.26,0.0,0.0,36.09,-0.15,0.0,0.0,0.0,0.0,0.0,0.0,52.6,0.0,0,0,0,0,0,8.0,0.0,11953.51,0.0,11953.51,0.0,0.0
2026-06-05T02:05:18.458+00:00,103756,34904cc0-20b0-44ef-a748-ca0f5d0a3cdb,,10,FAULT,0x0100,PI_LOST,0,1,1,0,1,0,0.0,0.708,0.0,1.315,0.0,157.8,118.35,0.0,0.0,35.6,-0.52,0.0,0.0,0.0,0.0,0.0,0.0,53.0,0.0,0,0,0,0,0,8.0,0.0,11967.12,0.0,11967.12,0.0,-4.26
2026-06-05T02:05:18.591+00:00,103873,34904cc0-20b0-44ef-a748-ca0f5d0a3cdb,,10,FAULT,0x0100,PI_LOST,0,1,1,0,1,0,0.0,0.513,0.0,1.303,0.0,156.36,117.27,0.0,0.0,35.85,-0.4,0.0,0.0,0.0,0.0,0.0,0.0,53.0,0.0,0,0,0,0,0,8.0,0.0,11980.84,0.0,11980.84,0.0,2.14
2026-06-05T02:05:18.700+00:00,103990,34904cc0-20b0-44ef-a748-ca0f5d0a3cdb,,10,FAULT,0x0100,PI_LOST,0,1,1,0,1,0,0.0,0.317,0.0,1.297,0.0,155.64,116.73,0.0,0.0,36.33,-0.4,0.0,0.0,0.0,0.0,0.0,0.0,53.1,0.0,0,0,0,0,0,8.0,0.0,11994.5,0.0,11994.5,0.0,4.1
2026-06-05T02:05:18.807+00:00,104105,34904cc0-20b0-44ef-a748-ca0f5d0a3cdb,,10,FAULT,0x0100,PI_LOST,0,1,1,0,1,0,0.0,0.366,0.0,1.315,0.0,157.8,118.35,0.0,0.0,36.58,-0.52,0.0,0.0,0.0,0.0,0.0,0.0,53.0,0.0,0,0,0,0,0,8.0,0.0,12008.11,0.0,12008.11,0.0,2.17
2026-06-05T02:05:18.925+00:00,104222,34904cc0-20b0-44ef-a748-ca0f5d0a3cdb,,10,FAULT,0x0100,PI_LOST,0,1,1,0,1,0,0.0,0.317,0.0,1.304,0.0,156.48,117.36,0.0,0.0,35.85,-0.28,0.0,0.0,0.0,0.0,0.0,0.0,53.2,0.0,0,0,0,0,0,8.0,0.0,12021.84,0.0,12021.84,0.0,-6.24
2026-06-05T02:05:19.040+00:00,104339,34904cc0-20b0-44ef-a748-ca0f5d0a3cdb,,10,FAULT,0x0100,PI_LOST,0,1,1,0,1,0,0.0,0.317,0.0,1.302,0.0,156.24,117.18,0.0,0.0,35.11,-0.52,0.0,0.0,0.0,0.0,0.0,0.0,53.2,0.0,0,0,0,0,0,8.0,0.0,12035.55,0.0,12035.55,0.0,-6.32
2026-06-05T02:05:19.158+00:00,104456,34904cc0-20b0-44ef-a748-ca0f5d0a3cdb,,10,FAULT,0x0100,PI_LOST,0,1,1,0,1,0,0.0,0.562,0.0,1.279,0.0,153.48,115.11,0.0,0.0,35.11,0.2,0.0,0.0,0.0,0.0,0.0,0.0,53.5,0.0,0,0,0,0,0,8.0,0.0,12049.02,0.0,12049.02,0.0,0.0
2026-06-05T02:05:19.320+00:00,104571,34904cc0-20b0-44ef-a748-ca0f5d0a3cdb,,10,FAULT,0x0100,PI_LOST,0,1,1,0,1,0,0.0,0.415,0.0,1.312,0.0,157.44,118.08,0.0,0.0,36.09,-0.52,0.0,0.0,0.0,0.0,0.0,0.0,53.3,0.0,0,0,0,0,0,8.0,0.0,12062.6,0.0,12062.6,0.0,8.52
2026-06-05T02:05:19.413+00:00,104688,34904cc0-20b0-44ef-a748-ca0f5d0a3cdb,,10,FAULT,0x0100,PI_LOST,0,1,1,0,1,0,0.0,0.904,0.0,1.322,0.0,158.64,118.98,0.0,0.0,36.58,-0.28,0.0,0.0,0.0,0.0,0.0,0.0,53.4,0.0,0,0,0,0,0,8.0,0.0,12076.52,0.0,12076.52,0.0,4.19
2026-06-05T02:05:19.523+00:00,104805,34904cc0-20b0-44ef-a748-ca0f5d0a3cdb,,10,FAULT,0x0100,PI_LOST,0,1,1,0,1,0,0.0,0.562,0.0,1.327,0.0,159.24,119.43,0.0,0.0,34.62,-0.15,0.0,0.0,0.0,0.0,0.0,0.0,53.3,0.0,0,0,0,0,0,8.0,0.0,12090.49,0.0,12090.49,0.0,-16.75
2026-06-05T02:05:19.625+00:00,104922,34904cc0-20b0-44ef-a748-ca0f5d0a3cdb,,10,FAULT,0x0100,PI_LOST,0,1,1,0,1,0,0.0,0.464,0.0,1.324,0.0,158.88,119.16,0.0,0.0,35.11,-0.28,0.0,0.0,0.0,0.0,0.0,0.0,53.4,0.0,0,0,0,0,0,8.0,0.0,12104.43,0.0,12104.43,0.0,4.19
2026-06-05T02:05:19.741+00:00,105037,34904cc0-20b0-44ef-a748-ca0f5d0a3cdb,,10,FAULT,0x0100,PI_LOST,0,1,1,0,1,0,0.0,0.464,0.0,1.344,0.0,161.28,120.96,0.0,0.0,35.36,-0.4,0.0,0.0,0.0,0.0,0.0,0.0,53.3,0.0,0,0,0,0,0,8.0,0.0,12118.34,0.0,12118.34,0.0,2.17
2026-06-05T02:05:19.859+00:00,105154,34904cc0-20b0-44ef-a748-ca0f5d0a3cdb,,10,FAULT,0x0100,PI_LOST,0,1,1,0,1,0,0.0,0.659,0.0,1.346,0.0,161.52,121.14,0.0,0.0,36.09,-0.64,0.0,0.0,0.0,0.0,0.0,0.0,53.5,0.0,0,0,0,0,0,8.0,0.0,12132.52,0.0,12132.52,0.0,6.24
2026-06-05T02:05:20.057+00:00,105271,34904cc0-20b0-44ef-a748-ca0f5d0a3cdb,,10,FAULT,0x0100,PI_LOST,0,1,1,0,1,0,0.0,0.366,0.0,1.34,0.0,160.8,120.6,0.0,0.0,35.6,-0.52,0.0,0.0,0.0,0.0,0.0,0.0,53.4,0.0,0,0,0,0,0,8.0,0.0,12146.63,0.0,12146.63,0.0,-4.19
2026-06-05T02:05:20.155+00:00,105388,34904cc0-20b0-44ef-a748-ca0f5d0a3cdb,,10,FAULT,0x0100,PI_LOST,0,1,1,0,1,0,0.0,0.366,0.0,1.327,0.0,159.24,119.43,0.0,0.0,35.36,-0.4,0.0,0.0,0.0,0.0,0.0,0.0,53.2,0.0,0,0,0,0,0,8.0,0.0,12160.6,0.0,12160.6,0.0,-2.05
2026-06-05T02:05:20.249+00:00,105503,34904cc0-20b0-44ef-a748-ca0f5d0a3cdb,,10,FAULT,0x0100,PI_LOST,0,1,1,0,1,0,0.0,0.317,0.0,1.324,0.0,158.88,119.16,0.0,0.0,35.36,-0.4,0.0,0.0,0.0,0.0,0.0,0.0,53.4,0.0,0,0,0,0,0,8.0,0.0,12174.3,0.0,12174.3,0.0,0.0
2026-06-05T02:05:20.325+00:00,105620,34904cc0-20b0-44ef-a748-ca0f5d0a3cdb,,10,FAULT,0x0100,PI_LOST,0,1,1,0,1,0,0.0,0.317,0.0,1.315,0.0,157.8,118.35,0.0,0.0,37.07,0.0,0.0,0.0,0.0,0.0,0.0,0.0,53.5,0.0,0,0,0,0,0,8.0,0.0,12188.15,0.0,12188.15,0.0,14.62
2026-06-05T02:05:20.440+00:00,105737,34904cc0-20b0-44ef-a748-ca0f5d0a3cdb,,10,FAULT,0x0100,PI_LOST,0,1,1,0,1,0,0.0,0.464,0.0,1.326,0.0,159.12,119.34,0.0,0.0,36.82,-0.28,0.0,0.0,0.0,0.0,0.0,0.0,53.3,0.0,0,0,0,0,0,8.0,0.0,12202.11,0.0,12202.11,0.0,-2.14
2026-06-05T02:05:20.559+00:00,105853,34904cc0-20b0-44ef-a748-ca0f5d0a3cdb,,10,FAULT,0x0100,PI_LOST,0,1,1,0,1,0,0.0,0.562,0.0,1.33,0.0,159.6,119.7,0.0,0.0,35.11,-0.4,0.0,0.0,0.0,0.0,0.0,0.0,53.5,0.0,0,0,0,0,0,8.0,0.0,12216.0,0.0,12216.0,0.0,-14.74
2026-06-05T02:05:20.675+00:00,105969,34904cc0-20b0-44ef-a748-ca0f5d0a3cdb,,10,FAULT,0x0100,PI_LOST,0,1,1,0,1,0,0.0,0.317,0.0,1.33,0.0,159.6,119.7,0.0,0.0,34.87,-0.4,0.0,0.0,0.0,0.0,0.0,0.0,53.1,0.0,0,0,0,0,0,8.0,0.0,12229.88,0.0,12229.88,0.0,-2.07
2026-06-05T02:05:20.857+00:00,106086,34904cc0-20b0-44ef-a748-ca0f5d0a3cdb,,10,FAULT,0x0100,PI_LOST,0,1,1,0,1,0,0.0,0.464,0.0,1.331,0.0,159.72,119.79,0.0,0.0,36.33,-0.4,0.0,0.0,0.0,0.0,0.0,0.0,53.3,0.0,0,0,0,0,0,8.0,0.0,12243.9,0.0,12243.9,0.0,12.48
2026-06-05T02:05:20.967+00:00,106203,34904cc0-20b0-44ef-a748-ca0f5d0a3cdb,,10,FAULT,0x0100,PI_LOST,0,1,1,0,1,0,0.0,0.513,0.0,1.33,0.0,159.6,119.7,0.0,0.0,36.82,-0.4,0.0,0.0,0.0,0.0,0.0,0.0,53.5,0.0,0,0,0,0,0,8.0,0.0,12257.9,0.0,12257.9,0.0,4.19
2026-06-05T02:05:21.026+00:00,106319,34904cc0-20b0-44ef-a748-ca0f5d0a3cdb,,10,FAULT,0x0100,PI_LOST,0,1,1,0,1,0,0.0,0.464,0.0,1.33,0.0,159.6,119.7,0.0,0.0,36.58,-0.28,0.0,0.0,0.0,0.0,0.0,0.0,53.3,0.0,0,0,0,0,0,8.0,0.0,12271.79,0.0,12271.79,0.0,-2.07
2026-06-05T02:05:21.141+00:00,106435,34904cc0-20b0-44ef-a748-ca0f5d0a3cdb,,10,FAULT,0x0100,PI_LOST,0,1,1,0,1,0,0.0,0.464,0.0,1.33,0.0,159.6,119.7,0.0,0.0,35.85,-0.4,0.0,0.0,0.0,0.0,0.0,0.0,53.4,0.0,0,0,0,0,0,8.0,0.0,12285.67,0.0,12285.67,0.0,-6.29
2026-06-05T02:05:21.259+00:00,106552,34904cc0-20b0-44ef-a748-ca0f5d0a3cdb,,10,FAULT,0x0100,PI_LOST,0,1,1,0,1,0,0.0,0.415,0.0,1.328,0.0,159.36,119.52,0.0,0.0,36.09,-0.15,0.0,0.0,0.0,0.0,0.0,0.0,53.8,0.0,0,0,0,0,0,8.0,0.0,12299.66,0.0,12299.66,0.0,2.05
2026-06-05T02:05:21.374+00:00,106669,34904cc0-20b0-44ef-a748-ca0f5d0a3cdb,,10,FAULT,0x0100,PI_LOST,0,1,1,0,1,0,0.0,0.464,0.0,1.307,0.0,156.84,117.63,0.0,0.0,36.33,-0.4,0.0,0.0,0.0,0.0,0.0,0.0,53.4,0.0,0,0,0,0,0,8.0,0.0,12313.42,0.0,12313.42,0.0,2.05
2026-06-05T02:05:21.501+00:00,106784,34904cc0-20b0-44ef-a748-ca0f5d0a3cdb,,10,FAULT,0x0100,PI_LOST,0,1,1,0,1,0,0.0,0.562,0.0,1.33,0.0,159.6,119.7,0.0,0.0,36.09,-0.4,0.0,0.0,0.0,0.0,0.0,0.0,54.0,0.0,0,0,0,0,0,8.0,0.0,12327.19,0.0,12327.19,0.0,-2.09
2026-06-05T02:05:21.681+00:00,106901,34904cc0-20b0-44ef-a748-ca0f5d0a3cdb,,10,FAULT,0x0100,PI_LOST,0,1,1,0,1,0,0.0,0.464,0.0,1.33,0.0,159.6,119.7,0.0,0.0,35.85,-0.28,0.0,0.0,0.0,0.0,0.0,0.0,53.8,0.0,0,0,0,0,0,8.0,0.0,12341.19,0.0,12341.19,0.0,-2.05
2026-06-05T02:05:21.726+00:00,107018,34904cc0-20b0-44ef-a748-ca0f5d0a3cdb,,10,FAULT,0x0100,PI_LOST,0,1,1,0,1,0,0.0,0.708,0.0,1.325,0.0,159.0,119.25,0.0,0.0,36.82,-0.64,0.0,0.0,0.0,0.0,0.0,0.0,54.0,0.0,0,0,0,0,0,8.0,0.0,12355.14,0.0,12355.14,0.0,8.29
2026-06-05T02:05:21.841+00:00,107134,34904cc0-20b0-44ef-a748-ca0f5d0a3cdb,,10,FAULT,0x0100,PI_LOST,0,1,1,0,1,0,0.0,0.61,0.0,1.326,0.0,159.12,119.34,0.0,0.0,36.33,0.0,0.0,0.0,0.0,0.0,0.0,0.0,53.5,0.0,0,0,0,0,0,8.0,0.0,12368.99,0.0,12368.99,0.0,-4.22
2026-06-05T02:05:21.959+00:00,107250,34904cc0-20b0-44ef-a748-ca0f5d0a3cdb,,10,FAULT,0x0100,PI_LOST,0,1,1,0,1,0,0.0,0.464,0.0,1.336,0.0,160.32,120.24,0.0,0.0,36.58,-0.52,0.0,0.0,0.0,0.0,0.0,0.0,54.0,0.0,0,0,0,0,0,8.0,0.0,12382.93,0.0,12382.93,0.0,2.16
2026-06-05T02:05:22.075+00:00,107367,34904cc0-20b0-44ef-a748-ca0f5d0a3cdb,,10,FAULT,0x0100,PI_LOST,0,1,1,0,1,0,0.0,0.366,0.0,1.34,0.0,160.8,120.6,0.0,0.0,36.33,-0.4,0.0,0.0,0.0,0.0,0.0,0.0,53.7,0.0,0,0,0,0,0,8.0,0.0,12397.05,0.0,12397.05,0.0,-2.14
2026-06-05T02:05:22.215+00:00,107484,34904cc0-20b0-44ef-a748-ca0f5d0a3cdb,,10,FAULT,0x0100,PI_LOST,0,1,1,0,1,0,0.0,0.855,0.0,1.352,0.0,162.24,121.68,0.0,0.0,36.09,0.0,0.0,0.0,0.0,0.0,0.0,0.0,53.6,0.0,0,0,0,0,0,8.0,0.0,12411.28,0.0,12411.28,0.0,-2.05
2026-06-05T02:05:22.309+00:00,107599,34904cc0-20b0-44ef-a748-ca0f5d0a3cdb,,10,FAULT,0x0100,PI_LOST,0,1,1,0,1,0,0.0,0.757,0.0,1.362,0.0,163.44,122.58,0.0,0.0,35.36,-0.15,0.0,0.0,0.0,0.0,0.0,0.0,54.9,0.0,0,0,0,0,0,8.0,0.0,12425.38,0.0,12425.38,0.0,-6.35
2026-06-05T02:05:22.426+00:00,107716,34904cc0-20b0-44ef-a748-ca0f5d0a3cdb,,10,FAULT,0x0100,PI_LOST,0,1,1,0,1,0,0.0,0.317,0.0,1.37,0.0,164.4,123.3,0.0,0.0,36.09,-0.28,0.0,0.0,0.0,0.0,0.0,0.0,55.0,0.0,0,0,0,0,0,8.0,0.0,12439.8,0.0,12439.8,0.0,6.24
2026-06-05T02:05:22.541+00:00,107833,34904cc0-20b0-44ef-a748-ca0f5d0a3cdb,,10,FAULT,0x0100,PI_LOST,0,1,1,0,1,0,0.0,0.268,0.0,1.357,0.0,162.84,122.13,0.0,0.0,35.11,-0.28,0.0,0.0,0.0,0.0,0.0,0.0,55.4,0.0,0,0,0,0,0,8.0,0.0,12454.09,0.0,12454.09,0.0,-8.38
2026-06-05T02:05:22.660+00:00,107950,34904cc0-20b0-44ef-a748-ca0f5d0a3cdb,,10,FAULT,0x0100,PI_LOST,0,1,1,0,1,0,0.0,0.61,0.0,1.346,0.0,161.52,121.14,0.0,0.0,34.87,-0.4,0.0,0.0,0.0,0.0,0.0,0.0,55.8,0.0,0,0,0,0,0,8.0,0.0,12468.27,0.0,12468.27,0.0,-2.05
2026-06-05T02:05:22.775+00:00,108065,34904cc0-20b0-44ef-a748-ca0f5d0a3cdb,,10,FAULT,0x0100,PI_LOST,0,1,1,0,1,0,0.0,0.366,0.0,1.365,0.0,163.8,122.85,0.0,0.0,36.09,-0.15,0.0,0.0,0.0,0.0,0.0,0.0,55.6,0.0,0,0,0,0,0,8.0,0.0,12482.39,0.0,12482.39,0.0,10.61
2026-06-05T02:05:22.929+00:00,108182,34904cc0-20b0-44ef-a748-ca0f5d0a3cdb,,10,FAULT,0x0100,PI_LOST,0,1,1,0,1,0,0.0,0.268,0.0,1.364,0.0,163.68,122.76,0.0,0.0,36.09,-0.28,0.0,0.0,0.0,0.0,0.0,0.0,54.9,0.0,0,0,0,0,0,8.0,0.0,12496.76,0.0,12496.76,0.0,0.0
2026-06-05T02:05:23.023+00:00,108299,34904cc0-20b0-44ef-a748-ca0f5d0a3cdb,,10,FAULT,0x0100,PI_LOST,0,1,1,0,1,0,0.0,0.513,0.0,1.367,0.0,164.04,123.03,0.0,0.0,35.11,-0.52,0.0,0.0,0.0,0.0,0.0,0.0,54.3,0.0,0,0,0,0,0,8.0,0.0,12511.15,0.0,12511.15,0.0,-8.38
2026-06-05T02:05:23.127+00:00,108416,34904cc0-20b0-44ef-a748-ca0f5d0a3cdb,,10,FAULT,0x0100,PI_LOST,0,1,1,0,1,0,0.0,0.708,0.0,1.353,0.0,162.36,121.77,0.0,0.0,35.36,-0.4,0.0,0.0,0.0,0.0,0.0,0.0,54.4,0.0,0,0,0,0,0,8.0,0.0,12525.4,0.0,12525.4,0.0,2.14
2026-06-05T02:05:23.242+00:00,108531,34904cc0-20b0-44ef-a748-ca0f5d0a3cdb,,10,FAULT,0x0100,PI_LOST,0,1,1,0,1,0,0.0,0.708,0.0,1.357,0.0,162.84,122.13,0.0,0.0,35.85,-0.15,0.0,0.0,0.0,0.0,0.0,0.0,54.5,0.0,0,0,0,0,0,8.0,0.0,12539.44,0.0,12539.44,0.0,4.26
2026-06-05T02:05:23.360+00:00,108648,34904cc0-20b0-44ef-a748-ca0f5d0a3cdb,,10,FAULT,0x0100,PI_LOST,0,1,1,0,1,0,0.0,0.61,0.0,1.363,0.0,163.56,122.67,0.0,0.0,36.82,-0.52,0.0,0.0,0.0,0.0,0.0,0.0,53.7,0.0,0,0,0,0,0,8.0,0.0,12553.8,0.0,12553.8,0.0,8.29
2026-06-05T02:05:23.475+00:00,108765,34904cc0-20b0-44ef-a748-ca0f5d0a3cdb,,10,FAULT,0x0100,PI_LOST,0,1,1,0,1,0,0.0,0.513,0.0,1.354,0.0,162.48,121.86,0.0,0.0,36.09,-0.52,0.0,0.0,0.0,0.0,0.0,0.0,53.7,0.0,0,0,0,0,0,8.0,0.0,12568.05,0.0,12568.05,0.0,-6.24
2026-06-05T02:05:23.644+00:00,108881,34904cc0-20b0-44ef-a748-ca0f5d0a3cdb,,10,FAULT,0x0100,PI_LOST,0,1,1,0,1,0,0.0,0.415,0.0,1.354,0.0,162.48,121.86,0.0,0.0,36.58,-0.4,0.0,0.0,0.0,0.0,0.0,0.0,53.7,0.0,0,0,0,0,0,8.0,0.0,12582.19,0.0,12582.19,0.0,4.22
2026-06-05T02:05:23.740+00:00,108997,34904cc0-20b0-44ef-a748-ca0f5d0a3cdb,,10,FAULT,0x0100,PI_LOST,0,1,1,0,1,0,0.0,0.366,0.0,1.347,0.0,161.64,121.23,0.0,0.0,36.33,-0.4,0.0,0.0,0.0,0.0,0.0,0.0,53.2,0.0,0,0,0,0,0,8.0,0.0,12596.25,0.0,12596.25,0.0,-2.16
2026-06-05T02:05:23.830+00:00,109114,34904cc0-20b0-44ef-a748-ca0f5d0a3cdb,,10,FAULT,0x0100,PI_LOST,0,1,1,0,1,0,0.0,0.464,0.0,1.346,0.0,161.52,121.14,0.0,0.0,36.82,-0.15,0.0,0.0,0.0,0.0,0.0,0.0,53.7,0.0,0,0,0,0,0,8.0,0.0,12610.43,0.0,12610.43,0.0,4.19
2026-06-05T02:05:23.942+00:00,109231,34904cc0-20b0-44ef-a748-ca0f5d0a3cdb,,10,FAULT,0x0100,PI_LOST,0,1,1,0,1,0,0.0,0.562,0.0,1.325,0.0,159.0,119.25,0.0,0.0,36.58,-0.28,0.0,0.0,0.0,0.0,0.0,0.0,53.3,0.0,0,0,0,0,0,8.0,0.0,12624.38,0.0,12624.38,0.0,-2.05
2026-06-05T02:05:24.060+00:00,109347,34904cc0-20b0-44ef-a748-ca0f5d0a3cdb,,10,FAULT,0x0100,PI_LOST,0,1,1,0,1,0,0.0,0.171,0.0,1.318,0.0,158.16,118.62,0.0,0.0,35.11,-0.28,0.0,0.0,0.0,0.0,0.0,0.0,53.5,0.0,0,0,0,0,0,8.0,0.0,12638.14,0.0,12638.14,0.0,-12.67
2026-06-05T02:05:24.175+00:00,109463,34904cc0-20b0-44ef-a748-ca0f5d0a3cdb,,10,FAULT,0x0100,PI_LOST,0,1,1,0,1,0,0.0,0.659,0.0,1.315,0.0,157.8,118.35,0.0,0.0,35.11,-0.15,0.0,0.0,0.0,0.0,0.0,0.0,53.5,0.0,0,0,0,0,0,8.0,0.0,12651.87,0.0,12651.87,0.0,0.0
2026-06-05T02:05:24.370+00:00,109580,34904cc0-20b0-44ef-a748-ca0f5d0a3cdb,,10,FAULT,0x0100,PI_LOST,0,1,1,0,1,0,0.0,0.562,0.0,1.316,0.0,157.92,118.44,0.0,0.0,35.6,0.0,0.0,0.0,0.0,0.0,0.0,0.0,53.1,0.0,0,0,0,0,0,8.0,0.0,12665.72,0.0,12665.72,0.0,4.19
2026-06-05T02:05:24.453+00:00,109697,34904cc0-20b0-44ef-a748-ca0f5d0a3cdb,,10,FAULT,0x0100,PI_LOST,0,1,1,0,1,0,0.0,0.757,0.0,1.332,0.0,159.84,119.88,0.0,0.0,35.11,-0.52,0.0,0.0,0.0,0.0,0.0,0.0,53.0,0.0,0,0,0,0,0,8.0,0.0,12679.75,0.0,12679.75,0.0,-4.19
2026-06-05T02:05:24.558+00:00,109813,34904cc0-20b0-44ef-a748-ca0f5d0a3cdb,,10,FAULT,0x0100,PI_LOST,0,1,1,0,1,0,0.0,0.562,0.0,1.342,0.0,161.04,120.78,0.0,0.0,35.36,-0.28,0.0,0.0,0.0,0.0,0.0,0.0,53.1,0.0,0,0,0,0,0,8.0,0.0,12693.76,0.0,12693.76,0.0,2.16
2026-06-05T02:05:24.643+00:00,109929,34904cc0-20b0-44ef-a748-ca0f5d0a3cdb,,10,FAULT,0x0100,PI_LOST,0,1,1,0,1,0,0.0,0.219,0.0,1.334,0.0,160.08,120.06,0.0,0.0,36.58,-0.52,0.0,0.0,0.0,0.0,0.0,0.0,52.5,0.0,0,0,0,0,0,8.0,0.0,12707.69,0.0,12707.69,0.0,10.52
2026-06-05T02:05:24.758+00:00,110046,34904cc0-20b0-44ef-a748-ca0f5d0a3cdb,,10,FAULT,0x0100,PI_LOST,0,1,1,0,1,0,0.0,0.415,0.0,1.331,0.0,159.72,119.79,0.0,0.0,36.33,-0.52,0.0,0.0,0.0,0.0,0.0,0.0,52.7,0.0,0,0,0,0,0,8.0,0.0,12721.7,0.0,12721.7,0.0,-2.14
2026-06-05T02:05:24.876+00:00,110162,34904cc0-20b0-44ef-a748-ca0f5d0a3cdb,,10,FAULT,0x0100,PI_LOST,0,1,1,0,1,0,0.0,0.415,0.0,1.318,0.0,158.16,118.62,0.0,0.0,35.36,0.0,0.0,0.0,0.0,0.0,0.0,0.0,52.4,0.0,0,0,0,0,0,8.0,0.0,12735.46,0.0,12735.46,0.0,-8.36
2026-06-05T02:05:25.003+00:00,110278,34904cc0-20b0-44ef-a748-ca0f5d0a3cdb,,10,FAULT,0x0100,PI_LOST,0,1,1,0,1,0,0.0,0.415,0.0,1.325,0.0,159.0,119.25,0.0,0.0,35.11,-0.4,0.0,0.0,0.0,0.0,0.0,0.0,52.5,0.0,0,0,0,0,0,8.0,0.0,12749.3,0.0,12749.3,0.0,-2.16
2026-06-05T02:05:25.144+00:00,110395,34904cc0-20b0-44ef-a748-ca0f5d0a3cdb,,10,FAULT,0x0100,PI_LOST,0,1,1,0,1,0,0.0,0.171,0.0,1.287,0.0,154.44,115.83,0.0,0.0,35.85,-0.28,0.0,0.0,0.0,0.0,0.0,0.0,52.7,0.0,0,0,0,0,0,8.0,0.0,12762.85,0.0,12762.85,0.0,6.32
2026-06-05T02:05:25.241+00:00,110512,34904cc0-20b0-44ef-a748-ca0f5d0a3cdb,,10,FAULT,0x0100,PI_LOST,0,1,1,0,1,0,0.0,0.122,0.0,1.278,0.0,153.36,115.02,0.0,0.0,36.58,-0.28,0.0,0.0,0.0,0.0,0.0,0.0,52.2,0.0,0,0,0,0,0,8.0,0.0,12776.31,0.0,12776.31,0.0,6.24
2026-06-05T02:05:25.343+00:00,110628,34904cc0-20b0-44ef-a748-ca0f5d0a3cdb,,10,FAULT,0x0100,PI_LOST,0,1,1,0,1,0,0.0,0.464,0.0,1.27,0.0,152.4,114.3,0.0,0.0,36.33,-0.64,0.0,0.0,0.0,0.0,0.0,0.0,51.6,0.0,0,0,0,0,0,8.0,0.0,12789.56,0.0,12789.56,0.0,-2.16
2026-06-05T02:05:25.458+00:00,110745,34904cc0-20b0-44ef-a748-ca0f5d0a3cdb,,10,FAULT,0x0100,PI_LOST,0,1,1,0,1,0,0.0,0.366,0.0,1.27,0.0,152.4,114.3,0.0,0.0,35.85,-0.28,0.0,0.0,0.0,0.0,0.0,0.0,50.8,0.0,0,0,0,0,0,8.0,0.0,12802.94,0.0,12802.94,0.0,-4.1
2026-06-05T02:05:25.576+00:00,110861,34904cc0-20b0-44ef-a748-ca0f5d0a3cdb,,10,FAULT,0x0100,PI_LOST,0,1,1,0,1,0,0.0,0.562,0.0,1.256,0.0,150.72,113.04,0.0,0.0,36.82,-0.4,0.0,0.0,0.0,0.0,0.0,0.0,50.2,0.0,0,0,0,0,0,8.0,0.0,12816.05,0.0,12816.05,0.0,8.36
2026-06-05T02:05:25.691+00:00,110978,34904cc0-20b0-44ef-a748-ca0f5d0a3cdb,,10,FAULT,0x0100,PI_LOST,0,1,1,0,1,0,0.0,0.268,0.0,1.24,0.0,148.8,111.6,0.0,0.0,36.09,-0.64,0.0,0.0,0.0,0.0,0.0,0.0,49.4,0.0,0,0,0,0,0,8.0,0.0,12829.11,0.0,12829.11,0.0,-6.24
2026-06-05T02:05:25.875+00:00,111094,34904cc0-20b0-44ef-a748-ca0f5d0a3cdb,,10,FAULT,0x0100,PI_LOST,0,1,1,0,1,0,0.0,0.562,0.0,1.244,0.0,149.28,111.96,0.0,0.0,35.11,-0.28,0.0,0.0,0.0,0.0,0.0,0.0,49.1,0.0,0,0,0,0,0,8.0,0.0,12842.09,0.0,12842.09,0.0,-8.45
2026-06-05T02:05:25.969+00:00,111211,34904cc0-20b0-44ef-a748-ca0f5d0a3cdb,,10,FAULT,0x0100,PI_LOST,0,1,1,0,1,0,0.0,0.464,0.0,1.24,0.0,148.8,111.6,0.0,0.0,36.09,-0.28,0.0,0.0,0.0,0.0,0.0,0.0,49.1,0.0,0,0,0,0,0,8.0,0.0,12855.15,0.0,12855.15,0.0,8.38
2026-06-05T02:05:26.061+00:00,111327,34904cc0-20b0-44ef-a748-ca0f5d0a3cdb,,10,FAULT,0x0100,PI_LOST,0,1,1,0,1,0,0.0,0.708,0.0,1.245,0.0,149.4,112.05,0.0,0.0,35.6,-0.4,0.0,0.0,0.0,0.0,0.0,0.0,50.3,0.0,0,0,0,0,0,8.0,0.0,12868.15,0.0,12868.15,0.0,-4.22
2026-06-05T02:05:26.158+00:00,111443,34904cc0-20b0-44ef-a748-ca0f5d0a3cdb,,10,FAULT,0x0100,PI_LOST,0,1,1,0,1,0,0.0,0.659,0.0,1.249,0.0,149.88,112.41,0.0,0.0,35.85,-0.4,0.0,0.0,0.0,0.0,0.0,0.0,51.2,0.0,0,0,0,0,0,8.0,0.0,12881.19,0.0,12881.19,0.0,2.16
2026-06-05T02:05:26.277+00:00,111559,34904cc0-20b0-44ef-a748-ca0f5d0a3cdb,,10,FAULT,0x0100,PI_LOST,0,1,1,0,1,0,0.0,0.415,0.0,1.248,0.0,149.76,112.32,0.0,0.0,35.36,-0.15,0.0,0.0,0.0,0.0,0.0,0.0,52.0,0.0,0,0,0,0,0,8.0,0.0,12894.22,0.0,12894.22,0.0,-4.22
2026-06-05T02:05:26.392+00:00,111676,34904cc0-20b0-44ef-a748-ca0f5d0a3cdb,,10,FAULT,0x0100,PI_LOST,0,1,1,0,1,0,0.0,0.562,0.0,1.243,0.0,149.16,111.87,0.0,0.0,36.33,-0.4,0.0,0.0,0.0,0.0,0.0,0.0,51.3,0.0,0,0,0,0,0,8.0,0.0,12907.31,0.0,12907.31,0.0,8.29
2026-06-05T02:05:26.581+00:00,111793,34904cc0-20b0-44ef-a748-ca0f5d0a3cdb,,10,FAULT,0x0100,PI_LOST,0,1,1,0,1,0,0.0,0.366,0.0,1.251,0.0,150.12,112.59,0.0,0.0,36.09,0.0,0.0,0.0,0.0,0.0,0.0,0.0,51.9,0.0,0,0,0,0,0,8.0,0.0,12920.48,0.0,12920.48,0.0,-2.05
2026-06-05T02:05:26.693+00:00,111909,34904cc0-20b0-44ef-a748-ca0f5d0a3cdb,,10,FAULT,0x0100,PI_LOST,0,1,1,0,1,0,0.0,0.366,0.0,1.26,0.0,151.2,113.4,0.0,0.0,36.58,-0.28,0.0,0.0,0.0,0.0,0.0,0.0,51.7,0.0,0,0,0,0,0,8.0,0.0,12933.63,0.0,12933.63,0.0,4.22
2026-06-05T02:05:26.788+00:00,112025,34904cc0-20b0-44ef-a748-ca0f5d0a3cdb,,10,FAULT,0x0100,PI_LOST,0,1,1,0,1,0,0.0,0.757,0.0,1.267,0.0,152.04,114.03,0.0,0.0,35.6,-0.28,0.0,0.0,0.0,0.0,0.0,0.0,51.9,0.0,0,0,0,0,0,8.0,0.0,12946.86,0.0,12946.86,0.0,-8.45
2026-06-05T02:05:26.858+00:00,112142,34904cc0-20b0-44ef-a748-ca0f5d0a3cdb,,10,FAULT,0x0100,PI_LOST,0,1,1,0,1,0,0.0,0.806,0.0,1.293,0.0,155.16,116.37,0.0,0.0,36.58,0.0,0.0,0.0,0.0,0.0,0.0,0.0,52.6,0.0,0,0,0,0,0,8.0,0.0,12960.48,0.0,12960.48,0.0,8.38
2026-06-05T02:05:26.977+00:00,112259,34904cc0-20b0-44ef-a748-ca0f5d0a3cdb,,10,FAULT,0x0100,PI_LOST,0,1,1,0,1,0,0.0,0.366,0.0,1.291,0.0,154.92,116.19,0.0,0.0,36.82,-0.64,0.0,0.0,0.0,0.0,0.0,0.0,53.2,0.0,0,0,0,0,0,8.0,0.0,12974.07,0.0,12974.07,0.0,2.05
2026-06-05T02:05:27.092+00:00,112374,34904cc0-20b0-44ef-a748-ca0f5d0a3cdb,,10,FAULT,0x0100,PI_LOST,0,1,1,0,1,0,0.0,0.904,0.0,1.3,0.0,156.0,117.0,0.0,0.0,36.09,-0.4,0.0,0.0,0.0,0.0,0.0,0.0,54.3,0.0,0,0,0,0,0,8.0,0.0,12987.53,0.0,12987.53,0.0,-6.35
2026-06-05T02:05:27.213+00:00,112491,34904cc0-20b0-44ef-a748-ca0f5d0a3cdb,,10,FAULT,0x0100,PI_LOST,0,1,1,0,1,0,0.0,0.659,0.0,1.332,0.0,159.84,119.88,0.0,0.0,36.09,-0.15,0.0,0.0,0.0,0.0,0.0,0.0,55.7,0.0,0,0,0,0,0,8.0,0.0,13001.55,0.0,13001.55,0.0,0.0
2026-06-05T02:05:27.325+00:00,112608,34904cc0-20b0-44ef-a748-ca0f5d0a3cdb,,10,FAULT,0x0100,PI_LOST,0,1,1,0,1,0,0.0,0.513,0.0,1.339,0.0,160.68,120.51,0.0,0.0,36.09,-0.28,0.0,0.0,0.0,0.0,0.0,0.0,56.6,0.0,0,0,0,0,0,8.0,0.0,13015.65,0.0,13015.65,0.0,0.0
2026-06-05T02:05:27.506+00:00,112723,34904cc0-20b0-44ef-a748-ca0f5d0a3cdb,,10,FAULT,0x0100,PI_LOST,0,1,1,0,1,0,0.0,0.464,0.0,1.338,0.0,160.56,120.42,0.0,0.0,35.36,-0.4,0.0,0.0,0.0,0.0,0.0,0.0,56.6,0.0,0,0,0,0,0,8.0,0.0,13029.5,0.0,13029.5,0.0,-6.35
2026-06-05T02:05:27.559+00:00,112840,34904cc0-20b0-44ef-a748-ca0f5d0a3cdb,,10,FAULT,0x0100,PI_LOST,0,1,1,0,1,0,0.0,0.366,0.0,1.335,0.0,160.2,120.15,0.0,0.0,36.33,-0.52,0.0,0.0,0.0,0.0,0.0,0.0,56.3,0.0,0,0,0,0,0,8.0,0.0,13043.56,0.0,13043.56,0.0,8.29
2026-06-05T02:05:27.677+00:00,112957,34904cc0-20b0-44ef-a748-ca0f5d0a3cdb,,10,FAULT,0x0100,PI_LOST,0,1,1,0,1,0,0.0,0.415,0.0,1.337,0.0,160.44,120.33,0.0,0.0,36.58,0.0,0.0,0.0,0.0,0.0,0.0,0.0,55.9,0.0,0,0,0,0,0,8.0,0.0,13057.64,0.0,13057.64,0.0,2.14
2026-06-05T02:05:27.792+00:00,113073,34904cc0-20b0-44ef-a748-ca0f5d0a3cdb,,10,FAULT,0x0100,PI_LOST,0,1,1,0,1,0,0.0,0.708,0.0,1.339,0.0,160.68,120.51,0.0,0.0,35.36,-0.4,0.0,0.0,0.0,0.0,0.0,0.0,56.4,0.0,0,0,0,0,0,8.0,0.0,13071.62,0.0,13071.62,0.0,-10.52
2026-06-05T02:05:27.910+00:00,113189,34904cc0-20b0-44ef-a748-ca0f5d0a3cdb,,10,FAULT,0x0100,PI_LOST,0,1,1,0,1,0,0.0,0.464,0.0,1.345,0.0,161.4,121.05,0.0,0.0,35.85,-0.4,0.0,0.0,0.0,0.0,0.0,0.0,57.4,0.0,0,0,0,0,0,8.0,0.0,13085.66,0.0,13085.66,0.0,4.22
2026-06-05T02:05:28.040+00:00,113306,34904cc0-20b0-44ef-a748-ca0f5d0a3cdb,,10,FAULT,0x0100,PI_LOST,0,1,1,0,1,0,0.0,0.708,0.0,1.347,0.0,161.64,121.23,0.0,0.0,36.58,0.0,0.0,0.0,0.0,0.0,0.0,0.0,57.4,0.0,0,0,0,0,0,8.0,0.0,13099.84,0.0,13099.84,0.0,6.24
2026-06-05T02:05:28.212+00:00,113422,34904cc0-20b0-44ef-a748-ca0f5d0a3cdb,,10,FAULT,0x0100,PI_LOST,0,1,1,0,1,0,0.0,0.562,0.0,1.367,0.0,164.04,123.03,0.0,0.0,36.09,-0.15,0.0,0.0,0.0,0.0,0.0,0.0,57.4,0.0,0,0,0,0,0,8.0,0.0,13114.11,0.0,13114.11,0.0,-4.22
2026-06-05T02:05:28.259+00:00,113539,34904cc0-20b0-44ef-a748-ca0f5d0a3cdb,,10,FAULT,0x0100,PI_LOST,0,1,1,0,1,0,0.0,0.415,0.0,1.375,0.0,165.0,123.75,0.0,0.0,35.6,-0.28,0.0,0.0,0.0,0.0,0.0,0.0,57.0,0.0,0,0,0,0,0,8.0,0.0,13128.59,0.0,13128.59,0.0,-4.19
2026-06-05T02:05:28.374+00:00,113655,34904cc0-20b0-44ef-a748-ca0f5d0a3cdb,,10,FAULT,0x0100,PI_LOST,0,1,1,0,1,0,0.0,0.659,0.0,1.38,0.0,165.6,124.2,0.0,0.0,37.07,0.2,0.0,0.0,0.0,0.0,0.0,0.0,56.8,0.0,0,0,0,0,0,8.0,0.0,13143.0,0.0,13143.0,0.0,12.67
2026-06-05T02:05:28.492+00:00,113772,34904cc0-20b0-44ef-a748-ca0f5d0a3cdb,,10,FAULT,0x0100,PI_LOST,0,1,1,0,1,0,0.0,0.415,0.0,1.379,0.0,165.48,124.11,0.0,0.0,36.58,-0.52,0.0,0.0,0.0,0.0,0.0,0.0,56.1,0.0,0,0,0,0,0,8.0,0.0,13157.52,0.0,13157.52,0.0,-4.19
2026-06-05T02:05:28.608+00:00,113888,34904cc0-20b0-44ef-a748-ca0f5d0a3cdb,,10,FAULT,0x0100,PI_LOST,0,1,1,0,1,0,0.0,0.757,0.0,1.374,0.0,164.88,123.66,0.0,0.0,36.09,-0.4,0.0,0.0,0.0,0.0,0.0,0.0,55.9,0.0,0,0,0,0,0,8.0,0.0,13171.86,0.0,13171.86,0.0,-4.22
2026-06-05T02:05:28.757+00:00,114004,34904cc0-20b0-44ef-a748-ca0f5d0a3cdb,,10,FAULT,0x0100,PI_LOST,0,1,1,0,1,0,0.0,0.562,0.0,1.368,0.0,164.16,123.12,0.0,0.0,36.09,-0.15,0.0,0.0,0.0,0.0,0.0,0.0,54.5,0.0,0,0,0,0,0,8.0,0.0,13186.15,0.0,13186.15,0.0,0.0
2026-06-05T02:05:28.849+00:00,114121,34904cc0-20b0-44ef-a748-ca0f5d0a3cdb,,10,FAULT,0x0100,PI_LOST,0,1,1,0,1,0,0.0,0.513,0.0,1.382,0.0,165.84,124.38,0.0,0.0,35.6,-0.52,0.0,0.0,0.0,0.0,0.0,0.0,53.3,0.0,0,0,0,0,0,8.0,0.0,13200.7,0.0,13200.7,0.0,-4.19
2026-06-05T02:05:28.960+00:00,114238,34904cc0-20b0-44ef-a748-ca0f5d0a3cdb,,10,FAULT,0x0100,PI_LOST,0,1,1,0,1,0,0.0,0.366,0.0,1.4,0.0,168.0,126.0,0.0,0.0,35.6,-0.28,0.0,0.0,0.0,0.0,0.0,0.0,53.3,0.0,0,0,0,0,0,8.0,0.0,13215.44,0.0,13215.44,0.0,0.0
2026-06-05T02:05:29.075+00:00,114354,34904cc0-20b0-44ef-a748-ca0f5d0a3cdb,,10,FAULT,0x0100,PI_LOST,0,1,1,0,1,0,0.0,0.464,0.0,1.399,0.0,167.88,125.91,0.0,0.0,35.36,-0.28,0.0,0.0,0.0,0.0,0.0,0.0,53.2,0.0,0,0,0,0,0,8.0,0.0,13230.05,0.0,13230.05,0.0,-2.07
2026-06-05T02:05:29.193+00:00,114470,34904cc0-20b0-44ef-a748-ca0f5d0a3cdb,,10,FAULT,0x0100,PI_LOST,0,1,1,0,1,0,0.0,0.366,0.0,1.423,0.0,170.76,128.07,0.0,0.0,35.36,-0.4,0.0,0.0,0.0,0.0,0.0,0.0,53.8,0.0,0,0,0,0,0,8.0,0.0,13244.9,0.0,13244.9,0.0,0.0
2026-06-05T02:05:29.308+00:00,114587,34904cc0-20b0-44ef-a748-ca0f5d0a3cdb,,10,FAULT,0x0100,PI_LOST,0,1,1,0,1,0,0.0,0.171,0.0,1.421,0.0,170.52,127.89,0.0,0.0,35.11,-0.28,0.0,0.0,0.0,0.0,0.0,0.0,54.0,0.0,0,0,0,0,0,8.0,0.0,13259.87,0.0,13259.87,0.0,-2.14
2026-06-05T02:05:29.468+00:00,114703,34904cc0-20b0-44ef-a748-ca0f5d0a3cdb,,10,FAULT,0x0100,PI_LOST,0,1,1,0,1,0,0.0,0.513,0.0,1.42,0.0,170.4,127.8,0.0,0.0,36.09,-0.28,0.0,0.0,0.0,0.0,0.0,0.0,53.9,0.0,0,0,0,0,0,8.0,0.0,13274.69,0.0,13274.69,0.0,8.45
2026-06-05T02:05:29.560+00:00,114820,34904cc0-20b0-44ef-a748-ca0f5d0a3cdb,,10,FAULT,0x0100,PI_LOST,0,1,1,0,1,0,0.0,0.513,0.0,1.421,0.0,170.52,127.89,0.0,0.0,36.33,-0.28,0.0,0.0,0.0,0.0,0.0,0.0,53.6,0.0,0,0,0,0,0,8.0,0.0,13289.65,0.0,13289.65,0.0,2.05
2026-06-05T02:05:29.660+00:00,114936,34904cc0-20b0-44ef-a748-ca0f5d0a3cdb,,10,FAULT,0x0100,PI_LOST,0,1,1,0,1,0,0.0,0.513,0.0,1.424,0.0,170.88,128.16,0.0,0.0,35.85,-0.28,0.0,0.0,0.0,0.0,0.0,0.0,52.9,0.0,0,0,0,0,0,8.0,0.0,13304.52,0.0,13304.52,0.0,-4.14
2026-06-05T02:05:29.775+00:00,115053,34904cc0-20b0-44ef-a748-ca0f5d0a3cdb,,10,FAULT,0x0100,PI_LOST,0,1,1,0,1,0,0.0,0.317,0.0,1.422,0.0,170.64,127.98,0.0,0.0,35.6,-0.4,0.0,0.0,0.0,0.0,0.0,0.0,52.0,0.0,0,0,0,0,0,8.0,0.0,13319.49,0.0,13319.49,0.0,-2.14
2026-06-05T02:05:29.893+00:00,115169,34904cc0-20b0-44ef-a748-ca0f5d0a3cdb,,10,FAULT,0x0100,PI_LOST,0,1,1,0,1,0,0.0,0.513,0.0,1.419,0.0,170.28,127.71,0.0,0.0,35.36,0.0,0.0,0.0,0.0,0.0,0.0,0.0,52.1,0.0,0,0,0,0,0,8.0,0.0,13334.31,0.0,13334.31,0.0,-2.07
2026-06-05T02:05:30.008+00:00,115286,34904cc0-20b0-44ef-a748-ca0f5d0a3cdb,,10,FAULT,0x0100,PI_LOST,0,1,1,0,1,0,0.0,0.366,0.0,1.43,0.0,171.6,128.7,0.0,0.0,36.33,-0.4,0.0,0.0,0.0,0.0,0.0,0.0,51.6,0.0,0,0,0,0,0,8.0,0.0,13349.37,0.0,13349.37,0.0,8.29
2026-06-05T02:05:30.216+00:00,115402,34904cc0-20b0-44ef-a748-ca0f5d0a3cdb,,10,FAULT,0x0100,PI_LOST,0,1,1,0,1,0,0.0,0.171,0.0,1.426,0.0,171.12,128.34,0.0,0.0,36.33,-0.15,0.0,0.0,0.0,0.0,0.0,0.0,52.2,0.0,0,0,0,0,0,8.0,0.0,13364.25,0.0,13364.25,0.0,0.0
2026-06-05T02:05:30.317+00:00,115519,34904cc0-20b0-44ef-a748-ca0f5d0a3cdb,,10,FAULT,0x0100,PI_LOST,0,1,1,0,1,0,0.0,0.415,0.0,1.409,0.0,169.08,126.81,0.0,0.0,35.36,-0.15,0.0,0.0,0.0,0.0,0.0,0.0,52.0,0.0,0,0,0,0,0,8.0,0.0,13379.09,0.0,13379.09,0.0,-8.29
2026-06-05T02:05:30.411+00:00,115635,34904cc0-20b0-44ef-a748-ca0f5d0a3cdb,,10,FAULT,0x0100,PI_LOST,0,1,1,0,1,0,0.0,0.61,0.0,1.421,0.0,170.52,127.89,0.0,0.0,36.09,-0.4,0.0,0.0,0.0,0.0,0.0,0.0,52.6,0.0,0,0,0,0,0,8.0,0.0,13393.93,0.0,13393.93,0.0,6.29
2026-06-05T02:05:30.475+00:00,115751,34904cc0-20b0-44ef-a748-ca0f5d0a3cdb,,10,FAULT,0x0100,PI_LOST,0,1,1,0,1,0,0.0,0.366,0.0,1.427,0.0,171.24,128.43,0.0,0.0,35.6,-0.28,0.0,0.0,0.0,0.0,0.0,0.0,53.1,0.0,0,0,0,0,0,8.0,0.0,13408.82,0.0,13408.82,0.0,-4.22
2026-06-05T02:05:30.593+00:00,115867,34904cc0-20b0-44ef-a748-ca0f5d0a3cdb,,10,FAULT,0x0100,PI_LOST,0,1,1,0,1,0,0.0,0.659,0.0,1.426,0.0,171.12,128.34,0.0,0.0,37.07,-0.4,0.0,0.0,0.0,0.0,0.0,0.0,54.5,0.0,0,0,0,0,0,8.0,0.0,13423.71,0.0,13423.71,0.0,12.67
2026-06-05T02:05:30.708+00:00,115984,34904cc0-20b0-44ef-a748-ca0f5d0a3cdb,,10,FAULT,0x0100,PI_LOST,0,1,1,0,1,0,0.0,0.464,0.0,1.443,0.0,173.16,129.87,0.0,0.0,36.09,-0.52,0.0,0.0,0.0,0.0,0.0,0.0,55.0,0.0,0,0,0,0,0,8.0,0.0,13438.91,0.0,13438.91,0.0,-8.38
2026-06-05T02:05:30.836+00:00,116101,34904cc0-20b0-44ef-a748-ca0f5d0a3cdb,,10,FAULT,0x0100,PI_LOST,0,1,1,0,1,0,0.0,0.317,0.0,1.463,0.0,175.56,131.67,0.0,0.0,35.6,-0.15,0.0,0.0,0.0,0.0,0.0,0.0,55.0,0.0,0,0,0,0,0,8.0,0.0,13454.31,0.0,13454.31,0.0,-4.19
2026-06-05T02:05:30.943+00:00,116216,34904cc0-20b0-44ef-a748-ca0f5d0a3cdb,,10,FAULT,0x0100,PI_LOST,0,1,1,0,1,0,0.0,0.513,0.0,1.455,0.0,174.6,130.95,0.0,0.0,35.85,-0.4,0.0,0.0,0.0,0.0,0.0,0.0,55.0,0.0,0,0,0,0,0,8.0,0.0,13469.37,0.0,13469.37,0.0,2.17
2026-06-05T02:05:31.125+00:00,116333,34904cc0-20b0-44ef-a748-ca0f5d0a3cdb,,10,FAULT,0x0100,PI_LOST,0,1,1,0,1,0,0.0,0.415,0.0,1.446,0.0,173.52,130.14,0.0,0.0,36.33,-0.15,0.0,0.0,0.0,0.0,0.0,0.0,55.2,0.0,0,0,0,0,0,8.0,0.0,13484.6,0.0,13484.6,0.0,4.1
2026-06-05T02:05:31.175+00:00,116450,34904cc0-20b0-44ef-a748-ca0f5d0a3cdb,,10,FAULT,0x0100,PI_LOST,0,1,1,0,1,0,0.0,0.757,0.0,1.438,0.0,172.56,129.42,0.0,0.0,37.07,-0.28,0.0,0.0,0.0,0.0,0.0,0.0,54.9,0.0,0,0,0,0,0,8.0,0.0,13499.74,0.0,13499.74,0.0,6.32
2026-06-05T02:05:31.293+00:00,116567,34904cc0-20b0-44ef-a748-ca0f5d0a3cdb,,10,FAULT,0x0100,PI_LOST,0,1,1,0,1,0,0.0,0.513,0.0,1.441,0.0,172.92,129.69,0.0,0.0,35.36,-0.52,0.0,0.0,0.0,0.0,0.0,0.0,54.5,0.0,0,0,0,0,0,8.0,0.0,13514.91,0.0,13514.91,0.0,-14.62
2026-06-05T02:05:31.409+00:00,116682,34904cc0-20b0-44ef-a748-ca0f5d0a3cdb,,10,FAULT,0x0100,PI_LOST,0,1,1,0,1,0,0.0,0.806,0.0,1.446,0.0,173.52,130.14,0.0,0.0,35.6,-0.15,0.0,0.0,0.0,0.0,0.0,0.0,54.0,0.0,0,0,0,0,0,8.0,0.0,13529.88,0.0,13529.88,0.0,2.09
2026-06-05T02:05:31.527+00:00,116799,34904cc0-20b0-44ef-a748-ca0f5d0a3cdb,,10,FAULT,0x0100,PI_LOST,0,1,1,0,1,0,0.0,0.61,0.0,1.459,0.0,175.08,131.31,0.0,0.0,36.58,-0.4,0.0,0.0,0.0,0.0,0.0,0.0,54.1,0.0,0,0,0,0,0,8.0,0.0,13545.24,0.0,13545.24,0.0,8.38
2026-06-05T02:05:31.658+00:00,116916,34904cc0-20b0-44ef-a748-ca0f5d0a3cdb,,10,FAULT,0x0100,PI_LOST,0,1,1,0,1,0,0.0,0.806,0.0,1.456,0.0,174.72,131.04,0.0,0.0,36.33,0.0,0.0,0.0,0.0,0.0,0.0,0.0,54.3,0.0,0,0,0,0,0,8.0,0.0,13560.57,0.0,13560.57,0.0,-2.14
2026-06-05T02:05:31.821+00:00,117031,34904cc0-20b0-44ef-a748-ca0f5d0a3cdb,,10,FAULT,0x0100,PI_LOST,0,1,1,0,1,0,0.0,0.562,0.0,1.463,0.0,175.56,131.67,0.0,0.0,36.33,-0.4,0.0,0.0,0.0,0.0,0.0,0.0,53.1,0.0,0,0,0,0,0,8.0,0.0,13575.72,0.0,13575.72,0.0,0.0
2026-06-05T02:05:31.876+00:00,117148,34904cc0-20b0-44ef-a748-ca0f5d0a3cdb,,10,FAULT,0x0100,PI_LOST,0,1,1,0,1,0,0.0,0.562,0.0,1.453,0.0,174.36,130.77,0.0,0.0,36.58,-0.4,0.0,0.0,0.0,0.0,0.0,0.0,51.3,0.0,0,0,0,0,0,8.0,0.0,13591.02,0.0,13591.02,0.0,2.14
2026-06-05T02:05:31.991+00:00,117265,34904cc0-20b0-44ef-a748-ca0f5d0a3cdb,,10,FAULT,0x0100,PI_LOST,0,1,1,0,1,0,0.0,0.513,0.0,1.463,0.0,175.56,131.67,0.0,0.0,36.58,-0.52,0.0,0.0,0.0,0.0,0.0,0.0,50.6,0.0,0,0,0,0,0,8.0,0.0,13606.42,0.0,13606.42,0.0,0.0
2026-06-05T02:05:32.109+00:00,117382,34904cc0-20b0-44ef-a748-ca0f5d0a3cdb,,10,FAULT,0x0100,PI_LOST,0,1,1,0,1,0,0.0,0.073,0.0,1.464,0.0,175.68,131.76,0.0,0.0,36.33,-0.52,0.0,0.0,0.0,0.0,0.0,0.0,51.3,0.0,0,0,0,0,0,8.0,0.0,13621.84,0.0,13621.84,0.0,-2.14
2026-06-05T02:05:32.224+00:00,117497,34904cc0-20b0-44ef-a748-ca0f5d0a3cdb,,10,FAULT,0x0100,PI_LOST,0,1,1,0,1,0,0.0,0.268,0.0,1.464,0.0,175.68,131.76,0.0,0.0,36.33,-0.15,0.0,0.0,0.0,0.0,0.0,0.0,52.3,0.0,0,0,0,0,0,8.0,0.0,13636.99,0.0,13636.99,0.0,0.0
2026-06-05T02:05:32.374+00:00,117614,34904cc0-20b0-44ef-a748-ca0f5d0a3cdb,,10,FAULT,0x0100,PI_LOST,0,1,1,0,1,0,0.0,0.415,0.0,1.483,0.0,177.96,133.47,0.0,0.0,35.85,-0.4,0.0,0.0,0.0,0.0,0.0,0.0,55.0,0.0,0,0,0,0,0,8.0,0.0,13652.61,0.0,13652.61,0.0,-4.1
2026-06-05T02:05:32.468+00:00,117730,34904cc0-20b0-44ef-a748-ca0f5d0a3cdb,,10,FAULT,0x0100,PI_LOST,0,1,1,0,1,0,0.0,0.708,0.0,1.481,0.0,177.72,133.29,0.0,0.0,36.82,-0.4,0.0,0.0,0.0,0.0,0.0,0.0,55.3,0.0,0,0,0,0,0,8.0,0.0,13668.07,0.0,13668.07,0.0,8.36
2026-06-05T02:05:32.576+00:00,117847,34904cc0-20b0-44ef-a748-ca0f5d0a3cdb,,10,FAULT,0x0100,PI_LOST,0,1,1,0,1,0,0.0,0.61,0.0,1.469,0.0,176.28,132.21,0.0,0.0,36.58,-0.28,0.0,0.0,0.0,0.0,0.0,0.0,55.9,0.0,0,0,0,0,0,8.0,0.0,13683.54,0.0,13683.54,0.0,-2.05
2026-06-05T02:05:32.691+00:00,117963,34904cc0-20b0-44ef-a748-ca0f5d0a3cdb,,10,FAULT,0x0100,PI_LOST,0,1,1,0,1,0,0.0,0.366,0.0,1.458,0.0,174.96,131.22,0.0,0.0,36.58,-0.52,0.0,0.0,0.0,0.0,0.0,0.0,55.7,0.0,0,0,0,0,0,8.0,0.0,13698.76,0.0,13698.76,0.0,0.0
2026-06-05T02:05:32.809+00:00,118079,34904cc0-20b0-44ef-a748-ca0f5d0a3cdb,,10,FAULT,0x0100,PI_LOST,0,1,1,0,1,0,0.0,0.219,0.0,1.465,0.0,175.8,131.85,0.0,0.0,35.11,-0.15,0.0,0.0,0.0,0.0,0.0,0.0,55.1,0.0,0,0,0,0,0,8.0,0.0,13714.05,0.0,13714.05,0.0,-12.67
2026-06-05T02:05:32.924+00:00,118196,34904cc0-20b0-44ef-a748-ca0f5d0a3cdb,,10,FAULT,0x0100,PI_LOST,0,1,1,0,1,0,0.0,0.562,0.0,1.456,0.0,174.72,131.04,0.0,0.0,36.09,-0.28,0.0,0.0,0.0,0.0,0.0,0.0,55.1,0.0,0,0,0,0,0,8.0,0.0,13729.38,0.0,13729.38,0.0,8.38
2026-06-05T02:05:33.083+00:00,118312,34904cc0-20b0-44ef-a748-ca0f5d0a3cdb,,10,FAULT,0x0100,PI_LOST,0,1,1,0,1,0,0.0,0.317,0.0,1.435,0.0,172.2,129.15,0.0,0.0,36.58,-0.15,0.0,0.0,0.0,0.0,0.0,0.0,55.2,0.0,0,0,0,0,0,8.0,0.0,13744.36,0.0,13744.36,0.0,4.22
2026-06-05T02:05:33.180+00:00,118428,34904cc0-20b0-44ef-a748-ca0f5d0a3cdb,,10,FAULT,0x0100,PI_LOST,0,1,1,0,1,0,0.0,0.464,0.0,1.428,0.0,171.36,128.52,0.0,0.0,36.82,-0.4,0.0,0.0,0.0,0.0,0.0,0.0,54.8,0.0,0,0,0,0,0,8.0,0.0,13759.27,0.0,13759.27,0.0,2.07
2026-06-05T02:05:33.276+00:00,118545,34904cc0-20b0-44ef-a748-ca0f5d0a3cdb,,10,FAULT,0x0100,PI_LOST,0,1,1,0,1,0,0.0,0.415,0.0,1.441,0.0,172.92,129.69,0.0,0.0,36.58,-0.52,0.0,0.0,0.0,0.0,0.0,0.0,54.5,0.0,0,0,0,0,0,8.0,0.0,13774.45,0.0,13774.45,0.0,-2.05
2026-06-05T02:05:33.391+00:00,118662,34904cc0-20b0-44ef-a748-ca0f5d0a3cdb,,10,FAULT,0x0100,PI_LOST,0,1,1,0,1,0,0.0,0.513,0.0,1.433,0.0,171.96,128.97,0.0,0.0,34.87,-0.4,0.0,0.0,0.0,0.0,0.0,0.0,54.4,0.0,0,0,0,0,0,8.0,0.0,13789.54,0.0,13789.54,0.0,-14.62
2026-06-05T02:05:33.509+00:00,118778,34904cc0-20b0-44ef-a748-ca0f5d0a3cdb,,10,FAULT,0x0100,PI_LOST,0,1,1,0,1,0,0.0,0.366,0.0,1.434,0.0,172.08,129.06,0.0,0.0,35.6,-0.52,0.0,0.0,0.0,0.0,0.0,0.0,54.5,0.0,0,0,0,0,0,8.0,0.0,13804.51,0.0,13804.51,0.0,6.29
2026-06-05T02:05:33.625+00:00,118894,34904cc0-20b0-44ef-a748-ca0f5d0a3cdb,,10,FAULT,0x0100,PI_LOST,0,1,1,0,1,0,0.0,0.464,0.0,1.417,0.0,170.04,127.53,0.0,0.0,36.09,-0.4,0.0,0.0,0.0,0.0,0.0,0.0,54.3,0.0,0,0,0,0,0,8.0,0.0,13819.3,0.0,13819.3,0.0,4.22
2026-06-05T02:05:33.801+00:00,119011,34904cc0-20b0-44ef-a748-ca0f5d0a3cdb,,10,FAULT,0x0100,PI_LOST,0,1,1,0,1,0,0.0,0.219,0.0,1.415,0.0,169.8,127.35,0.0,0.0,35.11,-0.4,0.0,0.0,0.0,0.0,0.0,0.0,54.5,0.0,0,0,0,0,0,8.0,0.0,13834.2,0.0,13834.2,0.0,-8.38
2026-06-05T02:05:33.897+00:00,119128,34904cc0-20b0-44ef-a748-ca0f5d0a3cdb,,10,FAULT,0x0100,PI_LOST,0,1,1,0,1,0,0.0,0.073,0.0,1.411,0.0,169.32,126.99,0.0,0.0,36.33,-0.15,0.0,0.0,0.0,0.0,0.0,0.0,54.5,0.0,0,0,0,0,0,8.0,0.0,13849.06,0.0,13849.06,0.0,10.43
2026-06-05T02:05:33.988+00:00,119243,34904cc0-20b0-44ef-a748-ca0f5d0a3cdb,,10,FAULT,0x0100,PI_LOST,0,1,1,0,1,0,0.0,0.659,0.0,1.384,0.0,166.08,124.56,0.0,0.0,36.33,-0.4,0.0,0.0,0.0,0.0,0.0,0.0,54.3,0.0,0,0,0,0,0,8.0,0.0,13863.38,0.0,13863.38,0.0,0.0
2026-06-05T02:05:34.091+00:00,119360,34904cc0-20b0-44ef-a748-ca0f5d0a3cdb,,10,FAULT,0x0100,PI_LOST,0,1,1,0,1,0,0.0,0.317,0.0,1.365,0.0,163.8,122.85,0.0,0.0,35.11,-0.15,0.0,0.0,0.0,0.0,0.0,0.0,54.2,0.0,0,0,0,0,0,8.0,0.0,13877.76,0.0,13877.76,0.0,-10.43
2026-06-05T02:05:34.207+00:00,119477,34904cc0-20b0-44ef-a748-ca0f5d0a3cdb,,10,FAULT,0x0100,PI_LOST,0,1,1,0,1,0,0.0,0.61,0.0,1.368,0.0,164.16,123.12,0.0,0.0,35.85,-0.52,0.0,0.0,0.0,0.0,0.0,0.0,53.6,0.0,0,0,0,0,0,8.0,0.0,13892.16,0.0,13892.16,0.0,6.32
2026-06-05T02:05:34.325+00:00,119592,34904cc0-20b0-44ef-a748-ca0f5d0a3cdb,,10,FAULT,0x0100,PI_LOST,0,1,1,0,1,0,0.0,0.464,0.0,1.369,0.0,164.28,123.21,0.0,0.0,36.09,-0.4,0.0,0.0,0.0,0.0,0.0,0.0,53.5,0.0,0,0,0,0,0,8.0,0.0,13906.33,0.0,13906.33,0.0,2.09
2026-06-05T02:05:34.522+00:00,119709,34904cc0-20b0-44ef-a748-ca0f5d0a3cdb,,10,FAULT,0x0100,PI_LOST,0,1,1,0,1,0,0.0,0.562,0.0,1.359,0.0,163.08,122.31,0.0,0.0,36.82,-0.28,0.0,0.0,0.0,0.0,0.0,0.0,53.8,0.0,0,0,0,0,0,8.0,0.0,13920.64,0.0,13920.64,0.0,6.24
2026-06-05T02:05:34.619+00:00,119826,34904cc0-20b0-44ef-a748-ca0f5d0a3cdb,,10,FAULT,0x0100,PI_LOST,0,1,1,0,1,0,0.0,0.317,0.0,1.359,0.0,163.08,122.31,0.0,0.0,36.58,-0.4,0.0,0.0,0.0,0.0,0.0,0.0,53.5,0.0,0,0,0,0,0,8.0,0.0,13934.95,0.0,13934.95,0.0,-2.05
2026-06-05T02:05:34.711+00:00,119942,34904cc0-20b0-44ef-a748-ca0f5d0a3cdb,,10,FAULT,0x0100,PI_LOST,0,1,1,0,1,0,0.0,0.562,0.0,1.349,0.0,161.88,121.41,0.0,0.0,36.58,0.0,0.0,0.0,0.0,0.0,0.0,0.0,53.8,0.0,0,0,0,0,0,8.0,0.0,13949.03,0.0,13949.03,0.0,0.0
2026-06-05T02:05:34.792+00:00,120058,34904cc0-20b0-44ef-a748-ca0f5d0a3cdb,,10,FAULT,0x0100,PI_LOST,0,1,1,0,1,0,0.0,0.659,0.0,1.333,0.0,159.96,119.97,0.0,0.0,37.07,-0.4,0.0,0.0,0.0,0.0,0.0,0.0,53.6,0.0,0,0,0,0,0,8.0,0.0,13962.95,0.0,13962.95,0.0,4.22
2026-06-05T02:05:34.907+00:00,120175,34904cc0-20b0-44ef-a748-ca0f5d0a3cdb,,10,FAULT,0x0100,PI_LOST,0,1,1,0,1,0,0.0,0.415,0.0,1.334,0.0,160.08,120.06,0.0,0.0,37.07,-0.52,0.0,0.0,0.0,0.0,0.0,0.0,53.3,0.0,0,0,0,0,0,8.0,0.0,13977.0,0.0,13977.0,0.0,0.0
2026-06-05T02:05:35.025+00:00,120291,34904cc0-20b0-44ef-a748-ca0f5d0a3cdb,,10,FAULT,0x0100,PI_LOST,0,1,1,0,1,0,0.0,0.219,0.0,1.302,0.0,156.24,117.18,0.0,0.0,34.87,-0.52,0.0,0.0,0.0,0.0,0.0,0.0,53.0,0.0,0,0,0,0,0,8.0,0.0,13990.59,0.0,13990.59,0.0,-18.97
2026-06-05T02:05:35.140+00:00,120408,34904cc0-20b0-44ef-a748-ca0f5d0a3cdb,,10,FAULT,0x0100,PI_LOST,0,1,1,0,1,0,0.0,0.219,0.0,1.31,0.0,157.2,117.9,0.0,0.0,35.85,-0.4,0.0,0.0,0.0,0.0,0.0,0.0,52.6,0.0,0,0,0,0,0,8.0,0.0,14004.39,0.0,14004.39,0.0,8.38
2026-06-05T02:05:35.290+00:00,120524,34904cc0-20b0-44ef-a748-ca0f5d0a3cdb,,10,FAULT,0x0100,PI_LOST,0,1,1,0,1,0,0.0,0.073,0.0,1.306,0.0,156.72,117.54,0.0,0.0,36.33,-0.15,0.0,0.0,0.0,0.0,0.0,0.0,52.8,0.0,0,0,0,0,0,8.0,0.0,14018.02,0.0,14018.02,0.0,4.14
2026-06-05T02:05:35.386+00:00,120640,34904cc0-20b0-44ef-a748-ca0f5d0a3cdb,,10,FAULT,0x0100,PI_LOST,0,1,1,0,1,0,0.0,0.366,0.0,1.301,0.0,156.12,117.09,0.0,0.0,35.36,-0.28,0.0,0.0,0.0,0.0,0.0,0.0,52.5,0.0,0,0,0,0,0,8.0,0.0,14031.6,0.0,14031.6,0.0,-8.36
2026-06-05T02:05:35.492+00:00,120757,34904cc0-20b0-44ef-a748-ca0f5d0a3cdb,,10,FAULT,0x0100,PI_LOST,0,1,1,0,1,0,0.0,0.513,0.0,1.289,0.0,154.68,116.01,0.0,0.0,35.85,0.0,0.0,0.0,0.0,0.0,0.0,0.0,52.5,0.0,0,0,0,0,0,8.0,0.0,14045.18,0.0,14045.18,0.0,4.19
2026-06-05T02:05:35.607+00:00,120873,34904cc0-20b0-44ef-a748-ca0f5d0a3cdb,,10,FAULT,0x0100,PI_LOST,0,1,1,0,1,0,0.0,0.464,0.0,1.295,0.0,155.4,116.55,0.0,0.0,35.6,-0.52,0.0,0.0,0.0,0.0,0.0,0.0,52.1,0.0,0,0,0,0,0,8.0,0.0,14058.7,0.0,14058.7,0.0,-2.16
2026-06-05T02:05:35.725+00:00,120989,34904cc0-20b0-44ef-a748-ca0f5d0a3cdb,,10,FAULT,0x0100,PI_LOST,0,1,1,0,1,0,0.0,0.464,0.0,1.312,0.0,157.44,118.08,0.0,0.0,35.6,-0.64,0.0,0.0,0.0,0.0,0.0,0.0,52.7,0.0,0,0,0,0,0,8.0,0.0,14072.39,0.0,14072.39,0.0,0.0
2026-06-05T02:05:35.840+00:00,121106,34904cc0-20b0-44ef-a748-ca0f5d0a3cdb,,10,FAULT,0x0100,PI_LOST,0,1,1,0,1,0,0.0,0.61,0.0,1.288,0.0,154.56,115.92,0.0,0.0,35.11,-0.15,0.0,0.0,0.0,0.0,0.0,0.0,52.9,0.0,0,0,0,0,0,8.0,0.0,14085.96,0.0,14085.96,0.0,-4.19
2026-06-05T02:05:36.005+00:00,121223,34904cc0-20b0-44ef-a748-ca0f5d0a3cdb,,10,FAULT,0x0100,PI_LOST,0,1,1,0,1,0,0.0,0.464,0.0,1.288,0.0,154.56,115.92,0.0,0.0,35.6,-0.4,0.0,0.0,0.0,0.0,0.0,0.0,52.9,0.0,0,0,0,0,0,8.0,0.0,14099.52,0.0,14099.52,0.0,4.19
2026-06-05T02:05:36.097+00:00,121338,34904cc0-20b0-44ef-a748-ca0f5d0a3cdb,,10,FAULT,0x0100,PI_LOST,0,1,1,0,1,0,0.0,0.806,0.0,1.298,0.0,155.76,116.82,0.0,0.0,37.07,-0.4,0.0,0.0,0.0,0.0,0.0,0.0,52.7,0.0,0,0,0,0,0,8.0,0.0,14112.95,0.0,14112.95,0.0,12.78
2026-06-05T02:05:36.192+00:00,121455,34904cc0-20b0-44ef-a748-ca0f5d0a3cdb,,10,FAULT,0x0100,PI_LOST,0,1,1,0,1,0,0.0,0.513,0.0,1.283,0.0,153.96,115.47,0.0,0.0,36.82,-0.15,0.0,0.0,0.0,0.0,0.0,0.0,53.0,0.0,0,0,0,0,0,8.0,0.0,14126.46,0.0,14126.46,0.0,-2.14
2026-06-05T02:05:36.308+00:00,121572,34904cc0-20b0-44ef-a748-ca0f5d0a3cdb,,10,FAULT,0x0100,PI_LOST,0,1,1,0,1,0,0.0,0.122,0.0,1.281,0.0,153.72,115.29,0.0,0.0,35.6,-0.4,0.0,0.0,0.0,0.0,0.0,0.0,52.7,0.0,0,0,0,0,0,8.0,0.0,14139.95,0.0,14139.95,0.0,-10.43
2026-06-05T02:05:36.423+00:00,121688,34904cc0-20b0-44ef-a748-ca0f5d0a3cdb,,10,FAULT,0x0100,PI_LOST,0,1,1,0,1,0,0.0,0.317,0.0,1.28,0.0,153.6,115.2,0.0,0.0,36.33,-0.52,0.0,0.0,0.0,0.0,0.0,0.0,53.0,0.0,0,0,0,0,0,8.0,0.0,14153.31,0.0,14153.31,0.0,6.29
2026-06-05T02:05:36.541+00:00,121804,34904cc0-20b0-44ef-a748-ca0f5d0a3cdb,,10,FAULT,0x0100,PI_LOST,0,1,1,0,1,0,0.0,0.171,0.0,1.265,0.0,151.8,113.85,0.0,0.0,35.6,-0.4,0.0,0.0,0.0,0.0,0.0,0.0,53.4,0.0,0,0,0,0,0,8.0,0.0,14166.52,0.0,14166.52,0.0,-6.29
2026-06-05T02:05:36.722+00:00,121921,34904cc0-20b0-44ef-a748-ca0f5d0a3cdb,,10,FAULT,0x0100,PI_LOST,0,1,1,0,1,0,0.0,0.268,0.0,1.226,0.0,147.12,110.34,0.0,0.0,36.33,-0.52,0.0,0.0,0.0,0.0,0.0,0.0,53.5,0.0,0,0,0,0,0,8.0,0.0,14179.43,0.0,14179.43,0.0,6.24
2026-06-05T02:05:36.819+00:00,122037,34904cc0-20b0-44ef-a748-ca0f5d0a3cdb,,10,FAULT,0x0100,PI_LOST,0,1,1,0,1,0,0.0,0.317,0.0,1.232,0.0,147.84,110.88,0.0,0.0,36.33,-0.4,0.0,0.0,0.0,0.0,0.0,0.0,53.0,0.0,0,0,0,0,0,8.0,0.0,14192.29,0.0,14192.29,0.0,0.0
2026-06-05T02:05:36.911+00:00,122153,34904cc0-20b0-44ef-a748-ca0f5d0a3cdb,,10,FAULT,0x0100,PI_LOST,0,1,1,0,1,0,0.0,0.513,0.0,1.253,0.0,150.36,112.77,0.0,0.0,36.33,0.0,0.0,0.0,0.0,0.0,0.0,0.0,53.5,0.0,0,0,0,0,0,8.0,0.0,14205.37,0.0,14205.37,0.0,0.0
2026-06-05T02:05:37.007+00:00,122270,34904cc0-20b0-44ef-a748-ca0f5d0a3cdb,,10,FAULT,0x0100,PI_LOST,0,1,1,0,1,0,0.0,0.268,0.0,1.279,0.0,153.48,115.11,0.0,0.0,36.33,-0.4,0.0,0.0,0.0,0.0,0.0,0.0,53.0,0.0,0,0,0,0,0,8.0,0.0,14218.84,0.0,14218.84,0.0,0.0
2026-06-05T02:05:37.123+00:00,122386,34904cc0-20b0-44ef-a748-ca0f5d0a3cdb,,10,FAULT,0x0100,PI_LOST,0,1,1,0,1,0,0.0,0.562,0.0,1.27,0.0,152.4,114.3,0.0,0.0,35.11,0.0,0.0,0.0,0.0,0.0,0.0,0.0,53.2,0.0,0,0,0,0,0,8.0,0.0,14232.1,0.0,14232.1,0.0,-10.52
2026-06-05T02:05:37.241+00:00,122503,34904cc0-20b0-44ef-a748-ca0f5d0a3cdb,,10,FAULT,0x0100,PI_LOST,0,1,1,0,1,0,0.0,0.415,0.0,1.275,0.0,153.0,114.75,0.0,0.0,35.11,-0.52,0.0,0.0,0.0,0.0,0.0,0.0,53.2,0.0,0,0,0,0,0,8.0,0.0,14245.53,0.0,14245.53,0.0,0.0
2026-06-05T02:05:37.415+00:00,122619,34904cc0-20b0-44ef-a748-ca0f5d0a3cdb,,10,FAULT,0x0100,PI_LOST,0,1,1,0,1,0,0.0,0.415,0.0,1.257,0.0,150.84,113.13,0.0,0.0,36.09,-0.4,0.0,0.0,0.0,0.0,0.0,0.0,52.8,0.0,0,0,0,0,0,8.0,0.0,14258.65,0.0,14258.65,0.0,8.45
2026-06-05T02:05:37.543+00:00,122735,34904cc0-20b0-44ef-a748-ca0f5d0a3cdb,,10,FAULT,0x0100,PI_LOST,0,1,1,0,1,0,0.0,0.757,0.0,1.26,0.0,151.2,113.4,0.0,0.0,36.09,-0.15,0.0,0.0,0.0,0.0,0.0,0.0,51.9,0.0,0,0,0,0,0,8.0,0.0,14271.8,0.0,14271.8,0.0,0.0
2026-06-05T02:05:37.637+00:00,122852,34904cc0-20b0-44ef-a748-ca0f5d0a3cdb,,10,FAULT,0x0100,PI_LOST,0,1,1,0,1,0,0.0,0.513,0.0,1.257,0.0,150.84,113.13,0.0,0.0,35.85,-0.4,0.0,0.0,0.0,0.0,0.0,0.0,51.7,0.0,0,0,0,0,0,8.0,0.0,14285.04,0.0,14285.04,0.0,-2.05
2026-06-05T02:05:37.708+00:00,122969,34904cc0-20b0-44ef-a748-ca0f5d0a3cdb,,10,FAULT,0x0100,PI_LOST,0,1,1,0,1,0,0.0,0.562,0.0,1.266,0.0,151.92,113.94,0.0,0.0,36.82,-0.52,0.0,0.0,0.0,0.0,0.0,0.0,52.1,0.0,0,0,0,0,0,8.0,0.0,14298.37,0.0,14298.37,0.0,8.29
2026-06-05T02:05:37.823+00:00,123084,34904cc0-20b0-44ef-a748-ca0f5d0a3cdb,,10,FAULT,0x0100,PI_LOST,0,1,1,0,1,0,0.0,0.415,0.0,1.267,0.0,152.04,114.03,0.0,0.0,37.07,-0.52,0.0,0.0,0.0,0.0,0.0,0.0,52.0,0.0,0,0,0,0,0,8.0,0.0,14311.48,0.0,14311.48,0.0,2.17
2026-06-05T02:05:37.941+00:00,123201,34904cc0-20b0-44ef-a748-ca0f5d0a3cdb,,10,FAULT,0x0100,PI_LOST,0,1,1,0,1,0,0.0,0.268,0.0,1.254,0.0,150.48,112.86,0.0,0.0,35.6,-0.52,0.0,0.0,0.0,0.0,0.0,0.0,52.6,0.0,0,0,0,0,0,8.0,0.0,14324.69,0.0,14324.69,0.0,-12.56
2026-06-05T02:05:38.062+00:00,123318,34904cc0-20b0-44ef-a748-ca0f5d0a3cdb,,10,FAULT,0x0100,PI_LOST,0,1,1,0,1,0,0.0,0.513,0.0,1.258,0.0,150.96,113.22,0.0,0.0,36.09,-0.52,0.0,0.0,0.0,0.0,0.0,0.0,52.8,0.0,0,0,0,0,0,8.0,0.0,14337.94,0.0,14337.94,0.0,4.19
2026-06-05T02:05:38.175+00:00,123433,34904cc0-20b0-44ef-a748-ca0f5d0a3cdb,,10,FAULT,0x0100,PI_LOST,0,1,1,0,1,0,0.0,0.464,0.0,1.23,0.0,147.6,110.7,0.0,0.0,35.6,-0.28,0.0,0.0,0.0,0.0,0.0,0.0,53.7,0.0,0,0,0,0,0,8.0,0.0,14350.67,0.0,14350.67,0.0,-4.26
2026-06-05T02:05:38.359+00:00,123550,34904cc0-20b0-44ef-a748-ca0f5d0a3cdb,,10,FAULT,0x0100,PI_LOST,0,1,1,0,1,0,0.0,0.366,0.0,1.214,0.0,145.68,109.26,0.0,0.0,35.6,-0.15,0.0,0.0,0.0,0.0,0.0,0.0,54.1,0.0,0,0,0,0,0,8.0,0.0,14363.45,0.0,14363.45,0.0,0.0
2026-06-05T02:05:38.405+00:00,123667,34904cc0-20b0-44ef-a748-ca0f5d0a3cdb,,10,FAULT,0x0100,PI_LOST,0,1,1,0,1,0,0.0,0.708,0.0,1.221,0.0,146.52,109.89,0.0,0.0,35.85,0.0,0.0,0.0,0.0,0.0,0.0,0.0,54.2,0.0,0,0,0,0,0,8.0,0.0,14376.31,0.0,14376.31,0.0,2.14
2026-06-05T02:05:38.523+00:00,123783,34904cc0-20b0-44ef-a748-ca0f5d0a3cdb,,10,FAULT,0x0100,PI_LOST,0,1,1,0,1,0,0.0,0.659,0.0,1.237,0.0,148.44,111.33,0.0,0.0,35.6,-0.52,0.0,0.0,0.0,0.0,0.0,0.0,53.7,0.0,0,0,0,0,0,8.0,0.0,14389.22,0.0,14389.22,0.0,-2.16
2026-06-05T02:05:38.638+00:00,123899,34904cc0-20b0-44ef-a748-ca0f5d0a3cdb,,10,FAULT,0x0100,PI_LOST,0,1,1,0,1,0,0.0,0.366,0.0,1.232,0.0,147.84,110.88,0.0,0.0,36.09,-0.15,0.0,0.0,0.0,0.0,0.0,0.0,54.0,0.0,0,0,0,0,0,8.0,0.0,14402.08,0.0,14402.08,0.0,4.22
2026-06-05T02:05:38.756+00:00,124016,34904cc0-20b0-44ef-a748-ca0f5d0a3cdb,,10,FAULT,0x0100,PI_LOST,0,1,1,0,1,0,0.0,0.757,0.0,1.243,0.0,149.16,111.87,0.0,0.0,37.07,-0.28,0.0,0.0,0.0,0.0,0.0,0.0,53.7,0.0,0,0,0,0,0,8.0,0.0,14415.17,0.0,14415.17,0.0,8.38
2026-06-05T02:05:38.892+00:00,124132,34904cc0-20b0-44ef-a748-ca0f5d0a3cdb,,10,FAULT,0x0100,PI_LOST,0,1,1,0,1,0,0.0,0.708,0.0,1.241,0.0,148.92,111.69,0.0,0.0,36.58,-0.15,0.0,0.0,0.0,0.0,0.0,0.0,54.1,0.0,0,0,0,0,0,8.0,0.0,14428.13,0.0,14428.13,0.0,-4.22
2026-06-05T02:05:39.053+00:00,124249,34904cc0-20b0-44ef-a748-ca0f5d0a3cdb,,10,FAULT,0x0100,PI_LOST,0,1,1,0,1,0,0.0,0.562,0.0,1.238,0.0,148.56,111.42,0.0,0.0,36.09,-0.15,0.0,0.0,0.0,0.0,0.0,0.0,54.2,0.0,0,0,0,0,0,8.0,0.0,14441.16,0.0,14441.16,0.0,-4.19
2026-06-05T02:05:39.105+00:00,124364,34904cc0-20b0-44ef-a748-ca0f5d0a3cdb,,10,FAULT,0x0100,PI_LOST,0,1,1,0,1,0,0.0,0.562,0.0,1.219,0.0,146.28,109.71,0.0,0.0,36.58,-0.15,0.0,0.0,0.0,0.0,0.0,0.0,55.6,0.0,0,0,0,0,0,8.0,0.0,14453.78,0.0,14453.78,0.0,4.26
2026-06-05T02:05:39.223+00:00,124481,34904cc0-20b0-44ef-a748-ca0f5d0a3cdb,,10,FAULT,0x0100,PI_LOST,0,1,1,0,1,0,0.0,0.317,0.0,1.217,0.0,146.04,109.53,0.0,0.0,35.36,-0.64,0.0,0.0,0.0,0.0,0.0,0.0,56.8,0.0,0,0,0,0,0,8.0,0.0,14466.6,0.0,14466.6,0.0,-10.43
2026-06-05T02:05:39.338+00:00,124598,34904cc0-20b0-44ef-a748-ca0f5d0a3cdb,,10,FAULT,0x0100,PI_LOST,0,1,1,0,1,0,0.0,0.708,0.0,1.217,0.0,146.04,109.53,0.0,0.0,35.85,-0.52,0.0,0.0,0.0,0.0,0.0,0.0,56.3,0.0,0,0,0,0,0,8.0,0.0,14479.41,0.0,14479.41,0.0,4.19
2026-06-05T02:05:39.457+00:00,124713,34904cc0-20b0-44ef-a748-ca0f5d0a3cdb,,10,FAULT,0x0100,PI_LOST,0,1,1,0,1,0,0.0,0.806,0.0,1.227,0.0,147.24,110.43,0.0,0.0,35.85,-0.52,0.0,0.0,0.0,0.0,0.0,0.0,55.7,0.0,0,0,0,0,0,8.0,0.0,14492.11,0.0,14492.11,0.0,0.0
2026-06-05T02:05:39.605+00:00,124830,34904cc0-20b0-44ef-a748-ca0f5d0a3cdb,,10,FAULT,0x0100,PI_LOST,0,1,1,0,1,0,0.0,0.464,0.0,1.238,0.0,148.56,111.42,0.0,0.0,35.6,-0.15,0.0,0.0,0.0,0.0,0.0,0.0,55.2,0.0,0,0,0,0,0,8.0,0.0,14505.15,0.0,14505.15,0.0,-2.14
2026-06-05T02:05:39.696+00:00,124947,34904cc0-20b0-44ef-a748-ca0f5d0a3cdb,,10,FAULT,0x0100,PI_LOST,0,1,1,0,1,0,0.0,0.513,0.0,1.241,0.0,148.92,111.69,0.0,0.0,36.58,-0.28,0.0,0.0,0.0,0.0,0.0,0.0,54.6,0.0,0,0,0,0,0,8.0,0.0,14518.21,0.0,14518.21,0.0,8.38
2026-06-05T02:05:39.805+00:00,125063,34904cc0-20b0-44ef-a748-ca0f5d0a3cdb,,10,FAULT,0x0100,PI_LOST,0,1,1,0,1,0,0.0,0.61,0.0,1.238,0.0,148.56,111.42,0.0,0.0,36.09,-0.64,0.0,0.0,0.0,0.0,0.0,0.0,54.3,0.0,0,0,0,0,0,8.0,0.0,14531.14,0.0,14531.14,0.0,-4.22
2026-06-05T02:05:39.923+00:00,125179,34904cc0-20b0-44ef-a748-ca0f5d0a3cdb,,10,FAULT,0x0100,PI_LOST,0,1,1,0,1,0,0.0,0.171,0.0,1.256,0.0,150.72,113.04,0.0,0.0,35.36,-0.52,0.0,0.0,0.0,0.0,0.0,0.0,53.6,0.0,0,0,0,0,0,8.0,0.0,14544.25,0.0,14544.25,0.0,-6.29
2026-06-05T02:05:40.039+00:00,125296,34904cc0-20b0-44ef-a748-ca0f5d0a3cdb,,10,FAULT,0x0100,PI_LOST,0,1,1,0,1,0,0.0,0.61,0.0,1.257,0.0,150.84,113.13,0.0,0.0,35.85,-0.15,0.0,0.0,0.0,0.0,0.0,0.0,53.3,0.0,0,0,0,0,0,8.0,0.0,14557.49,0.0,14557.49,0.0,4.19
2026-06-05T02:05:40.157+00:00,125413,34904cc0-20b0-44ef-a748-ca0f5d0a3cdb,,10,FAULT,0x0100,PI_LOST,0,1,1,0,1,0,0.0,0.219,0.0,1.259,0.0,151.08,113.31,0.0,0.0,35.85,-0.4,0.0,0.0,0.0,0.0,0.0,0.0,53.4,0.0,0,0,0,0,0,8.0,0.0,14570.75,0.0,14570.75,0.0,0.0
2026-06-05T02:05:40.335+00:00,125529,34904cc0-20b0-44ef-a748-ca0f5d0a3cdb,,10,FAULT,0x0100,PI_LOST,0,1,1,0,1,0,0.0,0.562,0.0,1.265,0.0,151.8,113.85,0.0,0.0,35.85,-0.28,0.0,0.0,0.0,0.0,0.0,0.0,53.2,0.0,0,0,0,0,0,8.0,0.0,14583.95,0.0,14583.95,0.0,0.0
2026-06-05T02:05:40.441+00:00,125645,34904cc0-20b0-44ef-a748-ca0f5d0a3cdb,,10,FAULT,0x0100,PI_LOST,0,1,1,0,1,0,0.0,0.366,0.0,1.264,0.0,151.68,113.76,0.0,0.0,36.58,-0.52,0.0,0.0,0.0,0.0,0.0,0.0,53.0,0.0,0,0,0,0,0,8.0,0.0,14597.15,0.0,14597.15,0.0,6.29
2026-06-05T02:05:40.534+00:00,125762,34904cc0-20b0-44ef-a748-ca0f5d0a3cdb,,10,FAULT,0x0100,PI_LOST,0,1,1,0,1,0,0.0,0.562,0.0,1.252,0.0,150.24,112.68,0.0,0.0,36.58,-0.15,0.0,0.0,0.0,0.0,0.0,0.0,52.7,0.0,0,0,0,0,0,8.0,0.0,14610.33,0.0,14610.33,0.0,0.0
2026-06-05T02:05:40.621+00:00,125878,34904cc0-20b0-44ef-a748-ca0f5d0a3cdb,,10,FAULT,0x0100,PI_LOST,0,1,1,0,1,0,0.0,0.61,0.0,1.257,0.0,150.84,113.13,0.0,0.0,36.33,-0.4,0.0,0.0,0.0,0.0,0.0,0.0,52.6,0.0,0,0,0,0,0,8.0,0.0,14623.45,0.0,14623.45,0.0,-2.16
2026-06-05T02:05:40.739+00:00,125995,34904cc0-20b0-44ef-a748-ca0f5d0a3cdb,,10,FAULT,0x0100,PI_LOST,0,1,1,0,1,0,0.0,0.513,0.0,1.252,0.0,150.24,112.68,0.0,0.0,36.09,-0.28,0.0,0.0,0.0,0.0,0.0,0.0,52.6,0.0,0,0,0,0,0,8.0,0.0,14636.64,0.0,14636.64,0.0,-2.05
2026-06-05T02:05:40.854+00:00,126111,34904cc0-20b0-44ef-a748-ca0f5d0a3cdb,,10,FAULT,0x0100,PI_LOST,0,1,1,0,1,0,0.0,0.073,0.0,1.26,0.0,151.2,113.4,0.0,0.0,36.09,-0.15,0.0,0.0,0.0,0.0,0.0,0.0,52.6,0.0,0,0,0,0,0,8.0,0.0,14649.79,0.0,14649.79,0.0,0.0
2026-06-05T02:05:40.972+00:00,126227,34904cc0-20b0-44ef-a748-ca0f5d0a3cdb,,10,FAULT,0x0100,PI_LOST,0,1,1,0,1,0,0.0,0.268,0.0,1.272,0.0,152.64,114.48,0.0,0.0,35.36,-0.52,0.0,0.0,0.0,0.0,0.0,0.0,52.6,0.0,0,0,0,0,0,8.0,0.0,14663.07,0.0,14663.07,0.0,-6.29
2026-06-05T02:05:41.162+00:00,126344,34904cc0-20b0-44ef-a748-ca0f5d0a3cdb,,10,FAULT,0x0100,PI_LOST,0,1,1,0,1,0,0.0,0.562,0.0,1.278,0.0,153.36,115.02,0.0,0.0,35.85,-0.4,0.0,0.0,0.0,0.0,0.0,0.0,52.7,0.0,0,0,0,0,0,8.0,0.0,14676.53,0.0,14676.53,0.0,4.19
2026-06-05T02:05:41.256+00:00,126460,34904cc0-20b0-44ef-a748-ca0f5d0a3cdb,,10,FAULT,0x0100,PI_LOST,0,1,1,0,1,0,0.0,0.268,0.0,1.276,0.0,153.12,114.84,0.0,0.0,35.11,0.0,0.0,0.0,0.0,0.0,0.0,0.0,53.0,0.0,0,0,0,0,0,8.0,0.0,14689.85,0.0,14689.85,0.0,-6.38
2026-06-05T02:05:41.321+00:00,126576,34904cc0-20b0-44ef-a748-ca0f5d0a3cdb,,10,FAULT,0x0100,PI_LOST,0,1,1,0,1,0,0.0,0.464,0.0,1.296,0.0,155.52,116.64,0.0,0.0,36.33,-0.15,0.0,0.0,0.0,0.0,0.0,0.0,52.3,0.0,0,0,0,0,0,8.0,0.0,14703.38,0.0,14703.38,0.0,10.52
2026-06-05T02:05:41.439+00:00,126693,34904cc0-20b0-44ef-a748-ca0f5d0a3cdb,,10,FAULT,0x0100,PI_LOST,0,1,1,0,1,0,0.0,0.659,0.0,1.289,0.0,154.68,116.01,0.0,0.0,36.82,0.0,0.0,0.0,0.0,0.0,0.0,0.0,52.2,0.0,0,0,0,0,0,8.0,0.0,14716.95,0.0,14716.95,0.0,4.19
2026-06-05T02:05:41.554+00:00,126810,34904cc0-20b0-44ef-a748-ca0f5d0a3cdb,,10,FAULT,0x0100,PI_LOST,0,1,1,0,1,0,0.0,0.317,0.0,1.287,0.0,154.44,115.83,0.0,0.0,35.6,-0.52,0.0,0.0,0.0,0.0,0.0,0.0,52.3,0.0,0,0,0,0,0,8.0,0.0,14730.51,0.0,14730.51,0.0,-10.43
2026-06-05T02:05:41.681+00:00,126925,34904cc0-20b0-44ef-a748-ca0f5d0a3cdb,,10,FAULT,0x0100,PI_LOST,0,1,1,0,1,0,0.0,0.464,0.0,1.291,0.0,154.92,116.19,0.0,0.0,36.09,-0.4,0.0,0.0,0.0,0.0,0.0,0.0,52.2,0.0,0,0,0,0,0,8.0,0.0,14743.87,0.0,14743.87,0.0,4.26
2026-06-05T02:05:41.788+00:00,127042,34904cc0-20b0-44ef-a748-ca0f5d0a3cdb,,10,FAULT,0x0100,PI_LOST,0,1,1,0,1,0,0.0,0.659,0.0,1.275,0.0,153.0,114.75,0.0,0.0,35.6,-0.15,0.0,0.0,0.0,0.0,0.0,0.0,52.0,0.0,0,0,0,0,0,8.0,0.0,14757.29,0.0,14757.29,0.0,-4.19
2026-06-05T02:05:41.969+00:00,127159,34904cc0-20b0-44ef-a748-ca0f5d0a3cdb,,10,FAULT,0x0100,PI_LOST,0,1,1,0,1,0,0.0,0.708,0.0,1.281,0.0,153.72,115.29,0.0,0.0,35.6,-0.15,0.0,0.0,0.0,0.0,0.0,0.0,51.7,0.0,0,0,0,0,0,8.0,0.0,14770.78,0.0,14770.78,0.0,0.0
2026-06-05T02:05:42.021+00:00,127275,34904cc0-20b0-44ef-a748-ca0f5d0a3cdb,,10,FAULT,0x0100,PI_LOST,0,1,1,0,1,0,0.0,0.366,0.0,1.29,0.0,154.8,116.1,0.0,0.0,36.82,-0.4,0.0,0.0,0.0,0.0,0.0,0.0,51.9,0.0,0,0,0,0,0,8.0,0.0,14784.25,0.0,14784.25,0.0,10.52
2026-06-05T02:05:42.139+00:00,127391,34904cc0-20b0-44ef-a748-ca0f5d0a3cdb,,10,FAULT,0x0100,PI_LOST,0,1,1,0,1,0,0.0,0.171,0.0,1.285,0.0,154.2,115.65,0.0,0.0,36.09,-0.28,0.0,0.0,0.0,0.0,0.0,0.0,51.8,0.0,0,0,0,0,0,8.0,0.0,14797.67,0.0,14797.67,0.0,-6.29
2026-06-05T02:05:42.254+00:00,127508,34904cc0-20b0-44ef-a748-ca0f5d0a3cdb,,10,FAULT,0x0100,PI_LOST,0,1,1,0,1,0,0.0,0.562,0.0,1.298,0.0,155.76,116.82,0.0,0.0,36.33,-0.28,0.0,0.0,0.0,0.0,0.0,0.0,52.1,0.0,0,0,0,0,0,8.0,0.0,14811.33,0.0,14811.33,0.0,2.05
2026-06-05T02:05:42.373+00:00,127624,34904cc0-20b0-44ef-a748-ca0f5d0a3cdb,,10,FAULT,0x0100,PI_LOST,0,1,1,0,1,0,0.0,0.659,0.0,1.296,0.0,155.52,116.64,0.0,0.0,36.58,-0.52,0.0,0.0,0.0,0.0,0.0,0.0,51.7,0.0,0,0,0,0,0,8.0,0.0,14824.86,0.0,14824.86,0.0,2.16
2026-06-05T02:05:42.489+00:00,127740,34904cc0-20b0-44ef-a748-ca0f5d0a3cdb,,10,FAULT,0x0100,PI_LOST,0,1,1,0,1,0,0.0,0.366,0.0,1.302,0.0,156.24,117.18,0.0,0.0,36.09,-0.15,0.0,0.0,0.0,0.0,0.0,0.0,51.4,0.0,0,0,0,0,0,8.0,0.0,14838.46,0.0,14838.46,0.0,-4.22
2026-06-05T02:05:42.675+00:00,127857,34904cc0-20b0-44ef-a748-ca0f5d0a3cdb,,10,FAULT,0x0100,PI_LOST,0,1,1,0,1,0,0.0,0.659,0.0,1.29,0.0,154.8,116.1,0.0,0.0,35.6,-0.4,0.0,0.0,0.0,0.0,0.0,0.0,51.0,0.0,0,0,0,0,0,8.0,0.0,14852.04,0.0,14852.04,0.0,-4.19
2026-06-05T02:05:42.722+00:00,127973,34904cc0-20b0-44ef-a748-ca0f5d0a3cdb,,10,FAULT,0x0100,PI_LOST,0,1,1,0,1,0,0.0,0.61,0.0,1.279,0.0,153.48,115.11,0.0,0.0,35.6,-0.4,0.0,0.0,0.0,0.0,0.0,0.0,51.8,0.0,0,0,0,0,0,8.0,0.0,14865.39,0.0,14865.39,0.0,0.0
2026-06-05T02:05:42.837+00:00,128090,34904cc0-20b0-44ef-a748-ca0f5d0a3cdb,,10,FAULT,0x0100,PI_LOST,0,1,1,0,1,0,0.0,0.317,0.0,1.254,0.0,150.48,112.86,0.0,0.0,34.87,-0.4,0.0,0.0,0.0,0.0,0.0,0.0,51.8,0.0,0,0,0,0,0,8.0,0.0,14878.6,0.0,14878.6,0.0,-6.24
2026-06-05T02:05:42.955+00:00,128206,34904cc0-20b0-44ef-a748-ca0f5d0a3cdb,,10,FAULT,0x0100,PI_LOST,0,1,1,0,1,0,0.0,0.317,0.0,1.263,0.0,151.56,113.67,0.0,0.0,35.11,-0.28,0.0,0.0,0.0,0.0,0.0,0.0,52.5,0.0,0,0,0,0,0,8.0,0.0,14891.78,0.0,14891.78,0.0,2.07
2026-06-05T02:05:43.070+00:00,128322,34904cc0-20b0-44ef-a748-ca0f5d0a3cdb,,10,FAULT,0x0100,PI_LOST,0,1,1,0,1,0,0.0,0.562,0.0,1.253,0.0,150.36,112.77,0.0,0.0,36.82,-0.52,0.0,0.0,0.0,0.0,0.0,0.0,52.8,0.0,0,0,0,0,0,8.0,0.0,14904.87,0.0,14904.87,0.0,14.74
2026-06-05T02:05:43.197+00:00,128439,34904cc0-20b0-44ef-a748-ca0f5d0a3cdb,,10,FAULT,0x0100,PI_LOST,0,1,1,0,1,0,0.0,0.757,0.0,1.272,0.0,152.64,114.48,0.0,0.0,36.33,-0.28,0.0,0.0,0.0,0.0,0.0,0.0,53.2,0.0,0,0,0,0,0,8.0,0.0,14918.26,0.0,14918.26,0.0,-4.19
2026-06-05T02:05:43.313+00:00,128556,34904cc0-20b0-44ef-a748-ca0f5d0a3cdb,,10,FAULT,0x0100,PI_LOST,0,1,1,0,1,0,0.0,0.268,0.0,1.263,0.0,151.56,113.67,0.0,0.0,36.58,0.0,0.0,0.0,0.0,0.0,0.0,0.0,52.9,0.0,0,0,0,0,0,8.0,0.0,14931.56,0.0,14931.56,0.0,2.14
2026-06-05T02:05:43.422+00:00,128671,34904cc0-20b0-44ef-a748-ca0f5d0a3cdb,,10,FAULT,0x0100,PI_LOST,0,1,1,0,1,0,0.0,0.317,0.0,1.253,0.0,150.36,112.77,0.0,0.0,35.11,-0.15,0.0,0.0,0.0,0.0,0.0,0.0,53.0,0.0,0,0,0,0,0,8.0,0.0,14944.53,0.0,14944.53,0.0,-12.78
2026-06-05T02:05:43.537+00:00,128788,34904cc0-20b0-44ef-a748-ca0f5d0a3cdb,,10,FAULT,0x0100,PI_LOST,0,1,1,0,1,0,0.0,0.171,0.0,1.242,0.0,149.04,111.78,0.0,0.0,35.6,-0.4,0.0,0.0,0.0,0.0,0.0,0.0,53.2,0.0,0,0,0,0,0,8.0,0.0,14957.61,0.0,14957.61,0.0,4.19
2026-06-05T02:05:43.655+00:00,128905,34904cc0-20b0-44ef-a748-ca0f5d0a3cdb,,10,FAULT,0x0100,PI_LOST,0,1,1,0,1,0,0.0,0.513,0.0,1.232,0.0,147.84,110.88,0.0,0.0,36.58,-0.15,0.0,0.0,0.0,0.0,0.0,0.0,53.0,0.0,0,0,0,0,0,8.0,0.0,14970.58,0.0,14970.58,0.0,8.38
2026-06-05T02:05:43.770+00:00,129020,34904cc0-20b0-44ef-a748-ca0f5d0a3cdb,,10,FAULT,0x0100,PI_LOST,0,1,1,0,1,0,0.0,0.366,0.0,1.249,0.0,149.88,112.41,0.0,0.0,35.11,-0.52,0.0,0.0,0.0,0.0,0.0,0.0,53.7,0.0,0,0,0,0,0,8.0,0.0,14983.51,0.0,14983.51,0.0,-12.78
2026-06-05T02:05:43.934+00:00,129137,34904cc0-20b0-44ef-a748-ca0f5d0a3cdb,,10,FAULT,0x0100,PI_LOST,0,1,1,0,1,0,0.0,0.61,0.0,1.253,0.0,150.36,112.77,0.0,0.0,35.36,-0.52,0.0,0.0,0.0,0.0,0.0,0.0,53.3,0.0,0,0,0,0,0,8.0,0.0,14996.7,0.0,14996.7,0.0,2.14
2026-06-05T02:05:44.026+00:00,129254,34904cc0-20b0-44ef-a748-ca0f5d0a3cdb,,10,FAULT,0x0100,PI_LOST,0,1,1,0,1,0,0.0,0.562,0.0,1.258,0.0,150.96,113.22,0.0,0.0,36.82,-0.15,0.0,0.0,0.0,0.0,0.0,0.0,52.8,0.0,0,0,0,0,0,8.0,0.0,15009.95,0.0,15009.95,0.0,12.48
2026-06-05T02:05:44.122+00:00,129370,34904cc0-20b0-44ef-a748-ca0f5d0a3cdb,,10,FAULT,0x0100,PI_LOST,0,1,1,0,1,0,0.0,0.61,0.0,1.276,0.0,153.12,114.84,0.0,0.0,36.58,-0.4,0.0,0.0,0.0,0.0,0.0,0.0,53.1,0.0,0,0,0,0,0,8.0,0.0,15023.27,0.0,15023.27,0.0,-2.07
2026-06-05T02:05:44.237+00:00,129486,34904cc0-20b0-44ef-a748-ca0f5d0a3cdb,,10,FAULT,0x0100,PI_LOST,0,1,1,0,1,0,0.0,0.024,0.0,1.258,0.0,150.96,113.22,0.0,0.0,35.6,-0.28,0.0,0.0,0.0,0.0,0.0,0.0,52.6,0.0,0,0,0,0,0,8.0,0.0,15036.4,0.0,15036.4,0.0,-8.45
2026-06-05T02:05:44.355+00:00,129602,34904cc0-20b0-44ef-a748-ca0f5d0a3cdb,,10,FAULT,0x0100,PI_LOST,0,1,1,0,1,0,0.0,0.659,0.0,1.238,0.0,148.56,111.42,0.0,0.0,36.58,-0.28,0.0,0.0,0.0,0.0,0.0,0.0,53.5,0.0,0,0,0,0,0,8.0,0.0,15049.33,0.0,15049.33,0.0,8.45
2026-06-05T02:05:44.470+00:00,129719,34904cc0-20b0-44ef-a748-ca0f5d0a3cdb,,10,FAULT,0x0100,PI_LOST,0,1,1,0,1,0,0.0,0.513,0.0,1.234,0.0,148.08,111.06,0.0,0.0,35.85,-0.28,0.0,0.0,0.0,0.0,0.0,0.0,52.9,0.0,0,0,0,0,0,8.0,0.0,15062.32,0.0,15062.32,0.0,-6.24
2026-06-05T02:05:44.650+00:00,129836,34904cc0-20b0-44ef-a748-ca0f5d0a3cdb,,10,FAULT,0x0100,PI_LOST,0,1,1,0,1,0,0.0,0.464,0.0,1.215,0.0,145.8,109.35,0.0,0.0,35.36,-0.4,0.0,0.0,0.0,0.0,0.0,0.0,52.7,0.0,0,0,0,0,0,8.0,0.0,15075.11,0.0,15075.11,0.0,-4.19
2026-06-05T02:05:44.743+00:00,129952,34904cc0-20b0-44ef-a748-ca0f5d0a3cdb,,10,FAULT,0x0100,PI_LOST,0,1,1,0,1,0,0.0,0.464,0.0,1.218,0.0,146.16,109.62,0.0,0.0,35.36,-0.15,0.0,0.0,0.0,0.0,0.0,0.0,52.7,0.0,0,0,0,0,0,8.0,0.0,15087.83,0.0,15087.83,0.0,0.0
2026-06-05T02:05:44.834+00:00,130068,34904cc0-20b0-44ef-a748-ca0f5d0a3cdb,,10,FAULT,0x0100,PI_LOST,0,1,1,0,1,0,0.0,0.513,0.0,1.225,0.0,147.0,110.25,0.0,0.0,35.6,-0.4,0.0,0.0,0.0,0.0,0.0,0.0,52.7,0.0,0,0,0,0,0,8.0,0.0,15100.62,0.0,15100.62,0.0,2.07
2026-06-05T02:05:44.937+00:00,130185,34904cc0-20b0-44ef-a748-ca0f5d0a3cdb,,10,FAULT,0x0100,PI_LOST,0,1,1,0,1,0,0.0,0.122,0.0,1.235,0.0,148.2,111.15,0.0,0.0,35.11,-0.52,0.0,0.0,0.0,0.0,0.0,0.0,52.6,0.0,0,0,0,0,0,8.0,0.0,15113.62,0.0,15113.62,0.0,-4.19
2026-06-05T02:05:45.052+00:00,130301,34904cc0-20b0-44ef-a748-ca0f5d0a3cdb,,10,FAULT,0x0100,PI_LOST,0,1,1,0,1,0,0.0,0.268,0.0,1.24,0.0,148.8,111.6,0.0,0.0,35.85,-0.15,0.0,0.0,0.0,0.0,0.0,0.0,52.7,0.0,0,0,0,0,0,8.0,0.0,15126.57,0.0,15126.57,0.0,6.38
2026-06-05T02:05:45.170+00:00,130417,34904cc0-20b0-44ef-a748-ca0f5d0a3cdb,,10,FAULT,0x0100,PI_LOST,0,1,1,0,1,0,0.0,0.464,0.0,1.228,0.0,147.36,110.52,0.0,0.0,36.58,-0.52,0.0,0.0,0.0,0.0,0.0,0.0,52.7,0.0,0,0,0,0,0,8.0,0.0,15139.39,0.0,15139.39,0.0,6.29
2026-06-05T02:05:45.373+00:00,130534,34904cc0-20b0-44ef-a748-ca0f5d0a3cdb,,10,FAULT,0x0100,PI_LOST,0,1,1,0,1,0,0.0,0.317,0.0,1.222,0.0,146.64,109.98,0.0,0.0,35.85,-0.52,0.0,0.0,0.0,0.0,0.0,0.0,52.5,0.0,0,0,0,0,0,8.0,0.0,15152.26,0.0,15152.26,0.0,-6.24
2026-06-05T02:05:45.510+00:00,130651,34904cc0-20b0-44ef-a748-ca0f5d0a3cdb,,10,FAULT,0x0100,PI_LOST,0,1,1,0,1,0,0.0,0.562,0.0,1.216,0.0,145.92,109.44,0.0,0.0,36.33,-0.52,0.0,0.0,0.0,0.0,0.0,0.0,52.5,0.0,0,0,0,0,0,8.0,0.0,15165.06,0.0,15165.06,0.0,4.1
2026-06-05T02:05:45.549+00:00,130766,34904cc0-20b0-44ef-a748-ca0f5d0a3cdb,,10,FAULT,0x0100,PI_LOST,0,1,1,0,1,0,0.0,0.562,0.0,1.206,0.0,144.72,108.54,0.0,0.0,36.09,-0.4,0.0,0.0,0.0,0.0,0.0,0.0,52.7,0.0,0,0,0,0,0,8.0,0.0,15177.54,0.0,15177.54,0.0,-2.09
2026-06-05T02:05:45.638+00:00,130883,34904cc0-20b0-44ef-a748-ca0f5d0a3cdb,,10,FAULT,0x0100,PI_LOST,0,1,1,0,1,0,0.0,0.366,0.0,1.23,0.0,147.6,110.7,0.0,0.0,35.6,-0.52,0.0,0.0,0.0,0.0,0.0,0.0,53.2,0.0,0,0,0,0,0,8.0,0.0,15190.5,0.0,15190.5,0.0,-4.19
2026-06-05T02:05:45.752+00:00,130999,34904cc0-20b0-44ef-a748-ca0f5d0a3cdb,,10,FAULT,0x0100,PI_LOST,0,1,1,0,1,0,0.0,0.61,0.0,1.202,0.0,144.24,108.18,0.0,0.0,35.36,-0.28,0.0,0.0,0.0,0.0,0.0,0.0,52.7,0.0,0,0,0,0,0,8.0,0.0,15203.04,0.0,15203.04,0.0,-2.07
2026-06-05T02:05:45.871+00:00,131116,34904cc0-20b0-44ef-a748-ca0f5d0a3cdb,,10,FAULT,0x0100,PI_LOST,0,1,1,0,1,0,0.0,0.415,0.0,1.212,0.0,145.44,109.08,0.0,0.0,35.6,-0.15,0.0,0.0,0.0,0.0,0.0,0.0,52.7,0.0,0,0,0,0,0,8.0,0.0,15215.81,0.0,15215.81,0.0,2.05
2026-06-05T02:05:45.986+00:00,131232,34904cc0-20b0-44ef-a748-ca0f5d0a3cdb,,10,FAULT,0x0100,PI_LOST,0,1,1,0,1,0,0.0,0.61,0.0,1.204,0.0,144.48,108.36,0.0,0.0,36.09,-0.4,0.0,0.0,0.0,0.0,0.0,0.0,52.9,0.0,0,0,0,0,0,8.0,0.0,15228.38,0.0,15228.38,0.0,4.22
2026-06-05T02:05:46.135+00:00,131348,34904cc0-20b0-44ef-a748-ca0f5d0a3cdb,,10,FAULT,0x0100,PI_LOST,0,1,1,0,1,0,0.0,0.708,0.0,1.207,0.0,144.84,108.63,0.0,0.0,35.6,0.0,0.0,0.0,0.0,0.0,0.0,0.0,52.9,0.0,0,0,0,0,0,8.0,0.0,15240.98,0.0,15240.98,0.0,-4.22
2026-06-05T02:05:46.227+00:00,131465,34904cc0-20b0-44ef-a748-ca0f5d0a3cdb,,10,FAULT,0x0100,PI_LOST,0,1,1,0,1,0,0.0,0.366,0.0,1.207,0.0,144.84,108.63,0.0,0.0,36.82,-0.52,0.0,0.0,0.0,0.0,0.0,0.0,53.2,0.0,0,0,0,0,0,8.0,0.0,15253.69,0.0,15253.69,0.0,10.43
2026-06-05T02:05:46.338+00:00,131581,34904cc0-20b0-44ef-a748-ca0f5d0a3cdb,,10,FAULT,0x0100,PI_LOST,0,1,1,0,1,0,0.0,0.171,0.0,1.21,0.0,145.2,108.9,0.0,0.0,36.33,-0.4,0.0,0.0,0.0,0.0,0.0,0.0,52.9,0.0,0,0,0,0,0,8.0,0.0,15266.32,0.0,15266.32,0.0,-4.22
2026-06-05T02:05:46.453+00:00,131697,34904cc0-20b0-44ef-a748-ca0f5d0a3cdb,,10,FAULT,0x0100,PI_LOST,0,1,1,0,1,0,0.0,0.513,0.0,1.208,0.0,144.96,108.72,0.0,0.0,35.85,-0.52,0.0,0.0,0.0,0.0,0.0,0.0,53.0,0.0,0,0,0,0,0,8.0,0.0,15278.93,0.0,15278.93,0.0,-4.14
2026-06-05T02:05:46.571+00:00,131814,34904cc0-20b0-44ef-a748-ca0f5d0a3cdb,,10,FAULT,0x0100,PI_LOST,0,1,1,0,1,0,0.0,0.122,0.0,1.208,0.0,144.96,108.72,0.0,0.0,36.33,-0.4,0.0,0.0,0.0,0.0,0.0,0.0,53.2,0.0,0,0,0,0,0,8.0,0.0,15291.65,0.0,15291.65,0.0,4.1
2026-06-05T02:05:46.686+00:00,131931,34904cc0-20b0-44ef-a748-ca0f5d0a3cdb,,10,FAULT,0x0100,PI_LOST,0,1,1,0,1,0,0.0,0.171,0.0,1.2,0.0,144.0,108.0,0.0,0.0,36.33,-0.4,0.0,0.0,0.0,0.0,0.0,0.0,53.3,0.0,0,0,0,0,0,8.0,0.0,15304.29,0.0,15304.29,0.0,0.0
2026-06-05T02:05:46.854+00:00,132046,34904cc0-20b0-44ef-a748-ca0f5d0a3cdb,,10,FAULT,0x0100,PI_LOST,0,1,1,0,1,0,0.0,0.659,0.0,1.178,0.0,141.36,106.02,0.0,0.0,35.11,-0.15,0.0,0.0,0.0,0.0,0.0,0.0,53.1,0.0,0,0,0,0,0,8.0,0.0,15316.48,0.0,15316.48,0.0,-10.61
2026-06-05T02:05:46.945+00:00,132163,34904cc0-20b0-44ef-a748-ca0f5d0a3cdb,,10,FAULT,0x0100,PI_LOST,0,1,1,0,1,0,0.0,0.464,0.0,1.185,0.0,142.2,106.65,0.0,0.0,35.6,-0.4,0.0,0.0,0.0,0.0,0.0,0.0,53.4,0.0,0,0,0,0,0,8.0,0.0,15328.96,0.0,15328.96,0.0,4.19
2026-06-05T02:05:47.036+00:00,132280,34904cc0-20b0-44ef-a748-ca0f5d0a3cdb,,10,FAULT,0x0100,PI_LOST,0,1,1,0,1,0,0.0,0.464,0.0,1.175,0.0,141.0,105.75,0.0,0.0,36.09,-0.4,0.0,0.0,0.0,0.0,0.0,0.0,53.5,0.0,0,0,0,0,0,8.0,0.0,15341.33,0.0,15341.33,0.0,4.19
2026-06-05T02:05:47.153+00:00,132396,34904cc0-20b0-44ef-a748-ca0f5d0a3cdb,,10,FAULT,0x0100,PI_LOST,0,1,1,0,1,0,0.0,0.366,0.0,1.167,0.0,140.04,105.03,0.0,0.0,35.36,-0.15,0.0,0.0,0.0,0.0,0.0,0.0,53.4,0.0,0,0,0,0,0,8.0,0.0,15353.51,0.0,15353.51,0.0,-6.29
2026-06-05T02:05:47.268+00:00,132512,34904cc0-20b0-44ef-a748-ca0f5d0a3cdb,,10,FAULT,0x0100,PI_LOST,0,1,1,0,1,0,0.0,0.268,0.0,1.182,0.0,141.84,106.38,0.0,0.0,35.85,-0.52,0.0,0.0,0.0,0.0,0.0,0.0,53.6,0.0,0,0,0,0,0,8.0,0.0,15365.85,0.0,15365.85,0.0,4.22
2026-06-05T02:05:47.386+00:00,132629,34904cc0-20b0-44ef-a748-ca0f5d0a3cdb,,10,FAULT,0x0100,PI_LOST,0,1,1,0,1,0,0.0,0.024,0.0,1.176,0.0,141.12,105.84,0.0,0.0,35.85,-0.52,0.0,0.0,0.0,0.0,0.0,0.0,53.5,0.0,0,0,0,0,0,8.0,0.0,15378.24,0.0,15378.24,0.0,0.0
2026-06-05T02:05:47.530+00:00,132745,34904cc0-20b0-44ef-a748-ca0f5d0a3cdb,,10,FAULT,0x0100,PI_LOST,0,1,1,0,1,0,0.0,0.219,0.0,1.181,0.0,141.72,106.29,0.0,0.0,35.11,-0.52,0.0,0.0,0.0,0.0,0.0,0.0,53.3,0.0,0,0,0,0,0,8.0,0.0,15390.57,0.0,15390.57,0.0,-6.38
2026-06-05T02:05:47.661+00:00,132861,34904cc0-20b0-44ef-a748-ca0f5d0a3cdb,,10,FAULT,0x0100,PI_LOST,0,1,1,0,1,0,0.0,0.61,0.0,1.183,0.0,141.96,106.47,0.0,0.0,35.11,-0.28,0.0,0.0,0.0,0.0,0.0,0.0,53.6,0.0,0,0,0,0,0,8.0,0.0,15402.92,0.0,15402.92,0.0,0.0
2026-06-05T02:05:47.753+00:00,132978,34904cc0-20b0-44ef-a748-ca0f5d0a3cdb,,10,FAULT,0x0100,PI_LOST,0,1,1,0,1,0,0.0,0.513,0.0,1.184,0.0,142.08,106.56,0.0,0.0,36.33,-0.4,0.0,0.0,0.0,0.0,0.0,0.0,53.3,0.0,0,0,0,0,0,8.0,0.0,15415.39,0.0,15415.39,0.0,10.43
2026-06-05T02:05:47.853+00:00,133094,34904cc0-20b0-44ef-a748-ca0f5d0a3cdb,,10,FAULT,0x0100,PI_LOST,0,1,1,0,1,0,0.0,0.855,0.0,1.172,0.0,140.64,105.48,0.0,0.0,36.58,0.0,0.0,0.0,0.0,0.0,0.0,0.0,53.3,0.0,0,0,0,0,0,8.0,0.0,15427.62,0.0,15427.62,0.0,2.16
2026-06-05T02:05:47.968+00:00,133211,34904cc0-20b0-44ef-a748-ca0f5d0a3cdb,,10,FAULT,0x0100,PI_LOST,0,1,1,0,1,0,0.0,0.073,0.0,1.174,0.0,140.88,105.66,0.0,0.0,34.87,-0.52,0.0,0.0,0.0,0.0,0.0,0.0,53.3,0.0,0,0,0,0,0,8.0,0.0,15439.98,0.0,15439.98,0.0,-14.62
2026-06-05T02:05:48.087+00:00,133327,34904cc0-20b0-44ef-a748-ca0f5d0a3cdb,,10,FAULT,0x0100,PI_LOST,0,1,1,0,1,0,0.0,0.562,0.0,1.158,0.0,138.96,104.22,0.0,0.0,36.33,-0.4,0.0,0.0,0.0,0.0,0.0,0.0,53.5,0.0,0,0,0,0,0,8.0,0.0,15452.07,0.0,15452.07,0.0,12.59
2026-06-05T02:05:48.262+00:00,133443,34904cc0-20b0-44ef-a748-ca0f5d0a3cdb,,10,FAULT,0x0100,PI_LOST,0,1,1,0,1,0,0.0,0.219,0.0,1.162,0.0,139.44,104.58,0.0,0.0,35.36,-0.28,0.0,0.0,0.0,0.0,0.0,0.0,53.6,0.0,0,0,0,0,0,8.0,0.0,15464.2,0.0,15464.2,0.0,-8.36
2026-06-05T02:05:48.389+00:00,133560,34904cc0-20b0-44ef-a748-ca0f5d0a3cdb,,10,FAULT,0x0100,PI_LOST,0,1,1,0,1,0,0.0,0.171,0.0,1.15,0.0,138.0,103.5,0.0,0.0,35.6,-0.15,0.0,0.0,0.0,0.0,0.0,0.0,53.9,0.0,0,0,0,0,0,8.0,0.0,15476.31,0.0,15476.31,0.0,2.05
2026-06-05T02:05:48.483+00:00,133677,34904cc0-20b0-44ef-a748-ca0f5d0a3cdb,,10,FAULT,0x0100,PI_LOST,0,1,1,0,1,0,0.0,0.61,0.0,1.165,0.0,139.8,104.85,0.0,0.0,35.85,-0.64,0.0,0.0,0.0,0.0,0.0,0.0,53.5,0.0,0,0,0,0,0,8.0,0.0,15488.58,0.0,15488.58,0.0,2.14
2026-06-05T02:05:48.553+00:00,133792,34904cc0-20b0-44ef-a748-ca0f5d0a3cdb,,10,FAULT,0x0100,PI_LOST,0,1,1,0,1,0,0.0,0.659,0.0,1.158,0.0,138.96,104.22,0.0,0.0,35.85,-0.4,0.0,0.0,0.0,0.0,0.0,0.0,53.4,0.0,0,0,0,0,0,8.0,0.0,15500.57,0.0,15500.57,0.0,0.0
2026-06-05T02:05:48.668+00:00,133909,34904cc0-20b0-44ef-a748-ca0f5d0a3cdb,,10,FAULT,0x0100,PI_LOST,0,1,1,0,1,0,0.0,0.61,0.0,1.172,0.0,140.64,105.48,0.0,0.0,35.11,-0.52,0.0,0.0,0.0,0.0,0.0,0.0,53.4,0.0,0,0,0,0,0,8.0,0.0,15512.91,0.0,15512.91,0.0,-6.32
2026-06-05T02:05:48.787+00:00,134026,34904cc0-20b0-44ef-a748-ca0f5d0a3cdb,,10,FAULT,0x0100,PI_LOST,0,1,1,0,1,0,0.0,0.073,0.0,1.153,0.0,138.36,103.77,0.0,0.0,35.11,-0.28,0.0,0.0,0.0,0.0,0.0,0.0,54.5,0.0,0,0,0,0,0,8.0,0.0,15525.05,0.0,15525.05,0.0,0.0
2026-06-05T02:05:48.908+00:00,134141,34904cc0-20b0-44ef-a748-ca0f5d0a3cdb,,10,FAULT,0x0100,PI_LOST,0,1,1,0,1,0,0.0,0.562,0.0,1.173,0.0,140.76,105.57,0.0,0.0,37.07,-0.28,0.0,0.0,0.0,0.0,0.0,0.0,54.0,0.0,0,0,0,0,0,8.0,0.0,15537.19,0.0,15537.19,0.0,17.04
2026-06-05T02:05:49.018+00:00,134258,34904cc0-20b0-44ef-a748-ca0f5d0a3cdb,,10,FAULT,0x0100,PI_LOST,0,1,1,0,1,0,0.0,0.659,0.0,1.157,0.0,138.84,104.13,0.0,0.0,37.56,-0.52,0.0,0.0,0.0,0.0,0.0,0.0,54.0,0.0,0,0,0,0,0,8.0,0.0,15549.37,0.0,15549.37,0.0,4.19
2026-06-05T02:05:49.198+00:00,134375,34904cc0-20b0-44ef-a748-ca0f5d0a3cdb,,10,FAULT,0x0100,PI_LOST,0,1,1,0,1,0,0.0,0.562,0.0,1.154,0.0,138.48,103.86,0.0,0.0,36.09,0.0,0.0,0.0,0.0,0.0,0.0,0.0,54.5,0.0,0,0,0,0,0,8.0,0.0,15561.52,0.0,15561.52,0.0,-12.56
2026-06-05T02:05:49.251+00:00,134491,34904cc0-20b0-44ef-a748-ca0f5d0a3cdb,,10,FAULT,0x0100,PI_LOST,0,1,1,0,1,0,0.0,0.317,0.0,1.163,0.0,139.56,104.67,0.0,0.0,36.33,-0.52,0.0,0.0,0.0,0.0,0.0,0.0,53.6,0.0,0,0,0,0,0,8.0,0.0,15573.67,0.0,15573.67,0.0,2.07
2026-06-05T02:05:49.369+00:00,134607,34904cc0-20b0-44ef-a748-ca0f5d0a3cdb,,10,FAULT,0x0100,PI_LOST,0,1,1,0,1,0,0.0,0.562,0.0,1.151,0.0,138.12,103.59,0.0,0.0,36.82,-0.28,0.0,0.0,0.0,0.0,0.0,0.0,53.2,0.0,0,0,0,0,0,8.0,0.0,15585.68,0.0,15585.68,0.0,4.22
2026-06-05T02:05:49.484+00:00,134724,34904cc0-20b0-44ef-a748-ca0f5d0a3cdb,,10,FAULT,0x0100,PI_LOST,0,1,1,0,1,0,0.0,0.659,0.0,1.158,0.0,138.96,104.22,0.0,0.0,35.85,0.0,0.0,0.0,0.0,0.0,0.0,0.0,53.0,0.0,0,0,0,0,0,8.0,0.0,15597.88,0.0,15597.88,0.0,-8.29
2026-06-05T02:05:49.602+00:00,134840,34904cc0-20b0-44ef-a748-ca0f5d0a3cdb,,10,FAULT,0x0100,PI_LOST,0,1,1,0,1,0,0.0,0.562,0.0,1.147,0.0,137.64,103.23,0.0,0.0,36.33,-0.28,0.0,0.0,0.0,0.0,0.0,0.0,52.8,0.0,0,0,0,0,0,8.0,0.0,15609.85,0.0,15609.85,0.0,4.14
2026-06-05T02:05:49.731+00:00,134957,34904cc0-20b0-44ef-a748-ca0f5d0a3cdb,,10,FAULT,0x0100,PI_LOST,0,1,1,0,1,0,0.0,0.415,0.0,1.135,0.0,136.2,102.15,0.0,0.0,36.58,-0.4,0.0,0.0,0.0,0.0,0.0,0.0,53.4,0.0,0,0,0,0,0,8.0,0.0,15621.8,0.0,15621.8,0.0,2.14
2026-06-05T02:05:49.904+00:00,135073,34904cc0-20b0-44ef-a748-ca0f5d0a3cdb,,10,FAULT,0x0100,PI_LOST,0,1,1,0,1,0,0.0,0.464,0.0,1.142,0.0,137.04,102.78,0.0,0.0,36.82,-0.52,0.0,0.0,0.0,0.0,0.0,0.0,53.8,0.0,0,0,0,0,0,8.0,0.0,15633.72,0.0,15633.72,0.0,2.07
2026-06-05T02:05:49.951+00:00,135189,34904cc0-20b0-44ef-a748-ca0f5d0a3cdb,,10,FAULT,0x0100,PI_LOST,0,1,1,0,1,0,0.0,0.562,0.0,1.14,0.0,136.8,102.6,0.0,0.0,36.82,-0.4,0.0,0.0,0.0,0.0,0.0,0.0,53.5,0.0,0,0,0,0,0,8.0,0.0,15645.63,0.0,15645.63,0.0,0.0
2026-06-05T02:05:50.069+00:00,135306,34904cc0-20b0-44ef-a748-ca0f5d0a3cdb,,10,FAULT,0x0100,PI_LOST,0,1,1,0,1,0,0.0,0.562,0.0,1.148,0.0,137.76,103.32,0.0,0.0,35.11,-0.4,0.0,0.0,0.0,0.0,0.0,0.0,54.2,0.0,0,0,0,0,0,8.0,0.0,15657.71,0.0,15657.71,0.0,-14.62
2026-06-05T02:05:50.184+00:00,135422,34904cc0-20b0-44ef-a748-ca0f5d0a3cdb,,10,FAULT,0x0100,PI_LOST,0,1,1,0,1,0,0.0,0.219,0.0,1.155,0.0,138.6,103.95,0.0,0.0,36.33,-0.4,0.0,0.0,0.0,0.0,0.0,0.0,53.8,0.0,0,0,0,0,0,8.0,0.0,15669.77,0.0,15669.77,0.0,10.52
2026-06-05T02:05:50.302+00:00,135538,34904cc0-20b0-44ef-a748-ca0f5d0a3cdb,,10,FAULT,0x0100,PI_LOST,0,1,1,0,1,0,0.0,0.366,0.0,1.178,0.0,141.36,106.02,0.0,0.0,36.33,-0.15,0.0,0.0,0.0,0.0,0.0,0.0,53.9,0.0,0,0,0,0,0,8.0,0.0,15682.07,0.0,15682.07,0.0,0.0
2026-06-05T02:05:50.453+00:00,135655,34904cc0-20b0-44ef-a748-ca0f5d0a3cdb,,10,FAULT,0x0100,PI_LOST,0,1,1,0,1,0,0.0,0.708,0.0,1.188,0.0,142.56,106.92,0.0,0.0,36.09,-0.52,0.0,0.0,0.0,0.0,0.0,0.0,54.1,0.0,0,0,0,0,0,8.0,0.0,15694.58,0.0,15694.58,0.0,-2.05
2026-06-05T02:05:50.587+00:00,135772,34904cc0-20b0-44ef-a748-ca0f5d0a3cdb,,10,FAULT,0x0100,PI_LOST,0,1,1,0,1,0,0.0,0.415,0.0,1.188,0.0,142.56,106.92,0.0,0.0,36.33,0.0,0.0,0.0,0.0,0.0,0.0,0.0,54.1,0.0,0,0,0,0,0,8.0,0.0,15707.09,0.0,15707.09,0.0,2.05
2026-06-05T02:05:50.681+00:00,135887,34904cc0-20b0-44ef-a748-ca0f5d0a3cdb,,10,FAULT,0x0100,PI_LOST,0,1,1,0,1,0,0.0,0.513,0.0,1.193,0.0,143.16,107.37,0.0,0.0,36.09,-0.28,0.0,0.0,0.0,0.0,0.0,0.0,54.1,0.0,0,0,0,0,0,8.0,0.0,15719.44,0.0,15719.44,0.0,-2.09
2026-06-05T02:05:50.769+00:00,136004,34904cc0-20b0-44ef-a748-ca0f5d0a3cdb,,10,FAULT,0x0100,PI_LOST,0,1,1,0,1,0,0.0,0.855,0.0,1.188,0.0,142.56,106.92,0.0,0.0,35.36,-0.4,0.0,0.0,0.0,0.0,0.0,0.0,54.7,0.0,0,0,0,0,0,8.0,0.0,15731.95,0.0,15731.95,0.0,-6.24
2026-06-05T02:05:50.884+00:00,136121,34904cc0-20b0-44ef-a748-ca0f5d0a3cdb,,10,FAULT,0x0100,PI_LOST,0,1,1,0,1,0,0.0,0.317,0.0,1.186,0.0,142.32,106.74,0.0,0.0,35.6,-0.4,0.0,0.0,0.0,0.0,0.0,0.0,54.9,0.0,0,0,0,0,0,8.0,0.0,15744.44,0.0,15744.44,0.0,2.05
2026-06-05T02:05:51.003+00:00,136237,34904cc0-20b0-44ef-a748-ca0f5d0a3cdb,,10,FAULT,0x0100,PI_LOST,0,1,1,0,1,0,0.0,0.268,0.0,1.22,0.0,146.4,109.8,0.0,0.0,36.33,-0.4,0.0,0.0,0.0,0.0,0.0,0.0,53.8,0.0,0,0,0,0,0,8.0,0.0,15757.17,0.0,15757.17,0.0,6.29
2026-06-05T02:05:51.118+00:00,136353,34904cc0-20b0-44ef-a748-ca0f5d0a3cdb,,10,FAULT,0x0100,PI_LOST,0,1,1,0,1,0,0.0,0.464,0.0,1.236,0.0,148.32,111.24,0.0,0.0,35.6,-0.52,0.0,0.0,0.0,0.0,0.0,0.0,57.4,0.0,0,0,0,0,0,8.0,0.0,15770.08,0.0,15770.08,0.0,-6.29
2026-06-05T02:05:51.307+00:00,136470,34904cc0-20b0-44ef-a748-ca0f5d0a3cdb,,10,FAULT,0x0100,PI_LOST,0,1,1,0,1,0,0.0,0.464,0.0,1.242,0.0,149.04,111.78,0.0,0.0,36.33,-0.28,0.0,0.0,0.0,0.0,0.0,0.0,57.9,0.0,0,0,0,0,0,8.0,0.0,15783.16,0.0,15783.16,0.0,6.24
2026-06-05T02:05:51.402+00:00,136586,34904cc0-20b0-44ef-a748-ca0f5d0a3cdb,,10,FAULT,0x0100,PI_LOST,0,1,1,0,1,0,0.0,0.562,0.0,1.244,0.0,149.28,111.96,0.0,0.0,36.58,-0.4,0.0,0.0,0.0,0.0,0.0,0.0,56.9,0.0,0,0,0,0,0,8.0,0.0,15796.14,0.0,15796.14,0.0,2.16
2026-06-05T02:05:51.466+00:00,136702,34904cc0-20b0-44ef-a748-ca0f5d0a3cdb,,10,FAULT,0x0100,PI_LOST,0,1,1,0,1,0,0.0,0.708,0.0,1.243,0.0,149.16,111.87,0.0,0.0,37.07,-0.52,0.0,0.0,0.0,0.0,0.0,0.0,55.9,0.0,0,0,0,0,0,8.0,0.0,15809.12,0.0,15809.12,0.0,4.22
2026-06-05T02:05:51.585+00:00,136819,34904cc0-20b0-44ef-a748-ca0f5d0a3cdb,,10,FAULT,0x0100,PI_LOST,0,1,1,0,1,0,0.0,0.366,0.0,1.248,0.0,149.76,112.32,0.0,0.0,35.36,-0.15,0.0,0.0,0.0,0.0,0.0,0.0,55.4,0.0,0,0,0,0,0,8.0,0.0,15822.26,0.0,15822.26,0.0,-14.62
2026-06-05T02:05:51.700+00:00,136935,34904cc0-20b0-44ef-a748-ca0f5d0a3cdb,,10,FAULT,0x0100,PI_LOST,0,1,1,0,1,0,0.0,0.757,0.0,1.234,0.0,148.08,111.06,0.0,0.0,35.36,-0.52,0.0,0.0,0.0,0.0,0.0,0.0,54.9,0.0,0,0,0,0,0,8.0,0.0,15835.14,0.0,15835.14,0.0,0.0
2026-06-05T02:05:51.827+00:00,137052,34904cc0-20b0-44ef-a748-ca0f5d0a3cdb,,10,FAULT,0x0100,PI_LOST,0,1,1,0,1,0,0.0,0.366,0.0,1.238,0.0,148.56,111.42,0.0,0.0,35.6,-0.4,0.0,0.0,0.0,0.0,0.0,0.0,54.2,0.0,0,0,0,0,0,8.0,0.0,15848.18,0.0,15848.18,0.0,2.05
2026-06-05T02:05:51.936+00:00,137168,34904cc0-20b0-44ef-a748-ca0f5d0a3cdb,,10,FAULT,0x0100,PI_LOST,0,1,1,0,1,0,0.0,0.366,0.0,1.223,0.0,146.76,110.07,0.0,0.0,35.11,-0.15,0.0,0.0,0.0,0.0,0.0,0.0,54.2,0.0,0,0,0,0,0,8.0,0.0,15860.95,0.0,15860.95,0.0,-4.22
2026-06-05T02:05:52.118+00:00,137284,34904cc0-20b0-44ef-a748-ca0f5d0a3cdb,,10,FAULT,0x0100,PI_LOST,0,1,1,0,1,0,0.0,0.464,0.0,1.237,0.0,148.44,111.33,0.0,0.0,35.6,-0.28,0.0,0.0,0.0,0.0,0.0,0.0,54.3,0.0,0,0,0,0,0,8.0,0.0,15873.86,0.0,15873.86,0.0,4.22
2026-06-05T02:05:52.167+00:00,137401,34904cc0-20b0-44ef-a748-ca0f5d0a3cdb,,10,FAULT,0x0100,PI_LOST,0,1,1,0,1,0,0.0,0.513,0.0,1.269,0.0,152.28,114.21,0.0,0.0,36.33,-0.15,0.0,0.0,0.0,0.0,0.0,0.0,53.8,0.0,0,0,0,0,0,8.0,0.0,15887.22,0.0,15887.22,0.0,6.24
2026-06-05T02:05:52.285+00:00,137518,34904cc0-20b0-44ef-a748-ca0f5d0a3cdb,,10,FAULT,0x0100,PI_LOST,0,1,1,0,1,0,0.0,0.317,0.0,1.271,0.0,152.52,114.39,0.0,0.0,36.33,-0.52,0.0,0.0,0.0,0.0,0.0,0.0,53.6,0.0,0,0,0,0,0,8.0,0.0,15900.61,0.0,15900.61,0.0,0.0
2026-06-05T02:05:52.400+00:00,137634,34904cc0-20b0-44ef-a748-ca0f5d0a3cdb,,10,FAULT,0x0100,PI_LOST,0,1,1,0,1,0,0.0,0.317,0.0,1.292,0.0,155.04,116.28,0.0,0.0,35.36,-0.4,0.0,0.0,0.0,0.0,0.0,0.0,53.8,0.0,0,0,0,0,0,8.0,0.0,15914.1,0.0,15914.1,0.0,-8.36
2026-06-05T02:05:52.518+00:00,137750,34904cc0-20b0-44ef-a748-ca0f5d0a3cdb,,10,FAULT,0x0100,PI_LOST,0,1,1,0,1,0,0.0,0.61,0.0,1.303,0.0,156.36,117.27,0.0,0.0,35.85,-0.4,0.0,0.0,0.0,0.0,0.0,0.0,53.4,0.0,0,0,0,0,0,8.0,0.0,15927.7,0.0,15927.7,0.0,4.22
2026-06-05T02:05:52.655+00:00,137867,34904cc0-20b0-44ef-a748-ca0f5d0a3cdb,,10,FAULT,0x0100,PI_LOST,0,1,1,0,1,0,0.0,0.855,0.0,1.304,0.0,156.48,117.36,0.0,0.0,36.33,-0.52,0.0,0.0,0.0,0.0,0.0,0.0,53.4,0.0,0,0,0,0,0,8.0,0.0,15941.43,0.0,15941.43,0.0,4.1
2026-06-05T02:05:52.815+00:00,137984,34904cc0-20b0-44ef-a748-ca0f5d0a3cdb,,10,FAULT,0x0100,PI_LOST,0,1,1,0,1,0,0.0,0.464,0.0,1.302,0.0,156.24,117.18,0.0,0.0,36.33,-0.15,0.0,0.0,0.0,0.0,0.0,0.0,53.6,0.0,0,0,0,0,0,8.0,0.0,15955.14,0.0,15955.14,0.0,0.0
2026-06-05T02:05:52.867+00:00,138099,34904cc0-20b0-44ef-a748-ca0f5d0a3cdb,,10,FAULT,0x0100,PI_LOST,0,1,1,0,1,0,0.0,0.415,0.0,1.319,0.0,158.28,118.71,0.0,0.0,36.58,-0.15,0.0,0.0,0.0,0.0,0.0,0.0,53.8,0.0,0,0,0,0,0,8.0,0.0,15968.79,0.0,15968.79,0.0,2.17
2026-06-05T02:05:52.985+00:00,138216,34904cc0-20b0-44ef-a748-ca0f5d0a3cdb,,10,FAULT,0x0100,PI_LOST,0,1,1,0,1,0,0.0,0.366,0.0,1.306,0.0,156.72,117.54,0.0,0.0,35.85,-0.28,0.0,0.0,0.0,0.0,0.0,0.0,53.7,0.0,0,0,0,0,0,8.0,0.0,15982.55,0.0,15982.55,0.0,-6.24
2026-06-05T02:05:53.100+00:00,138333,34904cc0-20b0-44ef-a748-ca0f5d0a3cdb,,10,FAULT,0x0100,PI_LOST,0,1,1,0,1,0,0.0,0.317,0.0,1.298,0.0,155.76,116.82,0.0,0.0,36.33,0.0,0.0,0.0,0.0,0.0,0.0,0.0,53.6,0.0,0,0,0,0,0,8.0,0.0,15996.21,0.0,15996.21,0.0,4.1
2026-06-05T02:05:53.218+00:00,138448,34904cc0-20b0-44ef-a748-ca0f5d0a3cdb,,10,FAULT,0x0100,PI_LOST,0,1,1,0,1,0,0.0,0.366,0.0,1.302,0.0,156.24,117.18,0.0,0.0,36.82,-0.52,0.0,0.0,0.0,0.0,0.0,0.0,53.6,0.0,0,0,0,0,0,8.0,0.0,16009.69,0.0,16009.69,0.0,4.26
2026-06-05T02:05:53.372+00:00,138565,34904cc0-20b0-44ef-a748-ca0f5d0a3cdb,,10,FAULT,0x0100,PI_LOST,0,1,1,0,1,0,0.0,0.708,0.0,1.294,0.0,155.28,116.46,0.0,0.0,35.6,-0.28,0.0,0.0,0.0,0.0,0.0,0.0,53.7,0.0,0,0,0,0,0,8.0,0.0,16023.31,0.0,16023.31,0.0,-10.43
2026-06-05T02:05:53.463+00:00,138682,34904cc0-20b0-44ef-a748-ca0f5d0a3cdb,,10,FAULT,0x0100,PI_LOST,0,1,1,0,1,0,0.0,0.562,0.0,1.309,0.0,157.08,117.81,0.0,0.0,37.07,-0.15,0.0,0.0,0.0,0.0,0.0,0.0,53.7,0.0,0,0,0,0,0,8.0,0.0,16037.1,0.0,16037.1,0.0,12.56
2026-06-05T02:05:53.568+00:00,138798,34904cc0-20b0-44ef-a748-ca0f5d0a3cdb,,10,FAULT,0x0100,PI_LOST,0,1,1,0,1,0,0.0,0.415,0.0,1.301,0.0,156.12,117.09,0.0,0.0,36.58,-0.28,0.0,0.0,0.0,0.0,0.0,0.0,53.5,0.0,0,0,0,0,0,8.0,0.0,16050.68,0.0,16050.68,0.0,-4.22
2026-06-05T02:05:53.685+00:00,138914,34904cc0-20b0-44ef-a748-ca0f5d0a3cdb,,10,FAULT,0x0100,PI_LOST,0,1,1,0,1,0,0.0,0.317,0.0,1.297,0.0,155.64,116.73,0.0,0.0,36.09,-0.4,0.0,0.0,0.0,0.0,0.0,0.0,53.4,0.0,0,0,0,0,0,8.0,0.0,16064.22,0.0,16064.22,0.0,-4.22
2026-06-05T02:05:53.800+00:00,139031,34904cc0-20b0-44ef-a748-ca0f5d0a3cdb,,10,FAULT,0x0100,PI_LOST,0,1,1,0,1,0,0.0,0.317,0.0,1.308,0.0,156.96,117.72,0.0,0.0,35.11,-0.4,0.0,0.0,0.0,0.0,0.0,0.0,53.2,0.0,0,0,0,0,0,8.0,0.0,16077.99,0.0,16077.99,0.0,-8.38
2026-06-05T02:05:53.916+00:00,139147,34904cc0-20b0-44ef-a748-ca0f5d0a3cdb,,10,FAULT,0x0100,PI_LOST,0,1,1,0,1,0,0.0,0.464,0.0,1.313,0.0,157.56,118.17,0.0,0.0,34.87,0.0,0.0,0.0,0.0,0.0,0.0,0.0,53.3,0.0,0,0,0,0,0,8.0,0.0,16091.7,0.0,16091.7,0.0,-2.07
2026-06-05T02:05:54.079+00:00,139264,34904cc0-20b0-44ef-a748-ca0f5d0a3cdb,,10,FAULT,0x0100,PI_LOST,0,1,1,0,1,0,0.0,0.659,0.0,1.325,0.0,159.0,119.25,0.0,0.0,36.58,-0.4,0.0,0.0,0.0,0.0,0.0,0.0,53.1,0.0,0,0,0,0,0,8.0,0.0,16105.65,0.0,16105.65,0.0,14.62
2026-06-05T02:05:54.174+00:00,139380,34904cc0-20b0-44ef-a748-ca0f5d0a3cdb,,10,FAULT,0x0100,PI_LOST,0,1,1,0,1,0,0.0,0.562,0.0,1.339,0.0,160.68,120.51,0.0,0.0,37.07,-0.15,0.0,0.0,0.0,0.0,0.0,0.0,53.1,0.0,0,0,0,0,0,8.0,0.0,16119.63,0.0,16119.63,0.0,4.22
2026-06-05T02:05:54.267+00:00,139496,34904cc0-20b0-44ef-a748-ca0f5d0a3cdb,,10,FAULT,0x0100,PI_LOST,0,1,1,0,1,0,0.0,0.464,0.0,1.336,0.0,160.32,120.24,0.0,0.0,35.85,-0.64,0.0,0.0,0.0,0.0,0.0,0.0,52.9,0.0,0,0,0,0,0,8.0,0.0,16133.58,0.0,16133.58,0.0,-10.52
2026-06-05T02:05:54.383+00:00,139613,34904cc0-20b0-44ef-a748-ca0f5d0a3cdb,,10,FAULT,0x0100,PI_LOST,0,1,1,0,1,0,0.0,0.122,0.0,1.333,0.0,159.96,119.97,0.0,0.0,34.87,-0.28,0.0,0.0,0.0,0.0,0.0,0.0,53.1,0.0,0,0,0,0,0,8.0,0.0,16147.62,0.0,16147.62,0.0,-8.38
2026-06-05T02:05:54.501+00:00,139729,34904cc0-20b0-44ef-a748-ca0f5d0a3cdb,,10,FAULT,0x0100,PI_LOST,0,1,1,0,1,0,0.0,0.61,0.0,1.318,0.0,158.16,118.62,0.0,0.0,35.36,-0.28,0.0,0.0,0.0,0.0,0.0,0.0,53.2,0.0,0,0,0,0,0,8.0,0.0,16161.38,0.0,16161.38,0.0,4.22
2026-06-05T02:05:54.616+00:00,139845,34904cc0-20b0-44ef-a748-ca0f5d0a3cdb,,10,FAULT,0x0100,PI_LOST,0,1,1,0,1,0,0.0,0.268,0.0,1.331,0.0,159.72,119.79,0.0,0.0,35.36,-0.52,0.0,0.0,0.0,0.0,0.0,0.0,53.2,0.0,0,0,0,0,0,8.0,0.0,16175.27,0.0,16175.27,0.0,0.0
2026-06-05T02:05:54.794+00:00,139962,34904cc0-20b0-44ef-a748-ca0f5d0a3cdb,,10,FAULT,0x0100,PI_LOST,0,1,1,0,1,0,0.0,0.415,0.0,1.318,0.0,158.16,118.62,0.0,0.0,35.11,-0.15,0.0,0.0,0.0,0.0,0.0,0.0,53.2,0.0,0,0,0,0,0,8.0,0.0,16189.15,0.0,16189.15,0.0,-2.14
2026-06-05T02:05:54.890+00:00,140079,34904cc0-20b0-44ef-a748-ca0f5d0a3cdb,,10,FAULT,0x0100,PI_LOST,0,1,1,0,1,0,0.0,0.219,0.0,1.317,0.0,158.04,118.53,0.0,0.0,35.36,-0.4,0.0,0.0,0.0,0.0,0.0,0.0,53.0,0.0,0,0,0,0,0,8.0,0.0,16203.02,0.0,16203.02,0.0,2.14
2026-06-05T02:05:54.981+00:00,140194,34904cc0-20b0-44ef-a748-ca0f5d0a3cdb,,10,FAULT,0x0100,PI_LOST,0,1,1,0,1,0,0.0,0.219,0.0,1.321,0.0,158.52,118.89,0.0,0.0,36.09,-0.15,0.0,0.0,0.0,0.0,0.0,0.0,53.1,0.0,0,0,0,0,0,8.0,0.0,16216.69,0.0,16216.69,0.0,6.35
2026-06-05T02:05:55.083+00:00,140311,34904cc0-20b0-44ef-a748-ca0f5d0a3cdb,,10,FAULT,0x0100,PI_LOST,0,1,1,0,1,0,0.0,0.366,0.0,1.329,0.0,159.48,119.61,0.0,0.0,35.85,-0.4,0.0,0.0,0.0,0.0,0.0,0.0,52.7,0.0,0,0,0,0,0,8.0,0.0,16230.69,0.0,16230.69,0.0,-2.05
2026-06-05T02:05:55.201+00:00,140428,34904cc0-20b0-44ef-a748-ca0f5d0a3cdb,,10,FAULT,0x0100,PI_LOST,0,1,1,0,1,0,0.0,0.317,0.0,1.333,0.0,159.96,119.97,0.0,0.0,35.6,-0.28,0.0,0.0,0.0,0.0,0.0,0.0,52.7,0.0,0,0,0,0,0,8.0,0.0,16244.72,0.0,16244.72,0.0,-2.14
2026-06-05T02:05:55.316+00:00,140544,34904cc0-20b0-44ef-a748-ca0f5d0a3cdb,,10,FAULT,0x0100,PI_LOST,0,1,1,0,1,0,0.0,0.562,0.0,1.336,0.0,160.32,120.24,0.0,0.0,35.11,-0.28,0.0,0.0,0.0,0.0,0.0,0.0,53.0,0.0,0,0,0,0,0,8.0,0.0,16258.67,0.0,16258.67,0.0,-4.22
2026-06-05T02:05:55.516+00:00,140660,34904cc0-20b0-44ef-a748-ca0f5d0a3cdb,,10,FAULT,0x0100,PI_LOST,0,1,1,0,1,0,0.0,0.562,0.0,1.352,0.0,162.24,121.68,0.0,0.0,36.33,-0.52,0.0,0.0,0.0,0.0,0.0,0.0,52.7,0.0,0,0,0,0,0,8.0,0.0,16272.79,0.0,16272.79,0.0,10.52
2026-06-05T02:05:55.637+00:00,140777,34904cc0-20b0-44ef-a748-ca0f5d0a3cdb,,10,FAULT,0x0100,PI_LOST,0,1,1,0,1,0,0.0,0.464,0.0,1.364,0.0,163.68,122.76,0.0,0.0,36.58,0.0,0.0,0.0,0.0,0.0,0.0,0.0,52.9,0.0,0,0,0,0,0,8.0,0.0,16287.15,0.0,16287.15,0.0,2.14
2026-06-05T02:05:55.748+00:00,140893,34904cc0-20b0-44ef-a748-ca0f5d0a3cdb,,10,FAULT,0x0100,PI_LOST,0,1,1,0,1,0,0.0,0.464,0.0,1.37,0.0,164.4,123.3,0.0,0.0,35.11,-0.52,0.0,0.0,0.0,0.0,0.0,0.0,52.8,0.0,0,0,0,0,0,8.0,0.0,16301.45,0.0,16301.45,0.0,-12.67
2026-06-05T02:05:55.783+00:00,141009,34904cc0-20b0-44ef-a748-ca0f5d0a3cdb,,10,FAULT,0x0100,PI_LOST,0,1,1,0,1,0,0.0,0.464,0.0,1.357,0.0,162.84,122.13,0.0,0.0,35.11,-0.4,0.0,0.0,0.0,0.0,0.0,0.0,53.7,0.0,0,0,0,0,0,8.0,0.0,16315.62,0.0,16315.62,0.0,0.0
2026-06-05T02:05:55.901+00:00,141126,34904cc0-20b0-44ef-a748-ca0f5d0a3cdb,,10,FAULT,0x0100,PI_LOST,0,1,1,0,1,0,0.0,0.415,0.0,1.359,0.0,163.08,122.31,0.0,0.0,35.85,-0.28,0.0,0.0,0.0,0.0,0.0,0.0,53.0,0.0,0,0,0,0,0,8.0,0.0,16329.93,0.0,16329.93,0.0,6.32
2026-06-05T02:05:56.016+00:00,141242,34904cc0-20b0-44ef-a748-ca0f5d0a3cdb,,10,FAULT,0x0100,PI_LOST,0,1,1,0,1,0,0.0,0.464,0.0,1.35,0.0,162.0,121.5,0.0,0.0,36.33,-0.4,0.0,0.0,0.0,0.0,0.0,0.0,53.2,0.0,0,0,0,0,0,8.0,0.0,16344.02,0.0,16344.02,0.0,4.14
2026-06-05T02:05:56.131+00:00,141359,34904cc0-20b0-44ef-a748-ca0f5d0a3cdb,,10,FAULT,0x0100,PI_LOST,0,1,1,0,1,0,0.0,0.513,0.0,1.335,0.0,160.2,120.15,0.0,0.0,35.6,0.0,0.0,0.0,0.0,0.0,0.0,0.0,53.1,0.0,0,0,0,0,0,8.0,0.0,16358.08,0.0,16358.08,0.0,-6.24
2026-06-05T02:05:56.283+00:00,141475,34904cc0-20b0-44ef-a748-ca0f5d0a3cdb,,10,FAULT,0x0100,PI_LOST,0,1,1,0,1,0,0.0,0.659,0.0,1.332,0.0,159.84,119.88,0.0,0.0,36.58,-0.4,0.0,0.0,0.0,0.0,0.0,0.0,52.5,0.0,0,0,0,0,0,8.0,0.0,16371.99,0.0,16371.99,0.0,8.45
2026-06-05T02:05:56.385+00:00,141592,34904cc0-20b0-44ef-a748-ca0f5d0a3cdb,,10,FAULT,0x0100,PI_LOST,0,1,1,0,1,0,0.0,0.513,0.0,1.34,0.0,160.8,120.6,0.0,0.0,36.58,-0.64,0.0,0.0,0.0,0.0,0.0,0.0,52.6,0.0,0,0,0,0,0,8.0,0.0,16386.1,0.0,16386.1,0.0,0.0
2026-06-05T02:05:56.483+00:00,141708,34904cc0-20b0-44ef-a748-ca0f5d0a3cdb,,10,FAULT,0x0100,PI_LOST,0,1,1,0,1,0,0.0,0.219,0.0,1.352,0.0,162.24,121.68,0.0,0.0,35.85,-0.52,0.0,0.0,0.0,0.0,0.0,0.0,52.0,0.0,0,0,0,0,0,8.0,0.0,16400.21,0.0,16400.21,0.0,-6.29
2026-06-05T02:05:56.599+00:00,141825,34904cc0-20b0-44ef-a748-ca0f5d0a3cdb,,10,FAULT,0x0100,PI_LOST,0,1,1,0,1,0,0.0,0.317,0.0,1.345,0.0,161.4,121.05,0.0,0.0,35.11,-0.52,0.0,0.0,0.0,0.0,0.0,0.0,52.1,0.0,0,0,0,0,0,8.0,0.0,16414.37,0.0,16414.37,0.0,-6.32
2026-06-05T02:05:56.716+00:00,141941,34904cc0-20b0-44ef-a748-ca0f5d0a3cdb,,10,FAULT,0x0100,PI_LOST,0,1,1,0,1,0,0.0,0.464,0.0,1.342,0.0,161.04,120.78,0.0,0.0,35.11,-0.52,0.0,0.0,0.0,0.0,0.0,0.0,52.2,0.0,0,0,0,0,0,8.0,0.0,16428.39,0.0,16428.39,0.0,0.0
2026-06-05T02:05:56.832+00:00,142057,34904cc0-20b0-44ef-a748-ca0f5d0a3cdb,,10,FAULT,0x0100,PI_LOST,0,1,1,0,1,0,0.0,0.317,0.0,1.324,0.0,158.88,119.16,0.0,0.0,34.62,-0.28,0.0,0.0,0.0,0.0,0.0,0.0,52.7,0.0,0,0,0,0,0,8.0,0.0,16442.21,0.0,16442.21,0.0,-4.22
2026-06-05T02:05:57.004+00:00,142174,34904cc0-20b0-44ef-a748-ca0f5d0a3cdb,,10,FAULT,0x0100,PI_LOST,0,1,1,0,1,0,0.0,0.415,0.0,1.311,0.0,157.32,117.99,0.0,0.0,34.87,-0.52,0.0,0.0,0.0,0.0,0.0,0.0,52.6,0.0,0,0,0,0,0,8.0,0.0,16456.01,0.0,16456.01,0.0,2.14
2026-06-05T02:05:57.098+00:00,142290,34904cc0-20b0-44ef-a748-ca0f5d0a3cdb,,10,FAULT,0x0100,PI_LOST,0,1,1,0,1,0,0.0,0.366,0.0,1.302,0.0,156.24,117.18,0.0,0.0,35.36,-0.15,0.0,0.0,0.0,0.0,0.0,0.0,52.7,0.0,0,0,0,0,0,8.0,0.0,16469.61,0.0,16469.61,0.0,4.22
2026-06-05T02:05:57.188+00:00,142406,34904cc0-20b0-44ef-a748-ca0f5d0a3cdb,,10,FAULT,0x0100,PI_LOST,0,1,1,0,1,0,0.0,0.659,0.0,1.314,0.0,157.68,118.26,0.0,0.0,36.82,-0.28,0.0,0.0,0.0,0.0,0.0,0.0,52.7,0.0,0,0,0,0,0,8.0,0.0,16483.32,0.0,16483.32,0.0,12.59
2026-06-05T02:05:57.299+00:00,142523,34904cc0-20b0-44ef-a748-ca0f5d0a3cdb,,10,FAULT,0x0100,PI_LOST,0,1,1,0,1,0,0.0,0.415,0.0,1.307,0.0,156.84,117.63,0.0,0.0,35.36,-0.52,0.0,0.0,0.0,0.0,0.0,0.0,52.7,0.0,0,0,0,0,0,8.0,0.0,16497.09,0.0,16497.09,0.0,-12.48
2026-06-05T02:05:57.417+00:00,142640,34904cc0-20b0-44ef-a748-ca0f5d0a3cdb,,10,FAULT,0x0100,PI_LOST,0,1,1,0,1,0,0.0,0.366,0.0,1.316,0.0,157.92,118.44,0.0,0.0,35.11,-0.28,0.0,0.0,0.0,0.0,0.0,0.0,52.9,0.0,0,0,0,0,0,8.0,0.0,16510.94,0.0,16510.94,0.0,-2.14
2026-06-05T02:05:57.532+00:00,142755,34904cc0-20b0-44ef-a748-ca0f5d0a3cdb,,10,FAULT,0x0100,PI_LOST,0,1,1,0,1,0,0.0,0.219,0.0,1.323,0.0,158.76,119.07,0.0,0.0,36.33,-0.28,0.0,0.0,0.0,0.0,0.0,0.0,52.7,0.0,0,0,0,0,0,8.0,0.0,16524.64,0.0,16524.64,0.0,10.61
2026-06-05T02:05:57.720+00:00,142872,34904cc0-20b0-44ef-a748-ca0f5d0a3cdb,,10,FAULT,0x0100,PI_LOST,0,1,1,0,1,0,0.0,0.464,0.0,1.333,0.0,159.96,119.97,0.0,0.0,36.58,-0.28,0.0,0.0,0.0,0.0,0.0,0.0,52.7,0.0,0,0,0,0,0,8.0,0.0,16538.67,0.0,16538.67,0.0,2.14
2026-06-05T02:05:57.817+00:00,142989,34904cc0-20b0-44ef-a748-ca0f5d0a3cdb,,10,FAULT,0x0100,PI_LOST,0,1,1,0,1,0,0.0,0.464,0.0,1.35,0.0,162.0,121.5,0.0,0.0,36.33,-0.28,0.0,0.0,0.0,0.0,0.0,0.0,52.8,0.0,0,0,0,0,0,8.0,0.0,16552.89,0.0,16552.89,0.0,-2.14
2026-06-05T02:05:57.910+00:00,143105,34904cc0-20b0-44ef-a748-ca0f5d0a3cdb,,10,FAULT,0x0100,PI_LOST,0,1,1,0,1,0,0.0,0.268,0.0,1.353,0.0,162.36,121.77,0.0,0.0,35.85,-0.4,0.0,0.0,0.0,0.0,0.0,0.0,52.9,0.0,0,0,0,0,0,8.0,0.0,16567.01,0.0,16567.01,0.0,-4.14
2026-06-05T02:05:57.999+00:00,143221,34904cc0-20b0-44ef-a748-ca0f5d0a3cdb,,10,FAULT,0x0100,PI_LOST,0,1,1,0,1,0,0.0,0.268,0.0,1.304,0.0,156.48,117.36,0.0,0.0,36.09,0.0,0.0,0.0,0.0,0.0,0.0,0.0,53.1,0.0,0,0,0,0,0,8.0,0.0,16580.63,0.0,16580.63,0.0,2.07
2026-06-05T02:05:58.117+00:00,143338,34904cc0-20b0-44ef-a748-ca0f5d0a3cdb,,10,FAULT,0x0100,PI_LOST,0,1,1,0,1,0,0.0,0.219,0.0,1.299,0.0,155.88,116.91,0.0,0.0,36.82,-0.64,0.0,0.0,0.0,0.0,0.0,0.0,53.0,0.0,0,0,0,0,0,8.0,0.0,16594.31,0.0,16594.31,0.0,6.24
2026-06-05T02:05:58.232+00:00,143454,34904cc0-20b0-44ef-a748-ca0f5d0a3cdb,,10,FAULT,0x0100,PI_LOST,0,1,1,0,1,0,0.0,0.122,0.0,1.308,0.0,156.96,117.72,0.0,0.0,34.87,-0.4,0.0,0.0,0.0,0.0,0.0,0.0,53.3,0.0,0,0,0,0,0,8.0,0.0,16607.96,0.0,16607.96,0.0,-16.81
2026-06-05T02:05:58.389+00:00,143570,34904cc0-20b0-44ef-a748-ca0f5d0a3cdb,,10,FAULT,0x0100,PI_LOST,0,1,1,0,1,0,0.0,0.464,0.0,1.284,0.0,154.08,115.56,0.0,0.0,35.36,-0.28,0.0,0.0,0.0,0.0,0.0,0.0,53.4,0.0,0,0,0,0,0,8.0,0.0,16621.37,0.0,16621.37,0.0,4.22
2026-06-05T02:05:58.538+00:00,143687,34904cc0-20b0-44ef-a748-ca0f5d0a3cdb,,10,FAULT,0x0100,PI_LOST,0,1,1,0,1,0,0.0,0.366,0.0,1.3,0.0,156.0,117.0,0.0,0.0,36.33,-0.15,0.0,0.0,0.0,0.0,0.0,0.0,53.2,0.0,0,0,0,0,0,8.0,0.0,16635.06,0.0,16635.06,0.0,8.29
2026-06-05T02:05:58.632+00:00,143803,34904cc0-20b0-44ef-a748-ca0f5d0a3cdb,,10,FAULT,0x0100,PI_LOST,0,1,1,0,1,0,0.0,0.317,0.0,1.289,0.0,154.68,116.01,0.0,0.0,36.58,-0.4,0.0,0.0,0.0,0.0,0.0,0.0,53.4,0.0,0,0,0,0,0,8.0,0.0,16648.51,0.0,16648.51,0.0,2.16
2026-06-05T02:05:58.699+00:00,143920,34904cc0-20b0-44ef-a748-ca0f5d0a3cdb,,10,FAULT,0x0100,PI_LOST,0,1,1,0,1,0,0.0,0.61,0.0,1.275,0.0,153.0,114.75,0.0,0.0,36.58,-0.4,0.0,0.0,0.0,0.0,0.0,0.0,53.1,0.0,0,0,0,0,0,8.0,0.0,16661.94,0.0,16661.94,0.0,0.0
2026-06-05T02:05:58.814+00:00,144036,34904cc0-20b0-44ef-a748-ca0f5d0a3cdb,,10,FAULT,0x0100,PI_LOST,0,1,1,0,1,0,0.0,0.61,0.0,1.287,0.0,154.44,115.83,0.0,0.0,35.85,-0.15,0.0,0.0,0.0,0.0,0.0,0.0,53.2,0.0,0,0,0,0,0,8.0,0.0,16675.38,0.0,16675.38,0.0,-6.29
2026-06-05T02:05:58.932+00:00,144153,34904cc0-20b0-44ef-a748-ca0f5d0a3cdb,,10,FAULT,0x0100,PI_LOST,0,1,1,0,1,0,0.0,0.366,0.0,1.284,0.0,154.08,115.56,0.0,0.0,36.33,-0.52,0.0,0.0,0.0,0.0,0.0,0.0,52.9,0.0,0,0,0,0,0,8.0,0.0,16688.9,0.0,16688.9,0.0,4.1
2026-06-05T02:05:59.056+00:00,144269,34904cc0-20b0-44ef-a748-ca0f5d0a3cdb,,10,FAULT,0x0100,PI_LOST,0,1,1,0,1,0,0.0,0.268,0.0,1.291,0.0,154.92,116.19,0.0,0.0,35.85,-0.15,0.0,0.0,0.0,0.0,0.0,0.0,53.3,0.0,0,0,0,0,0,8.0,0.0,16702.37,0.0,16702.37,0.0,-4.14
2026-06-05T02:05:59.166+00:00,144386,34904cc0-20b0-44ef-a748-ca0f5d0a3cdb,,10,FAULT,0x0100,PI_LOST,0,1,1,0,1,0,0.0,0.708,0.0,1.297,0.0,155.64,116.73,0.0,0.0,35.11,-0.4,0.0,0.0,0.0,0.0,0.0,0.0,53.4,0.0,0,0,0,0,0,8.0,0.0,16716.03,0.0,16716.03,0.0,-6.32
2026-06-05T02:05:59.350+00:00,144502,34904cc0-20b0-44ef-a748-ca0f5d0a3cdb,,10,FAULT,0x0100,PI_LOST,0,1,1,0,1,0,0.0,0.268,0.0,1.287,0.0,154.44,115.83,0.0,0.0,35.85,-0.4,0.0,0.0,0.0,0.0,0.0,0.0,53.0,0.0,0,0,0,0,0,8.0,0.0,16729.47,0.0,16729.47,0.0,6.38
2026-06-05T02:05:59.399+00:00,144618,34904cc0-20b0-44ef-a748-ca0f5d0a3cdb,,10,FAULT,0x0100,PI_LOST,0,1,1,0,1,0,0.0,0.415,0.0,1.298,0.0,155.76,116.82,0.0,0.0,35.85,-0.15,0.0,0.0,0.0,0.0,0.0,0.0,53.0,0.0,0,0,0,0,0,8.0,0.0,16743.02,0.0,16743.02,0.0,0.0
2026-06-05T02:05:59.514+00:00,144735,34904cc0-20b0-44ef-a748-ca0f5d0a3cdb,,10,FAULT,0x0100,PI_LOST,0,1,1,0,1,0,0.0,0.073,0.0,1.303,0.0,156.36,117.27,0.0,0.0,34.87,-0.52,0.0,0.0,0.0,0.0,0.0,0.0,52.8,0.0,0,0,0,0,0,8.0,0.0,16756.74,0.0,16756.74,0.0,-8.38
2026-06-05T02:05:59.633+00:00,144851,34904cc0-20b0-44ef-a748-ca0f5d0a3cdb,,10,FAULT,0x0100,PI_LOST,0,1,1,0,1,0,0.0,0.268,0.0,1.3,0.0,156.0,117.0,0.0,0.0,35.11,-0.28,0.0,0.0,0.0,0.0,0.0,0.0,53.0,0.0,0,0,0,0,0,8.0,0.0,16770.31,0.0,16770.31,0.0,2.07
2026-06-05T02:05:59.748+00:00,144967,34904cc0-20b0-44ef-a748-ca0f5d0a3cdb,,10,FAULT,0x0100,PI_LOST,0,1,1,0,1,0,0.0,0.757,0.0,1.313,0.0,157.56,118.17,0.0,0.0,35.85,-0.28,0.0,0.0,0.0,0.0,0.0,0.0,53.3,0.0,0,0,0,0,0,8.0,0.0,16784.02,0.0,16784.02,0.0,6.38
2026-06-05T02:05:59.884+00:00,145084,34904cc0-20b0-44ef-a748-ca0f5d0a3cdb,,10,FAULT,0x0100,PI_LOST,0,1,1,0,1,0,0.0,0.61,0.0,1.303,0.0,156.36,117.27,0.0,0.0,37.07,-0.15,0.0,0.0,0.0,0.0,0.0,0.0,52.8,0.0,0,0,0,0,0,8.0,0.0,16797.74,0.0,16797.74,0.0,10.43
2026-06-05T02:06:00.046+00:00,145201,34904cc0-20b0-44ef-a748-ca0f5d0a3cdb,,10,FAULT,0x0100,PI_LOST,0,1,1,0,1,0,0.0,0.659,0.0,1.294,0.0,155.28,116.46,0.0,0.0,36.82,-0.28,0.0,0.0,0.0,0.0,0.0,0.0,53.0,0.0,0,0,0,0,0,8.0,0.0,16811.37,0.0,16811.37,0.0,-2.14
2026-06-05T02:06:00.100+00:00,145316,34904cc0-20b0-44ef-a748-ca0f5d0a3cdb,,10,FAULT,0x0100,PI_LOST,0,1,1,0,1,0,0.0,0.415,0.0,1.296,0.0,155.52,116.64,0.0,0.0,35.36,-0.4,0.0,0.0,0.0,0.0,0.0,0.0,53.2,0.0,0,0,0,0,0,8.0,0.0,16824.78,0.0,16824.78,0.0,-12.7
2026-06-05T02:06:00.215+00:00,145433,34904cc0-20b0-44ef-a748-ca0f5d0a3cdb,,10,FAULT,0x0100,PI_LOST,0,1,1,0,1,0,0.0,0.415,0.0,1.297,0.0,155.64,116.73,0.0,0.0,35.6,-0.28,0.0,0.0,0.0,0.0,0.0,0.0,53.3,0.0,0,0,0,0,0,8.0,0.0,16838.44,0.0,16838.44,0.0,2.05
2026-06-05T02:06:00.333+00:00,145550,34904cc0-20b0-44ef-a748-ca0f5d0a3cdb,,10,FAULT,0x0100,PI_LOST,0,1,1,0,1,0,0.0,0.219,0.0,1.302,0.0,156.24,117.18,0.0,0.0,36.09,-0.28,0.0,0.0,0.0,0.0,0.0,0.0,53.1,0.0,0,0,0,0,0,8.0,0.0,16852.15,0.0,16852.15,0.0,4.19
2026-06-05T02:06:00.448+00:00,145666,34904cc0-20b0-44ef-a748-ca0f5d0a3cdb,,10,FAULT,0x0100,PI_LOST,0,1,1,0,1,0,0.0,0.904,0.0,1.306,0.0,156.72,117.54,0.0,0.0,36.33,-0.15,0.0,0.0,0.0,0.0,0.0,0.0,53.3,0.0,0,0,0,0,0,8.0,0.0,16865.78,0.0,16865.78,0.0,2.07
2026-06-05T02:06:00.600+00:00,145782,34904cc0-20b0-44ef-a748-ca0f5d0a3cdb,,10,FAULT,0x0100,PI_LOST,0,1,1,0,1,0,0.0,0.806,0.0,1.307,0.0,156.84,117.63,0.0,0.0,36.82,-0.28,0.0,0.0,0.0,0.0,0.0,0.0,53.1,0.0,0,0,0,0,0,8.0,0.0,16879.43,0.0,16879.43,0.0,4.22
2026-06-05T02:06:00.700+00:00,145899,34904cc0-20b0-44ef-a748-ca0f5d0a3cdb,,10,FAULT,0x0100,PI_LOST,0,1,1,0,1,0,0.0,0.855,0.0,1.321,0.0,158.52,118.89,0.0,0.0,36.58,-0.28,0.0,0.0,0.0,0.0,0.0,0.0,53.3,0.0,0,0,0,0,0,8.0,0.0,16893.34,0.0,16893.34,0.0,-2.05
2026-06-05T02:06:00.816+00:00,146016,34904cc0-20b0-44ef-a748-ca0f5d0a3cdb,,10,FAULT,0x0100,PI_LOST,0,1,1,0,1,0,0.0,0.366,0.0,1.323,0.0,158.76,119.07,0.0,0.0,36.82,-0.4,0.0,0.0,0.0,0.0,0.0,0.0,53.1,0.0,0,0,0,0,0,8.0,0.0,16907.27,0.0,16907.27,0.0,2.05
2026-06-05T02:06:00.915+00:00,146131,34904cc0-20b0-44ef-a748-ca0f5d0a3cdb,,10,FAULT,0x0100,PI_LOST,0,1,1,0,1,0,0.0,0.366,0.0,1.307,0.0,156.84,117.63,0.0,0.0,36.58,-0.15,0.0,0.0,0.0,0.0,0.0,0.0,52.7,0.0,0,0,0,0,0,8.0,0.0,16920.79,0.0,16920.79,0.0,-2.09
2026-06-05T02:06:01.033+00:00,146248,34904cc0-20b0-44ef-a748-ca0f5d0a3cdb,,10,FAULT,0x0100,PI_LOST,0,1,1,0,1,0,0.0,0.317,0.0,1.322,0.0,158.64,118.98,0.0,0.0,35.36,-0.52,0.0,0.0,0.0,0.0,0.0,0.0,53.4,0.0,0,0,0,0,0,8.0,0.0,16934.72,0.0,16934.72,0.0,-10.43
2026-06-05T02:06:01.149+00:00,146365,34904cc0-20b0-44ef-a748-ca0f5d0a3cdb,,10,FAULT,0x0100,PI_LOST,0,1,1,0,1,0,0.0,0.659,0.0,1.322,0.0,158.64,118.98,0.0,0.0,36.33,-0.52,0.0,0.0,0.0,0.0,0.0,0.0,53.4,0.0,0,0,0,0,0,8.0,0.0,16948.64,0.0,16948.64,0.0,8.29
2026-06-05T02:06:01.286+00:00,146481,34904cc0-20b0-44ef-a748-ca0f5d0a3cdb,,10,FAULT,0x0100,PI_LOST,0,1,1,0,1,0,0.0,0.708,0.0,1.303,0.0,156.36,117.27,0.0,0.0,36.58,-0.15,0.0,0.0,0.0,0.0,0.0,0.0,53.1,0.0,0,0,0,0,0,8.0,0.0,16962.24,0.0,16962.24,0.0,2.16
2026-06-05T02:06:01.450+00:00,146597,34904cc0-20b0-44ef-a748-ca0f5d0a3cdb,,10,FAULT,0x0100,PI_LOST,0,1,1,0,1,0,0.0,0.415,0.0,1.289,0.0,154.68,116.01,0.0,0.0,35.6,-0.52,0.0,0.0,0.0,0.0,0.0,0.0,52.7,0.0,0,0,0,0,0,8.0,0.0,16975.7,0.0,16975.7,0.0,-8.45
2026-06-05T02:06:01.544+00:00,146714,34904cc0-20b0-44ef-a748-ca0f5d0a3cdb,,10,FAULT,0x0100,PI_LOST,0,1,1,0,1,0,0.0,0.171,0.0,1.287,0.0,154.44,115.83,0.0,0.0,35.36,-0.15,0.0,0.0,0.0,0.0,0.0,0.0,52.3,0.0,0,0,0,0,0,8.0,0.0,16989.25,0.0,16989.25,0.0,-2.05
2026-06-05T02:06:01.615+00:00,146830,34904cc0-20b0-44ef-a748-ca0f5d0a3cdb,,10,FAULT,0x0100,PI_LOST,0,1,1,0,1,0,0.0,0.659,0.0,1.291,0.0,154.92,116.19,0.0,0.0,35.85,-0.4,0.0,0.0,0.0,0.0,0.0,0.0,51.8,0.0,0,0,0,0,0,8.0,0.0,17002.73,0.0,17002.73,0.0,4.22
2026-06-05T02:06:01.730+00:00,146947,34904cc0-20b0-44ef-a748-ca0f5d0a3cdb,,10,FAULT,0x0100,PI_LOST,0,1,1,0,1,0,0.0,0.415,0.0,1.294,0.0,155.28,116.46,0.0,0.0,35.6,-0.15,0.0,0.0,0.0,0.0,0.0,0.0,52.0,0.0,0,0,0,0,0,8.0,0.0,17016.35,0.0,17016.35,0.0,-2.14
2026-06-05T02:06:01.849+00:00,147063,34904cc0-20b0-44ef-a748-ca0f5d0a3cdb,,10,FAULT,0x0100,PI_LOST,0,1,1,0,1,0,0.0,0.219,0.0,1.302,0.0,156.24,117.18,0.0,0.0,35.6,-0.4,0.0,0.0,0.0,0.0,0.0,0.0,52.2,0.0,0,0,0,0,0,8.0,0.0,17029.95,0.0,17029.95,0.0,0.0
2026-06-05T02:06:01.969+00:00,147179,34904cc0-20b0-44ef-a748-ca0f5d0a3cdb,,10,FAULT,0x0100,PI_LOST,0,1,1,0,1,0,0.0,0.366,0.0,1.301,0.0,156.12,117.09,0.0,0.0,35.11,-0.4,0.0,0.0,0.0,0.0,0.0,0.0,52.3,0.0,0,0,0,0,0,8.0,0.0,17043.53,0.0,17043.53,0.0,-4.22
2026-06-05T02:06:02.082+00:00,147296,34904cc0-20b0-44ef-a748-ca0f5d0a3cdb,,10,FAULT,0x0100,PI_LOST,0,1,1,0,1,0,0.0,0.317,0.0,1.302,0.0,156.24,117.18,0.0,0.0,36.09,-0.15,0.0,0.0,0.0,0.0,0.0,0.0,52.2,0.0,0,0,0,0,0,8.0,0.0,17057.24,0.0,17057.24,0.0,8.38
2026-06-05T02:06:02.256+00:00,147412,34904cc0-20b0-44ef-a748-ca0f5d0a3cdb,,10,FAULT,0x0100,PI_LOST,0,1,1,0,1,0,0.0,0.562,0.0,1.283,0.0,153.96,115.47,0.0,0.0,35.85,-0.15,0.0,0.0,0.0,0.0,0.0,0.0,52.7,0.0,0,0,0,0,0,8.0,0.0,17070.63,0.0,17070.63,0.0,-2.07
2026-06-05T02:06:02.315+00:00,147528,34904cc0-20b0-44ef-a748-ca0f5d0a3cdb,,10,FAULT,0x0100,PI_LOST,0,1,1,0,1,0,0.0,0.708,0.0,1.285,0.0,154.2,115.65,0.0,0.0,35.36,0.0,0.0,0.0,0.0,0.0,0.0,0.0,53.8,0.0,0,0,0,0,0,8.0,0.0,17084.05,0.0,17084.05,0.0,-4.22
2026-06-05T02:06:02.431+00:00,147645,34904cc0-20b0-44ef-a748-ca0f5d0a3cdb,,10,FAULT,0x0100,PI_LOST,0,1,1,0,1,0,0.0,0.708,0.0,1.29,0.0,154.8,116.1,0.0,0.0,34.87,-0.52,0.0,0.0,0.0,0.0,0.0,0.0,53.1,0.0,0,0,0,0,0,8.0,0.0,17097.63,0.0,17097.63,0.0,-4.19
2026-06-05T02:06:02.549+00:00,147762,34904cc0-20b0-44ef-a748-ca0f5d0a3cdb,,10,FAULT,0x0100,PI_LOST,0,1,1,0,1,0,0.0,0.513,0.0,1.286,0.0,154.32,115.74,0.0,0.0,35.85,-0.28,0.0,0.0,0.0,0.0,0.0,0.0,53.5,0.0,0,0,0,0,0,8.0,0.0,17111.17,0.0,17111.17,0.0,8.38
2026-06-05T02:06:02.664+00:00,147878,34904cc0-20b0-44ef-a748-ca0f5d0a3cdb,,10,FAULT,0x0100,PI_LOST,0,1,1,0,1,0,0.0,0.317,0.0,1.284,0.0,154.08,115.56,0.0,0.0,35.6,-0.28,0.0,0.0,0.0,0.0,0.0,0.0,53.7,0.0,0,0,0,0,0,8.0,0.0,17124.58,0.0,17124.58,0.0,-2.16
2026-06-05T02:06:02.791+00:00,147994,34904cc0-20b0-44ef-a748-ca0f5d0a3cdb,,10,FAULT,0x0100,PI_LOST,0,1,1,0,1,0,0.0,0.904,0.0,1.291,0.0,154.92,116.19,0.0,0.0,36.82,-0.15,0.0,0.0,0.0,0.0,0.0,0.0,53.3,0.0,0,0,0,0,0,8.0,0.0,17138.06,0.0,17138.06,0.0,10.52
2026-06-05T02:06:02.969+00:00,148111,34904cc0-20b0-44ef-a748-ca0f5d0a3cdb,,10,FAULT,0x0100,PI_LOST,0,1,1,0,1,0,0.0,0.708,0.0,1.291,0.0,154.92,116.19,0.0,0.0,35.6,-0.28,0.0,0.0,0.0,0.0,0.0,0.0,52.7,0.0,0,0,0,0,0,8.0,0.0,17151.65,0.0,17151.65,0.0,-10.43
2026-06-05T02:06:03.016+00:00,148228,34904cc0-20b0-44ef-a748-ca0f5d0a3cdb,,10,FAULT,0x0100,PI_LOST,0,1,1,0,1,0,0.0,0.415,0.0,1.285,0.0,154.2,115.65,0.0,0.0,35.36,-0.52,0.0,0.0,0.0,0.0,0.0,0.0,52.4,0.0,0,0,0,0,0,8.0,0.0,17165.18,0.0,17165.18,0.0,-2.05
2026-06-05T02:06:03.131+00:00,148343,34904cc0-20b0-44ef-a748-ca0f5d0a3cdb,,10,FAULT,0x0100,PI_LOST,0,1,1,0,1,0,0.0,0.317,0.0,1.27,0.0,152.4,114.3,0.0,0.0,36.33,-0.52,0.0,0.0,0.0,0.0,0.0,0.0,52.8,0.0,0,0,0,0,0,8.0,0.0,17178.33,0.0,17178.33,0.0,8.43
2026-06-05T02:06:03.249+00:00,148460,34904cc0-20b0-44ef-a748-ca0f5d0a3cdb,,10,FAULT,0x0100,PI_LOST,0,1,1,0,1,0,0.0,0.513,0.0,1.263,0.0,151.56,113.67,0.0,0.0,36.58,-0.52,0.0,0.0,0.0,0.0,0.0,0.0,53.5,0.0,0,0,0,0,0,8.0,0.0,17191.63,0.0,17191.63,0.0,2.14
2026-06-05T02:06:03.364+00:00,148577,34904cc0-20b0-44ef-a748-ca0f5d0a3cdb,,10,FAULT,0x0100,PI_LOST,0,1,1,0,1,0,0.0,0.268,0.0,1.283,0.0,153.96,115.47,0.0,0.0,36.33,-0.28,0.0,0.0,0.0,0.0,0.0,0.0,53.1,0.0,0,0,0,0,0,8.0,0.0,17205.14,0.0,17205.14,0.0,-2.14
2026-06-05T02:06:03.510+00:00,148694,34904cc0-20b0-44ef-a748-ca0f5d0a3cdb,,10,FAULT,0x0100,PI_LOST,0,1,1,0,1,0,0.0,0.317,0.0,1.267,0.0,152.04,114.03,0.0,0.0,35.6,-0.28,0.0,0.0,0.0,0.0,0.0,0.0,53.0,0.0,0,0,0,0,0,8.0,0.0,17218.48,0.0,17218.48,0.0,-6.24
2026-06-05T02:06:03.603+00:00,148809,34904cc0-20b0-44ef-a748-ca0f5d0a3cdb,,10,FAULT,0x0100,PI_LOST,0,1,1,0,1,0,0.0,0.317,0.0,1.265,0.0,151.8,113.85,0.0,0.0,36.58,-0.4,0.0,0.0,0.0,0.0,0.0,0.0,52.7,0.0,0,0,0,0,0,8.0,0.0,17231.57,0.0,17231.57,0.0,8.52
2026-06-05T02:06:03.716+00:00,148926,34904cc0-20b0-44ef-a748-ca0f5d0a3cdb,,10,FAULT,0x0100,PI_LOST,0,1,1,0,1,0,0.0,0.659,0.0,1.261,0.0,151.32,113.49,0.0,0.0,36.58,-0.28,0.0,0.0,0.0,0.0,0.0,0.0,52.7,0.0,0,0,0,0,0,8.0,0.0,17244.85,0.0,17244.85,0.0,0.0
2026-06-05T02:06:03.831+00:00,149043,34904cc0-20b0-44ef-a748-ca0f5d0a3cdb,,10,FAULT,0x0100,PI_LOST,0,1,1,0,1,0,0.0,0.562,0.0,1.259,0.0,151.08,113.31,0.0,0.0,35.6,-0.52,0.0,0.0,0.0,0.0,0.0,0.0,53.5,0.0,0,0,0,0,0,8.0,0.0,17258.11,0.0,17258.11,0.0,-8.38
2026-06-05T02:06:03.949+00:00,149158,34904cc0-20b0-44ef-a748-ca0f5d0a3cdb,,10,FAULT,0x0100,PI_LOST,0,1,1,0,1,0,0.0,0.171,0.0,1.26,0.0,151.2,113.4,0.0,0.0,36.09,-0.15,0.0,0.0,0.0,0.0,0.0,0.0,52.7,0.0,0,0,0,0,0,8.0,0.0,17271.15,0.0,17271.15,0.0,4.26
2026-06-05T02:06:04.065+00:00,149275,34904cc0-20b0-44ef-a748-ca0f5d0a3cdb,,10,FAULT,0x0100,PI_LOST,0,1,1,0,1,0,0.0,0.268,0.0,1.251,0.0,150.12,112.59,0.0,0.0,36.09,-0.52,0.0,0.0,0.0,0.0,0.0,0.0,52.8,0.0,0,0,0,0,0,8.0,0.0,17284.32,0.0,17284.32,0.0,0.0
2026-06-05T02:06:04.222+00:00,149392,34904cc0-20b0-44ef-a748-ca0f5d0a3cdb,,10,FAULT,0x0100,PI_LOST,0,1,1,0,1,0,0.0,0.61,0.0,1.261,0.0,151.32,113.49,0.0,0.0,36.09,0.0,0.0,0.0,0.0,0.0,0.0,0.0,52.7,0.0,0,0,0,0,0,8.0,0.0,17297.6,0.0,17297.6,0.0,0.0
2026-06-05T02:06:04.319+00:00,149508,34904cc0-20b0-44ef-a748-ca0f5d0a3cdb,,10,FAULT,0x0100,PI_LOST,0,1,1,0,1,0,0.0,0.366,0.0,1.259,0.0,151.08,113.31,0.0,0.0,36.09,-0.4,0.0,0.0,0.0,0.0,0.0,0.0,52.8,0.0,0,0,0,0,0,8.0,0.0,17310.74,0.0,17310.74,0.0,0.0
2026-06-05T02:06:04.413+00:00,149624,34904cc0-20b0-44ef-a748-ca0f5d0a3cdb,,10,FAULT,0x0100,PI_LOST,0,1,1,0,1,0,0.0,0.659,0.0,1.281,0.0,153.72,115.29,0.0,0.0,35.11,-0.28,0.0,0.0,0.0,0.0,0.0,0.0,53.0,0.0,0,0,0,0,0,8.0,0.0,17324.12,0.0,17324.12,0.0,-8.45
2026-06-05T02:06:04.532+00:00,149741,34904cc0-20b0-44ef-a748-ca0f5d0a3cdb,,10,FAULT,0x0100,PI_LOST,0,1,1,0,1,0,0.0,0.464,0.0,1.282,0.0,153.84,115.38,0.0,0.0,36.09,-0.15,0.0,0.0,0.0,0.0,0.0,0.0,52.8,0.0,0,0,0,0,0,8.0,0.0,17337.61,0.0,17337.61,0.0,8.38
2026-06-05T02:06:04.647+00:00,149857,34904cc0-20b0-44ef-a748-ca0f5d0a3cdb,,10,FAULT,0x0100,PI_LOST,0,1,1,0,1,0,0.0,0.415,0.0,1.277,0.0,153.24,114.93,0.0,0.0,36.09,-0.28,0.0,0.0,0.0,0.0,0.0,0.0,52.8,0.0,0,0,0,0,0,8.0,0.0,17350.95,0.0,17350.95,0.0,0.0
2026-06-05T02:06:04.765+00:00,149974,34904cc0-20b0-44ef-a748-ca0f5d0a3cdb,,10,FAULT,0x0100,PI_LOST,0,1,1,0,1,0,0.0,0.562,0.0,1.272,0.0,152.64,114.48,0.0,0.0,35.36,-0.28,0.0,0.0,0.0,0.0,0.0,0.0,53.0,0.0,0,0,0,0,0,8.0,0.0,17364.34,0.0,17364.34,0.0,-6.24
2026-06-05T02:06:04.943+00:00,150090,34904cc0-20b0-44ef-a748-ca0f5d0a3cdb,,10,FAULT,0x0100,PI_LOST,0,1,1,0,1,0,0.0,0.513,0.0,1.272,0.0,152.64,114.48,0.0,0.0,36.09,-0.4,0.0,0.0,0.0,0.0,0.0,0.0,53.0,0.0,0,0,0,0,0,8.0,0.0,17377.62,0.0,17377.62,0.0,6.29
2026-06-05T02:06:05.036+00:00,150207,34904cc0-20b0-44ef-a748-ca0f5d0a3cdb,,10,FAULT,0x0100,PI_LOST,0,1,1,0,1,0,0.0,0.464,0.0,1.263,0.0,151.56,113.67,0.0,0.0,36.33,-0.28,0.0,0.0,0.0,0.0,0.0,0.0,53.0,0.0,0,0,0,0,0,8.0,0.0,17390.92,0.0,17390.92,0.0,2.05
2026-06-05T02:06:05.127+00:00,150323,34904cc0-20b0-44ef-a748-ca0f5d0a3cdb,,10,FAULT,0x0100,PI_LOST,0,1,1,0,1,0,0.0,0.61,0.0,1.266,0.0,151.92,113.94,0.0,0.0,35.6,-0.52,0.0,0.0,0.0,0.0,0.0,0.0,53.2,0.0,0,0,0,0,0,8.0,0.0,17404.14,0.0,17404.14,0.0,-6.29
2026-06-05T02:06:05.232+00:00,150439,34904cc0-20b0-44ef-a748-ca0f5d0a3cdb,,10,FAULT,0x0100,PI_LOST,0,1,1,0,1,0,0.0,0.268,0.0,1.249,0.0,149.88,112.41,0.0,0.0,35.11,-0.28,0.0,0.0,0.0,0.0,0.0,0.0,53.0,0.0,0,0,0,0,0,8.0,0.0,17417.18,0.0,17417.18,0.0,-4.22
2026-06-05T02:06:05.347+00:00,150556,34904cc0-20b0-44ef-a748-ca0f5d0a3cdb,,10,FAULT,0x0100,PI_LOST,0,1,1,0,1,0,0.0,0.61,0.0,1.25,0.0,150.0,112.5,0.0,0.0,35.6,-0.64,0.0,0.0,0.0,0.0,0.0,0.0,53.1,0.0,0,0,0,0,0,8.0,0.0,17430.34,0.0,17430.34,0.0,4.19
2026-06-05T02:06:05.465+00:00,150672,34904cc0-20b0-44ef-a748-ca0f5d0a3cdb,,10,FAULT,0x0100,PI_LOST,0,1,1,0,1,0,0.0,0.317,0.0,1.255,0.0,150.6,112.95,0.0,0.0,36.09,-0.64,0.0,0.0,0.0,0.0,0.0,0.0,53.5,0.0,0,0,0,0,0,8.0,0.0,17443.44,0.0,17443.44,0.0,4.22
2026-06-05T02:06:05.664+00:00,150789,34904cc0-20b0-44ef-a748-ca0f5d0a3cdb,,10,FAULT,0x0100,PI_LOST,0,1,1,0,1,0,0.0,0.61,0.0,1.247,0.0,149.64,112.23,0.0,0.0,35.6,-0.15,0.0,0.0,0.0,0.0,0.0,0.0,53.2,0.0,0,0,0,0,0,8.0,0.0,17456.57,0.0,17456.57,0.0,-4.19
2026-06-05T02:06:05.760+00:00,150905,34904cc0-20b0-44ef-a748-ca0f5d0a3cdb,,10,FAULT,0x0100,PI_LOST,0,1,1,0,1,0,0.0,0.562,0.0,1.247,0.0,149.64,112.23,0.0,0.0,36.09,-0.4,0.0,0.0,0.0,0.0,0.0,0.0,53.1,0.0,0,0,0,0,0,8.0,0.0,17469.59,0.0,17469.59,0.0,4.22
2026-06-05T02:06:05.885+00:00,151021,34904cc0-20b0-44ef-a748-ca0f5d0a3cdb,,10,FAULT,0x0100,PI_LOST,0,1,1,0,1,0,0.0,0.708,0.0,1.253,0.0,150.36,112.77,0.0,0.0,36.58,-0.4,0.0,0.0,0.0,0.0,0.0,0.0,53.1,0.0,0,0,0,0,0,8.0,0.0,17482.67,0.0,17482.67,0.0,4.22
2026-06-05T02:06:05.932+00:00,151138,34904cc0-20b0-44ef-a748-ca0f5d0a3cdb,,10,FAULT,0x0100,PI_LOST,0,1,1,0,1,0,0.0,0.317,0.0,1.242,0.0,149.04,111.78,0.0,0.0,35.85,-0.15,0.0,0.0,0.0,0.0,0.0,0.0,53.2,0.0,0,0,0,0,0,8.0,0.0,17495.75,0.0,17495.75,0.0,-6.24
2026-06-05T02:06:06.047+00:00,151255,34904cc0-20b0-44ef-a748-ca0f5d0a3cdb,,10,FAULT,0x0100,PI_LOST,0,1,1,0,1,0,0.0,0.219,0.0,1.242,0.0,149.04,111.78,0.0,0.0,34.87,-0.4,0.0,0.0,0.0,0.0,0.0,0.0,53.0,0.0,0,0,0,0,0,8.0,0.0,17508.83,0.0,17508.83,0.0,-8.38
2026-06-05T02:06:06.165+00:00,151371,34904cc0-20b0-44ef-a748-ca0f5d0a3cdb,,10,FAULT,0x0100,PI_LOST,0,1,1,0,1,0,0.0,0.366,0.0,1.248,0.0,149.76,112.32,0.0,0.0,35.11,-0.28,0.0,0.0,0.0,0.0,0.0,0.0,53.6,0.0,0,0,0,0,0,8.0,0.0,17521.86,0.0,17521.86,0.0,2.07
2026-06-05T02:06:06.281+00:00,151487,34904cc0-20b0-44ef-a748-ca0f5d0a3cdb,,10,FAULT,0x0100,PI_LOST,0,1,1,0,1,0,0.0,0.61,0.0,1.245,0.0,149.4,112.05,0.0,0.0,36.09,-0.4,0.0,0.0,0.0,0.0,0.0,0.0,53.5,0.0,0,0,0,0,0,8.0,0.0,17534.86,0.0,17534.86,0.0,8.45
2026-06-05T02:06:06.424+00:00,151604,34904cc0-20b0-44ef-a748-ca0f5d0a3cdb,,10,FAULT,0x0100,PI_LOST,0,1,1,0,1,0,0.0,0.415,0.0,1.246,0.0,149.52,112.14,0.0,0.0,35.36,-0.4,0.0,0.0,0.0,0.0,0.0,0.0,53.4,0.0,0,0,0,0,0,8.0,0.0,17547.98,0.0,17547.98,0.0,-6.24
2026-06-05T02:06:06.542+00:00,151720,34904cc0-20b0-44ef-a748-ca0f5d0a3cdb,,10,FAULT,0x0100,PI_LOST,0,1,1,0,1,0,0.0,0.708,0.0,1.233,0.0,147.96,110.97,0.0,0.0,35.11,-0.4,0.0,0.0,0.0,0.0,0.0,0.0,53.5,0.0,0,0,0,0,0,8.0,0.0,17560.85,0.0,17560.85,0.0,-2.16
2026-06-05T02:06:06.632+00:00,151836,34904cc0-20b0-44ef-a748-ca0f5d0a3cdb,,10,FAULT,0x0100,PI_LOST,0,1,1,0,1,0,0.0,0.61,0.0,1.23,0.0,147.6,110.7,0.0,0.0,36.58,-0.28,0.0,0.0,0.0,0.0,0.0,0.0,53.2,0.0,0,0,0,0,0,8.0,0.0,17573.69,0.0,17573.69,0.0,12.67
2026-06-05T02:06:06.747+00:00,151953,34904cc0-20b0-44ef-a748-ca0f5d0a3cdb,,10,FAULT,0x0100,PI_LOST,0,1,1,0,1,0,0.0,0.415,0.0,1.226,0.0,147.12,110.34,0.0,0.0,36.58,-0.15,0.0,0.0,0.0,0.0,0.0,0.0,53.2,0.0,0,0,0,0,0,8.0,0.0,17586.6,0.0,17586.6,0.0,0.0
2026-06-05T02:06:06.866+00:00,152070,34904cc0-20b0-44ef-a748-ca0f5d0a3cdb,,10,FAULT,0x0100,PI_LOST,0,1,1,0,1,0,0.0,0.513,0.0,1.218,0.0,146.16,109.62,0.0,0.0,35.36,-0.52,0.0,0.0,0.0,0.0,0.0,0.0,53.3,0.0,0,0,0,0,0,8.0,0.0,17599.42,0.0,17599.42,0.0,-10.43
2026-06-05T02:06:06.981+00:00,152185,34904cc0-20b0-44ef-a748-ca0f5d0a3cdb,,10,FAULT,0x0100,PI_LOST,0,1,1,0,1,0,0.0,0.708,0.0,1.211,0.0,145.32,108.99,0.0,0.0,36.58,-0.28,0.0,0.0,0.0,0.0,0.0,0.0,53.4,0.0,0,0,0,0,0,8.0,0.0,17611.96,0.0,17611.96,0.0,10.61
2026-06-05T02:06:07.135+00:00,152302,34904cc0-20b0-44ef-a748-ca0f5d0a3cdb,,10,FAULT,0x0100,PI_LOST,0,1,1,0,1,0,0.0,0.317,0.0,1.239,0.0,148.68,111.51,0.0,0.0,37.31,-0.4,0.0,0.0,0.0,0.0,0.0,0.0,54.1,0.0,0,0,0,0,0,8.0,0.0,17625.01,0.0,17625.01,0.0,6.24
2026-06-05T02:06:07.229+00:00,152419,34904cc0-20b0-44ef-a748-ca0f5d0a3cdb,,10,FAULT,0x0100,PI_LOST,0,1,1,0,1,0,0.0,0.171,0.0,1.256,0.0,150.72,113.04,0.0,0.0,34.87,-0.52,0.0,0.0,0.0,0.0,0.0,0.0,53.7,0.0,0,0,0,0,0,8.0,0.0,17638.23,0.0,17638.23,0.0,-20.85
2026-06-05T02:06:07.330+00:00,152536,34904cc0-20b0-44ef-a748-ca0f5d0a3cdb,,10,FAULT,0x0100,PI_LOST,0,1,1,0,1,0,0.0,0.366,0.0,1.278,0.0,153.36,115.02,0.0,0.0,36.33,-0.28,0.0,0.0,0.0,0.0,0.0,0.0,54.1,0.0,0,0,0,0,0,8.0,0.0,17651.69,0.0,17651.69,0.0,12.48
2026-06-05T02:06:07.448+00:00,152651,34904cc0-20b0-44ef-a748-ca0f5d0a3cdb,,10,FAULT,0x0100,PI_LOST,0,1,1,0,1,0,0.0,0.268,0.0,1.274,0.0,152.88,114.66,0.0,0.0,36.33,-0.4,0.0,0.0,0.0,0.0,0.0,0.0,53.3,0.0,0,0,0,0,0,8.0,0.0,17664.87,0.0,17664.87,0.0,0.0
2026-06-05T02:06:07.563+00:00,152768,34904cc0-20b0-44ef-a748-ca0f5d0a3cdb,,10,FAULT,0x0100,PI_LOST,0,1,1,0,1,0,0.0,0.073,0.0,1.26,0.0,151.2,113.4,0.0,0.0,34.87,-0.28,0.0,0.0,0.0,0.0,0.0,0.0,53.1,0.0,0,0,0,0,0,8.0,0.0,17678.14,0.0,17678.14,0.0,-12.48
2026-06-05T02:06:07.681+00:00,152885,34904cc0-20b0-44ef-a748-ca0f5d0a3cdb,,10,FAULT,0x0100,PI_LOST,0,1,1,0,1,0,0.0,0.219,0.0,1.241,0.0,148.92,111.69,0.0,0.0,35.11,-0.15,0.0,0.0,0.0,0.0,0.0,0.0,53.0,0.0,0,0,0,0,0,8.0,0.0,17691.21,0.0,17691.21,0.0,2.05
2026-06-05T02:06:07.858+00:00,153000,34904cc0-20b0-44ef-a748-ca0f5d0a3cdb,,10,FAULT,0x0100,PI_LOST,0,1,1,0,1,0,0.0,0.317,0.0,1.243,0.0,149.16,111.87,0.0,0.0,35.36,-0.52,0.0,0.0,0.0,0.0,0.0,0.0,53.0,0.0,0,0,0,0,0,8.0,0.0,17704.07,0.0,17704.07,0.0,2.17
2026-06-05T02:06:07.951+00:00,153117,34904cc0-20b0-44ef-a748-ca0f5d0a3cdb,,10,FAULT,0x0100,PI_LOST,0,1,1,0,1,0,0.0,0.61,0.0,1.248,0.0,149.76,112.32,0.0,0.0,35.6,-0.28,0.0,0.0,0.0,0.0,0.0,0.0,53.9,0.0,0,0,0,0,0,8.0,0.0,17717.22,0.0,17717.22,0.0,2.05
2026-06-05T02:06:08.042+00:00,153234,34904cc0-20b0-44ef-a748-ca0f5d0a3cdb,,10,FAULT,0x0100,PI_LOST,0,1,1,0,1,0,0.0,0.171,0.0,1.256,0.0,150.72,113.04,0.0,0.0,35.11,-0.15,0.0,0.0,0.0,0.0,0.0,0.0,54.0,0.0,0,0,0,0,0,8.0,0.0,17730.44,0.0,17730.44,0.0,-4.19
2026-06-05T02:06:08.148+00:00,153350,34904cc0-20b0-44ef-a748-ca0f5d0a3cdb,,10,FAULT,0x0100,PI_LOST,0,1,1,0,1,0,0.0,0.366,0.0,1.253,0.0,150.36,112.77,0.0,0.0,35.11,-0.52,0.0,0.0,0.0,0.0,0.0,0.0,53.6,0.0,0,0,0,0,0,8.0,0.0,17743.52,0.0,17743.52,0.0,0.0
2026-06-05T02:06:08.265+00:00,153466,34904cc0-20b0-44ef-a748-ca0f5d0a3cdb,,10,FAULT,0x0100,PI_LOST,0,1,1,0,1,0,0.0,0.61,0.0,1.262,0.0,151.44,113.58,0.0,0.0,35.11,-0.64,0.0,0.0,0.0,0.0,0.0,0.0,53.4,0.0,0,0,0,0,0,8.0,0.0,17756.7,0.0,17756.7,0.0,0.0
2026-06-05T02:06:08.381+00:00,153583,34904cc0-20b0-44ef-a748-ca0f5d0a3cdb,,10,FAULT,0x0100,PI_LOST,0,1,1,0,1,0,0.0,0.562,0.0,1.274,0.0,152.88,114.66,0.0,0.0,36.33,-0.28,0.0,0.0,0.0,0.0,0.0,0.0,53.6,0.0,0,0,0,0,0,8.0,0.0,17770.11,0.0,17770.11,0.0,10.43
2026-06-05T02:06:08.581+00:00,153700,34904cc0-20b0-44ef-a748-ca0f5d0a3cdb,,10,FAULT,0x0100,PI_LOST,0,1,1,0,1,0,0.0,0.562,0.0,1.262,0.0,151.44,113.58,0.0,0.0,35.11,-0.28,0.0,0.0,0.0,0.0,0.0,0.0,53.5,0.0,0,0,0,0,0,8.0,0.0,17783.4,0.0,17783.4,0.0,-10.43
2026-06-05T02:06:08.676+00:00,153816,34904cc0-20b0-44ef-a748-ca0f5d0a3cdb,,10,FAULT,0x0100,PI_LOST,0,1,1,0,1,0,0.0,0.513,0.0,1.257,0.0,150.84,113.13,0.0,0.0,35.85,0.0,0.0,0.0,0.0,0.0,0.0,0.0,53.5,0.0,0,0,0,0,0,8.0,0.0,17796.53,0.0,17796.53,0.0,6.38
2026-06-05T02:06:08.769+00:00,153932,34904cc0-20b0-44ef-a748-ca0f5d0a3cdb,,10,FAULT,0x0100,PI_LOST,0,1,1,0,1,0,0.0,0.855,0.0,1.253,0.0,150.36,112.77,0.0,0.0,36.33,-0.4,0.0,0.0,0.0,0.0,0.0,0.0,53.6,0.0,0,0,0,0,0,8.0,0.0,17809.61,0.0,17809.61,0.0,4.14
2026-06-05T02:06:08.848+00:00,154049,34904cc0-20b0-44ef-a748-ca0f5d0a3cdb,,10,FAULT,0x0100,PI_LOST,0,1,1,0,1,0,0.0,0.61,0.0,1.248,0.0,149.76,112.32,0.0,0.0,36.09,-0.64,0.0,0.0,0.0,0.0,0.0,0.0,53.5,0.0,0,0,0,0,0,8.0,0.0,17822.75,0.0,17822.75,0.0,-2.05
2026-06-05T02:06:08.963+00:00,154165,34904cc0-20b0-44ef-a748-ca0f5d0a3cdb,,10,FAULT,0x0100,PI_LOST,0,1,1,0,1,0,0.0,0.562,0.0,1.253,0.0,150.36,112.77,0.0,0.0,36.09,-0.15,0.0,0.0,0.0,0.0,0.0,0.0,53.4,0.0,0,0,0,0,0,8.0,0.0,17835.83,0.0,17835.83,0.0,0.0
2026-06-05T02:06:09.083+00:00,154281,34904cc0-20b0-44ef-a748-ca0f5d0a3cdb,,10,FAULT,0x0100,PI_LOST,0,1,1,0,1,0,0.0,0.219,0.0,1.257,0.0,150.84,113.13,0.0,0.0,35.6,-0.52,0.0,0.0,0.0,0.0,0.0,0.0,53.5,0.0,0,0,0,0,0,8.0,0.0,17848.95,0.0,17848.95,0.0,-4.22
2026-06-05T02:06:09.199+00:00,154398,34904cc0-20b0-44ef-a748-ca0f5d0a3cdb,,10,FAULT,0x0100,PI_LOST,0,1,1,0,1,0,0.0,0.61,0.0,1.246,0.0,149.52,112.14,0.0,0.0,36.09,-0.64,0.0,0.0,0.0,0.0,0.0,0.0,53.4,0.0,0,0,0,0,0,8.0,0.0,17862.07,0.0,17862.07,0.0,4.19
2026-06-05T02:06:09.373+00:00,154515,34904cc0-20b0-44ef-a748-ca0f5d0a3cdb,,10,FAULT,0x0100,PI_LOST,0,1,1,0,1,0,0.0,0.415,0.0,1.248,0.0,149.76,112.32,0.0,0.0,35.85,-0.4,0.0,0.0,0.0,0.0,0.0,0.0,53.6,0.0,0,0,0,0,0,8.0,0.0,17875.21,0.0,17875.21,0.0,-2.05
2026-06-05T02:06:09.493+00:00,154631,34904cc0-20b0-44ef-a748-ca0f5d0a3cdb,,10,FAULT,0x0100,PI_LOST,0,1,1,0,1,0,0.0,0.366,0.0,1.245,0.0,149.4,112.05,0.0,0.0,35.36,-0.15,0.0,0.0,0.0,0.0,0.0,0.0,53.5,0.0,0,0,0,0,0,8.0,0.0,17888.21,0.0,17888.21,0.0,-4.22
2026-06-05T02:06:09.548+00:00,154747,34904cc0-20b0-44ef-a748-ca0f5d0a3cdb,,10,FAULT,0x0100,PI_LOST,0,1,1,0,1,0,0.0,0.562,0.0,1.24,0.0,148.8,111.6,0.0,0.0,35.36,-0.15,0.0,0.0,0.0,0.0,0.0,0.0,53.6,0.0,0,0,0,0,0,8.0,0.0,17901.16,0.0,17901.16,0.0,0.0
2026-06-05T02:06:09.664+00:00,154864,34904cc0-20b0-44ef-a748-ca0f5d0a3cdb,,10,FAULT,0x0100,PI_LOST,0,1,1,0,1,0,0.0,0.171,0.0,1.253,0.0,150.36,112.77,0.0,0.0,35.6,-0.15,0.0,0.0,0.0,0.0,0.0,0.0,53.6,0.0,0,0,0,0,0,8.0,0.0,17914.35,0.0,17914.35,0.0,2.05
2026-06-05T02:06:09.782+00:00,154980,34904cc0-20b0-44ef-a748-ca0f5d0a3cdb,,10,FAULT,0x0100,PI_LOST,0,1,1,0,1,0,0.0,0.317,0.0,1.25,0.0,150.0,112.5,0.0,0.0,35.6,-0.4,0.0,0.0,0.0,0.0,0.0,0.0,53.2,0.0,0,0,0,0,0,8.0,0.0,17927.4,0.0,17927.4,0.0,0.0
2026-06-05T02:06:09.897+00:00,155097,34904cc0-20b0-44ef-a748-ca0f5d0a3cdb,,10,FAULT,0x0100,PI_LOST,0,1,1,0,1,0,0.0,0.219,0.0,1.25,0.0,150.0,112.5,0.0,0.0,35.36,0.0,0.0,0.0,0.0,0.0,0.0,0.0,53.1,0.0,0,0,0,0,0,8.0,0.0,17940.56,0.0,17940.56,0.0,-2.05
2026-06-05T02:06:10.029+00:00,155213,34904cc0-20b0-44ef-a748-ca0f5d0a3cdb,,10,FAULT,0x0100,PI_LOST,0,1,1,0,1,0,0.0,0.708,0.0,1.244,0.0,149.28,111.96,0.0,0.0,35.85,0.0,0.0,0.0,0.0,0.0,0.0,0.0,53.8,0.0,0,0,0,0,0,8.0,0.0,17953.55,0.0,17953.55,0.0,4.22
2026-06-05T02:06:10.197+00:00,155329,34904cc0-20b0-44ef-a748-ca0f5d0a3cdb,,10,FAULT,0x0100,PI_LOST,0,1,1,0,1,0,0.0,0.415,0.0,1.242,0.0,149.04,111.78,0.0,0.0,35.85,-0.52,0.0,0.0,0.0,0.0,0.0,0.0,53.3,0.0,0,0,0,0,0,8.0,0.0,17966.52,0.0,17966.52,0.0,0.0
2026-06-05T02:06:10.249+00:00,155446,34904cc0-20b0-44ef-a748-ca0f5d0a3cdb,,10,FAULT,0x0100,PI_LOST,0,1,1,0,1,0,0.0,0.562,0.0,1.246,0.0,149.52,112.14,0.0,0.0,35.6,-0.4,0.0,0.0,0.0,0.0,0.0,0.0,52.7,0.0,0,0,0,0,0,8.0,0.0,17979.64,0.0,17979.64,0.0,-2.14
2026-06-05T02:06:10.364+00:00,155563,34904cc0-20b0-44ef-a748-ca0f5d0a3cdb,,10,FAULT,0x0100,PI_LOST,0,1,1,0,1,0,0.0,0.562,0.0,1.228,0.0,147.36,110.52,0.0,0.0,35.36,-0.52,0.0,0.0,0.0,0.0,0.0,0.0,52.4,0.0,0,0,0,0,0,8.0,0.0,17992.57,0.0,17992.57,0.0,-2.05
2026-06-05T02:06:10.482+00:00,155679,34904cc0-20b0-44ef-a748-ca0f5d0a3cdb,,10,FAULT,0x0100,PI_LOST,0,1,1,0,1,0,0.0,0.317,0.0,1.216,0.0,145.92,109.44,0.0,0.0,35.11,-0.28,0.0,0.0,0.0,0.0,0.0,0.0,52.7,0.0,0,0,0,0,0,8.0,0.0,18005.26,0.0,18005.26,0.0,-2.16
2026-06-05T02:06:10.597+00:00,155795,34904cc0-20b0-44ef-a748-ca0f5d0a3cdb,,10,FAULT,0x0100,PI_LOST,0,1,1,0,1,0,0.0,0.708,0.0,1.242,0.0,149.04,111.78,0.0,0.0,36.09,-0.15,0.0,0.0,0.0,0.0,0.0,0.0,53.3,0.0,0,0,0,0,0,8.0,0.0,18018.23,0.0,18018.23,0.0,8.45
2026-06-05T02:06:10.747+00:00,155912,34904cc0-20b0-44ef-a748-ca0f5d0a3cdb,,10,FAULT,0x0100,PI_LOST,0,1,1,0,1,0,0.0,0.366,0.0,1.217,0.0,146.04,109.53,0.0,0.0,36.33,-0.4,0.0,0.0,0.0,0.0,0.0,0.0,54.3,0.0,0,0,0,0,0,8.0,0.0,18031.05,0.0,18031.05,0.0,2.05
2026-06-05T02:06:10.840+00:00,156028,34904cc0-20b0-44ef-a748-ca0f5d0a3cdb,,10,FAULT,0x0100,PI_LOST,0,1,1,0,1,0,0.0,0.366,0.0,1.225,0.0,147.0,110.25,0.0,0.0,35.36,-0.15,0.0,0.0,0.0,0.0,0.0,0.0,54.9,0.0,0,0,0,0,0,8.0,0.0,18043.84,0.0,18043.84,0.0,-8.36
2026-06-05T02:06:10.953+00:00,156144,34904cc0-20b0-44ef-a748-ca0f5d0a3cdb,,10,FAULT,0x0100,PI_LOST,0,1,1,0,1,0,0.0,0.659,0.0,1.224,0.0,146.88,110.16,0.0,0.0,35.85,-0.28,0.0,0.0,0.0,0.0,0.0,0.0,54.1,0.0,0,0,0,0,0,8.0,0.0,18056.61,0.0,18056.61,0.0,4.22
2026-06-05T02:06:11.067+00:00,156261,34904cc0-20b0-44ef-a748-ca0f5d0a3cdb,,10,FAULT,0x0100,PI_LOST,0,1,1,0,1,0,0.0,0.513,0.0,1.227,0.0,147.24,110.43,0.0,0.0,35.36,-0.28,0.0,0.0,0.0,0.0,0.0,0.0,52.9,0.0,0,0,0,0,0,8.0,0.0,18069.53,0.0,18069.53,0.0,-4.19
2026-06-05T02:06:11.180+00:00,156378,34904cc0-20b0-44ef-a748-ca0f5d0a3cdb,,10,FAULT,0x0100,PI_LOST,0,1,1,0,1,0,0.0,0.268,0.0,1.235,0.0,148.2,111.15,0.0,0.0,36.33,-0.4,0.0,0.0,0.0,0.0,0.0,0.0,52.9,0.0,0,0,0,0,0,8.0,0.0,18082.54,0.0,18082.54,0.0,8.29
2026-06-05T02:06:11.298+00:00,156493,34904cc0-20b0-44ef-a748-ca0f5d0a3cdb,,10,FAULT,0x0100,PI_LOST,0,1,1,0,1,0,0.0,0.659,0.0,1.228,0.0,147.36,110.52,0.0,0.0,36.09,-0.52,0.0,0.0,0.0,0.0,0.0,0.0,53.1,0.0,0,0,0,0,0,8.0,0.0,18095.25,0.0,18095.25,0.0,-2.09
2026-06-05T02:06:11.498+00:00,156610,34904cc0-20b0-44ef-a748-ca0f5d0a3cdb,,10,FAULT,0x0100,PI_LOST,0,1,1,0,1,0,0.0,0.464,0.0,1.228,0.0,147.36,110.52,0.0,0.0,35.11,-0.28,0.0,0.0,0.0,0.0,0.0,0.0,53.3,0.0,0,0,0,0,0,8.0,0.0,18108.18,0.0,18108.18,0.0,-8.38
2026-06-05T02:06:11.595+00:00,156727,34904cc0-20b0-44ef-a748-ca0f5d0a3cdb,,10,FAULT,0x0100,PI_LOST,0,1,1,0,1,0,0.0,0.562,0.0,1.226,0.0,147.12,110.34,0.0,0.0,35.6,0.0,0.0,0.0,0.0,0.0,0.0,0.0,53.6,0.0,0,0,0,0,0,8.0,0.0,18121.09,0.0,18121.09,0.0,4.19
2026-06-05T02:06:11.689+00:00,156843,34904cc0-20b0-44ef-a748-ca0f5d0a3cdb,,10,FAULT,0x0100,PI_LOST,0,1,1,0,1,0,0.0,0.415,0.0,1.236,0.0,148.32,111.24,0.0,0.0,35.6,-0.28,0.0,0.0,0.0,0.0,0.0,0.0,54.4,0.0,0,0,0,0,0,8.0,0.0,18133.99,0.0,18133.99,0.0,0.0
2026-06-05T02:06:11.764+00:00,156959,34904cc0-20b0-44ef-a748-ca0f5d0a3cdb,,10,FAULT,0x0100,PI_LOST,0,1,1,0,1,0,0.0,0.562,0.0,1.24,0.0,148.8,111.6,0.0,0.0,36.82,-0.4,0.0,0.0,0.0,0.0,0.0,0.0,54.5,0.0,0,0,0,0,0,8.0,0.0,18146.94,0.0,18146.94,0.0,10.52
2026-06-05T02:06:11.880+00:00,157076,34904cc0-20b0-44ef-a748-ca0f5d0a3cdb,,10,FAULT,0x0100,PI_LOST,0,1,1,0,1,0,0.0,0.219,0.0,1.245,0.0,149.4,112.05,0.0,0.0,36.58,0.0,0.0,0.0,0.0,0.0,0.0,0.0,54.2,0.0,0,0,0,0,0,8.0,0.0,18160.05,0.0,18160.05,0.0,-2.05
2026-06-05T02:06:11.998+00:00,157193,34904cc0-20b0-44ef-a748-ca0f5d0a3cdb,,10,FAULT,0x0100,PI_LOST,0,1,1,0,1,0,0.0,0.562,0.0,1.247,0.0,149.64,112.23,0.0,0.0,35.6,-0.52,0.0,0.0,0.0,0.0,0.0,0.0,53.5,0.0,0,0,0,0,0,8.0,0.0,18173.18,0.0,18173.18,0.0,-8.38
2026-06-05T02:06:12.115+00:00,157308,34904cc0-20b0-44ef-a748-ca0f5d0a3cdb,,10,FAULT,0x0100,PI_LOST,0,1,1,0,1,0,0.0,0.317,0.0,1.235,0.0,148.2,111.15,0.0,0.0,35.85,-0.28,0.0,0.0,0.0,0.0,0.0,0.0,52.6,0.0,0,0,0,0,0,8.0,0.0,18185.96,0.0,18185.96,0.0,2.17
2026-06-05T02:06:12.266+00:00,157425,34904cc0-20b0-44ef-a748-ca0f5d0a3cdb,,10,FAULT,0x0100,PI_LOST,0,1,1,0,1,0,0.0,0.415,0.0,1.227,0.0,147.24,110.43,0.0,0.0,36.58,-0.4,0.0,0.0,0.0,0.0,0.0,0.0,52.7,0.0,0,0,0,0,0,8.0,0.0,18198.88,0.0,18198.88,0.0,6.24
2026-06-05T02:06:12.411+00:00,157542,34904cc0-20b0-44ef-a748-ca0f5d0a3cdb,,10,FAULT,0x0100,PI_LOST,0,1,1,0,1,0,0.0,0.757,0.0,1.235,0.0,148.2,111.15,0.0,0.0,35.11,-0.52,0.0,0.0,0.0,0.0,0.0,0.0,52.9,0.0,0,0,0,0,0,8.0,0.0,18211.89,0.0,18211.89,0.0,-12.56
2026-06-05T02:06:12.465+00:00,157659,34904cc0-20b0-44ef-a748-ca0f5d0a3cdb,,10,FAULT,0x0100,PI_LOST,0,1,1,0,1,0,0.0,0.464,0.0,1.239,0.0,148.68,111.51,0.0,0.0,35.36,0.0,0.0,0.0,0.0,0.0,0.0,0.0,52.5,0.0,0,0,0,0,0,8.0,0.0,18224.93,0.0,18224.93,0.0,2.14
2026-06-05T02:06:12.580+00:00,157774,34904cc0-20b0-44ef-a748-ca0f5d0a3cdb,,10,FAULT,0x0100,PI_LOST,0,1,1,0,1,0,0.0,0.317,0.0,1.26,0.0,151.2,113.4,0.0,0.0,36.09,-0.4,0.0,0.0,0.0,0.0,0.0,0.0,52.9,0.0,0,0,0,0,0,8.0,0.0,18237.97,0.0,18237.97,0.0,6.35
2026-06-05T02:06:12.698+00:00,157891,34904cc0-20b0-44ef-a748-ca0f5d0a3cdb,,10,FAULT,0x0100,PI_LOST,0,1,1,0,1,0,0.0,0.757,0.0,1.262,0.0,151.44,113.58,0.0,0.0,36.33,0.0,0.0,0.0,0.0,0.0,0.0,0.0,52.2,0.0,0,0,0,0,0,8.0,0.0,18251.26,0.0,18251.26,0.0,2.05
2026-06-05T02:06:12.813+00:00,158008,34904cc0-20b0-44ef-a748-ca0f5d0a3cdb,,10,FAULT,0x0100,PI_LOST,0,1,1,0,1,0,0.0,0.953,0.0,1.272,0.0,152.64,114.48,0.0,0.0,35.36,-0.28,0.0,0.0,0.0,0.0,0.0,0.0,51.8,0.0,0,0,0,0,0,8.0,0.0,18264.66,0.0,18264.66,0.0,-8.29
2026-06-05T02:06:12.944+00:00,158124,34904cc0-20b0-44ef-a748-ca0f5d0a3cdb,,10,FAULT,0x0100,PI_LOST,0,1,1,0,1,0,0.0,0.415,0.0,1.249,0.0,149.88,112.41,0.0,0.0,35.6,-0.52,0.0,0.0,0.0,0.0,0.0,0.0,52.1,0.0,0,0,0,0,0,8.0,0.0,18277.7,0.0,18277.7,0.0,2.07
2026-06-05T02:06:13.122+00:00,158240,34904cc0-20b0-44ef-a748-ca0f5d0a3cdb,,10,FAULT,0x0100,PI_LOST,0,1,1,0,1,0,0.0,0.268,0.0,1.237,0.0,148.44,111.33,0.0,0.0,35.11,0.0,0.0,0.0,0.0,0.0,0.0,0.0,52.6,0.0,0,0,0,0,0,8.0,0.0,18290.61,0.0,18290.61,0.0,-4.22
2026-06-05T02:06:13.166+00:00,158357,34904cc0-20b0-44ef-a748-ca0f5d0a3cdb,,10,FAULT,0x0100,PI_LOST,0,1,1,0,1,0,0.0,0.61,0.0,1.224,0.0,146.88,110.16,0.0,0.0,35.85,-0.64,0.0,0.0,0.0,0.0,0.0,0.0,52.8,0.0,0,0,0,0,0,8.0,0.0,18303.5,0.0,18303.5,0.0,6.32
2026-06-05T02:06:13.280+00:00,158474,34904cc0-20b0-44ef-a748-ca0f5d0a3cdb,,10,FAULT,0x0100,PI_LOST,0,1,1,0,1,0,0.0,0.61,0.0,1.22,0.0,146.4,109.8,0.0,0.0,35.85,-0.28,0.0,0.0,0.0,0.0,0.0,0.0,53.4,0.0,0,0,0,0,0,8.0,0.0,18316.35,0.0,18316.35,0.0,0.0
2026-06-05T02:06:13.398+00:00,158589,34904cc0-20b0-44ef-a748-ca0f5d0a3cdb,,10,FAULT,0x0100,PI_LOST,0,1,1,0,1,0,0.0,0.171,0.0,1.23,0.0,147.6,110.7,0.0,0.0,34.87,-0.4,0.0,0.0,0.0,0.0,0.0,0.0,53.4,0.0,0,0,0,0,0,8.0,0.0,18329.08,0.0,18329.08,0.0,-8.52
2026-06-05T02:06:13.514+00:00,158706,34904cc0-20b0-44ef-a748-ca0f5d0a3cdb,,10,FAULT,0x0100,PI_LOST,0,1,1,0,1,0,0.0,0.708,0.0,1.237,0.0,148.44,111.33,0.0,0.0,35.85,-0.52,0.0,0.0,0.0,0.0,0.0,0.0,54.2,0.0,0,0,0,0,0,8.0,0.0,18342.1,0.0,18342.1,0.0,8.38
2026-06-05T02:06:13.666+00:00,158823,34904cc0-20b0-44ef-a748-ca0f5d0a3cdb,,10,FAULT,0x0100,PI_LOST,0,1,1,0,1,0,0.0,0.415,0.0,1.236,0.0,148.32,111.24,0.0,0.0,35.85,-0.28,0.0,0.0,0.0,0.0,0.0,0.0,53.7,0.0,0,0,0,0,0,8.0,0.0,18355.12,0.0,18355.12,0.0,0.0
2026-06-05T02:06:13.759+00:00,158939,34904cc0-20b0-44ef-a748-ca0f5d0a3cdb,,10,FAULT,0x0100,PI_LOST,0,1,1,0,1,0,0.0,0.317,0.0,1.227,0.0,147.24,110.43,0.0,0.0,35.6,-0.4,0.0,0.0,0.0,0.0,0.0,0.0,53.2,0.0,0,0,0,0,0,8.0,0.0,18367.93,0.0,18367.93,0.0,-2.16
2026-06-05T02:06:13.865+00:00,159055,34904cc0-20b0-44ef-a748-ca0f5d0a3cdb,,10,FAULT,0x0100,PI_LOST,0,1,1,0,1,0,0.0,0.464,0.0,1.224,0.0,146.88,110.16,0.0,0.0,35.11,-0.28,0.0,0.0,0.0,0.0,0.0,0.0,53.0,0.0,0,0,0,0,0,8.0,0.0,18380.71,0.0,18380.71,0.0,-4.22
2026-06-05T02:06:13.980+00:00,159172,34904cc0-20b0-44ef-a748-ca0f5d0a3cdb,,10,FAULT,0x0100,PI_LOST,0,1,1,0,1,0,0.0,0.659,0.0,1.217,0.0,146.04,109.53,0.0,0.0,34.62,0.0,0.0,0.0,0.0,0.0,0.0,0.0,53.2,0.0,0,0,0,0,0,8.0,0.0,18393.52,0.0,18393.52,0.0,-4.19
2026-06-05T02:06:14.099+00:00,159289,34904cc0-20b0-44ef-a748-ca0f5d0a3cdb,,10,FAULT,0x0100,PI_LOST,0,1,1,0,1,0,0.0,0.219,0.0,1.214,0.0,145.68,109.26,0.0,0.0,35.6,-0.15,0.0,0.0,0.0,0.0,0.0,0.0,53.1,0.0,0,0,0,0,0,8.0,0.0,18406.3,0.0,18406.3,0.0,8.38
2026-06-05T02:06:14.214+00:00,159405,34904cc0-20b0-44ef-a748-ca0f5d0a3cdb,,10,FAULT,0x0100,PI_LOST,0,1,1,0,1,0,0.0,0.61,0.0,1.205,0.0,144.6,108.45,0.0,0.0,35.6,-0.52,0.0,0.0,0.0,0.0,0.0,0.0,52.9,0.0,0,0,0,0,0,8.0,0.0,18418.88,0.0,18418.88,0.0,0.0
2026-06-05T02:06:14.381+00:00,159521,34904cc0-20b0-44ef-a748-ca0f5d0a3cdb,,10,FAULT,0x0100,PI_LOST,0,1,1,0,1,0,0.0,0.61,0.0,1.207,0.0,144.84,108.63,0.0,0.0,36.09,-0.52,0.0,0.0,0.0,0.0,0.0,0.0,53.2,0.0,0,0,0,0,0,8.0,0.0,18431.49,0.0,18431.49,0.0,4.22
2026-06-05T02:06:14.475+00:00,159638,34904cc0-20b0-44ef-a748-ca0f5d0a3cdb,,10,FAULT,0x0100,PI_LOST,0,1,1,0,1,0,0.0,0.219,0.0,1.19,0.0,142.8,107.1,0.0,0.0,35.85,0.0,0.0,0.0,0.0,0.0,0.0,0.0,53.1,0.0,0,0,0,0,0,8.0,0.0,18444.02,0.0,18444.02,0.0,-2.05
2026-06-05T02:06:14.565+00:00,159755,34904cc0-20b0-44ef-a748-ca0f5d0a3cdb,,10,FAULT,0x0100,PI_LOST,0,1,1,0,1,0,0.0,0.366,0.0,1.204,0.0,144.48,108.36,0.0,0.0,35.36,-0.52,0.0,0.0,0.0,0.0,0.0,0.0,52.9,0.0,0,0,0,0,0,8.0,0.0,18456.69,0.0,18456.69,0.0,-4.19
2026-06-05T02:06:14.681+00:00,159870,34904cc0-20b0-44ef-a748-ca0f5d0a3cdb,,10,FAULT,0x0100,PI_LOST,0,1,1,0,1,0,0.0,0.122,0.0,1.218,0.0,146.16,109.62,0.0,0.0,35.6,-0.15,0.0,0.0,0.0,0.0,0.0,0.0,52.7,0.0,0,0,0,0,0,8.0,0.0,18469.3,0.0,18469.3,0.0,2.09
2026-06-05T02:06:14.796+00:00,159987,34904cc0-20b0-44ef-a748-ca0f5d0a3cdb,,10,FAULT,0x0100,PI_LOST,0,1,1,0,1,0,0.0,0.268,0.0,1.213,0.0,145.56,109.17,0.0,0.0,35.85,-0.52,0.0,0.0,0.0,0.0,0.0,0.0,52.5,0.0,0,0,0,0,0,8.0,0.0,18482.07,0.0,18482.07,0.0,2.14
2026-06-05T02:06:14.914+00:00,160104,34904cc0-20b0-44ef-a748-ca0f5d0a3cdb,,10,FAULT,0x0100,PI_LOST,0,1,1,0,1,0,0.0,0.513,0.0,1.209,0.0,145.08,108.81,0.0,0.0,35.85,-0.64,0.0,0.0,0.0,0.0,0.0,0.0,53.7,0.0,0,0,0,0,0,8.0,0.0,18494.8,0.0,18494.8,0.0,0.0
2026-06-05T02:06:15.097+00:00,160220,34904cc0-20b0-44ef-a748-ca0f5d0a3cdb,,10,FAULT,0x0100,PI_LOST,0,1,1,0,1,0,0.0,0.122,0.0,1.198,0.0,143.76,107.82,0.0,0.0,34.87,-0.4,0.0,0.0,0.0,0.0,0.0,0.0,53.4,0.0,0,0,0,0,0,8.0,0.0,18507.31,0.0,18507.31,0.0,-8.45
2026-06-05T02:06:15.196+00:00,160336,34904cc0-20b0-44ef-a748-ca0f5d0a3cdb,,10,FAULT,0x0100,PI_LOST,0,1,1,0,1,0,0.0,0.708,0.0,1.208,0.0,144.96,108.72,0.0,0.0,35.6,-0.52,0.0,0.0,0.0,0.0,0.0,0.0,53.1,0.0,0,0,0,0,0,8.0,0.0,18519.92,0.0,18519.92,0.0,6.29
2026-06-05T02:06:15.290+00:00,160453,34904cc0-20b0-44ef-a748-ca0f5d0a3cdb,,10,FAULT,0x0100,PI_LOST,0,1,1,0,1,0,0.0,0.562,0.0,1.201,0.0,144.12,108.09,0.0,0.0,35.11,0.0,0.0,0.0,0.0,0.0,0.0,0.0,53.2,0.0,0,0,0,0,0,8.0,0.0,18532.57,0.0,18532.57,0.0,-4.19
2026-06-05T02:06:15.381+00:00,160570,34904cc0-20b0-44ef-a748-ca0f5d0a3cdb,,10,FAULT,0x0100,PI_LOST,0,1,1,0,1,0,0.0,0.708,0.0,1.209,0.0,145.08,108.81,0.0,0.0,36.82,-0.28,0.0,0.0,0.0,0.0,0.0,0.0,52.9,0.0,0,0,0,0,0,8.0,0.0,18545.3,0.0,18545.3,0.0,14.62
2026-06-05T02:06:15.496+00:00,160686,34904cc0-20b0-44ef-a748-ca0f5d0a3cdb,,10,FAULT,0x0100,PI_LOST,0,1,1,0,1,0,0.0,0.219,0.0,1.207,0.0,144.84,108.63,0.0,0.0,36.58,-0.15,0.0,0.0,0.0,0.0,0.0,0.0,52.7,0.0,0,0,0,0,0,8.0,0.0,18557.9,0.0,18557.9,0.0,-2.07
2026-06-05T02:06:15.615+00:00,160802,34904cc0-20b0-44ef-a748-ca0f5d0a3cdb,,10,FAULT,0x0100,PI_LOST,0,1,1,0,1,0,0.0,0.562,0.0,1.218,0.0,146.16,109.62,0.0,0.0,34.87,-0.52,0.0,0.0,0.0,0.0,0.0,0.0,52.8,0.0,0,0,0,0,0,8.0,0.0,18570.62,0.0,18570.62,0.0,-14.74
2026-06-05T02:06:15.766+00:00,160919,34904cc0-20b0-44ef-a748-ca0f5d0a3cdb,,10,FAULT,0x0100,PI_LOST,0,1,1,0,1,0,0.0,0.464,0.0,1.218,0.0,146.16,109.62,0.0,0.0,35.85,-0.64,0.0,0.0,0.0,0.0,0.0,0.0,52.9,0.0,0,0,0,0,0,8.0,0.0,18583.44,0.0,18583.44,0.0,8.38
2026-06-05T02:06:15.916+00:00,161035,34904cc0-20b0-44ef-a748-ca0f5d0a3cdb,,10,FAULT,0x0100,PI_LOST,0,1,1,0,1,0,0.0,0.562,0.0,1.225,0.0,147.0,110.25,0.0,0.0,36.58,-0.28,0.0,0.0,0.0,0.0,0.0,0.0,52.9,0.0,0,0,0,0,0,8.0,0.0,18596.23,0.0,18596.23,0.0,6.29
2026-06-05T02:06:16.024+00:00,161152,34904cc0-20b0-44ef-a748-ca0f5d0a3cdb,,10,FAULT,0x0100,PI_LOST,0,1,1,0,1,0,0.0,0.268,0.0,1.239,0.0,148.68,111.51,0.0,0.0,36.33,-0.52,0.0,0.0,0.0,0.0,0.0,0.0,52.7,0.0,0,0,0,0,0,8.0,0.0,18609.28,0.0,18609.28,0.0,-2.14
2026-06-05T02:06:16.081+00:00,161268,34904cc0-20b0-44ef-a748-ca0f5d0a3cdb,,10,FAULT,0x0100,PI_LOST,0,1,1,0,1,0,0.0,0.171,0.0,1.241,0.0,148.92,111.69,0.0,0.0,36.09,-0.28,0.0,0.0,0.0,0.0,0.0,0.0,53.2,0.0,0,0,0,0,0,8.0,0.0,18622.23,0.0,18622.23,0.0,-2.07
2026-06-05T02:06:16.197+00:00,161385,34904cc0-20b0-44ef-a748-ca0f5d0a3cdb,,10,FAULT,0x0100,PI_LOST,0,1,1,0,1,0,0.0,0.219,0.0,1.261,0.0,151.32,113.49,0.0,0.0,35.11,-0.28,0.0,0.0,0.0,0.0,0.0,0.0,53.2,0.0,0,0,0,0,0,8.0,0.0,18635.51,0.0,18635.51,0.0,-8.38
2026-06-05T02:06:16.315+00:00,161501,34904cc0-20b0-44ef-a748-ca0f5d0a3cdb,,10,FAULT,0x0100,PI_LOST,0,1,1,0,1,0,0.0,0.708,0.0,1.287,0.0,154.44,115.83,0.0,0.0,36.58,-0.52,0.0,0.0,0.0,0.0,0.0,0.0,53.4,0.0,0,0,0,0,0,8.0,0.0,18648.95,0.0,18648.95,0.0,12.67
2026-06-05T02:06:16.430+00:00,161617,34904cc0-20b0-44ef-a748-ca0f5d0a3cdb,,10,FAULT,0x0100,PI_LOST,0,1,1,0,1,0,0.0,0.366,0.0,1.281,0.0,153.72,115.29,0.0,0.0,36.82,-0.52,0.0,0.0,0.0,0.0,0.0,0.0,53.5,0.0,0,0,0,0,0,8.0,0.0,18662.32,0.0,18662.32,0.0,2.07
2026-06-05T02:06:16.561+00:00,161734,34904cc0-20b0-44ef-a748-ca0f5d0a3cdb,,10,FAULT,0x0100,PI_LOST,0,1,1,0,1,0,0.0,0.366,0.0,1.294,0.0,155.28,116.46,0.0,0.0,35.36,-0.52,0.0,0.0,0.0,0.0,0.0,0.0,53.3,0.0,0,0,0,0,0,8.0,0.0,18675.95,0.0,18675.95,0.0,-12.48
2026-06-05T02:06:16.739+00:00,161851,34904cc0-20b0-44ef-a748-ca0f5d0a3cdb,,10,FAULT,0x0100,PI_LOST,0,1,1,0,1,0,0.0,0.659,0.0,1.279,0.0,153.48,115.11,0.0,0.0,35.36,0.0,0.0,0.0,0.0,0.0,0.0,0.0,53.3,0.0,0,0,0,0,0,8.0,0.0,18689.42,0.0,18689.42,0.0,0.0
2026-06-05T02:06:16.782+00:00,161967,34904cc0-20b0-44ef-a748-ca0f5d0a3cdb,,10,FAULT,0x0100,PI_LOST,0,1,1,0,1,0,0.0,0.219,0.0,1.291,0.0,154.92,116.19,0.0,0.0,36.33,-0.28,0.0,0.0,0.0,0.0,0.0,0.0,53.4,0.0,0,0,0,0,0,8.0,0.0,18702.89,0.0,18702.89,0.0,8.36
2026-06-05T02:06:16.897+00:00,162083,34904cc0-20b0-44ef-a748-ca0f5d0a3cdb,,10,FAULT,0x0100,PI_LOST,0,1,1,0,1,0,0.0,0.317,0.0,1.317,0.0,158.04,118.53,0.0,0.0,36.09,-0.15,0.0,0.0,0.0,0.0,0.0,0.0,53.3,0.0,0,0,0,0,0,8.0,0.0,18716.64,0.0,18716.64,0.0,-2.07
2026-06-05T02:06:17.015+00:00,162200,34904cc0-20b0-44ef-a748-ca0f5d0a3cdb,,10,FAULT,0x0100,PI_LOST,0,1,1,0,1,0,0.0,0.366,0.0,1.305,0.0,156.6,117.45,0.0,0.0,36.09,-0.52,0.0,0.0,0.0,0.0,0.0,0.0,53.8,0.0,0,0,0,0,0,8.0,0.0,18730.39,0.0,18730.39,0.0,0.0
2026-06-05T02:06:17.130+00:00,162316,34904cc0-20b0-44ef-a748-ca0f5d0a3cdb,,10,FAULT,0x0100,PI_LOST,0,1,1,0,1,0,0.0,0.806,0.0,1.313,0.0,157.56,118.17,0.0,0.0,34.87,-0.52,0.0,0.0,0.0,0.0,0.0,0.0,54.1,0.0,0,0,0,0,0,8.0,0.0,18744.09,0.0,18744.09,0.0,-10.52
2026-06-05T02:06:17.281+00:00,162433,34904cc0-20b0-44ef-a748-ca0f5d0a3cdb,,10,FAULT,0x0100,PI_LOST,0,1,1,0,1,0,0.0,0.708,0.0,1.305,0.0,156.6,117.45,0.0,0.0,35.11,-0.15,0.0,0.0,0.0,0.0,0.0,0.0,54.2,0.0,0,0,0,0,0,8.0,0.0,18757.84,0.0,18757.84,0.0,2.05
2026-06-05T02:06:17.374+00:00,162549,34904cc0-20b0-44ef-a748-ca0f5d0a3cdb,,10,FAULT,0x0100,PI_LOST,0,1,1,0,1,0,0.0,0.562,0.0,1.296,0.0,155.52,116.64,0.0,0.0,36.58,-0.4,0.0,0.0,0.0,0.0,0.0,0.0,54.3,0.0,0,0,0,0,0,8.0,0.0,18771.37,0.0,18771.37,0.0,12.67
2026-06-05T02:06:17.482+00:00,162665,34904cc0-20b0-44ef-a748-ca0f5d0a3cdb,,10,FAULT,0x0100,PI_LOST,0,1,1,0,1,0,0.0,0.659,0.0,1.267,0.0,152.04,114.03,0.0,0.0,36.33,-0.15,0.0,0.0,0.0,0.0,0.0,0.0,54.5,0.0,0,0,0,0,0,8.0,0.0,18784.59,0.0,18784.59,0.0,-2.16
2026-06-05T02:06:17.597+00:00,162782,34904cc0-20b0-44ef-a748-ca0f5d0a3cdb,,10,FAULT,0x0100,PI_LOST,0,1,1,0,1,0,0.0,0.268,0.0,1.27,0.0,152.4,114.3,0.0,0.0,35.36,-0.64,0.0,0.0,0.0,0.0,0.0,0.0,54.5,0.0,0,0,0,0,0,8.0,0.0,18797.97,0.0,18797.97,0.0,-8.29
2026-06-05T02:06:17.715+00:00,162898,34904cc0-20b0-44ef-a748-ca0f5d0a3cdb,,10,FAULT,0x0100,PI_LOST,0,1,1,0,1,0,0.0,0.219,0.0,1.284,0.0,154.08,115.56,0.0,0.0,34.62,-0.52,0.0,0.0,0.0,0.0,0.0,0.0,54.2,0.0,0,0,0,0,0,8.0,0.0,18811.37,0.0,18811.37,0.0,-6.38
2026-06-05T02:06:17.831+00:00,163015,34904cc0-20b0-44ef-a748-ca0f5d0a3cdb,,10,FAULT,0x0100,PI_LOST,0,1,1,0,1,0,0.0,0.122,0.0,1.291,0.0,154.92,116.19,0.0,0.0,34.87,-0.4,0.0,0.0,0.0,0.0,0.0,0.0,54.1,0.0,0,0,0,0,0,8.0,0.0,18824.97,0.0,18824.97,0.0,2.14
2026-06-05T02:06:17.997+00:00,163131,34904cc0-20b0-44ef-a748-ca0f5d0a3cdb,,10,FAULT,0x0100,PI_LOST,0,1,1,0,1,0,0.0,0.366,0.0,1.31,0.0,157.2,117.9,0.0,0.0,36.58,-0.15,0.0,0.0,0.0,0.0,0.0,0.0,54.1,0.0,0,0,0,0,0,8.0,0.0,18838.64,0.0,18838.64,0.0,14.74
2026-06-05T02:06:18.089+00:00,163248,34904cc0-20b0-44ef-a748-ca0f5d0a3cdb,,10,FAULT,0x0100,PI_LOST,0,1,1,0,1,0,0.0,0.513,0.0,1.319,0.0,158.28,118.71,0.0,0.0,36.33,-0.4,0.0,0.0,0.0,0.0,0.0,0.0,54.0,0.0,0,0,0,0,0,8.0,0.0,18852.53,0.0,18852.53,0.0,-2.14
2026-06-05T02:06:18.182+00:00,163364,34904cc0-20b0-44ef-a748-ca0f5d0a3cdb,,10,FAULT,0x0100,PI_LOST,0,1,1,0,1,0,0.0,0.268,0.0,1.325,0.0,159.0,119.25,0.0,0.0,35.6,-0.15,0.0,0.0,0.0,0.0,0.0,0.0,53.9,0.0,0,0,0,0,0,8.0,0.0,18866.36,0.0,18866.36,0.0,-6.29
2026-06-05T02:06:18.298+00:00,163481,34904cc0-20b0-44ef-a748-ca0f5d0a3cdb,,10,FAULT,0x0100,PI_LOST,0,1,1,0,1,0,0.0,0.268,0.0,1.316,0.0,157.92,118.44,0.0,0.0,35.85,-0.64,0.0,0.0,0.0,0.0,0.0,0.0,53.9,0.0,0,0,0,0,0,8.0,0.0,18880.22,0.0,18880.22,0.0,2.14
2026-06-05T02:06:18.416+00:00,163597,34904cc0-20b0-44ef-a748-ca0f5d0a3cdb,,10,FAULT,0x0100,PI_LOST,0,1,1,0,1,0,0.0,0.219,0.0,1.295,0.0,155.4,116.55,0.0,0.0,34.87,-0.52,0.0,0.0,0.0,0.0,0.0,0.0,53.9,0.0,0,0,0,0,0,8.0,0.0,18893.74,0.0,18893.74,0.0,-8.45
2026-06-05T02:06:18.531+00:00,163714,34904cc0-20b0-44ef-a748-ca0f5d0a3cdb,,10,FAULT,0x0100,PI_LOST,0,1,1,0,1,0,0.0,0.366,0.0,1.29,0.0,154.8,116.1,0.0,0.0,37.07,-0.15,0.0,0.0,0.0,0.0,0.0,0.0,53.5,0.0,0,0,0,0,0,8.0,0.0,18907.32,0.0,18907.32,0.0,18.8
2026-06-05T02:06:18.715+00:00,163830,34904cc0-20b0-44ef-a748-ca0f5d0a3cdb,,10,FAULT,0x0100,PI_LOST,0,1,1,0,1,0,0.0,0.464,0.0,1.283,0.0,153.96,115.47,0.0,0.0,36.09,-0.28,0.0,0.0,0.0,0.0,0.0,0.0,53.6,0.0,0,0,0,0,0,8.0,0.0,18920.72,0.0,18920.72,0.0,-8.45
2026-06-05T02:06:18.809+00:00,163946,34904cc0-20b0-44ef-a748-ca0f5d0a3cdb,,10,FAULT,0x0100,PI_LOST,0,1,1,0,1,0,0.0,0.562,0.0,1.295,0.0,155.4,116.55,0.0,0.0,35.85,-0.28,0.0,0.0,0.0,0.0,0.0,0.0,53.7,0.0,0,0,0,0,0,8.0,0.0,18934.24,0.0,18934.24,0.0,-2.07
2026-06-05T02:06:18.901+00:00,164063,34904cc0-20b0-44ef-a748-ca0f5d0a3cdb,,10,FAULT,0x0100,PI_LOST,0,1,1,0,1,0,0.0,0.464,0.0,1.294,0.0,155.28,116.46,0.0,0.0,35.85,-0.4,0.0,0.0,0.0,0.0,0.0,0.0,53.6,0.0,0,0,0,0,0,8.0,0.0,18947.86,0.0,18947.86,0.0,0.0
2026-06-05T02:06:18.998+00:00,164179,34904cc0-20b0-44ef-a748-ca0f5d0a3cdb,,10,FAULT,0x0100,PI_LOST,0,1,1,0,1,0,0.0,0.659,0.0,1.282,0.0,153.84,115.38,0.0,0.0,35.85,-0.4,0.0,0.0,0.0,0.0,0.0,0.0,53.3,0.0,0,0,0,0,0,8.0,0.0,18961.25,0.0,18961.25,0.0,0.0
2026-06-05T02:06:19.116+00:00,164296,34904cc0-20b0-44ef-a748-ca0f5d0a3cdb,,10,FAULT,0x0100,PI_LOST,0,1,1,0,1,0,0.0,0.073,0.0,1.306,0.0,156.72,117.54,0.0,0.0,35.11,-0.4,0.0,0.0,0.0,0.0,0.0,0.0,53.3,0.0,0,0,0,0,0,8.0,0.0,18975.0,0.0,18975.0,0.0,-6.32
2026-06-05T02:06:19.232+00:00,164412,34904cc0-20b0-44ef-a748-ca0f5d0a3cdb,,10,FAULT,0x0100,PI_LOST,0,1,1,0,1,0,0.0,0.562,0.0,1.313,0.0,157.56,118.17,0.0,0.0,35.85,0.0,0.0,0.0,0.0,0.0,0.0,0.0,53.1,0.0,0,0,0,0,0,8.0,0.0,18988.71,0.0,18988.71,0.0,6.38
2026-06-05T02:06:19.420+00:00,164529,34904cc0-20b0-44ef-a748-ca0f5d0a3cdb,,10,FAULT,0x0100,PI_LOST,0,1,1,0,1,0,0.0,0.219,0.0,1.316,0.0,157.92,118.44,0.0,0.0,34.62,-0.52,0.0,0.0,0.0,0.0,0.0,0.0,53.9,0.0,0,0,0,0,0,8.0,0.0,19002.57,0.0,19002.57,0.0,-10.51
2026-06-05T02:06:19.534+00:00,164645,34904cc0-20b0-44ef-a748-ca0f5d0a3cdb,,10,FAULT,0x0100,PI_LOST,0,1,1,0,1,0,0.0,0.513,0.0,1.324,0.0,158.88,119.16,0.0,0.0,35.36,-0.4,0.0,0.0,0.0,0.0,0.0,0.0,53.2,0.0,0,0,0,0,0,8.0,0.0,19016.39,0.0,19016.39,0.0,6.38
2026-06-05T02:06:19.628+00:00,164762,34904cc0-20b0-44ef-a748-ca0f5d0a3cdb,,10,FAULT,0x0100,PI_LOST,0,1,1,0,1,0,0.0,0.415,0.0,1.313,0.0,157.56,118.17,0.0,0.0,35.85,-0.4,0.0,0.0,0.0,0.0,0.0,0.0,53.2,0.0,0,0,0,0,0,8.0,0.0,19030.21,0.0,19030.21,0.0,4.19
2026-06-05T02:06:19.698+00:00,164878,34904cc0-20b0-44ef-a748-ca0f5d0a3cdb,,10,FAULT,0x0100,PI_LOST,0,1,1,0,1,0,0.0,0.659,0.0,1.309,0.0,157.08,117.81,0.0,0.0,35.85,0.0,0.0,0.0,0.0,0.0,0.0,0.0,53.2,0.0,0,0,0,0,0,8.0,0.0,19043.88,0.0,19043.88,0.0,0.0
2026-06-05T02:06:19.813+00:00,164995,34904cc0-20b0-44ef-a748-ca0f5d0a3cdb,,10,FAULT,0x0100,PI_LOST,0,1,1,0,1,0,0.0,0.513,0.0,1.327,0.0,159.24,119.43,0.0,0.0,35.85,-0.4,0.0,0.0,0.0,0.0,0.0,0.0,53.5,0.0,0,0,0,0,0,8.0,0.0,19057.85,0.0,19057.85,0.0,0.0
2026-06-05T02:06:19.932+00:00,165111,34904cc0-20b0-44ef-a748-ca0f5d0a3cdb,,10,FAULT,0x0100,PI_LOST,0,1,1,0,1,0,0.0,0.366,0.0,1.323,0.0,158.76,119.07,0.0,0.0,34.87,-0.52,0.0,0.0,0.0,0.0,0.0,0.0,53.1,0.0,0,0,0,0,0,8.0,0.0,19071.67,0.0,19071.67,0.0,-8.45
2026-06-05T02:06:20.052+00:00,165228,34904cc0-20b0-44ef-a748-ca0f5d0a3cdb,,10,FAULT,0x0100,PI_LOST,0,1,1,0,1,0,0.0,0.219,0.0,1.304,0.0,156.48,117.36,0.0,0.0,35.11,-0.52,0.0,0.0,0.0,0.0,0.0,0.0,52.9,0.0,0,0,0,0,0,8.0,0.0,19085.4,0.0,19085.4,0.0,2.05
2026-06-05T02:06:20.201+00:00,165344,34904cc0-20b0-44ef-a748-ca0f5d0a3cdb,,10,FAULT,0x0100,PI_LOST,0,1,1,0,1,0,0.0,0.562,0.0,1.297,0.0,155.64,116.73,0.0,0.0,36.33,-0.28,0.0,0.0,0.0,0.0,0.0,0.0,52.8,0.0,0,0,0,0,0,8.0,0.0,19098.94,0.0,19098.94,0.0,10.52
2026-06-05T02:06:20.345+00:00,165460,34904cc0-20b0-44ef-a748-ca0f5d0a3cdb,,10,FAULT,0x0100,PI_LOST,0,1,1,0,1,0,0.0,0.464,0.0,1.299,0.0,155.88,116.91,0.0,0.0,36.09,-0.4,0.0,0.0,0.0,0.0,0.0,0.0,52.9,0.0,0,0,0,0,0,8.0,0.0,19112.5,0.0,19112.5,0.0,-2.07
2026-06-05T02:06:20.398+00:00,165577,34904cc0-20b0-44ef-a748-ca0f5d0a3cdb,,10,FAULT,0x0100,PI_LOST,0,1,1,0,1,0,0.0,0.171,0.0,1.272,0.0,152.64,114.48,0.0,0.0,35.6,-0.28,0.0,0.0,0.0,0.0,0.0,0.0,53.0,0.0,0,0,0,0,0,8.0,0.0,19125.89,0.0,19125.89,0.0,-4.19
2026-06-05T02:06:20.514+00:00,165693,34904cc0-20b0-44ef-a748-ca0f5d0a3cdb,,10,FAULT,0x0100,PI_LOST,0,1,1,0,1,0,0.0,0.464,0.0,1.271,0.0,152.52,114.39,0.0,0.0,35.36,-0.4,0.0,0.0,0.0,0.0,0.0,0.0,52.6,0.0,0,0,0,0,0,8.0,0.0,19139.16,0.0,19139.16,0.0,-2.07
2026-06-05T02:06:20.632+00:00,165810,34904cc0-20b0-44ef-a748-ca0f5d0a3cdb,,10,FAULT,0x0100,PI_LOST,0,1,1,0,1,0,0.0,0.219,0.0,1.302,0.0,156.24,117.18,0.0,0.0,36.33,-0.4,0.0,0.0,0.0,0.0,0.0,0.0,52.6,0.0,0,0,0,0,0,8.0,0.0,19152.87,0.0,19152.87,0.0,8.29
2026-06-05T02:06:20.747+00:00,165926,34904cc0-20b0-44ef-a748-ca0f5d0a3cdb,,10,FAULT,0x0100,PI_LOST,0,1,1,0,1,0,0.0,0.513,0.0,1.322,0.0,158.64,118.98,0.0,0.0,35.85,-0.15,0.0,0.0,0.0,0.0,0.0,0.0,52.6,0.0,0,0,0,0,0,8.0,0.0,19166.67,0.0,19166.67,0.0,-4.14
2026-06-05T02:06:20.879+00:00,166043,34904cc0-20b0-44ef-a748-ca0f5d0a3cdb,,10,FAULT,0x0100,PI_LOST,0,1,1,0,1,0,0.0,0.317,0.0,1.335,0.0,160.2,120.15,0.0,0.0,35.6,-0.28,0.0,0.0,0.0,0.0,0.0,0.0,52.4,0.0,0,0,0,0,0,8.0,0.0,19180.73,0.0,19180.73,0.0,-2.14
2026-06-05T02:06:21.045+00:00,166159,34904cc0-20b0-44ef-a748-ca0f5d0a3cdb,,10,FAULT,0x0100,PI_LOST,0,1,1,0,1,0,0.0,0.61,0.0,1.32,0.0,158.4,118.8,0.0,0.0,36.33,-0.15,0.0,0.0,0.0,0.0,0.0,0.0,52.6,0.0,0,0,0,0,0,8.0,0.0,19194.51,0.0,19194.51,0.0,6.29
2026-06-05T02:06:21.100+00:00,166276,34904cc0-20b0-44ef-a748-ca0f5d0a3cdb,,10,FAULT,0x0100,PI_LOST,0,1,1,0,1,0,0.0,0.317,0.0,1.303,0.0,156.36,117.27,0.0,0.0,36.09,-0.52,0.0,0.0,0.0,0.0,0.0,0.0,52.3,0.0,0,0,0,0,0,8.0,0.0,19208.23,0.0,19208.23,0.0,-2.05
2026-06-05T02:06:21.215+00:00,166392,34904cc0-20b0-44ef-a748-ca0f5d0a3cdb,,10,FAULT,0x0100,PI_LOST,0,1,1,0,1,0,0.0,0.268,0.0,1.303,0.0,156.36,117.27,0.0,0.0,35.36,-0.4,0.0,0.0,0.0,0.0,0.0,0.0,52.3,0.0,0,0,0,0,0,8.0,0.0,19221.84,0.0,19221.84,0.0,-6.29
2026-06-05T02:06:21.332+00:00,166509,34904cc0-20b0-44ef-a748-ca0f5d0a3cdb,,10,FAULT,0x0100,PI_LOST,0,1,1,0,1,0,0.0,0.122,0.0,1.314,0.0,157.68,118.26,0.0,0.0,35.11,-0.28,0.0,0.0,0.0,0.0,0.0,0.0,52.0,0.0,0,0,0,0,0,8.0,0.0,19235.67,0.0,19235.67,0.0,-2.14
2026-06-05T02:06:21.448+00:00,166625,34904cc0-20b0-44ef-a748-ca0f5d0a3cdb,,10,FAULT,0x0100,PI_LOST,0,1,1,0,1,0,0.0,0.366,0.0,1.298,0.0,155.76,116.82,0.0,0.0,35.36,-0.52,0.0,0.0,0.0,0.0,0.0,0.0,52.2,0.0,0,0,0,0,0,8.0,0.0,19249.22,0.0,19249.22,0.0,2.16
2026-06-05T02:06:21.640+00:00,166742,34904cc0-20b0-44ef-a748-ca0f5d0a3cdb,,10,FAULT,0x0100,PI_LOST,0,1,1,0,1,0,0.0,0.464,0.0,1.298,0.0,155.76,116.82,0.0,0.0,34.87,-0.15,0.0,0.0,0.0,0.0,0.0,0.0,52.1,0.0,0,0,0,0,0,8.0,0.0,19262.89,0.0,19262.89,0.0,-4.19
2026-06-05T02:06:21.740+00:00,166858,34904cc0-20b0-44ef-a748-ca0f5d0a3cdb,,10,FAULT,0x0100,PI_LOST,0,1,1,0,1,0,0.0,0.562,0.0,1.301,0.0,156.12,117.09,0.0,0.0,35.6,-0.28,0.0,0.0,0.0,0.0,0.0,0.0,52.3,0.0,0,0,0,0,0,8.0,0.0,19276.47,0.0,19276.47,0.0,6.29
2026-06-05T02:06:21.832+00:00,166974,34904cc0-20b0-44ef-a748-ca0f5d0a3cdb,,10,FAULT,0x0100,PI_LOST,0,1,1,0,1,0,0.0,0.757,0.0,1.308,0.0,156.96,117.72,0.0,0.0,35.6,-0.28,0.0,0.0,0.0,0.0,0.0,0.0,52.4,0.0,0,0,0,0,0,8.0,0.0,19290.13,0.0,19290.13,0.0,0.0
2026-06-05T02:06:21.914+00:00,167091,34904cc0-20b0-44ef-a748-ca0f5d0a3cdb,,10,FAULT,0x0100,PI_LOST,0,1,1,0,1,0,0.0,0.464,0.0,1.312,0.0,157.44,118.08,0.0,0.0,36.82,-0.28,0.0,0.0,0.0,0.0,0.0,0.0,52.8,0.0,0,0,0,0,0,8.0,0.0,19303.95,0.0,19303.95,0.0,10.43
2026-06-05T02:06:22.032+00:00,167207,34904cc0-20b0-44ef-a748-ca0f5d0a3cdb,,10,FAULT,0x0100,PI_LOST,0,1,1,0,1,0,0.0,0.464,0.0,1.311,0.0,157.32,117.99,0.0,0.0,36.58,-0.52,0.0,0.0,0.0,0.0,0.0,0.0,52.4,0.0,0,0,0,0,0,8.0,0.0,19317.63,0.0,19317.63,0.0,-2.07
2026-06-05T02:06:22.148+00:00,167324,34904cc0-20b0-44ef-a748-ca0f5d0a3cdb,,10,FAULT,0x0100,PI_LOST,0,1,1,0,1,0,0.0,0.366,0.0,1.288,0.0,154.56,115.92,0.0,0.0,35.85,0.0,0.0,0.0,0.0,0.0,0.0,0.0,52.2,0.0,0,0,0,0,0,8.0,0.0,19331.2,0.0,19331.2,0.0,-6.24
2026-06-05T02:06:22.266+00:00,167440,34904cc0-20b0-44ef-a748-ca0f5d0a3cdb,,10,FAULT,0x0100,PI_LOST,0,1,1,0,1,0,0.0,0.317,0.0,1.254,0.0,150.48,112.86,0.0,0.0,36.09,-0.4,0.0,0.0,0.0,0.0,0.0,0.0,52.0,0.0,0,0,0,0,0,8.0,0.0,19344.29,0.0,19344.29,0.0,2.07
2026-06-05T02:06:22.457+00:00,167557,34904cc0-20b0-44ef-a748-ca0f5d0a3cdb,,10,FAULT,0x0100,PI_LOST,0,1,1,0,1,0,0.0,0.122,0.0,1.218,0.0,146.16,109.62,0.0,0.0,35.11,-0.28,0.0,0.0,0.0,0.0,0.0,0.0,52.2,0.0,0,0,0,0,0,8.0,0.0,19357.11,0.0,19357.11,0.0,-8.38
2026-06-05T02:06:22.552+00:00,167673,34904cc0-20b0-44ef-a748-ca0f5d0a3cdb,,10,FAULT,0x0100,PI_LOST,0,1,1,0,1,0,0.0,0.562,0.0,1.224,0.0,146.88,110.16,0.0,0.0,36.09,0.0,0.0,0.0,0.0,0.0,0.0,0.0,52.3,0.0,0,0,0,0,0,8.0,0.0,19369.89,0.0,19369.89,0.0,8.45
2026-06-05T02:06:22.615+00:00,167790,34904cc0-20b0-44ef-a748-ca0f5d0a3cdb,,10,FAULT,0x0100,PI_LOST,0,1,1,0,1,0,0.0,0.659,0.0,1.238,0.0,148.56,111.42,0.0,0.0,35.85,-0.4,0.0,0.0,0.0,0.0,0.0,0.0,52.6,0.0,0,0,0,0,0,8.0,0.0,19382.93,0.0,19382.93,0.0,-2.05
2026-06-05T02:06:22.733+00:00,167906,34904cc0-20b0-44ef-a748-ca0f5d0a3cdb,,10,FAULT,0x0100,PI_LOST,0,1,1,0,1,0,0.0,0.513,0.0,1.249,0.0,149.88,112.41,0.0,0.0,35.11,-0.28,0.0,0.0,0.0,0.0,0.0,0.0,52.7,0.0,0,0,0,0,0,8.0,0.0,19395.97,0.0,19395.97,0.0,-6.38
2026-06-05T02:06:22.848+00:00,168023,34904cc0-20b0-44ef-a748-ca0f5d0a3cdb,,10,FAULT,0x0100,PI_LOST,0,1,1,0,1,0,0.0,0.757,0.0,1.245,0.0,149.4,112.05,0.0,0.0,35.6,-0.28,0.0,0.0,0.0,0.0,0.0,0.0,52.7,0.0,0,0,0,0,0,8.0,0.0,19409.08,0.0,19409.08,0.0,4.19
2026-06-05T02:06:22.972+00:00,168139,34904cc0-20b0-44ef-a748-ca0f5d0a3cdb,,10,FAULT,0x0100,PI_LOST,0,1,1,0,1,0,0.0,0.073,0.0,1.227,0.0,147.24,110.43,0.0,0.0,36.33,-0.52,0.0,0.0,0.0,0.0,0.0,0.0,52.9,0.0,0,0,0,0,0,8.0,0.0,19421.89,0.0,19421.89,0.0,6.29
2026-06-05T02:06:23.088+00:00,168255,34904cc0-20b0-44ef-a748-ca0f5d0a3cdb,,10,FAULT,0x0100,PI_LOST,0,1,1,0,1,0,0.0,0.317,0.0,1.232,0.0,147.84,110.88,0.0,0.0,35.6,-0.4,0.0,0.0,0.0,0.0,0.0,0.0,52.9,0.0,0,0,0,0,0,8.0,0.0,19434.75,0.0,19434.75,0.0,-6.29
2026-06-05T02:06:23.269+00:00,168372,34904cc0-20b0-44ef-a748-ca0f5d0a3cdb,,10,FAULT,0x0100,PI_LOST,0,1,1,0,1,0,0.0,0.855,0.0,1.227,0.0,147.24,110.43,0.0,0.0,35.11,-0.52,0.0,0.0,0.0,0.0,0.0,0.0,53.0,0.0,0,0,0,0,0,8.0,0.0,19447.67,0.0,19447.67,0.0,-4.19
2026-06-05T02:06:23.315+00:00,168488,34904cc0-20b0-44ef-a748-ca0f5d0a3cdb,,10,FAULT,0x0100,PI_LOST,0,1,1,0,1,0,0.0,0.757,0.0,1.224,0.0,146.88,110.16,0.0,0.0,36.33,-0.15,0.0,0.0,0.0,0.0,0.0,0.0,52.6,0.0,0,0,0,0,0,8.0,0.0,19460.45,0.0,19460.45,0.0,10.52
2026-06-05T02:06:23.433+00:00,168605,34904cc0-20b0-44ef-a748-ca0f5d0a3cdb,,10,FAULT,0x0100,PI_LOST,0,1,1,0,1,0,0.0,0.366,0.0,1.251,0.0,150.12,112.59,0.0,0.0,35.6,-0.15,0.0,0.0,0.0,0.0,0.0,0.0,52.7,0.0,0,0,0,0,0,8.0,0.0,19473.62,0.0,19473.62,0.0,-6.24
2026-06-05T02:06:23.548+00:00,168721,34904cc0-20b0-44ef-a748-ca0f5d0a3cdb,,10,FAULT,0x0100,PI_LOST,0,1,1,0,1,0,0.0,0.562,0.0,1.265,0.0,151.8,113.85,0.0,0.0,35.6,-0.64,0.0,0.0,0.0,0.0,0.0,0.0,52.2,0.0,0,0,0,0,0,8.0,0.0,19486.83,0.0,19486.83,0.0,0.0
2026-06-05T02:06:23.663+00:00,168838,34904cc0-20b0-44ef-a748-ca0f5d0a3cdb,,10,FAULT,0x0100,PI_LOST,0,1,1,0,1,0,0.0,0.61,0.0,1.265,0.0,151.8,113.85,0.0,0.0,37.56,0.0,0.0,0.0,0.0,0.0,0.0,0.0,52.2,0.0,0,0,0,0,0,8.0,0.0,19500.15,0.0,19500.15,0.0,16.75
2026-06-05T02:06:23.804+00:00,168954,34904cc0-20b0-44ef-a748-ca0f5d0a3cdb,,10,FAULT,0x0100,PI_LOST,0,1,1,0,1,0,0.0,0.562,0.0,1.272,0.0,152.64,114.48,0.0,0.0,37.07,-0.4,0.0,0.0,0.0,0.0,0.0,0.0,52.4,0.0,0,0,0,0,0,8.0,0.0,19513.43,0.0,19513.43,0.0,-4.22
2026-06-05T02:06:23.931+00:00,169071,34904cc0-20b0-44ef-a748-ca0f5d0a3cdb,,10,FAULT,0x0100,PI_LOST,0,1,1,0,1,0,0.0,0.61,0.0,1.283,0.0,153.96,115.47,0.0,0.0,35.6,-0.4,0.0,0.0,0.0,0.0,0.0,0.0,52.5,0.0,0,0,0,0,0,8.0,0.0,19526.94,0.0,19526.94,0.0,-12.56
2026-06-05T02:06:24.015+00:00,169187,34904cc0-20b0-44ef-a748-ca0f5d0a3cdb,,10,FAULT,0x0100,PI_LOST,0,1,1,0,1,0,0.0,0.415,0.0,1.294,0.0,155.28,116.46,0.0,0.0,36.09,0.0,0.0,0.0,0.0,0.0,0.0,0.0,52.6,0.0,0,0,0,0,0,8.0,0.0,19540.45,0.0,19540.45,0.0,4.22
2026-06-05T02:06:24.130+00:00,169304,34904cc0-20b0-44ef-a748-ca0f5d0a3cdb,,10,FAULT,0x0100,PI_LOST,0,1,1,0,1,0,0.0,0.171,0.0,1.294,0.0,155.28,116.46,0.0,0.0,36.09,-0.4,0.0,0.0,0.0,0.0,0.0,0.0,52.2,0.0,0,0,0,0,0,8.0,0.0,19554.07,0.0,19554.07,0.0,0.0
2026-06-05T02:06:24.249+00:00,169420,34904cc0-20b0-44ef-a748-ca0f5d0a3cdb,,10,FAULT,0x0100,PI_LOST,0,1,1,0,1,0,0.0,0.366,0.0,1.31,0.0,157.2,117.9,0.0,0.0,35.6,-0.15,0.0,0.0,0.0,0.0,0.0,0.0,52.5,0.0,0,0,0,0,0,8.0,0.0,19567.75,0.0,19567.75,0.0,-4.22
2026-06-05T02:06:24.364+00:00,169536,34904cc0-20b0-44ef-a748-ca0f5d0a3cdb,,10,FAULT,0x0100,PI_LOST,0,1,1,0,1,0,0.0,0.708,0.0,1.311,0.0,157.32,117.99,0.0,0.0,35.85,-0.4,0.0,0.0,0.0,0.0,0.0,0.0,52.6,0.0,0,0,0,0,0,8.0,0.0,19581.44,0.0,19581.44,0.0,2.16
2026-06-05T02:06:24.518+00:00,169653,34904cc0-20b0-44ef-a748-ca0f5d0a3cdb,,10,FAULT,0x0100,PI_LOST,0,1,1,0,1,0,0.0,0.513,0.0,1.318,0.0,158.16,118.62,0.0,0.0,35.36,-0.64,0.0,0.0,0.0,0.0,0.0,0.0,52.7,0.0,0,0,0,0,0,8.0,0.0,19595.31,0.0,19595.31,0.0,-4.19
2026-06-05T02:06:24.610+00:00,169769,34904cc0-20b0-44ef-a748-ca0f5d0a3cdb,,10,FAULT,0x0100,PI_LOST,0,1,1,0,1,0,0.0,0.562,0.0,1.308,0.0,156.96,117.72,0.0,0.0,35.6,-0.28,0.0,0.0,0.0,0.0,0.0,0.0,52.7,0.0,0,0,0,0,0,8.0,0.0,19608.97,0.0,19608.97,0.0,2.07
2026-06-05T02:06:24.716+00:00,169885,34904cc0-20b0-44ef-a748-ca0f5d0a3cdb,,10,FAULT,0x0100,PI_LOST,0,1,1,0,1,0,0.0,0.61,0.0,1.303,0.0,156.36,117.27,0.0,0.0,35.36,-0.4,0.0,0.0,0.0,0.0,0.0,0.0,52.6,0.0,0,0,0,0,0,8.0,0.0,19622.57,0.0,19622.57,0.0,-2.07
2026-06-05T02:06:24.831+00:00,170002,34904cc0-20b0-44ef-a748-ca0f5d0a3cdb,,10,FAULT,0x0100,PI_LOST,0,1,1,0,1,0,0.0,0.464,0.0,1.312,0.0,157.44,118.08,0.0,0.0,36.33,0.0,0.0,0.0,0.0,0.0,0.0,0.0,52.5,0.0,0,0,0,0,0,8.0,0.0,19636.39,0.0,19636.39,0.0,8.29
2026-06-05T02:06:24.949+00:00,170119,34904cc0-20b0-44ef-a748-ca0f5d0a3cdb,,10,FAULT,0x0100,PI_LOST,0,1,1,0,1,0,0.0,0.122,0.0,1.309,0.0,157.08,117.81,0.0,0.0,36.33,-0.28,0.0,0.0,0.0,0.0,0.0,0.0,52.6,0.0,0,0,0,0,0,8.0,0.0,19650.17,0.0,19650.17,0.0,0.0
2026-06-05T02:06:25.064+00:00,170235,34904cc0-20b0-44ef-a748-ca0f5d0a3cdb,,10,FAULT,0x0100,PI_LOST,0,1,1,0,1,0,0.0,0.415,0.0,1.315,0.0,157.8,118.35,0.0,0.0,35.36,0.0,0.0,0.0,0.0,0.0,0.0,0.0,52.9,0.0,0,0,0,0,0,8.0,0.0,19663.9,0.0,19663.9,0.0,-8.36
2026-06-05T02:06:25.228+00:00,170351,34904cc0-20b0-44ef-a748-ca0f5d0a3cdb,,10,FAULT,0x0100,PI_LOST,0,1,1,0,1,0,0.0,0.659,0.0,1.331,0.0,159.72,119.79,0.0,0.0,36.33,-0.52,0.0,0.0,0.0,0.0,0.0,0.0,53.0,0.0,0,0,0,0,0,8.0,0.0,19677.8,0.0,19677.8,0.0,8.36
2026-06-05T02:06:25.325+00:00,170468,34904cc0-20b0-44ef-a748-ca0f5d0a3cdb,,10,FAULT,0x0100,PI_LOST,0,1,1,0,1,0,0.0,1.099,0.0,1.318,0.0,158.16,118.62,0.0,0.0,36.82,-0.64,0.0,0.0,0.0,0.0,0.0,0.0,52.7,0.0,0,0,0,0,0,8.0,0.0,19691.67,0.0,19691.67,0.0,4.19
2026-06-05T02:06:25.417+00:00,170585,34904cc0-20b0-44ef-a748-ca0f5d0a3cdb,,10,FAULT,0x0100,PI_LOST,0,1,1,0,1,0,0.0,0.708,0.0,1.321,0.0,158.52,118.89,0.0,0.0,35.6,-0.15,0.0,0.0,0.0,0.0,0.0,0.0,52.7,0.0,0,0,0,0,0,8.0,0.0,19705.58,0.0,19705.58,0.0,-10.43
2026-06-05T02:06:25.531+00:00,170700,34904cc0-20b0-44ef-a748-ca0f5d0a3cdb,,10,FAULT,0x0100,PI_LOST,0,1,1,0,1,0,0.0,0.366,0.0,1.333,0.0,159.96,119.97,0.0,0.0,35.36,-0.52,0.0,0.0,0.0,0.0,0.0,0.0,52.4,0.0,0,0,0,0,0,8.0,0.0,19719.38,0.0,19719.38,0.0,-2.09
2026-06-05T02:06:25.649+00:00,170817,34904cc0-20b0-44ef-a748-ca0f5d0a3cdb,,10,FAULT,0x0100,PI_LOST,0,1,1,0,1,0,0.0,0.366,0.0,1.299,0.0,155.88,116.91,0.0,0.0,35.11,-0.28,0.0,0.0,0.0,0.0,0.0,0.0,52.8,0.0,0,0,0,0,0,8.0,0.0,19733.06,0.0,19733.06,0.0,-2.14
2026-06-05T02:06:25.764+00:00,170934,34904cc0-20b0-44ef-a748-ca0f5d0a3cdb,,10,FAULT,0x0100,PI_LOST,0,1,1,0,1,0,0.0,0.366,0.0,1.291,0.0,154.92,116.19,0.0,0.0,36.09,0.0,0.0,0.0,0.0,0.0,0.0,0.0,52.6,0.0,0,0,0,0,0,8.0,0.0,19746.65,0.0,19746.65,0.0,8.38
2026-06-05T02:06:25.947+00:00,171051,34904cc0-20b0-44ef-a748-ca0f5d0a3cdb,,10,FAULT,0x0100,PI_LOST,0,1,1,0,1,0,0.0,0.513,0.0,1.297,0.0,155.64,116.73,0.0,0.0,36.33,0.0,0.0,0.0,0.0,0.0,0.0,0.0,52.7,0.0,0,0,0,0,0,8.0,0.0,19760.31,0.0,19760.31,0.0,2.05
2026-06-05T02:06:26.044+00:00,171166,34904cc0-20b0-44ef-a748-ca0f5d0a3cdb,,10,FAULT,0x0100,PI_LOST,0,1,1,0,1,0,0.0,0.415,0.0,1.306,0.0,156.72,117.54,0.0,0.0,35.36,-0.52,0.0,0.0,0.0,0.0,0.0,0.0,52.6,0.0,0,0,0,0,0,8.0,0.0,19773.83,0.0,19773.83,0.0,-8.43
2026-06-05T02:06:26.136+00:00,171283,34904cc0-20b0-44ef-a748-ca0f5d0a3cdb,,10,FAULT,0x0100,PI_LOST,0,1,1,0,1,0,0.0,0.317,0.0,1.306,0.0,156.72,117.54,0.0,0.0,35.85,0.0,0.0,0.0,0.0,0.0,0.0,0.0,52.9,0.0,0,0,0,0,0,8.0,0.0,19787.58,0.0,19787.58,0.0,4.19
2026-06-05T02:06:26.231+00:00,171400,34904cc0-20b0-44ef-a748-ca0f5d0a3cdb,,10,FAULT,0x0100,PI_LOST,0,1,1,0,1,0,0.0,0.268,0.0,1.316,0.0,157.92,118.44,0.0,0.0,35.36,-0.52,0.0,0.0,0.0,0.0,0.0,0.0,53.2,0.0,0,0,0,0,0,8.0,0.0,19801.44,0.0,19801.44,0.0,-4.19
2026-06-05T02:06:26.350+00:00,171515,34904cc0-20b0-44ef-a748-ca0f5d0a3cdb,,10,FAULT,0x0100,PI_LOST,0,1,1,0,1,0,0.0,0.219,0.0,1.295,0.0,155.4,116.55,0.0,0.0,34.62,-0.52,0.0,0.0,0.0,0.0,0.0,0.0,52.9,0.0,0,0,0,0,0,8.0,0.0,19814.84,0.0,19814.84,0.0,-6.43
2026-06-05T02:06:26.465+00:00,171632,34904cc0-20b0-44ef-a748-ca0f5d0a3cdb,,10,FAULT,0x0100,PI_LOST,0,1,1,0,1,0,0.0,0.562,0.0,1.288,0.0,154.56,115.92,0.0,0.0,36.09,0.0,0.0,0.0,0.0,0.0,0.0,0.0,52.7,0.0,0,0,0,0,0,8.0,0.0,19828.4,0.0,19828.4,0.0,12.56
2026-06-05T02:06:26.685+00:00,171749,34904cc0-20b0-44ef-a748-ca0f5d0a3cdb,,10,FAULT,0x0100,PI_LOST,0,1,1,0,1,0,0.0,0.122,0.0,1.278,0.0,153.36,115.02,0.0,0.0,35.11,-0.52,0.0,0.0,0.0,0.0,0.0,0.0,52.7,0.0,0,0,0,0,0,8.0,0.0,19841.86,0.0,19841.86,0.0,-8.38
2026-06-05T02:06:26.709+00:00,171866,34904cc0-20b0-44ef-a748-ca0f5d0a3cdb,,10,FAULT,0x0100,PI_LOST,0,1,1,0,1,0,0.0,0.513,0.0,1.257,0.0,150.84,113.13,0.0,0.0,34.87,-0.52,0.0,0.0,0.0,0.0,0.0,0.0,52.7,0.0,0,0,0,0,0,8.0,0.0,19855.1,0.0,19855.1,0.0,-2.05
2026-06-05T02:06:26.891+00:00,171981,34904cc0-20b0-44ef-a748-ca0f5d0a3cdb,,10,FAULT,0x0100,PI_LOST,0,1,1,0,1,0,0.0,0.219,0.0,1.248,0.0,149.76,112.32,0.0,0.0,36.09,0.0,0.0,0.0,0.0,0.0,0.0,0.0,52.8,0.0,0,0,0,0,0,8.0,0.0,19868.01,0.0,19868.01,0.0,10.61
2026-06-05T02:06:26.932+00:00,172098,34904cc0-20b0-44ef-a748-ca0f5d0a3cdb,,10,FAULT,0x0100,PI_LOST,0,1,1,0,1,0,0.0,0.317,0.0,1.245,0.0,149.4,112.05,0.0,0.0,34.87,-0.28,0.0,0.0,0.0,0.0,0.0,0.0,52.4,0.0,0,0,0,0,0,8.0,0.0,19881.12,0.0,19881.12,0.0,-10.43
2026-06-05T02:06:27.050+00:00,172215,34904cc0-20b0-44ef-a748-ca0f5d0a3cdb,,10,FAULT,0x0100,PI_LOST,0,1,1,0,1,0,0.0,0.61,0.0,1.247,0.0,149.64,112.23,0.0,0.0,35.11,0.0,0.0,0.0,0.0,0.0,0.0,0.0,52.8,0.0,0,0,0,0,0,8.0,0.0,19894.26,0.0,19894.26,0.0,2.05
2026-06-05T02:06:27.165+00:00,172331,34904cc0-20b0-44ef-a748-ca0f5d0a3cdb,,10,FAULT,0x0100,PI_LOST,0,1,1,0,1,0,0.0,0.464,0.0,1.249,0.0,149.88,112.41,0.0,0.0,36.33,-0.52,0.0,0.0,0.0,0.0,0.0,0.0,51.6,0.0,0,0,0,0,0,8.0,0.0,19907.29,0.0,19907.29,0.0,10.52
2026-06-05T02:06:27.283+00:00,172447,34904cc0-20b0-44ef-a748-ca0f5d0a3cdb,,10,FAULT,0x0100,PI_LOST,0,1,1,0,1,0,0.0,0.61,0.0,1.266,0.0,151.92,113.94,0.0,0.0,36.82,-0.52,0.0,0.0,0.0,0.0,0.0,0.0,50.6,0.0,0,0,0,0,0,8.0,0.0,19920.51,0.0,19920.51,0.0,4.22
2026-06-05T02:06:27.427+00:00,172564,34904cc0-20b0-44ef-a748-ca0f5d0a3cdb,,10,FAULT,0x0100,PI_LOST,0,1,1,0,1,0,0.0,0.61,0.0,1.262,0.0,151.44,113.58,0.0,0.0,36.33,0.0,0.0,0.0,0.0,0.0,0.0,0.0,50.7,0.0,0,0,0,0,0,8.0,0.0,19933.8,0.0,19933.8,0.0,-4.19
2026-06-05T02:06:27.520+00:00,172681,34904cc0-20b0-44ef-a748-ca0f5d0a3cdb,,10,FAULT,0x0100,PI_LOST,0,1,1,0,1,0,0.0,0.415,0.0,1.27,0.0,152.4,114.3,0.0,0.0,35.85,-0.52,0.0,0.0,0.0,0.0,0.0,0.0,50.5,0.0,0,0,0,0,0,8.0,0.0,19947.17,0.0,19947.17,0.0,-4.1
2026-06-05T02:06:27.632+00:00,172796,34904cc0-20b0-44ef-a748-ca0f5d0a3cdb,,10,FAULT,0x0100,PI_LOST,0,1,1,0,1,0,0.0,0.464,0.0,1.254,0.0,150.48,112.86,0.0,0.0,35.36,-0.4,0.0,0.0,0.0,0.0,0.0,0.0,50.7,0.0,0,0,0,0,0,8.0,0.0,19960.15,0.0,19960.15,0.0,-4.26
2026-06-05T02:06:27.747+00:00,172913,34904cc0-20b0-44ef-a748-ca0f5d0a3cdb,,10,FAULT,0x0100,PI_LOST,0,1,1,0,1,0,0.0,0.659,0.0,1.249,0.0,149.88,112.41,0.0,0.0,35.85,0.0,0.0,0.0,0.0,0.0,0.0,0.0,50.5,0.0,0,0,0,0,0,8.0,0.0,19973.3,0.0,19973.3,0.0,4.19
2026-06-05T02:06:27.865+00:00,173030,34904cc0-20b0-44ef-a748-ca0f5d0a3cdb,,10,FAULT,0x0100,PI_LOST,0,1,1,0,1,0,0.0,0.61,0.0,1.245,0.0,149.4,112.05,0.0,0.0,36.58,-0.28,0.0,0.0,0.0,0.0,0.0,0.0,50.4,0.0,0,0,0,0,0,8.0,0.0,19986.41,0.0,19986.41,0.0,6.24
2026-06-05T02:06:27.980+00:00,173146,34904cc0-20b0-44ef-a748-ca0f5d0a3cdb,,10,FAULT,0x0100,PI_LOST,0,1,1,0,1,0,0.0,0.659,0.0,1.238,0.0,148.56,111.42,0.0,0.0,35.6,-0.28,0.0,0.0,0.0,0.0,0.0,0.0,50.9,0.0,0,0,0,0,0,8.0,0.0,19999.34,0.0,19999.34,0.0,-8.45
2026-06-05T02:06:28.139+00:00,173262,34904cc0-20b0-44ef-a748-ca0f5d0a3cdb,,10,FAULT,0x0100,PI_LOST,0,1,1,0,1,0,0.0,0.659,0.0,1.246,0.0,149.52,112.14,0.0,0.0,36.33,0.0,0.0,0.0,0.0,0.0,0.0,0.0,51.5,0.0,0,0,0,0,0,8.0,0.0,20012.35,0.0,20012.35,0.0,6.29
2026-06-05T02:06:28.231+00:00,173379,34904cc0-20b0-44ef-a748-ca0f5d0a3cdb,,10,FAULT,0x0100,PI_LOST,0,1,1,0,1,0,0.0,0.513,0.0,1.263,0.0,151.56,113.67,0.0,0.0,34.87,-0.4,0.0,0.0,0.0,0.0,0.0,0.0,50.9,0.0,0,0,0,0,0,8.0,0.0,20025.65,0.0,20025.65,0.0,-12.48
2026-06-05T02:06:28.332+00:00,173495,34904cc0-20b0-44ef-a748-ca0f5d0a3cdb,,10,FAULT,0x0100,PI_LOST,0,1,1,0,1,0,0.0,0.268,0.0,1.255,0.0,150.6,112.95,0.0,0.0,36.58,-0.15,0.0,0.0,0.0,0.0,0.0,0.0,50.5,0.0,0,0,0,0,0,8.0,0.0,20038.75,0.0,20038.75,0.0,14.74
2026-06-05T02:06:28.448+00:00,173612,34904cc0-20b0-44ef-a748-ca0f5d0a3cdb,,10,FAULT,0x0100,PI_LOST,0,1,1,0,1,0,0.0,0.415,0.0,1.235,0.0,148.2,111.15,0.0,0.0,36.33,-0.15,0.0,0.0,0.0,0.0,0.0,0.0,50.3,0.0,0,0,0,0,0,8.0,0.0,20051.75,0.0,20051.75,0.0,-2.14
2026-06-05T02:06:28.565+00:00,173728,34904cc0-20b0-44ef-a748-ca0f5d0a3cdb,,10,FAULT,0x0100,PI_LOST,0,1,1,0,1,0,0.0,0.708,0.0,1.214,0.0,145.68,109.26,0.0,0.0,35.6,-0.52,0.0,0.0,0.0,0.0,0.0,0.0,50.3,0.0,0,0,0,0,0,8.0,0.0,20064.43,0.0,20064.43,0.0,-6.29
2026-06-05T02:06:28.681+00:00,173845,34904cc0-20b0-44ef-a748-ca0f5d0a3cdb,,10,FAULT,0x0100,PI_LOST,0,1,1,0,1,0,0.0,0.122,0.0,1.217,0.0,146.04,109.53,0.0,0.0,36.33,-0.4,0.0,0.0,0.0,0.0,0.0,0.0,51.0,0.0,0,0,0,0,0,8.0,0.0,20077.24,0.0,20077.24,0.0,6.24
2026-06-05T02:06:28.858+00:00,173961,34904cc0-20b0-44ef-a748-ca0f5d0a3cdb,,10,FAULT,0x0100,PI_LOST,0,1,1,0,1,0,0.0,0.513,0.0,1.21,0.0,145.2,108.9,0.0,0.0,35.6,-0.4,0.0,0.0,0.0,0.0,0.0,0.0,51.3,0.0,0,0,0,0,0,8.0,0.0,20089.88,0.0,20089.88,0.0,-6.29
2026-06-05T02:06:28.952+00:00,174077,34904cc0-20b0-44ef-a748-ca0f5d0a3cdb,,10,FAULT,0x0100,PI_LOST,0,1,1,0,1,0,0.0,0.562,0.0,1.214,0.0,145.68,109.26,0.0,0.0,35.36,-0.4,0.0,0.0,0.0,0.0,0.0,0.0,51.6,0.0,0,0,0,0,0,8.0,0.0,20102.55,0.0,20102.55,0.0,-2.07
2026-06-05T02:06:29.044+00:00,174193,34904cc0-20b0-44ef-a748-ca0f5d0a3cdb,,10,FAULT,0x0100,PI_LOST,0,1,1,0,1,0,0.0,0.464,0.0,1.22,0.0,146.4,109.8,0.0,0.0,35.36,-0.4,0.0,0.0,0.0,0.0,0.0,0.0,52.7,0.0,0,0,0,0,0,8.0,0.0,20115.29,0.0,20115.29,0.0,0.0
2026-06-05T02:06:29.147+00:00,174310,34904cc0-20b0-44ef-a748-ca0f5d0a3cdb,,10,FAULT,0x0100,PI_LOST,0,1,1,0,1,0,0.0,0.366,0.0,1.217,0.0,146.04,109.53,0.0,0.0,34.87,-0.28,0.0,0.0,0.0,0.0,0.0,0.0,52.8,0.0,0,0,0,0,0,8.0,0.0,20128.1,0.0,20128.1,0.0,-4.19
2026-06-05T02:06:29.266+00:00,174427,34904cc0-20b0-44ef-a748-ca0f5d0a3cdb,,10,FAULT,0x0100,PI_LOST,0,1,1,0,1,0,0.0,0.122,0.0,1.202,0.0,144.24,108.18,0.0,0.0,35.36,-0.28,0.0,0.0,0.0,0.0,0.0,0.0,53.3,0.0,0,0,0,0,0,8.0,0.0,20140.76,0.0,20140.76,0.0,4.19
2026-06-05T02:06:29.381+00:00,174542,34904cc0-20b0-44ef-a748-ca0f5d0a3cdb,,10,FAULT,0x0100,PI_LOST,0,1,1,0,1,0,0.0,0.513,0.0,1.185,0.0,142.2,106.65,0.0,0.0,36.09,0.0,0.0,0.0,0.0,0.0,0.0,0.0,53.6,0.0,0,0,0,0,0,8.0,0.0,20153.02,0.0,20153.02,0.0,6.35
2026-06-05T02:06:29.581+00:00,174659,34904cc0-20b0-44ef-a748-ca0f5d0a3cdb,,10,FAULT,0x0100,PI_LOST,0,1,1,0,1,0,0.0,0.61,0.0,1.185,0.0,142.2,106.65,0.0,0.0,35.6,-0.4,0.0,0.0,0.0,0.0,0.0,0.0,53.6,0.0,0,0,0,0,0,8.0,0.0,20165.5,0.0,20165.5,0.0,-4.19
2026-06-05T02:06:29.676+00:00,174776,34904cc0-20b0-44ef-a748-ca0f5d0a3cdb,,10,FAULT,0x0100,PI_LOST,0,1,1,0,1,0,0.0,0.464,0.0,1.212,0.0,145.44,109.08,0.0,0.0,36.33,-0.4,0.0,0.0,0.0,0.0,0.0,0.0,53.6,0.0,0,0,0,0,0,8.0,0.0,20178.26,0.0,20178.26,0.0,6.24
2026-06-05T02:06:29.770+00:00,174893,34904cc0-20b0-44ef-a748-ca0f5d0a3cdb,,10,FAULT,0x0100,PI_LOST,0,1,1,0,1,0,0.0,0.513,0.0,1.2,0.0,144.0,108.0,0.0,0.0,35.85,-0.28,0.0,0.0,0.0,0.0,0.0,0.0,54.0,0.0,0,0,0,0,0,8.0,0.0,20190.9,0.0,20190.9,0.0,-4.1
2026-06-05T02:06:29.848+00:00,175008,34904cc0-20b0-44ef-a748-ca0f5d0a3cdb,,10,FAULT,0x0100,PI_LOST,0,1,1,0,1,0,0.0,0.317,0.0,1.195,0.0,143.4,107.55,0.0,0.0,35.36,-0.15,0.0,0.0,0.0,0.0,0.0,0.0,53.9,0.0,0,0,0,0,0,8.0,0.0,20203.27,0.0,20203.27,0.0,-4.26
2026-06-05T02:06:29.966+00:00,175125,34904cc0-20b0-44ef-a748-ca0f5d0a3cdb,,10,FAULT,0x0100,PI_LOST,0,1,1,0,1,0,0.0,0.415,0.0,1.21,0.0,145.2,108.9,0.0,0.0,35.6,-0.15,0.0,0.0,0.0,0.0,0.0,0.0,53.6,0.0,0,0,0,0,0,8.0,0.0,20216.01,0.0,20216.01,0.0,2.05
2026-06-05T02:06:30.081+00:00,175242,34904cc0-20b0-44ef-a748-ca0f5d0a3cdb,,10,FAULT,0x0100,PI_LOST,0,1,1,0,1,0,0.0,0.366,0.0,1.203,0.0,144.36,108.27,0.0,0.0,35.85,-0.52,0.0,0.0,0.0,0.0,0.0,0.0,54.2,0.0,0,0,0,0,0,8.0,0.0,20228.68,0.0,20228.68,0.0,2.14
2026-06-05T02:06:30.196+00:00,175357,34904cc0-20b0-44ef-a748-ca0f5d0a3cdb,,10,FAULT,0x0100,PI_LOST,0,1,1,0,1,0,0.0,0.073,0.0,1.207,0.0,144.84,108.63,0.0,0.0,34.87,-0.52,0.0,0.0,0.0,0.0,0.0,0.0,53.7,0.0,0,0,0,0,0,8.0,0.0,20241.17,0.0,20241.17,0.0,-8.52
2026-06-05T02:06:30.381+00:00,175474,34904cc0-20b0-44ef-a748-ca0f5d0a3cdb,,10,FAULT,0x0100,PI_LOST,0,1,1,0,1,0,0.0,0.317,0.0,1.216,0.0,145.92,109.44,0.0,0.0,35.6,-0.4,0.0,0.0,0.0,0.0,0.0,0.0,53.6,0.0,0,0,0,0,0,8.0,0.0,20253.97,0.0,20253.97,0.0,6.24
2026-06-05T02:06:30.492+00:00,175591,34904cc0-20b0-44ef-a748-ca0f5d0a3cdb,,10,FAULT,0x0100,PI_LOST,0,1,1,0,1,0,0.0,0.464,0.0,1.23,0.0,147.6,110.7,0.0,0.0,37.31,-0.52,0.0,0.0,0.0,0.0,0.0,0.0,53.4,0.0,0,0,0,0,0,8.0,0.0,20266.93,0.0,20266.93,0.0,14.62
2026-06-05T02:06:30.548+00:00,175707,34904cc0-20b0-44ef-a748-ca0f5d0a3cdb,,10,FAULT,0x0100,PI_LOST,0,1,1,0,1,0,0.0,0.268,0.0,1.236,0.0,148.32,111.24,0.0,0.0,36.58,-0.4,0.0,0.0,0.0,0.0,0.0,0.0,53.6,0.0,0,0,0,0,0,8.0,0.0,20279.83,0.0,20279.83,0.0,-6.29
2026-06-05T02:06:30.663+00:00,175823,34904cc0-20b0-44ef-a748-ca0f5d0a3cdb,,10,FAULT,0x0100,PI_LOST,0,1,1,0,1,0,0.0,0.415,0.0,1.232,0.0,147.84,110.88,0.0,0.0,35.6,-0.28,0.0,0.0,0.0,0.0,0.0,0.0,54.1,0.0,0,0,0,0,0,8.0,0.0,20292.69,0.0,20292.69,0.0,-8.45
2026-06-05T02:06:30.781+00:00,175940,34904cc0-20b0-44ef-a748-ca0f5d0a3cdb,,10,FAULT,0x0100,PI_LOST,0,1,1,0,1,0,0.0,0.317,0.0,1.247,0.0,149.64,112.23,0.0,0.0,36.33,-0.28,0.0,0.0,0.0,0.0,0.0,0.0,53.7,0.0,0,0,0,0,0,8.0,0.0,20305.82,0.0,20305.82,0.0,6.24
2026-06-05T02:06:30.896+00:00,176056,34904cc0-20b0-44ef-a748-ca0f5d0a3cdb,,10,FAULT,0x0100,PI_LOST,0,1,1,0,1,0,0.0,0.317,0.0,1.246,0.0,149.52,112.14,0.0,0.0,35.6,-0.28,0.0,0.0,0.0,0.0,0.0,0.0,53.7,0.0,0,0,0,0,0,8.0,0.0,20318.83,0.0,20318.83,0.0,-6.29
2026-06-05T02:06:31.026+00:00,176173,34904cc0-20b0-44ef-a748-ca0f5d0a3cdb,,10,FAULT,0x0100,PI_LOST,0,1,1,0,1,0,0.0,0.415,0.0,1.239,0.0,148.68,111.51,0.0,0.0,35.36,-0.4,0.0,0.0,0.0,0.0,0.0,0.0,53.9,0.0,0,0,0,0,0,8.0,0.0,20331.88,0.0,20331.88,0.0,-2.05
2026-06-05T02:06:31.206+00:00,176289,34904cc0-20b0-44ef-a748-ca0f5d0a3cdb,,10,FAULT,0x0100,PI_LOST,0,1,1,0,1,0,0.0,0.708,0.0,1.251,0.0,150.12,112.59,0.0,0.0,35.85,-0.28,0.0,0.0,0.0,0.0,0.0,0.0,53.7,0.0,0,0,0,0,0,8.0,0.0,20344.94,0.0,20344.94,0.0,4.22
2026-06-05T02:06:31.248+00:00,176405,34904cc0-20b0-44ef-a748-ca0f5d0a3cdb,,10,FAULT,0x0100,PI_LOST,0,1,1,0,1,0,0.0,0.317,0.0,1.268,0.0,152.16,114.12,0.0,0.0,35.6,-0.52,0.0,0.0,0.0,0.0,0.0,0.0,53.7,0.0,0,0,0,0,0,8.0,0.0,20358.18,0.0,20358.18,0.0,-2.16
2026-06-05T02:06:31.363+00:00,176522,34904cc0-20b0-44ef-a748-ca0f5d0a3cdb,,10,FAULT,0x0100,PI_LOST,0,1,1,0,1,0,0.0,0.415,0.0,1.241,0.0,148.92,111.69,0.0,0.0,34.62,-0.52,0.0,0.0,0.0,0.0,0.0,0.0,53.6,0.0,0,0,0,0,0,8.0,0.0,20371.24,0.0,20371.24,0.0,-8.38
2026-06-05T02:06:31.482+00:00,176638,34904cc0-20b0-44ef-a748-ca0f5d0a3cdb,,10,FAULT,0x0100,PI_LOST,0,1,1,0,1,0,0.0,0.464,0.0,1.255,0.0,150.6,112.95,0.0,0.0,35.6,-0.28,0.0,0.0,0.0,0.0,0.0,0.0,53.3,0.0,0,0,0,0,0,8.0,0.0,20384.35,0.0,20384.35,0.0,8.45
2026-06-05T02:06:31.597+00:00,176755,34904cc0-20b0-44ef-a748-ca0f5d0a3cdb,,10,FAULT,0x0100,PI_LOST,0,1,1,0,1,0,0.0,0.562,0.0,1.254,0.0,150.48,112.86,0.0,0.0,36.09,-0.15,0.0,0.0,0.0,0.0,0.0,0.0,52.7,0.0,0,0,0,0,0,8.0,0.0,20397.55,0.0,20397.55,0.0,4.19
2026-06-05T02:06:31.770+00:00,176871,34904cc0-20b0-44ef-a748-ca0f5d0a3cdb,,10,FAULT,0x0100,PI_LOST,0,1,1,0,1,0,0.0,0.268,0.0,1.254,0.0,150.48,112.86,0.0,0.0,36.09,-0.4,0.0,0.0,0.0,0.0,0.0,0.0,52.5,0.0,0,0,0,0,0,8.0,0.0,20410.64,0.0,20410.64,0.0,0.0
2026-06-05T02:06:31.869+00:00,176988,34904cc0-20b0-44ef-a748-ca0f5d0a3cdb,,10,FAULT,0x0100,PI_LOST,0,1,1,0,1,0,0.0,0.366,0.0,1.252,0.0,150.24,112.68,0.0,0.0,37.07,-0.15,0.0,0.0,0.0,0.0,0.0,0.0,52.4,0.0,0,0,0,0,0,8.0,0.0,20423.83,0.0,20423.83,0.0,8.38
2026-06-05T02:06:31.960+00:00,177104,34904cc0-20b0-44ef-a748-ca0f5d0a3cdb,,10,FAULT,0x0100,PI_LOST,0,1,1,0,1,0,0.0,0.464,0.0,1.232,0.0,147.84,110.88,0.0,0.0,35.6,-0.4,0.0,0.0,0.0,0.0,0.0,0.0,52.7,0.0,0,0,0,0,0,8.0,0.0,20436.69,0.0,20436.69,0.0,-12.67
2026-06-05T02:06:32.064+00:00,177220,34904cc0-20b0-44ef-a748-ca0f5d0a3cdb,,10,FAULT,0x0100,PI_LOST,0,1,1,0,1,0,0.0,0.61,0.0,1.24,0.0,148.8,111.6,0.0,0.0,35.6,-0.52,0.0,0.0,0.0,0.0,0.0,0.0,52.6,0.0,0,0,0,0,0,8.0,0.0,20449.63,0.0,20449.63,0.0,0.0
2026-06-05T02:06:32.182+00:00,177337,34904cc0-20b0-44ef-a748-ca0f5d0a3cdb,,10,FAULT,0x0100,PI_LOST,0,1,1,0,1,0,0.0,0.61,0.0,1.248,0.0,149.76,112.32,0.0,0.0,35.6,-0.15,0.0,0.0,0.0,0.0,0.0,0.0,52.8,0.0,0,0,0,0,0,8.0,0.0,20462.77,0.0,20462.77,0.0,0.0
2026-06-05T02:06:32.297+00:00,177454,34904cc0-20b0-44ef-a748-ca0f5d0a3cdb,,10,FAULT,0x0100,PI_LOST,0,1,1,0,1,0,0.0,0.219,0.0,1.249,0.0,149.88,112.41,0.0,0.0,36.09,-0.52,0.0,0.0,0.0,0.0,0.0,0.0,53.0,0.0,0,0,0,0,0,8.0,0.0,20475.93,0.0,20475.93,0.0,4.19
2026-06-05T02:06:32.499+00:00,177569,34904cc0-20b0-44ef-a748-ca0f5d0a3cdb,,10,FAULT,0x0100,PI_LOST,0,1,1,0,1,0,0.0,0.513,0.0,1.257,0.0,150.84,113.13,0.0,0.0,34.62,-0.52,0.0,0.0,0.0,0.0,0.0,0.0,52.9,0.0,0,0,0,0,0,8.0,0.0,20488.94,0.0,20488.94,0.0,-12.78
2026-06-05T02:06:32.594+00:00,177686,34904cc0-20b0-44ef-a748-ca0f5d0a3cdb,,10,FAULT,0x0100,PI_LOST,0,1,1,0,1,0,0.0,0.562,0.0,1.256,0.0,150.72,113.04,0.0,0.0,36.82,-0.4,0.0,0.0,0.0,0.0,0.0,0.0,53.0,0.0,0,0,0,0,0,8.0,0.0,20502.16,0.0,20502.16,0.0,18.8
2026-06-05T02:06:32.688+00:00,177803,34904cc0-20b0-44ef-a748-ca0f5d0a3cdb,,10,FAULT,0x0100,PI_LOST,0,1,1,0,1,0,0.0,0.415,0.0,1.267,0.0,152.04,114.03,0.0,0.0,35.36,-0.28,0.0,0.0,0.0,0.0,0.0,0.0,53.5,0.0,0,0,0,0,0,8.0,0.0,20515.5,0.0,20515.5,0.0,-12.48
2026-06-05T02:06:32.764+00:00,177918,34904cc0-20b0-44ef-a748-ca0f5d0a3cdb,,10,FAULT,0x0100,PI_LOST,0,1,1,0,1,0,0.0,0.513,0.0,1.263,0.0,151.56,113.67,0.0,0.0,36.09,-0.52,0.0,0.0,0.0,0.0,0.0,0.0,53.1,0.0,0,0,0,0,0,8.0,0.0,20528.58,0.0,20528.58,0.0,6.35
2026-06-05T02:06:32.879+00:00,178035,34904cc0-20b0-44ef-a748-ca0f5d0a3cdb,,10,FAULT,0x0100,PI_LOST,0,1,1,0,1,0,0.0,0.464,0.0,1.267,0.0,152.04,114.03,0.0,0.0,35.6,-0.15,0.0,0.0,0.0,0.0,0.0,0.0,53.3,0.0,0,0,0,0,0,8.0,0.0,20541.92,0.0,20541.92,0.0,-4.19
2026-06-05T02:06:32.997+00:00,178152,34904cc0-20b0-44ef-a748-ca0f5d0a3cdb,,10,FAULT,0x0100,PI_LOST,0,1,1,0,1,0,0.0,0.073,0.0,1.272,0.0,152.64,114.48,0.0,0.0,35.11,-0.4,0.0,0.0,0.0,0.0,0.0,0.0,53.1,0.0,0,0,0,0,0,8.0,0.0,20555.31,0.0,20555.31,0.0,-4.19
2026-06-05T02:06:33.114+00:00,178268,34904cc0-20b0-44ef-a748-ca0f5d0a3cdb,,10,FAULT,0x0100,PI_LOST,0,1,1,0,1,0,0.0,0.317,0.0,1.247,0.0,149.64,112.23,0.0,0.0,35.6,-0.52,0.0,0.0,0.0,0.0,0.0,0.0,53.4,0.0,0,0,0,0,0,8.0,0.0,20568.33,0.0,20568.33,0.0,4.22
2026-06-05T02:06:33.300+00:00,178384,34904cc0-20b0-44ef-a748-ca0f5d0a3cdb,,10,FAULT,0x0100,PI_LOST,0,1,1,0,1,0,0.0,0.513,0.0,1.252,0.0,150.24,112.68,0.0,0.0,35.6,-0.15,0.0,0.0,0.0,0.0,0.0,0.0,53.1,0.0,0,0,0,0,0,8.0,0.0,20581.4,0.0,20581.4,0.0,0.0
2026-06-05T02:06:33.410+00:00,178501,34904cc0-20b0-44ef-a748-ca0f5d0a3cdb,,10,FAULT,0x0100,PI_LOST,0,1,1,0,1,0,0.0,0.219,0.0,1.235,0.0,148.2,111.15,0.0,0.0,36.33,-0.64,0.0,0.0,0.0,0.0,0.0,0.0,53.0,0.0,0,0,0,0,0,8.0,0.0,20594.41,0.0,20594.41,0.0,6.24
2026-06-05T02:06:33.464+00:00,178617,34904cc0-20b0-44ef-a748-ca0f5d0a3cdb,,10,FAULT,0x0100,PI_LOST,0,1,1,0,1,0,0.0,0.415,0.0,1.243,0.0,149.16,111.87,0.0,0.0,36.09,-0.28,0.0,0.0,0.0,0.0,0.0,0.0,53.0,0.0,0,0,0,0,0,8.0,0.0,20607.38,0.0,20607.38,0.0,-2.07
2026-06-05T02:06:33.579+00:00,178734,34904cc0-20b0-44ef-a748-ca0f5d0a3cdb,,10,FAULT,0x0100,PI_LOST,0,1,1,0,1,0,0.0,0.122,0.0,1.235,0.0,148.2,111.15,0.0,0.0,35.36,-0.28,0.0,0.0,0.0,0.0,0.0,0.0,53.0,0.0,0,0,0,0,0,8.0,0.0,20620.39,0.0,20620.39,0.0,-6.24
2026-06-05T02:06:33.697+00:00,178850,34904cc0-20b0-44ef-a748-ca0f5d0a3cdb,,10,FAULT,0x0100,PI_LOST,0,1,1,0,1,0,0.0,0.464,0.0,1.25,0.0,150.0,112.5,0.0,0.0,36.82,-0.4,0.0,0.0,0.0,0.0,0.0,0.0,53.0,0.0,0,0,0,0,0,8.0,0.0,20633.44,0.0,20633.44,0.0,12.59
2026-06-05T02:06:33.813+00:00,178966,34904cc0-20b0-44ef-a748-ca0f5d0a3cdb,,10,FAULT,0x0100,PI_LOST,0,1,1,0,1,0,0.0,0.268,0.0,1.252,0.0,150.24,112.68,0.0,0.0,36.82,-0.4,0.0,0.0,0.0,0.0,0.0,0.0,52.8,0.0,0,0,0,0,0,8.0,0.0,20646.51,0.0,20646.51,0.0,0.0
2026-06-05T02:06:33.946+00:00,179083,34904cc0-20b0-44ef-a748-ca0f5d0a3cdb,,10,FAULT,0x0100,PI_LOST,0,1,1,0,1,0,0.0,0.513,0.0,1.238,0.0,148.56,111.42,0.0,0.0,35.6,-0.15,0.0,0.0,0.0,0.0,0.0,0.0,53.0,0.0,0,0,0,0,0,8.0,0.0,20659.54,0.0,20659.54,0.0,-10.43
2026-06-05T02:06:34.112+00:00,179200,34904cc0-20b0-44ef-a748-ca0f5d0a3cdb,,10,FAULT,0x0100,PI_LOST,0,1,1,0,1,0,0.0,0.61,0.0,1.212,0.0,145.44,109.08,0.0,0.0,36.58,-0.15,0.0,0.0,0.0,0.0,0.0,0.0,53.0,0.0,0,0,0,0,0,8.0,0.0,20672.31,0.0,20672.31,0.0,8.38
2026-06-05T02:06:34.164+00:00,179315,34904cc0-20b0-44ef-a748-ca0f5d0a3cdb,,10,FAULT,0x0100,PI_LOST,0,1,1,0,1,0,0.0,0.757,0.0,1.214,0.0,145.68,109.26,0.0,0.0,35.85,-0.4,0.0,0.0,0.0,0.0,0.0,0.0,53.0,0.0,0,0,0,0,0,8.0,0.0,20684.87,0.0,20684.87,0.0,-6.35
2026-06-05T02:06:34.279+00:00,179432,34904cc0-20b0-44ef-a748-ca0f5d0a3cdb,,10,FAULT,0x0100,PI_LOST,0,1,1,0,1,0,0.0,0.366,0.0,1.216,0.0,145.92,109.44,0.0,0.0,34.87,-0.28,0.0,0.0,0.0,0.0,0.0,0.0,53.3,0.0,0,0,0,0,0,8.0,0.0,20697.68,0.0,20697.68,0.0,-8.38
2026-06-05T02:06:34.398+00:00,179549,34904cc0-20b0-44ef-a748-ca0f5d0a3cdb,,10,FAULT,0x0100,PI_LOST,0,1,1,0,1,0,0.0,0.513,0.0,1.2,0.0,144.0,108.0,0.0,0.0,35.6,-0.64,0.0,0.0,0.0,0.0,0.0,0.0,53.2,0.0,0,0,0,0,0,8.0,0.0,20710.31,0.0,20710.31,0.0,6.24
2026-06-05T02:06:34.513+00:00,179664,34904cc0-20b0-44ef-a748-ca0f5d0a3cdb,,10,FAULT,0x0100,PI_LOST,0,1,1,0,1,0,0.0,0.562,0.0,1.202,0.0,144.24,108.18,0.0,0.0,36.33,-0.28,0.0,0.0,0.0,0.0,0.0,0.0,52.7,0.0,0,0,0,0,0,8.0,0.0,20722.75,0.0,20722.75,0.0,6.35
2026-06-05T02:06:34.661+00:00,179781,34904cc0-20b0-44ef-a748-ca0f5d0a3cdb,,10,FAULT,0x0100,PI_LOST,0,1,1,0,1,0,0.0,0.415,0.0,1.208,0.0,144.96,108.72,0.0,0.0,35.11,-0.52,0.0,0.0,0.0,0.0,0.0,0.0,53.0,0.0,0,0,0,0,0,8.0,0.0,20735.47,0.0,20735.47,0.0,-10.43
2026-06-05T02:06:34.751+00:00,179898,34904cc0-20b0-44ef-a748-ca0f5d0a3cdb,,10,FAULT,0x0100,PI_LOST,0,1,1,0,1,0,0.0,0.317,0.0,1.22,0.0,146.4,109.8,0.0,0.0,36.82,-0.4,0.0,0.0,0.0,0.0,0.0,0.0,52.8,0.0,0,0,0,0,0,8.0,0.0,20748.32,0.0,20748.32,0.0,14.62
2026-06-05T02:06:34.865+00:00,180014,34904cc0-20b0-44ef-a748-ca0f5d0a3cdb,,10,FAULT,0x0100,PI_LOST,0,1,1,0,1,0,0.0,0.855,0.0,1.214,0.0,145.68,109.26,0.0,0.0,35.85,-0.15,0.0,0.0,0.0,0.0,0.0,0.0,52.9,0.0,0,0,0,0,0,8.0,0.0,20760.99,0.0,20760.99,0.0,-8.36
2026-06-05T02:06:34.980+00:00,180130,34904cc0-20b0-44ef-a748-ca0f5d0a3cdb,,10,FAULT,0x0100,PI_LOST,0,1,1,0,1,0,0.0,0.415,0.0,1.217,0.0,146.04,109.53,0.0,0.0,35.6,0.0,0.0,0.0,0.0,0.0,0.0,0.0,52.9,0.0,0,0,0,0,0,8.0,0.0,20773.7,0.0,20773.7,0.0,-2.16
2026-06-05T02:06:35.098+00:00,180247,34904cc0-20b0-44ef-a748-ca0f5d0a3cdb,,10,FAULT,0x0100,PI_LOST,0,1,1,0,1,0,0.0,0.464,0.0,1.23,0.0,147.6,110.7,0.0,0.0,36.33,-0.52,0.0,0.0,0.0,0.0,0.0,0.0,52.8,0.0,0,0,0,0,0,8.0,0.0,20786.65,0.0,20786.65,0.0,6.24
2026-06-05T02:06:35.213+00:00,180364,34904cc0-20b0-44ef-a748-ca0f5d0a3cdb,,10,FAULT,0x0100,PI_LOST,0,1,1,0,1,0,0.0,0.562,0.0,1.234,0.0,148.08,111.06,0.0,0.0,35.6,-0.15,0.0,0.0,0.0,0.0,0.0,0.0,52.8,0.0,0,0,0,0,0,8.0,0.0,20799.64,0.0,20799.64,0.0,-6.24
2026-06-05T02:06:35.376+00:00,180480,34904cc0-20b0-44ef-a748-ca0f5d0a3cdb,,10,FAULT,0x0100,PI_LOST,0,1,1,0,1,0,0.0,0.659,0.0,1.245,0.0,149.4,112.05,0.0,0.0,35.6,-0.4,0.0,0.0,0.0,0.0,0.0,0.0,52.8,0.0,0,0,0,0,0,8.0,0.0,20812.64,0.0,20812.64,0.0,0.0
2026-06-05T02:06:35.467+00:00,180596,34904cc0-20b0-44ef-a748-ca0f5d0a3cdb,,10,FAULT,0x0100,PI_LOST,0,1,1,0,1,0,0.0,0.904,0.0,1.201,0.0,144.12,108.09,0.0,0.0,35.36,-0.64,0.0,0.0,0.0,0.0,0.0,0.0,53.0,0.0,0,0,0,0,0,8.0,0.0,20825.18,0.0,20825.18,0.0,-2.07
2026-06-05T02:06:35.562+00:00,180712,34904cc0-20b0-44ef-a748-ca0f5d0a3cdb,,10,FAULT,0x0100,PI_LOST,0,1,1,0,1,0,0.0,0.219,0.0,1.204,0.0,144.48,108.36,0.0,0.0,35.11,-0.15,0.0,0.0,0.0,0.0,0.0,0.0,53.1,0.0,0,0,0,0,0,8.0,0.0,20837.75,0.0,20837.75,0.0,-2.16
2026-06-05T02:06:35.680+00:00,180829,34904cc0-20b0-44ef-a748-ca0f5d0a3cdb,,10,FAULT,0x0100,PI_LOST,0,1,1,0,1,0,0.0,0.464,0.0,1.206,0.0,144.72,108.54,0.0,0.0,35.11,-0.52,0.0,0.0,0.0,0.0,0.0,0.0,52.9,0.0,0,0,0,0,0,8.0,0.0,20850.45,0.0,20850.45,0.0,0.0
2026-06-05T02:06:35.795+00:00,180945,34904cc0-20b0-44ef-a748-ca0f5d0a3cdb,,10,FAULT,0x0100,PI_LOST,0,1,1,0,1,0,0.0,0.366,0.0,1.187,0.0,142.44,106.83,0.0,0.0,35.36,-0.15,0.0,0.0,0.0,0.0,0.0,0.0,52.8,0.0,0,0,0,0,0,8.0,0.0,20862.84,0.0,20862.84,0.0,2.16
2026-06-05T02:06:35.913+00:00,181061,34904cc0-20b0-44ef-a748-ca0f5d0a3cdb,,10,FAULT,0x0100,PI_LOST,0,1,1,0,1,0,0.0,0.464,0.0,1.194,0.0,143.28,107.46,0.0,0.0,36.33,-0.28,0.0,0.0,0.0,0.0,0.0,0.0,53.3,0.0,0,0,0,0,0,8.0,0.0,20875.31,0.0,20875.31,0.0,8.36
2026-06-05T02:06:36.093+00:00,181178,34904cc0-20b0-44ef-a748-ca0f5d0a3cdb,,10,FAULT,0x0100,PI_LOST,0,1,1,0,1,0,0.0,0.415,0.0,1.186,0.0,142.32,106.74,0.0,0.0,36.09,-0.4,0.0,0.0,0.0,0.0,0.0,0.0,52.6,0.0,0,0,0,0,0,8.0,0.0,20887.8,0.0,20887.8,0.0,-2.05
2026-06-05T02:06:36.189+00:00,181295,34904cc0-20b0-44ef-a748-ca0f5d0a3cdb,,10,FAULT,0x0100,PI_LOST,0,1,1,0,1,0,0.0,0.562,0.0,1.173,0.0,140.76,105.57,0.0,0.0,36.33,-0.28,0.0,0.0,0.0,0.0,0.0,0.0,52.7,0.0,0,0,0,0,0,8.0,0.0,20900.15,0.0,20900.15,0.0,2.05
2026-06-05T02:06:36.281+00:00,181411,34904cc0-20b0-44ef-a748-ca0f5d0a3cdb,,10,FAULT,0x0100,PI_LOST,0,1,1,0,1,0,0.0,0.806,0.0,1.172,0.0,140.64,105.48,0.0,0.0,36.33,-0.4,0.0,0.0,0.0,0.0,0.0,0.0,52.7,0.0,0,0,0,0,0,8.0,0.0,20912.38,0.0,20912.38,0.0,0.0
2026-06-05T02:06:36.380+00:00,181527,34904cc0-20b0-44ef-a748-ca0f5d0a3cdb,,10,FAULT,0x0100,PI_LOST,0,1,1,0,1,0,0.0,0.659,0.0,1.175,0.0,141.0,105.75,0.0,0.0,36.09,-0.52,0.0,0.0,0.0,0.0,0.0,0.0,52.6,0.0,0,0,0,0,0,8.0,0.0,20924.65,0.0,20924.65,0.0,-2.07
2026-06-05T02:06:36.495+00:00,181644,34904cc0-20b0-44ef-a748-ca0f5d0a3cdb,,10,FAULT,0x0100,PI_LOST,0,1,1,0,1,0,0.0,0.659,0.0,1.177,0.0,141.24,105.93,0.0,0.0,34.87,-0.15,0.0,0.0,0.0,0.0,0.0,0.0,52.5,0.0,0,0,0,0,0,8.0,0.0,20937.04,0.0,20937.04,0.0,-10.43
2026-06-05T02:06:36.614+00:00,181761,34904cc0-20b0-44ef-a748-ca0f5d0a3cdb,,10,FAULT,0x0100,PI_LOST,0,1,1,0,1,0,0.0,0.073,0.0,1.161,0.0,139.32,104.49,0.0,0.0,34.87,-0.64,0.0,0.0,0.0,0.0,0.0,0.0,52.0,0.0,0,0,0,0,0,8.0,0.0,20949.27,0.0,20949.27,0.0,0.0
2026-06-05T02:06:36.804+00:00,181876,34904cc0-20b0-44ef-a748-ca0f5d0a3cdb,,10,FAULT,0x0100,PI_LOST,0,1,1,0,1,0,0.0,0.122,0.0,1.154,0.0,138.48,103.86,0.0,0.0,34.87,-0.28,0.0,0.0,0.0,0.0,0.0,0.0,52.0,0.0,0,0,0,0,0,8.0,0.0,20961.21,0.0,20961.21,0.0,0.0
2026-06-05T02:06:36.931+00:00,181993,34904cc0-20b0-44ef-a748-ca0f5d0a3cdb,,10,FAULT,0x0100,PI_LOST,0,1,1,0,1,0,0.0,0.317,0.0,1.15,0.0,138.0,103.5,0.0,0.0,35.36,0.0,0.0,0.0,0.0,0.0,0.0,0.0,51.9,0.0,0,0,0,0,0,8.0,0.0,20973.32,0.0,20973.32,0.0,4.19
2026-06-05T02:06:37.036+00:00,182110,34904cc0-20b0-44ef-a748-ca0f5d0a3cdb,,10,FAULT,0x0100,PI_LOST,0,1,1,0,1,0,0.0,0.268,0.0,1.161,0.0,139.32,104.49,0.0,0.0,36.09,-0.4,0.0,0.0,0.0,0.0,0.0,0.0,51.8,0.0,0,0,0,0,0,8.0,0.0,20985.55,0.0,20985.55,0.0,6.24
2026-06-05T02:06:37.080+00:00,182225,34904cc0-20b0-44ef-a748-ca0f5d0a3cdb,,10,FAULT,0x0100,PI_LOST,0,1,1,0,1,0,0.0,0.219,0.0,1.135,0.0,136.2,102.15,0.0,0.0,35.36,-0.15,0.0,0.0,0.0,0.0,0.0,0.0,51.6,0.0,0,0,0,0,0,8.0,0.0,20997.3,0.0,20997.3,0.0,-6.35
2026-06-05T02:06:37.196+00:00,182342,34904cc0-20b0-44ef-a748-ca0f5d0a3cdb,,10,FAULT,0x0100,PI_LOST,0,1,1,0,1,0,0.0,0.122,0.0,1.138,0.0,136.56,102.42,0.0,0.0,36.09,-0.28,0.0,0.0,0.0,0.0,0.0,0.0,51.8,0.0,0,0,0,0,0,8.0,0.0,21009.28,0.0,21009.28,0.0,6.24
2026-06-05T02:06:37.314+00:00,182459,34904cc0-20b0-44ef-a748-ca0f5d0a3cdb,,10,FAULT,0x0100,PI_LOST,0,1,1,0,1,0,0.0,0.317,0.0,1.152,0.0,138.24,103.68,0.0,0.0,36.09,-0.64,0.0,0.0,0.0,0.0,0.0,0.0,51.6,0.0,0,0,0,0,0,8.0,0.0,21021.41,0.0,21021.41,0.0,0.0
2026-06-05T02:06:37.429+00:00,182575,34904cc0-20b0-44ef-a748-ca0f5d0a3cdb,,10,FAULT,0x0100,PI_LOST,0,1,1,0,1,0,0.0,0.366,0.0,1.152,0.0,138.24,103.68,0.0,0.0,34.62,-0.52,0.0,0.0,0.0,0.0,0.0,0.0,51.7,0.0,0,0,0,0,0,8.0,0.0,21033.44,0.0,21033.44,0.0,-12.67
2026-06-05T02:06:37.575+00:00,182691,34904cc0-20b0-44ef-a748-ca0f5d0a3cdb,,10,FAULT,0x0100,PI_LOST,0,1,1,0,1,0,0.0,0.268,0.0,1.156,0.0,138.72,104.04,0.0,0.0,35.85,-0.28,0.0,0.0,0.0,0.0,0.0,0.0,52.2,0.0,0,0,0,0,0,8.0,0.0,21045.5,0.0,21045.5,0.0,10.6
2026-06-05T02:06:37.664+00:00,182808,34904cc0-20b0-44ef-a748-ca0f5d0a3cdb,,10,FAULT,0x0100,PI_LOST,0,1,1,0,1,0,0.0,0.562,0.0,1.157,0.0,138.84,104.13,0.0,0.0,37.07,-0.4,0.0,0.0,0.0,0.0,0.0,0.0,52.0,0.0,0,0,0,0,0,8.0,0.0,21057.69,0.0,21057.69,0.0,10.43
2026-06-05T02:06:37.778+00:00,182924,34904cc0-20b0-44ef-a748-ca0f5d0a3cdb,,10,FAULT,0x0100,PI_LOST,0,1,1,0,1,0,0.0,0.268,0.0,1.175,0.0,141.0,105.75,0.0,0.0,34.87,-0.28,0.0,0.0,0.0,0.0,0.0,0.0,51.4,0.0,0,0,0,0,0,8.0,0.0,21069.96,0.0,21069.96,0.0,-18.97
2026-06-05T02:06:37.896+00:00,183041,34904cc0-20b0-44ef-a748-ca0f5d0a3cdb,,10,FAULT,0x0100,PI_LOST,0,1,1,0,1,0,0.0,0.415,0.0,1.162,0.0,139.44,104.58,0.0,0.0,36.33,-0.15,0.0,0.0,0.0,0.0,0.0,0.0,51.0,0.0,0,0,0,0,0,8.0,0.0,21082.19,0.0,21082.19,0.0,12.48
2026-06-05T02:06:38.011+00:00,183157,34904cc0-20b0-44ef-a748-ca0f5d0a3cdb,,10,FAULT,0x0100,PI_LOST,0,1,1,0,1,0,0.0,0.61,0.0,1.159,0.0,139.08,104.31,0.0,0.0,36.09,-0.64,0.0,0.0,0.0,0.0,0.0,0.0,51.5,0.0,0,0,0,0,0,8.0,0.0,21094.29,0.0,21094.29,0.0,-2.07
2026-06-05T02:06:38.129+00:00,183273,34904cc0-20b0-44ef-a748-ca0f5d0a3cdb,,10,FAULT,0x0100,PI_LOST,0,1,1,0,1,0,0.0,0.708,0.0,1.156,0.0,138.72,104.04,0.0,0.0,36.09,0.0,0.0,0.0,0.0,0.0,0.0,0.0,51.6,0.0,0,0,0,0,0,8.0,0.0,21106.36,0.0,21106.36,0.0,0.0
2026-06-05T02:06:38.290+00:00,183390,34904cc0-20b0-44ef-a748-ca0f5d0a3cdb,,10,FAULT,0x0100,PI_LOST,0,1,1,0,1,0,0.0,0.464,0.0,1.167,0.0,140.04,105.03,0.0,0.0,35.85,-0.28,0.0,0.0,0.0,0.0,0.0,0.0,52.2,0.0,0,0,0,0,0,8.0,0.0,21118.65,0.0,21118.65,0.0,-2.05
2026-06-05T02:06:38.388+00:00,183506,34904cc0-20b0-44ef-a748-ca0f5d0a3cdb,,10,FAULT,0x0100,PI_LOST,0,1,1,0,1,0,0.0,0.855,0.0,1.168,0.0,140.16,105.12,0.0,0.0,35.85,-0.52,0.0,0.0,0.0,0.0,0.0,0.0,52.4,0.0,0,0,0,0,0,8.0,0.0,21130.84,0.0,21130.84,0.0,0.0
2026-06-05T02:06:38.478+00:00,183622,34904cc0-20b0-44ef-a748-ca0f5d0a3cdb,,10,FAULT,0x0100,PI_LOST,0,1,1,0,1,0,0.0,0.122,0.0,1.154,0.0,138.48,103.86,0.0,0.0,35.36,-0.4,0.0,0.0,0.0,0.0,0.0,0.0,52.6,0.0,0,0,0,0,0,8.0,0.0,21142.89,0.0,21142.89,0.0,-4.22
2026-06-05T02:06:38.596+00:00,183739,34904cc0-20b0-44ef-a748-ca0f5d0a3cdb,,10,FAULT,0x0100,PI_LOST,0,1,1,0,1,0,0.0,0.0,0.0,1.164,0.0,139.68,104.76,0.0,0.0,36.09,-0.4,0.0,0.0,0.0,0.0,0.0,0.0,53.1,0.0,0,0,0,0,0,8.0,0.0,21155.15,0.0,21155.15,0.0,6.24
2026-06-05T02:06:38.711+00:00,183856,34904cc0-20b0-44ef-a748-ca0f5d0a3cdb,,10,FAULT,0x0100,PI_LOST,0,1,1,0,1,0,0.0,0.366,0.0,1.169,0.0,140.28,105.21,0.0,0.0,35.11,-0.52,0.0,0.0,0.0,0.0,0.0,0.0,53.4,0.0,0,0,0,0,0,8.0,0.0,21167.46,0.0,21167.46,0.0,-8.38
2026-06-05T02:06:38.829+00:00,183971,34904cc0-20b0-44ef-a748-ca0f5d0a3cdb,,10,FAULT,0x0100,PI_LOST,0,1,1,0,1,0,0.0,0.317,0.0,1.157,0.0,138.84,104.13,0.0,0.0,36.09,-0.28,0.0,0.0,0.0,0.0,0.0,0.0,53.2,0.0,0,0,0,0,0,8.0,0.0,21179.43,0.0,21179.43,0.0,8.52
2026-06-05T02:06:39.020+00:00,184088,34904cc0-20b0-44ef-a748-ca0f5d0a3cdb,,10,FAULT,0x0100,PI_LOST,0,1,1,0,1,0,0.0,0.415,0.0,1.17,0.0,140.4,105.3,0.0,0.0,35.85,-0.15,0.0,0.0,0.0,0.0,0.0,0.0,52.2,0.0,0,0,0,0,0,8.0,0.0,21191.75,0.0,21191.75,0.0,-2.05
2026-06-05T02:06:39.116+00:00,184205,34904cc0-20b0-44ef-a748-ca0f5d0a3cdb,,10,FAULT,0x0100,PI_LOST,0,1,1,0,1,0,0.0,0.708,0.0,1.165,0.0,139.8,104.85,0.0,0.0,34.87,-0.4,0.0,0.0,0.0,0.0,0.0,0.0,52.1,0.0,0,0,0,0,0,8.0,0.0,21204.02,0.0,21204.02,0.0,-8.38
2026-06-05T02:06:39.209+00:00,184322,34904cc0-20b0-44ef-a748-ca0f5d0a3cdb,,10,FAULT,0x0100,PI_LOST,0,1,1,0,1,0,0.0,0.464,0.0,1.169,0.0,140.28,105.21,0.0,0.0,35.85,-0.15,0.0,0.0,0.0,0.0,0.0,0.0,52.0,0.0,0,0,0,0,0,8.0,0.0,21216.33,0.0,21216.33,0.0,8.38
2026-06-05T02:06:39.296+00:00,184437,34904cc0-20b0-44ef-a748-ca0f5d0a3cdb,,10,FAULT,0x0100,PI_LOST,0,1,1,0,1,0,0.0,0.366,0.0,1.165,0.0,139.8,104.85,0.0,0.0,36.09,-0.28,0.0,0.0,0.0,0.0,0.0,0.0,50.9,0.0,0,0,0,0,0,8.0,0.0,21228.39,0.0,21228.39,0.0,2.09
2026-06-05T02:06:39.411+00:00,184554,34904cc0-20b0-44ef-a748-ca0f5d0a3cdb,,10,FAULT,0x0100,PI_LOST,0,1,1,0,1,0,0.0,0.317,0.0,1.164,0.0,139.68,104.76,0.0,0.0,35.11,-0.64,0.0,0.0,0.0,0.0,0.0,0.0,49.3,0.0,0,0,0,0,0,8.0,0.0,21240.64,0.0,21240.64,0.0,-8.38
2026-06-05T02:06:39.530+00:00,184671,34904cc0-20b0-44ef-a748-ca0f5d0a3cdb,,10,FAULT,0x0100,PI_LOST,0,1,1,0,1,0,0.0,0.513,0.0,1.148,0.0,137.76,103.32,0.0,0.0,35.11,0.0,0.0,0.0,0.0,0.0,0.0,0.0,48.3,0.0,0,0,0,0,0,8.0,0.0,21252.73,0.0,21252.73,0.0,0.0
2026-06-05T02:06:39.645+00:00,184786,34904cc0-20b0-44ef-a748-ca0f5d0a3cdb,,10,FAULT,0x0100,PI_LOST,0,1,1,0,1,0,0.0,0.317,0.0,1.155,0.0,138.6,103.95,0.0,0.0,36.09,-0.4,0.0,0.0,0.0,0.0,0.0,0.0,49.3,0.0,0,0,0,0,0,8.0,0.0,21264.69,0.0,21264.69,0.0,8.52
2026-06-05T02:06:39.834+00:00,184903,34904cc0-20b0-44ef-a748-ca0f5d0a3cdb,,10,FAULT,0x0100,PI_LOST,0,1,1,0,1,0,0.0,0.659,0.0,1.154,0.0,138.48,103.86,0.0,0.0,35.36,-0.52,0.0,0.0,0.0,0.0,0.0,0.0,50.3,0.0,0,0,0,0,0,8.0,0.0,21276.84,0.0,21276.84,0.0,-6.24
2026-06-05T02:06:39.931+00:00,185020,34904cc0-20b0-44ef-a748-ca0f5d0a3cdb,,10,FAULT,0x0100,PI_LOST,0,1,1,0,1,0,0.0,0.513,0.0,1.137,0.0,136.44,102.33,0.0,0.0,35.85,-0.52,0.0,0.0,0.0,0.0,0.0,0.0,51.0,0.0,0,0,0,0,0,8.0,0.0,21288.81,0.0,21288.81,0.0,4.19
2026-06-05T02:06:39.993+00:00,185136,34904cc0-20b0-44ef-a748-ca0f5d0a3cdb,,10,FAULT,0x0100,PI_LOST,0,1,1,0,1,0,0.0,0.562,0.0,1.158,0.0,138.96,104.22,0.0,0.0,35.36,-0.28,0.0,0.0,0.0,0.0,0.0,0.0,52.1,0.0,0,0,0,0,0,8.0,0.0,21300.9,0.0,21300.9,0.0,-4.22
2026-06-05T02:06:40.112+00:00,185252,34904cc0-20b0-44ef-a748-ca0f5d0a3cdb,,10,FAULT,0x0100,PI_LOST,0,1,1,0,1,0,0.0,0.562,0.0,1.156,0.0,138.72,104.04,0.0,0.0,35.85,-0.4,0.0,0.0,0.0,0.0,0.0,0.0,52.2,0.0,0,0,0,0,0,8.0,0.0,21312.97,0.0,21312.97,0.0,4.22
2026-06-05T02:06:40.227+00:00,185369,34904cc0-20b0-44ef-a748-ca0f5d0a3cdb,,10,FAULT,0x0100,PI_LOST,0,1,1,0,1,0,0.0,0.806,0.0,1.172,0.0,140.64,105.48,0.0,0.0,37.07,0.0,0.0,0.0,0.0,0.0,0.0,0.0,52.1,0.0,0,0,0,0,0,8.0,0.0,21325.31,0.0,21325.31,0.0,10.43
2026-06-05T02:06:40.354+00:00,185485,34904cc0-20b0-44ef-a748-ca0f5d0a3cdb,,10,FAULT,0x0100,PI_LOST,0,1,1,0,1,0,0.0,0.464,0.0,1.177,0.0,141.24,105.93,0.0,0.0,37.07,-0.15,0.0,0.0,0.0,0.0,0.0,0.0,52.1,0.0,0,0,0,0,0,8.0,0.0,21337.6,0.0,21337.6,0.0,0.0
2026-06-05T02:06:40.466+00:00,185602,34904cc0-20b0-44ef-a748-ca0f5d0a3cdb,,10,FAULT,0x0100,PI_LOST,0,1,1,0,1,0,0.0,0.659,0.0,1.159,0.0,139.08,104.31,0.0,0.0,37.07,-0.4,0.0,0.0,0.0,0.0,0.0,0.0,52.8,0.0,0,0,0,0,0,8.0,0.0,21349.8,0.0,21349.8,0.0,0.0
2026-06-05T02:06:40.646+00:00,185717,34904cc0-20b0-44ef-a748-ca0f5d0a3cdb,,10,FAULT,0x0100,PI_LOST,0,1,1,0,1,0,0.0,0.513,0.0,1.147,0.0,137.64,103.23,0.0,0.0,36.58,-0.4,0.0,0.0,0.0,0.0,0.0,0.0,53.3,0.0,0,0,0,0,0,8.0,0.0,21361.67,0.0,21361.67,0.0,-4.26
2026-06-05T02:06:40.694+00:00,185834,34904cc0-20b0-44ef-a748-ca0f5d0a3cdb,,10,FAULT,0x0100,PI_LOST,0,1,1,0,1,0,0.0,0.659,0.0,1.143,0.0,137.16,102.87,0.0,0.0,35.36,0.0,0.0,0.0,0.0,0.0,0.0,0.0,53.8,0.0,0,0,0,0,0,8.0,0.0,21373.71,0.0,21373.71,0.0,-10.43
2026-06-05T02:06:40.812+00:00,185951,34904cc0-20b0-44ef-a748-ca0f5d0a3cdb,,10,FAULT,0x0100,PI_LOST,0,1,1,0,1,0,0.0,0.61,0.0,1.139,0.0,136.68,102.51,0.0,0.0,35.6,-0.28,0.0,0.0,0.0,0.0,0.0,0.0,54.3,0.0,0,0,0,0,0,8.0,0.0,21385.7,0.0,21385.7,0.0,2.05
2026-06-05T02:06:40.927+00:00,186067,34904cc0-20b0-44ef-a748-ca0f5d0a3cdb,,10,FAULT,0x0100,PI_LOST,0,1,1,0,1,0,0.0,0.464,0.0,1.109,0.0,133.08,99.81,0.0,0.0,35.6,-0.64,0.0,0.0,0.0,0.0,0.0,0.0,54.2,0.0,0,0,0,0,0,8.0,0.0,21397.28,0.0,21397.28,0.0,0.0
2026-06-05T02:06:41.045+00:00,186183,34904cc0-20b0-44ef-a748-ca0f5d0a3cdb,,10,FAULT,0x0100,PI_LOST,0,1,1,0,1,0,0.0,0.317,0.0,1.104,0.0,132.48,99.36,0.0,0.0,35.6,0.0,0.0,0.0,0.0,0.0,0.0,0.0,53.8,0.0,0,0,0,0,0,8.0,0.0,21408.81,0.0,21408.81,0.0,0.0
2026-06-05T02:06:41.182+00:00,186300,34904cc0-20b0-44ef-a748-ca0f5d0a3cdb,,10,FAULT,0x0100,PI_LOST,0,1,1,0,1,0,0.0,0.415,0.0,1.097,0.0,131.64,98.73,0.0,0.0,36.82,-0.28,0.0,0.0,0.0,0.0,0.0,0.0,53.5,0.0,0,0,0,0,0,8.0,0.0,21420.36,0.0,21420.36,0.0,10.43
2026-06-05T02:06:41.315+00:00,186416,34904cc0-20b0-44ef-a748-ca0f5d0a3cdb,,10,FAULT,0x0100,PI_LOST,0,1,1,0,1,0,0.0,0.855,0.0,1.106,0.0,132.72,99.54,0.0,0.0,35.85,-0.52,0.0,0.0,0.0,0.0,0.0,0.0,53.7,0.0,0,0,0,0,0,8.0,0.0,21431.9,0.0,21431.9,0.0,-8.36
2026-06-05T02:06:41.394+00:00,186532,34904cc0-20b0-44ef-a748-ca0f5d0a3cdb,,10,FAULT,0x0100,PI_LOST,0,1,1,0,1,0,0.0,0.562,0.0,1.102,0.0,132.24,99.18,0.0,0.0,35.11,-0.28,0.0,0.0,0.0,0.0,0.0,0.0,53.6,0.0,0,0,0,0,0,8.0,0.0,21443.41,0.0,21443.41,0.0,-6.38
2026-06-05T02:06:41.512+00:00,186649,34904cc0-20b0-44ef-a748-ca0f5d0a3cdb,,10,FAULT,0x0100,PI_LOST,0,1,1,0,1,0,0.0,0.757,0.0,1.108,0.0,132.96,99.72,0.0,0.0,35.11,-0.52,0.0,0.0,0.0,0.0,0.0,0.0,53.3,0.0,0,0,0,0,0,8.0,0.0,21455.08,0.0,21455.08,0.0,0.0
2026-06-05T02:06:41.627+00:00,186766,34904cc0-20b0-44ef-a748-ca0f5d0a3cdb,,10,FAULT,0x0100,PI_LOST,0,1,1,0,1,0,0.0,0.757,0.0,1.112,0.0,133.44,100.08,0.0,0.0,34.87,-0.52,0.0,0.0,0.0,0.0,0.0,0.0,53.6,0.0,0,0,0,0,0,8.0,0.0,21466.79,0.0,21466.79,0.0,-2.05
2026-06-05T02:06:41.745+00:00,186882,34904cc0-20b0-44ef-a748-ca0f5d0a3cdb,,10,FAULT,0x0100,PI_LOST,0,1,1,0,1,0,0.0,0.366,0.0,1.116,0.0,133.92,100.44,0.0,0.0,36.33,-0.28,0.0,0.0,0.0,0.0,0.0,0.0,54.4,0.0,0,0,0,0,0,8.0,0.0,21478.44,0.0,21478.44,0.0,12.59
2026-06-05T02:06:41.905+00:00,186998,34904cc0-20b0-44ef-a748-ca0f5d0a3cdb,,10,FAULT,0x0100,PI_LOST,0,1,1,0,1,0,0.0,0.659,0.0,1.106,0.0,132.72,99.54,0.0,0.0,35.6,-0.28,0.0,0.0,0.0,0.0,0.0,0.0,54.2,0.0,0,0,0,0,0,8.0,0.0,21489.98,0.0,21489.98,0.0,-6.29
2026-06-05T02:06:42.023+00:00,187115,34904cc0-20b0-44ef-a748-ca0f5d0a3cdb,,10,FAULT,0x0100,PI_LOST,0,1,1,0,1,0,0.0,0.61,0.0,1.1,0.0,132.0,99.0,0.0,0.0,35.11,-0.28,0.0,0.0,0.0,0.0,0.0,0.0,53.9,0.0,0,0,0,0,0,8.0,0.0,21501.57,0.0,21501.57,0.0,-4.19
2026-06-05T02:06:42.119+00:00,187231,34904cc0-20b0-44ef-a748-ca0f5d0a3cdb,,10,FAULT,0x0100,PI_LOST,0,1,1,0,1,0,0.0,1.05,0.0,1.119,0.0,134.28,100.71,0.0,0.0,37.07,0.0,0.0,0.0,0.0,0.0,0.0,0.0,53.9,0.0,0,0,0,0,0,8.0,0.0,21513.25,0.0,21513.25,0.0,16.9
2026-06-05T02:06:42.209+00:00,187347,34904cc0-20b0-44ef-a748-ca0f5d0a3cdb,,10,FAULT,0x0100,PI_LOST,0,1,1,0,1,0,0.0,0.708,0.0,1.128,0.0,135.36,101.52,0.0,0.0,35.36,-0.28,0.0,0.0,0.0,0.0,0.0,0.0,54.3,0.0,0,0,0,0,0,8.0,0.0,21525.02,0.0,21525.02,0.0,-14.74
2026-06-05T02:06:42.328+00:00,187464,34904cc0-20b0-44ef-a748-ca0f5d0a3cdb,,10,FAULT,0x0100,PI_LOST,0,1,1,0,1,0,0.0,0.415,0.0,1.134,0.0,136.08,102.06,0.0,0.0,35.11,-0.52,0.0,0.0,0.0,0.0,0.0,0.0,53.8,0.0,0,0,0,0,0,8.0,0.0,21536.97,0.0,21536.97,0.0,-2.14
2026-06-05T02:06:42.443+00:00,187580,34904cc0-20b0-44ef-a748-ca0f5d0a3cdb,,10,FAULT,0x0100,PI_LOST,0,1,1,0,1,0,0.0,0.317,0.0,1.162,0.0,139.44,104.58,0.0,0.0,36.58,-0.52,0.0,0.0,0.0,0.0,0.0,0.0,53.7,0.0,0,0,0,0,0,8.0,0.0,21549.1,0.0,21549.1,0.0,12.67
2026-06-05T02:06:42.592+00:00,187697,34904cc0-20b0-44ef-a748-ca0f5d0a3cdb,,10,FAULT,0x0100,PI_LOST,0,1,1,0,1,0,0.0,0.61,0.0,1.165,0.0,139.8,104.85,0.0,0.0,35.85,-0.28,0.0,0.0,0.0,0.0,0.0,0.0,53.5,0.0,0,0,0,0,0,8.0,0.0,21561.36,0.0,21561.36,0.0,-6.24
2026-06-05T02:06:42.746+00:00,187813,34904cc0-20b0-44ef-a748-ca0f5d0a3cdb,,10,FAULT,0x0100,PI_LOST,0,1,1,0,1,0,0.0,0.757,0.0,1.167,0.0,140.04,105.03,0.0,0.0,36.33,-0.4,0.0,0.0,0.0,0.0,0.0,0.0,53.6,0.0,0,0,0,0,0,8.0,0.0,21573.55,0.0,21573.55,0.0,4.14
2026-06-05T02:06:42.840+00:00,187929,34904cc0-20b0-44ef-a748-ca0f5d0a3cdb,,10,FAULT,0x0100,PI_LOST,0,1,1,0,1,0,0.0,0.513,0.0,1.149,0.0,137.88,103.41,0.0,0.0,35.6,-0.4,0.0,0.0,0.0,0.0,0.0,0.0,53.5,0.0,0,0,0,0,0,8.0,0.0,21585.54,0.0,21585.54,0.0,-6.29
2026-06-05T02:06:42.910+00:00,188046,34904cc0-20b0-44ef-a748-ca0f5d0a3cdb,,10,FAULT,0x0100,PI_LOST,0,1,1,0,1,0,0.0,0.708,0.0,1.186,0.0,142.32,106.74,0.0,0.0,36.33,-0.15,0.0,0.0,0.0,0.0,0.0,0.0,53.1,0.0,0,0,0,0,0,8.0,0.0,21598.03,0.0,21598.03,0.0,6.24
2026-06-05T02:06:43.028+00:00,188163,34904cc0-20b0-44ef-a748-ca0f5d0a3cdb,,10,FAULT,0x0100,PI_LOST,0,1,1,0,1,0,0.0,0.708,0.0,1.195,0.0,143.4,107.55,0.0,0.0,35.36,-0.28,0.0,0.0,0.0,0.0,0.0,0.0,53.4,0.0,0,0,0,0,0,8.0,0.0,21610.62,0.0,21610.62,0.0,-8.29
2026-06-05T02:06:43.143+00:00,188278,34904cc0-20b0-44ef-a748-ca0f5d0a3cdb,,10,FAULT,0x0100,PI_LOST,0,1,1,0,1,0,0.0,0.61,0.0,1.178,0.0,141.36,106.02,0.0,0.0,35.36,0.0,0.0,0.0,0.0,0.0,0.0,0.0,53.3,0.0,0,0,0,0,0,8.0,0.0,21622.81,0.0,21622.81,0.0,0.0
2026-06-05T02:06:43.265+00:00,188395,34904cc0-20b0-44ef-a748-ca0f5d0a3cdb,,10,FAULT,0x0100,PI_LOST,0,1,1,0,1,0,0.0,0.61,0.0,1.183,0.0,141.96,106.47,0.0,0.0,35.6,-0.15,0.0,0.0,0.0,0.0,0.0,0.0,53.6,0.0,0,0,0,0,0,8.0,0.0,21635.26,0.0,21635.26,0.0,2.05
2026-06-05T02:06:43.379+00:00,188512,34904cc0-20b0-44ef-a748-ca0f5d0a3cdb,,10,FAULT,0x0100,PI_LOST,0,1,1,0,1,0,0.0,0.757,0.0,1.172,0.0,140.64,105.48,0.0,0.0,35.85,-0.28,0.0,0.0,0.0,0.0,0.0,0.0,53.5,0.0,0,0,0,0,0,8.0,0.0,21647.61,0.0,21647.61,0.0,2.14
2026-06-05T02:06:43.559+00:00,188628,34904cc0-20b0-44ef-a748-ca0f5d0a3cdb,,10,FAULT,0x0100,PI_LOST,0,1,1,0,1,0,0.0,0.513,0.0,1.162,0.0,139.44,104.58,0.0,0.0,36.09,-0.15,0.0,0.0,0.0,0.0,0.0,0.0,53.2,0.0,0,0,0,0,0,8.0,0.0,21659.74,0.0,21659.74,0.0,2.07
2026-06-05T02:06:43.610+00:00,188744,34904cc0-20b0-44ef-a748-ca0f5d0a3cdb,,10,FAULT,0x0100,PI_LOST,0,1,1,0,1,0,0.0,0.659,0.0,1.162,0.0,139.44,104.58,0.0,0.0,35.11,-0.28,0.0,0.0,0.0,0.0,0.0,0.0,53.6,0.0,0,0,0,0,0,8.0,0.0,21671.87,0.0,21671.87,0.0,-8.45
2026-06-05T02:06:43.728+00:00,188861,34904cc0-20b0-44ef-a748-ca0f5d0a3cdb,,10,FAULT,0x0100,PI_LOST,0,1,1,0,1,0,0.0,0.464,0.0,1.203,0.0,144.36,108.27,0.0,0.0,36.58,-0.52,0.0,0.0,0.0,0.0,0.0,0.0,53.5,0.0,0,0,0,0,0,8.0,0.0,21684.54,0.0,21684.54,0.0,12.56
2026-06-05T02:06:43.843+00:00,188978,34904cc0-20b0-44ef-a748-ca0f5d0a3cdb,,10,FAULT,0x0100,PI_LOST,0,1,1,0,1,0,0.0,0.855,0.0,1.184,0.0,142.08,106.56,0.0,0.0,35.36,-0.15,0.0,0.0,0.0,0.0,0.0,0.0,53.4,0.0,0,0,0,0,0,8.0,0.0,21697.0,0.0,21697.0,0.0,-10.43
2026-06-05T02:06:43.961+00:00,189093,34904cc0-20b0-44ef-a748-ca0f5d0a3cdb,,10,FAULT,0x0100,PI_LOST,0,1,1,0,1,0,0.0,0.415,0.0,1.184,0.0,142.08,106.56,0.0,0.0,35.11,-0.28,0.0,0.0,0.0,0.0,0.0,0.0,53.5,0.0,0,0,0,0,0,8.0,0.0,21709.26,0.0,21709.26,0.0,-2.17
2026-06-05T02:06:44.091+00:00,189210,34904cc0-20b0-44ef-a748-ca0f5d0a3cdb,,10,FAULT,0x0100,PI_LOST,0,1,1,0,1,0,0.0,0.708,0.0,1.177,0.0,141.24,105.93,0.0,0.0,36.58,-0.4,0.0,0.0,0.0,0.0,0.0,0.0,53.4,0.0,0,0,0,0,0,8.0,0.0,21721.65,0.0,21721.65,0.0,12.56
2026-06-05T02:06:44.261+00:00,189327,34904cc0-20b0-44ef-a748-ca0f5d0a3cdb,,10,FAULT,0x0100,PI_LOST,0,1,1,0,1,0,0.0,0.464,0.0,1.207,0.0,144.84,108.63,0.0,0.0,36.33,-0.15,0.0,0.0,0.0,0.0,0.0,0.0,53.7,0.0,0,0,0,0,0,8.0,0.0,21734.36,0.0,21734.36,0.0,-2.14
2026-06-05T02:06:44.310+00:00,189443,34904cc0-20b0-44ef-a748-ca0f5d0a3cdb,,10,FAULT,0x0100,PI_LOST,0,1,1,0,1,0,0.0,0.513,0.0,1.214,0.0,145.68,109.26,0.0,0.0,35.6,-0.4,0.0,0.0,0.0,0.0,0.0,0.0,53.8,0.0,0,0,0,0,0,8.0,0.0,21747.04,0.0,21747.04,0.0,-6.29
2026-06-05T02:06:44.428+00:00,189559,34904cc0-20b0-44ef-a748-ca0f5d0a3cdb,,10,FAULT,0x0100,PI_LOST,0,1,1,0,1,0,0.0,0.415,0.0,1.218,0.0,146.16,109.62,0.0,0.0,35.6,-0.52,0.0,0.0,0.0,0.0,0.0,0.0,54.2,0.0,0,0,0,0,0,8.0,0.0,21759.75,0.0,21759.75,0.0,0.0
2026-06-05T02:06:44.543+00:00,189676,34904cc0-20b0-44ef-a748-ca0f5d0a3cdb,,10,FAULT,0x0100,PI_LOST,0,1,1,0,1,0,0.0,0.317,0.0,1.206,0.0,144.72,108.54,0.0,0.0,35.11,-0.15,0.0,0.0,0.0,0.0,0.0,0.0,54.1,0.0,0,0,0,0,0,8.0,0.0,21772.45,0.0,21772.45,0.0,-4.19
2026-06-05T02:06:44.662+00:00,189792,34904cc0-20b0-44ef-a748-ca0f5d0a3cdb,,10,FAULT,0x0100,PI_LOST,0,1,1,0,1,0,0.0,0.317,0.0,1.205,0.0,144.6,108.45,0.0,0.0,36.33,-0.28,0.0,0.0,0.0,0.0,0.0,0.0,54.1,0.0,0,0,0,0,0,8.0,0.0,21785.03,0.0,21785.03,0.0,10.52
2026-06-05T02:06:44.803+00:00,189908,34904cc0-20b0-44ef-a748-ca0f5d0a3cdb,,10,FAULT,0x0100,PI_LOST,0,1,1,0,1,0,0.0,0.219,0.0,1.204,0.0,144.48,108.36,0.0,0.0,35.36,-0.64,0.0,0.0,0.0,0.0,0.0,0.0,54.0,0.0,0,0,0,0,0,8.0,0.0,21797.6,0.0,21797.6,0.0,-8.36
2026-06-05T02:06:44.898+00:00,190025,34904cc0-20b0-44ef-a748-ca0f5d0a3cdb,,10,FAULT,0x0100,PI_LOST,0,1,1,0,1,0,0.0,0.513,0.0,1.2,0.0,144.0,108.0,0.0,0.0,36.09,-0.4,0.0,0.0,0.0,0.0,0.0,0.0,53.8,0.0,0,0,0,0,0,8.0,0.0,21810.24,0.0,21810.24,0.0,6.24
2026-06-05T02:06:45.010+00:00,190141,34904cc0-20b0-44ef-a748-ca0f5d0a3cdb,,10,FAULT,0x0100,PI_LOST,0,1,1,0,1,0,0.0,0.415,0.0,1.203,0.0,144.36,108.27,0.0,0.0,36.09,0.0,0.0,0.0,0.0,0.0,0.0,0.0,53.8,0.0,0,0,0,0,0,8.0,0.0,21822.8,0.0,21822.8,0.0,0.0
2026-06-05T02:06:45.125+00:00,190258,34904cc0-20b0-44ef-a748-ca0f5d0a3cdb,,10,FAULT,0x0100,PI_LOST,0,1,1,0,1,0,0.0,0.317,0.0,1.204,0.0,144.48,108.36,0.0,0.0,35.6,-0.28,0.0,0.0,0.0,0.0,0.0,0.0,53.6,0.0,0,0,0,0,0,8.0,0.0,21835.47,0.0,21835.47,0.0,-4.19
2026-06-05T02:06:45.244+00:00,190374,34904cc0-20b0-44ef-a748-ca0f5d0a3cdb,,10,FAULT,0x0100,PI_LOST,0,1,1,0,1,0,0.0,0.61,0.0,1.212,0.0,145.44,109.08,0.0,0.0,36.33,-0.52,0.0,0.0,0.0,0.0,0.0,0.0,53.3,0.0,0,0,0,0,0,8.0,0.0,21848.13,0.0,21848.13,0.0,6.29
2026-06-05T02:06:45.359+00:00,190490,34904cc0-20b0-44ef-a748-ca0f5d0a3cdb,,10,FAULT,0x0100,PI_LOST,0,1,1,0,1,0,0.0,0.366,0.0,1.232,0.0,147.84,110.88,0.0,0.0,35.6,-0.4,0.0,0.0,0.0,0.0,0.0,0.0,53.6,0.0,0,0,0,0,0,8.0,0.0,21860.99,0.0,21860.99,0.0,-6.29
2026-06-05T02:06:45.516+00:00,190607,34904cc0-20b0-44ef-a748-ca0f5d0a3cdb,,10,FAULT,0x0100,PI_LOST,0,1,1,0,1,0,0.0,0.757,0.0,1.222,0.0,146.64,109.98,0.0,0.0,36.33,-0.15,0.0,0.0,0.0,0.0,0.0,0.0,53.5,0.0,0,0,0,0,0,8.0,0.0,21873.86,0.0,21873.86,0.0,6.24
2026-06-05T02:06:45.607+00:00,190724,34904cc0-20b0-44ef-a748-ca0f5d0a3cdb,,10,FAULT,0x0100,PI_LOST,0,1,1,0,1,0,0.0,0.61,0.0,1.233,0.0,147.96,110.97,0.0,0.0,35.36,-0.52,0.0,0.0,0.0,0.0,0.0,0.0,53.2,0.0,0,0,0,0,0,8.0,0.0,21886.84,0.0,21886.84,0.0,-8.29
2026-06-05T02:06:45.711+00:00,190840,34904cc0-20b0-44ef-a748-ca0f5d0a3cdb,,10,FAULT,0x0100,PI_LOST,0,1,1,0,1,0,0.0,0.219,0.0,1.249,0.0,149.88,112.41,0.0,0.0,36.09,-0.52,0.0,0.0,0.0,0.0,0.0,0.0,53.2,0.0,0,0,0,0,0,8.0,0.0,21899.88,0.0,21899.88,0.0,6.29
2026-06-05T02:06:45.826+00:00,190956,34904cc0-20b0-44ef-a748-ca0f5d0a3cdb,,10,FAULT,0x0100,PI_LOST,0,1,1,0,1,0,0.0,0.073,0.0,1.237,0.0,148.44,111.33,0.0,0.0,35.85,-0.64,0.0,0.0,0.0,0.0,0.0,0.0,53.5,0.0,0,0,0,0,0,8.0,0.0,21912.79,0.0,21912.79,0.0,-2.07
2026-06-05T02:06:45.944+00:00,191073,34904cc0-20b0-44ef-a748-ca0f5d0a3cdb,,10,FAULT,0x0100,PI_LOST,0,1,1,0,1,0,0.0,0.219,0.0,1.239,0.0,148.68,111.51,0.0,0.0,35.6,-0.28,0.0,0.0,0.0,0.0,0.0,0.0,53.3,0.0,0,0,0,0,0,8.0,0.0,21925.84,0.0,21925.84,0.0,-2.14
2026-06-05T02:06:46.059+00:00,191190,34904cc0-20b0-44ef-a748-ca0f5d0a3cdb,,10,FAULT,0x0100,PI_LOST,0,1,1,0,1,0,0.0,0.366,0.0,1.225,0.0,147.0,110.25,0.0,0.0,35.36,-0.52,0.0,0.0,0.0,0.0,0.0,0.0,53.3,0.0,0,0,0,0,0,8.0,0.0,21938.74,0.0,21938.74,0.0,-2.05
2026-06-05T02:06:46.227+00:00,191305,34904cc0-20b0-44ef-a748-ca0f5d0a3cdb,,10,FAULT,0x0100,PI_LOST,0,1,1,0,1,0,0.0,0.61,0.0,1.215,0.0,145.8,109.35,0.0,0.0,35.85,-0.4,0.0,0.0,0.0,0.0,0.0,0.0,53.5,0.0,0,0,0,0,0,8.0,0.0,21951.32,0.0,21951.32,0.0,4.26
2026-06-05T02:06:46.324+00:00,191422,34904cc0-20b0-44ef-a748-ca0f5d0a3cdb,,10,FAULT,0x0100,PI_LOST,0,1,1,0,1,0,0.0,0.659,0.0,1.213,0.0,145.56,109.17,0.0,0.0,36.58,-0.28,0.0,0.0,0.0,0.0,0.0,0.0,53.4,0.0,0,0,0,0,0,8.0,0.0,21964.09,0.0,21964.09,0.0,6.24
2026-06-05T02:06:46.414+00:00,191539,34904cc0-20b0-44ef-a748-ca0f5d0a3cdb,,10,FAULT,0x0100,PI_LOST,0,1,1,0,1,0,0.0,0.317,0.0,1.212,0.0,145.44,109.08,0.0,0.0,36.58,-0.4,0.0,0.0,0.0,0.0,0.0,0.0,53.6,0.0,0,0,0,0,0,8.0,0.0,21976.85,0.0,21976.85,0.0,0.0
2026-06-05T02:06:46.527+00:00,191654,34904cc0-20b0-44ef-a748-ca0f5d0a3cdb,,10,FAULT,0x0100,PI_LOST,0,1,1,0,1,0,0.0,0.464,0.0,1.218,0.0,146.16,109.62,0.0,0.0,35.6,-0.4,0.0,0.0,0.0,0.0,0.0,0.0,53.3,0.0,0,0,0,0,0,8.0,0.0,21989.46,0.0,21989.46,0.0,-8.52
2026-06-05T02:06:46.644+00:00,191771,34904cc0-20b0-44ef-a748-ca0f5d0a3cdb,,10,FAULT,0x0100,PI_LOST,0,1,1,0,1,0,0.0,0.61,0.0,1.221,0.0,146.52,109.89,0.0,0.0,36.09,-0.15,0.0,0.0,0.0,0.0,0.0,0.0,53.5,0.0,0,0,0,0,0,8.0,0.0,22002.31,0.0,22002.31,0.0,4.19
2026-06-05T02:06:46.759+00:00,191888,34904cc0-20b0-44ef-a748-ca0f5d0a3cdb,,10,FAULT,0x0100,PI_LOST,0,1,1,0,1,0,0.0,0.464,0.0,1.23,0.0,147.6,110.7,0.0,0.0,35.36,-0.15,0.0,0.0,0.0,0.0,0.0,0.0,53.6,0.0,0,0,0,0,0,8.0,0.0,22015.27,0.0,22015.27,0.0,-6.24
2026-06-05T02:06:46.950+00:00,192004,34904cc0-20b0-44ef-a748-ca0f5d0a3cdb,,10,FAULT,0x0100,PI_LOST,0,1,1,0,1,0,0.0,0.513,0.0,1.234,0.0,148.08,111.06,0.0,0.0,35.11,-0.28,0.0,0.0,0.0,0.0,0.0,0.0,56.2,0.0,0,0,0,0,0,8.0,0.0,22028.15,0.0,22028.15,0.0,-2.16
2026-06-05T02:06:47.073+00:00,192120,34904cc0-20b0-44ef-a748-ca0f5d0a3cdb,,10,FAULT,0x0100,PI_LOST,0,1,1,0,1,0,0.0,0.659,0.0,1.23,0.0,147.6,110.7,0.0,0.0,35.11,-0.28,0.0,0.0,0.0,0.0,0.0,0.0,56.0,0.0,0,0,0,0,0,8.0,0.0,22040.99,0.0,22040.99,0.0,0.0
2026-06-05T02:06:47.174+00:00,192237,34904cc0-20b0-44ef-a748-ca0f5d0a3cdb,,10,FAULT,0x0100,PI_LOST,0,1,1,0,1,0,0.0,0.317,0.0,1.224,0.0,146.88,110.16,0.0,0.0,35.85,-0.15,0.0,0.0,0.0,0.0,0.0,0.0,55.3,0.0,0,0,0,0,0,8.0,0.0,22053.88,0.0,22053.88,0.0,6.32
2026-06-05T02:06:47.226+00:00,192353,34904cc0-20b0-44ef-a748-ca0f5d0a3cdb,,10,FAULT,0x0100,PI_LOST,0,1,1,0,1,0,0.0,0.659,0.0,1.223,0.0,146.76,110.07,0.0,0.0,36.33,0.0,0.0,0.0,0.0,0.0,0.0,0.0,54.6,0.0,0,0,0,0,0,8.0,0.0,22066.65,0.0,22066.65,0.0,4.14
2026-06-05T02:06:47.344+00:00,192470,34904cc0-20b0-44ef-a748-ca0f5d0a3cdb,,10,FAULT,0x0100,PI_LOST,0,1,1,0,1,0,0.0,0.415,0.0,1.233,0.0,147.96,110.97,0.0,0.0,34.87,-0.28,0.0,0.0,0.0,0.0,0.0,0.0,54.5,0.0,0,0,0,0,0,8.0,0.0,22079.63,0.0,22079.63,0.0,-12.48
2026-06-05T02:06:47.460+00:00,192586,34904cc0-20b0-44ef-a748-ca0f5d0a3cdb,,10,FAULT,0x0100,PI_LOST,0,1,1,0,1,0,0.0,0.513,0.0,1.252,0.0,150.24,112.68,0.0,0.0,35.6,-0.15,0.0,0.0,0.0,0.0,0.0,0.0,53.9,0.0,0,0,0,0,0,8.0,0.0,22092.7,0.0,22092.7,0.0,6.29
2026-06-05T02:06:47.575+00:00,192703,34904cc0-20b0-44ef-a748-ca0f5d0a3cdb,,10,FAULT,0x0100,PI_LOST,0,1,1,0,1,0,0.0,0.659,0.0,1.251,0.0,150.12,112.59,0.0,0.0,35.11,0.0,0.0,0.0,0.0,0.0,0.0,0.0,53.4,0.0,0,0,0,0,0,8.0,0.0,22105.87,0.0,22105.87,0.0,-4.19
2026-06-05T02:06:47.711+00:00,192819,34904cc0-20b0-44ef-a748-ca0f5d0a3cdb,,10,FAULT,0x0100,PI_LOST,0,1,1,0,1,0,0.0,0.464,0.0,1.272,0.0,152.64,114.48,0.0,0.0,36.33,-0.4,0.0,0.0,0.0,0.0,0.0,0.0,53.6,0.0,0,0,0,0,0,8.0,0.0,22119.15,0.0,22119.15,0.0,10.52
2026-06-05T02:06:47.872+00:00,192935,34904cc0-20b0-44ef-a748-ca0f5d0a3cdb,,10,FAULT,0x0100,PI_LOST,0,1,1,0,1,0,0.0,0.562,0.0,1.279,0.0,153.48,115.11,0.0,0.0,35.11,-0.4,0.0,0.0,0.0,0.0,0.0,0.0,53.0,0.0,0,0,0,0,0,8.0,0.0,22132.51,0.0,22132.51,0.0,-10.52
2026-06-05T02:06:47.926+00:00,193052,34904cc0-20b0-44ef-a748-ca0f5d0a3cdb,,10,FAULT,0x0100,PI_LOST,0,1,1,0,1,0,0.0,0.415,0.0,1.26,0.0,151.2,113.4,0.0,0.0,36.58,-0.52,0.0,0.0,0.0,0.0,0.0,0.0,53.1,0.0,0,0,0,0,0,8.0,0.0,22145.78,0.0,22145.78,0.0,12.56
2026-06-05T02:06:48.042+00:00,193168,34904cc0-20b0-44ef-a748-ca0f5d0a3cdb,,10,FAULT,0x0100,PI_LOST,0,1,1,0,1,0,0.0,0.317,0.0,1.247,0.0,149.64,112.23,0.0,0.0,35.6,-0.52,0.0,0.0,0.0,0.0,0.0,0.0,52.7,0.0,0,0,0,0,0,8.0,0.0,22158.79,0.0,22158.79,0.0,-8.45
2026-06-05T02:06:48.160+00:00,193285,34904cc0-20b0-44ef-a748-ca0f5d0a3cdb,,10,FAULT,0x0100,PI_LOST,0,1,1,0,1,0,0.0,0.268,0.0,1.238,0.0,148.56,111.42,0.0,0.0,35.11,-0.4,0.0,0.0,0.0,0.0,0.0,0.0,53.2,0.0,0,0,0,0,0,8.0,0.0,22171.83,0.0,22171.83,0.0,-4.19
2026-06-05T02:06:48.275+00:00,193401,34904cc0-20b0-44ef-a748-ca0f5d0a3cdb,,10,FAULT,0x0100,PI_LOST,0,1,1,0,1,0,0.0,0.61,0.0,1.249,0.0,149.88,112.41,0.0,0.0,36.82,0.0,0.0,0.0,0.0,0.0,0.0,0.0,52.7,0.0,0,0,0,0,0,8.0,0.0,22184.87,0.0,22184.87,0.0,14.74
2026-06-05T02:06:48.428+00:00,193518,34904cc0-20b0-44ef-a748-ca0f5d0a3cdb,,10,FAULT,0x0100,PI_LOST,0,1,1,0,1,0,0.0,0.61,0.0,1.263,0.0,151.56,113.67,0.0,0.0,35.36,-0.15,0.0,0.0,0.0,0.0,0.0,0.0,52.3,0.0,0,0,0,0,0,8.0,0.0,22198.17,0.0,22198.17,0.0,-12.48
2026-06-05T02:06:48.521+00:00,193634,34904cc0-20b0-44ef-a748-ca0f5d0a3cdb,,10,FAULT,0x0100,PI_LOST,0,1,1,0,1,0,0.0,0.268,0.0,1.262,0.0,151.44,113.58,0.0,0.0,36.09,0.0,0.0,0.0,0.0,0.0,0.0,0.0,51.9,0.0,0,0,0,0,0,8.0,0.0,22211.34,0.0,22211.34,0.0,6.29
2026-06-05T02:06:48.627+00:00,193751,34904cc0-20b0-44ef-a748-ca0f5d0a3cdb,,10,FAULT,0x0100,PI_LOST,0,1,1,0,1,0,0.0,0.562,0.0,1.266,0.0,151.92,113.94,0.0,0.0,37.07,0.2,0.0,0.0,0.0,0.0,0.0,0.0,51.9,0.0,0,0,0,0,0,8.0,0.0,22224.68,0.0,22224.68,0.0,8.38
2026-06-05T02:06:48.742+00:00,193867,34904cc0-20b0-44ef-a748-ca0f5d0a3cdb,,10,FAULT,0x0100,PI_LOST,0,1,1,0,1,0,0.0,0.073,0.0,1.241,0.0,148.92,111.69,0.0,0.0,35.6,-0.52,0.0,0.0,0.0,0.0,0.0,0.0,52.9,0.0,0,0,0,0,0,8.0,0.0,22237.63,0.0,22237.63,0.0,-12.67
2026-06-05T02:06:48.860+00:00,193983,34904cc0-20b0-44ef-a748-ca0f5d0a3cdb,,10,FAULT,0x0100,PI_LOST,0,1,1,0,1,0,0.0,0.0,0.0,1.231,0.0,147.72,110.79,0.0,0.0,35.85,-0.4,0.0,0.0,0.0,0.0,0.0,0.0,52.8,0.0,0,0,0,0,0,8.0,0.0,22250.48,0.0,22250.48,0.0,2.16
2026-06-05T02:06:48.975+00:00,194100,34904cc0-20b0-44ef-a748-ca0f5d0a3cdb,,10,FAULT,0x0100,PI_LOST,0,1,1,0,1,0,0.0,0.317,0.0,1.223,0.0,146.76,110.07,0.0,0.0,35.85,-0.4,0.0,0.0,0.0,0.0,0.0,0.0,52.6,0.0,0,0,0,0,0,8.0,0.0,22263.36,0.0,22263.36,0.0,0.0
2026-06-05T02:06:49.137+00:00,194216,34904cc0-20b0-44ef-a748-ca0f5d0a3cdb,,10,FAULT,0x0100,PI_LOST,0,1,1,0,1,0,0.0,0.562,0.0,1.219,0.0,146.28,109.71,0.0,0.0,36.58,0.2,0.0,0.0,0.0,0.0,0.0,0.0,52.7,0.0,0,0,0,0,0,8.0,0.0,22276.09,0.0,22276.09,0.0,6.29
2026-06-05T02:06:49.232+00:00,194332,34904cc0-20b0-44ef-a748-ca0f5d0a3cdb,,10,FAULT,0x0100,PI_LOST,0,1,1,0,1,0,0.0,0.904,0.0,1.233,0.0,147.96,110.97,0.0,0.0,36.82,-0.4,0.0,0.0,0.0,0.0,0.0,0.0,52.6,0.0,0,0,0,0,0,8.0,0.0,22288.96,0.0,22288.96,0.0,2.07
2026-06-05T02:06:49.327+00:00,194449,34904cc0-20b0-44ef-a748-ca0f5d0a3cdb,,10,FAULT,0x0100,PI_LOST,0,1,1,0,1,0,0.0,0.659,0.0,1.249,0.0,149.88,112.41,0.0,0.0,36.33,0.2,0.0,0.0,0.0,0.0,0.0,0.0,55.8,0.0,0,0,0,0,0,8.0,0.0,22302.11,0.0,22302.11,0.0,-4.19
2026-06-05T02:06:49.442+00:00,194566,34904cc0-20b0-44ef-a748-ca0f5d0a3cdb,,10,FAULT,0x0100,PI_LOST,0,1,1,0,1,0,0.0,0.366,0.0,1.241,0.0,148.92,111.69,0.0,0.0,36.58,-0.28,0.0,0.0,0.0,0.0,0.0,0.0,55.7,0.0,0,0,0,0,0,8.0,0.0,22315.18,0.0,22315.18,0.0,2.14
2026-06-05T02:06:49.560+00:00,194681,34904cc0-20b0-44ef-a748-ca0f5d0a3cdb,,10,FAULT,0x0100,PI_LOST,0,1,1,0,1,0,0.0,0.219,0.0,1.215,0.0,145.8,109.35,0.0,0.0,36.09,-0.4,0.0,0.0,0.0,0.0,0.0,0.0,52.7,0.0,0,0,0,0,0,8.0,0.0,22327.75,0.0,22327.75,0.0,-4.26
2026-06-05T02:06:49.675+00:00,194798,34904cc0-20b0-44ef-a748-ca0f5d0a3cdb,,10,FAULT,0x0100,PI_LOST,0,1,1,0,1,0,0.0,0.513,0.0,1.214,0.0,145.68,109.26,0.0,0.0,35.36,0.0,0.0,0.0,0.0,0.0,0.0,0.0,54.9,0.0,0,0,0,0,0,8.0,0.0,22340.54,0.0,22340.54,0.0,-6.24
2026-06-05T02:06:49.862+00:00,194915,34904cc0-20b0-44ef-a748-ca0f5d0a3cdb,,10,FAULT,0x0100,PI_LOST,0,1,1,0,1,0,0.0,0.219,0.0,1.206,0.0,144.72,108.54,0.0,0.0,34.87,-0.4,0.0,0.0,0.0,0.0,0.0,0.0,55.9,0.0,0,0,0,0,0,8.0,0.0,22353.24,0.0,22353.24,0.0,-4.19
2026-06-05T02:06:49.956+00:00,195031,34904cc0-20b0-44ef-a748-ca0f5d0a3cdb,,10,FAULT,0x0100,PI_LOST,0,1,1,0,1,0,0.0,0.0,0.0,1.196,0.0,143.52,107.64,0.0,0.0,36.09,-0.4,0.0,0.0,0.0,0.0,0.0,0.0,56.2,0.0,0,0,0,0,0,8.0,0.0,22365.72,0.0,22365.72,0.0,10.52
2026-06-05T02:06:50.048+00:00,195147,34904cc0-20b0-44ef-a748-ca0f5d0a3cdb,,10,FAULT,0x0100,PI_LOST,0,1,1,0,1,0,0.0,0.513,0.0,1.175,0.0,141.0,105.75,0.0,0.0,36.09,0.0,0.0,0.0,0.0,0.0,0.0,0.0,54.3,0.0,0,0,0,0,0,8.0,0.0,22377.99,0.0,22377.99,0.0,0.0
2026-06-05T02:06:50.142+00:00,195264,34904cc0-20b0-44ef-a748-ca0f5d0a3cdb,,10,FAULT,0x0100,PI_LOST,0,1,1,0,1,0,0.0,0.708,0.0,1.184,0.0,142.08,106.56,0.0,0.0,35.36,-0.4,0.0,0.0,0.0,0.0,0.0,0.0,53.0,0.0,0,0,0,0,0,8.0,0.0,22390.46,0.0,22390.46,0.0,-6.24
2026-06-05T02:06:50.261+00:00,195381,34904cc0-20b0-44ef-a748-ca0f5d0a3cdb,,10,FAULT,0x0100,PI_LOST,0,1,1,0,1,0,0.0,0.61,0.0,1.176,0.0,141.12,105.84,0.0,0.0,36.58,0.2,0.0,0.0,0.0,0.0,0.0,0.0,52.8,0.0,0,0,0,0,0,8.0,0.0,22402.84,0.0,22402.84,0.0,10.43
2026-06-05T02:06:50.376+00:00,195496,34904cc0-20b0-44ef-a748-ca0f5d0a3cdb,,10,FAULT,0x0100,PI_LOST,0,1,1,0,1,0,0.0,0.0,0.0,1.176,0.0,141.12,105.84,0.0,0.0,35.36,-0.4,0.0,0.0,0.0,0.0,0.0,0.0,52.5,0.0,0,0,0,0,0,8.0,0.0,22415.01,0.0,22415.01,0.0,-10.61
2026-06-05T02:06:50.529+00:00,195613,34904cc0-20b0-44ef-a748-ca0f5d0a3cdb,,10,FAULT,0x0100,PI_LOST,0,1,1,0,1,0,0.0,0.61,0.0,1.2,0.0,144.0,108.0,0.0,0.0,35.36,-0.15,0.0,0.0,0.0,0.0,0.0,0.0,56.1,0.0,0,0,0,0,0,8.0,0.0,22427.65,0.0,22427.65,0.0,0.0
2026-06-05T02:06:50.678+00:00,195729,34904cc0-20b0-44ef-a748-ca0f5d0a3cdb,,10,FAULT,0x0100,PI_LOST,0,1,1,0,1,0,0.0,0.513,0.0,1.185,0.0,142.2,106.65,0.0,0.0,36.82,-0.28,0.0,0.0,0.0,0.0,0.0,0.0,56.4,0.0,0,0,0,0,0,8.0,0.0,22440.02,0.0,22440.02,0.0,12.59
2026-06-05T02:06:50.773+00:00,195846,34904cc0-20b0-44ef-a748-ca0f5d0a3cdb,,10,FAULT,0x0100,PI_LOST,0,1,1,0,1,0,0.0,0.61,0.0,1.188,0.0,142.56,106.92,0.0,0.0,35.85,0.2,0.0,0.0,0.0,0.0,0.0,0.0,56.4,0.0,0,0,0,0,0,8.0,0.0,22452.53,0.0,22452.53,0.0,-8.29
2026-06-05T02:06:50.843+00:00,195962,34904cc0-20b0-44ef-a748-ca0f5d0a3cdb,,10,FAULT,0x0100,PI_LOST,0,1,1,0,1,0,0.0,0.904,0.0,1.185,0.0,142.2,106.65,0.0,0.0,35.6,-0.28,0.0,0.0,0.0,0.0,0.0,0.0,55.8,0.0,0,0,0,0,0,8.0,0.0,22464.9,0.0,22464.9,0.0,-2.16
2026-06-05T02:06:50.958+00:00,196079,34904cc0-20b0-44ef-a748-ca0f5d0a3cdb,,10,FAULT,0x0100,PI_LOST,0,1,1,0,1,0,0.0,0.806,0.0,1.2,0.0,144.0,108.0,0.0,0.0,36.33,-0.15,0.0,0.0,0.0,0.0,0.0,0.0,55.6,0.0,0,0,0,0,0,8.0,0.0,22477.54,0.0,22477.54,0.0,6.24
2026-06-05T02:06:51.076+00:00,196195,34904cc0-20b0-44ef-a748-ca0f5d0a3cdb,,10,FAULT,0x0100,PI_LOST,0,1,1,0,1,0,0.0,0.513,0.0,1.206,0.0,144.72,108.54,0.0,0.0,36.33,0.0,0.0,0.0,0.0,0.0,0.0,0.0,55.2,0.0,0,0,0,0,0,8.0,0.0,22490.13,0.0,22490.13,0.0,0.0
2026-06-05T02:06:51.198+00:00,196312,34904cc0-20b0-44ef-a748-ca0f5d0a3cdb,,10,FAULT,0x0100,PI_LOST,0,1,1,0,1,0,0.0,0.757,0.0,1.206,0.0,144.72,108.54,0.0,0.0,35.11,0.0,0.0,0.0,0.0,0.0,0.0,0.0,55.0,0.0,0,0,0,0,0,8.0,0.0,22502.83,0.0,22502.83,0.0,-10.43
2026-06-05T02:06:51.310+00:00,196428,34904cc0-20b0-44ef-a748-ca0f5d0a3cdb,,10,FAULT,0x0100,PI_LOST,0,1,1,0,1,0,0.0,0.317,0.0,1.227,0.0,147.24,110.43,0.0,0.0,36.09,0.0,0.0,0.0,0.0,0.0,0.0,0.0,54.8,0.0,0,0,0,0,0,8.0,0.0,22515.64,0.0,22515.64,0.0,8.45
2026-06-05T02:06:51.491+00:00,196544,34904cc0-20b0-44ef-a748-ca0f5d0a3cdb,,10,FAULT,0x0100,PI_LOST,0,1,1,0,1,0,0.0,0.757,0.0,1.215,0.0,145.8,109.35,0.0,0.0,35.6,-0.28,0.0,0.0,0.0,0.0,0.0,0.0,54.7,0.0,0,0,0,0,0,8.0,0.0,22528.32,0.0,22528.32,0.0,-4.22
2026-06-05T02:06:51.543+00:00,196661,34904cc0-20b0-44ef-a748-ca0f5d0a3cdb,,10,FAULT,0x0100,PI_LOST,0,1,1,0,1,0,0.0,0.513,0.0,1.205,0.0,144.6,108.45,0.0,0.0,35.6,-0.4,0.0,0.0,0.0,0.0,0.0,0.0,53.9,0.0,0,0,0,0,0,8.0,0.0,22541.01,0.0,22541.01,0.0,0.0
2026-06-05T02:06:51.658+00:00,196777,34904cc0-20b0-44ef-a748-ca0f5d0a3cdb,,10,FAULT,0x0100,PI_LOST,0,1,1,0,1,0,0.0,0.268,0.0,1.208,0.0,144.96,108.72,0.0,0.0,35.6,-0.28,0.0,0.0,0.0,0.0,0.0,0.0,53.3,0.0,0,0,0,0,0,8.0,0.0,22553.62,0.0,22553.62,0.0,0.0
2026-06-05T02:06:51.776+00:00,196894,34904cc0-20b0-44ef-a748-ca0f5d0a3cdb,,10,FAULT,0x0100,PI_LOST,0,1,1,0,1,0,0.0,0.219,0.0,1.23,0.0,147.6,110.7,0.0,0.0,36.58,-0.15,0.0,0.0,0.0,0.0,0.0,0.0,53.2,0.0,0,0,0,0,0,8.0,0.0,22566.57,0.0,22566.57,0.0,8.38
2026-06-05T02:06:51.892+00:00,197010,34904cc0-20b0-44ef-a748-ca0f5d0a3cdb,,10,FAULT,0x0100,PI_LOST,0,1,1,0,1,0,0.0,0.317,0.0,1.236,0.0,148.32,111.24,0.0,0.0,35.36,-0.4,0.0,0.0,0.0,0.0,0.0,0.0,53.4,0.0,0,0,0,0,0,8.0,0.0,22579.48,0.0,22579.48,0.0,-10.52
2026-06-05T02:06:52.025+00:00,197127,34904cc0-20b0-44ef-a748-ca0f5d0a3cdb,,10,FAULT,0x0100,PI_LOST,0,1,1,0,1,0,0.0,1.05,0.0,1.248,0.0,149.76,112.32,0.0,0.0,36.82,-0.4,0.0,0.0,0.0,0.0,0.0,0.0,53.4,0.0,0,0,0,0,0,8.0,0.0,22592.62,0.0,22592.62,0.0,12.48
2026-06-05T02:06:52.163+00:00,197243,34904cc0-20b0-44ef-a748-ca0f5d0a3cdb,,10,FAULT,0x0100,PI_LOST,0,1,1,0,1,0,0.0,0.0,0.0,1.25,0.0,150.0,112.5,0.0,0.0,34.87,-0.4,0.0,0.0,0.0,0.0,0.0,0.0,53.3,0.0,0,0,0,0,0,8.0,0.0,22605.67,0.0,22605.67,0.0,-16.81
2026-06-05T02:06:52.243+00:00,197359,34904cc0-20b0-44ef-a748-ca0f5d0a3cdb,,10,FAULT,0x0100,PI_LOST,0,1,1,0,1,0,0.0,0.0,0.0,1.258,0.0,150.96,113.22,0.0,0.0,37.07,-0.15,0.0,0.0,0.0,0.0,0.0,0.0,53.1,0.0,0,0,0,0,0,8.0,0.0,22618.8,0.0,22618.8,0.0,18.97
2026-06-05T02:06:52.359+00:00,197476,34904cc0-20b0-44ef-a748-ca0f5d0a3cdb,,10,FAULT,0x0100,PI_LOST,0,1,1,0,1,0,0.0,0.953,0.0,1.256,0.0,150.72,113.04,0.0,0.0,36.33,-0.4,0.0,0.0,0.0,0.0,0.0,0.0,53.1,0.0,0,0,0,0,0,8.0,0.0,22632.03,0.0,22632.03,0.0,-6.32
2026-06-05T02:06:52.477+00:00,197593,34904cc0-20b0-44ef-a748-ca0f5d0a3cdb,,10,FAULT,0x0100,PI_LOST,0,1,1,0,1,0,0.0,0.659,0.0,1.274,0.0,152.88,114.66,0.0,0.0,36.09,-0.4,0.0,0.0,0.0,0.0,0.0,0.0,53.2,0.0,0,0,0,0,0,8.0,0.0,22645.44,0.0,22645.44,0.0,-2.05
2026-06-05T02:06:52.592+00:00,197709,34904cc0-20b0-44ef-a748-ca0f5d0a3cdb,,10,FAULT,0x0100,PI_LOST,0,1,1,0,1,0,0.0,0.0,0.0,1.266,0.0,151.92,113.94,0.0,0.0,35.6,-0.28,0.0,0.0,0.0,0.0,0.0,0.0,52.6,0.0,0,0,0,0,0,8.0,0.0,22658.66,0.0,22658.66,0.0,-4.22
2026-06-05T02:06:52.776+00:00,197825,34904cc0-20b0-44ef-a748-ca0f5d0a3cdb,,10,FAULT,0x0100,PI_LOST,0,1,1,0,1,0,0.0,0.317,0.0,1.271,0.0,152.52,114.39,0.0,0.0,35.36,-0.28,0.0,0.0,0.0,0.0,0.0,0.0,52.5,0.0,0,0,0,0,0,8.0,0.0,22671.93,0.0,22671.93,0.0,-2.07
2026-06-05T02:06:52.870+00:00,197942,34904cc0-20b0-44ef-a748-ca0f5d0a3cdb,,10,FAULT,0x0100,PI_LOST,0,1,1,0,1,0,0.0,1.246,0.0,1.282,0.0,153.84,115.38,0.0,0.0,35.6,-0.52,0.0,0.0,0.0,0.0,0.0,0.0,52.4,0.0,0,0,0,0,0,8.0,0.0,22685.43,0.0,22685.43,0.0,2.05
2026-06-05T02:06:52.962+00:00,198059,34904cc0-20b0-44ef-a748-ca0f5d0a3cdb,,10,FAULT,0x0100,PI_LOST,0,1,1,0,1,0,0.0,0.268,0.0,1.283,0.0,153.96,115.47,0.0,0.0,35.85,-0.52,0.0,0.0,0.0,0.0,0.0,0.0,52.1,0.0,0,0,0,0,0,8.0,0.0,22698.94,0.0,22698.94,0.0,2.14
2026-06-05T02:06:53.059+00:00,198174,34904cc0-20b0-44ef-a748-ca0f5d0a3cdb,,10,FAULT,0x0100,PI_LOST,0,1,1,0,1,0,0.0,1.197,0.0,1.289,0.0,154.68,116.01,0.0,0.0,36.58,-0.4,0.0,0.0,0.0,0.0,0.0,0.0,51.8,0.0,0,0,0,0,0,8.0,0.0,22712.28,0.0,22712.28,0.0,6.35
2026-06-05T02:06:53.177+00:00,198291,34904cc0-20b0-44ef-a748-ca0f5d0a3cdb,,10,FAULT,0x0100,PI_LOST,0,1,1,0,1,0,0.0,0.757,0.0,1.286,0.0,154.32,115.74,0.0,0.0,36.33,-0.4,0.0,0.0,0.0,0.0,0.0,0.0,52.5,0.0,0,0,0,0,0,8.0,0.0,22725.82,0.0,22725.82,0.0,-2.14
2026-06-05T02:06:53.292+00:00,198408,34904cc0-20b0-44ef-a748-ca0f5d0a3cdb,,10,FAULT,0x0100,PI_LOST,0,1,1,0,1,0,0.0,0.219,0.0,1.265,0.0,151.8,113.85,0.0,0.0,37.31,-0.15,0.0,0.0,0.0,0.0,0.0,0.0,52.4,0.0,0,0,0,0,0,8.0,0.0,22739.14,0.0,22739.14,0.0,8.38
2026-06-05T02:06:53.481+00:00,198523,34904cc0-20b0-44ef-a748-ca0f5d0a3cdb,,10,FAULT,0x0100,PI_LOST,0,1,1,0,1,0,0.0,0.61,0.0,1.266,0.0,151.92,113.94,0.0,0.0,35.6,-0.52,0.0,0.0,0.0,0.0,0.0,0.0,52.6,0.0,0,0,0,0,0,8.0,0.0,22752.25,0.0,22752.25,0.0,-14.87
2026-06-05T02:06:53.596+00:00,198640,34904cc0-20b0-44ef-a748-ca0f5d0a3cdb,,10,FAULT,0x0100,PI_LOST,0,1,1,0,1,0,0.0,1.001,0.0,1.246,0.0,149.52,112.14,0.0,0.0,35.6,-0.28,0.0,0.0,0.0,0.0,0.0,0.0,52.4,0.0,0,0,0,0,0,8.0,0.0,22765.37,0.0,22765.37,0.0,0.0
2026-06-05T02:06:53.690+00:00,198757,34904cc0-20b0-44ef-a748-ca0f5d0a3cdb,,10,FAULT,0x0100,PI_LOST,0,1,1,0,1,0,0.0,0.806,0.0,1.253,0.0,150.36,112.77,0.0,0.0,35.6,-0.4,0.0,0.0,0.0,0.0,0.0,0.0,52.2,0.0,0,0,0,0,0,8.0,0.0,22778.56,0.0,22778.56,0.0,0.0
2026-06-05T02:06:53.759+00:00,198873,34904cc0-20b0-44ef-a748-ca0f5d0a3cdb,,10,FAULT,0x0100,PI_LOST,0,1,1,0,1,0,0.0,0.024,0.0,1.248,0.0,149.76,112.32,0.0,0.0,36.82,0.0,0.0,0.0,0.0,0.0,0.0,0.0,52.3,0.0,0,0,0,0,0,8.0,0.0,22791.59,0.0,22791.59,0.0,10.52
2026-06-05T02:06:53.874+00:00,198989,34904cc0-20b0-44ef-a748-ca0f5d0a3cdb,,10,FAULT,0x0100,PI_LOST,0,1,1,0,1,0,0.0,0.659,0.0,1.267,0.0,152.04,114.03,0.0,0.0,35.36,0.0,0.0,0.0,0.0,0.0,0.0,0.0,51.9,0.0,0,0,0,0,0,8.0,0.0,22804.82,0.0,22804.82,0.0,-12.59
2026-06-05T02:06:53.992+00:00,199106,34904cc0-20b0-44ef-a748-ca0f5d0a3cdb,,10,FAULT,0x0100,PI_LOST,0,1,1,0,1,0,0.0,0.122,0.0,1.271,0.0,152.52,114.39,0.0,0.0,35.85,0.2,0.0,0.0,0.0,0.0,0.0,0.0,52.3,0.0,0,0,0,0,0,8.0,0.0,22818.2,0.0,22818.2,0.0,4.19
2026-06-05T02:06:54.115+00:00,199223,34904cc0-20b0-44ef-a748-ca0f5d0a3cdb,,10,FAULT,0x0100,PI_LOST,0,1,1,0,1,0,0.0,0.757,0.0,1.246,0.0,149.52,112.14,0.0,0.0,35.6,-0.28,0.0,0.0,0.0,0.0,0.0,0.0,51.8,0.0,0,0,0,0,0,8.0,0.0,22831.32,0.0,22831.32,0.0,-2.14
2026-06-05T02:06:54.226+00:00,199339,34904cc0-20b0-44ef-a748-ca0f5d0a3cdb,,10,FAULT,0x0100,PI_LOST,0,1,1,0,1,0,0.0,0.219,0.0,1.236,0.0,148.32,111.24,0.0,0.0,35.85,-0.28,0.0,0.0,0.0,0.0,0.0,0.0,52.2,0.0,0,0,0,0,0,8.0,0.0,22844.22,0.0,22844.22,0.0,2.16
2026-06-05T02:06:54.407+00:00,199455,34904cc0-20b0-44ef-a748-ca0f5d0a3cdb,,10,FAULT,0x0100,PI_LOST,0,1,1,0,1,0,0.0,0.0,0.0,1.253,0.0,150.36,112.77,0.0,0.0,36.58,-0.15,0.0,0.0,0.0,0.0,0.0,0.0,52.1,0.0,0,0,0,0,0,8.0,0.0,22857.31,0.0,22857.31,0.0,6.29
2026-06-05T02:06:54.459+00:00,199572,34904cc0-20b0-44ef-a748-ca0f5d0a3cdb,,10,FAULT,0x0100,PI_LOST,0,1,1,0,1,0,0.0,0.317,0.0,1.251,0.0,150.12,112.59,0.0,0.0,35.36,-0.52,0.0,0.0,0.0,0.0,0.0,0.0,52.4,0.0,0,0,0,0,0,8.0,0.0,22870.48,0.0,22870.48,0.0,-10.43
2026-06-05T02:06:54.574+00:00,199688,34904cc0-20b0-44ef-a748-ca0f5d0a3cdb,,10,FAULT,0x0100,PI_LOST,0,1,1,0,1,0,0.0,0.0,0.0,1.245,0.0,149.4,112.05,0.0,0.0,36.58,-0.15,0.0,0.0,0.0,0.0,0.0,0.0,52.6,0.0,0,0,0,0,0,8.0,0.0,22883.48,0.0,22883.48,0.0,10.52
2026-06-05T02:06:54.693+00:00,199804,34904cc0-20b0-44ef-a748-ca0f5d0a3cdb,,10,FAULT,0x0100,PI_LOST,0,1,1,0,1,0,0.0,0.317,0.0,1.257,0.0,150.84,113.13,0.0,0.0,35.11,-0.28,0.0,0.0,0.0,0.0,0.0,0.0,52.5,0.0,0,0,0,0,0,8.0,0.0,22896.6,0.0,22896.6,0.0,-12.67
2026-06-05T02:06:54.808+00:00,199921,34904cc0-20b0-44ef-a748-ca0f5d0a3cdb,,10,FAULT,0x0100,PI_LOST,0,1,1,0,1,0,0.0,0.757,0.0,1.269,0.0,152.28,114.21,0.0,0.0,36.82,-0.4,0.0,0.0,0.0,0.0,0.0,0.0,52.0,0.0,0,0,0,0,0,8.0,0.0,22909.96,0.0,22909.96,0.0,14.62
2026-06-05T02:06:54.945+00:00,200037,34904cc0-20b0-44ef-a748-ca0f5d0a3cdb,,10,FAULT,0x0100,PI_LOST,0,1,1,0,1,0,0.0,0.464,0.0,1.271,0.0,152.52,114.39,0.0,0.0,35.85,-0.4,0.0,0.0,0.0,0.0,0.0,0.0,52.6,0.0,0,0,0,0,0,8.0,0.0,22923.23,0.0,22923.23,0.0,-8.36
2026-06-05T02:06:55.106+00:00,200154,34904cc0-20b0-44ef-a748-ca0f5d0a3cdb,,10,FAULT,0x0100,PI_LOST,0,1,1,0,1,0,0.0,0.415,0.0,1.273,0.0,152.76,114.57,0.0,0.0,37.56,-0.4,0.0,0.0,0.0,0.0,0.0,0.0,52.5,0.0,0,0,0,0,0,8.0,0.0,22936.64,0.0,22936.64,0.0,14.62
2026-06-05T02:06:55.159+00:00,200270,34904cc0-20b0-44ef-a748-ca0f5d0a3cdb,,10,FAULT,0x0100,PI_LOST,0,1,1,0,1,0,0.0,1.001,0.0,1.263,0.0,151.56,113.67,0.0,0.0,36.09,-0.4,0.0,0.0,0.0,0.0,0.0,0.0,51.6,0.0,0,0,0,0,0,8.0,0.0,22949.82,0.0,22949.82,0.0,-12.67
2026-06-05T02:06:55.275+00:00,200387,34904cc0-20b0-44ef-a748-ca0f5d0a3cdb,,10,FAULT,0x0100,PI_LOST,0,1,1,0,1,0,0.0,0.806,0.0,1.269,0.0,152.28,114.21,0.0,0.0,34.87,-0.4,0.0,0.0,0.0,0.0,0.0,0.0,52.0,0.0,0,0,0,0,0,8.0,0.0,22963.18,0.0,22963.18,0.0,-10.43
2026-06-05T02:06:55.393+00:00,200503,34904cc0-20b0-44ef-a748-ca0f5d0a3cdb,,10,FAULT,0x0100,PI_LOST,0,1,1,0,1,0,0.0,0.0,0.0,1.261,0.0,151.32,113.49,0.0,0.0,35.85,-0.52,0.0,0.0,0.0,0.0,0.0,0.0,51.9,0.0,0,0,0,0,0,8.0,0.0,22976.35,0.0,22976.35,0.0,8.45
2026-06-05T02:06:55.508+00:00,200620,34904cc0-20b0-44ef-a748-ca0f5d0a3cdb,,10,FAULT,0x0100,PI_LOST,0,1,1,0,1,0,0.0,1.001,0.0,1.27,0.0,152.4,114.3,0.0,0.0,36.33,-0.4,0.0,0.0,0.0,0.0,0.0,0.0,51.3,0.0,0,0,0,0,0,8.0,0.0,22989.72,0.0,22989.72,0.0,4.1
2026-06-05T02:06:55.661+00:00,200736,34904cc0-20b0-44ef-a748-ca0f5d0a3cdb,,10,FAULT,0x0100,PI_LOST,0,1,1,0,1,0,0.0,1.197,0.0,1.283,0.0,153.96,115.47,0.0,0.0,35.6,-0.28,0.0,0.0,0.0,0.0,0.0,0.0,51.3,0.0,0,0,0,0,0,8.0,0.0,23003.12,0.0,23003.12,0.0,-6.29
2026-06-05T02:06:55.754+00:00,200852,34904cc0-20b0-44ef-a748-ca0f5d0a3cdb,,10,FAULT,0x0100,PI_LOST,0,1,1,0,1,0,0.0,0.904,0.0,1.308,0.0,156.96,117.72,0.0,0.0,37.31,0.45,0.0,0.0,0.0,0.0,0.0,0.0,52.3,0.0,0,0,0,0,0,8.0,0.0,23016.77,0.0,23016.77,0.0,14.74
2026-06-05T02:06:55.860+00:00,200969,34904cc0-20b0-44ef-a748-ca0f5d0a3cdb,,10,FAULT,0x0100,PI_LOST,0,1,1,0,1,0,0.0,0.317,0.0,1.305,0.0,156.6,117.45,0.0,0.0,36.09,-0.4,0.0,0.0,0.0,0.0,0.0,0.0,52.9,0.0,0,0,0,0,0,8.0,0.0,23030.51,0.0,23030.51,0.0,-10.43
2026-06-05T02:06:55.975+00:00,201085,34904cc0-20b0-44ef-a748-ca0f5d0a3cdb,,10,FAULT,0x0100,PI_LOST,0,1,1,0,1,0,0.0,0.904,0.0,1.295,0.0,155.4,116.55,0.0,0.0,35.11,-0.4,0.0,0.0,0.0,0.0,0.0,0.0,52.4,0.0,0,0,0,0,0,8.0,0.0,23044.03,0.0,23044.03,0.0,-8.45
2026-06-05T02:06:56.093+00:00,201201,34904cc0-20b0-44ef-a748-ca0f5d0a3cdb,,10,FAULT,0x0100,PI_LOST,0,1,1,0,1,0,0.0,0.024,0.0,1.296,0.0,155.52,116.64,0.0,0.0,35.36,-0.52,0.0,0.0,0.0,0.0,0.0,0.0,52.6,0.0,0,0,0,0,0,8.0,0.0,23057.56,0.0,23057.56,0.0,2.16
2026-06-05T02:06:56.208+00:00,201318,34904cc0-20b0-44ef-a748-ca0f5d0a3cdb,,10,FAULT,0x0100,PI_LOST,0,1,1,0,1,0,0.0,0.513,0.0,1.312,0.0,157.44,118.08,0.0,0.0,35.85,-0.15,0.0,0.0,0.0,0.0,0.0,0.0,52.4,0.0,0,0,0,0,0,8.0,0.0,23071.38,0.0,23071.38,0.0,4.19
2026-06-05T02:06:56.381+00:00,201435,34904cc0-20b0-44ef-a748-ca0f5d0a3cdb,,10,FAULT,0x0100,PI_LOST,0,1,1,0,1,0,0.0,0.464,0.0,1.302,0.0,156.24,117.18,0.0,0.0,36.58,-0.15,0.0,0.0,0.0,0.0,0.0,0.0,52.6,0.0,0,0,0,0,0,8.0,0.0,23085.09,0.0,23085.09,0.0,6.24
2026-06-05T02:06:56.475+00:00,201550,34904cc0-20b0-44ef-a748-ca0f5d0a3cdb,,10,FAULT,0x0100,PI_LOST,0,1,1,0,1,0,0.0,0.0,0.0,1.304,0.0,156.48,117.36,0.0,0.0,36.33,-0.52,0.0,0.0,0.0,0.0,0.0,0.0,52.0,0.0,0,0,0,0,0,8.0,0.0,23098.59,0.0,23098.59,0.0,-2.17
2026-06-05T02:06:56.565+00:00,201667,34904cc0-20b0-44ef-a748-ca0f5d0a3cdb,,10,FAULT,0x0100,PI_LOST,0,1,1,0,1,0,0.0,0.268,0.0,1.305,0.0,156.6,117.45,0.0,0.0,36.33,-0.4,0.0,0.0,0.0,0.0,0.0,0.0,52.2,0.0,0,0,0,0,0,8.0,0.0,23112.33,0.0,23112.33,0.0,0.0
2026-06-05T02:06:56.676+00:00,201784,34904cc0-20b0-44ef-a748-ca0f5d0a3cdb,,10,FAULT,0x0100,PI_LOST,0,1,1,0,1,0,0.0,0.024,0.0,1.303,0.0,156.36,117.27,0.0,0.0,35.36,-0.4,0.0,0.0,0.0,0.0,0.0,0.0,51.9,0.0,0,0,0,0,0,8.0,0.0,23126.05,0.0,23126.05,0.0,-8.29
2026-06-05T02:06:56.791+00:00,201900,34904cc0-20b0-44ef-a748-ca0f5d0a3cdb,,10,FAULT,0x0100,PI_LOST,0,1,1,0,1,0,0.0,0.317,0.0,1.298,0.0,155.76,116.82,0.0,0.0,35.85,0.0,0.0,0.0,0.0,0.0,0.0,0.0,52.4,0.0,0,0,0,0,0,8.0,0.0,23139.6,0.0,23139.6,0.0,4.22
2026-06-05T02:06:56.908+00:00,202016,34904cc0-20b0-44ef-a748-ca0f5d0a3cdb,,10,FAULT,0x0100,PI_LOST,0,1,1,0,1,0,0.0,0.464,0.0,1.297,0.0,155.64,116.73,0.0,0.0,36.58,-0.15,0.0,0.0,0.0,0.0,0.0,0.0,52.3,0.0,0,0,0,0,0,8.0,0.0,23153.14,0.0,23153.14,0.0,6.29
2026-06-05T02:06:57.101+00:00,202133,34904cc0-20b0-44ef-a748-ca0f5d0a3cdb,,10,FAULT,0x0100,PI_LOST,0,1,1,0,1,0,0.0,0.073,0.0,1.289,0.0,154.68,116.01,0.0,0.0,35.85,-0.4,0.0,0.0,0.0,0.0,0.0,0.0,52.6,0.0,0,0,0,0,0,8.0,0.0,23166.71,0.0,23166.71,0.0,-6.24
2026-06-05T02:06:57.200+00:00,202249,34904cc0-20b0-44ef-a748-ca0f5d0a3cdb,,10,FAULT,0x0100,PI_LOST,0,1,1,0,1,0,0.0,1.001,0.0,1.282,0.0,153.84,115.38,0.0,0.0,36.09,-0.4,0.0,0.0,0.0,0.0,0.0,0.0,52.4,0.0,0,0,0,0,0,8.0,0.0,23180.1,0.0,23180.1,0.0,2.07
2026-06-05T02:06:57.326+00:00,202365,34904cc0-20b0-44ef-a748-ca0f5d0a3cdb,,10,FAULT,0x0100,PI_LOST,0,1,1,0,1,0,0.0,0.806,0.0,1.308,0.0,156.96,117.72,0.0,0.0,37.07,0.0,0.0,0.0,0.0,0.0,0.0,0.0,52.7,0.0,0,0,0,0,0,8.0,0.0,23193.75,0.0,23193.75,0.0,8.45
2026-06-05T02:06:57.375+00:00,202482,34904cc0-20b0-44ef-a748-ca0f5d0a3cdb,,10,FAULT,0x0100,PI_LOST,0,1,1,0,1,0,0.0,0.562,0.0,1.313,0.0,157.56,118.17,0.0,0.0,36.82,0.32,0.0,0.0,0.0,0.0,0.0,0.0,52.9,0.0,0,0,0,0,0,8.0,0.0,23207.58,0.0,23207.58,0.0,-2.14
2026-06-05T02:06:57.490+00:00,202598,34904cc0-20b0-44ef-a748-ca0f5d0a3cdb,,10,FAULT,0x0100,PI_LOST,0,1,1,0,1,0,0.0,1.099,0.0,1.308,0.0,156.96,117.72,0.0,0.0,34.87,-0.4,0.0,0.0,0.0,0.0,0.0,0.0,53.4,0.0,0,0,0,0,0,8.0,0.0,23221.23,0.0,23221.23,0.0,-16.81
2026-06-05T02:06:57.609+00:00,202715,34904cc0-20b0-44ef-a748-ca0f5d0a3cdb,,10,FAULT,0x0100,PI_LOST,0,1,1,0,1,0,0.0,1.295,0.0,1.296,0.0,155.52,116.64,0.0,0.0,36.09,-0.28,0.0,0.0,0.0,0.0,0.0,0.0,53.4,0.0,0,0,0,0,0,8.0,0.0,23234.88,0.0,23234.88,0.0,10.43
2026-06-05T02:06:57.724+00:00,202831,34904cc0-20b0-44ef-a748-ca0f5d0a3cdb,,10,FAULT,0x0100,PI_LOST,0,1,1,0,1,0,0.0,0.366,0.0,1.293,0.0,155.16,116.37,0.0,0.0,35.36,-0.15,0.0,0.0,0.0,0.0,0.0,0.0,52.6,0.0,0,0,0,0,0,8.0,0.0,23248.38,0.0,23248.38,0.0,-6.29
2026-06-05T02:06:57.862+00:00,202948,34904cc0-20b0-44ef-a748-ca0f5d0a3cdb,,10,FAULT,0x0100,PI_LOST,0,1,1,0,1,0,0.0,0.855,0.0,1.305,0.0,156.6,117.45,0.0,0.0,36.58,0.2,0.0,0.0,0.0,0.0,0.0,0.0,52.5,0.0,0,0,0,0,0,8.0,0.0,23262.12,0.0,23262.12,0.0,10.43
2026-06-05T02:06:57.986+00:00,203064,34904cc0-20b0-44ef-a748-ca0f5d0a3cdb,,10,FAULT,0x0100,PI_LOST,0,1,1,0,1,0,0.0,0.806,0.0,1.346,0.0,161.52,121.14,0.0,0.0,37.56,-0.15,0.0,0.0,0.0,0.0,0.0,0.0,52.7,0.0,0,0,0,0,0,8.0,0.0,23276.17,0.0,23276.17,0.0,8.45
2026-06-05T02:06:58.076+00:00,203181,34904cc0-20b0-44ef-a748-ca0f5d0a3cdb,,10,FAULT,0x0100,PI_LOST,0,1,1,0,1,0,0.0,0.855,0.0,1.351,0.0,162.12,121.59,0.0,0.0,37.07,-0.28,0.0,0.0,0.0,0.0,0.0,0.0,52.7,0.0,0,0,0,0,0,8.0,0.0,23290.4,0.0,23290.4,0.0,-4.19
2026-06-05T02:06:58.191+00:00,203297,34904cc0-20b0-44ef-a748-ca0f5d0a3cdb,,10,FAULT,0x0100,PI_LOST,0,1,1,0,1,0,0.0,0.61,0.0,1.36,0.0,163.2,122.4,0.0,0.0,36.58,0.0,0.0,0.0,0.0,0.0,0.0,0.0,52.6,0.0,0,0,0,0,0,8.0,0.0,23304.6,0.0,23304.6,0.0,-4.22
2026-06-05T02:06:58.309+00:00,203413,34904cc0-20b0-44ef-a748-ca0f5d0a3cdb,,10,FAULT,0x0100,PI_LOST,0,1,1,0,1,0,0.0,0.171,0.0,1.343,0.0,161.16,120.87,0.0,0.0,34.87,-0.15,0.0,0.0,0.0,0.0,0.0,0.0,53.0,0.0,0,0,0,0,0,8.0,0.0,23318.62,0.0,23318.62,0.0,-14.74
2026-06-05T02:06:58.424+00:00,203530,34904cc0-20b0-44ef-a748-ca0f5d0a3cdb,,10,FAULT,0x0100,PI_LOST,0,1,1,0,1,0,0.0,0.513,0.0,1.355,0.0,162.6,121.95,0.0,0.0,35.6,-0.28,0.0,0.0,0.0,0.0,0.0,0.0,52.8,0.0,0,0,0,0,0,8.0,0.0,23332.89,0.0,23332.89,0.0,6.24
2026-06-05T02:06:58.577+00:00,203646,34904cc0-20b0-44ef-a748-ca0f5d0a3cdb,,10,FAULT,0x0100,PI_LOST,0,1,1,0,1,0,0.0,0.513,0.0,1.361,0.0,163.32,122.49,0.0,0.0,36.58,0.0,0.0,0.0,0.0,0.0,0.0,0.0,53.2,0.0,0,0,0,0,0,8.0,0.0,23347.1,0.0,23347.1,0.0,8.45
2026-06-05T02:06:58.669+00:00,203762,34904cc0-20b0-44ef-a748-ca0f5d0a3cdb,,10,FAULT,0x0100,PI_LOST,0,1,1,0,1,0,0.0,1.099,0.0,1.345,0.0,161.4,121.05,0.0,0.0,37.07,-0.4,0.0,0.0,0.0,0.0,0.0,0.0,52.8,0.0,0,0,0,0,0,8.0,0.0,23361.14,0.0,23361.14,0.0,4.22
2026-06-05T02:06:58.773+00:00,203879,34904cc0-20b0-44ef-a748-ca0f5d0a3cdb,,10,FAULT,0x0100,PI_LOST,0,1,1,0,1,0,0.0,0.073,0.0,1.348,0.0,161.76,121.32,0.0,0.0,35.6,-0.28,0.0,0.0,0.0,0.0,0.0,0.0,52.6,0.0,0,0,0,0,0,8.0,0.0,23375.33,0.0,23375.33,0.0,-12.56
2026-06-05T02:06:58.891+00:00,203996,34904cc0-20b0-44ef-a748-ca0f5d0a3cdb,,10,FAULT,0x0100,PI_LOST,0,1,1,0,1,0,0.0,0.0,0.0,1.345,0.0,161.4,121.05,0.0,0.0,35.36,-0.52,0.0,0.0,0.0,0.0,0.0,0.0,52.6,0.0,0,0,0,0,0,8.0,0.0,23389.5,0.0,23389.5,0.0,-2.05
2026-06-05T02:06:59.006+00:00,204111,34904cc0-20b0-44ef-a748-ca0f5d0a3cdb,,10,FAULT,0x0100,PI_LOST,0,1,1,0,1,0,0.0,0.317,0.0,1.342,0.0,161.04,120.78,0.0,0.0,36.58,0.0,0.0,0.0,0.0,0.0,0.0,0.0,53.2,0.0,0,0,0,0,0,8.0,0.0,23403.39,0.0,23403.39,0.0,10.61
2026-06-05T02:06:59.124+00:00,204228,34904cc0-20b0-44ef-a748-ca0f5d0a3cdb,,10,FAULT,0x0100,PI_LOST,0,1,1,0,1,0,0.0,0.366,0.0,1.346,0.0,161.52,121.14,0.0,0.0,36.09,-0.28,0.0,0.0,0.0,0.0,0.0,0.0,53.0,0.0,0,0,0,0,0,8.0,0.0,23417.56,0.0,23417.56,0.0,-4.19
2026-06-05T02:06:59.296+00:00,204345,34904cc0-20b0-44ef-a748-ca0f5d0a3cdb,,10,FAULT,0x0100,PI_LOST,0,1,1,0,1,0,0.0,0.219,0.0,1.349,0.0,161.88,121.41,0.0,0.0,35.6,-0.28,0.0,0.0,0.0,0.0,0.0,0.0,53.9,0.0,0,0,0,0,0,8.0,0.0,23431.76,0.0,23431.76,0.0,-4.19
2026-06-05T02:06:59.390+00:00,204461,34904cc0-20b0-44ef-a748-ca0f5d0a3cdb,,10,FAULT,0x0100,PI_LOST,0,1,1,0,1,0,0.0,0.073,0.0,1.355,0.0,162.6,121.95,0.0,0.0,35.36,-0.28,0.0,0.0,0.0,0.0,0.0,0.0,54.2,0.0,0,0,0,0,0,8.0,0.0,23445.91,0.0,23445.91,0.0,-2.07
2026-06-05T02:06:59.481+00:00,204577,34904cc0-20b0-44ef-a748-ca0f5d0a3cdb,,10,FAULT,0x0100,PI_LOST,0,1,1,0,1,0,0.0,0.0,0.0,1.346,0.0,161.52,121.14,0.0,0.0,35.36,-0.52,0.0,0.0,0.0,0.0,0.0,0.0,53.5,0.0,0,0,0,0,0,8.0,0.0,23459.96,0.0,23459.96,0.0,0.0
2026-06-05T02:06:59.591+00:00,204694,34904cc0-20b0-44ef-a748-ca0f5d0a3cdb,,10,FAULT,0x0100,PI_LOST,0,1,1,0,1,0,0.0,0.708,0.0,1.362,0.0,163.44,122.58,0.0,0.0,36.09,-0.28,0.0,0.0,0.0,0.0,0.0,0.0,53.1,0.0,0,0,0,0,0,8.0,0.0,23474.3,0.0,23474.3,0.0,6.24
2026-06-05T02:06:59.707+00:00,204810,34904cc0-20b0-44ef-a748-ca0f5d0a3cdb,,10,FAULT,0x0100,PI_LOST,0,1,1,0,1,0,0.0,0.171,0.0,1.344,0.0,161.28,120.96,0.0,0.0,35.85,-0.52,0.0,0.0,0.0,0.0,0.0,0.0,53.3,0.0,0,0,0,0,0,8.0,0.0,23488.34,0.0,23488.34,0.0,-2.07
2026-06-05T02:06:59.825+00:00,204926,34904cc0-20b0-44ef-a748-ca0f5d0a3cdb,,10,FAULT,0x0100,PI_LOST,0,1,1,0,1,0,0.0,0.513,0.0,1.349,0.0,161.88,121.41,0.0,0.0,36.58,0.2,0.0,0.0,0.0,0.0,0.0,0.0,53.3,0.0,0,0,0,0,0,8.0,0.0,23502.42,0.0,23502.42,0.0,6.29
2026-06-05T02:07:00.016+00:00,205043,34904cc0-20b0-44ef-a748-ca0f5d0a3cdb,,10,FAULT,0x0100,PI_LOST,0,1,1,0,1,0,0.0,0.562,0.0,1.346,0.0,161.52,121.14,0.0,0.0,37.07,0.0,0.0,0.0,0.0,0.0,0.0,0.0,53.0,0.0,0,0,0,0,0,8.0,0.0,23516.59,0.0,23516.59,0.0,4.19
2026-06-05T02:07:00.114+00:00,205160,34904cc0-20b0-44ef-a748-ca0f5d0a3cdb,,10,FAULT,0x0100,PI_LOST,0,1,1,0,1,0,0.0,1.05,0.0,1.343,0.0,161.16,120.87,0.0,0.0,36.58,-0.4,0.0,0.0,0.0,0.0,0.0,0.0,52.9,0.0,0,0,0,0,0,8.0,0.0,23530.73,0.0,23530.73,0.0,-4.19
2026-06-05T02:07:00.208+00:00,205276,34904cc0-20b0-44ef-a748-ca0f5d0a3cdb,,10,FAULT,0x0100,PI_LOST,0,1,1,0,1,0,0.0,0.855,0.0,1.319,0.0,158.28,118.71,0.0,0.0,37.56,-0.4,0.0,0.0,0.0,0.0,0.0,0.0,52.8,0.0,0,0,0,0,0,8.0,0.0,23544.5,0.0,23544.5,0.0,8.45
2026-06-05T02:07:00.291+00:00,205392,34904cc0-20b0-44ef-a748-ca0f5d0a3cdb,,10,FAULT,0x0100,PI_LOST,0,1,1,0,1,0,0.0,1.099,0.0,1.318,0.0,158.16,118.62,0.0,0.0,36.58,-0.52,0.0,0.0,0.0,0.0,0.0,0.0,52.6,0.0,0,0,0,0,0,8.0,0.0,23558.26,0.0,23558.26,0.0,-8.45
2026-06-05T02:07:00.407+00:00,205509,34904cc0-20b0-44ef-a748-ca0f5d0a3cdb,,10,FAULT,0x0100,PI_LOST,0,1,1,0,1,0,0.0,0.855,0.0,1.322,0.0,158.64,118.98,0.0,0.0,35.85,-0.52,0.0,0.0,0.0,0.0,0.0,0.0,52.4,0.0,0,0,0,0,0,8.0,0.0,23572.18,0.0,23572.18,0.0,-6.24
2026-06-05T02:07:00.525+00:00,205625,34904cc0-20b0-44ef-a748-ca0f5d0a3cdb,,10,FAULT,0x0100,PI_LOST,0,1,1,0,1,0,0.0,0.806,0.0,1.315,0.0,157.8,118.35,0.0,0.0,37.07,-0.4,0.0,0.0,0.0,0.0,0.0,0.0,52.3,0.0,0,0,0,0,0,8.0,0.0,23585.91,0.0,23585.91,0.0,10.52
2026-06-05T02:07:00.640+00:00,205742,34904cc0-20b0-44ef-a748-ca0f5d0a3cdb,,10,FAULT,0x0100,PI_LOST,0,1,1,0,1,0,0.0,0.073,0.0,1.31,0.0,157.2,117.9,0.0,0.0,34.87,-0.15,0.0,0.0,0.0,0.0,0.0,0.0,52.7,0.0,0,0,0,0,0,8.0,0.0,23599.71,0.0,23599.71,0.0,-18.8
2026-06-05T02:07:00.832+00:00,205858,34904cc0-20b0-44ef-a748-ca0f5d0a3cdb,,10,FAULT,0x0100,PI_LOST,0,1,1,0,1,0,0.0,0.317,0.0,1.313,0.0,157.56,118.17,0.0,0.0,36.58,-0.28,0.0,0.0,0.0,0.0,0.0,0.0,53.7,0.0,0,0,0,0,0,8.0,0.0,23613.42,0.0,23613.42,0.0,14.74
2026-06-05T02:07:00.928+00:00,205974,34904cc0-20b0-44ef-a748-ca0f5d0a3cdb,,10,FAULT,0x0100,PI_LOST,0,1,1,0,1,0,0.0,0.0,0.0,1.308,0.0,156.96,117.72,0.0,0.0,35.6,-0.4,0.0,0.0,0.0,0.0,0.0,0.0,52.8,0.0,0,0,0,0,0,8.0,0.0,23627.07,0.0,23627.07,0.0,-8.45
2026-06-05T02:07:00.992+00:00,206091,34904cc0-20b0-44ef-a748-ca0f5d0a3cdb,,10,FAULT,0x0100,PI_LOST,0,1,1,0,1,0,0.0,0.464,0.0,1.329,0.0,159.48,119.61,0.0,0.0,36.33,0.0,0.0,0.0,0.0,0.0,0.0,0.0,53.1,0.0,0,0,0,0,0,8.0,0.0,23641.07,0.0,23641.07,0.0,6.24
2026-06-05T02:07:01.107+00:00,206208,34904cc0-20b0-44ef-a748-ca0f5d0a3cdb,,10,FAULT,0x0100,PI_LOST,0,1,1,0,1,0,0.0,0.708,0.0,1.335,0.0,160.2,120.15,0.0,0.0,36.33,0.0,0.0,0.0,0.0,0.0,0.0,0.0,52.5,0.0,0,0,0,0,0,8.0,0.0,23655.12,0.0,23655.12,0.0,0.0
2026-06-05T02:07:01.225+00:00,206323,34904cc0-20b0-44ef-a748-ca0f5d0a3cdb,,10,FAULT,0x0100,PI_LOST,0,1,1,0,1,0,0.0,0.953,0.0,1.341,0.0,160.92,120.69,0.0,0.0,35.36,-0.4,0.0,0.0,0.0,0.0,0.0,0.0,53.0,0.0,0,0,0,0,0,8.0,0.0,23669.0,0.0,23669.0,0.0,-8.43
2026-06-05T02:07:01.340+00:00,206440,34904cc0-20b0-44ef-a748-ca0f5d0a3cdb,,10,FAULT,0x0100,PI_LOST,0,1,1,0,1,0,0.0,1.099,0.0,1.327,0.0,159.24,119.43,0.0,0.0,35.85,-0.64,0.0,0.0,0.0,0.0,0.0,0.0,52.7,0.0,0,0,0,0,0,8.0,0.0,23682.98,0.0,23682.98,0.0,4.19
2026-06-05T02:07:01.463+00:00,206557,34904cc0-20b0-44ef-a748-ca0f5d0a3cdb,,10,FAULT,0x0100,PI_LOST,0,1,1,0,1,0,0.0,0.171,0.0,1.313,0.0,157.56,118.17,0.0,0.0,35.6,-0.28,0.0,0.0,0.0,0.0,0.0,0.0,53.0,0.0,0,0,0,0,0,8.0,0.0,23696.8,0.0,23696.8,0.0,-2.14
2026-06-05T02:07:01.646+00:00,206672,34904cc0-20b0-44ef-a748-ca0f5d0a3cdb,,10,FAULT,0x0100,PI_LOST,0,1,1,0,1,0,0.0,0.366,0.0,1.3,0.0,156.0,117.0,0.0,0.0,35.6,-0.15,0.0,0.0,0.0,0.0,0.0,0.0,52.8,0.0,0,0,0,0,0,8.0,0.0,23710.26,0.0,23710.26,0.0,0.0
2026-06-05T02:07:01.689+00:00,206789,34904cc0-20b0-44ef-a748-ca0f5d0a3cdb,,10,FAULT,0x0100,PI_LOST,0,1,1,0,1,0,0.0,0.953,0.0,1.309,0.0,157.08,117.81,0.0,0.0,36.58,-0.28,0.0,0.0,0.0,0.0,0.0,0.0,52.6,0.0,0,0,0,0,0,8.0,0.0,23724.04,0.0,23724.04,0.0,8.38
2026-06-05T02:07:01.807+00:00,206906,34904cc0-20b0-44ef-a748-ca0f5d0a3cdb,,10,FAULT,0x0100,PI_LOST,0,1,1,0,1,0,0.0,0.0,0.0,1.307,0.0,156.84,117.63,0.0,0.0,35.36,-0.52,0.0,0.0,0.0,0.0,0.0,0.0,52.5,0.0,0,0,0,0,0,8.0,0.0,23737.8,0.0,23737.8,0.0,-10.43
2026-06-05T02:07:01.922+00:00,207023,34904cc0-20b0-44ef-a748-ca0f5d0a3cdb,,10,FAULT,0x0100,PI_LOST,0,1,1,0,1,0,0.0,0.024,0.0,1.304,0.0,156.48,117.36,0.0,0.0,35.36,-0.4,0.0,0.0,0.0,0.0,0.0,0.0,52.5,0.0,0,0,0,0,0,8.0,0.0,23751.53,0.0,23751.53,0.0,0.0
2026-06-05T02:07:02.040+00:00,207138,34904cc0-20b0-44ef-a748-ca0f5d0a3cdb,,10,FAULT,0x0100,PI_LOST,0,1,1,0,1,0,0.0,0.366,0.0,1.296,0.0,155.52,116.64,0.0,0.0,36.09,-0.4,0.0,0.0,0.0,0.0,0.0,0.0,52.8,0.0,0,0,0,0,0,8.0,0.0,23764.95,0.0,23764.95,0.0,6.35
2026-06-05T02:07:02.184+00:00,207255,34904cc0-20b0-44ef-a748-ca0f5d0a3cdb,,10,FAULT,0x0100,PI_LOST,0,1,1,0,1,0,0.0,1.001,0.0,1.298,0.0,155.76,116.82,0.0,0.0,37.8,-0.28,0.0,0.0,0.0,0.0,0.0,0.0,53.0,0.0,0,0,0,0,0,8.0,0.0,23778.62,0.0,23778.62,0.0,14.62
2026-06-05T02:07:02.279+00:00,207371,34904cc0-20b0-44ef-a748-ca0f5d0a3cdb,,10,FAULT,0x0100,PI_LOST,0,1,1,0,1,0,0.0,0.219,0.0,1.304,0.0,156.48,117.36,0.0,0.0,35.36,-0.28,0.0,0.0,0.0,0.0,0.0,0.0,52.7,0.0,0,0,0,0,0,8.0,0.0,23792.23,0.0,23792.23,0.0,-21.03
2026-06-05T02:07:02.410+00:00,207488,34904cc0-20b0-44ef-a748-ca0f5d0a3cdb,,10,FAULT,0x0100,PI_LOST,0,1,1,0,1,0,0.0,0.562,0.0,1.311,0.0,157.32,117.99,0.0,0.0,36.09,0.0,0.0,0.0,0.0,0.0,0.0,0.0,53.1,0.0,0,0,0,0,0,8.0,0.0,23806.03,0.0,23806.03,0.0,6.24
2026-06-05T02:07:02.507+00:00,207604,34904cc0-20b0-44ef-a748-ca0f5d0a3cdb,,10,FAULT,0x0100,PI_LOST,0,1,1,0,1,0,0.0,0.073,0.0,1.313,0.0,157.56,118.17,0.0,0.0,35.11,-0.52,0.0,0.0,0.0,0.0,0.0,0.0,52.8,0.0,0,0,0,0,0,8.0,0.0,23819.74,0.0,23819.74,0.0,-8.45
2026-06-05T02:07:02.623+00:00,207720,34904cc0-20b0-44ef-a748-ca0f5d0a3cdb,,10,FAULT,0x0100,PI_LOST,0,1,1,0,1,0,0.0,0.464,0.0,1.313,0.0,157.56,118.17,0.0,0.0,35.6,-0.4,0.0,0.0,0.0,0.0,0.0,0.0,53.2,0.0,0,0,0,0,0,8.0,0.0,23833.45,0.0,23833.45,0.0,4.22
2026-06-05T02:07:02.741+00:00,207837,34904cc0-20b0-44ef-a748-ca0f5d0a3cdb,,10,FAULT,0x0100,PI_LOST,0,1,1,0,1,0,0.0,0.0,0.0,1.299,0.0,155.88,116.91,0.0,0.0,35.36,-0.4,0.0,0.0,0.0,0.0,0.0,0.0,53.1,0.0,0,0,0,0,0,8.0,0.0,23847.13,0.0,23847.13,0.0,-2.05
2026-06-05T02:07:02.917+00:00,207953,34904cc0-20b0-44ef-a748-ca0f5d0a3cdb,,10,FAULT,0x0100,PI_LOST,0,1,1,0,1,0,0.0,1.001,0.0,1.289,0.0,154.68,116.01,0.0,0.0,36.09,-0.4,0.0,0.0,0.0,0.0,0.0,0.0,53.2,0.0,0,0,0,0,0,8.0,0.0,23860.59,0.0,23860.59,0.0,6.29
2026-06-05T02:07:03.044+00:00,208069,34904cc0-20b0-44ef-a748-ca0f5d0a3cdb,,10,FAULT,0x0100,PI_LOST,0,1,1,0,1,0,0.0,0.219,0.0,1.276,0.0,153.12,114.84,0.0,0.0,36.09,-0.4,0.0,0.0,0.0,0.0,0.0,0.0,53.8,0.0,0,0,0,0,0,8.0,0.0,23873.91,0.0,23873.91,0.0,0.0
2026-06-05T02:07:03.139+00:00,208186,34904cc0-20b0-44ef-a748-ca0f5d0a3cdb,,10,FAULT,0x0100,PI_LOST,0,1,1,0,1,0,0.0,0.171,0.0,1.258,0.0,150.96,113.22,0.0,0.0,36.58,-0.28,0.0,0.0,0.0,0.0,0.0,0.0,54.4,0.0,0,0,0,0,0,8.0,0.0,23887.15,0.0,23887.15,0.0,4.19
2026-06-05T02:07:03.207+00:00,208303,34904cc0-20b0-44ef-a748-ca0f5d0a3cdb,,10,FAULT,0x0100,PI_LOST,0,1,1,0,1,0,0.0,0.659,0.0,1.256,0.0,150.72,113.04,0.0,0.0,35.85,0.0,0.0,0.0,0.0,0.0,0.0,0.0,53.6,0.0,0,0,0,0,0,8.0,0.0,23900.38,0.0,23900.38,0.0,-6.24
2026-06-05T02:07:03.323+00:00,208418,34904cc0-20b0-44ef-a748-ca0f5d0a3cdb,,10,FAULT,0x0100,PI_LOST,0,1,1,0,1,0,0.0,0.708,0.0,1.273,0.0,152.76,114.57,0.0,0.0,37.8,0.2,0.0,0.0,0.0,0.0,0.0,0.0,53.8,0.0,0,0,0,0,0,8.0,0.0,23913.55,0.0,23913.55,0.0,16.96
2026-06-05T02:07:03.441+00:00,208535,34904cc0-20b0-44ef-a748-ca0f5d0a3cdb,,10,FAULT,0x0100,PI_LOST,0,1,1,0,1,0,0.0,0.073,0.0,1.262,0.0,151.44,113.58,0.0,0.0,36.09,-0.4,0.0,0.0,0.0,0.0,0.0,0.0,52.8,0.0,0,0,0,0,0,8.0,0.0,23926.84,0.0,23926.84,0.0,-14.62
2026-06-05T02:07:03.564+00:00,208652,34904cc0-20b0-44ef-a748-ca0f5d0a3cdb,,10,FAULT,0x0100,PI_LOST,0,1,1,0,1,0,0.0,0.562,0.0,1.271,0.0,152.52,114.39,0.0,0.0,36.82,-0.28,0.0,0.0,0.0,0.0,0.0,0.0,52.7,0.0,0,0,0,0,0,8.0,0.0,23940.23,0.0,23940.23,0.0,6.24
2026-06-05T02:07:03.700+00:00,208769,34904cc0-20b0-44ef-a748-ca0f5d0a3cdb,,10,FAULT,0x0100,PI_LOST,0,1,1,0,1,0,0.0,0.806,0.0,1.266,0.0,151.92,113.94,0.0,0.0,36.33,0.2,0.0,0.0,0.0,0.0,0.0,0.0,53.2,0.0,0,0,0,0,0,8.0,0.0,23953.56,0.0,23953.56,0.0,-4.19
2026-06-05T02:07:03.850+00:00,208884,34904cc0-20b0-44ef-a748-ca0f5d0a3cdb,,10,FAULT,0x0100,PI_LOST,0,1,1,0,1,0,0.0,0.513,0.0,1.242,0.0,149.04,111.78,0.0,0.0,35.85,-0.15,0.0,0.0,0.0,0.0,0.0,0.0,53.0,0.0,0,0,0,0,0,8.0,0.0,23966.41,0.0,23966.41,0.0,-4.17
2026-06-05T02:07:03.905+00:00,209001,34904cc0-20b0-44ef-a748-ca0f5d0a3cdb,,10,FAULT,0x0100,PI_LOST,0,1,1,0,1,0,0.0,0.024,0.0,1.225,0.0,147.0,110.25,0.0,0.0,35.11,-0.4,0.0,0.0,0.0,0.0,0.0,0.0,53.1,0.0,0,0,0,0,0,8.0,0.0,23979.31,0.0,23979.31,0.0,-6.32
2026-06-05T02:07:04.023+00:00,209118,34904cc0-20b0-44ef-a748-ca0f5d0a3cdb,,10,FAULT,0x0100,PI_LOST,0,1,1,0,1,0,0.0,0.268,0.0,1.232,0.0,147.84,110.88,0.0,0.0,35.85,-0.15,0.0,0.0,0.0,0.0,0.0,0.0,53.0,0.0,0,0,0,0,0,8.0,0.0,23992.28,0.0,23992.28,0.0,6.32
2026-06-05T02:07:04.138+00:00,209233,34904cc0-20b0-44ef-a748-ca0f5d0a3cdb,,10,FAULT,0x0100,PI_LOST,0,1,1,0,1,0,0.0,0.024,0.0,1.234,0.0,148.08,111.06,0.0,0.0,35.36,-0.4,0.0,0.0,0.0,0.0,0.0,0.0,52.8,0.0,0,0,0,0,0,8.0,0.0,24005.06,0.0,24005.06,0.0,-4.26
2026-06-05T02:07:04.256+00:00,209350,34904cc0-20b0-44ef-a748-ca0f5d0a3cdb,,10,FAULT,0x0100,PI_LOST,0,1,1,0,1,0,0.0,0.415,0.0,1.241,0.0,148.92,111.69,0.0,0.0,36.09,-0.4,0.0,0.0,0.0,0.0,0.0,0.0,53.2,0.0,0,0,0,0,0,8.0,0.0,24018.12,0.0,24018.12,0.0,6.24
2026-06-05T02:07:04.387+00:00,209467,34904cc0-20b0-44ef-a748-ca0f5d0a3cdb,,10,FAULT,0x0100,PI_LOST,0,1,1,0,1,0,0.0,0.0,0.0,1.23,0.0,147.6,110.7,0.0,0.0,34.87,-0.52,0.0,0.0,0.0,0.0,0.0,0.0,53.0,0.0,0,0,0,0,0,8.0,0.0,24031.08,0.0,24031.08,0.0,-10.43
2026-06-05T02:07:04.562+00:00,209583,34904cc0-20b0-44ef-a748-ca0f5d0a3cdb,,10,FAULT,0x0100,PI_LOST,0,1,1,0,1,0,0.0,0.415,0.0,1.24,0.0,148.8,111.6,0.0,0.0,36.82,-0.28,0.0,0.0,0.0,0.0,0.0,0.0,53.0,0.0,0,0,0,0,0,8.0,0.0,24044.02,0.0,24044.02,0.0,16.81
2026-06-05T02:07:04.605+00:00,209699,34904cc0-20b0-44ef-a748-ca0f5d0a3cdb,,10,FAULT,0x0100,PI_LOST,0,1,1,0,1,0,0.0,0.024,0.0,1.228,0.0,147.36,110.52,0.0,0.0,35.36,-0.52,0.0,0.0,0.0,0.0,0.0,0.0,52.8,0.0,0,0,0,0,0,8.0,0.0,24056.84,0.0,24056.84,0.0,-12.59
2026-06-05T02:07:04.723+00:00,209816,34904cc0-20b0-44ef-a748-ca0f5d0a3cdb,,10,FAULT,0x0100,PI_LOST,0,1,1,0,1,0,0.0,0.464,0.0,1.242,0.0,149.04,111.78,0.0,0.0,35.85,0.0,0.0,0.0,0.0,0.0,0.0,0.0,53.1,0.0,0,0,0,0,0,8.0,0.0,24069.92,0.0,24069.92,0.0,4.19
2026-06-05T02:07:04.838+00:00,209932,34904cc0-20b0-44ef-a748-ca0f5d0a3cdb,,10,FAULT,0x0100,PI_LOST,0,1,1,0,1,0,0.0,0.0,0.0,1.232,0.0,147.84,110.88,0.0,0.0,35.6,-0.64,0.0,0.0,0.0,0.0,0.0,0.0,52.6,0.0,0,0,0,0,0,8.0,0.0,24082.78,0.0,24082.78,0.0,-2.16
2026-06-05T02:07:04.957+00:00,210049,34904cc0-20b0-44ef-a748-ca0f5d0a3cdb,,10,FAULT,0x0100,PI_LOST,0,1,1,0,1,0,0.0,0.415,0.0,1.222,0.0,146.64,109.98,0.0,0.0,36.33,0.0,0.0,0.0,0.0,0.0,0.0,0.0,53.2,0.0,0,0,0,0,0,8.0,0.0,24095.65,0.0,24095.65,0.0,6.24
2026-06-05T02:07:05.104+00:00,210165,34904cc0-20b0-44ef-a748-ca0f5d0a3cdb,,10,FAULT,0x0100,PI_LOST,0,1,1,0,1,0,0.0,0.0,0.0,1.207,0.0,144.84,108.63,0.0,0.0,35.6,-0.4,0.0,0.0,0.0,0.0,0.0,0.0,53.0,0.0,0,0,0,0,0,8.0,0.0,24108.25,0.0,24108.25,0.0,-6.29
2026-06-05T02:07:05.194+00:00,210281,34904cc0-20b0-44ef-a748-ca0f5d0a3cdb,,10,FAULT,0x0100,PI_LOST,0,1,1,0,1,0,0.0,0.61,0.0,1.217,0.0,146.04,109.53,0.0,0.0,36.82,0.32,0.0,0.0,0.0,0.0,0.0,0.0,53.2,0.0,0,0,0,0,0,8.0,0.0,24120.96,0.0,24120.96,0.0,10.52
2026-06-05T02:07:05.305+00:00,210398,34904cc0-20b0-44ef-a748-ca0f5d0a3cdb,,10,FAULT,0x0100,PI_LOST,0,1,1,0,1,0,0.0,0.415,0.0,1.217,0.0,146.04,109.53,0.0,0.0,35.85,-0.28,0.0,0.0,0.0,0.0,0.0,0.0,53.5,0.0,0,0,0,0,0,8.0,0.0,24133.77,0.0,24133.77,0.0,-8.29
2026-06-05T02:07:05.423+00:00,210514,34904cc0-20b0-44ef-a748-ca0f5d0a3cdb,,10,FAULT,0x0100,PI_LOST,0,1,1,0,1,0,0.0,0.953,0.0,1.194,0.0,143.28,107.46,0.0,0.0,37.07,-0.4,0.0,0.0,0.0,0.0,0.0,0.0,53.0,0.0,0,0,0,0,0,8.0,0.0,24146.24,0.0,24146.24,0.0,10.52
2026-06-05T02:07:05.539+00:00,210631,34904cc0-20b0-44ef-a748-ca0f5d0a3cdb,,10,FAULT,0x0100,PI_LOST,0,1,1,0,1,0,0.0,0.0,0.0,1.195,0.0,143.4,107.55,0.0,0.0,34.87,-0.28,0.0,0.0,0.0,0.0,0.0,0.0,52.9,0.0,0,0,0,0,0,8.0,0.0,24158.82,0.0,24158.82,0.0,-18.8
2026-06-05T02:07:05.657+00:00,210747,34904cc0-20b0-44ef-a748-ca0f5d0a3cdb,,10,FAULT,0x0100,PI_LOST,0,1,1,0,1,0,0.0,0.415,0.0,1.188,0.0,142.56,106.92,0.0,0.0,35.85,0.0,0.0,0.0,0.0,0.0,0.0,0.0,52.9,0.0,0,0,0,0,0,8.0,0.0,24171.22,0.0,24171.22,0.0,8.45
2026-06-05T02:07:05.816+00:00,210864,34904cc0-20b0-44ef-a748-ca0f5d0a3cdb,,10,FAULT,0x0100,PI_LOST,0,1,1,0,1,0,0.0,0.61,0.0,1.192,0.0,143.04,107.28,0.0,0.0,36.09,-0.15,0.0,0.0,0.0,0.0,0.0,0.0,53.2,0.0,0,0,0,0,0,8.0,0.0,24183.78,0.0,24183.78,0.0,2.05
2026-06-05T02:07:05.909+00:00,210980,34904cc0-20b0-44ef-a748-ca0f5d0a3cdb,,10,FAULT,0x0100,PI_LOST,0,1,1,0,1,0,0.0,0.806,0.0,1.21,0.0,145.2,108.9,0.0,0.0,36.33,0.2,0.0,0.0,0.0,0.0,0.0,0.0,53.2,0.0,0,0,0,0,0,8.0,0.0,24196.41,0.0,24196.41,0.0,2.07
2026-06-05T02:07:06.006+00:00,211096,34904cc0-20b0-44ef-a748-ca0f5d0a3cdb,,10,FAULT,0x0100,PI_LOST,0,1,1,0,1,0,0.0,0.317,0.0,1.214,0.0,145.68,109.26,0.0,0.0,35.36,-0.15,0.0,0.0,0.0,0.0,0.0,0.0,53.3,0.0,0,0,0,0,0,8.0,0.0,24209.08,0.0,24209.08,0.0,-8.36
2026-06-05T02:07:06.124+00:00,211213,34904cc0-20b0-44ef-a748-ca0f5d0a3cdb,,10,FAULT,0x0100,PI_LOST,0,1,1,0,1,0,0.0,0.708,0.0,1.206,0.0,144.72,108.54,0.0,0.0,36.33,0.69,0.0,0.0,0.0,0.0,0.0,0.0,53.2,0.0,0,0,0,0,0,8.0,0.0,24221.78,0.0,24221.78,0.0,8.29
2026-06-05T02:07:06.239+00:00,211330,34904cc0-20b0-44ef-a748-ca0f5d0a3cdb,,10,FAULT,0x0100,PI_LOST,0,1,1,0,1,0,0.0,0.122,0.0,1.197,0.0,143.64,107.73,0.0,0.0,35.11,-0.15,0.0,0.0,0.0,0.0,0.0,0.0,53.1,0.0,0,0,0,0,0,8.0,0.0,24234.39,0.0,24234.39,0.0,-10.43
2026-06-05T02:07:06.357+00:00,211445,34904cc0-20b0-44ef-a748-ca0f5d0a3cdb,,10,FAULT,0x0100,PI_LOST,0,1,1,0,1,0,0.0,0.904,0.0,1.191,0.0,142.92,107.19,0.0,0.0,36.33,-0.4,0.0,0.0,0.0,0.0,0.0,0.0,52.8,0.0,0,0,0,0,0,8.0,0.0,24246.71,0.0,24246.71,0.0,10.61
2026-06-05T02:07:06.530+00:00,211562,34904cc0-20b0-44ef-a748-ca0f5d0a3cdb,,10,FAULT,0x0100,PI_LOST,0,1,1,0,1,0,0.0,0.122,0.0,1.186,0.0,142.32,106.74,0.0,0.0,34.87,-0.15,0.0,0.0,0.0,0.0,0.0,0.0,53.1,0.0,0,0,0,0,0,8.0,0.0,24259.2,0.0,24259.2,0.0,-12.48
2026-06-05T02:07:06.624+00:00,211679,34904cc0-20b0-44ef-a748-ca0f5d0a3cdb,,10,FAULT,0x0100,PI_LOST,0,1,1,0,1,0,0.0,0.317,0.0,1.185,0.0,142.2,106.65,0.0,0.0,35.85,-0.28,0.0,0.0,0.0,0.0,0.0,0.0,53.0,0.0,0,0,0,0,0,8.0,0.0,24271.68,0.0,24271.68,0.0,8.38
2026-06-05T02:07:06.714+00:00,211794,34904cc0-20b0-44ef-a748-ca0f5d0a3cdb,,10,FAULT,0x0100,PI_LOST,0,1,1,0,1,0,0.0,0.806,0.0,1.217,0.0,146.04,109.53,0.0,0.0,36.82,-0.4,0.0,0.0,0.0,0.0,0.0,0.0,52.9,0.0,0,0,0,0,0,8.0,0.0,24284.27,0.0,24284.27,0.0,8.43
2026-06-05T02:07:06.822+00:00,211911,34904cc0-20b0-44ef-a748-ca0f5d0a3cdb,,10,FAULT,0x0100,PI_LOST,0,1,1,0,1,0,0.0,0.317,0.0,1.21,0.0,145.2,108.9,0.0,0.0,36.33,-0.28,0.0,0.0,0.0,0.0,0.0,0.0,53.1,0.0,0,0,0,0,0,8.0,0.0,24297.02,0.0,24297.02,0.0,-4.19
2026-06-05T02:07:06.939+00:00,212028,34904cc0-20b0-44ef-a748-ca0f5d0a3cdb,,10,FAULT,0x0100,PI_LOST,0,1,1,0,1,0,0.0,0.0,0.0,1.192,0.0,143.04,107.28,0.0,0.0,35.11,-0.76,0.0,0.0,0.0,0.0,0.0,0.0,53.1,0.0,0,0,0,0,0,8.0,0.0,24309.57,0.0,24309.57,0.0,-10.43
2026-06-05T02:07:07.054+00:00,212144,34904cc0-20b0-44ef-a748-ca0f5d0a3cdb,,10,FAULT,0x0100,PI_LOST,0,1,1,0,1,0,0.0,0.61,0.0,1.192,0.0,143.04,107.28,0.0,0.0,37.31,0.0,0.0,0.0,0.0,0.0,0.0,0.0,53.0,0.0,0,0,0,0,0,8.0,0.0,24322.01,0.0,24322.01,0.0,18.97
2026-06-05T02:07:07.252+00:00,212260,34904cc0-20b0-44ef-a748-ca0f5d0a3cdb,,10,FAULT,0x0100,PI_LOST,0,1,1,0,1,0,0.0,0.0,0.0,1.205,0.0,144.6,108.45,0.0,0.0,35.6,-0.52,0.0,0.0,0.0,0.0,0.0,0.0,53.1,0.0,0,0,0,0,0,8.0,0.0,24334.59,0.0,24334.59,0.0,-14.74
2026-06-05T02:07:07.349+00:00,212377,34904cc0-20b0-44ef-a748-ca0f5d0a3cdb,,10,FAULT,0x0100,PI_LOST,0,1,1,0,1,0,0.0,0.171,0.0,1.209,0.0,145.08,108.81,0.0,0.0,36.09,-0.28,0.0,0.0,0.0,0.0,0.0,0.0,53.2,0.0,0,0,0,0,0,8.0,0.0,24347.32,0.0,24347.32,0.0,4.19
2026-06-05T02:07:07.472+00:00,212493,34904cc0-20b0-44ef-a748-ca0f5d0a3cdb,,10,FAULT,0x0100,PI_LOST,0,1,1,0,1,0,0.0,0.708,0.0,1.217,0.0,146.04,109.53,0.0,0.0,36.33,0.32,0.0,0.0,0.0,0.0,0.0,0.0,52.9,0.0,0,0,0,0,0,8.0,0.0,24360.03,0.0,24360.03,0.0,2.07
2026-06-05T02:07:07.521+00:00,212610,34904cc0-20b0-44ef-a748-ca0f5d0a3cdb,,10,FAULT,0x0100,PI_LOST,0,1,1,0,1,0,0.0,0.073,0.0,1.211,0.0,145.32,108.99,0.0,0.0,35.11,-0.4,0.0,0.0,0.0,0.0,0.0,0.0,52.9,0.0,0,0,0,0,0,8.0,0.0,24372.78,0.0,24372.78,0.0,-10.43
2026-06-05T02:07:07.639+00:00,212726,34904cc0-20b0-44ef-a748-ca0f5d0a3cdb,,10,FAULT,0x0100,PI_LOST,0,1,1,0,1,0,0.0,0.562,0.0,1.22,0.0,146.4,109.8,0.0,0.0,36.09,0.0,0.0,0.0,0.0,0.0,0.0,0.0,52.8,0.0,0,0,0,0,0,8.0,0.0,24385.52,0.0,24385.52,0.0,8.45
2026-06-05T02:07:07.754+00:00,212842,34904cc0-20b0-44ef-a748-ca0f5d0a3cdb,,10,FAULT,0x0100,PI_LOST,0,1,1,0,1,0,0.0,0.0,0.0,1.213,0.0,145.56,109.17,0.0,0.0,34.62,-0.4,0.0,0.0,0.0,0.0,0.0,0.0,52.4,0.0,0,0,0,0,0,8.0,0.0,24398.18,0.0,24398.18,0.0,-12.67
2026-06-05T02:07:07.873+00:00,212959,34904cc0-20b0-44ef-a748-ca0f5d0a3cdb,,10,FAULT,0x0100,PI_LOST,0,1,1,0,1,0,0.0,0.366,0.0,1.208,0.0,144.96,108.72,0.0,0.0,36.58,0.0,0.0,0.0,0.0,0.0,0.0,0.0,52.4,0.0,0,0,0,0,0,8.0,0.0,24410.9,0.0,24410.9,0.0,16.75
2026-06-05T02:07:08.008+00:00,213075,34904cc0-20b0-44ef-a748-ca0f5d0a3cdb,,10,FAULT,0x0100,PI_LOST,0,1,1,0,1,0,0.0,0.268,0.0,1.204,0.0,144.48,108.36,0.0,0.0,36.09,-0.4,0.0,0.0,0.0,0.0,0.0,0.0,52.9,0.0,0,0,0,0,0,8.0,0.0,24423.47,0.0,24423.47,0.0,-4.22
2026-06-05T02:07:08.141+00:00,213191,34904cc0-20b0-44ef-a748-ca0f5d0a3cdb,,10,FAULT,0x0100,PI_LOST,0,1,1,0,1,0,0.0,0.366,0.0,1.205,0.0,144.6,108.45,0.0,0.0,36.33,-0.15,0.0,0.0,0.0,0.0,0.0,0.0,53.1,0.0,0,0,0,0,0,8.0,0.0,24436.05,0.0,24436.05,0.0,2.07
2026-06-05T02:07:08.223+00:00,213308,34904cc0-20b0-44ef-a748-ca0f5d0a3cdb,,10,FAULT,0x0100,PI_LOST,0,1,1,0,1,0,0.0,0.0,0.0,1.189,0.0,142.68,107.01,0.0,0.0,35.11,-0.52,0.0,0.0,0.0,0.0,0.0,0.0,52.8,0.0,0,0,0,0,0,8.0,0.0,24448.57,0.0,24448.57,0.0,-10.43
2026-06-05T02:07:08.340+00:00,213425,34904cc0-20b0-44ef-a748-ca0f5d0a3cdb,,10,FAULT,0x0100,PI_LOST,0,1,1,0,1,0,0.0,0.806,0.0,1.184,0.0,142.08,106.56,0.0,0.0,35.85,-0.28,0.0,0.0,0.0,0.0,0.0,0.0,51.8,0.0,0,0,0,0,0,8.0,0.0,24461.04,0.0,24461.04,0.0,6.32
2026-06-05T02:07:08.455+00:00,213541,34904cc0-20b0-44ef-a748-ca0f5d0a3cdb,,10,FAULT,0x0100,PI_LOST,0,1,1,0,1,0,0.0,0.122,0.0,1.172,0.0,140.64,105.48,0.0,0.0,35.11,-0.4,0.0,0.0,0.0,0.0,0.0,0.0,52.0,0.0,0,0,0,0,0,8.0,0.0,24473.27,0.0,24473.27,0.0,-6.38
2026-06-05T02:07:08.573+00:00,213657,34904cc0-20b0-44ef-a748-ca0f5d0a3cdb,,10,FAULT,0x0100,PI_LOST,0,1,1,0,1,0,0.0,0.415,0.0,1.178,0.0,141.36,106.02,0.0,0.0,36.09,-0.28,0.0,0.0,0.0,0.0,0.0,0.0,52.1,0.0,0,0,0,0,0,8.0,0.0,24485.57,0.0,24485.57,0.0,8.45
2026-06-05T02:07:08.722+00:00,213774,34904cc0-20b0-44ef-a748-ca0f5d0a3cdb,,10,FAULT,0x0100,PI_LOST,0,1,1,0,1,0,0.0,0.464,0.0,1.182,0.0,141.84,106.38,0.0,0.0,35.6,-0.4,0.0,0.0,0.0,0.0,0.0,0.0,52.2,0.0,0,0,0,0,0,8.0,0.0,24498.02,0.0,24498.02,0.0,-4.19
2026-06-05T02:07:08.817+00:00,213891,34904cc0-20b0-44ef-a748-ca0f5d0a3cdb,,10,FAULT,0x0100,PI_LOST,0,1,1,0,1,0,0.0,0.415,0.0,1.189,0.0,142.68,107.01,0.0,0.0,36.33,-0.28,0.0,0.0,0.0,0.0,0.0,0.0,52.0,0.0,0,0,0,0,0,8.0,0.0,24510.54,0.0,24510.54,0.0,6.24
2026-06-05T02:07:08.922+00:00,214006,34904cc0-20b0-44ef-a748-ca0f5d0a3cdb,,10,FAULT,0x0100,PI_LOST,0,1,1,0,1,0,0.0,0.073,0.0,1.186,0.0,142.32,106.74,0.0,0.0,35.11,-0.52,0.0,0.0,0.0,0.0,0.0,0.0,52.4,0.0,0,0,0,0,0,8.0,0.0,24522.81,0.0,24522.81,0.0,-10.61
2026-06-05T02:07:09.037+00:00,214123,34904cc0-20b0-44ef-a748-ca0f5d0a3cdb,,10,FAULT,0x0100,PI_LOST,0,1,1,0,1,0,0.0,0.708,0.0,1.191,0.0,142.92,107.19,0.0,0.0,36.33,-0.52,0.0,0.0,0.0,0.0,0.0,0.0,52.1,0.0,0,0,0,0,0,8.0,0.0,24535.36,0.0,24535.36,0.0,10.43
2026-06-05T02:07:09.155+00:00,214240,34904cc0-20b0-44ef-a748-ca0f5d0a3cdb,,10,FAULT,0x0100,PI_LOST,0,1,1,0,1,0,0.0,0.904,0.0,1.169,0.0,140.28,105.21,0.0,0.0,36.82,-0.28,0.0,0.0,0.0,0.0,0.0,0.0,52.6,0.0,0,0,0,0,0,8.0,0.0,24547.67,0.0,24547.67,0.0,4.19
2026-06-05T02:07:09.270+00:00,214355,34904cc0-20b0-44ef-a748-ca0f5d0a3cdb,,10,FAULT,0x0100,PI_LOST,0,1,1,0,1,0,0.0,0.073,0.0,1.169,0.0,140.28,105.21,0.0,0.0,35.11,-0.52,0.0,0.0,0.0,0.0,0.0,0.0,52.7,0.0,0,0,0,0,0,8.0,0.0,24559.76,0.0,24559.76,0.0,-14.87
2026-06-05T02:07:09.435+00:00,214472,34904cc0-20b0-44ef-a748-ca0f5d0a3cdb,,10,FAULT,0x0100,PI_LOST,0,1,1,0,1,0,0.0,0.0,0.0,1.157,0.0,138.84,104.13,0.0,0.0,34.38,-0.64,0.0,0.0,0.0,0.0,0.0,0.0,52.0,0.0,0,0,0,0,0,8.0,0.0,24571.95,0.0,24571.95,0.0,-6.24
2026-06-05T02:07:09.530+00:00,214589,34904cc0-20b0-44ef-a748-ca0f5d0a3cdb,,10,FAULT,0x0100,PI_LOST,0,1,1,0,1,0,0.0,0.464,0.0,1.15,0.0,138.0,103.5,0.0,0.0,36.09,-0.15,0.0,0.0,0.0,0.0,0.0,0.0,51.4,0.0,0,0,0,0,0,8.0,0.0,24584.06,0.0,24584.06,0.0,14.62
2026-06-05T02:07:09.622+00:00,214705,34904cc0-20b0-44ef-a748-ca0f5d0a3cdb,,10,FAULT,0x0100,PI_LOST,0,1,1,0,1,0,0.0,0.708,0.0,1.156,0.0,138.72,104.04,0.0,0.0,37.56,0.32,0.0,0.0,0.0,0.0,0.0,0.0,51.5,0.0,0,0,0,0,0,8.0,0.0,24596.13,0.0,24596.13,0.0,12.67
2026-06-05T02:07:09.737+00:00,214821,34904cc0-20b0-44ef-a748-ca0f5d0a3cdb,,10,FAULT,0x0100,PI_LOST,0,1,1,0,1,0,0.0,0.806,0.0,1.153,0.0,138.36,103.77,0.0,0.0,35.6,-0.4,0.0,0.0,0.0,0.0,0.0,0.0,50.3,0.0,0,0,0,0,0,8.0,0.0,24608.16,0.0,24608.16,0.0,-16.9
2026-06-05T02:07:09.855+00:00,214938,34904cc0-20b0-44ef-a748-ca0f5d0a3cdb,,10,FAULT,0x0100,PI_LOST,0,1,1,0,1,0,0.0,0.61,0.0,1.131,0.0,135.72,101.79,0.0,0.0,36.09,0.2,0.0,0.0,0.0,0.0,0.0,0.0,50.5,0.0,0,0,0,0,0,8.0,0.0,24620.07,0.0,24620.07,0.0,4.19
2026-06-05T02:07:09.970+00:00,215054,34904cc0-20b0-44ef-a748-ca0f5d0a3cdb,,10,FAULT,0x0100,PI_LOST,0,1,1,0,1,0,0.0,0.268,0.0,1.131,0.0,135.72,101.79,0.0,0.0,35.85,-0.28,0.0,0.0,0.0,0.0,0.0,0.0,50.9,0.0,0,0,0,0,0,8.0,0.0,24631.88,0.0,24631.88,0.0,-2.07
2026-06-05T02:07:10.155+00:00,215171,34904cc0-20b0-44ef-a748-ca0f5d0a3cdb,,10,FAULT,0x0100,PI_LOST,0,1,1,0,1,0,0.0,0.219,0.0,1.139,0.0,136.68,102.51,0.0,0.0,36.09,-0.4,0.0,0.0,0.0,0.0,0.0,0.0,45.2,0.0,0,0,0,0,0,8.0,0.0,24643.87,0.0,24643.87,0.0,2.05
2026-06-05T02:07:10.250+00:00,215287,34904cc0-20b0-44ef-a748-ca0f5d0a3cdb,,10,FAULT,0x0100,PI_LOST,0,1,1,0,1,0,0.0,0.024,0.0,1.129,0.0,135.48,101.61,0.0,0.0,34.62,-0.52,0.0,0.0,0.0,0.0,0.0,0.0,49.3,0.0,0,0,0,0,0,8.0,0.0,24655.66,0.0,24655.66,0.0,-12.67
2026-06-05T02:07:10.347+00:00,215403,34904cc0-20b0-44ef-a748-ca0f5d0a3cdb,,10,FAULT,0x0100,PI_LOST,0,1,1,0,1,0,0.0,0.0,0.0,1.142,0.0,137.04,102.78,0.0,0.0,35.6,-0.4,0.0,0.0,0.0,0.0,0.0,0.0,50.9,0.0,0,0,0,0,0,8.0,0.0,24667.58,0.0,24667.58,0.0,8.45
2026-06-05T02:07:10.437+00:00,215520,34904cc0-20b0-44ef-a748-ca0f5d0a3cdb,,10,FAULT,0x0100,PI_LOST,0,1,1,0,1,0,0.0,1.148,0.0,1.162,0.0,139.44,104.58,0.0,0.0,37.31,-0.28,0.0,0.0,0.0,0.0,0.0,0.0,51.6,0.0,0,0,0,0,0,8.0,0.0,24679.82,0.0,24679.82,0.0,14.62
2026-06-05T02:07:10.555+00:00,215636,34904cc0-20b0-44ef-a748-ca0f5d0a3cdb,,10,FAULT,0x0100,PI_LOST,0,1,1,0,1,0,0.0,0.024,0.0,1.154,0.0,138.48,103.86,0.0,0.0,35.6,-0.28,0.0,0.0,0.0,0.0,0.0,0.0,51.9,0.0,0,0,0,0,0,8.0,0.0,24691.87,0.0,24691.87,0.0,-14.74
2026-06-05T02:07:10.671+00:00,215752,34904cc0-20b0-44ef-a748-ca0f5d0a3cdb,,10,FAULT,0x0100,PI_LOST,0,1,1,0,1,0,0.0,0.219,0.0,1.137,0.0,136.44,102.33,0.0,0.0,35.85,-0.52,0.0,0.0,0.0,0.0,0.0,0.0,52.1,0.0,0,0,0,0,0,8.0,0.0,24703.74,0.0,24703.74,0.0,2.16
2026-06-05T02:07:10.841+00:00,215869,34904cc0-20b0-44ef-a748-ca0f5d0a3cdb,,10,FAULT,0x0100,PI_LOST,0,1,1,0,1,0,0.0,0.0,0.0,1.139,0.0,136.68,102.51,0.0,0.0,35.36,-0.52,0.0,0.0,0.0,0.0,0.0,0.0,52.2,0.0,0,0,0,0,0,8.0,0.0,24715.73,0.0,24715.73,0.0,-4.19
2026-06-05T02:07:10.974+00:00,215986,34904cc0-20b0-44ef-a748-ca0f5d0a3cdb,,10,FAULT,0x0100,PI_LOST,0,1,1,0,1,0,0.0,0.904,0.0,1.151,0.0,138.12,103.59,0.0,0.0,35.85,-0.52,0.0,0.0,0.0,0.0,0.0,0.0,52.6,0.0,0,0,0,0,0,8.0,0.0,24727.85,0.0,24727.85,0.0,4.19
2026-06-05T02:07:11.068+00:00,216101,34904cc0-20b0-44ef-a748-ca0f5d0a3cdb,,10,FAULT,0x0100,PI_LOST,0,1,1,0,1,0,0.0,1.246,0.0,1.144,0.0,137.28,102.96,0.0,0.0,35.11,-0.28,0.0,0.0,0.0,0.0,0.0,0.0,52.7,0.0,0,0,0,0,0,8.0,0.0,24739.69,0.0,24739.69,0.0,-6.43
2026-06-05T02:07:11.137+00:00,216218,34904cc0-20b0-44ef-a748-ca0f5d0a3cdb,,10,FAULT,0x0100,PI_LOST,0,1,1,0,1,0,0.0,1.001,0.0,1.141,0.0,136.92,102.69,0.0,0.0,36.82,-0.4,0.0,0.0,0.0,0.0,0.0,0.0,52.7,0.0,0,0,0,0,0,8.0,0.0,24751.71,0.0,24751.71,0.0,14.62
2026-06-05T02:07:11.253+00:00,216335,34904cc0-20b0-44ef-a748-ca0f5d0a3cdb,,10,FAULT,0x0100,PI_LOST,0,1,1,0,1,0,0.0,0.855,0.0,1.161,0.0,139.32,104.49,0.0,0.0,36.58,-0.28,0.0,0.0,0.0,0.0,0.0,0.0,53.0,0.0,0,0,0,0,0,8.0,0.0,24763.93,0.0,24763.93,0.0,-2.05
2026-06-05T02:07:11.371+00:00,216451,34904cc0-20b0-44ef-a748-ca0f5d0a3cdb,,10,FAULT,0x0100,PI_LOST,0,1,1,0,1,0,0.0,0.953,0.0,1.166,0.0,139.92,104.94,0.0,0.0,36.09,-0.52,0.0,0.0,0.0,0.0,0.0,0.0,53.2,0.0,0,0,0,0,0,8.0,0.0,24776.1,0.0,24776.1,0.0,-4.22
2026-06-05T02:07:11.492+00:00,216567,34904cc0-20b0-44ef-a748-ca0f5d0a3cdb,,10,FAULT,0x0100,PI_LOST,0,1,1,0,1,0,0.0,0.219,0.0,1.169,0.0,140.28,105.21,0.0,0.0,35.85,-0.28,0.0,0.0,0.0,0.0,0.0,0.0,53.4,0.0,0,0,0,0,0,8.0,0.0,24788.31,0.0,24788.31,0.0,-2.07
2026-06-05T02:07:11.631+00:00,216684,34904cc0-20b0-44ef-a748-ca0f5d0a3cdb,,10,FAULT,0x0100,PI_LOST,0,1,1,0,1,0,0.0,0.708,0.0,1.173,0.0,140.76,105.57,0.0,0.0,36.82,0.0,0.0,0.0,0.0,0.0,0.0,0.0,53.4,0.0,0,0,0,0,0,8.0,0.0,24800.66,0.0,24800.66,0.0,8.29
2026-06-05T02:07:11.789+00:00,216800,34904cc0-20b0-44ef-a748-ca0f5d0a3cdb,,10,FAULT,0x0100,PI_LOST,0,1,1,0,1,0,0.0,0.708,0.0,1.172,0.0,140.64,105.48,0.0,0.0,37.31,-0.15,0.0,0.0,0.0,0.0,0.0,0.0,53.5,0.0,0,0,0,0,0,8.0,0.0,24812.9,0.0,24812.9,0.0,4.22
2026-06-05T02:07:11.838+00:00,216916,34904cc0-20b0-44ef-a748-ca0f5d0a3cdb,,10,FAULT,0x0100,PI_LOST,0,1,1,0,1,0,0.0,0.464,0.0,1.175,0.0,141.0,105.75,0.0,0.0,36.33,0.0,0.0,0.0,0.0,0.0,0.0,0.0,53.6,0.0,0,0,0,0,0,8.0,0.0,24825.16,0.0,24825.16,0.0,-8.45
2026-06-05T02:07:11.953+00:00,217033,34904cc0-20b0-44ef-a748-ca0f5d0a3cdb,,10,FAULT,0x0100,PI_LOST,0,1,1,0,1,0,0.0,0.659,0.0,1.179,0.0,141.48,106.11,0.0,0.0,36.09,0.2,0.0,0.0,0.0,0.0,0.0,0.0,53.7,0.0,0,0,0,0,0,8.0,0.0,24837.58,0.0,24837.58,0.0,-2.05
2026-06-05T02:07:12.071+00:00,217149,34904cc0-20b0-44ef-a748-ca0f5d0a3cdb,,10,FAULT,0x0100,PI_LOST,0,1,1,0,1,0,0.0,0.073,0.0,1.183,0.0,141.96,106.47,0.0,0.0,34.87,-0.4,0.0,0.0,0.0,0.0,0.0,0.0,53.5,0.0,0,0,0,0,0,8.0,0.0,24849.93,0.0,24849.93,0.0,-10.52
2026-06-05T02:07:12.186+00:00,217266,34904cc0-20b0-44ef-a748-ca0f5d0a3cdb,,10,FAULT,0x0100,PI_LOST,0,1,1,0,1,0,0.0,0.513,0.0,1.196,0.0,143.52,107.64,0.0,0.0,36.82,0.0,0.0,0.0,0.0,0.0,0.0,0.0,53.6,0.0,0,0,0,0,0,8.0,0.0,24862.52,0.0,24862.52,0.0,16.67
2026-06-05T02:07:12.330+00:00,217382,34904cc0-20b0-44ef-a748-ca0f5d0a3cdb,,10,FAULT,0x0100,PI_LOST,0,1,1,0,1,0,0.0,0.464,0.0,1.214,0.0,145.68,109.26,0.0,0.0,35.6,-0.28,0.0,0.0,0.0,0.0,0.0,0.0,53.8,0.0,0,0,0,0,0,8.0,0.0,24875.2,0.0,24875.2,0.0,-10.52
2026-06-05T02:07:12.423+00:00,217498,34904cc0-20b0-44ef-a748-ca0f5d0a3cdb,,10,FAULT,0x0100,PI_LOST,0,1,1,0,1,0,0.0,0.317,0.0,1.219,0.0,146.28,109.71,0.0,0.0,35.36,-0.15,0.0,0.0,0.0,0.0,0.0,0.0,53.9,0.0,0,0,0,0,0,8.0,0.0,24887.92,0.0,24887.92,0.0,-2.07
2026-06-05T02:07:12.538+00:00,217615,34904cc0-20b0-44ef-a748-ca0f5d0a3cdb,,10,FAULT,0x0100,PI_LOST,0,1,1,0,1,0,0.0,0.659,0.0,1.204,0.0,144.48,108.36,0.0,0.0,35.85,0.32,0.0,0.0,0.0,0.0,0.0,0.0,54.0,0.0,0,0,0,0,0,8.0,0.0,24900.6,0.0,24900.6,0.0,4.19
2026-06-05T02:07:12.654+00:00,217732,34904cc0-20b0-44ef-a748-ca0f5d0a3cdb,,10,FAULT,0x0100,PI_LOST,0,1,1,0,1,0,0.0,0.513,0.0,1.204,0.0,144.48,108.36,0.0,0.0,36.58,0.0,0.0,0.0,0.0,0.0,0.0,0.0,53.7,0.0,0,0,0,0,0,8.0,0.0,24913.28,0.0,24913.28,0.0,6.24
2026-06-05T02:07:12.771+00:00,217847,34904cc0-20b0-44ef-a748-ca0f5d0a3cdb,,10,FAULT,0x0100,PI_LOST,0,1,1,0,1,0,0.0,0.0,0.0,1.209,0.0,145.08,108.81,0.0,0.0,34.87,-0.64,0.0,0.0,0.0,0.0,0.0,0.0,53.9,0.0,0,0,0,0,0,8.0,0.0,24925.79,0.0,24925.79,0.0,-14.87
2026-06-05T02:07:12.887+00:00,217964,34904cc0-20b0-44ef-a748-ca0f5d0a3cdb,,10,FAULT,0x0100,PI_LOST,0,1,1,0,1,0,0.0,0.464,0.0,1.2,0.0,144.0,108.0,0.0,0.0,36.09,0.0,0.0,0.0,0.0,0.0,0.0,0.0,54.0,0.0,0,0,0,0,0,8.0,0.0,24938.43,0.0,24938.43,0.0,10.43
2026-06-05T02:07:13.077+00:00,218081,34904cc0-20b0-44ef-a748-ca0f5d0a3cdb,,10,FAULT,0x0100,PI_LOST,0,1,1,0,1,0,0.0,0.659,0.0,1.201,0.0,144.12,108.09,0.0,0.0,36.58,0.45,0.0,0.0,0.0,0.0,0.0,0.0,53.6,0.0,0,0,0,0,0,8.0,0.0,24951.07,0.0,24951.07,0.0,4.19
2026-06-05T02:07:13.178+00:00,218196,34904cc0-20b0-44ef-a748-ca0f5d0a3cdb,,10,FAULT,0x0100,PI_LOST,0,1,1,0,1,0,0.0,0.61,0.0,1.221,0.0,146.52,109.89,0.0,0.0,37.07,0.32,0.0,0.0,0.0,0.0,0.0,0.0,54.0,0.0,0,0,0,0,0,8.0,0.0,24963.71,0.0,24963.71,0.0,4.26
2026-06-05T02:07:13.271+00:00,218313,34904cc0-20b0-44ef-a748-ca0f5d0a3cdb,,10,FAULT,0x0100,PI_LOST,0,1,1,0,1,0,0.0,1.001,0.0,1.206,0.0,144.72,108.54,0.0,0.0,35.85,-0.4,0.0,0.0,0.0,0.0,0.0,0.0,54.4,0.0,0,0,0,0,0,8.0,0.0,24976.41,0.0,24976.41,0.0,-10.43
2026-06-05T02:07:13.353+00:00,218430,34904cc0-20b0-44ef-a748-ca0f5d0a3cdb,,10,FAULT,0x0100,PI_LOST,0,1,1,0,1,0,0.0,0.953,0.0,1.198,0.0,143.76,107.82,0.0,0.0,36.09,-0.52,0.0,0.0,0.0,0.0,0.0,0.0,54.0,0.0,0,0,0,0,0,8.0,0.0,24989.03,0.0,24989.03,0.0,2.05
2026-06-05T02:07:13.471+00:00,218546,34904cc0-20b0-44ef-a748-ca0f5d0a3cdb,,10,FAULT,0x0100,PI_LOST,0,1,1,0,1,0,0.0,0.317,0.0,1.199,0.0,143.88,107.91,0.0,0.0,35.11,-0.4,0.0,0.0,0.0,0.0,0.0,0.0,54.0,0.0,0,0,0,0,0,8.0,0.0,25001.54,0.0,25001.54,0.0,-8.45
2026-06-05T02:07:13.587+00:00,218662,34904cc0-20b0-44ef-a748-ca0f5d0a3cdb,,10,FAULT,0x0100,PI_LOST,0,1,1,0,1,0,0.0,0.562,0.0,1.213,0.0,145.56,109.17,0.0,0.0,36.58,0.2,0.0,0.0,0.0,0.0,0.0,0.0,54.0,0.0,0,0,0,0,0,8.0,0.0,25014.21,0.0,25014.21,0.0,12.67
2026-06-05T02:07:13.702+00:00,218779,34904cc0-20b0-44ef-a748-ca0f5d0a3cdb,,10,FAULT,0x0100,PI_LOST,0,1,1,0,1,0,0.0,0.366,0.0,1.215,0.0,145.8,109.35,0.0,0.0,36.09,-0.28,0.0,0.0,0.0,0.0,0.0,0.0,54.0,0.0,0,0,0,0,0,8.0,0.0,25027.0,0.0,25027.0,0.0,-4.19
2026-06-05T02:07:13.890+00:00,218895,34904cc0-20b0-44ef-a748-ca0f5d0a3cdb,,10,FAULT,0x0100,PI_LOST,0,1,1,0,1,0,0.0,0.0,0.0,1.208,0.0,144.96,108.72,0.0,0.0,35.11,-0.64,0.0,0.0,0.0,0.0,0.0,0.0,53.8,0.0,0,0,0,0,0,8.0,0.0,25039.61,0.0,25039.61,0.0,-8.45
2026-06-05T02:07:13.991+00:00,219012,34904cc0-20b0-44ef-a748-ca0f5d0a3cdb,,10,FAULT,0x0100,PI_LOST,0,1,1,0,1,0,0.0,0.366,0.0,1.21,0.0,145.2,108.9,0.0,0.0,35.85,-0.4,0.0,0.0,0.0,0.0,0.0,0.0,53.6,0.0,0,0,0,0,0,8.0,0.0,25052.35,0.0,25052.35,0.0,6.32
2026-06-05T02:07:14.053+00:00,219128,34904cc0-20b0-44ef-a748-ca0f5d0a3cdb,,10,FAULT,0x0100,PI_LOST,0,1,1,0,1,0,0.0,0.0,0.0,1.216,0.0,145.92,109.44,0.0,0.0,35.36,-0.52,0.0,0.0,0.0,0.0,0.0,0.0,53.7,0.0,0,0,0,0,0,8.0,0.0,25065.05,0.0,25065.05,0.0,-4.22
2026-06-05T02:07:14.169+00:00,219245,34904cc0-20b0-44ef-a748-ca0f5d0a3cdb,,10,FAULT,0x0100,PI_LOST,0,1,1,0,1,0,0.0,0.61,0.0,1.232,0.0,147.84,110.88,0.0,0.0,36.33,0.0,0.0,0.0,0.0,0.0,0.0,0.0,53.6,0.0,0,0,0,0,0,8.0,0.0,25078.02,0.0,25078.02,0.0,8.29
2026-06-05T02:07:14.287+00:00,219361,34904cc0-20b0-44ef-a748-ca0f5d0a3cdb,,10,FAULT,0x0100,PI_LOST,0,1,1,0,1,0,0.0,0.904,0.0,1.23,0.0,147.6,110.7,0.0,0.0,37.07,-0.52,0.0,0.0,0.0,0.0,0.0,0.0,53.8,0.0,0,0,0,0,0,8.0,0.0,25090.86,0.0,25090.86,0.0,6.38
2026-06-05T02:07:14.402+00:00,219478,34904cc0-20b0-44ef-a748-ca0f5d0a3cdb,,10,FAULT,0x0100,PI_LOST,0,1,1,0,1,0,0.0,0.171,0.0,1.238,0.0,148.56,111.42,0.0,0.0,35.11,-0.4,0.0,0.0,0.0,0.0,0.0,0.0,53.6,0.0,0,0,0,0,0,8.0,0.0,25103.9,0.0,25103.9,0.0,-16.75
2026-06-05T02:07:14.523+00:00,219594,34904cc0-20b0-44ef-a748-ca0f5d0a3cdb,,10,FAULT,0x0100,PI_LOST,0,1,1,0,1,0,0.0,0.757,0.0,1.247,0.0,149.64,112.23,0.0,0.0,36.58,0.32,0.0,0.0,0.0,0.0,0.0,0.0,53.7,0.0,0,0,0,0,0,8.0,0.0,25116.92,0.0,25116.92,0.0,12.67
2026-06-05T02:07:14.708+00:00,219710,34904cc0-20b0-44ef-a748-ca0f5d0a3cdb,,10,FAULT,0x0100,PI_LOST,0,1,1,0,1,0,0.0,0.317,0.0,1.241,0.0,148.92,111.69,0.0,0.0,36.33,-0.15,0.0,0.0,0.0,0.0,0.0,0.0,53.7,0.0,0,0,0,0,0,8.0,0.0,25129.87,0.0,25129.87,0.0,-2.16
2026-06-05T02:07:14.754+00:00,219827,34904cc0-20b0-44ef-a748-ca0f5d0a3cdb,,10,FAULT,0x0100,PI_LOST,0,1,1,0,1,0,0.0,0.61,0.0,1.257,0.0,150.84,113.13,0.0,0.0,37.56,-0.15,0.0,0.0,0.0,0.0,0.0,0.0,53.9,0.0,0,0,0,0,0,8.0,0.0,25143.11,0.0,25143.11,0.0,10.51
2026-06-05T02:07:14.869+00:00,219943,34904cc0-20b0-44ef-a748-ca0f5d0a3cdb,,10,FAULT,0x0100,PI_LOST,0,1,1,0,1,0,0.0,0.0,0.0,1.239,0.0,148.68,111.51,0.0,0.0,34.62,-0.52,0.0,0.0,0.0,0.0,0.0,0.0,53.6,0.0,0,0,0,0,0,8.0,0.0,25156.05,0.0,25156.05,0.0,-25.34
2026-06-05T02:07:14.987+00:00,220059,34904cc0-20b0-44ef-a748-ca0f5d0a3cdb,,10,FAULT,0x0100,PI_LOST,0,1,1,0,1,0,0.0,0.0,0.0,1.249,0.0,149.88,112.41,0.0,0.0,35.6,-0.52,0.0,0.0,0.0,0.0,0.0,0.0,53.8,0.0,0,0,0,0,0,8.0,0.0,25169.09,0.0,25169.09,0.0,8.45
2026-06-05T02:07:15.102+00:00,220176,34904cc0-20b0-44ef-a748-ca0f5d0a3cdb,,10,FAULT,0x0100,PI_LOST,0,1,1,0,1,0,0.0,0.317,0.0,1.254,0.0,150.48,112.86,0.0,0.0,35.36,-0.4,0.0,0.0,0.0,0.0,0.0,0.0,53.7,0.0,0,0,0,0,0,8.0,0.0,25182.29,0.0,25182.29,0.0,-2.05
2026-06-05T02:07:15.241+00:00,220293,34904cc0-20b0-44ef-a748-ca0f5d0a3cdb,,10,FAULT,0x0100,PI_LOST,0,1,1,0,1,0,0.0,0.122,0.0,1.261,0.0,151.32,113.49,0.0,0.0,36.09,0.0,0.0,0.0,0.0,0.0,0.0,0.0,53.8,0.0,0,0,0,0,0,8.0,0.0,25195.57,0.0,25195.57,0.0,6.24
2026-06-05T02:07:15.339+00:00,220408,34904cc0-20b0-44ef-a748-ca0f5d0a3cdb,,10,FAULT,0x0100,PI_LOST,0,1,1,0,1,0,0.0,0.562,0.0,1.272,0.0,152.64,114.48,0.0,0.0,37.56,0.0,0.0,0.0,0.0,0.0,0.0,0.0,53.7,0.0,0,0,0,0,0,8.0,0.0,25208.73,0.0,25208.73,0.0,12.78
2026-06-05T02:07:15.454+00:00,220525,34904cc0-20b0-44ef-a748-ca0f5d0a3cdb,,10,FAULT,0x0100,PI_LOST,0,1,1,0,1,0,0.0,0.317,0.0,1.263,0.0,151.56,113.67,0.0,0.0,34.62,-0.28,0.0,0.0,0.0,0.0,0.0,0.0,53.8,0.0,0,0,0,0,0,8.0,0.0,25222.03,0.0,25222.03,0.0,-25.13
2026-06-05T02:07:15.569+00:00,220642,34904cc0-20b0-44ef-a748-ca0f5d0a3cdb,,10,FAULT,0x0100,PI_LOST,0,1,1,0,1,0,0.0,0.0,0.0,1.263,0.0,151.56,113.67,0.0,0.0,35.6,-0.52,0.0,0.0,0.0,0.0,0.0,0.0,53.7,0.0,0,0,0,0,0,8.0,0.0,25235.33,0.0,25235.33,0.0,8.38
2026-06-05T02:07:15.687+00:00,220758,34904cc0-20b0-44ef-a748-ca0f5d0a3cdb,,10,FAULT,0x0100,PI_LOST,0,1,1,0,1,0,0.0,0.171,0.0,1.266,0.0,151.92,113.94,0.0,0.0,35.85,-0.4,0.0,0.0,0.0,0.0,0.0,0.0,53.6,0.0,0,0,0,0,0,8.0,0.0,25248.55,0.0,25248.55,0.0,2.16
2026-06-05T02:07:15.803+00:00,220874,34904cc0-20b0-44ef-a748-ca0f5d0a3cdb,,10,FAULT,0x0100,PI_LOST,0,1,1,0,1,0,0.0,0.024,0.0,1.264,0.0,151.68,113.76,0.0,0.0,35.36,-0.52,0.0,0.0,0.0,0.0,0.0,0.0,53.4,0.0,0,0,0,0,0,8.0,0.0,25261.75,0.0,25261.75,0.0,-4.22
2026-06-05T02:07:15.956+00:00,220991,34904cc0-20b0-44ef-a748-ca0f5d0a3cdb,,10,FAULT,0x0100,PI_LOST,0,1,1,0,1,0,0.0,0.513,0.0,1.272,0.0,152.64,114.48,0.0,0.0,36.58,0.2,0.0,0.0,0.0,0.0,0.0,0.0,53.4,0.0,0,0,0,0,0,8.0,0.0,25275.14,0.0,25275.14,0.0,10.43
2026-06-05T02:07:16.050+00:00,221107,34904cc0-20b0-44ef-a748-ca0f5d0a3cdb,,10,FAULT,0x0100,PI_LOST,0,1,1,0,1,0,0.0,0.415,0.0,1.276,0.0,153.12,114.84,0.0,0.0,35.36,-0.15,0.0,0.0,0.0,0.0,0.0,0.0,53.7,0.0,0,0,0,0,0,8.0,0.0,25288.46,0.0,25288.46,0.0,-10.52
2026-06-05T02:07:16.152+00:00,221223,34904cc0-20b0-44ef-a748-ca0f5d0a3cdb,,10,FAULT,0x0100,PI_LOST,0,1,1,0,1,0,0.0,0.268,0.0,1.276,0.0,153.12,114.84,0.0,0.0,35.6,-0.28,0.0,0.0,0.0,0.0,0.0,0.0,53.6,0.0,0,0,0,0,0,8.0,0.0,25301.78,0.0,25301.78,0.0,2.07
2026-06-05T02:07:16.269+00:00,221340,34904cc0-20b0-44ef-a748-ca0f5d0a3cdb,,10,FAULT,0x0100,PI_LOST,0,1,1,0,1,0,0.0,0.024,0.0,1.26,0.0,151.2,113.4,0.0,0.0,35.36,-0.4,0.0,0.0,0.0,0.0,0.0,0.0,54.0,0.0,0,0,0,0,0,8.0,0.0,25315.05,0.0,25315.05,0.0,-2.05
2026-06-05T02:07:16.384+00:00,221456,34904cc0-20b0-44ef-a748-ca0f5d0a3cdb,,10,FAULT,0x0100,PI_LOST,0,1,1,0,1,0,0.0,0.0,0.0,1.251,0.0,150.12,112.59,0.0,0.0,34.87,-0.64,0.0,0.0,0.0,0.0,0.0,0.0,53.3,0.0,0,0,0,0,0,8.0,0.0,25328.11,0.0,25328.11,0.0,-4.22
2026-06-05T02:07:16.503+00:00,221573,34904cc0-20b0-44ef-a748-ca0f5d0a3cdb,,10,FAULT,0x0100,PI_LOST,0,1,1,0,1,0,0.0,0.171,0.0,1.255,0.0,150.6,112.95,0.0,0.0,36.09,-0.4,0.0,0.0,0.0,0.0,0.0,0.0,53.7,0.0,0,0,0,0,0,8.0,0.0,25341.33,0.0,25341.33,0.0,10.43
2026-06-05T02:07:16.668+00:00,221689,34904cc0-20b0-44ef-a748-ca0f5d0a3cdb,,10,FAULT,0x0100,PI_LOST,0,1,1,0,1,0,0.0,1.001,0.0,1.254,0.0,150.48,112.86,0.0,0.0,35.85,-0.28,0.0,0.0,0.0,0.0,0.0,0.0,53.8,0.0,0,0,0,0,0,8.0,0.0,25354.42,0.0,25354.42,0.0,-2.07
2026-06-05T02:07:16.764+00:00,221805,34904cc0-20b0-44ef-a748-ca0f5d0a3cdb,,10,FAULT,0x0100,PI_LOST,0,1,1,0,1,0,0.0,0.268,0.0,1.248,0.0,149.76,112.32,0.0,0.0,36.09,-0.15,0.0,0.0,0.0,0.0,0.0,0.0,53.6,0.0,0,0,0,0,0,8.0,0.0,25367.45,0.0,25367.45,0.0,2.07
2026-06-05T02:07:16.854+00:00,221922,34904cc0-20b0-44ef-a748-ca0f5d0a3cdb,,10,FAULT,0x0100,PI_LOST,0,1,1,0,1,0,0.0,0.415,0.0,1.241,0.0,148.92,111.69,0.0,0.0,35.6,-0.28,0.0,0.0,0.0,0.0,0.0,0.0,53.3,0.0,0,0,0,0,0,8.0,0.0,25380.51,0.0,25380.51,0.0,-4.19
2026-06-05T02:07:16.971+00:00,222039,34904cc0-20b0-44ef-a748-ca0f5d0a3cdb,,10,FAULT,0x0100,PI_LOST,0,1,1,0,1,0,0.0,0.024,0.0,1.234,0.0,148.08,111.06,0.0,0.0,35.85,-0.28,0.0,0.0,0.0,0.0,0.0,0.0,53.2,0.0,0,0,0,0,0,8.0,0.0,25393.51,0.0,25393.51,0.0,2.14
2026-06-05T02:07:17.085+00:00,222155,34904cc0-20b0-44ef-a748-ca0f5d0a3cdb,,10,FAULT,0x0100,PI_LOST,0,1,1,0,1,0,0.0,0.268,0.0,1.222,0.0,146.64,109.98,0.0,0.0,35.36,-0.28,0.0,0.0,0.0,0.0,0.0,0.0,53.0,0.0,0,0,0,0,0,8.0,0.0,25406.27,0.0,25406.27,0.0,-4.22
2026-06-05T02:07:17.203+00:00,222271,34904cc0-20b0-44ef-a748-ca0f5d0a3cdb,,10,FAULT,0x0100,PI_LOST,0,1,1,0,1,0,0.0,0.268,0.0,1.222,0.0,146.64,109.98,0.0,0.0,35.6,-0.4,0.0,0.0,0.0,0.0,0.0,0.0,53.5,0.0,0,0,0,0,0,8.0,0.0,25419.02,0.0,25419.02,0.0,2.07
2026-06-05T02:07:17.391+00:00,222388,34904cc0-20b0-44ef-a748-ca0f5d0a3cdb,,10,FAULT,0x0100,PI_LOST,0,1,1,0,1,0,0.0,0.61,0.0,1.225,0.0,147.0,110.25,0.0,0.0,35.6,0.0,0.0,0.0,0.0,0.0,0.0,0.0,53.6,0.0,0,0,0,0,0,8.0,0.0,25431.92,0.0,25431.92,0.0,0.0
2026-06-05T02:07:17.490+00:00,222504,34904cc0-20b0-44ef-a748-ca0f5d0a3cdb,,10,FAULT,0x0100,PI_LOST,0,1,1,0,1,0,0.0,0.562,0.0,1.224,0.0,146.88,110.16,0.0,0.0,36.09,-0.15,0.0,0.0,0.0,0.0,0.0,0.0,53.3,0.0,0,0,0,0,0,8.0,0.0,25444.7,0.0,25444.7,0.0,4.22
2026-06-05T02:07:17.583+00:00,222620,34904cc0-20b0-44ef-a748-ca0f5d0a3cdb,,10,FAULT,0x0100,PI_LOST,0,1,1,0,1,0,0.0,0.415,0.0,1.217,0.0,146.04,109.53,0.0,0.0,35.85,-0.15,0.0,0.0,0.0,0.0,0.0,0.0,53.6,0.0,0,0,0,0,0,8.0,0.0,25457.41,0.0,25457.41,0.0,-2.07
2026-06-05T02:07:17.670+00:00,222737,34904cc0-20b0-44ef-a748-ca0f5d0a3cdb,,10,FAULT,0x0100,PI_LOST,0,1,1,0,1,0,0.0,0.757,0.0,1.222,0.0,146.64,109.98,0.0,0.0,38.04,0.0,0.0,0.0,0.0,0.0,0.0,0.0,53.7,0.0,0,0,0,0,0,8.0,0.0,25470.27,0.0,25470.27,0.0,18.72
2026-06-05T02:07:17.785+00:00,222854,34904cc0-20b0-44ef-a748-ca0f5d0a3cdb,,10,FAULT,0x0100,PI_LOST,0,1,1,0,1,0,0.0,0.659,0.0,1.221,0.0,146.52,109.89,0.0,0.0,37.07,0.2,0.0,0.0,0.0,0.0,0.0,0.0,53.4,0.0,0,0,0,0,0,8.0,0.0,25483.13,0.0,25483.13,0.0,-8.29
2026-06-05T02:07:17.905+00:00,222969,34904cc0-20b0-44ef-a748-ca0f5d0a3cdb,,10,FAULT,0x0100,PI_LOST,0,1,1,0,1,0,0.0,0.024,0.0,1.219,0.0,146.28,109.71,0.0,0.0,35.6,-0.28,0.0,0.0,0.0,0.0,0.0,0.0,53.6,0.0,0,0,0,0,0,8.0,0.0,25495.75,0.0,25495.75,0.0,-12.78
2026-06-05T02:07:18.019+00:00,223086,34904cc0-20b0-44ef-a748-ca0f5d0a3cdb,,10,FAULT,0x0100,PI_LOST,0,1,1,0,1,0,0.0,0.61,0.0,1.213,0.0,145.56,109.17,0.0,0.0,36.82,0.32,0.0,0.0,0.0,0.0,0.0,0.0,53.4,0.0,0,0,0,0,0,8.0,0.0,25508.52,0.0,25508.52,0.0,10.43
2026-06-05T02:07:18.148+00:00,223203,34904cc0-20b0-44ef-a748-ca0f5d0a3cdb,,10,FAULT,0x0100,PI_LOST,0,1,1,0,1,0,0.0,0.171,0.0,1.198,0.0,143.76,107.82,0.0,0.0,35.6,-0.4,0.0,0.0,0.0,0.0,0.0,0.0,53.4,0.0,0,0,0,0,0,8.0,0.0,25521.14,0.0,25521.14,0.0,-10.43
2026-06-05T02:07:18.320+00:00,223319,34904cc0-20b0-44ef-a748-ca0f5d0a3cdb,,10,FAULT,0x0100,PI_LOST,0,1,1,0,1,0,0.0,0.562,0.0,1.191,0.0,142.92,107.19,0.0,0.0,36.33,-0.15,0.0,0.0,0.0,0.0,0.0,0.0,53.1,0.0,0,0,0,0,0,8.0,0.0,25533.57,0.0,25533.57,0.0,6.29
2026-06-05T02:07:18.368+00:00,223435,34904cc0-20b0-44ef-a748-ca0f5d0a3cdb,,10,FAULT,0x0100,PI_LOST,0,1,1,0,1,0,0.0,0.562,0.0,1.177,0.0,141.24,105.93,0.0,0.0,34.87,-0.4,0.0,0.0,0.0,0.0,0.0,0.0,53.5,0.0,0,0,0,0,0,8.0,0.0,25545.86,0.0,25545.86,0.0,-12.59
2026-06-05T02:07:18.485+00:00,223552,34904cc0-20b0-44ef-a748-ca0f5d0a3cdb,,10,FAULT,0x0100,PI_LOST,0,1,1,0,1,0,0.0,0.953,0.0,1.187,0.0,142.44,106.83,0.0,0.0,35.11,-0.52,0.0,0.0,0.0,0.0,0.0,0.0,53.6,0.0,0,0,0,0,0,8.0,0.0,25558.36,0.0,25558.36,0.0,2.05
2026-06-05T02:07:18.600+00:00,223668,34904cc0-20b0-44ef-a748-ca0f5d0a3cdb,,10,FAULT,0x0100,PI_LOST,0,1,1,0,1,0,0.0,0.122,0.0,1.193,0.0,143.16,107.37,0.0,0.0,35.36,0.0,0.0,0.0,0.0,0.0,0.0,0.0,53.2,0.0,0,0,0,0,0,8.0,0.0,25570.81,0.0,25570.81,0.0,2.16
2026-06-05T02:07:18.719+00:00,223784,34904cc0-20b0-44ef-a748-ca0f5d0a3cdb,,10,FAULT,0x0100,PI_LOST,0,1,1,0,1,0,0.0,0.366,0.0,1.195,0.0,143.4,107.55,0.0,0.0,35.6,-0.15,0.0,0.0,0.0,0.0,0.0,0.0,53.5,0.0,0,0,0,0,0,8.0,0.0,25583.29,0.0,25583.29,0.0,2.07
2026-06-05T02:07:18.835+00:00,223901,34904cc0-20b0-44ef-a748-ca0f5d0a3cdb,,10,FAULT,0x0100,PI_LOST,0,1,1,0,1,0,0.0,0.562,0.0,1.202,0.0,144.24,108.18,0.0,0.0,36.82,0.0,0.0,0.0,0.0,0.0,0.0,0.0,53.2,0.0,0,0,0,0,0,8.0,0.0,25595.95,0.0,25595.95,0.0,10.43
2026-06-05T02:07:18.962+00:00,224017,34904cc0-20b0-44ef-a748-ca0f5d0a3cdb,,10,FAULT,0x0100,PI_LOST,0,1,1,0,1,0,0.0,0.953,0.0,1.186,0.0,142.32,106.74,0.0,0.0,36.09,-0.15,0.0,0.0,0.0,0.0,0.0,0.0,53.3,0.0,0,0,0,0,0,8.0,0.0,25608.33,0.0,25608.33,0.0,-6.29
2026-06-05T02:07:19.068+00:00,224134,34904cc0-20b0-44ef-a748-ca0f5d0a3cdb,,10,FAULT,0x0100,PI_LOST,0,1,1,0,1,0,0.0,1.001,0.0,1.215,0.0,145.8,109.35,0.0,0.0,37.31,-0.15,0.0,0.0,0.0,0.0,0.0,0.0,53.6,0.0,0,0,0,0,0,8.0,0.0,25621.12,0.0,25621.12,0.0,10.43
2026-06-05T02:07:19.185+00:00,224250,34904cc0-20b0-44ef-a748-ca0f5d0a3cdb,,10,FAULT,0x0100,PI_LOST,0,1,1,0,1,0,0.0,0.0,0.0,1.215,0.0,145.8,109.35,0.0,0.0,34.87,-0.52,0.0,0.0,0.0,0.0,0.0,0.0,53.4,0.0,0,0,0,0,0,8.0,0.0,25633.81,0.0,25633.81,0.0,-21.03
2026-06-05T02:07:19.301+00:00,224366,34904cc0-20b0-44ef-a748-ca0f5d0a3cdb,,10,FAULT,0x0100,PI_LOST,0,1,1,0,1,0,0.0,0.0,0.0,1.212,0.0,145.44,109.08,0.0,0.0,34.87,-0.52,0.0,0.0,0.0,0.0,0.0,0.0,53.1,0.0,0,0,0,0,0,8.0,0.0,25646.46,0.0,25646.46,0.0,0.0
2026-06-05T02:07:19.419+00:00,224483,34904cc0-20b0-44ef-a748-ca0f5d0a3cdb,,10,FAULT,0x0100,PI_LOST,0,1,1,0,1,0,0.0,0.0,0.0,1.207,0.0,144.84,108.63,0.0,0.0,35.11,-0.64,0.0,0.0,0.0,0.0,0.0,0.0,53.5,0.0,0,0,0,0,0,8.0,0.0,25659.17,0.0,25659.17,0.0,2.05
2026-06-05T02:07:19.579+00:00,224600,34904cc0-20b0-44ef-a748-ca0f5d0a3cdb,,10,FAULT,0x0100,PI_LOST,0,1,1,0,1,0,0.0,0.562,0.0,1.21,0.0,145.2,108.9,0.0,0.0,35.6,-0.4,0.0,0.0,0.0,0.0,0.0,0.0,53.2,0.0,0,0,0,0,0,8.0,0.0,25671.91,0.0,25671.91,0.0,4.19
2026-06-05T02:07:19.673+00:00,224716,34904cc0-20b0-44ef-a748-ca0f5d0a3cdb,,10,FAULT,0x0100,PI_LOST,0,1,1,0,1,0,0.0,0.268,0.0,1.218,0.0,146.16,109.62,0.0,0.0,36.58,-0.4,0.0,0.0,0.0,0.0,0.0,0.0,52.9,0.0,0,0,0,0,0,8.0,0.0,25684.63,0.0,25684.63,0.0,8.45
2026-06-05T02:07:19.769+00:00,224832,34904cc0-20b0-44ef-a748-ca0f5d0a3cdb,,10,FAULT,0x0100,PI_LOST,0,1,1,0,1,0,0.0,0.708,0.0,1.228,0.0,147.36,110.52,0.0,0.0,37.07,-0.15,0.0,0.0,0.0,0.0,0.0,0.0,53.4,0.0,0,0,0,0,0,8.0,0.0,25697.45,0.0,25697.45,0.0,4.22
2026-06-05T02:07:19.888+00:00,224949,34904cc0-20b0-44ef-a748-ca0f5d0a3cdb,,10,FAULT,0x0100,PI_LOST,0,1,1,0,1,0,0.0,1.099,0.0,1.222,0.0,146.64,109.98,0.0,0.0,34.62,-0.4,0.0,0.0,0.0,0.0,0.0,0.0,52.9,0.0,0,0,0,0,0,8.0,0.0,25710.31,0.0,25710.31,0.0,-20.94
2026-06-05T02:07:20.001+00:00,225065,34904cc0-20b0-44ef-a748-ca0f5d0a3cdb,,10,FAULT,0x0100,PI_LOST,0,1,1,0,1,0,0.0,0.024,0.0,1.208,0.0,144.96,108.72,0.0,0.0,35.36,-0.52,0.0,0.0,0.0,0.0,0.0,0.0,52.9,0.0,0,0,0,0,0,8.0,0.0,25722.93,0.0,25722.93,0.0,6.38
2026-06-05T02:07:20.119+00:00,225181,34904cc0-20b0-44ef-a748-ca0f5d0a3cdb,,10,FAULT,0x0100,PI_LOST,0,1,1,0,1,0,0.0,0.806,0.0,1.216,0.0,145.92,109.44,0.0,0.0,35.6,-0.64,0.0,0.0,0.0,0.0,0.0,0.0,53.4,0.0,0,0,0,0,0,8.0,0.0,25735.62,0.0,25735.62,0.0,2.07
2026-06-05T02:07:20.298+00:00,225298,34904cc0-20b0-44ef-a748-ca0f5d0a3cdb,,10,FAULT,0x0100,PI_LOST,0,1,1,0,1,0,0.0,0.708,0.0,1.207,0.0,144.84,108.63,0.0,0.0,36.33,-0.4,0.0,0.0,0.0,0.0,0.0,0.0,53.6,0.0,0,0,0,0,0,8.0,0.0,25748.33,0.0,25748.33,0.0,6.24
2026-06-05T02:07:20.401+00:00,225415,34904cc0-20b0-44ef-a748-ca0f5d0a3cdb,,10,FAULT,0x0100,PI_LOST,0,1,1,0,1,0,0.0,0.415,0.0,1.206,0.0,144.72,108.54,0.0,0.0,36.82,0.0,0.0,0.0,0.0,0.0,0.0,0.0,53.8,0.0,0,0,0,0,0,8.0,0.0,25761.03,0.0,25761.03,0.0,4.19
2026-06-05T02:07:20.495+00:00,225530,34904cc0-20b0-44ef-a748-ca0f5d0a3cdb,,10,FAULT,0x0100,PI_LOST,0,1,1,0,1,0,0.0,0.317,0.0,1.212,0.0,145.44,109.08,0.0,0.0,36.33,-0.15,0.0,0.0,0.0,0.0,0.0,0.0,53.4,0.0,0,0,0,0,0,8.0,0.0,25773.57,0.0,25773.57,0.0,-4.26
2026-06-05T02:07:20.586+00:00,225647,34904cc0-20b0-44ef-a748-ca0f5d0a3cdb,,10,FAULT,0x0100,PI_LOST,0,1,1,0,1,0,0.0,0.268,0.0,1.215,0.0,145.8,109.35,0.0,0.0,35.6,-0.28,0.0,0.0,0.0,0.0,0.0,0.0,53.5,0.0,0,0,0,0,0,8.0,0.0,25786.37,0.0,25786.37,0.0,-6.24
2026-06-05T02:07:20.701+00:00,225764,34904cc0-20b0-44ef-a748-ca0f5d0a3cdb,,10,FAULT,0x0100,PI_LOST,0,1,1,0,1,0,0.0,0.0,0.0,1.218,0.0,146.16,109.62,0.0,0.0,34.62,-0.52,0.0,0.0,0.0,0.0,0.0,0.0,53.3,0.0,0,0,0,0,0,8.0,0.0,25799.19,0.0,25799.19,0.0,-8.38
2026-06-05T02:07:20.819+00:00,225880,34904cc0-20b0-44ef-a748-ca0f5d0a3cdb,,10,FAULT,0x0100,PI_LOST,0,1,1,0,1,0,0.0,0.122,0.0,1.208,0.0,144.96,108.72,0.0,0.0,34.87,-0.28,0.0,0.0,0.0,0.0,0.0,0.0,53.3,0.0,0,0,0,0,0,8.0,0.0,25811.8,0.0,25811.8,0.0,2.16
2026-06-05T02:07:20.991+00:00,225996,34904cc0-20b0-44ef-a748-ca0f5d0a3cdb,,10,FAULT,0x0100,PI_LOST,0,1,1,0,1,0,0.0,0.757,0.0,1.208,0.0,144.96,108.72,0.0,0.0,36.09,0.32,0.0,0.0,0.0,0.0,0.0,0.0,53.2,0.0,0,0,0,0,0,8.0,0.0,25824.42,0.0,25824.42,0.0,10.52
2026-06-05T02:07:21.122+00:00,226113,34904cc0-20b0-44ef-a748-ca0f5d0a3cdb,,10,FAULT,0x0100,PI_LOST,0,1,1,0,1,0,0.0,0.317,0.0,1.206,0.0,144.72,108.54,0.0,0.0,35.85,-0.15,0.0,0.0,0.0,0.0,0.0,0.0,53.5,0.0,0,0,0,0,0,8.0,0.0,25837.12,0.0,25837.12,0.0,-2.05
2026-06-05T02:07:21.216+00:00,226229,34904cc0-20b0-44ef-a748-ca0f5d0a3cdb,,10,FAULT,0x0100,PI_LOST,0,1,1,0,1,0,0.0,0.562,0.0,1.195,0.0,143.4,107.55,0.0,0.0,35.85,-0.28,0.0,0.0,0.0,0.0,0.0,0.0,53.4,0.0,0,0,0,0,0,8.0,0.0,25849.59,0.0,25849.59,0.0,0.0
2026-06-05T02:07:21.283+00:00,226345,34904cc0-20b0-44ef-a748-ca0f5d0a3cdb,,10,FAULT,0x0100,PI_LOST,0,1,1,0,1,0,0.0,0.513,0.0,1.199,0.0,143.88,107.91,0.0,0.0,36.82,0.0,0.0,0.0,0.0,0.0,0.0,0.0,53.5,0.0,0,0,0,0,0,8.0,0.0,25862.11,0.0,25862.11,0.0,8.36
2026-06-05T02:07:21.401+00:00,226462,34904cc0-20b0-44ef-a748-ca0f5d0a3cdb,,10,FAULT,0x0100,PI_LOST,0,1,1,0,1,0,0.0,0.073,0.0,1.212,0.0,145.44,109.08,0.0,0.0,36.33,-0.4,0.0,0.0,0.0,0.0,0.0,0.0,53.0,0.0,0,0,0,0,0,8.0,0.0,25874.87,0.0,25874.87,0.0,-4.19
2026-06-05T02:07:21.517+00:00,226578,34904cc0-20b0-44ef-a748-ca0f5d0a3cdb,,10,FAULT,0x0100,PI_LOST,0,1,1,0,1,0,0.0,0.61,0.0,1.219,0.0,146.28,109.71,0.0,0.0,37.31,0.0,0.0,0.0,0.0,0.0,0.0,0.0,53.4,0.0,0,0,0,0,0,8.0,0.0,25887.6,0.0,25887.6,0.0,8.45
2026-06-05T02:07:21.642+00:00,226695,34904cc0-20b0-44ef-a748-ca0f5d0a3cdb,,10,FAULT,0x0100,PI_LOST,0,1,1,0,1,0,0.0,0.0,0.0,1.227,0.0,147.24,110.43,0.0,0.0,35.36,-0.52,0.0,0.0,0.0,0.0,0.0,0.0,53.1,0.0,0,0,0,0,0,8.0,0.0,25900.52,0.0,25900.52,0.0,-16.67
2026-06-05T02:07:21.750+00:00,226811,34904cc0-20b0-44ef-a748-ca0f5d0a3cdb,,10,FAULT,0x0100,PI_LOST,0,1,1,0,1,0,0.0,0.513,0.0,1.233,0.0,147.96,110.97,0.0,0.0,36.33,0.0,0.0,0.0,0.0,0.0,0.0,0.0,52.9,0.0,0,0,0,0,0,8.0,0.0,25913.39,0.0,25913.39,0.0,8.36
2026-06-05T02:07:21.930+00:00,226928,34904cc0-20b0-44ef-a748-ca0f5d0a3cdb,,10,FAULT,0x0100,PI_LOST,0,1,1,0,1,0,0.0,0.268,0.0,1.235,0.0,148.2,111.15,0.0,0.0,36.33,-0.4,0.0,0.0,0.0,0.0,0.0,0.0,53.5,0.0,0,0,0,0,0,8.0,0.0,25926.39,0.0,25926.39,0.0,0.0
2026-06-05T02:07:21.983+00:00,227044,34904cc0-20b0-44ef-a748-ca0f5d0a3cdb,,10,FAULT,0x0100,PI_LOST,0,1,1,0,1,0,0.0,0.708,0.0,1.242,0.0,149.04,111.78,0.0,0.0,36.82,0.32,0.0,0.0,0.0,0.0,0.0,0.0,53.9,0.0,0,0,0,0,0,8.0,0.0,25939.36,0.0,25939.36,0.0,4.22
2026-06-05T02:07:22.102+00:00,227161,34904cc0-20b0-44ef-a748-ca0f5d0a3cdb,,10,FAULT,0x0100,PI_LOST,0,1,1,0,1,0,0.0,0.073,0.0,1.245,0.0,149.4,112.05,0.0,0.0,34.87,-0.4,0.0,0.0,0.0,0.0,0.0,0.0,53.4,0.0,0,0,0,0,0,8.0,0.0,25952.47,0.0,25952.47,0.0,-16.67
2026-06-05T02:07:22.217+00:00,227277,34904cc0-20b0-44ef-a748-ca0f5d0a3cdb,,10,FAULT,0x0100,PI_LOST,0,1,1,0,1,0,0.0,0.659,0.0,1.264,0.0,151.68,113.76,0.0,0.0,37.07,0.32,0.0,0.0,0.0,0.0,0.0,0.0,53.6,0.0,0,0,0,0,0,8.0,0.0,25965.67,0.0,25965.67,0.0,18.97
2026-06-05T02:07:22.335+00:00,227393,34904cc0-20b0-44ef-a748-ca0f5d0a3cdb,,10,FAULT,0x0100,PI_LOST,0,1,1,0,1,0,0.0,0.904,0.0,1.264,0.0,151.68,113.76,0.0,0.0,36.58,-0.4,0.0,0.0,0.0,0.0,0.0,0.0,53.5,0.0,0,0,0,0,0,8.0,0.0,25978.86,0.0,25978.86,0.0,-4.22
2026-06-05T02:07:22.468+00:00,227510,34904cc0-20b0-44ef-a748-ca0f5d0a3cdb,,10,FAULT,0x0100,PI_LOST,0,1,1,0,1,0,0.0,0.0,0.0,1.267,0.0,152.04,114.03,0.0,0.0,34.62,-0.52,0.0,0.0,0.0,0.0,0.0,0.0,53.3,0.0,0,0,0,0,0,8.0,0.0,25992.2,0.0,25992.2,0.0,-16.75
2026-06-05T02:07:22.641+00:00,227627,34904cc0-20b0-44ef-a748-ca0f5d0a3cdb,,10,FAULT,0x0100,PI_LOST,0,1,1,0,1,0,0.0,0.0,0.0,1.271,0.0,152.52,114.39,0.0,0.0,35.36,-0.4,0.0,0.0,0.0,0.0,0.0,0.0,53.7,0.0,0,0,0,0,0,8.0,0.0,26005.59,0.0,26005.59,0.0,6.32
2026-06-05T02:07:22.684+00:00,227742,34904cc0-20b0-44ef-a748-ca0f5d0a3cdb,,10,FAULT,0x0100,PI_LOST,0,1,1,0,1,0,0.0,0.0,0.0,1.266,0.0,151.92,113.94,0.0,0.0,35.85,-0.52,0.0,0.0,0.0,0.0,0.0,0.0,53.2,0.0,0,0,0,0,0,8.0,0.0,26018.69,0.0,26018.69,0.0,4.26
2026-06-05T02:07:22.802+00:00,227859,34904cc0-20b0-44ef-a748-ca0f5d0a3cdb,,10,FAULT,0x0100,PI_LOST,0,1,1,0,1,0,0.0,0.953,0.0,1.267,0.0,152.04,114.03,0.0,0.0,34.87,-0.28,0.0,0.0,0.0,0.0,0.0,0.0,53.0,0.0,0,0,0,0,0,8.0,0.0,26032.03,0.0,26032.03,0.0,-8.38
2026-06-05T02:07:22.917+00:00,227976,34904cc0-20b0-44ef-a748-ca0f5d0a3cdb,,10,FAULT,0x0100,PI_LOST,0,1,1,0,1,0,0.0,0.61,0.0,1.273,0.0,152.76,114.57,0.0,0.0,36.09,-0.15,0.0,0.0,0.0,0.0,0.0,0.0,53.2,0.0,0,0,0,0,0,8.0,0.0,26045.44,0.0,26045.44,0.0,10.43
2026-06-05T02:07:23.035+00:00,228091,34904cc0-20b0-44ef-a748-ca0f5d0a3cdb,,10,FAULT,0x0100,PI_LOST,0,1,1,0,1,0,0.0,0.415,0.0,1.28,0.0,153.6,115.2,0.0,0.0,36.33,-0.28,0.0,0.0,0.0,0.0,0.0,0.0,53.1,0.0,0,0,0,0,0,8.0,0.0,26058.69,0.0,26058.69,0.0,2.09
2026-06-05T02:07:23.222+00:00,228208,34904cc0-20b0-44ef-a748-ca0f5d0a3cdb,,10,FAULT,0x0100,PI_LOST,0,1,1,0,1,0,0.0,0.0,0.0,1.268,0.0,152.16,114.12,0.0,0.0,35.85,-0.4,0.0,0.0,0.0,0.0,0.0,0.0,53.1,0.0,0,0,0,0,0,8.0,0.0,26072.04,0.0,26072.04,0.0,-4.1
2026-06-05T02:07:23.324+00:00,228325,34904cc0-20b0-44ef-a748-ca0f5d0a3cdb,,10,FAULT,0x0100,PI_LOST,0,1,1,0,1,0,0.0,0.073,0.0,1.262,0.0,151.44,113.58,0.0,0.0,36.09,-0.64,0.0,0.0,0.0,0.0,0.0,0.0,53.0,0.0,0,0,0,0,0,8.0,0.0,26085.33,0.0,26085.33,0.0,2.05
2026-06-05T02:07:23.417+00:00,228441,34904cc0-20b0-44ef-a748-ca0f5d0a3cdb,,10,FAULT,0x0100,PI_LOST,0,1,1,0,1,0,0.0,0.268,0.0,1.261,0.0,151.32,113.49,0.0,0.0,35.36,-0.15,0.0,0.0,0.0,0.0,0.0,0.0,53.0,0.0,0,0,0,0,0,8.0,0.0,26098.49,0.0,26098.49,0.0,-6.29
2026-06-05T02:07:23.502+00:00,228557,34904cc0-20b0-44ef-a748-ca0f5d0a3cdb,,10,FAULT,0x0100,PI_LOST,0,1,1,0,1,0,0.0,0.122,0.0,1.252,0.0,150.24,112.68,0.0,0.0,35.85,-0.52,0.0,0.0,0.0,0.0,0.0,0.0,53.0,0.0,0,0,0,0,0,8.0,0.0,26111.56,0.0,26111.56,0.0,4.22
2026-06-05T02:07:23.617+00:00,228674,34904cc0-20b0-44ef-a748-ca0f5d0a3cdb,,10,FAULT,0x0100,PI_LOST,0,1,1,0,1,0,0.0,0.073,0.0,1.245,0.0,149.4,112.05,0.0,0.0,35.6,-0.52,0.0,0.0,0.0,0.0,0.0,0.0,52.9,0.0,0,0,0,0,0,8.0,0.0,26124.67,0.0,26124.67,0.0,-2.14
2026-06-05T02:07:23.733+00:00,228790,34904cc0-20b0-44ef-a748-ca0f5d0a3cdb,,10,FAULT,0x0100,PI_LOST,0,1,1,0,1,0,0.0,0.171,0.0,1.246,0.0,149.52,112.14,0.0,0.0,35.85,-0.15,0.0,0.0,0.0,0.0,0.0,0.0,53.3,0.0,0,0,0,0,0,8.0,0.0,26137.68,0.0,26137.68,0.0,2.16
2026-06-05T02:07:23.851+00:00,228907,34904cc0-20b0-44ef-a748-ca0f5d0a3cdb,,10,FAULT,0x0100,PI_LOST,0,1,1,0,1,0,0.0,0.953,0.0,1.24,0.0,148.8,111.6,0.0,0.0,35.36,-0.52,0.0,0.0,0.0,0.0,0.0,0.0,53.4,0.0,0,0,0,0,0,8.0,0.0,26150.74,0.0,26150.74,0.0,-4.19
2026-06-05T02:07:24.042+00:00,229023,34904cc0-20b0-44ef-a748-ca0f5d0a3cdb,,10,FAULT,0x0100,PI_LOST,0,1,1,0,1,0,0.0,0.61,0.0,1.252,0.0,150.24,112.68,0.0,0.0,36.82,0.0,0.0,0.0,0.0,0.0,0.0,0.0,53.8,0.0,0,0,0,0,0,8.0,0.0,26163.81,0.0,26163.81,0.0,12.59
2026-06-05T02:07:24.136+00:00,229139,34904cc0-20b0-44ef-a748-ca0f5d0a3cdb,,10,FAULT,0x0100,PI_LOST,0,1,1,0,1,0,0.0,0.122,0.0,1.247,0.0,149.64,112.23,0.0,0.0,35.85,-0.52,0.0,0.0,0.0,0.0,0.0,0.0,54.7,0.0,0,0,0,0,0,8.0,0.0,26176.83,0.0,26176.83,0.0,-8.36
2026-06-05T02:07:24.199+00:00,229256,34904cc0-20b0-44ef-a748-ca0f5d0a3cdb,,10,FAULT,0x0100,PI_LOST,0,1,1,0,1,0,0.0,0.0,0.0,1.247,0.0,149.64,112.23,0.0,0.0,35.36,-0.52,0.0,0.0,0.0,0.0,0.0,0.0,54.9,0.0,0,0,0,0,0,8.0,0.0,26189.96,0.0,26189.96,0.0,-4.19
2026-06-05T02:07:24.318+00:00,229372,34904cc0-20b0-44ef-a748-ca0f5d0a3cdb,,10,FAULT,0x0100,PI_LOST,0,1,1,0,1,0,0.0,1.001,0.0,1.246,0.0,149.52,112.14,0.0,0.0,36.82,-0.4,0.0,0.0,0.0,0.0,0.0,0.0,54.4,0.0,0,0,0,0,0,8.0,0.0,26202.97,0.0,26202.97,0.0,12.59
2026-06-05T02:07:24.433+00:00,229489,34904cc0-20b0-44ef-a748-ca0f5d0a3cdb,,10,FAULT,0x0100,PI_LOST,0,1,1,0,1,0,0.0,0.562,0.0,1.245,0.0,149.4,112.05,0.0,0.0,36.09,0.2,0.0,0.0,0.0,0.0,0.0,0.0,54.4,0.0,0,0,0,0,0,8.0,0.0,26216.08,0.0,26216.08,0.0,-6.24
2026-06-05T02:07:24.561+00:00,229605,34904cc0-20b0-44ef-a748-ca0f5d0a3cdb,,10,FAULT,0x0100,PI_LOST,0,1,1,0,1,0,0.0,0.61,0.0,1.259,0.0,151.08,113.31,0.0,0.0,36.58,0.0,0.0,0.0,0.0,0.0,0.0,0.0,53.6,0.0,0,0,0,0,0,8.0,0.0,26229.22,0.0,26229.22,0.0,4.22
2026-06-05T02:07:24.669+00:00,229722,34904cc0-20b0-44ef-a748-ca0f5d0a3cdb,,10,FAULT,0x0100,PI_LOST,0,1,1,0,1,0,0.0,1.197,0.0,1.241,0.0,148.92,111.69,0.0,0.0,36.09,-0.52,0.0,0.0,0.0,0.0,0.0,0.0,54.8,0.0,0,0,0,0,0,8.0,0.0,26242.29,0.0,26242.29,0.0,-4.19
2026-06-05T02:07:24.852+00:00,229838,34904cc0-20b0-44ef-a748-ca0f5d0a3cdb,,10,FAULT,0x0100,PI_LOST,0,1,1,0,1,0,0.0,1.246,0.0,1.242,0.0,149.04,111.78,0.0,0.0,37.07,-0.28,0.0,0.0,0.0,0.0,0.0,0.0,54.3,0.0,0,0,0,0,0,8.0,0.0,26255.25,0.0,26255.25,0.0,8.45
2026-06-05T02:07:24.900+00:00,229954,34904cc0-20b0-44ef-a748-ca0f5d0a3cdb,,10,FAULT,0x0100,PI_LOST,0,1,1,0,1,0,0.0,0.464,0.0,1.224,0.0,146.88,110.16,0.0,0.0,36.09,-0.28,0.0,0.0,0.0,0.0,0.0,0.0,53.8,0.0,0,0,0,0,0,8.0,0.0,26268.03,0.0,26268.03,0.0,-8.45
2026-06-05T02:07:25.018+00:00,230071,34904cc0-20b0-44ef-a748-ca0f5d0a3cdb,,10,FAULT,0x0100,PI_LOST,0,1,1,0,1,0,0.0,0.0,0.0,1.225,0.0,147.0,110.25,0.0,0.0,34.87,-0.64,0.0,0.0,0.0,0.0,0.0,0.0,53.8,0.0,0,0,0,0,0,8.0,0.0,26280.93,0.0,26280.93,0.0,-10.43
2026-06-05T02:07:25.133+00:00,230188,34904cc0-20b0-44ef-a748-ca0f5d0a3cdb,,10,FAULT,0x0100,PI_LOST,0,1,1,0,1,0,0.0,1.148,0.0,1.215,0.0,145.8,109.35,0.0,0.0,35.6,-0.64,0.0,0.0,0.0,0.0,0.0,0.0,54.0,0.0,0,0,0,0,0,8.0,0.0,26293.73,0.0,26293.73,0.0,6.24
2026-06-05T02:07:25.251+00:00,230303,34904cc0-20b0-44ef-a748-ca0f5d0a3cdb,,10,FAULT,0x0100,PI_LOST,0,1,1,0,1,0,0.0,0.61,0.0,1.209,0.0,145.08,108.81,0.0,0.0,36.58,0.2,0.0,0.0,0.0,0.0,0.0,0.0,53.8,0.0,0,0,0,0,0,8.0,0.0,26306.24,0.0,26306.24,0.0,8.52
2026-06-05T02:07:25.396+00:00,230420,34904cc0-20b0-44ef-a748-ca0f5d0a3cdb,,10,FAULT,0x0100,PI_LOST,0,1,1,0,1,0,0.0,0.513,0.0,1.207,0.0,144.84,108.63,0.0,0.0,36.58,-0.15,0.0,0.0,0.0,0.0,0.0,0.0,53.7,0.0,0,0,0,0,0,8.0,0.0,26318.95,0.0,26318.95,0.0,0.0
2026-06-05T02:07:25.488+00:00,230537,34904cc0-20b0-44ef-a748-ca0f5d0a3cdb,,10,FAULT,0x0100,PI_LOST,0,1,1,0,1,0,0.0,0.024,0.0,1.205,0.0,144.6,108.45,0.0,0.0,35.6,-0.4,0.0,0.0,0.0,0.0,0.0,0.0,53.1,0.0,0,0,0,0,0,8.0,0.0,26331.64,0.0,26331.64,0.0,-8.38
2026-06-05T02:07:25.600+00:00,230652,34904cc0-20b0-44ef-a748-ca0f5d0a3cdb,,10,FAULT,0x0100,PI_LOST,0,1,1,0,1,0,0.0,0.171,0.0,1.195,0.0,143.4,107.55,0.0,0.0,35.11,-0.4,0.0,0.0,0.0,0.0,0.0,0.0,52.5,0.0,0,0,0,0,0,8.0,0.0,26344.01,0.0,26344.01,0.0,-4.26
2026-06-05T02:07:25.718+00:00,230769,34904cc0-20b0-44ef-a748-ca0f5d0a3cdb,,10,FAULT,0x0100,PI_LOST,0,1,1,0,1,0,0.0,0.0,0.0,1.197,0.0,143.64,107.73,0.0,0.0,35.36,-0.28,0.0,0.0,0.0,0.0,0.0,0.0,52.1,0.0,0,0,0,0,0,8.0,0.0,26356.61,0.0,26356.61,0.0,2.14
2026-06-05T02:07:25.833+00:00,230886,34904cc0-20b0-44ef-a748-ca0f5d0a3cdb,,10,FAULT,0x0100,PI_LOST,0,1,1,0,1,0,0.0,0.855,0.0,1.199,0.0,143.88,107.91,0.0,0.0,36.09,-0.28,0.0,0.0,0.0,0.0,0.0,0.0,52.0,0.0,0,0,0,0,0,8.0,0.0,26369.24,0.0,26369.24,0.0,6.24
2026-06-05T02:07:25.951+00:00,231003,34904cc0-20b0-44ef-a748-ca0f5d0a3cdb,,10,FAULT,0x0100,PI_LOST,0,1,1,0,1,0,0.0,0.659,0.0,1.198,0.0,143.76,107.82,0.0,0.0,36.33,-0.4,0.0,0.0,0.0,0.0,0.0,0.0,50.9,0.0,0,0,0,0,0,8.0,0.0,26381.85,0.0,26381.85,0.0,2.05
2026-06-05T02:07:26.107+00:00,231118,34904cc0-20b0-44ef-a748-ca0f5d0a3cdb,,10,FAULT,0x0100,PI_LOST,0,1,1,0,1,0,0.0,0.219,0.0,1.194,0.0,143.28,107.46,0.0,0.0,35.11,-0.4,0.0,0.0,0.0,0.0,0.0,0.0,51.4,0.0,0,0,0,0,0,8.0,0.0,26394.21,0.0,26394.21,0.0,-10.61
2026-06-05T02:07:26.199+00:00,231235,34904cc0-20b0-44ef-a748-ca0f5d0a3cdb,,10,FAULT,0x0100,PI_LOST,0,1,1,0,1,0,0.0,0.659,0.0,1.203,0.0,144.36,108.27,0.0,0.0,36.58,0.32,0.0,0.0,0.0,0.0,0.0,0.0,51.2,0.0,0,0,0,0,0,8.0,0.0,26406.88,0.0,26406.88,0.0,12.56
2026-06-05T02:07:26.300+00:00,231352,34904cc0-20b0-44ef-a748-ca0f5d0a3cdb,,10,FAULT,0x0100,PI_LOST,0,1,1,0,1,0,0.0,0.806,0.0,1.195,0.0,143.4,107.55,0.0,0.0,36.33,-0.52,0.0,0.0,0.0,0.0,0.0,0.0,51.2,0.0,0,0,0,0,0,8.0,0.0,26419.46,0.0,26419.46,0.0,-2.14
2026-06-05T02:07:26.416+00:00,231468,34904cc0-20b0-44ef-a748-ca0f5d0a3cdb,,10,FAULT,0x0100,PI_LOST,0,1,1,0,1,0,0.0,0.855,0.0,1.193,0.0,143.16,107.37,0.0,0.0,37.07,-0.28,0.0,0.0,0.0,0.0,0.0,0.0,51.1,0.0,0,0,0,0,0,8.0,0.0,26431.91,0.0,26431.91,0.0,6.38
2026-06-05T02:07:26.533+00:00,231584,34904cc0-20b0-44ef-a748-ca0f5d0a3cdb,,10,FAULT,0x0100,PI_LOST,0,1,1,0,1,0,0.0,0.073,0.0,1.19,0.0,142.8,107.1,0.0,0.0,35.6,-0.4,0.0,0.0,0.0,0.0,0.0,0.0,51.0,0.0,0,0,0,0,0,8.0,0.0,26444.34,0.0,26444.34,0.0,-12.67
2026-06-05T02:07:26.649+00:00,231701,34904cc0-20b0-44ef-a748-ca0f5d0a3cdb,,10,FAULT,0x0100,PI_LOST,0,1,1,0,1,0,0.0,0.562,0.0,1.194,0.0,143.28,107.46,0.0,0.0,37.07,0.0,0.0,0.0,0.0,0.0,0.0,0.0,51.2,0.0,0,0,0,0,0,8.0,0.0,26456.91,0.0,26456.91,0.0,12.56
2026-06-05T02:07:26.821+00:00,231817,34904cc0-20b0-44ef-a748-ca0f5d0a3cdb,,10,FAULT,0x0100,PI_LOST,0,1,1,0,1,0,0.0,0.122,0.0,1.188,0.0,142.56,106.92,0.0,0.0,34.62,-0.4,0.0,0.0,0.0,0.0,0.0,0.0,51.4,0.0,0,0,0,0,0,8.0,0.0,26469.31,0.0,26469.31,0.0,-21.12
2026-06-05T02:07:26.917+00:00,231933,34904cc0-20b0-44ef-a748-ca0f5d0a3cdb,,10,FAULT,0x0100,PI_LOST,0,1,1,0,1,0,0.0,0.366,0.0,1.192,0.0,143.04,107.28,0.0,0.0,35.85,-0.4,0.0,0.0,0.0,0.0,0.0,0.0,51.6,0.0,0,0,0,0,0,8.0,0.0,26481.76,0.0,26481.76,0.0,10.6
2026-06-05T02:07:27.008+00:00,232050,34904cc0-20b0-44ef-a748-ca0f5d0a3cdb,,10,FAULT,0x0100,PI_LOST,0,1,1,0,1,0,0.0,0.61,0.0,1.191,0.0,142.92,107.19,0.0,0.0,35.6,0.2,0.0,0.0,0.0,0.0,0.0,0.0,51.7,0.0,0,0,0,0,0,8.0,0.0,26494.3,0.0,26494.3,0.0,-2.14
2026-06-05T02:07:27.116+00:00,232166,34904cc0-20b0-44ef-a748-ca0f5d0a3cdb,,10,FAULT,0x0100,PI_LOST,0,1,1,0,1,0,0.0,0.708,0.0,1.193,0.0,143.16,107.37,0.0,0.0,36.09,-0.28,0.0,0.0,0.0,0.0,0.0,0.0,51.5,0.0,0,0,0,0,0,8.0,0.0,26506.75,0.0,26506.75,0.0,4.22
2026-06-05T02:07:27.234+00:00,232283,34904cc0-20b0-44ef-a748-ca0f5d0a3cdb,,10,FAULT,0x0100,PI_LOST,0,1,1,0,1,0,0.0,0.659,0.0,1.196,0.0,143.52,107.64,0.0,0.0,36.33,-0.15,0.0,0.0,0.0,0.0,0.0,0.0,52.1,0.0,0,0,0,0,0,8.0,0.0,26519.35,0.0,26519.35,0.0,2.05
2026-06-05T02:07:27.349+00:00,232399,34904cc0-20b0-44ef-a748-ca0f5d0a3cdb,,10,FAULT,0x0100,PI_LOST,0,1,1,0,1,0,0.0,0.562,0.0,1.186,0.0,142.32,106.74,0.0,0.0,36.82,0.2,0.0,0.0,0.0,0.0,0.0,0.0,52.3,0.0,0,0,0,0,0,8.0,0.0,26531.73,0.0,26531.73,0.0,4.22
2026-06-05T02:07:27.544+00:00,232515,34904cc0-20b0-44ef-a748-ca0f5d0a3cdb,,10,FAULT,0x0100,PI_LOST,0,1,1,0,1,0,0.0,0.268,0.0,1.182,0.0,141.84,106.38,0.0,0.0,35.11,-0.4,0.0,0.0,0.0,0.0,0.0,0.0,52.3,0.0,0,0,0,0,0,8.0,0.0,26544.07,0.0,26544.07,0.0,-14.74
2026-06-05T02:07:27.642+00:00,232632,34904cc0-20b0-44ef-a748-ca0f5d0a3cdb,,10,FAULT,0x0100,PI_LOST,0,1,1,0,1,0,0.0,0.659,0.0,1.174,0.0,140.88,105.66,0.0,0.0,35.85,-0.15,0.0,0.0,0.0,0.0,0.0,0.0,52.6,0.0,0,0,0,0,0,8.0,0.0,26556.43,0.0,26556.43,0.0,6.32
2026-06-05T02:07:27.735+00:00,232749,34904cc0-20b0-44ef-a748-ca0f5d0a3cdb,,10,FAULT,0x0100,PI_LOST,0,1,1,0,1,0,0.0,0.122,0.0,1.172,0.0,140.64,105.48,0.0,0.0,35.36,-0.52,0.0,0.0,0.0,0.0,0.0,0.0,51.9,0.0,0,0,0,0,0,8.0,0.0,26568.77,0.0,26568.77,0.0,-4.19
2026-06-05T02:07:27.816+00:00,232864,34904cc0-20b0-44ef-a748-ca0f5d0a3cdb,,10,FAULT,0x0100,PI_LOST,0,1,1,0,1,0,0.0,0.757,0.0,1.157,0.0,138.84,104.13,0.0,0.0,36.82,-0.28,0.0,0.0,0.0,0.0,0.0,0.0,51.8,0.0,0,0,0,0,0,8.0,0.0,26580.75,0.0,26580.75,0.0,12.7
2026-06-05T02:07:27.934+00:00,232981,34904cc0-20b0-44ef-a748-ca0f5d0a3cdb,,10,FAULT,0x0100,PI_LOST,0,1,1,0,1,0,0.0,0.024,0.0,1.178,0.0,141.36,106.02,0.0,0.0,35.11,-0.52,0.0,0.0,0.0,0.0,0.0,0.0,51.9,0.0,0,0,0,0,0,8.0,0.0,26593.15,0.0,26593.15,0.0,-14.62
2026-06-05T02:07:28.049+00:00,233098,34904cc0-20b0-44ef-a748-ca0f5d0a3cdb,,10,FAULT,0x0100,PI_LOST,0,1,1,0,1,0,0.0,0.024,0.0,1.164,0.0,139.68,104.76,0.0,0.0,35.85,-0.4,0.0,0.0,0.0,0.0,0.0,0.0,51.9,0.0,0,0,0,0,0,8.0,0.0,26605.41,0.0,26605.41,0.0,6.32
2026-06-05T02:07:28.167+00:00,233213,34904cc0-20b0-44ef-a748-ca0f5d0a3cdb,,10,FAULT,0x0100,PI_LOST,0,1,1,0,1,0,0.0,0.0,0.0,1.166,0.0,139.92,104.94,0.0,0.0,35.11,-0.4,0.0,0.0,0.0,0.0,0.0,0.0,51.9,0.0,0,0,0,0,0,8.0,0.0,26617.48,0.0,26617.48,0.0,-6.43
2026-06-05T02:07:28.308+00:00,233330,34904cc0-20b0-44ef-a748-ca0f5d0a3cdb,,10,FAULT,0x0100,PI_LOST,0,1,1,0,1,0,0.0,1.001,0.0,1.171,0.0,140.52,105.39,0.0,0.0,36.33,-0.64,0.0,0.0,0.0,0.0,0.0,0.0,52.2,0.0,0,0,0,0,0,8.0,0.0,26629.81,0.0,26629.81,0.0,10.43
2026-06-05T02:07:28.422+00:00,233447,34904cc0-20b0-44ef-a748-ca0f5d0a3cdb,,10,FAULT,0x0100,PI_LOST,0,1,1,0,1,0,0.0,0.904,0.0,1.182,0.0,141.84,106.38,0.0,0.0,37.07,0.2,0.0,0.0,0.0,0.0,0.0,0.0,51.6,0.0,0,0,0,0,0,8.0,0.0,26642.25,0.0,26642.25,0.0,6.32
2026-06-05T02:07:28.516+00:00,233564,34904cc0-20b0-44ef-a748-ca0f5d0a3cdb,,10,FAULT,0x0100,PI_LOST,0,1,1,0,1,0,0.0,0.757,0.0,1.184,0.0,142.08,106.56,0.0,0.0,36.09,0.2,0.0,0.0,0.0,0.0,0.0,0.0,51.3,0.0,0,0,0,0,0,8.0,0.0,26654.72,0.0,26654.72,0.0,-8.38
2026-06-05T02:07:28.634+00:00,233679,34904cc0-20b0-44ef-a748-ca0f5d0a3cdb,,10,FAULT,0x0100,PI_LOST,0,1,1,0,1,0,0.0,0.024,0.0,1.181,0.0,141.72,106.29,0.0,0.0,34.38,-0.4,0.0,0.0,0.0,0.0,0.0,0.0,51.4,0.0,0,0,0,0,0,8.0,0.0,26666.95,0.0,26666.95,0.0,-14.87
2026-06-05T02:07:28.749+00:00,233796,34904cc0-20b0-44ef-a748-ca0f5d0a3cdb,,10,FAULT,0x0100,PI_LOST,0,1,1,0,1,0,0.0,0.0,0.0,1.179,0.0,141.48,106.11,0.0,0.0,35.36,-0.4,0.0,0.0,0.0,0.0,0.0,0.0,51.6,0.0,0,0,0,0,0,8.0,0.0,26679.36,0.0,26679.36,0.0,8.38
2026-06-05T02:07:28.865+00:00,233912,34904cc0-20b0-44ef-a748-ca0f5d0a3cdb,,10,FAULT,0x0100,PI_LOST,0,1,1,0,1,0,0.0,1.05,0.0,1.177,0.0,141.24,105.93,0.0,0.0,37.07,-0.28,0.0,0.0,0.0,0.0,0.0,0.0,52.0,0.0,0,0,0,0,0,8.0,0.0,26691.65,0.0,26691.65,0.0,14.74
2026-06-05T02:07:29.023+00:00,234029,34904cc0-20b0-44ef-a748-ca0f5d0a3cdb,,10,FAULT,0x0100,PI_LOST,0,1,1,0,1,0,0.0,0.219,0.0,1.196,0.0,143.52,107.64,0.0,0.0,35.6,-0.4,0.0,0.0,0.0,0.0,0.0,0.0,51.0,0.0,0,0,0,0,0,8.0,0.0,26704.24,0.0,26704.24,0.0,-12.56
2026-06-05T02:07:29.115+00:00,234145,34904cc0-20b0-44ef-a748-ca0f5d0a3cdb,,10,FAULT,0x0100,PI_LOST,0,1,1,0,1,0,0.0,0.317,0.0,1.2,0.0,144.0,108.0,0.0,0.0,35.6,-0.28,0.0,0.0,0.0,0.0,0.0,0.0,51.0,0.0,0,0,0,0,0,8.0,0.0,26716.77,0.0,26716.77,0.0,0.0
2026-06-05T02:07:29.217+00:00,234262,34904cc0-20b0-44ef-a748-ca0f5d0a3cdb,,10,FAULT,0x0100,PI_LOST,0,1,1,0,1,0,0.0,0.317,0.0,1.197,0.0,143.64,107.73,0.0,0.0,35.6,-0.15,0.0,0.0,0.0,0.0,0.0,0.0,50.6,0.0,0,0,0,0,0,8.0,0.0,26729.37,0.0,26729.37,0.0,0.0
2026-06-05T02:07:29.332+00:00,234378,34904cc0-20b0-44ef-a748-ca0f5d0a3cdb,,10,FAULT,0x0100,PI_LOST,0,1,1,0,1,0,0.0,1.001,0.0,1.197,0.0,143.64,107.73,0.0,0.0,35.6,-0.4,0.0,0.0,0.0,0.0,0.0,0.0,51.6,0.0,0,0,0,0,0,8.0,0.0,26741.87,0.0,26741.87,0.0,0.0
2026-06-05T02:07:29.450+00:00,234494,34904cc0-20b0-44ef-a748-ca0f5d0a3cdb,,10,FAULT,0x0100,PI_LOST,0,1,1,0,1,0,0.0,0.366,0.0,1.195,0.0,143.4,107.55,0.0,0.0,35.11,-0.15,0.0,0.0,0.0,0.0,0.0,0.0,52.1,0.0,0,0,0,0,0,8.0,0.0,26754.35,0.0,26754.35,0.0,-4.22
2026-06-05T02:07:29.565+00:00,234610,34904cc0-20b0-44ef-a748-ca0f5d0a3cdb,,10,FAULT,0x0100,PI_LOST,0,1,1,0,1,0,0.0,0.0,0.0,1.19,0.0,142.8,107.1,0.0,0.0,34.13,-0.52,0.0,0.0,0.0,0.0,0.0,0.0,52.7,0.0,0,0,0,0,0,8.0,0.0,26766.77,0.0,26766.77,0.0,-8.45
2026-06-05T02:07:29.738+00:00,234727,34904cc0-20b0-44ef-a748-ca0f5d0a3cdb,,10,FAULT,0x0100,PI_LOST,0,1,1,0,1,0,0.0,1.05,0.0,1.177,0.0,141.24,105.93,0.0,0.0,36.58,-0.4,0.0,0.0,0.0,0.0,0.0,0.0,52.7,0.0,0,0,0,0,0,8.0,0.0,26779.16,0.0,26779.16,0.0,20.94
2026-06-05T02:07:29.834+00:00,234844,34904cc0-20b0-44ef-a748-ca0f5d0a3cdb,,10,FAULT,0x0100,PI_LOST,0,1,1,0,1,0,0.0,0.0,0.0,1.179,0.0,141.48,106.11,0.0,0.0,35.11,-0.4,0.0,0.0,0.0,0.0,0.0,0.0,52.6,0.0,0,0,0,0,0,8.0,0.0,26791.58,0.0,26791.58,0.0,-12.56
2026-06-05T02:07:29.925+00:00,234960,34904cc0-20b0-44ef-a748-ca0f5d0a3cdb,,10,FAULT,0x0100,PI_LOST,0,1,1,0,1,0,0.0,0.61,0.0,1.187,0.0,142.44,106.83,0.0,0.0,36.33,-0.15,0.0,0.0,0.0,0.0,0.0,0.0,52.2,0.0,0,0,0,0,0,8.0,0.0,26803.97,0.0,26803.97,0.0,10.52
2026-06-05T02:07:30.032+00:00,235076,34904cc0-20b0-44ef-a748-ca0f5d0a3cdb,,10,FAULT,0x0100,PI_LOST,0,1,1,0,1,0,0.0,0.659,0.0,1.196,0.0,143.52,107.64,0.0,0.0,36.58,0.57,0.0,0.0,0.0,0.0,0.0,0.0,52.7,0.0,0,0,0,0,0,8.0,0.0,26816.46,0.0,26816.46,0.0,2.16
2026-06-05T02:07:30.150+00:00,235193,34904cc0-20b0-44ef-a748-ca0f5d0a3cdb,,10,FAULT,0x0100,PI_LOST,0,1,1,0,1,0,0.0,0.708,0.0,1.213,0.0,145.56,109.17,0.0,0.0,36.33,0.0,0.0,0.0,0.0,0.0,0.0,0.0,52.8,0.0,0,0,0,0,0,8.0,0.0,26829.23,0.0,26829.23,0.0,-2.14
2026-06-05T02:07:30.265+00:00,235309,34904cc0-20b0-44ef-a748-ca0f5d0a3cdb,,10,FAULT,0x0100,PI_LOST,0,1,1,0,1,0,0.0,0.0,0.0,1.201,0.0,144.12,108.09,0.0,0.0,34.62,-0.52,0.0,0.0,0.0,0.0,0.0,0.0,52.7,0.0,0,0,0,0,0,8.0,0.0,26841.77,0.0,26841.77,0.0,-14.74
2026-06-05T02:07:30.465+00:00,235425,34904cc0-20b0-44ef-a748-ca0f5d0a3cdb,,10,FAULT,0x0100,PI_LOST,0,1,1,0,1,0,0.0,0.268,0.0,1.196,0.0,143.52,107.64,0.0,0.0,35.85,0.0,0.0,0.0,0.0,0.0,0.0,0.0,52.7,0.0,0,0,0,0,0,8.0,0.0,26854.26,0.0,26854.26,0.0,10.6
2026-06-05T02:07:30.561+00:00,235542,34904cc0-20b0-44ef-a748-ca0f5d0a3cdb,,10,FAULT,0x0100,PI_LOST,0,1,1,0,1,0,0.0,0.708,0.0,1.213,0.0,145.56,109.17,0.0,0.0,37.31,0.2,0.0,0.0,0.0,0.0,0.0,0.0,52.8,0.0,0,0,0,0,0,8.0,0.0,26867.03,0.0,26867.03,0.0,12.48
2026-06-05T02:07:30.655+00:00,235658,34904cc0-20b0-44ef-a748-ca0f5d0a3cdb,,10,FAULT,0x0100,PI_LOST,0,1,1,0,1,0,0.0,0.317,0.0,1.214,0.0,145.68,109.26,0.0,0.0,35.85,-0.4,0.0,0.0,0.0,0.0,0.0,0.0,53.2,0.0,0,0,0,0,0,8.0,0.0,26879.7,0.0,26879.7,0.0,-12.59
2026-06-05T02:07:30.732+00:00,235774,34904cc0-20b0-44ef-a748-ca0f5d0a3cdb,,10,FAULT,0x0100,PI_LOST,0,1,1,0,1,0,0.0,1.001,0.0,1.206,0.0,144.72,108.54,0.0,0.0,36.33,-0.52,0.0,0.0,0.0,0.0,0.0,0.0,53.0,0.0,0,0,0,0,0,8.0,0.0,26892.29,0.0,26892.29,0.0,4.14
2026-06-05T02:07:30.847+00:00,235891,34904cc0-20b0-44ef-a748-ca0f5d0a3cdb,,10,FAULT,0x0100,PI_LOST,0,1,1,0,1,0,0.0,0.073,0.0,1.227,0.0,147.24,110.43,0.0,0.0,35.36,-0.52,0.0,0.0,0.0,0.0,0.0,0.0,53.0,0.0,0,0,0,0,0,8.0,0.0,26905.21,0.0,26905.21,0.0,-8.29
2026-06-05T02:07:30.965+00:00,236008,34904cc0-20b0-44ef-a748-ca0f5d0a3cdb,,10,FAULT,0x0100,PI_LOST,0,1,1,0,1,0,0.0,0.073,0.0,1.236,0.0,148.32,111.24,0.0,0.0,35.11,-0.52,0.0,0.0,0.0,0.0,0.0,0.0,52.9,0.0,0,0,0,0,0,8.0,0.0,26918.23,0.0,26918.23,0.0,-2.14
2026-06-05T02:07:31.081+00:00,236124,34904cc0-20b0-44ef-a748-ca0f5d0a3cdb,,10,FAULT,0x0100,PI_LOST,0,1,1,0,1,0,0.0,0.757,0.0,1.23,0.0,147.6,110.7,0.0,0.0,35.11,-0.52,0.0,0.0,0.0,0.0,0.0,0.0,53.1,0.0,0,0,0,0,0,8.0,0.0,26931.07,0.0,26931.07,0.0,0.0
2026-06-05T02:07:31.269+00:00,236240,34904cc0-20b0-44ef-a748-ca0f5d0a3cdb,,10,FAULT,0x0100,PI_LOST,0,1,1,0,1,0,0.0,0.659,0.0,1.236,0.0,148.32,111.24,0.0,0.0,36.58,0.2,0.0,0.0,0.0,0.0,0.0,0.0,52.9,0.0,0,0,0,0,0,8.0,0.0,26943.97,0.0,26943.97,0.0,12.67
2026-06-05T02:07:31.377+00:00,236356,34904cc0-20b0-44ef-a748-ca0f5d0a3cdb,,10,FAULT,0x0100,PI_LOST,0,1,1,0,1,0,0.0,0.61,0.0,1.254,0.0,150.48,112.86,0.0,0.0,36.82,0.0,0.0,0.0,0.0,0.0,0.0,0.0,53.2,0.0,0,0,0,0,0,8.0,0.0,26957.07,0.0,26957.07,0.0,2.07
2026-06-05T02:07:31.432+00:00,236473,34904cc0-20b0-44ef-a748-ca0f5d0a3cdb,,10,FAULT,0x0100,PI_LOST,0,1,1,0,1,0,0.0,0.415,0.0,1.261,0.0,151.32,113.49,0.0,0.0,36.09,-0.15,0.0,0.0,0.0,0.0,0.0,0.0,53.6,0.0,0,0,0,0,0,8.0,0.0,26970.34,0.0,26970.34,0.0,-6.24
2026-06-05T02:07:31.547+00:00,236590,34904cc0-20b0-44ef-a748-ca0f5d0a3cdb,,10,FAULT,0x0100,PI_LOST,0,1,1,0,1,0,0.0,0.024,0.0,1.262,0.0,151.44,113.58,0.0,0.0,35.36,-0.28,0.0,0.0,0.0,0.0,0.0,0.0,53.1,0.0,0,0,0,0,0,8.0,0.0,26983.63,0.0,26983.63,0.0,-6.24
2026-06-05T02:07:31.665+00:00,236705,34904cc0-20b0-44ef-a748-ca0f5d0a3cdb,,10,FAULT,0x0100,PI_LOST,0,1,1,0,1,0,0.0,0.122,0.0,1.265,0.0,151.8,113.85,0.0,0.0,35.36,-0.28,0.0,0.0,0.0,0.0,0.0,0.0,53.2,0.0,0,0,0,0,0,8.0,0.0,26996.73,0.0,26996.73,0.0,0.0
2026-06-05T02:07:31.781+00:00,236822,34904cc0-20b0-44ef-a748-ca0f5d0a3cdb,,10,FAULT,0x0100,PI_LOST,0,1,1,0,1,0,0.0,0.464,0.0,1.268,0.0,152.16,114.12,0.0,0.0,36.33,0.0,0.0,0.0,0.0,0.0,0.0,0.0,53.1,0.0,0,0,0,0,0,8.0,0.0,27010.08,0.0,27010.08,0.0,8.29
2026-06-05T02:07:31.913+00:00,236939,34904cc0-20b0-44ef-a748-ca0f5d0a3cdb,,10,FAULT,0x0100,PI_LOST,0,1,1,0,1,0,0.0,0.0,0.0,1.257,0.0,150.84,113.13,0.0,0.0,35.6,-0.52,0.0,0.0,0.0,0.0,0.0,0.0,53.2,0.0,0,0,0,0,0,8.0,0.0,27023.31,0.0,27023.31,0.0,-6.24
2026-06-05T02:07:32.082+00:00,237054,34904cc0-20b0-44ef-a748-ca0f5d0a3cdb,,10,FAULT,0x0100,PI_LOST,0,1,1,0,1,0,0.0,0.464,0.0,1.253,0.0,150.36,112.77,0.0,0.0,35.85,-0.4,0.0,0.0,0.0,0.0,0.0,0.0,53.0,0.0,0,0,0,0,0,8.0,0.0,27036.28,0.0,27036.28,0.0,2.17
2026-06-05T02:07:32.132+00:00,237171,34904cc0-20b0-44ef-a748-ca0f5d0a3cdb,,10,FAULT,0x0100,PI_LOST,0,1,1,0,1,0,0.0,1.197,0.0,1.251,0.0,150.12,112.59,0.0,0.0,35.36,-0.52,0.0,0.0,0.0,0.0,0.0,0.0,53.5,0.0,0,0,0,0,0,8.0,0.0,27049.46,0.0,27049.46,0.0,-4.19
2026-06-05T02:07:32.247+00:00,237288,34904cc0-20b0-44ef-a748-ca0f5d0a3cdb,,10,FAULT,0x0100,PI_LOST,0,1,1,0,1,0,0.0,0.366,0.0,1.246,0.0,149.52,112.14,0.0,0.0,35.36,-0.4,0.0,0.0,0.0,0.0,0.0,0.0,53.0,0.0,0,0,0,0,0,8.0,0.0,27062.58,0.0,27062.58,0.0,0.0
2026-06-05T02:07:32.366+00:00,237404,34904cc0-20b0-44ef-a748-ca0f5d0a3cdb,,10,FAULT,0x0100,PI_LOST,0,1,1,0,1,0,0.0,0.806,0.0,1.248,0.0,149.76,112.32,0.0,0.0,36.33,-0.64,0.0,0.0,0.0,0.0,0.0,0.0,53.3,0.0,0,0,0,0,0,8.0,0.0,27075.6,0.0,27075.6,0.0,8.36
2026-06-05T02:07:32.481+00:00,237520,34904cc0-20b0-44ef-a748-ca0f5d0a3cdb,,10,FAULT,0x0100,PI_LOST,0,1,1,0,1,0,0.0,0.073,0.0,1.25,0.0,150.0,112.5,0.0,0.0,36.09,-0.4,0.0,0.0,0.0,0.0,0.0,0.0,53.4,0.0,0,0,0,0,0,8.0,0.0,27088.65,0.0,27088.65,0.0,-2.07
2026-06-05T02:07:32.629+00:00,237637,34904cc0-20b0-44ef-a748-ca0f5d0a3cdb,,10,FAULT,0x0100,PI_LOST,0,1,1,0,1,0,0.0,0.757,0.0,1.262,0.0,151.44,113.58,0.0,0.0,36.82,0.2,0.0,0.0,0.0,0.0,0.0,0.0,53.1,0.0,0,0,0,0,0,8.0,0.0,27101.94,0.0,27101.94,0.0,6.24
2026-06-05T02:07:32.724+00:00,237753,34904cc0-20b0-44ef-a748-ca0f5d0a3cdb,,10,FAULT,0x0100,PI_LOST,0,1,1,0,1,0,0.0,0.904,0.0,1.252,0.0,150.24,112.68,0.0,0.0,36.58,-0.4,0.0,0.0,0.0,0.0,0.0,0.0,53.2,0.0,0,0,0,0,0,8.0,0.0,27115.01,0.0,27115.01,0.0,-2.07
2026-06-05T02:07:32.832+00:00,237870,34904cc0-20b0-44ef-a748-ca0f5d0a3cdb,,10,FAULT,0x0100,PI_LOST,0,1,1,0,1,0,0.0,0.659,0.0,1.27,0.0,152.4,114.3,0.0,0.0,37.07,0.2,0.0,0.0,0.0,0.0,0.0,0.0,53.5,0.0,0,0,0,0,0,8.0,0.0,27128.39,0.0,27128.39,0.0,4.19
2026-06-05T02:07:32.948+00:00,237986,34904cc0-20b0-44ef-a748-ca0f5d0a3cdb,,10,FAULT,0x0100,PI_LOST,0,1,1,0,1,0,0.0,0.0,0.0,1.258,0.0,150.96,113.22,0.0,0.0,34.87,-0.4,0.0,0.0,0.0,0.0,0.0,0.0,53.2,0.0,0,0,0,0,0,8.0,0.0,27141.52,0.0,27141.52,0.0,-18.97
2026-06-05T02:07:33.063+00:00,238102,34904cc0-20b0-44ef-a748-ca0f5d0a3cdb,,10,FAULT,0x0100,PI_LOST,0,1,1,0,1,0,0.0,0.0,0.0,1.246,0.0,149.52,112.14,0.0,0.0,35.6,-0.4,0.0,0.0,0.0,0.0,0.0,0.0,53.4,0.0,0,0,0,0,0,8.0,0.0,27154.53,0.0,27154.53,0.0,6.29
2026-06-05T02:07:33.181+00:00,238219,34904cc0-20b0-44ef-a748-ca0f5d0a3cdb,,10,FAULT,0x0100,PI_LOST,0,1,1,0,1,0,0.0,0.073,0.0,1.25,0.0,150.0,112.5,0.0,0.0,34.62,-0.4,0.0,0.0,0.0,0.0,0.0,0.0,53.1,0.0,0,0,0,0,0,8.0,0.0,27167.69,0.0,27167.69,0.0,-8.38
2026-06-05T02:07:33.374+00:00,238336,34904cc0-20b0-44ef-a748-ca0f5d0a3cdb,,10,FAULT,0x0100,PI_LOST,0,1,1,0,1,0,0.0,0.415,0.0,1.251,0.0,150.12,112.59,0.0,0.0,35.36,-0.15,0.0,0.0,0.0,0.0,0.0,0.0,53.1,0.0,0,0,0,0,0,8.0,0.0,27180.86,0.0,27180.86,0.0,6.32
2026-06-05T02:07:33.484+00:00,238451,34904cc0-20b0-44ef-a748-ca0f5d0a3cdb,,10,FAULT,0x0100,PI_LOST,0,1,1,0,1,0,0.0,0.122,0.0,1.232,0.0,147.84,110.88,0.0,0.0,35.85,-0.4,0.0,0.0,0.0,0.0,0.0,0.0,53.5,0.0,0,0,0,0,0,8.0,0.0,27193.62,0.0,27193.62,0.0,4.26
2026-06-05T02:07:33.578+00:00,238568,34904cc0-20b0-44ef-a748-ca0f5d0a3cdb,,10,FAULT,0x0100,PI_LOST,0,1,1,0,1,0,0.0,0.366,0.0,1.235,0.0,148.2,111.15,0.0,0.0,36.09,-0.4,0.0,0.0,0.0,0.0,0.0,0.0,53.6,0.0,0,0,0,0,0,8.0,0.0,27206.62,0.0,27206.62,0.0,2.05
2026-06-05T02:07:33.648+00:00,238685,34904cc0-20b0-44ef-a748-ca0f5d0a3cdb,,10,FAULT,0x0100,PI_LOST,0,1,1,0,1,0,0.0,0.464,0.0,1.243,0.0,149.16,111.87,0.0,0.0,35.85,0.0,0.0,0.0,0.0,0.0,0.0,0.0,53.3,0.0,0,0,0,0,0,8.0,0.0,27219.71,0.0,27219.71,0.0,-2.05
2026-06-05T02:07:33.763+00:00,238800,34904cc0-20b0-44ef-a748-ca0f5d0a3cdb,,10,FAULT,0x0100,PI_LOST,0,1,1,0,1,0,0.0,0.317,0.0,1.242,0.0,149.04,111.78,0.0,0.0,35.6,-0.52,0.0,0.0,0.0,0.0,0.0,0.0,53.3,0.0,0,0,0,0,0,8.0,0.0,27232.56,0.0,27232.56,0.0,-2.17
2026-06-05T02:07:33.881+00:00,238917,34904cc0-20b0-44ef-a748-ca0f5d0a3cdb,,10,FAULT,0x0100,PI_LOST,0,1,1,0,1,0,0.0,0.0,0.0,1.237,0.0,148.44,111.33,0.0,0.0,35.6,-0.4,0.0,0.0,0.0,0.0,0.0,0.0,53.3,0.0,0,0,0,0,0,8.0,0.0,27245.59,0.0,27245.59,0.0,0.0
2026-06-05T02:07:34.004+00:00,239034,34904cc0-20b0-44ef-a748-ca0f5d0a3cdb,,10,FAULT,0x0100,PI_LOST,0,1,1,0,1,0,0.0,0.268,0.0,1.239,0.0,148.68,111.51,0.0,0.0,34.87,-0.15,0.0,0.0,0.0,0.0,0.0,0.0,53.3,0.0,0,0,0,0,0,8.0,0.0,27258.64,0.0,27258.64,0.0,-6.24
2026-06-05T02:07:34.116+00:00,239150,34904cc0-20b0-44ef-a748-ca0f5d0a3cdb,,10,FAULT,0x0100,PI_LOST,0,1,1,0,1,0,0.0,1.197,0.0,1.234,0.0,148.08,111.06,0.0,0.0,35.11,-0.64,0.0,0.0,0.0,0.0,0.0,0.0,53.4,0.0,0,0,0,0,0,8.0,0.0,27271.52,0.0,27271.52,0.0,2.07
2026-06-05T02:07:34.295+00:00,239266,34904cc0-20b0-44ef-a748-ca0f5d0a3cdb,,10,FAULT,0x0100,PI_LOST,0,1,1,0,1,0,0.0,0.708,0.0,1.214,0.0,145.68,109.26,0.0,0.0,36.82,0.2,0.0,0.0,0.0,0.0,0.0,0.0,53.3,0.0,0,0,0,0,0,8.0,0.0,27284.19,0.0,27284.19,0.0,14.74
2026-06-05T02:07:34.348+00:00,239383,34904cc0-20b0-44ef-a748-ca0f5d0a3cdb,,10,FAULT,0x0100,PI_LOST,0,1,1,0,1,0,0.0,0.513,0.0,1.219,0.0,146.28,109.71,0.0,0.0,36.33,0.0,0.0,0.0,0.0,0.0,0.0,0.0,53.4,0.0,0,0,0,0,0,8.0,0.0,27297.03,0.0,27297.03,0.0,-4.19
2026-06-05T02:07:34.463+00:00,239499,34904cc0-20b0-44ef-a748-ca0f5d0a3cdb,,10,FAULT,0x0100,PI_LOST,0,1,1,0,1,0,0.0,0.219,0.0,1.225,0.0,147.0,110.25,0.0,0.0,36.33,0.0,0.0,0.0,0.0,0.0,0.0,0.0,53.4,0.0,0,0,0,0,0,8.0,0.0,27309.82,0.0,27309.82,0.0,0.0
2026-06-05T02:07:34.581+00:00,239616,34904cc0-20b0-44ef-a748-ca0f5d0a3cdb,,10,FAULT,0x0100,PI_LOST,0,1,1,0,1,0,0.0,0.366,0.0,1.23,0.0,147.6,110.7,0.0,0.0,36.09,-0.4,0.0,0.0,0.0,0.0,0.0,0.0,53.3,0.0,0,0,0,0,0,8.0,0.0,27322.77,0.0,27322.77,0.0,-2.05
2026-06-05T02:07:34.697+00:00,239732,34904cc0-20b0-44ef-a748-ca0f5d0a3cdb,,10,FAULT,0x0100,PI_LOST,0,1,1,0,1,0,0.0,0.171,0.0,1.236,0.0,148.32,111.24,0.0,0.0,35.85,-0.52,0.0,0.0,0.0,0.0,0.0,0.0,53.2,0.0,0,0,0,0,0,8.0,0.0,27335.67,0.0,27335.67,0.0,-2.07
2026-06-05T02:07:34.828+00:00,239848,34904cc0-20b0-44ef-a748-ca0f5d0a3cdb,,10,FAULT,0x0100,PI_LOST,0,1,1,0,1,0,0.0,0.0,0.0,1.237,0.0,148.44,111.33,0.0,0.0,35.11,-0.4,0.0,0.0,0.0,0.0,0.0,0.0,53.4,0.0,0,0,0,0,0,8.0,0.0,27348.59,0.0,27348.59,0.0,-6.38
2026-06-05T02:07:34.994+00:00,239965,34904cc0-20b0-44ef-a748-ca0f5d0a3cdb,,10,FAULT,0x0100,PI_LOST,0,1,1,0,1,0,0.0,0.415,0.0,1.24,0.0,148.8,111.6,0.0,0.0,36.09,-0.28,0.0,0.0,0.0,0.0,0.0,0.0,53.5,0.0,0,0,0,0,0,8.0,0.0,27361.65,0.0,27361.65,0.0,8.38
2026-06-05T02:07:35.048+00:00,240081,34904cc0-20b0-44ef-a748-ca0f5d0a3cdb,,10,FAULT,0x0100,PI_LOST,0,1,1,0,1,0,0.0,0.122,0.0,1.242,0.0,149.04,111.78,0.0,0.0,35.6,-0.28,0.0,0.0,0.0,0.0,0.0,0.0,53.9,0.0,0,0,0,0,0,8.0,0.0,27374.61,0.0,27374.61,0.0,-4.22
2026-06-05T02:07:35.163+00:00,240197,34904cc0-20b0-44ef-a748-ca0f5d0a3cdb,,10,FAULT,0x0100,PI_LOST,0,1,1,0,1,0,0.0,0.659,0.0,1.244,0.0,149.28,111.96,0.0,0.0,36.58,-0.52,0.0,0.0,0.0,0.0,0.0,0.0,53.1,0.0,0,0,0,0,0,8.0,0.0,27387.6,0.0,27387.6,0.0,8.45
2026-06-05T02:07:35.279+00:00,240314,34904cc0-20b0-44ef-a748-ca0f5d0a3cdb,,10,FAULT,0x0100,PI_LOST,0,1,1,0,1,0,0.0,0.317,0.0,1.258,0.0,150.96,113.22,0.0,0.0,36.09,-0.15,0.0,0.0,0.0,0.0,0.0,0.0,53.2,0.0,0,0,0,0,0,8.0,0.0,27400.85,0.0,27400.85,0.0,-4.19
2026-06-05T02:07:35.397+00:00,240431,34904cc0-20b0-44ef-a748-ca0f5d0a3cdb,,10,FAULT,0x0100,PI_LOST,0,1,1,0,1,0,0.0,0.024,0.0,1.257,0.0,150.84,113.13,0.0,0.0,34.87,-0.52,0.0,0.0,0.0,0.0,0.0,0.0,53.3,0.0,0,0,0,0,0,8.0,0.0,27414.08,0.0,27414.08,0.0,-10.43
2026-06-05T02:07:35.543+00:00,240546,34904cc0-20b0-44ef-a748-ca0f5d0a3cdb,,10,FAULT,0x0100,PI_LOST,0,1,1,0,1,0,0.0,0.366,0.0,1.27,0.0,152.4,114.3,0.0,0.0,35.11,-0.4,0.0,0.0,0.0,0.0,0.0,0.0,53.5,0.0,0,0,0,0,0,8.0,0.0,27427.23,0.0,27427.23,0.0,2.09
2026-06-05T02:07:35.635+00:00,240663,34904cc0-20b0-44ef-a748-ca0f5d0a3cdb,,10,FAULT,0x0100,PI_LOST,0,1,1,0,1,0,0.0,0.219,0.0,1.259,0.0,151.08,113.31,0.0,0.0,34.87,0.0,0.0,0.0,0.0,0.0,0.0,0.0,53.5,0.0,0,0,0,0,0,8.0,0.0,27440.48,0.0,27440.48,0.0,-2.05
2026-06-05T02:07:35.747+00:00,240780,34904cc0-20b0-44ef-a748-ca0f5d0a3cdb,,10,FAULT,0x0100,PI_LOST,0,1,1,0,1,0,0.0,1.001,0.0,1.254,0.0,150.48,112.86,0.0,0.0,35.85,-0.64,0.0,0.0,0.0,0.0,0.0,0.0,53.5,0.0,0,0,0,0,0,8.0,0.0,27453.69,0.0,27453.69,0.0,8.38
2026-06-05T02:07:35.864+00:00,240896,34904cc0-20b0-44ef-a748-ca0f5d0a3cdb,,10,FAULT,0x0100,PI_LOST,0,1,1,0,1,0,0.0,0.171,0.0,1.25,0.0,150.0,112.5,0.0,0.0,35.11,-0.28,0.0,0.0,0.0,0.0,0.0,0.0,53.5,0.0,0,0,0,0,0,8.0,0.0,27466.74,0.0,27466.74,0.0,-6.38
2026-06-05T02:07:35.979+00:00,241012,34904cc0-20b0-44ef-a748-ca0f5d0a3cdb,,10,FAULT,0x0100,PI_LOST,0,1,1,0,1,0,0.0,0.0,0.0,1.235,0.0,148.2,111.15,0.0,0.0,34.38,-0.52,0.0,0.0,0.0,0.0,0.0,0.0,53.3,0.0,0,0,0,0,0,8.0,0.0,27479.63,0.0,27479.63,0.0,-6.29
2026-06-05T02:07:36.097+00:00,241129,34904cc0-20b0-44ef-a748-ca0f5d0a3cdb,,10,FAULT,0x0100,PI_LOST,0,1,1,0,1,0,0.0,0.024,0.0,1.24,0.0,148.8,111.6,0.0,0.0,35.36,-0.4,0.0,0.0,0.0,0.0,0.0,0.0,53.8,0.0,0,0,0,0,0,8.0,0.0,27492.69,0.0,27492.69,0.0,8.38
2026-06-05T02:07:36.255+00:00,241245,34904cc0-20b0-44ef-a748-ca0f5d0a3cdb,,10,FAULT,0x0100,PI_LOST,0,1,1,0,1,0,0.0,0.024,0.0,1.223,0.0,146.76,110.07,0.0,0.0,35.11,-0.4,0.0,0.0,0.0,0.0,0.0,0.0,53.5,0.0,0,0,0,0,0,8.0,0.0,27505.46,0.0,27505.46,0.0,-2.16
2026-06-05T02:07:36.349+00:00,241361,34904cc0-20b0-44ef-a748-ca0f5d0a3cdb,,10,FAULT,0x0100,PI_LOST,0,1,1,0,1,0,0.0,0.024,0.0,1.215,0.0,145.8,109.35,0.0,0.0,34.62,-0.15,0.0,0.0,0.0,0.0,0.0,0.0,53.6,0.0,0,0,0,0,0,8.0,0.0,27518.14,0.0,27518.14,0.0,-4.22
2026-06-05T02:07:36.446+00:00,241478,34904cc0-20b0-44ef-a748-ca0f5d0a3cdb,,10,FAULT,0x0100,PI_LOST,0,1,1,0,1,0,0.0,0.464,0.0,1.21,0.0,145.2,108.9,0.0,0.0,36.09,-0.15,0.0,0.0,0.0,0.0,0.0,0.0,53.4,0.0,0,0,0,0,0,8.0,0.0,27530.88,0.0,27530.88,0.0,12.56
2026-06-05T02:07:36.564+00:00,241594,34904cc0-20b0-44ef-a748-ca0f5d0a3cdb,,10,FAULT,0x0100,PI_LOST,0,1,1,0,1,0,0.0,0.904,0.0,1.204,0.0,144.48,108.36,0.0,0.0,35.85,-0.64,0.0,0.0,0.0,0.0,0.0,0.0,53.3,0.0,0,0,0,0,0,8.0,0.0,27543.45,0.0,27543.45,0.0,-2.07
2026-06-05T02:07:36.679+00:00,241711,34904cc0-20b0-44ef-a748-ca0f5d0a3cdb,,10,FAULT,0x0100,PI_LOST,0,1,1,0,1,0,0.0,1.001,0.0,1.188,0.0,142.56,106.92,0.0,0.0,35.85,-0.4,0.0,0.0,0.0,0.0,0.0,0.0,53.5,0.0,0,0,0,0,0,8.0,0.0,27555.96,0.0,27555.96,0.0,0.0
2026-06-05T02:07:36.797+00:00,241827,34904cc0-20b0-44ef-a748-ca0f5d0a3cdb,,10,FAULT,0x0100,PI_LOST,0,1,1,0,1,0,0.0,0.0,0.0,1.178,0.0,141.36,106.02,0.0,0.0,35.36,-0.64,0.0,0.0,0.0,0.0,0.0,0.0,53.2,0.0,0,0,0,0,0,8.0,0.0,27568.26,0.0,27568.26,0.0,-4.22
2026-06-05T02:07:36.975+00:00,241943,34904cc0-20b0-44ef-a748-ca0f5d0a3cdb,,10,FAULT,0x0100,PI_LOST,0,1,1,0,1,0,0.0,0.757,0.0,1.197,0.0,143.64,107.73,0.0,0.0,36.33,-0.28,0.0,0.0,0.0,0.0,0.0,0.0,53.9,0.0,0,0,0,0,0,8.0,0.0,27580.76,0.0,27580.76,0.0,8.36
2026-06-05T02:07:37.069+00:00,242060,34904cc0-20b0-44ef-a748-ca0f5d0a3cdb,,10,FAULT,0x0100,PI_LOST,0,1,1,0,1,0,0.0,0.317,0.0,1.191,0.0,142.92,107.19,0.0,0.0,35.85,-0.28,0.0,0.0,0.0,0.0,0.0,0.0,53.7,0.0,0,0,0,0,0,8.0,0.0,27593.3,0.0,27593.3,0.0,-4.1
2026-06-05T02:07:37.160+00:00,242177,34904cc0-20b0-44ef-a748-ca0f5d0a3cdb,,10,FAULT,0x0100,PI_LOST,0,1,1,0,1,0,0.0,0.024,0.0,1.181,0.0,141.72,106.29,0.0,0.0,34.13,-0.64,0.0,0.0,0.0,0.0,0.0,0.0,53.7,0.0,0,0,0,0,0,8.0,0.0,27605.74,0.0,27605.74,0.0,-14.7
2026-06-05T02:07:37.261+00:00,242292,34904cc0-20b0-44ef-a748-ca0f5d0a3cdb,,10,FAULT,0x0100,PI_LOST,0,1,1,0,1,0,0.0,0.024,0.0,1.172,0.0,140.64,105.48,0.0,0.0,35.11,-0.4,0.0,0.0,0.0,0.0,0.0,0.0,53.3,0.0,0,0,0,0,0,8.0,0.0,27617.87,0.0,27617.87,0.0,8.52
2026-06-05T02:07:37.379+00:00,242409,34904cc0-20b0-44ef-a748-ca0f5d0a3cdb,,10,FAULT,0x0100,PI_LOST,0,1,1,0,1,0,0.0,0.464,0.0,1.192,0.0,143.04,107.28,0.0,0.0,35.6,-0.28,0.0,0.0,0.0,0.0,0.0,0.0,53.5,0.0,0,0,0,0,0,8.0,0.0,27630.42,0.0,27630.42,0.0,4.19
2026-06-05T02:07:37.494+00:00,242526,34904cc0-20b0-44ef-a748-ca0f5d0a3cdb,,10,FAULT,0x0100,PI_LOST,0,1,1,0,1,0,0.0,0.219,0.0,1.196,0.0,143.52,107.64,0.0,0.0,35.11,-0.4,0.0,0.0,0.0,0.0,0.0,0.0,53.4,0.0,0,0,0,0,0,8.0,0.0,27643.01,0.0,27643.01,0.0,-4.19
2026-06-05T02:07:37.669+00:00,242641,34904cc0-20b0-44ef-a748-ca0f5d0a3cdb,,10,FAULT,0x0100,PI_LOST,0,1,1,0,1,0,0.0,0.171,0.0,1.194,0.0,143.28,107.46,0.0,0.0,34.87,-0.4,0.0,0.0,0.0,0.0,0.0,0.0,53.1,0.0,0,0,0,0,0,8.0,0.0,27655.37,0.0,27655.37,0.0,-2.09
2026-06-05T02:07:37.794+00:00,242758,34904cc0-20b0-44ef-a748-ca0f5d0a3cdb,,10,FAULT,0x0100,PI_LOST,0,1,1,0,1,0,0.0,0.806,0.0,1.216,0.0,145.92,109.44,0.0,0.0,37.07,0.0,0.0,0.0,0.0,0.0,0.0,0.0,53.5,0.0,0,0,0,0,0,8.0,0.0,27668.17,0.0,27668.17,0.0,18.8
2026-06-05T02:07:37.887+00:00,242875,34904cc0-20b0-44ef-a748-ca0f5d0a3cdb,,10,FAULT,0x0100,PI_LOST,0,1,1,0,1,0,0.0,0.366,0.0,1.217,0.0,146.04,109.53,0.0,0.0,36.33,0.0,0.0,0.0,0.0,0.0,0.0,0.0,53.2,0.0,0,0,0,0,0,8.0,0.0,27680.99,0.0,27680.99,0.0,-6.32
2026-06-05T02:07:37.961+00:00,242991,34904cc0-20b0-44ef-a748-ca0f5d0a3cdb,,10,FAULT,0x0100,PI_LOST,0,1,1,0,1,0,0.0,0.464,0.0,1.222,0.0,146.64,109.98,0.0,0.0,35.6,-0.28,0.0,0.0,0.0,0.0,0.0,0.0,53.3,0.0,0,0,0,0,0,8.0,0.0,27693.75,0.0,27693.75,0.0,-6.29
2026-06-05T02:07:38.079+00:00,243107,34904cc0-20b0-44ef-a748-ca0f5d0a3cdb,,10,FAULT,0x0100,PI_LOST,0,1,1,0,1,0,0.0,0.024,0.0,1.227,0.0,147.24,110.43,0.0,0.0,35.11,-0.52,0.0,0.0,0.0,0.0,0.0,0.0,53.1,0.0,0,0,0,0,0,8.0,0.0,27706.56,0.0,27706.56,0.0,-4.22
2026-06-05T02:07:38.195+00:00,243224,34904cc0-20b0-44ef-a748-ca0f5d0a3cdb,,10,FAULT,0x0100,PI_LOST,0,1,1,0,1,0,0.0,0.61,0.0,1.235,0.0,148.2,111.15,0.0,0.0,35.6,0.2,0.0,0.0,0.0,0.0,0.0,0.0,53.2,0.0,0,0,0,0,0,8.0,0.0,27719.56,0.0,27719.56,0.0,4.19
2026-06-05T02:07:38.313+00:00,243340,34904cc0-20b0-44ef-a748-ca0f5d0a3cdb,,10,FAULT,0x0100,PI_LOST,0,1,1,0,1,0,0.0,1.05,0.0,1.233,0.0,147.96,110.97,0.0,0.0,34.62,-0.64,0.0,0.0,0.0,0.0,0.0,0.0,53.3,0.0,0,0,0,0,0,8.0,0.0,27732.43,0.0,27732.43,0.0,-8.45
2026-06-05T02:07:38.437+00:00,243457,34904cc0-20b0-44ef-a748-ca0f5d0a3cdb,,10,FAULT,0x0100,PI_LOST,0,1,1,0,1,0,0.0,0.268,0.0,1.221,0.0,146.52,109.89,0.0,0.0,35.11,-0.52,0.0,0.0,0.0,0.0,0.0,0.0,53.3,0.0,0,0,0,0,0,8.0,0.0,27745.29,0.0,27745.29,0.0,4.19
2026-06-05T02:07:38.551+00:00,243573,34904cc0-20b0-44ef-a748-ca0f5d0a3cdb,,10,FAULT,0x0100,PI_LOST,0,1,1,0,1,0,0.0,0.073,0.0,1.236,0.0,148.32,111.24,0.0,0.0,34.87,-0.28,0.0,0.0,0.0,0.0,0.0,0.0,53.3,0.0,0,0,0,0,0,8.0,0.0,27758.19,0.0,27758.19,0.0,-2.07
2026-06-05T02:07:38.662+00:00,243689,34904cc0-20b0-44ef-a748-ca0f5d0a3cdb,,10,FAULT,0x0100,PI_LOST,0,1,1,0,1,0,0.0,0.464,0.0,1.226,0.0,147.12,110.34,0.0,0.0,35.6,-0.15,0.0,0.0,0.0,0.0,0.0,0.0,53.6,0.0,0,0,0,0,0,8.0,0.0,27770.99,0.0,27770.99,0.0,6.29
2026-06-05T02:07:38.780+00:00,243806,34904cc0-20b0-44ef-a748-ca0f5d0a3cdb,,10,FAULT,0x0100,PI_LOST,0,1,1,0,1,0,0.0,0.61,0.0,1.241,0.0,148.92,111.69,0.0,0.0,36.82,0.32,0.0,0.0,0.0,0.0,0.0,0.0,53.2,0.0,0,0,0,0,0,8.0,0.0,27784.06,0.0,27784.06,0.0,10.43
2026-06-05T02:07:38.895+00:00,243922,34904cc0-20b0-44ef-a748-ca0f5d0a3cdb,,10,FAULT,0x0100,PI_LOST,0,1,1,0,1,0,0.0,0.0,0.0,1.237,0.0,148.44,111.33,0.0,0.0,34.62,-0.4,0.0,0.0,0.0,0.0,0.0,0.0,53.2,0.0,0,0,0,0,0,8.0,0.0,27796.98,0.0,27796.98,0.0,-18.97
2026-06-05T02:07:39.013+00:00,244038,34904cc0-20b0-44ef-a748-ca0f5d0a3cdb,,10,FAULT,0x0100,PI_LOST,0,1,1,0,1,0,0.0,0.268,0.0,1.225,0.0,147.0,110.25,0.0,0.0,35.11,-0.4,0.0,0.0,0.0,0.0,0.0,0.0,53.0,0.0,0,0,0,0,0,8.0,0.0,27809.76,0.0,27809.76,0.0,4.22
2026-06-05T02:07:39.171+00:00,244155,34904cc0-20b0-44ef-a748-ca0f5d0a3cdb,,10,FAULT,0x0100,PI_LOST,0,1,1,0,1,0,0.0,0.122,0.0,1.221,0.0,146.52,109.89,0.0,0.0,35.6,-0.52,0.0,0.0,0.0,0.0,0.0,0.0,53.4,0.0,0,0,0,0,0,8.0,0.0,27822.62,0.0,27822.62,0.0,4.19
2026-06-05T02:07:39.265+00:00,244272,34904cc0-20b0-44ef-a748-ca0f5d0a3cdb,,10,FAULT,0x0100,PI_LOST,0,1,1,0,1,0,0.0,0.904,0.0,1.247,0.0,149.64,112.23,0.0,0.0,36.58,0.0,0.0,0.0,0.0,0.0,0.0,0.0,53.4,0.0,0,0,0,0,0,8.0,0.0,27835.75,0.0,27835.75,0.0,8.38
2026-06-05T02:07:39.362+00:00,244387,34904cc0-20b0-44ef-a748-ca0f5d0a3cdb,,10,FAULT,0x0100,PI_LOST,0,1,1,0,1,0,0.0,0.708,0.0,1.251,0.0,150.12,112.59,0.0,0.0,37.31,-0.4,0.0,0.0,0.0,0.0,0.0,0.0,53.4,0.0,0,0,0,0,0,8.0,0.0,27848.7,0.0,27848.7,0.0,6.35
2026-06-05T02:07:39.477+00:00,244504,34904cc0-20b0-44ef-a748-ca0f5d0a3cdb,,10,FAULT,0x0100,PI_LOST,0,1,1,0,1,0,0.0,0.855,0.0,1.255,0.0,150.6,112.95,0.0,0.0,35.11,-0.52,0.0,0.0,0.0,0.0,0.0,0.0,53.3,0.0,0,0,0,0,0,8.0,0.0,27861.92,0.0,27861.92,0.0,-18.8
2026-06-05T02:07:39.595+00:00,244621,34904cc0-20b0-44ef-a748-ca0f5d0a3cdb,,10,FAULT,0x0100,PI_LOST,0,1,1,0,1,0,0.0,0.219,0.0,1.255,0.0,150.6,112.95,0.0,0.0,35.11,-0.28,0.0,0.0,0.0,0.0,0.0,0.0,53.5,0.0,0,0,0,0,0,8.0,0.0,27875.13,0.0,27875.13,0.0,0.0
2026-06-05T02:07:39.710+00:00,244737,34904cc0-20b0-44ef-a748-ca0f5d0a3cdb,,10,FAULT,0x0100,PI_LOST,0,1,1,0,1,0,0.0,0.219,0.0,1.263,0.0,151.56,113.67,0.0,0.0,35.6,-0.52,0.0,0.0,0.0,0.0,0.0,0.0,53.4,0.0,0,0,0,0,0,8.0,0.0,27888.32,0.0,27888.32,0.0,4.22
2026-06-05T02:07:39.894+00:00,244853,34904cc0-20b0-44ef-a748-ca0f5d0a3cdb,,10,FAULT,0x0100,PI_LOST,0,1,1,0,1,0,0.0,1.05,0.0,1.254,0.0,150.48,112.86,0.0,0.0,35.6,-0.52,0.0,0.0,0.0,0.0,0.0,0.0,53.4,0.0,0,0,0,0,0,8.0,0.0,27901.41,0.0,27901.41,0.0,0.0
2026-06-05T02:07:39.986+00:00,244970,34904cc0-20b0-44ef-a748-ca0f5d0a3cdb,,10,FAULT,0x0100,PI_LOST,0,1,1,0,1,0,0.0,0.904,0.0,1.266,0.0,151.92,113.94,0.0,0.0,37.56,0.0,0.0,0.0,0.0,0.0,0.0,0.0,53.3,0.0,0,0,0,0,0,8.0,0.0,27914.74,0.0,27914.74,0.0,16.75
2026-06-05T02:07:40.077+00:00,245086,34904cc0-20b0-44ef-a748-ca0f5d0a3cdb,,10,FAULT,0x0100,PI_LOST,0,1,1,0,1,0,0.0,0.953,0.0,1.279,0.0,153.48,115.11,0.0,0.0,37.31,0.57,0.0,0.0,0.0,0.0,0.0,0.0,53.5,0.0,0,0,0,0,0,8.0,0.0,27928.09,0.0,27928.09,0.0,-2.16
2026-06-05T02:07:40.177+00:00,245202,34904cc0-20b0-44ef-a748-ca0f5d0a3cdb,,10,FAULT,0x0100,PI_LOST,0,1,1,0,1,0,0.0,1.295,0.0,1.271,0.0,152.52,114.39,0.0,0.0,35.85,-0.52,0.0,0.0,0.0,0.0,0.0,0.0,53.3,0.0,0,0,0,0,0,8.0,0.0,27941.36,0.0,27941.36,0.0,-12.59
2026-06-05T02:07:40.296+00:00,245319,34904cc0-20b0-44ef-a748-ca0f5d0a3cdb,,10,FAULT,0x0100,PI_LOST,0,1,1,0,1,0,0.0,0.464,0.0,1.274,0.0,152.88,114.66,0.0,0.0,35.85,0.0,0.0,0.0,0.0,0.0,0.0,0.0,53.4,0.0,0,0,0,0,0,8.0,0.0,27954.78,0.0,27954.78,0.0,0.0
2026-06-05T02:07:40.411+00:00,245435,34904cc0-20b0-44ef-a748-ca0f5d0a3cdb,,10,FAULT,0x0100,PI_LOST,0,1,1,0,1,0,0.0,0.366,0.0,1.274,0.0,152.88,114.66,0.0,0.0,35.36,-0.4,0.0,0.0,0.0,0.0,0.0,0.0,53.7,0.0,0,0,0,0,0,8.0,0.0,27968.08,0.0,27968.08,0.0,-4.22
2026-06-05T02:07:40.613+00:00,245552,34904cc0-20b0-44ef-a748-ca0f5d0a3cdb,,10,FAULT,0x0100,PI_LOST,0,1,1,0,1,0,0.0,0.513,0.0,1.282,0.0,153.84,115.38,0.0,0.0,36.33,-0.15,0.0,0.0,0.0,0.0,0.0,0.0,53.4,0.0,0,0,0,0,0,8.0,0.0,27981.58,0.0,27981.58,0.0,8.29
2026-06-05T02:07:40.710+00:00,245668,34904cc0-20b0-44ef-a748-ca0f5d0a3cdb,,10,FAULT,0x0100,PI_LOST,0,1,1,0,1,0,0.0,0.415,0.0,1.274,0.0,152.88,114.66,0.0,0.0,36.09,-0.28,0.0,0.0,0.0,0.0,0.0,0.0,53.6,0.0,0,0,0,0,0,8.0,0.0,27994.88,0.0,27994.88,0.0,-2.07
2026-06-05T02:07:40.803+00:00,245784,34904cc0-20b0-44ef-a748-ca0f5d0a3cdb,,10,FAULT,0x0100,PI_LOST,0,1,1,0,1,0,0.0,0.0,0.0,1.264,0.0,151.68,113.76,0.0,0.0,35.11,-0.64,0.0,0.0,0.0,0.0,0.0,0.0,53.4,0.0,0,0,0,0,0,8.0,0.0,28008.07,0.0,28008.07,0.0,-8.45
2026-06-05T02:07:40.877+00:00,245901,34904cc0-20b0-44ef-a748-ca0f5d0a3cdb,,10,FAULT,0x0100,PI_LOST,0,1,1,0,1,0,0.0,0.0,0.0,1.26,0.0,151.2,113.4,0.0,0.0,35.36,-0.64,0.0,0.0,0.0,0.0,0.0,0.0,53.6,0.0,0,0,0,0,0,8.0,0.0,28021.34,0.0,28021.34,0.0,2.14
2026-06-05T02:07:40.995+00:00,246018,34904cc0-20b0-44ef-a748-ca0f5d0a3cdb,,10,FAULT,0x0100,PI_LOST,0,1,1,0,1,0,0.0,0.268,0.0,1.269,0.0,152.28,114.21,0.0,0.0,36.09,-0.15,0.0,0.0,0.0,0.0,0.0,0.0,53.2,0.0,0,0,0,0,0,8.0,0.0,28034.7,0.0,28034.7,0.0,6.24
2026-06-05T02:07:41.111+00:00,246133,34904cc0-20b0-44ef-a748-ca0f5d0a3cdb,,10,FAULT,0x0100,PI_LOST,0,1,1,0,1,0,0.0,1.001,0.0,1.249,0.0,149.88,112.41,0.0,0.0,37.56,-0.28,0.0,0.0,0.0,0.0,0.0,0.0,53.3,0.0,0,0,0,0,0,8.0,0.0,28047.63,0.0,28047.63,0.0,12.78
2026-06-05T02:07:41.230+00:00,246250,34904cc0-20b0-44ef-a748-ca0f5d0a3cdb,,10,FAULT,0x0100,PI_LOST,0,1,1,0,1,0,0.0,0.61,0.0,1.265,0.0,151.8,113.85,0.0,0.0,36.09,0.2,0.0,0.0,0.0,0.0,0.0,0.0,53.1,0.0,0,0,0,0,0,8.0,0.0,28060.95,0.0,28060.95,0.0,-12.56
2026-06-05T02:07:41.376+00:00,246367,34904cc0-20b0-44ef-a748-ca0f5d0a3cdb,,10,FAULT,0x0100,PI_LOST,0,1,1,0,1,0,0.0,0.0,0.0,1.247,0.0,149.64,112.23,0.0,0.0,35.36,-0.4,0.0,0.0,0.0,0.0,0.0,0.0,53.1,0.0,0,0,0,0,0,8.0,0.0,28074.08,0.0,28074.08,0.0,-6.24
2026-06-05T02:07:41.519+00:00,246482,34904cc0-20b0-44ef-a748-ca0f5d0a3cdb,,10,FAULT,0x0100,PI_LOST,0,1,1,0,1,0,0.0,0.317,0.0,1.255,0.0,150.6,112.95,0.0,0.0,35.85,-0.15,0.0,0.0,0.0,0.0,0.0,0.0,53.3,0.0,0,0,0,0,0,8.0,0.0,28087.07,0.0,28087.07,0.0,4.26
2026-06-05T02:07:41.577+00:00,246599,34904cc0-20b0-44ef-a748-ca0f5d0a3cdb,,10,FAULT,0x0100,PI_LOST,0,1,1,0,1,0,0.0,0.0,0.0,1.252,0.0,150.24,112.68,0.0,0.0,35.6,-0.4,0.0,0.0,0.0,0.0,0.0,0.0,53.3,0.0,0,0,0,0,0,8.0,0.0,28100.25,0.0,28100.25,0.0,-2.14
2026-06-05T02:07:41.693+00:00,246716,34904cc0-20b0-44ef-a748-ca0f5d0a3cdb,,10,FAULT,0x0100,PI_LOST,0,1,1,0,1,0,0.0,0.513,0.0,1.258,0.0,150.96,113.22,0.0,0.0,36.82,0.0,0.0,0.0,0.0,0.0,0.0,0.0,53.2,0.0,0,0,0,0,0,8.0,0.0,28113.5,0.0,28113.5,0.0,10.43
2026-06-05T02:07:41.811+00:00,246832,34904cc0-20b0-44ef-a748-ca0f5d0a3cdb,,10,FAULT,0x0100,PI_LOST,0,1,1,0,1,0,0.0,0.317,0.0,1.268,0.0,152.16,114.12,0.0,0.0,35.6,-0.28,0.0,0.0,0.0,0.0,0.0,0.0,53.4,0.0,0,0,0,0,0,8.0,0.0,28126.74,0.0,28126.74,0.0,-10.52
2026-06-05T02:07:41.926+00:00,246948,34904cc0-20b0-44ef-a748-ca0f5d0a3cdb,,10,FAULT,0x0100,PI_LOST,0,1,1,0,1,0,0.0,0.806,0.0,1.289,0.0,154.68,116.01,0.0,0.0,36.09,-0.15,0.0,0.0,0.0,0.0,0.0,0.0,53.1,0.0,0,0,0,0,0,8.0,0.0,28140.2,0.0,28140.2,0.0,4.22
2026-06-05T02:07:42.050+00:00,247065,34904cc0-20b0-44ef-a748-ca0f5d0a3cdb,,10,FAULT,0x0100,PI_LOST,0,1,1,0,1,0,0.0,0.0,0.0,1.3,0.0,156.0,117.0,0.0,0.0,36.09,-0.4,0.0,0.0,0.0,0.0,0.0,0.0,53.1,0.0,0,0,0,0,0,8.0,0.0,28153.89,0.0,28153.89,0.0,0.0
2026-06-05T02:07:42.232+00:00,247181,34904cc0-20b0-44ef-a748-ca0f5d0a3cdb,,10,FAULT,0x0100,PI_LOST,0,1,1,0,1,0,0.0,0.708,0.0,1.305,0.0,156.6,117.45,0.0,0.0,37.07,0.0,0.0,0.0,0.0,0.0,0.0,0.0,53.1,0.0,0,0,0,0,0,8.0,0.0,28167.51,0.0,28167.51,0.0,8.45
2026-06-05T02:07:42.278+00:00,247298,34904cc0-20b0-44ef-a748-ca0f5d0a3cdb,,10,FAULT,0x0100,PI_LOST,0,1,1,0,1,0,0.0,0.415,0.0,1.312,0.0,157.44,118.08,0.0,0.0,36.09,-0.28,0.0,0.0,0.0,0.0,0.0,0.0,53.1,0.0,0,0,0,0,0,8.0,0.0,28181.33,0.0,28181.33,0.0,-8.38
2026-06-05T02:07:42.393+00:00,247414,34904cc0-20b0-44ef-a748-ca0f5d0a3cdb,,10,FAULT,0x0100,PI_LOST,0,1,1,0,1,0,0.0,0.757,0.0,1.322,0.0,158.64,118.98,0.0,0.0,36.82,0.2,0.0,0.0,0.0,0.0,0.0,0.0,53.1,0.0,0,0,0,0,0,8.0,0.0,28195.13,0.0,28195.13,0.0,6.29
2026-06-05T02:07:42.511+00:00,247530,34904cc0-20b0-44ef-a748-ca0f5d0a3cdb,,10,FAULT,0x0100,PI_LOST,0,1,1,0,1,0,0.0,0.953,0.0,1.354,0.0,162.48,121.86,0.0,0.0,36.09,-0.52,0.0,0.0,0.0,0.0,0.0,0.0,53.1,0.0,0,0,0,0,0,8.0,0.0,28209.26,0.0,28209.26,0.0,-6.29
2026-06-05T02:07:42.626+00:00,247647,34904cc0-20b0-44ef-a748-ca0f5d0a3cdb,,10,FAULT,0x0100,PI_LOST,0,1,1,0,1,0,0.0,1.246,0.0,1.354,0.0,162.48,121.86,0.0,0.0,37.07,-0.28,0.0,0.0,0.0,0.0,0.0,0.0,53.2,0.0,0,0,0,0,0,8.0,0.0,28223.52,0.0,28223.52,0.0,8.38
2026-06-05T02:07:42.767+00:00,247763,34904cc0-20b0-44ef-a748-ca0f5d0a3cdb,,10,FAULT,0x0100,PI_LOST,0,1,1,0,1,0,0.0,0.904,0.0,1.332,0.0,159.84,119.88,0.0,0.0,36.09,-0.52,0.0,0.0,0.0,0.0,0.0,0.0,53.3,0.0,0,0,0,0,0,8.0,0.0,28237.43,0.0,28237.43,0.0,-8.45
2026-06-05T02:07:42.889+00:00,247879,34904cc0-20b0-44ef-a748-ca0f5d0a3cdb,,10,FAULT,0x0100,PI_LOST,0,1,1,0,1,0,0.0,0.171,0.0,1.342,0.0,161.04,120.78,0.0,0.0,35.36,-0.28,0.0,0.0,0.0,0.0,0.0,0.0,53.7,0.0,0,0,0,0,0,8.0,0.0,28251.44,0.0,28251.44,0.0,-6.29
2026-06-05T02:07:42.978+00:00,247996,34904cc0-20b0-44ef-a748-ca0f5d0a3cdb,,10,FAULT,0x0100,PI_LOST,0,1,1,0,1,0,0.0,0.659,0.0,1.341,0.0,160.92,120.69,0.0,0.0,37.07,0.0,0.0,0.0,0.0,0.0,0.0,0.0,53.3,0.0,0,0,0,0,0,8.0,0.0,28265.56,0.0,28265.56,0.0,14.62
2026-06-05T02:07:43.093+00:00,248113,34904cc0-20b0-44ef-a748-ca0f5d0a3cdb,,10,FAULT,0x0100,PI_LOST,0,1,1,0,1,0,0.0,0.122,0.0,1.34,0.0,160.8,120.6,0.0,0.0,34.62,-0.28,0.0,0.0,0.0,0.0,0.0,0.0,53.1,0.0,0,0,0,0,0,8.0,0.0,28279.67,0.0,28279.67,0.0,-20.94
2026-06-05T02:07:43.211+00:00,248229,34904cc0-20b0-44ef-a748-ca0f5d0a3cdb,,10,FAULT,0x0100,PI_LOST,0,1,1,0,1,0,0.0,0.268,0.0,1.327,0.0,159.24,119.43,0.0,0.0,35.36,-0.28,0.0,0.0,0.0,0.0,0.0,0.0,52.9,0.0,0,0,0,0,0,8.0,0.0,28293.52,0.0,28293.52,0.0,6.38
2026-06-05T02:07:43.326+00:00,248345,34904cc0-20b0-44ef-a748-ca0f5d0a3cdb,,10,FAULT,0x0100,PI_LOST,0,1,1,0,1,0,0.0,0.659,0.0,1.332,0.0,159.84,119.88,0.0,0.0,37.07,0.0,0.0,0.0,0.0,0.0,0.0,0.0,53.2,0.0,0,0,0,0,0,8.0,0.0,28307.43,0.0,28307.43,0.0,14.74
2026-06-05T02:07:43.479+00:00,248462,34904cc0-20b0-44ef-a748-ca0f5d0a3cdb,,10,FAULT,0x0100,PI_LOST,0,1,1,0,1,0,0.0,0.122,0.0,1.337,0.0,160.44,120.33,0.0,0.0,34.87,-0.4,0.0,0.0,0.0,0.0,0.0,0.0,53.2,0.0,0,0,0,0,0,8.0,0.0,28321.51,0.0,28321.51,0.0,-18.8
2026-06-05T02:07:43.595+00:00,248579,34904cc0-20b0-44ef-a748-ca0f5d0a3cdb,,10,FAULT,0x0100,PI_LOST,0,1,1,0,1,0,0.0,0.757,0.0,1.334,0.0,160.08,120.06,0.0,0.0,35.85,0.57,0.0,0.0,0.0,0.0,0.0,0.0,53.2,0.0,0,0,0,0,0,8.0,0.0,28335.55,0.0,28335.55,0.0,8.38
2026-06-05T02:07:43.694+00:00,248694,34904cc0-20b0-44ef-a748-ca0f5d0a3cdb,,10,FAULT,0x0100,PI_LOST,0,1,1,0,1,0,0.0,0.513,0.0,1.329,0.0,159.48,119.61,0.0,0.0,36.09,0.0,0.0,0.0,0.0,0.0,0.0,0.0,53.2,0.0,0,0,0,0,0,8.0,0.0,28349.31,0.0,28349.31,0.0,2.09
2026-06-05T02:07:43.793+00:00,248811,34904cc0-20b0-44ef-a748-ca0f5d0a3cdb,,10,FAULT,0x0100,PI_LOST,0,1,1,0,1,0,0.0,0.464,0.0,1.333,0.0,159.96,119.97,0.0,0.0,35.85,-0.15,0.0,0.0,0.0,0.0,0.0,0.0,53.1,0.0,0,0,0,0,0,8.0,0.0,28363.34,0.0,28363.34,0.0,-2.05
2026-06-05T02:07:43.909+00:00,248928,34904cc0-20b0-44ef-a748-ca0f5d0a3cdb,,10,FAULT,0x0100,PI_LOST,0,1,1,0,1,0,0.0,0.0,0.0,1.322,0.0,158.64,118.98,0.0,0.0,34.87,-0.4,0.0,0.0,0.0,0.0,0.0,0.0,53.6,0.0,0,0,0,0,0,8.0,0.0,28377.27,0.0,28377.27,0.0,-8.38
2026-06-05T02:07:44.027+00:00,249043,34904cc0-20b0-44ef-a748-ca0f5d0a3cdb,,10,FAULT,0x0100,PI_LOST,0,1,1,0,1,0,0.0,0.317,0.0,1.321,0.0,158.52,118.89,0.0,0.0,35.6,-0.28,0.0,0.0,0.0,0.0,0.0,0.0,53.4,0.0,0,0,0,0,0,8.0,0.0,28390.94,0.0,28390.94,0.0,6.35
2026-06-05T02:07:44.228+00:00,249160,34904cc0-20b0-44ef-a748-ca0f5d0a3cdb,,10,FAULT,0x0100,PI_LOST,0,1,1,0,1,0,0.0,0.0,0.0,1.312,0.0,157.44,118.08,0.0,0.0,35.36,-0.4,0.0,0.0,0.0,0.0,0.0,0.0,53.5,0.0,0,0,0,0,0,8.0,0.0,28404.75,0.0,28404.75,0.0,-2.05
2026-06-05T02:07:44.331+00:00,249277,34904cc0-20b0-44ef-a748-ca0f5d0a3cdb,,10,FAULT,0x0100,PI_LOST,0,1,1,0,1,0,0.0,0.268,0.0,1.305,0.0,156.6,117.45,0.0,0.0,36.09,-0.4,0.0,0.0,0.0,0.0,0.0,0.0,53.2,0.0,0,0,0,0,0,8.0,0.0,28418.49,0.0,28418.49,0.0,6.24
2026-06-05T02:07:44.428+00:00,249393,34904cc0-20b0-44ef-a748-ca0f5d0a3cdb,,10,FAULT,0x0100,PI_LOST,0,1,1,0,1,0,0.0,0.61,0.0,1.286,0.0,154.32,115.74,0.0,0.0,36.82,0.0,0.0,0.0,0.0,0.0,0.0,0.0,53.2,0.0,0,0,0,0,0,8.0,0.0,28431.92,0.0,28431.92,0.0,6.29
2026-06-05T02:07:44.494+00:00,249509,34904cc0-20b0-44ef-a748-ca0f5d0a3cdb,,10,FAULT,0x0100,PI_LOST,0,1,1,0,1,0,0.0,1.099,0.0,1.299,0.0,155.88,116.91,0.0,0.0,35.85,-0.4,0.0,0.0,0.0,0.0,0.0,0.0,53.6,0.0,0,0,0,0,0,8.0,0.0,28445.48,0.0,28445.48,0.0,-8.36
2026-06-05T02:07:44.609+00:00,249626,34904cc0-20b0-44ef-a748-ca0f5d0a3cdb,,10,FAULT,0x0100,PI_LOST,0,1,1,0,1,0,0.0,1.05,0.0,1.308,0.0,156.96,117.72,0.0,0.0,37.31,-0.4,0.0,0.0,0.0,0.0,0.0,0.0,53.0,0.0,0,0,0,0,0,8.0,0.0,28459.26,0.0,28459.26,0.0,12.48
2026-06-05T02:07:44.727+00:00,249742,34904cc0-20b0-44ef-a748-ca0f5d0a3cdb,,10,FAULT,0x0100,PI_LOST,0,1,1,0,1,0,0.0,0.708,0.0,1.331,0.0,159.72,119.79,0.0,0.0,36.33,0.2,0.0,0.0,0.0,0.0,0.0,0.0,53.1,0.0,0,0,0,0,0,8.0,0.0,28473.15,0.0,28473.15,0.0,-8.45
2026-06-05T02:07:44.853+00:00,249859,34904cc0-20b0-44ef-a748-ca0f5d0a3cdb,,10,FAULT,0x0100,PI_LOST,0,1,1,0,1,0,0.0,0.122,0.0,1.33,0.0,159.6,119.7,0.0,0.0,35.85,-0.4,0.0,0.0,0.0,0.0,0.0,0.0,53.2,0.0,0,0,0,0,0,8.0,0.0,28487.16,0.0,28487.16,0.0,-4.1
2026-06-05T02:07:44.964+00:00,249975,34904cc0-20b0-44ef-a748-ca0f5d0a3cdb,,10,FAULT,0x0100,PI_LOST,0,1,1,0,1,0,0.0,0.0,0.0,1.323,0.0,158.76,119.07,0.0,0.0,36.09,-0.4,0.0,0.0,0.0,0.0,0.0,0.0,53.3,0.0,0,0,0,0,0,8.0,0.0,28500.97,0.0,28500.97,0.0,2.07
2026-06-05T02:07:45.144+00:00,250091,34904cc0-20b0-44ef-a748-ca0f5d0a3cdb,,10,FAULT,0x0100,PI_LOST,0,1,1,0,1,0,0.0,0.415,0.0,1.31,0.0,157.2,117.9,0.0,0.0,35.85,-0.4,0.0,0.0,0.0,0.0,0.0,0.0,53.2,0.0,0,0,0,0,0,8.0,0.0,28514.64,0.0,28514.64,0.0,-2.07
2026-06-05T02:07:45.194+00:00,250208,34904cc0-20b0-44ef-a748-ca0f5d0a3cdb,,10,FAULT,0x0100,PI_LOST,0,1,1,0,1,0,0.0,1.099,0.0,1.295,0.0,155.4,116.55,0.0,0.0,36.82,-0.4,0.0,0.0,0.0,0.0,0.0,0.0,53.2,0.0,0,0,0,0,0,8.0,0.0,28528.28,0.0,28528.28,0.0,8.29
2026-06-05T02:07:45.309+00:00,250324,34904cc0-20b0-44ef-a748-ca0f5d0a3cdb,,10,FAULT,0x0100,PI_LOST,0,1,1,0,1,0,0.0,0.219,0.0,1.295,0.0,155.4,116.55,0.0,0.0,35.11,-0.4,0.0,0.0,0.0,0.0,0.0,0.0,53.3,0.0,0,0,0,0,0,8.0,0.0,28541.8,0.0,28541.8,0.0,-14.74
2026-06-05T02:07:45.427+00:00,250440,34904cc0-20b0-44ef-a748-ca0f5d0a3cdb,,10,FAULT,0x0100,PI_LOST,0,1,1,0,1,0,0.0,0.415,0.0,1.305,0.0,156.6,117.45,0.0,0.0,36.33,-0.28,0.0,0.0,0.0,0.0,0.0,0.0,53.8,0.0,0,0,0,0,0,8.0,0.0,28555.42,0.0,28555.42,0.0,10.52
2026-06-05T02:07:45.542+00:00,250557,34904cc0-20b0-44ef-a748-ca0f5d0a3cdb,,10,FAULT,0x0100,PI_LOST,0,1,1,0,1,0,0.0,0.904,0.0,1.322,0.0,158.64,118.98,0.0,0.0,37.31,0.45,0.0,0.0,0.0,0.0,0.0,0.0,53.3,0.0,0,0,0,0,0,8.0,0.0,28569.35,0.0,28569.35,0.0,8.38
2026-06-05T02:07:45.675+00:00,250674,34904cc0-20b0-44ef-a748-ca0f5d0a3cdb,,10,FAULT,0x0100,PI_LOST,0,1,1,0,1,0,0.0,0.855,0.0,1.325,0.0,159.0,119.25,0.0,0.0,37.07,-0.28,0.0,0.0,0.0,0.0,0.0,0.0,53.5,0.0,0,0,0,0,0,8.0,0.0,28583.3,0.0,28583.3,0.0,-2.05
2026-06-05T02:07:45.842+00:00,250789,34904cc0-20b0-44ef-a748-ca0f5d0a3cdb,,10,FAULT,0x0100,PI_LOST,0,1,1,0,1,0,0.0,0.61,0.0,1.331,0.0,159.72,119.79,0.0,0.0,36.33,0.0,0.0,0.0,0.0,0.0,0.0,0.0,53.5,0.0,0,0,0,0,0,8.0,0.0,28597.07,0.0,28597.07,0.0,-6.43
2026-06-05T02:07:45.894+00:00,250906,34904cc0-20b0-44ef-a748-ca0f5d0a3cdb,,10,FAULT,0x0100,PI_LOST,0,1,1,0,1,0,0.0,0.953,0.0,1.333,0.0,159.96,119.97,0.0,0.0,36.82,0.45,0.0,0.0,0.0,0.0,0.0,0.0,53.5,0.0,0,0,0,0,0,8.0,0.0,28611.11,0.0,28611.11,0.0,4.19
2026-06-05T02:07:46.009+00:00,251023,34904cc0-20b0-44ef-a748-ca0f5d0a3cdb,,10,FAULT,0x0100,PI_LOST,0,1,1,0,1,0,0.0,0.317,0.0,1.339,0.0,160.68,120.51,0.0,0.0,35.6,-0.4,0.0,0.0,0.0,0.0,0.0,0.0,52.8,0.0,0,0,0,0,0,8.0,0.0,28625.21,0.0,28625.21,0.0,-10.43
2026-06-05T02:07:46.127+00:00,251140,34904cc0-20b0-44ef-a748-ca0f5d0a3cdb,,10,FAULT,0x0100,PI_LOST,0,1,1,0,1,0,0.0,0.0,0.0,1.334,0.0,160.08,120.06,0.0,0.0,35.36,-0.28,0.0,0.0,0.0,0.0,0.0,0.0,52.9,0.0,0,0,0,0,0,8.0,0.0,28639.26,0.0,28639.26,0.0,-2.05
2026-06-05T02:07:46.243+00:00,251255,34904cc0-20b0-44ef-a748-ca0f5d0a3cdb,,10,FAULT,0x0100,PI_LOST,0,1,1,0,1,0,0.0,0.562,0.0,1.344,0.0,161.28,120.96,0.0,0.0,36.58,-0.15,0.0,0.0,0.0,0.0,0.0,0.0,52.8,0.0,0,0,0,0,0,8.0,0.0,28653.17,0.0,28653.17,0.0,10.61
2026-06-05T02:07:46.392+00:00,251372,34904cc0-20b0-44ef-a748-ca0f5d0a3cdb,,10,FAULT,0x0100,PI_LOST,0,1,1,0,1,0,0.0,0.0,0.0,1.342,0.0,161.04,120.78,0.0,0.0,35.6,-0.28,0.0,0.0,0.0,0.0,0.0,0.0,53.0,0.0,0,0,0,0,0,8.0,0.0,28667.3,0.0,28667.3,0.0,-8.38
2026-06-05T02:07:46.483+00:00,251489,34904cc0-20b0-44ef-a748-ca0f5d0a3cdb,,10,FAULT,0x0100,PI_LOST,0,1,1,0,1,0,0.0,0.464,0.0,1.349,0.0,161.88,121.41,0.0,0.0,35.85,-0.15,0.0,0.0,0.0,0.0,0.0,0.0,52.8,0.0,0,0,0,0,0,8.0,0.0,28681.5,0.0,28681.5,0.0,2.14
2026-06-05T02:07:46.591+00:00,251604,34904cc0-20b0-44ef-a748-ca0f5d0a3cdb,,10,FAULT,0x0100,PI_LOST,0,1,1,0,1,0,0.0,0.0,0.0,1.349,0.0,161.88,121.41,0.0,0.0,34.38,-0.28,0.0,0.0,0.0,0.0,0.0,0.0,53.2,0.0,0,0,0,0,0,8.0,0.0,28695.47,0.0,28695.47,0.0,-12.78
2026-06-05T02:07:46.709+00:00,251721,34904cc0-20b0-44ef-a748-ca0f5d0a3cdb,,10,FAULT,0x0100,PI_LOST,0,1,1,0,1,0,0.0,0.268,0.0,1.351,0.0,162.12,121.59,0.0,0.0,35.85,-0.15,0.0,0.0,0.0,0.0,0.0,0.0,53.2,0.0,0,0,0,0,0,8.0,0.0,28709.69,0.0,28709.69,0.0,12.56
2026-06-05T02:07:46.825+00:00,251838,34904cc0-20b0-44ef-a748-ca0f5d0a3cdb,,10,FAULT,0x0100,PI_LOST,0,1,1,0,1,0,0.0,0.708,0.0,1.355,0.0,162.6,121.95,0.0,0.0,36.09,0.0,0.0,0.0,0.0,0.0,0.0,0.0,53.2,0.0,0,0,0,0,0,8.0,0.0,28723.96,0.0,28723.96,0.0,2.05
2026-06-05T02:07:46.943+00:00,251954,34904cc0-20b0-44ef-a748-ca0f5d0a3cdb,,10,FAULT,0x0100,PI_LOST,0,1,1,0,1,0,0.0,0.0,0.0,1.371,0.0,164.52,123.39,0.0,0.0,35.11,-0.4,0.0,0.0,0.0,0.0,0.0,0.0,52.9,0.0,0,0,0,0,0,8.0,0.0,28738.27,0.0,28738.27,0.0,-8.45
2026-06-05T02:07:47.102+00:00,252070,34904cc0-20b0-44ef-a748-ca0f5d0a3cdb,,10,FAULT,0x0100,PI_LOST,0,1,1,0,1,0,0.0,0.366,0.0,1.369,0.0,164.28,123.21,0.0,0.0,35.36,0.0,0.0,0.0,0.0,0.0,0.0,0.0,52.9,0.0,0,0,0,0,0,8.0,0.0,28752.57,0.0,28752.57,0.0,2.16
2026-06-05T02:07:47.198+00:00,252187,34904cc0-20b0-44ef-a748-ca0f5d0a3cdb,,10,FAULT,0x0100,PI_LOST,0,1,1,0,1,0,0.0,0.122,0.0,1.375,0.0,165.0,123.75,0.0,0.0,34.87,-0.64,0.0,0.0,0.0,0.0,0.0,0.0,53.0,0.0,0,0,0,0,0,8.0,0.0,28767.04,0.0,28767.04,0.0,-4.19
2026-06-05T02:07:47.292+00:00,252303,34904cc0-20b0-44ef-a748-ca0f5d0a3cdb,,10,FAULT,0x0100,PI_LOST,0,1,1,0,1,0,0.0,0.268,0.0,1.371,0.0,164.52,123.39,0.0,0.0,35.36,-0.28,0.0,0.0,0.0,0.0,0.0,0.0,52.8,0.0,0,0,0,0,0,8.0,0.0,28781.36,0.0,28781.36,0.0,4.22
2026-06-05T02:07:47.410+00:00,252420,34904cc0-20b0-44ef-a748-ca0f5d0a3cdb,,10,FAULT,0x0100,PI_LOST,0,1,1,0,1,0,0.0,0.0,0.0,1.354,0.0,162.48,121.86,0.0,0.0,34.62,-0.28,0.0,0.0,0.0,0.0,0.0,0.0,52.8,0.0,0,0,0,0,0,8.0,0.0,28795.62,0.0,28795.62,0.0,-6.32
2026-06-05T02:07:47.525+00:00,252536,34904cc0-20b0-44ef-a748-ca0f5d0a3cdb,,10,FAULT,0x0100,PI_LOST,0,1,1,0,1,0,0.0,0.0,0.0,1.359,0.0,163.08,122.31,0.0,0.0,34.87,-0.52,0.0,0.0,0.0,0.0,0.0,0.0,52.8,0.0,0,0,0,0,0,8.0,0.0,28809.8,0.0,28809.8,0.0,2.16
2026-06-05T02:07:47.643+00:00,252653,34904cc0-20b0-44ef-a748-ca0f5d0a3cdb,,10,FAULT,0x0100,PI_LOST,0,1,1,0,1,0,0.0,0.0,0.0,1.346,0.0,161.52,121.14,0.0,0.0,34.38,-0.4,0.0,0.0,0.0,0.0,0.0,0.0,52.5,0.0,0,0,0,0,0,8.0,0.0,28823.98,0.0,28823.98,0.0,-4.19
2026-06-05T02:07:47.817+00:00,252769,34904cc0-20b0-44ef-a748-ca0f5d0a3cdb,,10,FAULT,0x0100,PI_LOST,0,1,1,0,1,0,0.0,0.855,0.0,1.335,0.0,160.2,120.15,0.0,0.0,36.58,-0.52,0.0,0.0,0.0,0.0,0.0,0.0,52.8,0.0,0,0,0,0,0,8.0,0.0,28837.91,0.0,28837.91,0.0,18.97
2026-06-05T02:07:47.924+00:00,252886,34904cc0-20b0-44ef-a748-ca0f5d0a3cdb,,10,FAULT,0x0100,PI_LOST,0,1,1,0,1,0,0.0,0.562,0.0,1.329,0.0,159.48,119.61,0.0,0.0,36.58,0.0,0.0,0.0,0.0,0.0,0.0,0.0,53.0,0.0,0,0,0,0,0,8.0,0.0,28851.91,0.0,28851.91,0.0,0.0
2026-06-05T02:07:48.017+00:00,253002,34904cc0-20b0-44ef-a748-ca0f5d0a3cdb,,10,FAULT,0x0100,PI_LOST,0,1,1,0,1,0,0.0,0.708,0.0,1.327,0.0,159.24,119.43,0.0,0.0,36.09,0.0,0.0,0.0,0.0,0.0,0.0,0.0,53.1,0.0,0,0,0,0,0,8.0,0.0,28865.76,0.0,28865.76,0.0,-4.22
2026-06-05T02:07:48.110+00:00,253118,34904cc0-20b0-44ef-a748-ca0f5d0a3cdb,,10,FAULT,0x0100,PI_LOST,0,1,1,0,1,0,0.0,0.0,0.0,1.322,0.0,158.64,118.98,0.0,0.0,35.6,-0.4,0.0,0.0,0.0,0.0,0.0,0.0,53.2,0.0,0,0,0,0,0,8.0,0.0,28879.56,0.0,28879.56,0.0,-4.22
2026-06-05T02:07:48.225+00:00,253235,34904cc0-20b0-44ef-a748-ca0f5d0a3cdb,,10,FAULT,0x0100,PI_LOST,0,1,1,0,1,0,0.0,0.366,0.0,1.315,0.0,157.8,118.35,0.0,0.0,36.09,0.0,0.0,0.0,0.0,0.0,0.0,0.0,53.2,0.0,0,0,0,0,0,8.0,0.0,28893.41,0.0,28893.41,0.0,4.19
2026-06-05T02:07:48.346+00:00,253351,34904cc0-20b0-44ef-a748-ca0f5d0a3cdb,,10,FAULT,0x0100,PI_LOST,0,1,1,0,1,0,0.0,0.268,0.0,1.273,0.0,152.76,114.57,0.0,0.0,34.38,-0.52,0.0,0.0,0.0,0.0,0.0,0.0,53.6,0.0,0,0,0,0,0,8.0,0.0,28906.7,0.0,28906.7,0.0,-14.74
2026-06-05T02:07:48.522+00:00,253467,34904cc0-20b0-44ef-a748-ca0f5d0a3cdb,,10,FAULT,0x0100,PI_LOST,0,1,1,0,1,0,0.0,0.122,0.0,1.269,0.0,152.28,114.21,0.0,0.0,34.62,-0.4,0.0,0.0,0.0,0.0,0.0,0.0,53.1,0.0,0,0,0,0,0,8.0,0.0,28919.95,0.0,28919.95,0.0,2.07
2026-06-05T02:07:48.675+00:00,253584,34904cc0-20b0-44ef-a748-ca0f5d0a3cdb,,10,FAULT,0x0100,PI_LOST,0,1,1,0,1,0,0.0,0.757,0.0,1.289,0.0,154.68,116.01,0.0,0.0,37.07,0.0,0.0,0.0,0.0,0.0,0.0,0.0,52.6,0.0,0,0,0,0,0,8.0,0.0,28933.52,0.0,28933.52,0.0,20.94
2026-06-05T02:07:48.770+00:00,253701,34904cc0-20b0-44ef-a748-ca0f5d0a3cdb,,10,FAULT,0x0100,PI_LOST,0,1,1,0,1,0,0.0,0.0,0.0,1.283,0.0,153.96,115.47,0.0,0.0,34.87,-0.28,0.0,0.0,0.0,0.0,0.0,0.0,52.4,0.0,0,0,0,0,0,8.0,0.0,28947.03,0.0,28947.03,0.0,-18.8
2026-06-05T02:07:48.810+00:00,253816,34904cc0-20b0-44ef-a748-ca0f5d0a3cdb,,10,FAULT,0x0100,PI_LOST,0,1,1,0,1,0,0.0,0.855,0.0,1.274,0.0,152.88,114.66,0.0,0.0,36.82,-0.4,0.0,0.0,0.0,0.0,0.0,0.0,52.5,0.0,0,0,0,0,0,8.0,0.0,28960.22,0.0,28960.22,0.0,16.96
2026-06-05T02:07:48.925+00:00,253933,34904cc0-20b0-44ef-a748-ca0f5d0a3cdb,,10,FAULT,0x0100,PI_LOST,0,1,1,0,1,0,0.0,0.0,0.0,1.275,0.0,153.0,114.75,0.0,0.0,34.38,-0.28,0.0,0.0,0.0,0.0,0.0,0.0,52.2,0.0,0,0,0,0,0,8.0,0.0,28973.64,0.0,28973.64,0.0,-20.85
2026-06-05T02:07:49.044+00:00,254050,34904cc0-20b0-44ef-a748-ca0f5d0a3cdb,,10,FAULT,0x0100,PI_LOST,0,1,1,0,1,0,0.0,0.708,0.0,1.291,0.0,154.92,116.19,0.0,0.0,36.33,0.32,0.0,0.0,0.0,0.0,0.0,0.0,52.3,0.0,0,0,0,0,0,8.0,0.0,28987.24,0.0,28987.24,0.0,16.67
2026-06-05T02:07:49.159+00:00,254167,34904cc0-20b0-44ef-a748-ca0f5d0a3cdb,,10,FAULT,0x0100,PI_LOST,0,1,1,0,1,0,0.0,0.219,0.0,1.287,0.0,154.44,115.83,0.0,0.0,35.11,-0.52,0.0,0.0,0.0,0.0,0.0,0.0,52.4,0.0,0,0,0,0,0,8.0,0.0,29000.79,0.0,29000.79,0.0,-10.43
2026-06-05T02:07:49.330+00:00,254282,34904cc0-20b0-44ef-a748-ca0f5d0a3cdb,,10,FAULT,0x0100,PI_LOST,0,1,1,0,1,0,0.0,0.122,0.0,1.288,0.0,154.56,115.92,0.0,0.0,34.87,-0.4,0.0,0.0,0.0,0.0,0.0,0.0,52.9,0.0,0,0,0,0,0,8.0,0.0,29014.12,0.0,29014.12,0.0,-2.09
2026-06-05T02:07:49.424+00:00,254399,34904cc0-20b0-44ef-a748-ca0f5d0a3cdb,,10,FAULT,0x0100,PI_LOST,0,1,1,0,1,0,0.0,0.0,0.0,1.285,0.0,154.2,115.65,0.0,0.0,34.87,-0.52,0.0,0.0,0.0,0.0,0.0,0.0,52.9,0.0,0,0,0,0,0,8.0,0.0,29027.65,0.0,29027.65,0.0,0.0
2026-06-05T02:07:49.515+00:00,254516,34904cc0-20b0-44ef-a748-ca0f5d0a3cdb,,10,FAULT,0x0100,PI_LOST,0,1,1,0,1,0,0.0,0.855,0.0,1.297,0.0,155.64,116.73,0.0,0.0,37.56,-0.15,0.0,0.0,0.0,0.0,0.0,0.0,53.3,0.0,0,0,0,0,0,8.0,0.0,29041.31,0.0,29041.31,0.0,22.99
2026-06-05T02:07:49.626+00:00,254631,34904cc0-20b0-44ef-a748-ca0f5d0a3cdb,,10,FAULT,0x0100,PI_LOST,0,1,1,0,1,0,0.0,0.904,0.0,1.292,0.0,155.04,116.28,0.0,0.0,35.85,-0.52,0.0,0.0,0.0,0.0,0.0,0.0,52.9,0.0,0,0,0,0,0,8.0,0.0,29054.68,0.0,29054.68,0.0,-14.87
2026-06-05T02:07:49.742+00:00,254748,34904cc0-20b0-44ef-a748-ca0f5d0a3cdb,,10,FAULT,0x0100,PI_LOST,0,1,1,0,1,0,0.0,0.415,0.0,1.309,0.0,157.08,117.81,0.0,0.0,36.09,-0.15,0.0,0.0,0.0,0.0,0.0,0.0,52.8,0.0,0,0,0,0,0,8.0,0.0,29068.47,0.0,29068.47,0.0,2.05
2026-06-05T02:07:49.859+00:00,254865,34904cc0-20b0-44ef-a748-ca0f5d0a3cdb,,10,FAULT,0x0100,PI_LOST,0,1,1,0,1,0,0.0,0.757,0.0,1.312,0.0,157.44,118.08,0.0,0.0,35.36,-0.52,0.0,0.0,0.0,0.0,0.0,0.0,53.0,0.0,0,0,0,0,0,8.0,0.0,29082.28,0.0,29082.28,0.0,-6.24
2026-06-05T02:07:50.049+00:00,254981,34904cc0-20b0-44ef-a748-ca0f5d0a3cdb,,10,FAULT,0x0100,PI_LOST,0,1,1,0,1,0,0.0,0.464,0.0,1.311,0.0,157.32,117.99,0.0,0.0,35.85,0.0,0.0,0.0,0.0,0.0,0.0,0.0,53.3,0.0,0,0,0,0,0,8.0,0.0,29095.97,0.0,29095.97,0.0,4.22
2026-06-05T02:07:50.149+00:00,255097,34904cc0-20b0-44ef-a748-ca0f5d0a3cdb,,10,FAULT,0x0100,PI_LOST,0,1,1,0,1,0,0.0,0.659,0.0,1.315,0.0,157.8,118.35,0.0,0.0,36.58,0.2,0.0,0.0,0.0,0.0,0.0,0.0,53.4,0.0,0,0,0,0,0,8.0,0.0,29109.7,0.0,29109.7,0.0,6.29
2026-06-05T02:07:50.242+00:00,255214,34904cc0-20b0-44ef-a748-ca0f5d0a3cdb,,10,FAULT,0x0100,PI_LOST,0,1,1,0,1,0,0.0,0.708,0.0,1.324,0.0,158.88,119.16,0.0,0.0,35.85,0.45,0.0,0.0,0.0,0.0,0.0,0.0,53.4,0.0,0,0,0,0,0,8.0,0.0,29123.64,0.0,29123.64,0.0,-6.24
2026-06-05T02:07:50.326+00:00,255330,34904cc0-20b0-44ef-a748-ca0f5d0a3cdb,,10,FAULT,0x0100,PI_LOST,0,1,1,0,1,0,0.0,0.464,0.0,1.315,0.0,157.8,118.35,0.0,0.0,35.11,-0.15,0.0,0.0,0.0,0.0,0.0,0.0,53.3,0.0,0,0,0,0,0,8.0,0.0,29137.37,0.0,29137.37,0.0,-6.38
2026-06-05T02:07:50.441+00:00,255447,34904cc0-20b0-44ef-a748-ca0f5d0a3cdb,,10,FAULT,0x0100,PI_LOST,0,1,1,0,1,0,0.0,0.024,0.0,1.309,0.0,157.08,117.81,0.0,0.0,35.11,-0.52,0.0,0.0,0.0,0.0,0.0,0.0,53.4,0.0,0,0,0,0,0,8.0,0.0,29151.15,0.0,29151.15,0.0,0.0
2026-06-05T02:07:50.560+00:00,255563,34904cc0-20b0-44ef-a748-ca0f5d0a3cdb,,10,FAULT,0x0100,PI_LOST,0,1,1,0,1,0,0.0,0.855,0.0,1.29,0.0,154.8,116.1,0.0,0.0,37.31,-0.28,0.0,0.0,0.0,0.0,0.0,0.0,53.9,0.0,0,0,0,0,0,8.0,0.0,29164.62,0.0,29164.62,0.0,18.97
2026-06-05T02:07:50.675+00:00,255679,34904cc0-20b0-44ef-a748-ca0f5d0a3cdb,,10,FAULT,0x0100,PI_LOST,0,1,1,0,1,0,0.0,0.317,0.0,1.297,0.0,155.64,116.73,0.0,0.0,35.36,-0.15,0.0,0.0,0.0,0.0,0.0,0.0,53.7,0.0,0,0,0,0,0,8.0,0.0,29178.16,0.0,29178.16,0.0,-16.81
2026-06-05T02:07:50.857+00:00,255796,34904cc0-20b0-44ef-a748-ca0f5d0a3cdb,,10,FAULT,0x0100,PI_LOST,0,1,1,0,1,0,0.0,0.659,0.0,1.316,0.0,157.92,118.44,0.0,0.0,36.82,0.0,0.0,0.0,0.0,0.0,0.0,0.0,53.3,0.0,0,0,0,0,0,8.0,0.0,29192.02,0.0,29192.02,0.0,12.48
2026-06-05T02:07:50.962+00:00,255912,34904cc0-20b0-44ef-a748-ca0f5d0a3cdb,,10,FAULT,0x0100,PI_LOST,0,1,1,0,1,0,0.0,1.148,0.0,1.312,0.0,157.44,118.08,0.0,0.0,35.6,-0.52,0.0,0.0,0.0,0.0,0.0,0.0,53.2,0.0,0,0,0,0,0,8.0,0.0,29205.71,0.0,29205.71,0.0,-10.52
2026-06-05T02:07:51.026+00:00,256028,34904cc0-20b0-44ef-a748-ca0f5d0a3cdb,,10,FAULT,0x0100,PI_LOST,0,1,1,0,1,0,0.0,0.708,0.0,1.32,0.0,158.4,118.8,0.0,0.0,37.31,0.2,0.0,0.0,0.0,0.0,0.0,0.0,53.4,0.0,0,0,0,0,0,8.0,0.0,29219.49,0.0,29219.49,0.0,14.74
2026-06-05T02:07:51.141+00:00,256145,34904cc0-20b0-44ef-a748-ca0f5d0a3cdb,,10,FAULT,0x0100,PI_LOST,0,1,1,0,1,0,0.0,0.806,0.0,1.336,0.0,160.32,120.24,0.0,0.0,36.58,0.2,0.0,0.0,0.0,0.0,0.0,0.0,53.1,0.0,0,0,0,0,0,8.0,0.0,29233.56,0.0,29233.56,0.0,-6.24
2026-06-05T02:07:51.259+00:00,256262,34904cc0-20b0-44ef-a748-ca0f5d0a3cdb,,10,FAULT,0x0100,PI_LOST,0,1,1,0,1,0,0.0,0.562,0.0,1.337,0.0,160.44,120.33,0.0,0.0,36.82,0.0,0.0,0.0,0.0,0.0,0.0,0.0,53.1,0.0,0,0,0,0,0,8.0,0.0,29247.64,0.0,29247.64,0.0,2.05
2026-06-05T02:07:51.375+00:00,256377,34904cc0-20b0-44ef-a748-ca0f5d0a3cdb,,10,FAULT,0x0100,PI_LOST,0,1,1,0,1,0,0.0,0.024,0.0,1.318,0.0,158.16,118.62,0.0,0.0,35.85,-0.52,0.0,0.0,0.0,0.0,0.0,0.0,53.4,0.0,0,0,0,0,0,8.0,0.0,29261.28,0.0,29261.28,0.0,-8.43
2026-06-05T02:07:51.494+00:00,256494,34904cc0-20b0-44ef-a748-ca0f5d0a3cdb,,10,FAULT,0x0100,PI_LOST,0,1,1,0,1,0,0.0,0.366,0.0,1.306,0.0,156.72,117.54,0.0,0.0,36.58,-0.4,0.0,0.0,0.0,0.0,0.0,0.0,53.5,0.0,0,0,0,0,0,8.0,0.0,29275.03,0.0,29275.03,0.0,6.24
2026-06-05T02:07:51.677+00:00,256611,34904cc0-20b0-44ef-a748-ca0f5d0a3cdb,,10,FAULT,0x0100,PI_LOST,0,1,1,0,1,0,0.0,0.757,0.0,1.31,0.0,157.2,117.9,0.0,0.0,37.07,0.0,0.0,0.0,0.0,0.0,0.0,0.0,53.1,0.0,0,0,0,0,0,8.0,0.0,29288.83,0.0,29288.83,0.0,4.19
2026-06-05T02:07:51.726+00:00,256728,34904cc0-20b0-44ef-a748-ca0f5d0a3cdb,,10,FAULT,0x0100,PI_LOST,0,1,1,0,1,0,0.0,0.268,0.0,1.298,0.0,155.76,116.82,0.0,0.0,34.87,-0.4,0.0,0.0,0.0,0.0,0.0,0.0,53.3,0.0,0,0,0,0,0,8.0,0.0,29302.5,0.0,29302.5,0.0,-18.8
2026-06-05T02:07:51.841+00:00,256843,34904cc0-20b0-44ef-a748-ca0f5d0a3cdb,,10,FAULT,0x0100,PI_LOST,0,1,1,0,1,0,0.0,0.415,0.0,1.295,0.0,155.4,116.55,0.0,0.0,36.09,0.0,0.0,0.0,0.0,0.0,0.0,0.0,53.3,0.0,0,0,0,0,0,8.0,0.0,29315.9,0.0,29315.9,0.0,10.61
2026-06-05T02:07:51.960+00:00,256960,34904cc0-20b0-44ef-a748-ca0f5d0a3cdb,,10,FAULT,0x0100,PI_LOST,0,1,1,0,1,0,0.0,0.073,0.0,1.293,0.0,155.16,116.37,0.0,0.0,36.58,-0.15,0.0,0.0,0.0,0.0,0.0,0.0,53.3,0.0,0,0,0,0,0,8.0,0.0,29329.52,0.0,29329.52,0.0,4.19
2026-06-05T02:07:52.075+00:00,257077,34904cc0-20b0-44ef-a748-ca0f5d0a3cdb,,10,FAULT,0x0100,PI_LOST,0,1,1,0,1,0,0.0,0.757,0.0,1.292,0.0,155.04,116.28,0.0,0.0,36.09,0.32,0.0,0.0,0.0,0.0,0.0,0.0,53.2,0.0,0,0,0,0,0,8.0,0.0,29343.12,0.0,29343.12,0.0,-4.19
2026-06-05T02:07:52.209+00:00,257192,34904cc0-20b0-44ef-a748-ca0f5d0a3cdb,,10,FAULT,0x0100,PI_LOST,0,1,1,0,1,0,0.0,0.659,0.0,1.303,0.0,156.36,117.27,0.0,0.0,36.58,0.0,0.0,0.0,0.0,0.0,0.0,0.0,53.2,0.0,0,0,0,0,0,8.0,0.0,29356.61,0.0,29356.61,0.0,4.26
2026-06-05T02:07:52.310+00:00,257309,34904cc0-20b0-44ef-a748-ca0f5d0a3cdb,,10,FAULT,0x0100,PI_LOST,0,1,1,0,1,0,0.0,0.0,0.0,1.292,0.0,155.04,116.28,0.0,0.0,35.6,-0.4,0.0,0.0,0.0,0.0,0.0,0.0,53.6,0.0,0,0,0,0,0,8.0,0.0,29370.21,0.0,29370.21,0.0,-8.38
2026-06-05T02:07:52.424+00:00,257426,34904cc0-20b0-44ef-a748-ca0f5d0a3cdb,,10,FAULT,0x0100,PI_LOST,0,1,1,0,1,0,0.0,1.05,0.0,1.294,0.0,155.28,116.46,0.0,0.0,35.85,-0.52,0.0,0.0,0.0,0.0,0.0,0.0,53.4,0.0,0,0,0,0,0,8.0,0.0,29383.84,0.0,29383.84,0.0,2.14
2026-06-05T02:07:52.542+00:00,257542,34904cc0-20b0-44ef-a748-ca0f5d0a3cdb,,10,FAULT,0x0100,PI_LOST,0,1,1,0,1,0,0.0,0.562,0.0,1.309,0.0,157.08,117.81,0.0,0.0,35.85,0.2,0.0,0.0,0.0,0.0,0.0,0.0,53.2,0.0,0,0,0,0,0,8.0,0.0,29397.5,0.0,29397.5,0.0,0.0
2026-06-05T02:07:52.657+00:00,257658,34904cc0-20b0-44ef-a748-ca0f5d0a3cdb,,10,FAULT,0x0100,PI_LOST,0,1,1,0,1,0,0.0,0.464,0.0,1.306,0.0,156.72,117.54,0.0,0.0,36.33,-0.15,0.0,0.0,0.0,0.0,0.0,0.0,53.1,0.0,0,0,0,0,0,8.0,0.0,29411.14,0.0,29411.14,0.0,4.14
2026-06-05T02:07:52.775+00:00,257775,34904cc0-20b0-44ef-a748-ca0f5d0a3cdb,,10,FAULT,0x0100,PI_LOST,0,1,1,0,1,0,0.0,0.415,0.0,1.305,0.0,156.6,117.45,0.0,0.0,36.33,0.0,0.0,0.0,0.0,0.0,0.0,0.0,53.2,0.0,0,0,0,0,0,8.0,0.0,29424.88,0.0,29424.88,0.0,0.0
2026-06-05T02:07:52.927+00:00,257891,34904cc0-20b0-44ef-a748-ca0f5d0a3cdb,,10,FAULT,0x0100,PI_LOST,0,1,1,0,1,0,0.0,0.904,0.0,1.317,0.0,158.04,118.53,0.0,0.0,36.58,-0.4,0.0,0.0,0.0,0.0,0.0,0.0,53.1,0.0,0,0,0,0,0,8.0,0.0,29438.63,0.0,29438.63,0.0,2.16
2026-06-05T02:07:53.021+00:00,258008,34904cc0-20b0-44ef-a748-ca0f5d0a3cdb,,10,FAULT,0x0100,PI_LOST,0,1,1,0,1,0,0.0,0.659,0.0,1.333,0.0,159.96,119.97,0.0,0.0,36.58,0.0,0.0,0.0,0.0,0.0,0.0,0.0,53.2,0.0,0,0,0,0,0,8.0,0.0,29452.66,0.0,29452.66,0.0,0.0
2026-06-05T02:07:53.124+00:00,258124,34904cc0-20b0-44ef-a748-ca0f5d0a3cdb,,10,FAULT,0x0100,PI_LOST,0,1,1,0,1,0,0.0,0.659,0.0,1.348,0.0,161.76,121.32,0.0,0.0,36.82,0.2,0.0,0.0,0.0,0.0,0.0,0.0,52.9,0.0,0,0,0,0,0,8.0,0.0,29466.74,0.0,29466.74,0.0,2.07
2026-06-05T02:07:53.242+00:00,258241,34904cc0-20b0-44ef-a748-ca0f5d0a3cdb,,10,FAULT,0x0100,PI_LOST,0,1,1,0,1,0,0.0,0.0,0.0,1.349,0.0,161.88,121.41,0.0,0.0,35.6,-0.4,0.0,0.0,0.0,0.0,0.0,0.0,52.6,0.0,0,0,0,0,0,8.0,0.0,29480.94,0.0,29480.94,0.0,-10.43
2026-06-05T02:07:53.357+00:00,258357,34904cc0-20b0-44ef-a748-ca0f5d0a3cdb,,10,FAULT,0x0100,PI_LOST,0,1,1,0,1,0,0.0,0.0,0.0,1.338,0.0,160.56,120.42,0.0,0.0,36.09,-0.4,0.0,0.0,0.0,0.0,0.0,0.0,52.1,0.0,0,0,0,0,0,8.0,0.0,29494.91,0.0,29494.91,0.0,4.22
2026-06-05T02:07:53.475+00:00,258473,34904cc0-20b0-44ef-a748-ca0f5d0a3cdb,,10,FAULT,0x0100,PI_LOST,0,1,1,0,1,0,0.0,0.659,0.0,1.355,0.0,162.6,121.95,0.0,0.0,36.09,-0.15,0.0,0.0,0.0,0.0,0.0,0.0,51.4,0.0,0,0,0,0,0,8.0,0.0,29509.06,0.0,29509.06,0.0,0.0
2026-06-05T02:07:53.642+00:00,258590,34904cc0-20b0-44ef-a748-ca0f5d0a3cdb,,10,FAULT,0x0100,PI_LOST,0,1,1,0,1,0,0.0,0.953,0.0,1.35,0.0,162.0,121.5,0.0,0.0,35.36,-0.4,0.0,0.0,0.0,0.0,0.0,0.0,50.4,0.0,0,0,0,0,0,8.0,0.0,29523.27,0.0,29523.27,0.0,-6.24
2026-06-05T02:07:53.752+00:00,258706,34904cc0-20b0-44ef-a748-ca0f5d0a3cdb,,10,FAULT,0x0100,PI_LOST,0,1,1,0,1,0,0.0,0.122,0.0,1.345,0.0,161.4,121.05,0.0,0.0,35.11,-0.52,0.0,0.0,0.0,0.0,0.0,0.0,50.3,0.0,0,0,0,0,0,8.0,0.0,29537.32,0.0,29537.32,0.0,-2.16
2026-06-05T02:07:53.871+00:00,258823,34904cc0-20b0-44ef-a748-ca0f5d0a3cdb,,10,FAULT,0x0100,PI_LOST,0,1,1,0,1,0,0.0,1.099,0.0,1.344,0.0,161.28,120.96,0.0,0.0,34.62,-0.52,0.0,0.0,0.0,0.0,0.0,0.0,49.4,0.0,0,0,0,0,0,8.0,0.0,29551.47,0.0,29551.47,0.0,-4.19
2026-06-05T02:07:53.942+00:00,258939,34904cc0-20b0-44ef-a748-ca0f5d0a3cdb,,10,FAULT,0x0100,PI_LOST,0,1,1,0,1,0,0.0,0.855,0.0,1.354,0.0,162.48,121.86,0.0,0.0,36.58,0.0,0.0,0.0,0.0,0.0,0.0,0.0,49.9,0.0,0,0,0,0,0,8.0,0.0,29565.6,0.0,29565.6,0.0,16.9
2026-06-05T02:07:54.057+00:00,259055,34904cc0-20b0-44ef-a748-ca0f5d0a3cdb,,10,FAULT,0x0100,PI_LOST,0,1,1,0,1,0,0.0,0.317,0.0,1.353,0.0,162.36,121.77,0.0,0.0,35.6,0.0,0.0,0.0,0.0,0.0,0.0,0.0,51.1,0.0,0,0,0,0,0,8.0,0.0,29579.73,0.0,29579.73,0.0,-8.45
2026-06-05T02:07:54.176+00:00,259172,34904cc0-20b0-44ef-a748-ca0f5d0a3cdb,,10,FAULT,0x0100,PI_LOST,0,1,1,0,1,0,0.0,0.0,0.0,1.346,0.0,161.52,121.14,0.0,0.0,35.6,-0.28,0.0,0.0,0.0,0.0,0.0,0.0,51.9,0.0,0,0,0,0,0,8.0,0.0,29593.9,0.0,29593.9,0.0,0.0
2026-06-05T02:07:54.299+00:00,259289,34904cc0-20b0-44ef-a748-ca0f5d0a3cdb,,10,FAULT,0x0100,PI_LOST,0,1,1,0,1,0,0.0,0.073,0.0,1.359,0.0,163.08,122.31,0.0,0.0,35.6,-0.4,0.0,0.0,0.0,0.0,0.0,0.0,53.1,0.0,0,0,0,0,0,8.0,0.0,29608.21,0.0,29608.21,0.0,0.0
2026-06-05T02:07:54.406+00:00,259404,34904cc0-20b0-44ef-a748-ca0f5d0a3cdb,,10,FAULT,0x0100,PI_LOST,0,1,1,0,1,0,0.0,0.708,0.0,1.352,0.0,162.24,121.68,0.0,0.0,36.33,0.0,0.0,0.0,0.0,0.0,0.0,0.0,53.5,0.0,0,0,0,0,0,8.0,0.0,29622.21,0.0,29622.21,0.0,6.35
2026-06-05T02:07:54.589+00:00,259521,34904cc0-20b0-44ef-a748-ca0f5d0a3cdb,,10,FAULT,0x0100,PI_LOST,0,1,1,0,1,0,0.0,0.806,0.0,1.35,0.0,162.0,121.5,0.0,0.0,36.33,-0.4,0.0,0.0,0.0,0.0,0.0,0.0,53.5,0.0,0,0,0,0,0,8.0,0.0,29636.42,0.0,29636.42,0.0,0.0
2026-06-05T02:07:54.639+00:00,259638,34904cc0-20b0-44ef-a748-ca0f5d0a3cdb,,10,FAULT,0x0100,PI_LOST,0,1,1,0,1,0,0.0,0.659,0.0,1.359,0.0,163.08,122.31,0.0,0.0,36.09,0.2,0.0,0.0,0.0,0.0,0.0,0.0,53.8,0.0,0,0,0,0,0,8.0,0.0,29650.73,0.0,29650.73,0.0,-2.05
2026-06-05T02:07:54.758+00:00,259753,34904cc0-20b0-44ef-a748-ca0f5d0a3cdb,,10,FAULT,0x0100,PI_LOST,0,1,1,0,1,0,0.0,0.464,0.0,1.367,0.0,164.04,123.03,0.0,0.0,35.11,0.2,0.0,0.0,0.0,0.0,0.0,0.0,54.4,0.0,0,0,0,0,0,8.0,0.0,29664.88,0.0,29664.88,0.0,-8.52
2026-06-05T02:07:54.873+00:00,259870,34904cc0-20b0-44ef-a748-ca0f5d0a3cdb,,10,FAULT,0x0100,PI_LOST,0,1,1,0,1,0,0.0,0.415,0.0,1.355,0.0,162.6,121.95,0.0,0.0,36.33,-0.28,0.0,0.0,0.0,0.0,0.0,0.0,54.4,0.0,0,0,0,0,0,8.0,0.0,29679.15,0.0,29679.15,0.0,10.43
2026-06-05T02:07:54.991+00:00,259987,34904cc0-20b0-44ef-a748-ca0f5d0a3cdb,,10,FAULT,0x0100,PI_LOST,0,1,1,0,1,0,0.0,0.0,0.0,1.363,0.0,163.56,122.67,0.0,0.0,35.6,-0.52,0.0,0.0,0.0,0.0,0.0,0.0,54.4,0.0,0,0,0,0,0,8.0,0.0,29693.5,0.0,29693.5,0.0,-6.24
2026-06-05T02:07:55.121+00:00,260103,34904cc0-20b0-44ef-a748-ca0f5d0a3cdb,,10,FAULT,0x0100,PI_LOST,0,1,1,0,1,0,0.0,0.61,0.0,1.367,0.0,164.04,123.03,0.0,0.0,37.07,0.0,0.0,0.0,0.0,0.0,0.0,0.0,54.5,0.0,0,0,0,0,0,8.0,0.0,29707.77,0.0,29707.77,0.0,12.67
2026-06-05T02:07:55.293+00:00,260219,34904cc0-20b0-44ef-a748-ca0f5d0a3cdb,,10,FAULT,0x0100,PI_LOST,0,1,1,0,1,0,0.0,0.562,0.0,1.374,0.0,164.88,123.66,0.0,0.0,35.6,0.2,0.0,0.0,0.0,0.0,0.0,0.0,54.2,0.0,0,0,0,0,0,8.0,0.0,29722.12,0.0,29722.12,0.0,-12.67
2026-06-05T02:07:55.340+00:00,260336,34904cc0-20b0-44ef-a748-ca0f5d0a3cdb,,10,FAULT,0x0100,PI_LOST,0,1,1,0,1,0,0.0,0.464,0.0,1.365,0.0,163.8,122.85,0.0,0.0,36.33,0.0,0.0,0.0,0.0,0.0,0.0,0.0,54.4,0.0,0,0,0,0,0,8.0,0.0,29736.49,0.0,29736.49,0.0,6.24
2026-06-05T02:07:55.458+00:00,260452,34904cc0-20b0-44ef-a748-ca0f5d0a3cdb,,10,FAULT,0x0100,PI_LOST,0,1,1,0,1,0,0.0,0.317,0.0,1.367,0.0,164.04,123.03,0.0,0.0,36.09,-0.15,0.0,0.0,0.0,0.0,0.0,0.0,54.0,0.0,0,0,0,0,0,8.0,0.0,29750.76,0.0,29750.76,0.0,-2.07
2026-06-05T02:07:55.573+00:00,260569,34904cc0-20b0-44ef-a748-ca0f5d0a3cdb,,10,FAULT,0x0100,PI_LOST,0,1,1,0,1,0,0.0,0.219,0.0,1.357,0.0,162.84,122.13,0.0,0.0,35.36,-0.52,0.0,0.0,0.0,0.0,0.0,0.0,54.3,0.0,0,0,0,0,0,8.0,0.0,29765.05,0.0,29765.05,0.0,-6.24
2026-06-05T02:07:55.691+00:00,260685,34904cc0-20b0-44ef-a748-ca0f5d0a3cdb,,10,FAULT,0x0100,PI_LOST,0,1,1,0,1,0,0.0,0.122,0.0,1.356,0.0,162.72,122.04,0.0,0.0,35.6,-0.4,0.0,0.0,0.0,0.0,0.0,0.0,54.3,0.0,0,0,0,0,0,8.0,0.0,29779.21,0.0,29779.21,0.0,2.07
2026-06-05T02:07:55.848+00:00,260801,34904cc0-20b0-44ef-a748-ca0f5d0a3cdb,,10,FAULT,0x0100,PI_LOST,0,1,1,0,1,0,0.0,0.757,0.0,1.37,0.0,164.4,123.3,0.0,0.0,36.09,0.0,0.0,0.0,0.0,0.0,0.0,0.0,54.1,0.0,0,0,0,0,0,8.0,0.0,29793.51,0.0,29793.51,0.0,4.22
2026-06-05T02:07:55.938+00:00,260918,34904cc0-20b0-44ef-a748-ca0f5d0a3cdb,,10,FAULT,0x0100,PI_LOST,0,1,1,0,1,0,0.0,0.708,0.0,1.38,0.0,165.6,124.2,0.0,0.0,36.09,0.32,0.0,0.0,0.0,0.0,0.0,0.0,53.9,0.0,0,0,0,0,0,8.0,0.0,29808.04,0.0,29808.04,0.0,0.0
2026-06-05T02:07:56.040+00:00,261035,34904cc0-20b0-44ef-a748-ca0f5d0a3cdb,,10,FAULT,0x0100,PI_LOST,0,1,1,0,1,0,0.0,0.024,0.0,1.378,0.0,165.36,124.02,0.0,0.0,35.6,-0.4,0.0,0.0,0.0,0.0,0.0,0.0,54.0,0.0,0,0,0,0,0,8.0,0.0,29822.55,0.0,29822.55,0.0,-4.19
2026-06-05T02:07:56.158+00:00,261150,34904cc0-20b0-44ef-a748-ca0f5d0a3cdb,,10,FAULT,0x0100,PI_LOST,0,1,1,0,1,0,0.0,0.0,0.0,1.365,0.0,163.8,122.85,0.0,0.0,34.62,-0.4,0.0,0.0,0.0,0.0,0.0,0.0,53.9,0.0,0,0,0,0,0,8.0,0.0,29836.68,0.0,29836.68,0.0,-8.52
2026-06-05T02:07:56.273+00:00,261267,34904cc0-20b0-44ef-a748-ca0f5d0a3cdb,,10,FAULT,0x0100,PI_LOST,0,1,1,0,1,0,0.0,0.171,0.0,1.366,0.0,163.92,122.94,0.0,0.0,35.36,-0.15,0.0,0.0,0.0,0.0,0.0,0.0,54.1,0.0,0,0,0,0,0,8.0,0.0,29851.06,0.0,29851.06,0.0,6.32
2026-06-05T02:07:56.391+00:00,261384,34904cc0-20b0-44ef-a748-ca0f5d0a3cdb,,10,FAULT,0x0100,PI_LOST,0,1,1,0,1,0,0.0,0.0,0.0,1.372,0.0,164.64,123.48,0.0,0.0,35.36,-0.64,0.0,0.0,0.0,0.0,0.0,0.0,54.0,0.0,0,0,0,0,0,8.0,0.0,29865.51,0.0,29865.51,0.0,0.0
2026-06-05T02:07:56.561+00:00,261500,34904cc0-20b0-44ef-a748-ca0f5d0a3cdb,,10,FAULT,0x0100,PI_LOST,0,1,1,0,1,0,0.0,0.0,0.0,1.369,0.0,164.28,123.21,0.0,0.0,34.62,-0.52,0.0,0.0,0.0,0.0,0.0,0.0,53.8,0.0,0,0,0,0,0,8.0,0.0,29879.8,0.0,29879.8,0.0,-6.38
2026-06-05T02:07:56.654+00:00,261616,34904cc0-20b0-44ef-a748-ca0f5d0a3cdb,,10,FAULT,0x0100,PI_LOST,0,1,1,0,1,0,0.0,0.806,0.0,1.372,0.0,164.64,123.48,0.0,0.0,37.56,0.0,0.0,0.0,0.0,0.0,0.0,0.0,54.0,0.0,0,0,0,0,0,8.0,0.0,29894.13,0.0,29894.13,0.0,25.34
2026-06-05T02:07:56.744+00:00,261733,34904cc0-20b0-44ef-a748-ca0f5d0a3cdb,,10,FAULT,0x0100,PI_LOST,0,1,1,0,1,0,0.0,0.513,0.0,1.375,0.0,165.0,123.75,0.0,0.0,36.09,0.0,0.0,0.0,0.0,0.0,0.0,0.0,53.8,0.0,0,0,0,0,0,8.0,0.0,29908.61,0.0,29908.61,0.0,-12.56
2026-06-05T02:07:56.858+00:00,261850,34904cc0-20b0-44ef-a748-ca0f5d0a3cdb,,10,FAULT,0x0100,PI_LOST,0,1,1,0,1,0,0.0,0.464,0.0,1.373,0.0,164.76,123.57,0.0,0.0,36.58,0.2,0.0,0.0,0.0,0.0,0.0,0.0,53.6,0.0,0,0,0,0,0,8.0,0.0,29923.06,0.0,29923.06,0.0,4.19
2026-06-05T02:07:56.974+00:00,261965,34904cc0-20b0-44ef-a748-ca0f5d0a3cdb,,10,FAULT,0x0100,PI_LOST,0,1,1,0,1,0,0.0,0.0,0.0,1.364,0.0,163.68,122.76,0.0,0.0,35.6,-0.52,0.0,0.0,0.0,0.0,0.0,0.0,53.7,0.0,0,0,0,0,0,8.0,0.0,29937.18,0.0,29937.18,0.0,-8.52
2026-06-05T02:07:57.092+00:00,262082,34904cc0-20b0-44ef-a748-ca0f5d0a3cdb,,10,FAULT,0x0100,PI_LOST,0,1,1,0,1,0,0.0,0.366,0.0,1.372,0.0,164.64,123.48,0.0,0.0,35.11,-0.28,0.0,0.0,0.0,0.0,0.0,0.0,53.6,0.0,0,0,0,0,0,8.0,0.0,29951.63,0.0,29951.63,0.0,-4.19
2026-06-05T02:07:57.278+00:00,262199,34904cc0-20b0-44ef-a748-ca0f5d0a3cdb,,10,FAULT,0x0100,PI_LOST,0,1,1,0,1,0,0.0,0.122,0.0,1.378,0.0,165.36,124.02,0.0,0.0,35.36,-0.28,0.0,0.0,0.0,0.0,0.0,0.0,53.6,0.0,0,0,0,0,0,8.0,0.0,29966.14,0.0,29966.14,0.0,2.14
2026-06-05T02:07:57.377+00:00,262315,34904cc0-20b0-44ef-a748-ca0f5d0a3cdb,,10,FAULT,0x0100,PI_LOST,0,1,1,0,1,0,0.0,0.366,0.0,1.376,0.0,165.12,123.84,0.0,0.0,34.87,-0.28,0.0,0.0,0.0,0.0,0.0,0.0,53.9,0.0,0,0,0,0,0,8.0,0.0,29980.5,0.0,29980.5,0.0,-4.22
2026-06-05T02:07:57.470+00:00,262431,34904cc0-20b0-44ef-a748-ca0f5d0a3cdb,,10,FAULT,0x0100,PI_LOST,0,1,1,0,1,0,0.0,0.073,0.0,1.359,0.0,163.08,122.31,0.0,0.0,35.11,-0.52,0.0,0.0,0.0,0.0,0.0,0.0,53.9,0.0,0,0,0,0,0,8.0,0.0,29994.69,0.0,29994.69,0.0,2.07
2026-06-05T02:07:57.556+00:00,262548,34904cc0-20b0-44ef-a748-ca0f5d0a3cdb,,10,FAULT,0x0100,PI_LOST,0,1,1,0,1,0,0.0,0.0,0.0,1.35,0.0,162.0,121.5,0.0,0.0,35.36,-0.64,0.0,0.0,0.0,0.0,0.0,0.0,54.4,0.0,0,0,0,0,0,8.0,0.0,30008.91,0.0,30008.91,0.0,2.14
2026-06-05T02:07:57.674+00:00,262664,34904cc0-20b0-44ef-a748-ca0f5d0a3cdb,,10,FAULT,0x0100,PI_LOST,0,1,1,0,1,0,0.0,0.366,0.0,1.355,0.0,162.6,121.95,0.0,0.0,36.58,-0.15,0.0,0.0,0.0,0.0,0.0,0.0,56.2,0.0,0,0,0,0,0,8.0,0.0,30023.05,0.0,30023.05,0.0,10.52
2026-06-05T02:07:57.791+00:00,262780,34904cc0-20b0-44ef-a748-ca0f5d0a3cdb,,10,FAULT,0x0100,PI_LOST,0,1,1,0,1,0,0.0,0.708,0.0,1.347,0.0,161.64,121.23,0.0,0.0,34.38,-0.52,0.0,0.0,0.0,0.0,0.0,0.0,53.5,0.0,0,0,0,0,0,8.0,0.0,30037.12,0.0,30037.12,0.0,-18.97
2026-06-05T02:07:57.935+00:00,262897,34904cc0-20b0-44ef-a748-ca0f5d0a3cdb,,10,FAULT,0x0100,PI_LOST,0,1,1,0,1,0,0.0,0.464,0.0,1.347,0.0,161.64,121.23,0.0,0.0,35.36,0.2,0.0,0.0,0.0,0.0,0.0,0.0,53.4,0.0,0,0,0,0,0,8.0,0.0,30051.3,0.0,30051.3,0.0,8.38
2026-06-05T02:07:58.094+00:00,263013,34904cc0-20b0-44ef-a748-ca0f5d0a3cdb,,10,FAULT,0x0100,PI_LOST,0,1,1,0,1,0,0.0,0.268,0.0,1.335,0.0,160.2,120.15,0.0,0.0,35.85,-0.4,0.0,0.0,0.0,0.0,0.0,0.0,53.9,0.0,0,0,0,0,0,8.0,0.0,30065.24,0.0,30065.24,0.0,4.22
2026-06-05T02:07:58.189+00:00,263130,34904cc0-20b0-44ef-a748-ca0f5d0a3cdb,,10,FAULT,0x0100,PI_LOST,0,1,1,0,1,0,0.0,0.317,0.0,1.339,0.0,160.68,120.51,0.0,0.0,35.11,-0.15,0.0,0.0,0.0,0.0,0.0,0.0,54.3,0.0,0,0,0,0,0,8.0,0.0,30079.34,0.0,30079.34,0.0,-6.32
2026-06-05T02:07:58.256+00:00,263246,34904cc0-20b0-44ef-a748-ca0f5d0a3cdb,,10,FAULT,0x0100,PI_LOST,0,1,1,0,1,0,0.0,0.366,0.0,1.353,0.0,162.36,121.77,0.0,0.0,35.85,-0.4,0.0,0.0,0.0,0.0,0.0,0.0,53.8,0.0,0,0,0,0,0,8.0,0.0,30093.46,0.0,30093.46,0.0,6.38
2026-06-05T02:07:58.374+00:00,263362,34904cc0-20b0-44ef-a748-ca0f5d0a3cdb,,10,FAULT,0x0100,PI_LOST,0,1,1,0,1,0,0.0,0.562,0.0,1.331,0.0,159.72,119.79,0.0,0.0,35.85,-0.28,0.0,0.0,0.0,0.0,0.0,0.0,53.9,0.0,0,0,0,0,0,8.0,0.0,30107.36,0.0,30107.36,0.0,0.0
2026-06-05T02:07:58.489+00:00,263479,34904cc0-20b0-44ef-a748-ca0f5d0a3cdb,,10,FAULT,0x0100,PI_LOST,0,1,1,0,1,0,0.0,0.464,0.0,1.339,0.0,160.68,120.51,0.0,0.0,35.6,-0.28,0.0,0.0,0.0,0.0,0.0,0.0,53.7,0.0,0,0,0,0,0,8.0,0.0,30121.46,0.0,30121.46,0.0,-2.14
2026-06-05T02:07:58.613+00:00,263596,34904cc0-20b0-44ef-a748-ca0f5d0a3cdb,,10,FAULT,0x0100,PI_LOST,0,1,1,0,1,0,0.0,0.317,0.0,1.338,0.0,160.56,120.42,0.0,0.0,35.6,-0.28,0.0,0.0,0.0,0.0,0.0,0.0,53.4,0.0,0,0,0,0,0,8.0,0.0,30135.55,0.0,30135.55,0.0,0.0
2026-06-05T02:07:58.723+00:00,263712,34904cc0-20b0-44ef-a748-ca0f5d0a3cdb,,10,FAULT,0x0100,PI_LOST,0,1,1,0,1,0,0.0,0.855,0.0,1.308,0.0,156.96,117.72,0.0,0.0,36.09,-0.52,0.0,0.0,0.0,0.0,0.0,0.0,53.3,0.0,0,0,0,0,0,8.0,0.0,30149.2,0.0,30149.2,0.0,4.22
2026-06-05T02:07:58.937+00:00,263828,34904cc0-20b0-44ef-a748-ca0f5d0a3cdb,,10,FAULT,0x0100,PI_LOST,0,1,1,0,1,0,0.0,0.073,0.0,1.288,0.0,154.56,115.92,0.0,0.0,35.85,-0.28,0.0,0.0,0.0,0.0,0.0,0.0,53.1,0.0,0,0,0,0,0,8.0,0.0,30162.65,0.0,30162.65,0.0,-2.07
2026-06-05T02:07:58.956+00:00,263945,34904cc0-20b0-44ef-a748-ca0f5d0a3cdb,,10,FAULT,0x0100,PI_LOST,0,1,1,0,1,0,0.0,0.464,0.0,1.28,0.0,153.6,115.2,0.0,0.0,36.33,-0.15,0.0,0.0,0.0,0.0,0.0,0.0,53.7,0.0,0,0,0,0,0,8.0,0.0,30176.13,0.0,30176.13,0.0,4.1
2026-06-05T02:07:59.074+00:00,264061,34904cc0-20b0-44ef-a748-ca0f5d0a3cdb,,10,FAULT,0x0100,PI_LOST,0,1,1,0,1,0,0.0,0.757,0.0,1.285,0.0,154.2,115.65,0.0,0.0,34.38,-0.4,0.0,0.0,0.0,0.0,0.0,0.0,53.7,0.0,0,0,0,0,0,8.0,0.0,30189.54,0.0,30189.54,0.0,-16.81
2026-06-05T02:07:59.189+00:00,264177,34904cc0-20b0-44ef-a748-ca0f5d0a3cdb,,10,FAULT,0x0100,PI_LOST,0,1,1,0,1,0,0.0,0.61,0.0,1.297,0.0,155.64,116.73,0.0,0.0,35.85,0.32,0.0,0.0,0.0,0.0,0.0,0.0,53.9,0.0,0,0,0,0,0,8.0,0.0,30203.08,0.0,30203.08,0.0,12.67
2026-06-05T02:07:59.308+00:00,264294,34904cc0-20b0-44ef-a748-ca0f5d0a3cdb,,10,FAULT,0x0100,PI_LOST,0,1,1,0,1,0,0.0,0.415,0.0,1.288,0.0,154.56,115.92,0.0,0.0,36.09,-0.15,0.0,0.0,0.0,0.0,0.0,0.0,54.6,0.0,0,0,0,0,0,8.0,0.0,30216.65,0.0,30216.65,0.0,2.05
2026-06-05T02:07:59.475+00:00,264410,34904cc0-20b0-44ef-a748-ca0f5d0a3cdb,,10,FAULT,0x0100,PI_LOST,0,1,1,0,1,0,0.0,0.0,0.0,1.29,0.0,154.8,116.1,0.0,0.0,35.11,-0.52,0.0,0.0,0.0,0.0,0.0,0.0,55.0,0.0,0,0,0,0,0,8.0,0.0,30230.11,0.0,30230.11,0.0,-8.45
2026-06-05T02:07:59.573+00:00,264526,34904cc0-20b0-44ef-a748-ca0f5d0a3cdb,,10,FAULT,0x0100,PI_LOST,0,1,1,0,1,0,0.0,0.366,0.0,1.295,0.0,155.4,116.55,0.0,0.0,36.58,0.0,0.0,0.0,0.0,0.0,0.0,0.0,53.2,0.0,0,0,0,0,0,8.0,0.0,30243.63,0.0,30243.63,0.0,12.67
2026-06-05T02:07:59.663+00:00,264643,34904cc0-20b0-44ef-a748-ca0f5d0a3cdb,,10,FAULT,0x0100,PI_LOST,0,1,1,0,1,0,0.0,0.61,0.0,1.309,0.0,157.08,117.81,0.0,0.0,35.85,0.0,0.0,0.0,0.0,0.0,0.0,0.0,53.1,0.0,0,0,0,0,0,8.0,0.0,30257.42,0.0,30257.42,0.0,-6.24
2026-06-05T02:07:59.773+00:00,264760,34904cc0-20b0-44ef-a748-ca0f5d0a3cdb,,10,FAULT,0x0100,PI_LOST,0,1,1,0,1,0,0.0,0.464,0.0,1.304,0.0,156.48,117.36,0.0,0.0,34.38,-0.4,0.0,0.0,0.0,0.0,0.0,0.0,52.5,0.0,0,0,0,0,0,8.0,0.0,30271.15,0.0,30271.15,0.0,-12.56
2026-06-05T02:07:59.891+00:00,264876,34904cc0-20b0-44ef-a748-ca0f5d0a3cdb,,10,FAULT,0x0100,PI_LOST,0,1,1,0,1,0,0.0,0.708,0.0,1.313,0.0,157.56,118.17,0.0,0.0,37.31,-0.15,0.0,0.0,0.0,0.0,0.0,0.0,52.7,0.0,0,0,0,0,0,8.0,0.0,30284.86,0.0,30284.86,0.0,25.26
2026-06-05T02:08:00.005+00:00,264992,34904cc0-20b0-44ef-a748-ca0f5d0a3cdb,,10,FAULT,0x0100,PI_LOST,0,1,1,0,1,0,0.0,0.415,0.0,1.323,0.0,158.76,119.07,0.0,0.0,35.11,-0.28,0.0,0.0,0.0,0.0,0.0,0.0,52.9,0.0,0,0,0,0,0,8.0,0.0,30298.67,0.0,30298.67,0.0,-18.97
2026-06-05T02:08:00.199+00:00,265109,34904cc0-20b0-44ef-a748-ca0f5d0a3cdb,,10,FAULT,0x0100,PI_LOST,0,1,1,0,1,0,0.0,0.659,0.0,1.325,0.0,159.0,119.25,0.0,0.0,36.09,0.0,0.0,0.0,0.0,0.0,0.0,0.0,53.1,0.0,0,0,0,0,0,8.0,0.0,30312.62,0.0,30312.62,0.0,8.38
2026-06-05T02:08:00.297+00:00,265225,34904cc0-20b0-44ef-a748-ca0f5d0a3cdb,,10,FAULT,0x0100,PI_LOST,0,1,1,0,1,0,0.0,0.855,0.0,1.337,0.0,160.44,120.33,0.0,0.0,36.33,0.2,0.0,0.0,0.0,0.0,0.0,0.0,53.0,0.0,0,0,0,0,0,8.0,0.0,30326.58,0.0,30326.58,0.0,2.07
2026-06-05T02:08:00.393+00:00,265341,34904cc0-20b0-44ef-a748-ca0f5d0a3cdb,,10,FAULT,0x0100,PI_LOST,0,1,1,0,1,0,0.0,0.855,0.0,1.338,0.0,160.56,120.42,0.0,0.0,37.56,0.2,0.0,0.0,0.0,0.0,0.0,0.0,53.1,0.0,0,0,0,0,0,8.0,0.0,30340.55,0.0,30340.55,0.0,10.6
2026-06-05T02:08:00.472+00:00,265458,34904cc0-20b0-44ef-a748-ca0f5d0a3cdb,,10,FAULT,0x0100,PI_LOST,0,1,1,0,1,0,0.0,0.171,0.0,1.344,0.0,161.28,120.96,0.0,0.0,35.36,-0.4,0.0,0.0,0.0,0.0,0.0,0.0,53.2,0.0,0,0,0,0,0,8.0,0.0,30354.7,0.0,30354.7,0.0,-18.8
2026-06-05T02:08:00.590+00:00,265574,34904cc0-20b0-44ef-a748-ca0f5d0a3cdb,,10,FAULT,0x0100,PI_LOST,0,1,1,0,1,0,0.0,0.073,0.0,1.326,0.0,159.12,119.34,0.0,0.0,35.85,-0.52,0.0,0.0,0.0,0.0,0.0,0.0,52.9,0.0,0,0,0,0,0,8.0,0.0,30368.54,0.0,30368.54,0.0,4.22
2026-06-05T02:08:00.706+00:00,265691,34904cc0-20b0-44ef-a748-ca0f5d0a3cdb,,10,FAULT,0x0100,PI_LOST,0,1,1,0,1,0,0.0,0.953,0.0,1.329,0.0,159.48,119.61,0.0,0.0,35.6,-0.52,0.0,0.0,0.0,0.0,0.0,0.0,53.1,0.0,0,0,0,0,0,8.0,0.0,30382.54,0.0,30382.54,0.0,-2.14
2026-06-05T02:08:00.823+00:00,265807,34904cc0-20b0-44ef-a748-ca0f5d0a3cdb,,10,FAULT,0x0100,PI_LOST,0,1,1,0,1,0,0.0,0.61,0.0,1.319,0.0,158.28,118.71,0.0,0.0,36.58,0.0,0.0,0.0,0.0,0.0,0.0,0.0,53.1,0.0,0,0,0,0,0,8.0,0.0,30396.31,0.0,30396.31,0.0,8.45
2026-06-05T02:08:01.006+00:00,265923,34904cc0-20b0-44ef-a748-ca0f5d0a3cdb,,10,FAULT,0x0100,PI_LOST,0,1,1,0,1,0,0.0,0.268,0.0,1.312,0.0,157.44,118.08,0.0,0.0,35.11,-0.52,0.0,0.0,0.0,0.0,0.0,0.0,53.3,0.0,0,0,0,0,0,8.0,0.0,30410.0,0.0,30410.0,0.0,-12.67
2026-06-05T02:08:01.112+00:00,266040,34904cc0-20b0-44ef-a748-ca0f5d0a3cdb,,10,FAULT,0x0100,PI_LOST,0,1,1,0,1,0,0.0,0.317,0.0,1.303,0.0,156.36,117.27,0.0,0.0,36.58,-0.15,0.0,0.0,0.0,0.0,0.0,0.0,53.1,0.0,0,0,0,0,0,8.0,0.0,30423.73,0.0,30423.73,0.0,12.56
2026-06-05T02:08:01.172+00:00,266157,34904cc0-20b0-44ef-a748-ca0f5d0a3cdb,,10,FAULT,0x0100,PI_LOST,0,1,1,0,1,0,0.0,0.171,0.0,1.314,0.0,157.68,118.26,0.0,0.0,35.6,-0.52,0.0,0.0,0.0,0.0,0.0,0.0,53.6,0.0,0,0,0,0,0,8.0,0.0,30437.56,0.0,30437.56,0.0,-8.38
2026-06-05T02:08:01.290+00:00,266273,34904cc0-20b0-44ef-a748-ca0f5d0a3cdb,,10,FAULT,0x0100,PI_LOST,0,1,1,0,1,0,0.0,0.562,0.0,1.305,0.0,156.6,117.45,0.0,0.0,35.85,0.0,0.0,0.0,0.0,0.0,0.0,0.0,53.5,0.0,0,0,0,0,0,8.0,0.0,30451.19,0.0,30451.19,0.0,2.16
2026-06-05T02:08:01.405+00:00,266389,34904cc0-20b0-44ef-a748-ca0f5d0a3cdb,,10,FAULT,0x0100,PI_LOST,0,1,1,0,1,0,0.0,0.0,0.0,1.304,0.0,156.48,117.36,0.0,0.0,35.11,-0.64,0.0,0.0,0.0,0.0,0.0,0.0,53.4,0.0,0,0,0,0,0,8.0,0.0,30464.8,0.0,30464.8,0.0,-6.38
2026-06-05T02:08:01.524+00:00,266506,34904cc0-20b0-44ef-a748-ca0f5d0a3cdb,,10,FAULT,0x0100,PI_LOST,0,1,1,0,1,0,0.0,1.001,0.0,1.318,0.0,158.16,118.62,0.0,0.0,37.07,-0.4,0.0,0.0,0.0,0.0,0.0,0.0,53.4,0.0,0,0,0,0,0,8.0,0.0,30478.68,0.0,30478.68,0.0,16.75
2026-06-05T02:08:01.640+00:00,266621,34904cc0-20b0-44ef-a748-ca0f5d0a3cdb,,10,FAULT,0x0100,PI_LOST,0,1,1,0,1,0,0.0,0.317,0.0,1.312,0.0,157.44,118.08,0.0,0.0,35.6,-0.28,0.0,0.0,0.0,0.0,0.0,0.0,53.6,0.0,0,0,0,0,0,8.0,0.0,30492.26,0.0,30492.26,0.0,-12.78
2026-06-05T02:08:01.828+00:00,266738,34904cc0-20b0-44ef-a748-ca0f5d0a3cdb,,10,FAULT,0x0100,PI_LOST,0,1,1,0,1,0,0.0,0.464,0.0,1.301,0.0,156.12,117.09,0.0,0.0,35.85,0.0,0.0,0.0,0.0,0.0,0.0,0.0,53.9,0.0,0,0,0,0,0,8.0,0.0,30505.96,0.0,30505.96,0.0,2.14
2026-06-05T02:08:01.872+00:00,266855,34904cc0-20b0-44ef-a748-ca0f5d0a3cdb,,10,FAULT,0x0100,PI_LOST,0,1,1,0,1,0,0.0,0.219,0.0,1.295,0.0,155.4,116.55,0.0,0.0,35.6,-0.52,0.0,0.0,0.0,0.0,0.0,0.0,53.6,0.0,0,0,0,0,0,8.0,0.0,30519.59,0.0,30519.59,0.0,-2.14
2026-06-05T02:08:01.990+00:00,266972,34904cc0-20b0-44ef-a748-ca0f5d0a3cdb,,10,FAULT,0x0100,PI_LOST,0,1,1,0,1,0,0.0,0.708,0.0,1.312,0.0,157.44,118.08,0.0,0.0,35.85,-0.4,0.0,0.0,0.0,0.0,0.0,0.0,54.0,0.0,0,0,0,0,0,8.0,0.0,30533.41,0.0,30533.41,0.0,2.14
2026-06-05T02:08:02.106+00:00,267087,34904cc0-20b0-44ef-a748-ca0f5d0a3cdb,,10,FAULT,0x0100,PI_LOST,0,1,1,0,1,0,0.0,0.659,0.0,1.326,0.0,159.12,119.34,0.0,0.0,36.82,-0.52,0.0,0.0,0.0,0.0,0.0,0.0,53.8,0.0,0,0,0,0,0,8.0,0.0,30547.13,0.0,30547.13,0.0,8.43
2026-06-05T02:08:02.221+00:00,267204,34904cc0-20b0-44ef-a748-ca0f5d0a3cdb,,10,FAULT,0x0100,PI_LOST,0,1,1,0,1,0,0.0,0.806,0.0,1.335,0.0,160.2,120.15,0.0,0.0,36.09,0.2,0.0,0.0,0.0,0.0,0.0,0.0,53.7,0.0,0,0,0,0,0,8.0,0.0,30561.19,0.0,30561.19,0.0,-6.24
2026-06-05T02:08:02.373+00:00,267320,34904cc0-20b0-44ef-a748-ca0f5d0a3cdb,,10,FAULT,0x0100,PI_LOST,0,1,1,0,1,0,0.0,1.246,0.0,1.328,0.0,159.36,119.52,0.0,0.0,36.09,-0.4,0.0,0.0,0.0,0.0,0.0,0.0,55.1,0.0,0,0,0,0,0,8.0,0.0,30575.05,0.0,30575.05,0.0,0.0
2026-06-05T02:08:02.467+00:00,267437,34904cc0-20b0-44ef-a748-ca0f5d0a3cdb,,10,FAULT,0x0100,PI_LOST,0,1,1,0,1,0,0.0,1.246,0.0,1.311,0.0,157.32,117.99,0.0,0.0,37.07,-0.52,0.0,0.0,0.0,0.0,0.0,0.0,54.3,0.0,0,0,0,0,0,8.0,0.0,30588.86,0.0,30588.86,0.0,8.38
2026-06-05T02:08:02.572+00:00,267553,34904cc0-20b0-44ef-a748-ca0f5d0a3cdb,,10,FAULT,0x0100,PI_LOST,0,1,1,0,1,0,0.0,0.0,0.0,1.303,0.0,156.36,117.27,0.0,0.0,35.6,-0.52,0.0,0.0,0.0,0.0,0.0,0.0,53.4,0.0,0,0,0,0,0,8.0,0.0,30602.46,0.0,30602.46,0.0,-12.67
2026-06-05T02:08:02.688+00:00,267670,34904cc0-20b0-44ef-a748-ca0f5d0a3cdb,,10,FAULT,0x0100,PI_LOST,0,1,1,0,1,0,0.0,0.0,0.0,1.292,0.0,155.04,116.28,0.0,0.0,35.11,-0.64,0.0,0.0,0.0,0.0,0.0,0.0,53.0,0.0,0,0,0,0,0,8.0,0.0,30616.07,0.0,30616.07,0.0,-4.19
2026-06-05T02:08:02.806+00:00,267786,34904cc0-20b0-44ef-a748-ca0f5d0a3cdb,,10,FAULT,0x0100,PI_LOST,0,1,1,0,1,0,0.0,0.122,0.0,1.304,0.0,156.48,117.36,0.0,0.0,35.11,-0.52,0.0,0.0,0.0,0.0,0.0,0.0,52.6,0.0,0,0,0,0,0,8.0,0.0,30629.68,0.0,30629.68,0.0,0.0
2026-06-05T02:08:02.921+00:00,267902,34904cc0-20b0-44ef-a748-ca0f5d0a3cdb,,10,FAULT,0x0100,PI_LOST,0,1,1,0,1,0,0.0,0.513,0.0,1.295,0.0,155.4,116.55,0.0,0.0,35.85,-0.15,0.0,0.0,0.0,0.0,0.0,0.0,51.9,0.0,0,0,0,0,0,8.0,0.0,30643.2,0.0,30643.2,0.0,6.38
2026-06-05T02:08:03.086+00:00,268019,34904cc0-20b0-44ef-a748-ca0f5d0a3cdb,,10,FAULT,0x0100,PI_LOST,0,1,1,0,1,0,0.0,0.464,0.0,1.292,0.0,155.04,116.28,0.0,0.0,35.6,-0.4,0.0,0.0,0.0,0.0,0.0,0.0,52.4,0.0,0,0,0,0,0,8.0,0.0,30656.81,0.0,30656.81,0.0,-2.14
2026-06-05T02:08:03.180+00:00,268135,34904cc0-20b0-44ef-a748-ca0f5d0a3cdb,,10,FAULT,0x0100,PI_LOST,0,1,1,0,1,0,0.0,0.855,0.0,1.31,0.0,157.2,117.9,0.0,0.0,36.82,0.0,0.0,0.0,0.0,0.0,0.0,0.0,52.3,0.0,0,0,0,0,0,8.0,0.0,30670.48,0.0,30670.48,0.0,10.52
2026-06-05T02:08:03.273+00:00,268252,34904cc0-20b0-44ef-a748-ca0f5d0a3cdb,,10,FAULT,0x0100,PI_LOST,0,1,1,0,1,0,0.0,0.562,0.0,1.322,0.0,158.64,118.98,0.0,0.0,36.33,0.2,0.0,0.0,0.0,0.0,0.0,0.0,52.5,0.0,0,0,0,0,0,8.0,0.0,30684.4,0.0,30684.4,0.0,-4.19
2026-06-05T02:08:03.388+00:00,268368,34904cc0-20b0-44ef-a748-ca0f5d0a3cdb,,10,FAULT,0x0100,PI_LOST,0,1,1,0,1,0,0.0,0.855,0.0,1.331,0.0,159.72,119.79,0.0,0.0,35.85,-0.28,0.0,0.0,0.0,0.0,0.0,0.0,52.4,0.0,0,0,0,0,0,8.0,0.0,30698.3,0.0,30698.3,0.0,-4.14
2026-06-05T02:08:03.506+00:00,268484,34904cc0-20b0-44ef-a748-ca0f5d0a3cdb,,10,FAULT,0x0100,PI_LOST,0,1,1,0,1,0,0.0,0.0,0.0,1.322,0.0,158.64,118.98,0.0,0.0,34.87,-0.4,0.0,0.0,0.0,0.0,0.0,0.0,52.5,0.0,0,0,0,0,0,8.0,0.0,30712.1,0.0,30712.1,0.0,-8.45
2026-06-05T02:08:03.621+00:00,268601,34904cc0-20b0-44ef-a748-ca0f5d0a3cdb,,10,FAULT,0x0100,PI_LOST,0,1,1,0,1,0,0.0,0.0,0.0,1.322,0.0,158.64,118.98,0.0,0.0,34.87,-0.4,0.0,0.0,0.0,0.0,0.0,0.0,52.7,0.0,0,0,0,0,0,8.0,0.0,30726.02,0.0,30726.02,0.0,0.0
2026-06-05T02:08:03.807+00:00,268718,34904cc0-20b0-44ef-a748-ca0f5d0a3cdb,,10,FAULT,0x0100,PI_LOST,0,1,1,0,1,0,0.0,0.073,0.0,1.309,0.0,157.08,117.81,0.0,0.0,35.85,-0.52,0.0,0.0,0.0,0.0,0.0,0.0,52.9,0.0,0,0,0,0,0,8.0,0.0,30739.8,0.0,30739.8,0.0,8.38
2026-06-05T02:08:03.905+00:00,268834,34904cc0-20b0-44ef-a748-ca0f5d0a3cdb,,10,FAULT,0x0100,PI_LOST,0,1,1,0,1,0,0.0,0.268,0.0,1.31,0.0,157.2,117.9,0.0,0.0,34.87,-0.52,0.0,0.0,0.0,0.0,0.0,0.0,52.7,0.0,0,0,0,0,0,8.0,0.0,30753.48,0.0,30753.48,0.0,-8.45
2026-06-05T02:08:04.032+00:00,268950,34904cc0-20b0-44ef-a748-ca0f5d0a3cdb,,10,FAULT,0x0100,PI_LOST,0,1,1,0,1,0,0.0,0.317,0.0,1.325,0.0,159.0,119.25,0.0,0.0,35.11,-0.15,0.0,0.0,0.0,0.0,0.0,0.0,52.8,0.0,0,0,0,0,0,8.0,0.0,30767.31,0.0,30767.31,0.0,2.07
2026-06-05T02:08:04.088+00:00,269067,34904cc0-20b0-44ef-a748-ca0f5d0a3cdb,,10,FAULT,0x0100,PI_LOST,0,1,1,0,1,0,0.0,0.0,0.0,1.315,0.0,157.8,118.35,0.0,0.0,35.11,-0.52,0.0,0.0,0.0,0.0,0.0,0.0,52.8,0.0,0,0,0,0,0,8.0,0.0,30781.16,0.0,30781.16,0.0,0.0
2026-06-05T02:08:04.206+00:00,269184,34904cc0-20b0-44ef-a748-ca0f5d0a3cdb,,10,FAULT,0x0100,PI_LOST,0,1,1,0,1,0,0.0,0.562,0.0,1.326,0.0,159.12,119.34,0.0,0.0,36.82,0.0,0.0,0.0,0.0,0.0,0.0,0.0,52.9,0.0,0,0,0,0,0,8.0,0.0,30795.12,0.0,30795.12,0.0,14.62
2026-06-05T02:08:04.322+00:00,269299,34904cc0-20b0-44ef-a748-ca0f5d0a3cdb,,10,FAULT,0x0100,PI_LOST,0,1,1,0,1,0,0.0,0.268,0.0,1.326,0.0,159.12,119.34,0.0,0.0,34.87,-0.52,0.0,0.0,0.0,0.0,0.0,0.0,52.8,0.0,0,0,0,0,0,8.0,0.0,30808.85,0.0,30808.85,0.0,-16.96
2026-06-05T02:08:04.440+00:00,269416,34904cc0-20b0-44ef-a748-ca0f5d0a3cdb,,10,FAULT,0x0100,PI_LOST,0,1,1,0,1,0,0.0,0.0,0.0,1.33,0.0,159.6,119.7,0.0,0.0,35.36,-0.28,0.0,0.0,0.0,0.0,0.0,0.0,52.6,0.0,0,0,0,0,0,8.0,0.0,30822.85,0.0,30822.85,0.0,4.19
2026-06-05T02:08:04.564+00:00,269533,34904cc0-20b0-44ef-a748-ca0f5d0a3cdb,,10,FAULT,0x0100,PI_LOST,0,1,1,0,1,0,0.0,0.219,0.0,1.339,0.0,160.68,120.51,0.0,0.0,35.6,-0.52,0.0,0.0,0.0,0.0,0.0,0.0,53.0,0.0,0,0,0,0,0,8.0,0.0,30836.95,0.0,30836.95,0.0,2.05
2026-06-05T02:08:04.746+00:00,269648,34904cc0-20b0-44ef-a748-ca0f5d0a3cdb,,10,FAULT,0x0100,PI_LOST,0,1,1,0,1,0,0.0,0.024,0.0,1.34,0.0,160.8,120.6,0.0,0.0,35.11,-0.4,0.0,0.0,0.0,0.0,0.0,0.0,53.1,0.0,0,0,0,0,0,8.0,0.0,30850.82,0.0,30850.82,0.0,-4.26
2026-06-05T02:08:04.789+00:00,269765,34904cc0-20b0-44ef-a748-ca0f5d0a3cdb,,10,FAULT,0x0100,PI_LOST,0,1,1,0,1,0,0.0,0.171,0.0,1.329,0.0,159.48,119.61,0.0,0.0,34.87,-0.52,0.0,0.0,0.0,0.0,0.0,0.0,52.9,0.0,0,0,0,0,0,8.0,0.0,30864.82,0.0,30864.82,0.0,-2.05
2026-06-05T02:08:04.904+00:00,269882,34904cc0-20b0-44ef-a748-ca0f5d0a3cdb,,10,FAULT,0x0100,PI_LOST,0,1,1,0,1,0,0.0,0.659,0.0,1.338,0.0,160.56,120.42,0.0,0.0,37.07,0.81,0.0,0.0,0.0,0.0,0.0,0.0,53.4,0.0,0,0,0,0,0,8.0,0.0,30878.91,0.0,30878.91,0.0,18.8
2026-06-05T02:08:05.022+00:00,269998,34904cc0-20b0-44ef-a748-ca0f5d0a3cdb,,10,FAULT,0x0100,PI_LOST,0,1,1,0,1,0,0.0,0.122,0.0,1.327,0.0,159.24,119.43,0.0,0.0,35.36,-0.4,0.0,0.0,0.0,0.0,0.0,0.0,53.4,0.0,0,0,0,0,0,8.0,0.0,30892.76,0.0,30892.76,0.0,-14.74
2026-06-05T02:08:05.137+00:00,270114,34904cc0-20b0-44ef-a748-ca0f5d0a3cdb,,10,FAULT,0x0100,PI_LOST,0,1,1,0,1,0,0.0,0.806,0.0,1.337,0.0,160.44,120.33,0.0,0.0,36.09,0.32,0.0,0.0,0.0,0.0,0.0,0.0,53.2,0.0,0,0,0,0,0,8.0,0.0,30906.72,0.0,30906.72,0.0,6.29
2026-06-05T02:08:05.284+00:00,270231,34904cc0-20b0-44ef-a748-ca0f5d0a3cdb,,10,FAULT,0x0100,PI_LOST,0,1,1,0,1,0,0.0,0.0,0.0,1.332,0.0,159.84,119.88,0.0,0.0,34.38,-0.4,0.0,0.0,0.0,0.0,0.0,0.0,53.2,0.0,0,0,0,0,0,8.0,0.0,30920.74,0.0,30920.74,0.0,-14.62
2026-06-05T02:08:05.381+00:00,270347,34904cc0-20b0-44ef-a748-ca0f5d0a3cdb,,10,FAULT,0x0100,PI_LOST,0,1,1,0,1,0,0.0,0.806,0.0,1.341,0.0,160.92,120.69,0.0,0.0,37.07,0.2,0.0,0.0,0.0,0.0,0.0,0.0,53.1,0.0,0,0,0,0,0,8.0,0.0,30934.74,0.0,30934.74,0.0,23.19
2026-06-05T02:08:05.489+00:00,270464,34904cc0-20b0-44ef-a748-ca0f5d0a3cdb,,10,FAULT,0x0100,PI_LOST,0,1,1,0,1,0,0.0,0.317,0.0,1.336,0.0,160.32,120.24,0.0,0.0,35.6,0.0,0.0,0.0,0.0,0.0,0.0,0.0,53.2,0.0,0,0,0,0,0,8.0,0.0,30948.81,0.0,30948.81,0.0,-12.56
2026-06-05T02:08:05.604+00:00,270580,34904cc0-20b0-44ef-a748-ca0f5d0a3cdb,,10,FAULT,0x0100,PI_LOST,0,1,1,0,1,0,0.0,0.024,0.0,1.33,0.0,159.6,119.7,0.0,0.0,34.62,-0.4,0.0,0.0,0.0,0.0,0.0,0.0,53.1,0.0,0,0,0,0,0,8.0,0.0,30962.7,0.0,30962.7,0.0,-8.45
2026-06-05T02:08:05.722+00:00,270696,34904cc0-20b0-44ef-a748-ca0f5d0a3cdb,,10,FAULT,0x0100,PI_LOST,0,1,1,0,1,0,0.0,0.953,0.0,1.327,0.0,159.24,119.43,0.0,0.0,36.58,-0.52,0.0,0.0,0.0,0.0,0.0,0.0,52.8,0.0,0,0,0,0,0,8.0,0.0,30976.55,0.0,30976.55,0.0,16.9
2026-06-05T02:08:05.837+00:00,270813,34904cc0-20b0-44ef-a748-ca0f5d0a3cdb,,10,FAULT,0x0100,PI_LOST,0,1,1,0,1,0,0.0,0.317,0.0,1.331,0.0,159.72,119.79,0.0,0.0,36.33,-0.15,0.0,0.0,0.0,0.0,0.0,0.0,53.1,0.0,0,0,0,0,0,8.0,0.0,30990.57,0.0,30990.57,0.0,-2.14
2026-06-05T02:08:06.002+00:00,270929,34904cc0-20b0-44ef-a748-ca0f5d0a3cdb,,10,FAULT,0x0100,PI_LOST,0,1,1,0,1,0,0.0,0.659,0.0,1.325,0.0,159.0,119.25,0.0,0.0,36.33,-0.15,0.0,0.0,0.0,0.0,0.0,0.0,52.9,0.0,0,0,0,0,0,8.0,0.0,31004.4,0.0,31004.4,0.0,0.0
2026-06-05T02:08:06.097+00:00,271045,34904cc0-20b0-44ef-a748-ca0f5d0a3cdb,,10,FAULT,0x0100,PI_LOST,0,1,1,0,1,0,0.0,1.197,0.0,1.302,0.0,156.24,117.18,0.0,0.0,35.85,-0.52,0.0,0.0,0.0,0.0,0.0,0.0,52.9,0.0,0,0,0,0,0,8.0,0.0,31017.99,0.0,31017.99,0.0,-4.14
2026-06-05T02:08:06.189+00:00,271162,34904cc0-20b0-44ef-a748-ca0f5d0a3cdb,,10,FAULT,0x0100,PI_LOST,0,1,1,0,1,0,0.0,0.61,0.0,1.296,0.0,155.52,116.64,0.0,0.0,36.33,0.0,0.0,0.0,0.0,0.0,0.0,0.0,52.9,0.0,0,0,0,0,0,8.0,0.0,31031.64,0.0,31031.64,0.0,4.1
2026-06-05T02:08:06.304+00:00,271279,34904cc0-20b0-44ef-a748-ca0f5d0a3cdb,,10,FAULT,0x0100,PI_LOST,0,1,1,0,1,0,0.0,0.219,0.0,1.298,0.0,155.76,116.82,0.0,0.0,35.11,-0.52,0.0,0.0,0.0,0.0,0.0,0.0,52.2,0.0,0,0,0,0,0,8.0,0.0,31045.31,0.0,31045.31,0.0,-10.43
2026-06-05T02:08:06.422+00:00,271395,34904cc0-20b0-44ef-a748-ca0f5d0a3cdb,,10,FAULT,0x0100,PI_LOST,0,1,1,0,1,0,0.0,0.806,0.0,1.297,0.0,155.64,116.73,0.0,0.0,36.58,-0.52,0.0,0.0,0.0,0.0,0.0,0.0,52.7,0.0,0,0,0,0,0,8.0,0.0,31058.85,0.0,31058.85,0.0,12.67
2026-06-05T02:08:06.538+00:00,271511,34904cc0-20b0-44ef-a748-ca0f5d0a3cdb,,10,FAULT,0x0100,PI_LOST,0,1,1,0,1,0,0.0,0.024,0.0,1.292,0.0,155.04,116.28,0.0,0.0,34.87,-0.4,0.0,0.0,0.0,0.0,0.0,0.0,52.8,0.0,0,0,0,0,0,8.0,0.0,31072.34,0.0,31072.34,0.0,-14.74
2026-06-05T02:08:06.720+00:00,271628,34904cc0-20b0-44ef-a748-ca0f5d0a3cdb,,10,FAULT,0x0100,PI_LOST,0,1,1,0,1,0,0.0,0.122,0.0,1.294,0.0,155.28,116.46,0.0,0.0,35.6,-0.52,0.0,0.0,0.0,0.0,0.0,0.0,52.9,0.0,0,0,0,0,0,8.0,0.0,31085.96,0.0,31085.96,0.0,6.24
2026-06-05T02:08:06.819+00:00,271745,34904cc0-20b0-44ef-a748-ca0f5d0a3cdb,,10,FAULT,0x0100,PI_LOST,0,1,1,0,1,0,0.0,0.562,0.0,1.295,0.0,155.4,116.55,0.0,0.0,36.58,0.2,0.0,0.0,0.0,0.0,0.0,0.0,53.0,0.0,0,0,0,0,0,8.0,0.0,31099.6,0.0,31099.6,0.0,8.38
2026-06-05T02:08:06.912+00:00,271860,34904cc0-20b0-44ef-a748-ca0f5d0a3cdb,,10,FAULT,0x0100,PI_LOST,0,1,1,0,1,0,0.0,0.513,0.0,1.299,0.0,155.88,116.91,0.0,0.0,36.09,-0.28,0.0,0.0,0.0,0.0,0.0,0.0,53.0,0.0,0,0,0,0,0,8.0,0.0,31113.04,0.0,31113.04,0.0,-4.26
2026-06-05T02:08:07.004+00:00,271977,34904cc0-20b0-44ef-a748-ca0f5d0a3cdb,,10,FAULT,0x0100,PI_LOST,0,1,1,0,1,0,0.0,0.0,0.0,1.291,0.0,154.92,116.19,0.0,0.0,34.87,-0.52,0.0,0.0,0.0,0.0,0.0,0.0,53.0,0.0,0,0,0,0,0,8.0,0.0,31126.64,0.0,31126.64,0.0,-10.43
2026-06-05T02:08:07.119+00:00,272094,34904cc0-20b0-44ef-a748-ca0f5d0a3cdb,,10,FAULT,0x0100,PI_LOST,0,1,1,0,1,0,0.0,0.415,0.0,1.295,0.0,155.4,116.55,0.0,0.0,36.58,0.0,0.0,0.0,0.0,0.0,0.0,0.0,52.8,0.0,0,0,0,0,0,8.0,0.0,31140.27,0.0,31140.27,0.0,14.62
2026-06-05T02:08:07.238+00:00,272209,34904cc0-20b0-44ef-a748-ca0f5d0a3cdb,,10,FAULT,0x0100,PI_LOST,0,1,1,0,1,0,0.0,0.415,0.0,1.314,0.0,157.68,118.26,0.0,0.0,36.33,0.0,0.0,0.0,0.0,0.0,0.0,0.0,53.1,0.0,0,0,0,0,0,8.0,0.0,31153.87,0.0,31153.87,0.0,-2.17
2026-06-05T02:08:07.391+00:00,272326,34904cc0-20b0-44ef-a748-ca0f5d0a3cdb,,10,FAULT,0x0100,PI_LOST,0,1,1,0,1,0,0.0,0.268,0.0,1.294,0.0,155.28,116.46,0.0,0.0,34.62,-0.4,0.0,0.0,0.0,0.0,0.0,0.0,53.0,0.0,0,0,0,0,0,8.0,0.0,31167.5,0.0,31167.5,0.0,-14.62
2026-06-05T02:08:07.538+00:00,272443,34904cc0-20b0-44ef-a748-ca0f5d0a3cdb,,10,FAULT,0x0100,PI_LOST,0,1,1,0,1,0,0.0,0.219,0.0,1.296,0.0,155.52,116.64,0.0,0.0,35.36,-0.28,0.0,0.0,0.0,0.0,0.0,0.0,52.9,0.0,0,0,0,0,0,8.0,0.0,31181.15,0.0,31181.15,0.0,6.32
2026-06-05T02:08:07.633+00:00,272559,34904cc0-20b0-44ef-a748-ca0f5d0a3cdb,,10,FAULT,0x0100,PI_LOST,0,1,1,0,1,0,0.0,0.219,0.0,1.298,0.0,155.76,116.82,0.0,0.0,35.11,-0.15,0.0,0.0,0.0,0.0,0.0,0.0,53.0,0.0,0,0,0,0,0,8.0,0.0,31194.7,0.0,31194.7,0.0,-2.16
2026-06-05T02:08:07.704+00:00,272675,34904cc0-20b0-44ef-a748-ca0f5d0a3cdb,,10,FAULT,0x0100,PI_LOST,0,1,1,0,1,0,0.0,1.148,0.0,1.301,0.0,156.12,117.09,0.0,0.0,37.07,-0.52,0.0,0.0,0.0,0.0,0.0,0.0,52.9,0.0,0,0,0,0,0,8.0,0.0,31208.28,0.0,31208.28,0.0,16.9
2026-06-05T02:08:07.820+00:00,272792,34904cc0-20b0-44ef-a748-ca0f5d0a3cdb,,10,FAULT,0x0100,PI_LOST,0,1,1,0,1,0,0.0,0.0,0.0,1.284,0.0,154.08,115.56,0.0,0.0,34.87,-0.4,0.0,0.0,0.0,0.0,0.0,0.0,52.8,0.0,0,0,0,0,0,8.0,0.0,31221.8,0.0,31221.8,0.0,-18.8
2026-06-05T02:08:07.938+00:00,272908,34904cc0-20b0-44ef-a748-ca0f5d0a3cdb,,10,FAULT,0x0100,PI_LOST,0,1,1,0,1,0,0.0,0.513,0.0,1.278,0.0,153.36,115.02,0.0,0.0,35.85,0.2,0.0,0.0,0.0,0.0,0.0,0.0,52.7,0.0,0,0,0,0,0,8.0,0.0,31235.14,0.0,31235.14,0.0,8.45
2026-06-05T02:08:08.058+00:00,273025,34904cc0-20b0-44ef-a748-ca0f5d0a3cdb,,10,FAULT,0x0100,PI_LOST,0,1,1,0,1,0,0.0,0.659,0.0,1.27,0.0,152.4,114.3,0.0,0.0,36.58,0.0,0.0,0.0,0.0,0.0,0.0,0.0,52.7,0.0,0,0,0,0,0,8.0,0.0,31248.52,0.0,31248.52,0.0,6.24
2026-06-05T02:08:08.209+00:00,273141,34904cc0-20b0-44ef-a748-ca0f5d0a3cdb,,10,FAULT,0x0100,PI_LOST,0,1,1,0,1,0,0.0,0.61,0.0,1.278,0.0,153.36,115.02,0.0,0.0,36.58,0.2,0.0,0.0,0.0,0.0,0.0,0.0,53.0,0.0,0,0,0,0,0,8.0,0.0,31261.86,0.0,31261.86,0.0,0.0
2026-06-05T02:08:08.354+00:00,273257,34904cc0-20b0-44ef-a748-ca0f5d0a3cdb,,10,FAULT,0x0100,PI_LOST,0,1,1,0,1,0,0.0,0.219,0.0,1.28,0.0,153.6,115.2,0.0,0.0,35.11,-0.28,0.0,0.0,0.0,0.0,0.0,0.0,52.7,0.0,0,0,0,0,0,8.0,0.0,31275.22,0.0,31275.22,0.0,-12.67
2026-06-05T02:08:08.405+00:00,273374,34904cc0-20b0-44ef-a748-ca0f5d0a3cdb,,10,FAULT,0x0100,PI_LOST,0,1,1,0,1,0,0.0,0.317,0.0,1.284,0.0,154.08,115.56,0.0,0.0,35.36,-0.15,0.0,0.0,0.0,0.0,0.0,0.0,53.1,0.0,0,0,0,0,0,8.0,0.0,31288.74,0.0,31288.74,0.0,2.14
2026-06-05T02:08:08.520+00:00,273490,34904cc0-20b0-44ef-a748-ca0f5d0a3cdb,,10,FAULT,0x0100,PI_LOST,0,1,1,0,1,0,0.0,0.806,0.0,1.284,0.0,154.08,115.56,0.0,0.0,35.6,-0.52,0.0,0.0,0.0,0.0,0.0,0.0,53.1,0.0,0,0,0,0,0,8.0,0.0,31302.15,0.0,31302.15,0.0,2.07
2026-06-05T02:08:08.638+00:00,273606,34904cc0-20b0-44ef-a748-ca0f5d0a3cdb,,10,FAULT,0x0100,PI_LOST,0,1,1,0,1,0,0.0,0.61,0.0,1.282,0.0,153.84,115.38,0.0,0.0,36.09,-0.15,0.0,0.0,0.0,0.0,0.0,0.0,53.0,0.0,0,0,0,0,0,8.0,0.0,31315.53,0.0,31315.53,0.0,4.22
2026-06-05T02:08:08.753+00:00,273723,34904cc0-20b0-44ef-a748-ca0f5d0a3cdb,,10,FAULT,0x0100,PI_LOST,0,1,1,0,1,0,0.0,0.024,0.0,1.275,0.0,153.0,114.75,0.0,0.0,35.6,-0.4,0.0,0.0,0.0,0.0,0.0,0.0,52.5,0.0,0,0,0,0,0,8.0,0.0,31328.96,0.0,31328.96,0.0,-4.19
2026-06-05T02:08:08.889+00:00,273840,34904cc0-20b0-44ef-a748-ca0f5d0a3cdb,,10,FAULT,0x0100,PI_LOST,0,1,1,0,1,0,0.0,0.317,0.0,1.283,0.0,153.96,115.47,0.0,0.0,35.85,-0.15,0.0,0.0,0.0,0.0,0.0,0.0,53.0,0.0,0,0,0,0,0,8.0,0.0,31342.47,0.0,31342.47,0.0,2.14
2026-06-05T02:08:09.068+00:00,273955,34904cc0-20b0-44ef-a748-ca0f5d0a3cdb,,10,FAULT,0x0100,PI_LOST,0,1,1,0,1,0,0.0,0.122,0.0,1.263,0.0,151.56,113.67,0.0,0.0,35.11,-0.52,0.0,0.0,0.0,0.0,0.0,0.0,53.0,0.0,0,0,0,0,0,8.0,0.0,31355.54,0.0,31355.54,0.0,-6.43
2026-06-05T02:08:09.106+00:00,274072,34904cc0-20b0-44ef-a748-ca0f5d0a3cdb,,10,FAULT,0x0100,PI_LOST,0,1,1,0,1,0,0.0,0.219,0.0,1.254,0.0,150.48,112.86,0.0,0.0,34.87,-0.52,0.0,0.0,0.0,0.0,0.0,0.0,53.3,0.0,0,0,0,0,0,8.0,0.0,31368.74,0.0,31368.74,0.0,-2.05
2026-06-05T02:08:09.220+00:00,274189,34904cc0-20b0-44ef-a748-ca0f5d0a3cdb,,10,FAULT,0x0100,PI_LOST,0,1,1,0,1,0,0.0,0.171,0.0,1.245,0.0,149.4,112.05,0.0,0.0,35.6,-0.4,0.0,0.0,0.0,0.0,0.0,0.0,53.0,0.0,0,0,0,0,0,8.0,0.0,31381.85,0.0,31381.85,0.0,6.24
2026-06-05T02:08:09.339+00:00,274305,34904cc0-20b0-44ef-a748-ca0f5d0a3cdb,,10,FAULT,0x0100,PI_LOST,0,1,1,0,1,0,0.0,0.806,0.0,1.265,0.0,151.8,113.85,0.0,0.0,35.85,-0.28,0.0,0.0,0.0,0.0,0.0,0.0,52.7,0.0,0,0,0,0,0,8.0,0.0,31395.06,0.0,31395.06,0.0,2.16
2026-06-05T02:08:09.453+00:00,274421,34904cc0-20b0-44ef-a748-ca0f5d0a3cdb,,10,FAULT,0x0100,PI_LOST,0,1,1,0,1,0,0.0,0.0,0.0,1.267,0.0,152.04,114.03,0.0,0.0,33.89,-0.52,0.0,0.0,0.0,0.0,0.0,0.0,53.0,0.0,0,0,0,0,0,8.0,0.0,31408.29,0.0,31408.29,0.0,-16.9
2026-06-05T02:08:09.641+00:00,274538,34904cc0-20b0-44ef-a748-ca0f5d0a3cdb,,10,FAULT,0x0100,PI_LOST,0,1,1,0,1,0,0.0,0.073,0.0,1.278,0.0,153.36,115.02,0.0,0.0,35.36,-0.4,0.0,0.0,0.0,0.0,0.0,0.0,53.2,0.0,0,0,0,0,0,8.0,0.0,31421.74,0.0,31421.74,0.0,12.56
2026-06-05T02:08:09.738+00:00,274654,34904cc0-20b0-44ef-a748-ca0f5d0a3cdb,,10,FAULT,0x0100,PI_LOST,0,1,1,0,1,0,0.0,0.122,0.0,1.27,0.0,152.4,114.3,0.0,0.0,34.62,-0.52,0.0,0.0,0.0,0.0,0.0,0.0,52.9,0.0,0,0,0,0,0,8.0,0.0,31435.0,0.0,31435.0,0.0,-6.38
2026-06-05T02:08:09.831+00:00,274770,34904cc0-20b0-44ef-a748-ca0f5d0a3cdb,,10,FAULT,0x0100,PI_LOST,0,1,1,0,1,0,0.0,0.0,0.0,1.268,0.0,152.16,114.12,0.0,0.0,35.6,-0.4,0.0,0.0,0.0,0.0,0.0,0.0,52.9,0.0,0,0,0,0,0,8.0,0.0,31448.24,0.0,31448.24,0.0,8.45
2026-06-05T02:08:09.920+00:00,274887,34904cc0-20b0-44ef-a748-ca0f5d0a3cdb,,10,FAULT,0x0100,PI_LOST,0,1,1,0,1,0,0.0,0.268,0.0,1.269,0.0,152.28,114.21,0.0,0.0,34.62,-0.28,0.0,0.0,0.0,0.0,0.0,0.0,52.8,0.0,0,0,0,0,0,8.0,0.0,31461.6,0.0,31461.6,0.0,-8.38
2026-06-05T02:08:10.035+00:00,275003,34904cc0-20b0-44ef-a748-ca0f5d0a3cdb,,10,FAULT,0x0100,PI_LOST,0,1,1,0,1,0,0.0,0.268,0.0,1.257,0.0,150.84,113.13,0.0,0.0,34.62,-0.28,0.0,0.0,0.0,0.0,0.0,0.0,52.7,0.0,0,0,0,0,0,8.0,0.0,31474.73,0.0,31474.73,0.0,0.0
2026-06-05T02:08:10.155+00:00,275120,34904cc0-20b0-44ef-a748-ca0f5d0a3cdb,,10,FAULT,0x0100,PI_LOST,0,1,1,0,1,0,0.0,0.708,0.0,1.261,0.0,151.32,113.49,0.0,0.0,36.33,-0.15,0.0,0.0,0.0,0.0,0.0,0.0,53.1,0.0,0,0,0,0,0,8.0,0.0,31488.0,0.0,31488.0,0.0,14.62
2026-06-05T02:08:10.269+00:00,275236,34904cc0-20b0-44ef-a748-ca0f5d0a3cdb,,10,FAULT,0x0100,PI_LOST,0,1,1,0,1,0,0.0,0.171,0.0,1.25,0.0,150.0,112.5,0.0,0.0,34.62,-0.52,0.0,0.0,0.0,0.0,0.0,0.0,53.0,0.0,0,0,0,0,0,8.0,0.0,31501.05,0.0,31501.05,0.0,-14.74
2026-06-05T02:08:10.462+00:00,275352,34904cc0-20b0-44ef-a748-ca0f5d0a3cdb,,10,FAULT,0x0100,PI_LOST,0,1,1,0,1,0,0.0,0.708,0.0,1.254,0.0,150.48,112.86,0.0,0.0,36.82,0.2,0.0,0.0,0.0,0.0,0.0,0.0,52.9,0.0,0,0,0,0,0,8.0,0.0,31514.15,0.0,31514.15,0.0,18.97
2026-06-05T02:08:10.557+00:00,275469,34904cc0-20b0-44ef-a748-ca0f5d0a3cdb,,10,FAULT,0x0100,PI_LOST,0,1,1,0,1,0,0.0,0.904,0.0,1.255,0.0,150.6,112.95,0.0,0.0,36.58,-0.4,0.0,0.0,0.0,0.0,0.0,0.0,52.8,0.0,0,0,0,0,0,8.0,0.0,31527.36,0.0,31527.36,0.0,-2.05
2026-06-05T02:08:10.621+00:00,275586,34904cc0-20b0-44ef-a748-ca0f5d0a3cdb,,10,FAULT,0x0100,PI_LOST,0,1,1,0,1,0,0.0,0.268,0.0,1.262,0.0,151.44,113.58,0.0,0.0,35.6,-0.4,0.0,0.0,0.0,0.0,0.0,0.0,52.8,0.0,0,0,0,0,0,8.0,0.0,31540.65,0.0,31540.65,0.0,-8.38
2026-06-05T02:08:10.736+00:00,275701,34904cc0-20b0-44ef-a748-ca0f5d0a3cdb,,10,FAULT,0x0100,PI_LOST,0,1,1,0,1,0,0.0,0.562,0.0,1.26,0.0,151.2,113.4,0.0,0.0,36.33,0.0,0.0,0.0,0.0,0.0,0.0,0.0,53.0,0.0,0,0,0,0,0,8.0,0.0,31553.69,0.0,31553.69,0.0,6.35
2026-06-05T02:08:10.854+00:00,275818,34904cc0-20b0-44ef-a748-ca0f5d0a3cdb,,10,FAULT,0x0100,PI_LOST,0,1,1,0,1,0,0.0,0.562,0.0,1.273,0.0,152.76,114.57,0.0,0.0,35.6,0.0,0.0,0.0,0.0,0.0,0.0,0.0,53.1,0.0,0,0,0,0,0,8.0,0.0,31567.1,0.0,31567.1,0.0,-6.24
2026-06-05T02:08:10.969+00:00,275935,34904cc0-20b0-44ef-a748-ca0f5d0a3cdb,,10,FAULT,0x0100,PI_LOST,0,1,1,0,1,0,0.0,0.708,0.0,1.264,0.0,151.68,113.76,0.0,0.0,36.82,0.45,0.0,0.0,0.0,0.0,0.0,0.0,52.7,0.0,0,0,0,0,0,8.0,0.0,31580.41,0.0,31580.41,0.0,10.43
2026-06-05T02:08:11.092+00:00,276050,34904cc0-20b0-44ef-a748-ca0f5d0a3cdb,,10,FAULT,0x0100,PI_LOST,0,1,1,0,1,0,0.0,0.415,0.0,1.268,0.0,152.16,114.12,0.0,0.0,35.36,-0.28,0.0,0.0,0.0,0.0,0.0,0.0,52.9,0.0,0,0,0,0,0,8.0,0.0,31593.53,0.0,31593.53,0.0,-12.7
2026-06-05T02:08:11.271+00:00,276167,34904cc0-20b0-44ef-a748-ca0f5d0a3cdb,,10,FAULT,0x0100,PI_LOST,0,1,1,0,1,0,0.0,0.073,0.0,1.256,0.0,150.72,113.04,0.0,0.0,35.36,-0.4,0.0,0.0,0.0,0.0,0.0,0.0,52.8,0.0,0,0,0,0,0,8.0,0.0,31606.76,0.0,31606.76,0.0,0.0
2026-06-05T02:08:11.321+00:00,276284,34904cc0-20b0-44ef-a748-ca0f5d0a3cdb,,10,FAULT,0x0100,PI_LOST,0,1,1,0,1,0,0.0,0.855,0.0,1.26,0.0,151.2,113.4,0.0,0.0,37.31,0.2,0.0,0.0,0.0,0.0,0.0,0.0,52.9,0.0,0,0,0,0,0,8.0,0.0,31620.02,0.0,31620.02,0.0,16.67
2026-06-05T02:08:11.436+00:00,276400,34904cc0-20b0-44ef-a748-ca0f5d0a3cdb,,10,FAULT,0x0100,PI_LOST,0,1,1,0,1,0,0.0,0.855,0.0,1.255,0.0,150.6,112.95,0.0,0.0,36.09,-0.28,0.0,0.0,0.0,0.0,0.0,0.0,53.1,0.0,0,0,0,0,0,8.0,0.0,31633.13,0.0,31633.13,0.0,-10.52
2026-06-05T02:08:11.554+00:00,276516,34904cc0-20b0-44ef-a748-ca0f5d0a3cdb,,10,FAULT,0x0100,PI_LOST,0,1,1,0,1,0,0.0,0.953,0.0,1.249,0.0,149.88,112.41,0.0,0.0,36.33,-0.4,0.0,0.0,0.0,0.0,0.0,0.0,53.0,0.0,0,0,0,0,0,8.0,0.0,31646.17,0.0,31646.17,0.0,2.07
2026-06-05T02:08:11.669+00:00,276633,34904cc0-20b0-44ef-a748-ca0f5d0a3cdb,,10,FAULT,0x0100,PI_LOST,0,1,1,0,1,0,0.0,1.001,0.0,1.238,0.0,148.56,111.42,0.0,0.0,36.09,-0.4,0.0,0.0,0.0,0.0,0.0,0.0,53.1,0.0,0,0,0,0,0,8.0,0.0,31659.2,0.0,31659.2,0.0,-2.05
2026-06-05T02:08:11.805+00:00,276749,34904cc0-20b0-44ef-a748-ca0f5d0a3cdb,,10,FAULT,0x0100,PI_LOST,0,1,1,0,1,0,0.0,0.61,0.0,1.243,0.0,149.16,111.87,0.0,0.0,37.07,0.0,0.0,0.0,0.0,0.0,0.0,0.0,53.1,0.0,0,0,0,0,0,8.0,0.0,31672.18,0.0,31672.18,0.0,8.45
2026-06-05T02:08:11.967+00:00,276866,34904cc0-20b0-44ef-a748-ca0f5d0a3cdb,,10,FAULT,0x0100,PI_LOST,0,1,1,0,1,0,0.0,0.659,0.0,1.259,0.0,151.08,113.31,0.0,0.0,35.85,0.57,0.0,0.0,0.0,0.0,0.0,0.0,53.0,0.0,0,0,0,0,0,8.0,0.0,31685.44,0.0,31685.44,0.0,-10.43
2026-06-05T02:08:12.018+00:00,276982,34904cc0-20b0-44ef-a748-ca0f5d0a3cdb,,10,FAULT,0x0100,PI_LOST,0,1,1,0,1,0,0.0,0.317,0.0,1.25,0.0,150.0,112.5,0.0,0.0,36.09,-0.15,0.0,0.0,0.0,0.0,0.0,0.0,53.0,0.0,0,0,0,0,0,8.0,0.0,31698.49,0.0,31698.49,0.0,2.07
2026-06-05T02:08:12.136+00:00,277099,34904cc0-20b0-44ef-a748-ca0f5d0a3cdb,,10,FAULT,0x0100,PI_LOST,0,1,1,0,1,0,0.0,0.317,0.0,1.25,0.0,150.0,112.5,0.0,0.0,36.09,-0.15,0.0,0.0,0.0,0.0,0.0,0.0,53.1,0.0,0,0,0,0,0,8.0,0.0,31711.65,0.0,31711.65,0.0,0.0
2026-06-05T02:08:12.251+00:00,277215,34904cc0-20b0-44ef-a748-ca0f5d0a3cdb,,10,FAULT,0x0100,PI_LOST,0,1,1,0,1,0,0.0,0.317,0.0,1.266,0.0,151.92,113.94,0.0,0.0,35.36,-0.4,0.0,0.0,0.0,0.0,0.0,0.0,52.9,0.0,0,0,0,0,0,8.0,0.0,31724.86,0.0,31724.86,0.0,-6.29
2026-06-05T02:08:12.370+00:00,277331,34904cc0-20b0-44ef-a748-ca0f5d0a3cdb,,10,FAULT,0x0100,PI_LOST,0,1,1,0,1,0,0.0,0.61,0.0,1.273,0.0,152.76,114.57,0.0,0.0,36.09,0.0,0.0,0.0,0.0,0.0,0.0,0.0,52.9,0.0,0,0,0,0,0,8.0,0.0,31738.16,0.0,31738.16,0.0,6.29
2026-06-05T02:08:12.523+00:00,277448,34904cc0-20b0-44ef-a748-ca0f5d0a3cdb,,10,FAULT,0x0100,PI_LOST,0,1,1,0,1,0,0.0,0.073,0.0,1.262,0.0,151.44,113.58,0.0,0.0,34.87,-0.52,0.0,0.0,0.0,0.0,0.0,0.0,53.0,0.0,0,0,0,0,0,8.0,0.0,31751.44,0.0,31751.44,0.0,-10.43
2026-06-05T02:08:12.617+00:00,277564,34904cc0-20b0-44ef-a748-ca0f5d0a3cdb,,10,FAULT,0x0100,PI_LOST,0,1,1,0,1,0,0.0,0.366,0.0,1.262,0.0,151.44,113.58,0.0,0.0,37.07,-0.15,0.0,0.0,0.0,0.0,0.0,0.0,53.3,0.0,0,0,0,0,0,8.0,0.0,31764.62,0.0,31764.62,0.0,18.97
2026-06-05T02:08:12.718+00:00,277681,34904cc0-20b0-44ef-a748-ca0f5d0a3cdb,,10,FAULT,0x0100,PI_LOST,0,1,1,0,1,0,0.0,0.562,0.0,1.256,0.0,150.72,113.04,0.0,0.0,36.58,0.0,0.0,0.0,0.0,0.0,0.0,0.0,53.1,0.0,0,0,0,0,0,8.0,0.0,31777.84,0.0,31777.84,0.0,-4.19
2026-06-05T02:08:12.837+00:00,277797,34904cc0-20b0-44ef-a748-ca0f5d0a3cdb,,10,FAULT,0x0100,PI_LOST,0,1,1,0,1,0,0.0,0.415,0.0,1.252,0.0,150.24,112.68,0.0,0.0,34.87,-0.64,0.0,0.0,0.0,0.0,0.0,0.0,52.9,0.0,0,0,0,0,0,8.0,0.0,31790.92,0.0,31790.92,0.0,-14.74
2026-06-05T02:08:12.952+00:00,277913,34904cc0-20b0-44ef-a748-ca0f5d0a3cdb,,10,FAULT,0x0100,PI_LOST,0,1,1,0,1,0,0.0,0.0,0.0,1.235,0.0,148.2,111.15,0.0,0.0,35.6,-0.52,0.0,0.0,0.0,0.0,0.0,0.0,52.9,0.0,0,0,0,0,0,8.0,0.0,31803.81,0.0,31803.81,0.0,6.29
2026-06-05T02:08:13.070+00:00,278030,34904cc0-20b0-44ef-a748-ca0f5d0a3cdb,,10,FAULT,0x0100,PI_LOST,0,1,1,0,1,0,0.0,0.0,0.0,1.213,0.0,145.56,109.17,0.0,0.0,34.13,-0.52,0.0,0.0,0.0,0.0,0.0,0.0,53.0,0.0,0,0,0,0,0,8.0,0.0,31816.58,0.0,31816.58,0.0,-12.56
2026-06-05T02:08:13.233+00:00,278147,34904cc0-20b0-44ef-a748-ca0f5d0a3cdb,,10,FAULT,0x0100,PI_LOST,0,1,1,0,1,0,0.0,1.099,0.0,1.197,0.0,143.64,107.73,0.0,0.0,35.85,-0.28,0.0,0.0,0.0,0.0,0.0,0.0,52.9,0.0,0,0,0,0,0,8.0,0.0,31829.19,0.0,31829.19,0.0,14.7
2026-06-05T02:08:13.336+00:00,278262,34904cc0-20b0-44ef-a748-ca0f5d0a3cdb,,10,FAULT,0x0100,PI_LOST,0,1,1,0,1,0,0.0,0.219,0.0,1.187,0.0,142.44,106.83,0.0,0.0,34.87,-0.28,0.0,0.0,0.0,0.0,0.0,0.0,53.0,0.0,0,0,0,0,0,8.0,0.0,31841.47,0.0,31841.47,0.0,-8.52
2026-06-05T02:08:13.427+00:00,278379,34904cc0-20b0-44ef-a748-ca0f5d0a3cdb,,10,FAULT,0x0100,PI_LOST,0,1,1,0,1,0,0.0,0.0,0.0,1.188,0.0,142.56,106.92,0.0,0.0,34.87,-0.4,0.0,0.0,0.0,0.0,0.0,0.0,53.0,0.0,0,0,0,0,0,8.0,0.0,31853.98,0.0,31853.98,0.0,0.0
2026-06-05T02:08:13.537+00:00,278496,34904cc0-20b0-44ef-a748-ca0f5d0a3cdb,,10,FAULT,0x0100,PI_LOST,0,1,1,0,1,0,0.0,0.855,0.0,1.185,0.0,142.2,106.65,0.0,0.0,35.85,-0.52,0.0,0.0,0.0,0.0,0.0,0.0,52.8,0.0,0,0,0,0,0,8.0,0.0,31866.46,0.0,31866.46,0.0,8.38
2026-06-05T02:08:13.652+00:00,278611,34904cc0-20b0-44ef-a748-ca0f5d0a3cdb,,10,FAULT,0x0100,PI_LOST,0,1,1,0,1,0,0.0,0.415,0.0,1.192,0.0,143.04,107.28,0.0,0.0,35.6,-0.28,0.0,0.0,0.0,0.0,0.0,0.0,52.9,0.0,0,0,0,0,0,8.0,0.0,31878.8,0.0,31878.8,0.0,-2.17
2026-06-05T02:08:13.770+00:00,278728,34904cc0-20b0-44ef-a748-ca0f5d0a3cdb,,10,FAULT,0x0100,PI_LOST,0,1,1,0,1,0,0.0,0.659,0.0,1.198,0.0,143.76,107.82,0.0,0.0,34.87,-0.52,0.0,0.0,0.0,0.0,0.0,0.0,52.7,0.0,0,0,0,0,0,8.0,0.0,31891.41,0.0,31891.41,0.0,-6.24
2026-06-05T02:08:13.963+00:00,278845,34904cc0-20b0-44ef-a748-ca0f5d0a3cdb,,10,FAULT,0x0100,PI_LOST,0,1,1,0,1,0,0.0,0.855,0.0,1.194,0.0,143.28,107.46,0.0,0.0,34.62,-0.4,0.0,0.0,0.0,0.0,0.0,0.0,52.8,0.0,0,0,0,0,0,8.0,0.0,31903.98,0.0,31903.98,0.0,-2.14
2026-06-05T02:08:14.061+00:00,278961,34904cc0-20b0-44ef-a748-ca0f5d0a3cdb,,10,FAULT,0x0100,PI_LOST,0,1,1,0,1,0,0.0,0.806,0.0,1.195,0.0,143.4,107.55,0.0,0.0,36.33,0.2,0.0,0.0,0.0,0.0,0.0,0.0,52.3,0.0,0,0,0,0,0,8.0,0.0,31916.46,0.0,31916.46,0.0,14.74
2026-06-05T02:08:14.176+00:00,279077,34904cc0-20b0-44ef-a748-ca0f5d0a3cdb,,10,FAULT,0x0100,PI_LOST,0,1,1,0,1,0,0.0,0.0,0.0,1.186,0.0,142.32,106.74,0.0,0.0,35.36,-0.4,0.0,0.0,0.0,0.0,0.0,0.0,53.0,0.0,0,0,0,0,0,8.0,0.0,31928.84,0.0,31928.84,0.0,-8.36
2026-06-05T02:08:14.234+00:00,279194,34904cc0-20b0-44ef-a748-ca0f5d0a3cdb,,10,FAULT,0x0100,PI_LOST,0,1,1,0,1,0,0.0,0.171,0.0,1.191,0.0,142.92,107.19,0.0,0.0,35.6,-0.52,0.0,0.0,0.0,0.0,0.0,0.0,53.3,0.0,0,0,0,0,0,8.0,0.0,31941.38,0.0,31941.38,0.0,2.05
2026-06-05T02:08:14.354+00:00,279310,34904cc0-20b0-44ef-a748-ca0f5d0a3cdb,,10,FAULT,0x0100,PI_LOST,0,1,1,0,1,0,0.0,0.0,0.0,1.199,0.0,143.88,107.91,0.0,0.0,35.11,-0.4,0.0,0.0,0.0,0.0,0.0,0.0,53.1,0.0,0,0,0,0,0,8.0,0.0,31953.9,0.0,31953.9,0.0,-4.22
2026-06-05T02:08:14.467+00:00,279427,34904cc0-20b0-44ef-a748-ca0f5d0a3cdb,,10,FAULT,0x0100,PI_LOST,0,1,1,0,1,0,0.0,0.0,0.0,1.196,0.0,143.52,107.64,0.0,0.0,34.87,-0.4,0.0,0.0,0.0,0.0,0.0,0.0,52.2,0.0,0,0,0,0,0,8.0,0.0,31966.49,0.0,31966.49,0.0,-2.05
2026-06-05T02:08:14.585+00:00,279543,34904cc0-20b0-44ef-a748-ca0f5d0a3cdb,,10,FAULT,0x0100,PI_LOST,0,1,1,0,1,0,0.0,0.0,0.0,1.199,0.0,143.88,107.91,0.0,0.0,35.11,-0.4,0.0,0.0,0.0,0.0,0.0,0.0,52.2,0.0,0,0,0,0,0,8.0,0.0,31979.01,0.0,31979.01,0.0,2.07
2026-06-05T02:08:14.711+00:00,279659,34904cc0-20b0-44ef-a748-ca0f5d0a3cdb,,10,FAULT,0x0100,PI_LOST,0,1,1,0,1,0,0.0,0.953,0.0,1.201,0.0,144.12,108.09,0.0,0.0,36.58,0.2,0.0,0.0,0.0,0.0,0.0,0.0,51.8,0.0,0,0,0,0,0,8.0,0.0,31991.55,0.0,31991.55,0.0,12.67
2026-06-05T02:08:14.889+00:00,279776,34904cc0-20b0-44ef-a748-ca0f5d0a3cdb,,10,FAULT,0x0100,PI_LOST,0,1,1,0,1,0,0.0,0.904,0.0,1.196,0.0,143.52,107.64,0.0,0.0,36.33,-0.4,0.0,0.0,0.0,0.0,0.0,0.0,52.3,0.0,0,0,0,0,0,8.0,0.0,32004.14,0.0,32004.14,0.0,-2.14
2026-06-05T02:08:14.934+00:00,279892,34904cc0-20b0-44ef-a748-ca0f5d0a3cdb,,10,FAULT,0x0100,PI_LOST,0,1,1,0,1,0,0.0,0.513,0.0,1.198,0.0,143.76,107.82,0.0,0.0,36.58,0.0,0.0,0.0,0.0,0.0,0.0,0.0,52.0,0.0,0,0,0,0,0,8.0,0.0,32016.65,0.0,32016.65,0.0,2.16
2026-06-05T02:08:15.052+00:00,280008,34904cc0-20b0-44ef-a748-ca0f5d0a3cdb,,10,FAULT,0x0100,PI_LOST,0,1,1,0,1,0,0.0,0.415,0.0,1.201,0.0,144.12,108.09,0.0,0.0,36.33,0.0,0.0,0.0,0.0,0.0,0.0,0.0,52.3,0.0,0,0,0,0,0,8.0,0.0,32029.19,0.0,32029.19,0.0,-2.16
2026-06-05T02:08:15.167+00:00,280125,34904cc0-20b0-44ef-a748-ca0f5d0a3cdb,,10,FAULT,0x0100,PI_LOST,0,1,1,0,1,0,0.0,0.513,0.0,1.188,0.0,142.56,106.92,0.0,0.0,35.36,0.0,0.0,0.0,0.0,0.0,0.0,0.0,52.0,0.0,0,0,0,0,0,8.0,0.0,32041.7,0.0,32041.7,0.0,-8.29
2026-06-05T02:08:15.286+00:00,280242,34904cc0-20b0-44ef-a748-ca0f5d0a3cdb,,10,FAULT,0x0100,PI_LOST,0,1,1,0,1,0,0.0,1.001,0.0,1.234,0.0,148.08,111.06,0.0,0.0,37.8,-0.15,0.0,0.0,0.0,0.0,0.0,0.0,52.3,0.0,0,0,0,0,0,8.0,0.0,32054.69,0.0,32054.69,0.0,20.85
2026-06-05T02:08:15.435+00:00,280357,34904cc0-20b0-44ef-a748-ca0f5d0a3cdb,,10,FAULT,0x0100,PI_LOST,0,1,1,0,1,0,0.0,0.953,0.0,1.258,0.0,150.96,113.22,0.0,0.0,36.58,-0.15,0.0,0.0,0.0,0.0,0.0,0.0,52.4,0.0,0,0,0,0,0,8.0,0.0,32067.71,0.0,32067.71,0.0,-10.61
2026-06-05T02:08:15.526+00:00,280474,34904cc0-20b0-44ef-a748-ca0f5d0a3cdb,,10,FAULT,0x0100,PI_LOST,0,1,1,0,1,0,0.0,0.61,0.0,1.273,0.0,152.76,114.57,0.0,0.0,35.85,0.2,0.0,0.0,0.0,0.0,0.0,0.0,52.5,0.0,0,0,0,0,0,8.0,0.0,32081.12,0.0,32081.12,0.0,-6.24
2026-06-05T02:08:15.634+00:00,280591,34904cc0-20b0-44ef-a748-ca0f5d0a3cdb,,10,FAULT,0x0100,PI_LOST,0,1,1,0,1,0,0.0,0.415,0.0,1.27,0.0,152.4,114.3,0.0,0.0,35.11,-0.28,0.0,0.0,0.0,0.0,0.0,0.0,52.6,0.0,0,0,0,0,0,8.0,0.0,32094.49,0.0,32094.49,0.0,-6.32
2026-06-05T02:08:15.753+00:00,280707,34904cc0-20b0-44ef-a748-ca0f5d0a3cdb,,10,FAULT,0x0100,PI_LOST,0,1,1,0,1,0,0.0,0.268,0.0,1.277,0.0,153.24,114.93,0.0,0.0,35.6,-0.28,0.0,0.0,0.0,0.0,0.0,0.0,53.0,0.0,0,0,0,0,0,8.0,0.0,32107.82,0.0,32107.82,0.0,4.22
2026-06-05T02:08:15.868+00:00,280823,34904cc0-20b0-44ef-a748-ca0f5d0a3cdb,,10,FAULT,0x0100,PI_LOST,0,1,1,0,1,0,0.0,0.415,0.0,1.279,0.0,153.48,115.11,0.0,0.0,35.36,-0.15,0.0,0.0,0.0,0.0,0.0,0.0,52.8,0.0,0,0,0,0,0,8.0,0.0,32121.18,0.0,32121.18,0.0,-2.07
2026-06-05T02:08:15.986+00:00,280940,34904cc0-20b0-44ef-a748-ca0f5d0a3cdb,,10,FAULT,0x0100,PI_LOST,0,1,1,0,1,0,0.0,0.073,0.0,1.28,0.0,153.6,115.2,0.0,0.0,34.38,-0.52,0.0,0.0,0.0,0.0,0.0,0.0,53.2,0.0,0,0,0,0,0,8.0,0.0,32134.66,0.0,32134.66,0.0,-8.38
2026-06-05T02:08:16.145+00:00,281056,34904cc0-20b0-44ef-a748-ca0f5d0a3cdb,,10,FAULT,0x0100,PI_LOST,0,1,1,0,1,0,0.0,0.171,0.0,1.29,0.0,154.8,116.1,0.0,0.0,35.36,-0.52,0.0,0.0,0.0,0.0,0.0,0.0,53.2,0.0,0,0,0,0,0,8.0,0.0,32148.12,0.0,32148.12,0.0,8.45
2026-06-05T02:08:16.241+00:00,281172,34904cc0-20b0-44ef-a748-ca0f5d0a3cdb,,10,FAULT,0x0100,PI_LOST,0,1,1,0,1,0,0.0,0.464,0.0,1.285,0.0,154.2,115.65,0.0,0.0,36.33,-0.28,0.0,0.0,0.0,0.0,0.0,0.0,53.2,0.0,0,0,0,0,0,8.0,0.0,32161.54,0.0,32161.54,0.0,8.36
2026-06-05T02:08:16.335+00:00,281289,34904cc0-20b0-44ef-a748-ca0f5d0a3cdb,,10,FAULT,0x0100,PI_LOST,0,1,1,0,1,0,0.0,0.024,0.0,1.283,0.0,153.96,115.47,0.0,0.0,34.62,-0.52,0.0,0.0,0.0,0.0,0.0,0.0,53.4,0.0,0,0,0,0,0,8.0,0.0,32175.05,0.0,32175.05,0.0,-14.62
2026-06-05T02:08:16.450+00:00,281406,34904cc0-20b0-44ef-a748-ca0f5d0a3cdb,,10,FAULT,0x0100,PI_LOST,0,1,1,0,1,0,0.0,0.464,0.0,1.284,0.0,154.08,115.56,0.0,0.0,36.09,0.0,0.0,0.0,0.0,0.0,0.0,0.0,52.9,0.0,0,0,0,0,0,8.0,0.0,32188.57,0.0,32188.57,0.0,12.56
2026-06-05T02:08:16.568+00:00,281522,34904cc0-20b0-44ef-a748-ca0f5d0a3cdb,,10,FAULT,0x0100,PI_LOST,0,1,1,0,1,0,0.0,0.904,0.0,1.271,0.0,152.52,114.39,0.0,0.0,35.11,-0.64,0.0,0.0,0.0,0.0,0.0,0.0,49.2,0.0,0,0,0,0,0,8.0,0.0,32201.84,0.0,32201.84,0.0,-8.45
2026-06-05T02:08:16.686+00:00,281638,34904cc0-20b0-44ef-a748-ca0f5d0a3cdb,,10,FAULT,0x0100,PI_LOST,0,1,1,0,1,0,0.0,0.073,0.0,1.265,0.0,151.8,113.85,0.0,0.0,35.36,-0.28,0.0,0.0,0.0,0.0,0.0,0.0,48.5,0.0,0,0,0,0,0,8.0,0.0,32215.04,0.0,32215.04,0.0,2.16
2026-06-05T02:08:16.871+00:00,281755,34904cc0-20b0-44ef-a748-ca0f5d0a3cdb,,10,FAULT,0x0100,PI_LOST,0,1,1,0,1,0,0.0,0.464,0.0,1.264,0.0,151.68,113.76,0.0,0.0,37.07,0.0,0.0,0.0,0.0,0.0,0.0,0.0,48.1,0.0,0,0,0,0,0,8.0,0.0,32228.35,0.0,32228.35,0.0,14.62
2026-06-05T02:08:16.966+00:00,281872,34904cc0-20b0-44ef-a748-ca0f5d0a3cdb,,10,FAULT,0x0100,PI_LOST,0,1,1,0,1,0,0.0,0.708,0.0,1.269,0.0,152.28,114.21,0.0,0.0,36.33,0.0,0.0,0.0,0.0,0.0,0.0,0.0,48.0,0.0,0,0,0,0,0,8.0,0.0,32241.72,0.0,32241.72,0.0,-6.32
2026-06-05T02:08:17.059+00:00,281988,34904cc0-20b0-44ef-a748-ca0f5d0a3cdb,,10,FAULT,0x0100,PI_LOST,0,1,1,0,1,0,0.0,0.268,0.0,1.268,0.0,152.16,114.12,0.0,0.0,36.09,-0.28,0.0,0.0,0.0,0.0,0.0,0.0,47.3,0.0,0,0,0,0,0,8.0,0.0,32254.95,0.0,32254.95,0.0,-2.07
2026-06-05T02:08:17.150+00:00,282104,34904cc0-20b0-44ef-a748-ca0f5d0a3cdb,,10,FAULT,0x0100,PI_LOST,0,1,1,0,1,0,0.0,0.855,0.0,1.269,0.0,152.28,114.21,0.0,0.0,36.58,-0.28,0.0,0.0,0.0,0.0,0.0,0.0,46.4,0.0,0,0,0,0,0,8.0,0.0,32268.2,0.0,32268.2,0.0,4.22
2026-06-05T02:08:17.268+00:00,282221,34904cc0-20b0-44ef-a748-ca0f5d0a3cdb,,10,FAULT,0x0100,PI_LOST,0,1,1,0,1,0,0.0,0.806,0.0,1.266,0.0,151.92,113.94,0.0,0.0,35.11,-0.52,0.0,0.0,0.0,0.0,0.0,0.0,47.3,0.0,0,0,0,0,0,8.0,0.0,32281.53,0.0,32281.53,0.0,-12.56
2026-06-05T02:08:17.384+00:00,282337,34904cc0-20b0-44ef-a748-ca0f5d0a3cdb,,10,FAULT,0x0100,PI_LOST,0,1,1,0,1,0,0.0,0.0,0.0,1.261,0.0,151.32,113.49,0.0,0.0,35.36,-0.76,0.0,0.0,0.0,0.0,0.0,0.0,48.4,0.0,0,0,0,0,0,8.0,0.0,32294.7,0.0,32294.7,0.0,2.16
2026-06-05T02:08:17.559+00:00,282454,34904cc0-20b0-44ef-a748-ca0f5d0a3cdb,,10,FAULT,0x0100,PI_LOST,0,1,1,0,1,0,0.0,0.61,0.0,1.273,0.0,152.76,114.57,0.0,0.0,35.6,-0.28,0.0,0.0,0.0,0.0,0.0,0.0,48.4,0.0,0,0,0,0,0,8.0,0.0,32308.1,0.0,32308.1,0.0,2.05
2026-06-05T02:08:17.690+00:00,282570,34904cc0-20b0-44ef-a748-ca0f5d0a3cdb,,10,FAULT,0x0100,PI_LOST,0,1,1,0,1,0,0.0,0.61,0.0,1.266,0.0,151.92,113.94,0.0,0.0,36.09,-0.15,0.0,0.0,0.0,0.0,0.0,0.0,48.6,0.0,0,0,0,0,0,8.0,0.0,32321.32,0.0,32321.32,0.0,4.22
2026-06-05T02:08:17.784+00:00,282686,34904cc0-20b0-44ef-a748-ca0f5d0a3cdb,,10,FAULT,0x0100,PI_LOST,0,1,1,0,1,0,0.0,0.219,0.0,1.262,0.0,151.44,113.58,0.0,0.0,35.85,0.0,0.0,0.0,0.0,0.0,0.0,0.0,48.6,0.0,0,0,0,0,0,8.0,0.0,32334.5,0.0,32334.5,0.0,-2.07
2026-06-05T02:08:17.850+00:00,282803,34904cc0-20b0-44ef-a748-ca0f5d0a3cdb,,10,FAULT,0x0100,PI_LOST,0,1,1,0,1,0,0.0,0.562,0.0,1.255,0.0,150.6,112.95,0.0,0.0,36.82,0.2,0.0,0.0,0.0,0.0,0.0,0.0,48.2,0.0,0,0,0,0,0,8.0,0.0,32347.71,0.0,32347.71,0.0,8.29
2026-06-05T02:08:17.968+00:00,282919,34904cc0-20b0-44ef-a748-ca0f5d0a3cdb,,10,FAULT,0x0100,PI_LOST,0,1,1,0,1,0,0.0,0.0,0.0,1.255,0.0,150.6,112.95,0.0,0.0,34.38,-0.4,0.0,0.0,0.0,0.0,0.0,0.0,48.5,0.0,0,0,0,0,0,8.0,0.0,32360.81,0.0,32360.81,0.0,-21.03
2026-06-05T02:08:18.084+00:00,283035,34904cc0-20b0-44ef-a748-ca0f5d0a3cdb,,10,FAULT,0x0100,PI_LOST,0,1,1,0,1,0,0.0,0.024,0.0,1.228,0.0,147.36,110.52,0.0,0.0,36.09,-0.4,0.0,0.0,0.0,0.0,0.0,0.0,48.6,0.0,0,0,0,0,0,8.0,0.0,32373.63,0.0,32373.63,0.0,14.74
2026-06-05T02:08:18.210+00:00,283152,34904cc0-20b0-44ef-a748-ca0f5d0a3cdb,,10,FAULT,0x0100,PI_LOST,0,1,1,0,1,0,0.0,0.122,0.0,1.221,0.0,146.52,109.89,0.0,0.0,35.36,-0.4,0.0,0.0,0.0,0.0,0.0,0.0,48.3,0.0,0,0,0,0,0,8.0,0.0,32386.49,0.0,32386.49,0.0,-6.24
2026-06-05T02:08:18.328+00:00,283269,34904cc0-20b0-44ef-a748-ca0f5d0a3cdb,,10,FAULT,0x0100,PI_LOST,0,1,1,0,1,0,0.0,0.904,0.0,1.228,0.0,147.36,110.52,0.0,0.0,35.11,-0.4,0.0,0.0,0.0,0.0,0.0,0.0,48.5,0.0,0,0,0,0,0,8.0,0.0,32399.42,0.0,32399.42,0.0,-2.14
2026-06-05T02:08:18.509+00:00,283384,34904cc0-20b0-44ef-a748-ca0f5d0a3cdb,,10,FAULT,0x0100,PI_LOST,0,1,1,0,1,0,0.0,0.0,0.0,1.217,0.0,146.04,109.53,0.0,0.0,34.87,-0.4,0.0,0.0,0.0,0.0,0.0,0.0,47.7,0.0,0,0,0,0,0,8.0,0.0,32412.02,0.0,32412.02,0.0,-2.09
2026-06-05T02:08:18.542+00:00,283491,34904cc0-20b0-44ef-a748-ca0f5d0a3cdb,,10,FAULT,0x0100,PI_LOST,0,1,1,0,1,0,0.0,0.0,0.0,1.205,0.0,144.6,108.45,0.0,0.0,34.87,-0.64,0.0,0.0,0.0,0.0,0.0,0.0,,0.0,0,0,0,0,0,8.0,0.0,32423.62,0.0,32423.62,0.0,0.0
2026-06-05T02:08:18.669+00:00,283620,34904cc0-20b0-44ef-a748-ca0f5d0a3cdb,,10,FAULT,0x0100,PI_LOST,0,1,1,0,1,0,0.0,0.0,0.0,1.216,0.0,145.92,109.44,0.0,0.0,33.89,-0.4,0.0,0.0,0.0,0.0,0.0,0.0,,0.0,0,0,0,0,0,8.0,0.0,32437.74,0.0,32437.74,0.0,-7.6
2026-06-05T02:08:18.800+00:00,283749,34904cc0-20b0-44ef-a748-ca0f5d0a3cdb,,10,FAULT,0x0100,PI_LOST,0,1,1,0,1,0,0.0,0.0,0.0,1.214,0.0,145.68,109.26,0.0,0.0,35.11,-0.4,0.0,0.0,0.0,0.0,0.0,0.0,,0.0,0,0,0,0,0,8.0,0.0,32451.83,0.0,32451.83,0.0,9.46
2026-06-05T02:08:18.935+00:00,283878,34904cc0-20b0-44ef-a748-ca0f5d0a3cdb,,10,FAULT,0x0100,PI_LOST,0,1,1,0,1,0,0.0,0.0,0.0,1.243,0.0,149.16,111.87,0.0,0.0,34.87,-0.64,0.0,0.0,0.0,0.0,0.0,0.0,,0.0,0,0,0,0,0,8.0,0.0,32466.27,0.0,32466.27,0.0,-1.86
2026-06-05T02:08:19.128+00:00,284006,34904cc0-20b0-44ef-a748-ca0f5d0a3cdb,,10,FAULT,0x0100,PI_LOST,0,1,1,0,1,0,0.0,0.0,0.0,1.265,0.0,151.8,113.85,0.0,0.0,35.85,-0.52,0.0,0.0,0.0,0.0,0.0,0.0,,0.0,0,0,0,0,0,8.0,0.0,32480.84,0.0,32480.84,0.0,7.66
2026-06-05T02:08:19.237+00:00,284135,34904cc0-20b0-44ef-a748-ca0f5d0a3cdb,,10,FAULT,0x0100,PI_LOST,0,1,1,0,1,0,0.0,0.0,0.0,1.275,0.0,153.0,114.75,0.0,0.0,35.11,-0.52,0.0,0.0,0.0,0.0,0.0,0.0,,0.0,0,0,0,0,0,8.0,0.0,32495.64,0.0,32495.64,0.0,-5.74
2026-06-05T02:08:19.316+00:00,284264,34904cc0-20b0-44ef-a748-ca0f5d0a3cdb,,10,FAULT,0x0100,PI_LOST,0,1,1,0,1,0,0.0,0.0,0.0,1.262,0.0,151.44,113.58,0.0,0.0,34.13,-0.28,0.0,0.0,0.0,0.0,0.0,0.0,,0.0,0,0,0,0,0,8.0,0.0,32510.29,0.0,32510.29,0.0,-7.6
2026-06-05T02:08:19.444+00:00,284392,34904cc0-20b0-44ef-a748-ca0f5d0a3cdb,,10,FAULT,0x0100,PI_LOST,0,1,1,0,1,0,0.0,0.0,0.0,1.285,0.0,154.2,115.65,0.0,0.0,34.87,-0.64,0.0,0.0,0.0,0.0,0.0,0.0,,0.0,0,0,0,0,0,8.0,0.0,32525.1,0.0,32525.1,0.0,5.78
2026-06-05T02:08:19.574+00:00,284521,34904cc0-20b0-44ef-a748-ca0f5d0a3cdb,,10,FAULT,0x0100,PI_LOST,0,1,1,0,1,0,0.0,0.0,0.0,1.316,0.0,157.92,118.44,0.0,0.0,35.11,-0.52,0.0,0.0,0.0,0.0,0.0,0.0,,0.0,0,0,0,0,0,8.0,0.0,32540.37,0.0,32540.37,0.0,1.86
2026-06-05T02:08:19.791+00:00,284650,34904cc0-20b0-44ef-a748-ca0f5d0a3cdb,,10,FAULT,0x0100,PI_LOST,0,1,1,0,1,0,0.0,0.0,0.0,1.286,0.0,154.32,115.74,0.0,0.0,33.89,-0.64,0.0,0.0,0.0,0.0,0.0,0.0,,0.0,0,0,0,0,0,8.0,0.0,32555.31,0.0,32555.31,0.0,-9.46
2026-06-05T02:08:19.840+00:00,284779,34904cc0-20b0-44ef-a748-ca0f5d0a3cdb,,10,FAULT,0x0100,PI_LOST,0,1,1,0,1,0,0.0,0.855,0.0,1.274,0.0,152.88,114.66,0.0,0.0,35.6,-0.52,0.0,0.0,0.0,0.0,0.0,0.0,,0.0,0,0,0,0,0,8.0,0.0,32570.1,0.0,32570.1,0.0,13.26
2026-06-05T02:08:20.021+00:00,284908,34904cc0-20b0-44ef-a748-ca0f5d0a3cdb,,10,FAULT,0x0100,PI_LOST,0,1,1,0,1,0,0.0,0.904,0.0,1.27,0.0,152.4,114.3,0.0,0.0,35.85,-0.4,0.0,0.0,0.0,0.0,0.0,0.0,,0.0,0,0,0,0,0,8.0,0.0,32584.84,0.0,32584.84,0.0,1.94
2026-06-05T02:08:20.090+00:00,285036,34904cc0-20b0-44ef-a748-ca0f5d0a3cdb,,10,FAULT,0x0100,PI_LOST,0,1,1,0,1,0,0.0,0.268,0.0,1.28,0.0,153.6,115.2,0.0,0.0,34.87,-0.52,0.0,0.0,0.0,0.0,0.0,0.0,,0.0,0,0,0,0,0,8.0,0.0,32599.59,0.0,32599.59,0.0,-7.66
2026-06-05T02:08:20.218+00:00,285165,34904cc0-20b0-44ef-a748-ca0f5d0a3cdb,,10,FAULT,0x0100,PI_LOST,0,1,1,0,1,0,0.0,0.0,0.0,1.265,0.0,151.8,113.85,0.0,0.0,34.62,-0.52,0.0,0.0,0.0,0.0,0.0,0.0,,0.0,0,0,0,0,0,8.0,0.0,32614.27,0.0,32614.27,0.0,-1.94
2026-06-05T02:08:20.348+00:00,285294,34904cc0-20b0-44ef-a748-ca0f5d0a3cdb,,10,FAULT,0x0100,PI_LOST,0,1,1,0,1,0,0.0,0.171,0.0,1.279,0.0,153.48,115.11,0.0,0.0,36.09,-0.28,0.0,0.0,0.0,0.0,0.0,0.0,,0.0,0,0,0,0,0,8.0,0.0,32629.12,0.0,32629.12,0.0,11.4
2026-06-05T02:08:20.560+00:00,285423,34904cc0-20b0-44ef-a748-ca0f5d0a3cdb,,10,FAULT,0x0100,PI_LOST,0,1,1,0,1,0,0.0,0.024,0.0,1.26,0.0,151.2,113.4,0.0,0.0,35.36,-0.52,0.0,0.0,0.0,0.0,0.0,0.0,,0.0,0,0,0,0,0,8.0,0.0,32643.75,0.0,32643.75,0.0,-5.66
2026-06-05T02:08:20.661+00:00,285552,34904cc0-20b0-44ef-a748-ca0f5d0a3cdb,,10,FAULT,0x0100,PI_LOST,0,1,1,0,1,0,0.0,0.073,0.0,1.256,0.0,150.72,113.04,0.0,0.0,35.6,-0.52,0.0,0.0,0.0,0.0,0.0,0.0,,0.0,0,0,0,0,0,8.0,0.0,32658.33,0.0,32658.33,0.0,1.86
2026-06-05T02:08:20.754+00:00,285681,34904cc0-20b0-44ef-a748-ca0f5d0a3cdb,,10,FAULT,0x0100,PI_LOST,0,1,1,0,1,0,0.0,0.0,0.0,1.242,0.0,149.04,111.78,0.0,0.0,34.62,-0.64,0.0,0.0,0.0,0.0,0.0,0.0,,0.0,0,0,0,0,0,8.0,0.0,32672.75,0.0,32672.75,0.0,-7.6
2026-06-05T02:08:20.864+00:00,285809,34904cc0-20b0-44ef-a748-ca0f5d0a3cdb,,10,FAULT,0x0100,PI_LOST,0,1,1,0,1,0,0.0,0.0,0.0,1.246,0.0,149.52,112.14,0.0,0.0,34.62,-0.52,0.0,0.0,0.0,0.0,0.0,0.0,,0.0,0,0,0,0,0,8.0,0.0,32687.11,0.0,32687.11,0.0,0.0
2026-06-05T02:08:21.003+00:00,285948,34904cc0-20b0-44ef-a748-ca0f5d0a3cdb,,10,FAULT,0x0100,PI_LOST,0,1,1,0,1,0,0.0,0.0,0.0,1.223,0.0,146.76,110.07,0.0,0.0,35.6,-0.4,0.0,0.0,0.0,0.0,0.0,0.0,14.1,0.0,0,0,0,0,0,8.0,0.0,32702.41,0.0,32702.41,0.0,7.05
2026-06-05T02:08:21.119+00:00,286065,34904cc0-20b0-44ef-a748-ca0f5d0a3cdb,,10,FAULT,0x0100,PI_LOST,0,1,1,0,1,0,0.0,0.268,0.0,1.305,0.0,156.6,117.45,0.0,0.0,35.6,-0.4,0.0,0.0,0.0,0.0,0.0,0.0,17.2,0.0,0,0,0,0,0,8.0,0.0,32716.15,0.0,32716.15,0.0,0.0
