timestamp_iso,timestamp_ms,session_id,test_id,state,state_name,fault_flags_hex,fault_list,estop,arm,mode_air,mode_water,charge,discharge,v_alt_V,i_load_A,power_alt_W,i_pump_A,i_comp_A,power_pump_VA,power_pump_W,power_comp_VA,power_comp_W,p1_vessel_psi,p2_motor_psi,p_hydro_mbar,temp_water_C,depth_cm,rpm_alt,rpm_water,water_valve_cmd_pct,water_valve_fb_pct,air_pulse_hz,compressor_on,pump_on,air_arm_open,water_valve_open,air_pulsing,v_setpoint_V,energy_alt_J,energy_pump_J,energy_comp_J,energy_input_J,eta_round_trip_pct,dp1_dt_psi_per_s
2026-06-05T07:41:33.896+00:00,862,7bf0e23b-e546-4171-8243-7b016fd37d6e,,1,OFF,0x0000,NONE,0,0,0,0,0,0,0.0,0.61,0.0,0.0,0.0,0.0,0.0,0.0,0.0,-1.53,112.5,1013.0,20.3,9.1,0.0,0.0,0.0,,0.0,0,0,0,0,0,4.2,0.0,0.0,0.0,0.0,0.0,0.0
2026-06-05T07:41:34.065+00:00,1033,7bf0e23b-e546-4171-8243-7b016fd37d6e,,1,OFF,0x0000,NONE,0,0,0,0,0,0,0.0,0.024,0.0,0.0,0.0,0.0,0.0,0.0,0.0,0.0,112.5,1013.1,20.3,9.1,0.0,0.0,0.0,,0.0,0,0,0,0,0,4.2,0.0,0.0,0.0,0.0,0.0,8.95
2026-06-05T07:41:34.237+00:00,1205,7bf0e23b-e546-4171-8243-7b016fd37d6e,,1,OFF,0x0000,NONE,0,0,0,0,0,0,0.0,0.904,0.0,0.0,0.0,0.0,0.0,0.0,0.0,0.65,112.5,1013.1,20.3,9.1,0.0,0.0,0.0,,0.0,0,0,0,0,0,4.2,0.0,0.0,0.0,0.0,0.0,3.78
2026-06-05T07:41:34.409+00:00,1376,7bf0e23b-e546-4171-8243-7b016fd37d6e,,1,OFF,0x0000,NONE,0,0,0,0,0,0,0.0,0.366,0.0,0.0,0.0,0.0,0.0,0.0,0.0,0.0,111.15,1013.0,20.3,9.1,0.0,0.0,0.0,,0.0,0,0,0,0,0,4.2,0.0,0.0,0.0,0.0,0.0,-3.8
2026-06-05T07:41:34.581+00:00,1547,7bf0e23b-e546-4171-8243-7b016fd37d6e,,1,OFF,0x0000,NONE,0,0,0,0,0,0,0.0,0.024,0.0,0.0,0.0,0.0,0.0,0.0,0.0,0.0,112.5,1013.0,20.3,9.1,0.0,0.0,0.0,,0.0,0,0,0,0,0,4.2,0.0,0.0,0.0,0.0,0.0,0.0
2026-06-05T07:41:34.752+00:00,1718,7bf0e23b-e546-4171-8243-7b016fd37d6e,,1,OFF,0x0000,NONE,0,0,0,0,0,0,0.0,0.757,0.0,0.0,0.0,0.0,0.0,0.0,0.0,0.0,112.5,1013.0,20.3,9.1,0.0,0.0,0.0,,0.0,0,0,0,0,0,4.2,0.0,0.0,0.0,0.0,0.0,0.0
2026-06-05T07:41:34.921+00:00,1889,7bf0e23b-e546-4171-8243-7b016fd37d6e,,1,OFF,0x0000,NONE,0,0,0,0,0,0,0.0,0.0,0.0,0.0,0.0,0.0,0.0,0.0,0.0,0.0,108.34,1013.0,20.3,9.1,0.0,0.0,0.0,,0.0,0,0,0,0,0,4.2,0.0,0.0,0.0,0.0,0.0,0.0
2026-06-05T07:41:35.093+00:00,2060,7bf0e23b-e546-4171-8243-7b016fd37d6e,,1,OFF,0x0000,NONE,0,0,0,0,0,0,0.0,0.659,0.0,0.0,0.0,0.0,0.0,0.0,0.0,0.0,112.5,1013.0,20.3,9.1,0.0,0.0,0.0,,0.0,0,0,0,0,0,4.2,0.0,0.0,0.0,0.0,0.0,0.0
2026-06-05T07:41:35.265+00:00,2232,7bf0e23b-e546-4171-8243-7b016fd37d6e,,1,OFF,0x0000,NONE,0,0,0,0,0,0,0.0,0.0,0.0,0.0,0.0,0.0,0.0,0.0,0.0,-0.31,112.25,1013.0,20.3,9.0,0.0,0.0,0.0,,0.0,0,0,0,0,0,4.2,0.0,0.0,0.0,0.0,0.0,-1.8
2026-06-05T07:41:35.437+00:00,2403,7bf0e23b-e546-4171-8243-7b016fd37d6e,,1,OFF,0x0000,NONE,0,0,0,0,0,0,0.0,0.855,0.0,0.0,0.0,0.0,0.0,0.0,0.0,0.0,112.5,1013.1,20.3,9.1,0.0,0.0,0.0,,0.0,0,0,0,0,0,4.2,0.0,0.0,0.0,0.0,0.0,1.81
2026-06-05T07:41:35.609+00:00,2574,7bf0e23b-e546-4171-8243-7b016fd37d6e,,1,OFF,0x0000,NONE,0,0,0,0,0,0,0.0,0.366,0.0,0.0,0.0,0.0,0.0,0.0,0.0,-1.29,109.32,1013.1,20.3,9.1,0.0,0.0,0.0,,0.0,0,0,0,0,0,4.2,0.0,0.0,0.0,0.0,0.0,-7.54
2026-06-05T07:41:35.780+00:00,2746,7bf0e23b-e546-4171-8243-7b016fd37d6e,,1,OFF,0x0000,NONE,0,0,0,0,0,0,0.0,0.0,0.0,0.0,0.0,0.0,0.0,0.0,0.0,-0.56,112.5,1013.1,20.3,9.1,0.0,0.0,0.0,,0.0,0,0,0,0,0,4.2,0.0,0.0,0.0,0.0,0.0,4.24
2026-06-05T07:41:35.952+00:00,2917,7bf0e23b-e546-4171-8243-7b016fd37d6e,,1,OFF,0x0000,NONE,0,0,0,0,0,0,0.0,0.806,0.0,0.0,0.0,0.0,0.0,0.0,0.0,-0.56,112.5,1013.1,20.3,9.1,0.0,0.0,0.0,,0.0,0,0,0,0,0,4.2,0.0,0.0,0.0,0.0,0.0,0.0
2026-06-05T07:41:36.121+00:00,3088,7bf0e23b-e546-4171-8243-7b016fd37d6e,,1,OFF,0x0000,NONE,0,0,0,0,0,0,0.0,0.366,0.0,0.0,0.0,0.0,0.0,0.0,0.0,0.0,110.05,1013.1,20.3,9.1,0.0,0.0,0.0,,0.0,0,0,0,0,0,4.2,0.0,0.0,0.0,0.0,0.0,3.27
2026-06-05T07:41:36.293+00:00,3259,7bf0e23b-e546-4171-8243-7b016fd37d6e,,1,OFF,0x0000,NONE,0,0,0,0,0,0,0.0,0.904,0.0,0.0,0.0,0.0,0.0,0.0,0.0,0.0,107.97,1013.1,20.4,9.1,0.0,0.0,0.0,,0.0,0,0,0,0,0,4.2,0.0,0.0,0.0,0.0,0.0,0.0
2026-06-05T07:41:36.465+00:00,3431,7bf0e23b-e546-4171-8243-7b016fd37d6e,,1,OFF,0x0000,NONE,0,0,0,0,0,0,0.0,0.904,0.0,0.0,0.0,0.0,0.0,0.0,0.0,0.0,112.5,1013.0,20.3,9.0,0.0,0.0,0.0,,0.0,0,0,0,0,0,4.2,0.0,0.0,0.0,0.0,0.0,0.0
2026-06-05T07:41:36.637+00:00,3602,7bf0e23b-e546-4171-8243-7b016fd37d6e,,1,OFF,0x0000,NONE,0,0,0,0,0,0,0.0,0.268,0.0,0.0,0.0,0.0,0.0,0.0,0.0,0.0,111.03,1013.0,20.4,9.1,0.0,0.0,0.0,,0.0,0,0,0,0,0,4.2,0.0,0.0,0.0,0.0,0.0,0.0
2026-06-05T07:41:36.809+00:00,3773,7bf0e23b-e546-4171-8243-7b016fd37d6e,,1,OFF,0x0000,NONE,0,0,0,0,0,0,0.0,1.295,0.0,0.0,0.0,0.0,0.0,0.0,0.0,0.0,112.5,1013.1,20.4,9.1,0.0,0.0,0.0,,0.0,0,0,0,0,0,4.2,0.0,0.0,0.0,0.0,0.0,0.0
2026-06-05T07:41:36.980+00:00,3944,7bf0e23b-e546-4171-8243-7b016fd37d6e,,1,OFF,0x0000,NONE,0,0,0,0,0,0,0.0,0.513,0.0,0.0,0.0,0.0,0.0,0.0,0.0,0.0,112.5,1013.1,20.4,9.1,0.0,0.0,0.0,,0.0,0,0,0,0,0,4.2,0.0,0.0,0.0,0.0,0.0,0.0
2026-06-05T07:41:37.152+00:00,4115,7bf0e23b-e546-4171-8243-7b016fd37d6e,,1,OFF,0x0000,NONE,0,0,0,0,0,0,0.0,0.171,0.0,0.0,0.0,0.0,0.0,0.0,0.0,0.41,112.5,1013.1,20.4,9.1,0.0,0.0,0.0,,0.0,0,0,0,0,0,4.2,0.0,0.0,0.0,0.0,0.0,2.4
2026-06-05T07:41:37.321+00:00,4287,7bf0e23b-e546-4171-8243-7b016fd37d6e,,1,OFF,0x0000,NONE,0,0,0,0,0,0,0.0,0.073,0.0,0.0,0.0,0.0,0.0,0.0,0.0,0.0,107.97,1013.1,20.4,9.1,0.0,0.0,0.0,,0.0,0,0,0,0,0,4.2,0.0,0.0,0.0,0.0,0.0,-2.38
2026-06-05T07:41:37.493+00:00,4458,7bf0e23b-e546-4171-8243-7b016fd37d6e,,1,OFF,0x0000,NONE,0,0,0,0,0,0,0.0,0.0,0.0,0.0,0.0,0.0,0.0,0.0,0.0,-0.56,111.4,1013.1,20.3,9.1,0.0,0.0,0.0,,0.0,0,0,0,0,0,4.2,0.0,0.0,0.0,0.0,0.0,-3.27
2026-06-05T07:41:37.665+00:00,4629,7bf0e23b-e546-4171-8243-7b016fd37d6e,,1,OFF,0x0000,NONE,0,0,0,0,0,0,0.0,0.757,0.0,0.0,0.0,0.0,0.0,0.0,0.0,0.65,112.5,1013.1,20.4,9.1,0.0,0.0,0.0,,0.0,0,0,0,0,0,4.2,0.0,0.0,0.0,0.0,0.0,7.08
2026-06-05T07:41:37.837+00:00,4801,7bf0e23b-e546-4171-8243-7b016fd37d6e,,1,OFF,0x0000,NONE,0,0,0,0,0,0,0.0,0.219,0.0,0.0,0.0,0.0,0.0,0.0,0.0,-1.05,110.54,1013.0,20.4,9.1,0.0,0.0,0.0,,0.0,0,0,0,0,0,4.2,0.0,0.0,0.0,0.0,0.0,-9.88
2026-06-05T07:41:38.009+00:00,4972,7bf0e23b-e546-4171-8243-7b016fd37d6e,,1,OFF,0x0000,NONE,0,0,0,0,0,0,0.0,0.0,0.0,0.0,0.0,0.0,0.0,0.0,0.0,-0.31,107.73,1013.0,20.4,9.1,0.0,0.0,0.0,,0.0,0,0,0,0,0,4.2,0.0,0.0,0.0,0.0,0.0,4.33
2026-06-05T07:41:38.180+00:00,5143,7bf0e23b-e546-4171-8243-7b016fd37d6e,,1,OFF,0x0000,NONE,0,0,0,0,0,0,0.0,0.757,0.0,0.0,0.0,0.0,0.0,0.0,0.0,-0.56,112.5,1013.0,20.4,9.1,0.0,0.0,0.0,,0.0,0,0,0,0,0,4.2,0.0,0.0,0.0,0.0,0.0,-1.46
2026-06-05T07:41:38.353+00:00,5315,7bf0e23b-e546-4171-8243-7b016fd37d6e,,1,OFF,0x0000,NONE,0,0,0,0,0,0,0.0,0.415,0.0,0.0,0.0,0.0,0.0,0.0,0.0,0.0,112.5,1013.1,20.4,9.1,0.0,0.0,0.0,,0.0,0,0,0,0,0,4.2,0.0,0.0,0.0,0.0,0.0,3.26
2026-06-05T07:41:38.521+00:00,5486,7bf0e23b-e546-4171-8243-7b016fd37d6e,,1,OFF,0x0000,NONE,0,0,0,0,0,0,0.0,0.562,0.0,0.0,0.0,0.0,0.0,0.0,0.0,-0.8,111.76,1013.1,20.4,9.1,0.0,0.0,0.0,,0.0,0,0,0,0,0,4.2,0.0,0.0,0.0,0.0,0.0,-4.68
2026-06-05T07:41:38.693+00:00,5657,7bf0e23b-e546-4171-8243-7b016fd37d6e,,2,ARMED_IDLE,0x0000,NONE,0,1,0,0,0,0,0.0,0.757,0.0,0.0,0.0,0.0,0.0,0.0,0.0,-0.31,112.5,1013.1,20.4,9.1,0.0,0.0,0.0,,0.0,0,0,0,0,0,4.2,0.0,0.0,0.0,0.0,0.0,2.87
2026-06-05T07:41:38.865+00:00,5829,7bf0e23b-e546-4171-8243-7b016fd37d6e,,2,ARMED_IDLE,0x0000,NONE,0,1,0,0,0,0,0.0,0.855,0.0,0.0,0.0,0.0,0.0,0.0,0.0,-1.29,112.5,1013.1,20.4,9.1,0.0,0.0,0.0,,0.0,0,0,0,0,0,4.2,0.0,0.0,0.0,0.0,0.0,-5.7
2026-06-05T07:41:39.037+00:00,6000,7bf0e23b-e546-4171-8243-7b016fd37d6e,,2,ARMED_IDLE,0x0000,NONE,0,1,0,0,0,0,0.0,1.246,0.0,0.0,0.0,0.0,0.0,0.0,0.0,0.0,107.61,1013.1,20.4,9.1,0.0,0.0,0.0,,0.0,0,0,0,0,0,4.2,0.0,0.0,0.0,0.0,0.0,7.54
2026-06-05T07:41:39.209+00:00,6171,7bf0e23b-e546-4171-8243-7b016fd37d6e,,2,ARMED_IDLE,0x0000,NONE,0,1,0,0,0,0,0.0,0.855,0.0,0.0,0.0,0.0,0.0,0.0,0.0,0.41,112.5,1013.0,20.4,9.1,0.0,0.0,0.0,,0.0,0,0,0,0,0,4.2,0.0,0.0,0.0,0.0,0.0,2.4
2026-06-05T07:41:39.381+00:00,6343,7bf0e23b-e546-4171-8243-7b016fd37d6e,,2,ARMED_IDLE,0x0000,NONE,0,1,0,0,0,0,0.0,0.415,0.0,0.0,0.0,0.0,0.0,0.0,0.0,-0.31,112.5,1013.0,20.4,9.0,0.0,0.0,0.0,,0.0,0,0,0,0,0,4.2,0.0,0.0,0.0,0.0,0.0,-4.19
2026-06-05T07:41:39.553+00:00,6514,7bf0e23b-e546-4171-8243-7b016fd37d6e,,2,ARMED_IDLE,0x0000,NONE,0,1,0,0,0,0,0.0,0.562,0.0,0.0,0.0,0.0,0.0,0.0,0.0,0.41,112.5,1013.1,20.4,9.1,0.0,0.0,0.0,,0.0,0,0,0,0,0,4.2,0.0,0.0,0.0,0.0,0.0,4.21
2026-06-05T07:41:39.724+00:00,6686,7bf0e23b-e546-4171-8243-7b016fd37d6e,,2,ARMED_IDLE,0x0000,NONE,0,1,0,0,0,0,0.0,0.513,0.0,0.0,0.0,0.0,0.0,0.0,0.0,0.0,110.42,1013.1,20.4,9.1,0.0,0.0,0.0,,0.0,0,0,0,0,0,4.2,0.0,0.0,0.0,0.0,0.0,-2.38
2026-06-05T07:41:39.893+00:00,6857,7bf0e23b-e546-4171-8243-7b016fd37d6e,,2,ARMED_IDLE,0x0000,NONE,0,1,0,0,0,0,0.0,0.219,0.0,0.0,0.0,0.0,0.0,0.0,0.0,0.65,112.5,1013.1,20.4,9.1,0.0,0.0,0.0,,0.0,0,0,0,0,0,4.2,0.0,0.0,0.0,0.0,0.0,3.8
2026-06-05T07:41:40.065+00:00,7028,7bf0e23b-e546-4171-8243-7b016fd37d6e,,2,ARMED_IDLE,0x0000,NONE,0,1,0,0,0,0,0.0,0.268,0.0,0.0,0.0,0.0,0.0,0.0,0.0,0.0,112.5,1013.1,20.4,9.1,0.0,0.0,0.0,,0.0,0,0,0,0,0,4.2,0.0,0.0,0.0,0.0,0.0,-3.8
2026-06-05T07:41:40.237+00:00,7199,7bf0e23b-e546-4171-8243-7b016fd37d6e,,2,ARMED_IDLE,0x0000,NONE,0,1,0,0,0,0,0.0,0.0,0.0,0.0,0.0,0.0,0.0,0.0,0.0,0.41,106.51,1013.1,20.4,9.1,0.0,0.0,0.0,,0.0,0,0,0,0,0,4.2,0.0,0.0,0.0,0.0,0.0,2.4
2026-06-05T07:41:40.409+00:00,7370,7bf0e23b-e546-4171-8243-7b016fd37d6e,,2,ARMED_IDLE,0x0000,NONE,0,1,0,0,0,0,0.0,0.073,0.0,0.0,0.0,0.0,0.0,0.0,0.0,-1.53,110.66,1013.1,20.4,9.1,0.0,0.0,0.0,,0.0,0,0,0,0,0,4.2,0.0,0.0,0.0,0.0,0.0,-11.35
2026-06-05T07:41:40.581+00:00,7542,7bf0e23b-e546-4171-8243-7b016fd37d6e,,2,ARMED_IDLE,0x0000,NONE,0,1,0,0,0,0,0.0,0.268,0.0,0.0,0.0,0.0,0.0,0.0,0.0,-1.05,112.5,1013.1,20.4,9.1,0.0,0.0,0.0,,0.0,0,0,0,0,0,4.2,0.0,0.0,0.0,0.0,0.0,2.79
2026-06-05T07:41:40.753+00:00,7713,7bf0e23b-e546-4171-8243-7b016fd37d6e,,2,ARMED_IDLE,0x0000,NONE,0,1,0,0,0,0,0.0,0.366,0.0,0.0,0.0,0.0,0.0,0.0,0.0,-1.05,111.4,1013.1,20.4,9.1,0.0,0.0,0.0,,0.0,0,0,0,0,0,4.2,0.0,0.0,0.0,0.0,0.0,0.0
2026-06-05T07:41:40.925+00:00,7885,7bf0e23b-e546-4171-8243-7b016fd37d6e,,2,ARMED_IDLE,0x0000,NONE,0,1,0,0,0,0,0.0,0.659,0.0,0.0,0.0,0.0,0.0,0.0,0.0,0.65,111.52,1013.0,20.4,9.0,0.0,0.0,0.0,,0.0,0,0,0,0,0,4.2,0.0,0.0,0.0,0.0,0.0,9.88
2026-06-05T07:41:41.097+00:00,8056,7bf0e23b-e546-4171-8243-7b016fd37d6e,,2,ARMED_IDLE,0x0000,NONE,0,1,0,0,0,0,0.0,0.659,0.0,0.0,0.0,0.0,0.0,0.0,0.0,0.0,112.5,1013.0,20.4,9.1,0.0,0.0,0.0,,0.0,0,0,0,0,0,4.2,0.0,0.0,0.0,0.0,0.0,-3.8
2026-06-05T07:41:41.266+00:00,8227,7bf0e23b-e546-4171-8243-7b016fd37d6e,,2,ARMED_IDLE,0x0000,NONE,0,1,0,0,0,0,0.0,0.268,0.0,0.0,0.0,0.0,0.0,0.0,0.0,-0.31,112.5,1013.1,20.4,9.1,0.0,0.0,0.0,,0.0,0,0,0,0,0,4.2,0.0,0.0,0.0,0.0,0.0,-1.81
2026-06-05T07:41:41.438+00:00,8399,7bf0e23b-e546-4171-8243-7b016fd37d6e,,2,ARMED_IDLE,0x0000,NONE,0,1,0,0,0,0,0.0,0.904,0.0,0.0,0.0,0.0,0.0,0.0,0.0,0.41,105.9,1013.1,20.4,9.1,0.0,0.0,0.0,,0.0,0,0,0,0,0,4.2,0.0,0.0,0.0,0.0,0.0,4.19
2026-06-05T07:41:41.610+00:00,8570,7bf0e23b-e546-4171-8243-7b016fd37d6e,,2,ARMED_IDLE,0x0000,NONE,0,1,0,0,0,0,0.0,0.0,0.0,0.0,0.0,0.0,0.0,0.0,0.0,0.0,109.68,1013.1,20.4,9.1,0.0,0.0,0.0,,0.0,0,0,0,0,0,4.2,0.0,0.0,0.0,0.0,0.0,-2.4
2026-06-05T07:41:41.781+00:00,8741,7bf0e23b-e546-4171-8243-7b016fd37d6e,,2,ARMED_IDLE,0x0000,NONE,0,1,0,0,0,0,0.0,0.024,0.0,0.0,0.0,0.0,0.0,0.0,0.0,0.0,112.5,1013.0,20.4,9.1,0.0,0.0,0.0,,0.0,0,0,0,0,0,4.2,0.0,0.0,0.0,0.0,0.0,0.0
2026-06-05T07:41:41.953+00:00,8912,7bf0e23b-e546-4171-8243-7b016fd37d6e,,2,ARMED_IDLE,0x0000,NONE,0,1,0,0,0,0,0.0,0.0,0.0,0.0,0.0,0.0,0.0,0.0,0.0,-0.31,108.1,1013.1,20.4,9.1,0.0,0.0,0.0,,0.0,0,0,0,0,0,4.2,0.0,0.0,0.0,0.0,0.0,-1.81
2026-06-05T07:41:42.126+00:00,9085,7bf0e23b-e546-4171-8243-7b016fd37d6e,,2,ARMED_IDLE,0x0000,NONE,0,1,0,0,0,0,0.0,0.0,0.0,0.0,0.0,0.0,0.0,0.0,0.0,-0.31,107.49,1013.0,20.4,9.1,0.0,0.0,0.0,,0.0,0,0,0,0,0,4.2,0.0,0.0,0.0,0.0,0.0,0.0
2026-06-05T07:41:42.301+00:00,9260,7bf0e23b-e546-4171-8243-7b016fd37d6e,,2,ARMED_IDLE,0x0000,NONE,0,1,0,0,0,0,0.0,0.0,0.0,0.0,0.0,0.0,0.0,0.0,0.0,0.41,112.5,1013.0,20.4,9.1,0.0,0.0,0.0,,0.0,0,0,0,0,0,4.2,0.0,0.0,0.0,0.0,0.0,4.11
2026-06-05T07:41:42.474+00:00,9435,7bf0e23b-e546-4171-8243-7b016fd37d6e,,2,ARMED_IDLE,0x0000,NONE,0,1,0,0,0,0,0.0,0.024,0.0,0.0,0.0,0.0,0.0,0.0,0.0,-0.8,110.54,1013.0,20.4,9.1,0.0,0.0,0.0,,0.0,0,0,0,0,0,4.2,0.0,0.0,0.0,0.0,0.0,-6.91
2026-06-05T07:41:42.650+00:00,9610,7bf0e23b-e546-4171-8243-7b016fd37d6e,,2,ARMED_IDLE,0x0000,NONE,0,1,0,0,0,0,0.0,0.415,0.0,0.0,0.0,0.0,0.0,0.0,0.0,0.0,112.5,1013.0,20.4,9.0,0.0,0.0,0.0,,0.0,0,0,0,0,0,4.2,0.0,0.0,0.0,0.0,0.0,4.57
2026-06-05T07:41:42.825+00:00,9784,7bf0e23b-e546-4171-8243-7b016fd37d6e,,2,ARMED_IDLE,0x0000,NONE,0,1,0,0,0,0,0.0,0.708,0.0,0.0,0.0,0.0,0.0,0.0,0.0,-0.56,111.64,1013.1,20.4,9.1,0.0,0.0,0.0,,0.0,0,0,0,0,0,4.2,0.0,0.0,0.0,0.0,0.0,-3.22
2026-06-05T07:41:42.999+00:00,9959,7bf0e23b-e546-4171-8243-7b016fd37d6e,,2,ARMED_IDLE,0x0000,NONE,0,1,0,0,0,0,0.0,0.708,0.0,0.0,0.0,0.0,0.0,0.0,0.0,0.41,112.5,1013.1,20.4,9.1,0.0,0.0,0.0,,0.0,0,0,0,0,0,4.2,0.0,0.0,0.0,0.0,0.0,5.54
2026-06-05T07:41:43.174+00:00,10133,7bf0e23b-e546-4171-8243-7b016fd37d6e,,2,ARMED_IDLE,0x0000,NONE,0,1,0,0,0,0,0.0,0.953,0.0,0.0,0.0,0.0,0.0,0.0,0.0,0.41,106.51,1013.1,20.4,9.1,0.0,0.0,0.0,,0.0,0,0,0,0,0,4.2,0.0,0.0,0.0,0.0,0.0,0.0
2026-06-05T07:41:43.350+00:00,10308,7bf0e23b-e546-4171-8243-7b016fd37d6e,,2,ARMED_IDLE,0x0000,NONE,0,1,0,0,0,0,0.0,0.0,0.0,0.0,0.0,0.0,0.0,0.0,0.0,-0.8,112.5,1013.1,20.4,9.1,0.0,0.0,0.0,,0.0,0,0,0,0,0,4.2,0.0,0.0,0.0,0.0,0.0,-6.91
2026-06-05T07:41:43.526+00:00,10483,7bf0e23b-e546-4171-8243-7b016fd37d6e,,2,ARMED_IDLE,0x0000,NONE,0,1,0,0,0,0,0.0,0.0,0.0,0.0,0.0,0.0,0.0,0.0,0.0,1.14,107.73,1013.0,20.4,9.1,0.0,0.0,0.0,,0.0,0,0,0,0,0,4.2,0.0,0.0,0.0,0.0,0.0,11.09
2026-06-05T07:41:43.699+00:00,10658,7bf0e23b-e546-4171-8243-7b016fd37d6e,,2,ARMED_IDLE,0x0000,NONE,0,1,0,0,0,0,0.0,0.171,0.0,0.0,0.0,0.0,0.0,0.0,0.0,-1.29,112.5,1013.0,20.4,9.1,0.0,0.0,0.0,,0.0,0,0,0,0,0,4.2,0.0,0.0,0.0,0.0,0.0,-13.89
2026-06-05T07:41:43.874+00:00,10832,7bf0e23b-e546-4171-8243-7b016fd37d6e,,2,ARMED_IDLE,0x0000,NONE,0,1,0,0,0,0,0.0,0.757,0.0,0.0,0.0,0.0,0.0,0.0,0.0,0.9,105.16,1013.0,20.4,9.0,0.0,0.0,0.0,,0.0,0,0,0,0,0,4.2,0.0,0.0,0.0,0.0,0.0,12.59
2026-06-05T07:41:44.050+00:00,11008,7bf0e23b-e546-4171-8243-7b016fd37d6e,,2,ARMED_IDLE,0x0000,NONE,0,1,0,0,0,0,0.0,0.171,0.0,0.0,0.0,0.0,0.0,0.0,0.0,-0.56,112.5,1013.0,20.4,9.1,0.0,0.0,0.0,,0.0,0,0,0,0,0,4.2,0.0,0.0,0.0,0.0,0.0,-8.3
2026-06-05T07:41:44.226+00:00,11183,7bf0e23b-e546-4171-8243-7b016fd37d6e,,2,ARMED_IDLE,0x0000,NONE,0,1,0,0,0,0,0.0,0.219,0.0,0.0,0.0,0.0,0.0,0.0,0.0,-0.8,110.3,1013.0,20.4,9.1,0.0,0.0,0.0,,0.0,0,0,0,0,0,4.2,0.0,0.0,0.0,0.0,0.0,-1.37
2026-06-05T07:41:44.399+00:00,11358,7bf0e23b-e546-4171-8243-7b016fd37d6e,,2,ARMED_IDLE,0x0000,NONE,0,1,0,0,0,0,0.0,0.0,0.0,0.0,0.0,0.0,0.0,0.0,0.0,1.14,111.52,1013.1,20.4,9.1,0.0,0.0,0.0,,0.0,0,0,0,0,0,4.2,0.0,0.0,0.0,0.0,0.0,11.09
2026-06-05T07:41:44.575+00:00,11533,7bf0e23b-e546-4171-8243-7b016fd37d6e,,2,ARMED_IDLE,0x0000,NONE,0,1,0,0,0,0,0.0,0.0,0.0,0.0,0.0,0.0,0.0,0.0,0.0,0.65,107.0,1013.1,20.4,9.1,0.0,0.0,0.0,,0.0,0,0,0,0,0,4.2,0.0,0.0,0.0,0.0,0.0,-2.8
2026-06-05T07:41:44.750+00:00,11707,7bf0e23b-e546-4171-8243-7b016fd37d6e,,2,ARMED_IDLE,0x0000,NONE,0,1,0,0,0,0,0.0,0.073,0.0,0.0,0.0,0.0,0.0,0.0,0.0,0.0,112.5,1013.1,20.4,9.1,0.0,0.0,0.0,,0.0,0,0,0,0,0,4.2,0.0,0.0,0.0,0.0,0.0,-3.74
2026-06-05T07:41:44.924+00:00,11882,7bf0e23b-e546-4171-8243-7b016fd37d6e,,2,ARMED_IDLE,0x0000,NONE,0,1,0,0,0,0,0.0,0.366,0.0,0.0,0.0,0.0,0.0,0.0,0.0,-1.05,109.81,1013.0,20.4,9.1,0.0,0.0,0.0,,0.0,0,0,0,0,0,4.2,0.0,0.0,0.0,0.0,0.0,-6.0
2026-06-05T07:41:45.099+00:00,12057,7bf0e23b-e546-4171-8243-7b016fd37d6e,,2,ARMED_IDLE,0x0000,NONE,0,1,0,0,0,0,0.0,0.0,0.0,0.0,0.0,0.0,0.0,0.0,0.0,0.65,112.5,1013.0,20.4,9.0,0.0,0.0,0.0,,0.0,0,0,0,0,0,4.2,0.0,0.0,0.0,0.0,0.0,9.71
2026-06-05T07:41:45.275+00:00,12231,7bf0e23b-e546-4171-8243-7b016fd37d6e,,2,ARMED_IDLE,0x0000,NONE,0,1,0,0,0,0,0.0,0.366,0.0,0.0,0.0,0.0,0.0,0.0,0.0,-0.56,108.83,1013.0,20.4,9.1,0.0,0.0,0.0,,0.0,0,0,0,0,0,4.2,0.0,0.0,0.0,0.0,0.0,-6.95
2026-06-05T07:41:45.448+00:00,12406,7bf0e23b-e546-4171-8243-7b016fd37d6e,,2,ARMED_IDLE,0x0000,NONE,0,1,0,0,0,0,0.0,0.0,0.0,0.0,0.0,0.0,0.0,0.0,0.0,0.65,112.13,1013.0,20.4,9.0,0.0,0.0,0.0,,0.0,0,0,0,0,0,4.2,0.0,0.0,0.0,0.0,0.0,6.91
2026-06-05T07:41:45.624+00:00,12581,7bf0e23b-e546-4171-8243-7b016fd37d6e,,2,ARMED_IDLE,0x0000,NONE,0,1,0,0,0,0,0.0,0.0,0.0,0.0,0.0,0.0,0.0,0.0,0.0,0.9,106.87,1013.0,20.4,9.1,0.0,0.0,0.0,,0.0,0,0,0,0,0,4.2,0.0,0.0,0.0,0.0,0.0,1.43
2026-06-05T07:41:45.799+00:00,12755,7bf0e23b-e546-4171-8243-7b016fd37d6e,,2,ARMED_IDLE,0x0000,NONE,0,1,0,0,0,0,0.0,0.0,0.0,0.0,0.0,0.0,0.0,0.0,0.0,-0.31,112.5,1013.0,20.4,9.1,0.0,0.0,0.0,,0.0,0,0,0,0,0,4.2,0.0,0.0,0.0,0.0,0.0,-6.95
2026-06-05T07:41:45.975+00:00,12931,7bf0e23b-e546-4171-8243-7b016fd37d6e,,2,ARMED_IDLE,0x0000,NONE,0,1,0,0,0,0,0.0,0.513,0.0,0.0,0.0,0.0,0.0,0.0,0.0,0.0,110.78,1013.0,20.4,9.1,0.0,0.0,0.0,,0.0,0,0,0,0,0,4.2,0.0,0.0,0.0,0.0,0.0,1.76
2026-06-05T07:41:46.148+00:00,13105,7bf0e23b-e546-4171-8243-7b016fd37d6e,,2,ARMED_IDLE,0x0000,NONE,0,1,0,0,0,0,0.0,0.0,0.0,0.0,0.0,0.0,0.0,0.0,0.0,1.14,112.5,1013.1,20.4,9.1,0.0,0.0,0.0,,0.0,0,0,0,0,0,4.2,0.0,0.0,0.0,0.0,0.0,6.55
2026-06-05T07:41:46.324+00:00,13280,7bf0e23b-e546-4171-8243-7b016fd37d6e,,2,ARMED_IDLE,0x0000,NONE,0,1,0,0,0,0,0.0,0.415,0.0,0.0,0.0,0.0,0.0,0.0,0.0,-1.29,110.3,1013.1,20.4,9.1,0.0,0.0,0.0,,0.0,0,0,0,0,0,4.2,0.0,0.0,0.0,0.0,0.0,-13.89
2026-06-05T07:41:46.500+00:00,13455,7bf0e23b-e546-4171-8243-7b016fd37d6e,,2,ARMED_IDLE,0x0000,NONE,0,1,0,0,0,0,0.0,0.904,0.0,0.0,0.0,0.0,0.0,0.0,0.0,-0.8,112.5,1013.1,20.4,9.1,0.0,0.0,0.0,,0.0,0,0,0,0,0,4.2,0.0,0.0,0.0,0.0,0.0,2.8
2026-06-05T07:41:46.673+00:00,13630,7bf0e23b-e546-4171-8243-7b016fd37d6e,,2,ARMED_IDLE,0x0000,NONE,0,1,0,0,0,0,0.0,0.0,0.0,0.0,0.0,0.0,0.0,0.0,0.0,0.41,107.49,1013.1,20.4,9.1,0.0,0.0,0.0,,0.0,0,0,0,0,0,4.2,0.0,0.0,0.0,0.0,0.0,6.91
2026-06-05T07:41:46.849+00:00,13804,7bf0e23b-e546-4171-8243-7b016fd37d6e,,2,ARMED_IDLE,0x0000,NONE,0,1,0,0,0,0,0.0,0.317,0.0,0.0,0.0,0.0,0.0,0.0,0.0,-1.05,112.5,1013.0,20.4,9.0,0.0,0.0,0.0,,0.0,0,0,0,0,0,4.2,0.0,0.0,0.0,0.0,0.0,-8.39
2026-06-05T07:41:47.024+00:00,13979,7bf0e23b-e546-4171-8243-7b016fd37d6e,,2,ARMED_IDLE,0x0000,NONE,0,1,0,0,0,0,0.0,0.024,0.0,0.0,0.0,0.0,0.0,0.0,0.0,0.0,108.46,1013.0,20.4,9.1,0.0,0.0,0.0,,0.0,0,0,0,0,0,4.2,0.0,0.0,0.0,0.0,0.0,6.0
2026-06-05T07:41:47.200+00:00,14154,7bf0e23b-e546-4171-8243-7b016fd37d6e,,2,ARMED_IDLE,0x0000,NONE,0,1,0,0,0,0,0.0,0.61,0.0,0.0,0.0,0.0,0.0,0.0,0.0,-0.56,112.5,1013.0,20.4,9.0,0.0,0.0,0.0,,0.0,0,0,0,0,0,4.2,0.0,0.0,0.0,0.0,0.0,-3.2
2026-06-05T07:41:47.373+00:00,14329,7bf0e23b-e546-4171-8243-7b016fd37d6e,,2,ARMED_IDLE,0x0000,NONE,0,1,0,0,0,0,0.0,0.317,0.0,0.0,0.0,0.0,0.0,0.0,0.0,0.41,108.34,1013.1,20.4,9.1,0.0,0.0,0.0,,0.0,0,0,0,0,0,4.2,0.0,0.0,0.0,0.0,0.0,5.54
2026-06-05T07:41:47.549+00:00,14503,7bf0e23b-e546-4171-8243-7b016fd37d6e,,2,ARMED_IDLE,0x0000,NONE,0,1,0,0,0,0,0.0,0.0,0.0,0.0,0.0,0.0,0.0,0.0,0.0,-0.56,112.5,1013.0,20.4,9.1,0.0,0.0,0.0,,0.0,0,0,0,0,0,4.2,0.0,0.0,0.0,0.0,0.0,-5.57
2026-06-05T07:41:47.725+00:00,14679,7bf0e23b-e546-4171-8243-7b016fd37d6e,,2,ARMED_IDLE,0x0000,NONE,0,1,0,0,0,0,0.0,0.708,0.0,0.0,0.0,0.0,0.0,0.0,0.0,0.41,112.01,1013.1,20.4,9.1,0.0,0.0,0.0,,0.0,0,0,0,0,0,4.2,0.0,0.0,0.0,0.0,0.0,5.51
2026-06-05T07:41:47.900+00:00,14854,7bf0e23b-e546-4171-8243-7b016fd37d6e,,2,ARMED_IDLE,0x0000,NONE,0,1,0,0,0,0,0.0,0.024,0.0,0.0,0.0,0.0,0.0,0.0,0.0,-0.31,112.5,1013.0,20.4,9.1,0.0,0.0,0.0,,0.0,0,0,0,0,0,4.2,0.0,0.0,0.0,0.0,0.0,-4.11
2026-06-05T07:41:48.073+00:00,15028,7bf0e23b-e546-4171-8243-7b016fd37d6e,,2,ARMED_IDLE,0x0000,NONE,0,1,0,0,0,0,0.0,0.806,0.0,0.0,0.0,0.0,0.0,0.0,0.0,-0.8,111.27,1013.1,20.4,9.1,0.0,0.0,0.0,,0.0,0,0,0,0,0,4.2,0.0,0.0,0.0,0.0,0.0,-2.82
2026-06-05T07:41:48.249+00:00,15203,7bf0e23b-e546-4171-8243-7b016fd37d6e,,2,ARMED_IDLE,0x0000,NONE,0,1,0,0,0,0,0.0,0.659,0.0,0.0,0.0,0.0,0.0,0.0,0.0,-1.05,112.5,1013.0,20.4,9.0,0.0,0.0,0.0,,0.0,0,0,0,0,0,4.2,0.0,0.0,0.0,0.0,0.0,-1.43
2026-06-05T07:41:48.425+00:00,15378,7bf0e23b-e546-4171-8243-7b016fd37d6e,,2,ARMED_IDLE,0x0000,NONE,0,1,0,0,0,0,0.0,0.562,0.0,0.0,0.0,0.0,0.0,0.0,0.0,-0.31,111.64,1013.0,20.4,9.1,0.0,0.0,0.0,,0.0,0,0,0,0,0,4.2,0.0,0.0,0.0,0.0,0.0,4.23
2026-06-05T07:41:48.600+00:00,15553,7bf0e23b-e546-4171-8243-7b016fd37d6e,,2,ARMED_IDLE,0x0000,NONE,0,1,0,0,0,0,0.0,0.171,0.0,0.0,0.0,0.0,0.0,0.0,0.0,-0.8,112.5,1013.0,20.4,9.0,0.0,0.0,0.0,,0.0,0,0,0,0,0,4.2,0.0,0.0,0.0,0.0,0.0,-2.8
2026-06-05T07:41:48.774+00:00,15728,7bf0e23b-e546-4171-8243-7b016fd37d6e,,2,ARMED_IDLE,0x0000,NONE,0,1,0,0,0,0,0.0,0.0,0.0,0.0,0.0,0.0,0.0,0.0,0.0,-1.29,107.85,1013.1,20.4,9.1,0.0,0.0,0.0,,0.0,0,0,0,0,0,4.2,0.0,0.0,0.0,0.0,0.0,-2.8
2026-06-05T07:41:48.949+00:00,15903,7bf0e23b-e546-4171-8243-7b016fd37d6e,,2,ARMED_IDLE,0x0000,NONE,0,1,0,0,0,0,0.0,0.806,0.0,0.0,0.0,0.0,0.0,0.0,0.0,-0.31,112.5,1013.1,20.4,9.1,0.0,0.0,0.0,,0.0,0,0,0,0,0,4.2,0.0,0.0,0.0,0.0,0.0,5.6
2026-06-05T07:41:49.125+00:00,16078,7bf0e23b-e546-4171-8243-7b016fd37d6e,,2,ARMED_IDLE,0x0000,NONE,0,1,0,0,0,0,0.0,0.464,0.0,0.0,0.0,0.0,0.0,0.0,0.0,-0.56,109.44,1013.1,20.4,9.1,0.0,0.0,0.0,,0.0,0,0,0,0,0,4.2,0.0,0.0,0.0,0.0,0.0,-1.43
2026-06-05T07:41:49.298+00:00,16252,7bf0e23b-e546-4171-8243-7b016fd37d6e,,2,ARMED_IDLE,0x0000,NONE,0,1,0,0,0,0,0.0,0.0,0.0,0.0,0.0,0.0,0.0,0.0,0.0,-0.31,112.5,1013.0,20.4,9.1,0.0,0.0,0.0,,0.0,0,0,0,0,0,4.2,0.0,0.0,0.0,0.0,0.0,1.44
2026-06-05T07:41:49.474+00:00,16428,7bf0e23b-e546-4171-8243-7b016fd37d6e,,2,ARMED_IDLE,0x0000,NONE,0,1,0,0,0,0,0.0,0.0,0.0,0.0,0.0,0.0,0.0,0.0,0.0,0.41,107.49,1013.1,20.4,9.1,0.0,0.0,0.0,,0.0,0,0,0,0,0,4.2,0.0,0.0,0.0,0.0,0.0,4.09
2026-06-05T07:41:49.649+00:00,16603,7bf0e23b-e546-4171-8243-7b016fd37d6e,,2,ARMED_IDLE,0x0000,NONE,0,1,0,0,0,0,0.0,1.001,0.0,0.0,0.0,0.0,0.0,0.0,0.0,-0.56,112.5,1013.1,20.4,9.1,0.0,0.0,0.0,,0.0,0,0,0,0,0,4.2,0.0,0.0,0.0,0.0,0.0,-5.54
2026-06-05T07:41:49.825+00:00,16778,7bf0e23b-e546-4171-8243-7b016fd37d6e,,2,ARMED_IDLE,0x0000,NONE,0,1,0,0,0,0,0.0,0.415,0.0,0.0,0.0,0.0,0.0,0.0,0.0,-1.05,110.78,1013.0,20.4,9.0,0.0,0.0,0.0,,0.0,0,0,0,0,0,4.2,0.0,0.0,0.0,0.0,0.0,-2.8
2026-06-05T07:41:49.999+00:00,16952,7bf0e23b-e546-4171-8243-7b016fd37d6e,,2,ARMED_IDLE,0x0000,NONE,0,1,0,0,0,0,0.0,0.464,0.0,0.0,0.0,0.0,0.0,0.0,0.0,-0.8,112.5,1013.0,20.4,9.0,0.0,0.0,0.0,,0.0,0,0,0,0,0,4.2,0.0,0.0,0.0,0.0,0.0,1.44
2026-06-05T07:41:50.174+00:00,17127,7bf0e23b-e546-4171-8243-7b016fd37d6e,,2,ARMED_IDLE,0x0000,NONE,0,1,0,0,0,0,0.0,0.122,0.0,0.0,0.0,0.0,0.0,0.0,0.0,0.65,109.93,1013.0,20.4,9.1,0.0,0.0,0.0,,0.0,0,0,0,0,0,4.2,0.0,0.0,0.0,0.0,0.0,8.29
2026-06-05T07:41:50.350+00:00,17302,7bf0e23b-e546-4171-8243-7b016fd37d6e,,2,ARMED_IDLE,0x0000,NONE,0,1,0,0,0,0,0.0,0.0,0.0,0.0,0.0,0.0,0.0,0.0,0.0,0.41,112.5,1013.0,20.4,9.1,0.0,0.0,0.0,,0.0,0,0,0,0,0,4.2,0.0,0.0,0.0,0.0,0.0,-1.37
2026-06-05T07:41:50.525+00:00,17477,7bf0e23b-e546-4171-8243-7b016fd37d6e,,2,ARMED_IDLE,0x0000,NONE,0,1,0,1,0,0,0.0,0.0,0.0,0.0,0.0,0.0,0.0,0.0,0.0,-0.31,108.22,1013.1,20.4,9.1,0.0,0.0,0.0,,0.0,0,0,0,0,0,4.2,0.0,0.0,0.0,0.0,0.0,-4.11
2026-06-05T07:41:50.698+00:00,17651,7bf0e23b-e546-4171-8243-7b016fd37d6e,,2,ARMED_IDLE,0x0000,NONE,0,1,0,1,0,0,0.0,0.0,0.0,0.0,0.0,0.0,0.0,0.0,0.0,-0.31,112.5,1013.1,20.4,9.1,0.0,0.0,0.0,,0.0,0,0,0,0,0,4.2,0.0,0.0,0.0,0.0,0.0,0.0
2026-06-05T07:41:50.949+00:00,17826,7bf0e23b-e546-4171-8243-7b016fd37d6e,,2,ARMED_IDLE,0x0000,NONE,0,1,0,1,0,0,0.0,0.904,0.0,0.0,0.0,0.0,0.0,0.0,0.0,-0.31,112.25,1013.0,20.4,9.1,0.0,0.0,0.0,,0.0,0,0,0,0,0,4.2,0.0,0.0,0.0,0.0,0.0,0.0
2026-06-05T07:41:51.099+00:00,18001,7bf0e23b-e546-4171-8243-7b016fd37d6e,,2,ARMED_IDLE,0x0000,NONE,0,1,0,1,0,0,0.0,1.099,0.0,0.0,0.0,0.0,0.0,0.0,0.0,0.41,112.5,1013.0,20.4,9.0,0.0,0.0,0.0,,0.0,0,0,0,0,0,4.2,0.0,0.0,0.0,0.0,0.0,4.11
2026-06-05T07:41:51.222+00:00,18176,7bf0e23b-e546-4171-8243-7b016fd37d6e,,2,ARMED_IDLE,0x0000,NONE,0,1,0,1,0,0,0.0,0.855,0.0,0.0,0.0,0.0,0.0,0.0,0.0,0.0,112.37,1013.0,20.4,9.0,0.0,0.0,0.0,,0.0,0,0,0,0,0,4.2,0.0,0.0,0.0,0.0,0.0,-2.34
2026-06-05T07:41:51.398+00:00,18351,7bf0e23b-e546-4171-8243-7b016fd37d6e,,2,ARMED_IDLE,0x0000,NONE,0,1,0,1,0,0,0.0,0.366,0.0,0.0,0.0,0.0,0.0,0.0,0.0,0.65,112.5,1013.0,20.4,9.0,0.0,0.0,0.0,,0.0,0,0,0,0,0,4.2,0.0,0.0,0.0,0.0,0.0,3.71
2026-06-05T07:41:51.574+00:00,18526,7bf0e23b-e546-4171-8243-7b016fd37d6e,,2,ARMED_IDLE,0x0000,NONE,0,1,0,1,0,0,0.0,1.05,0.0,0.0,0.0,0.0,0.0,0.0,0.0,0.0,112.5,1013.0,20.4,9.1,0.0,0.0,0.0,,0.0,0,0,0,0,0,4.2,0.0,0.0,0.0,0.0,0.0,-3.71
2026-06-05T07:41:51.779+00:00,18701,7bf0e23b-e546-4171-8243-7b016fd37d6e,,2,ARMED_IDLE,0x0000,NONE,0,1,0,1,0,0,0.0,1.148,0.0,0.0,0.0,0.0,0.0,0.0,0.0,1.14,112.01,1013.0,20.4,9.1,0.0,0.0,0.0,,0.0,0,0,0,0,0,4.2,0.0,0.0,0.0,0.0,0.0,6.51
2026-06-05T07:41:51.923+00:00,18876,7bf0e23b-e546-4171-8243-7b016fd37d6e,,2,ARMED_IDLE,0x0000,NONE,0,1,0,1,0,0,0.0,0.904,0.0,0.0,0.0,0.0,0.0,0.0,0.0,-0.31,112.5,1013.0,20.4,9.1,0.0,0.0,0.0,,0.0,0,0,0,0,0,4.2,0.0,0.0,0.0,0.0,0.0,-8.29
2026-06-05T07:41:52.099+00:00,19050,7bf0e23b-e546-4171-8243-7b016fd37d6e,,2,ARMED_IDLE,0x0000,NONE,0,1,0,1,0,0,0.0,0.953,0.0,0.0,0.0,0.0,0.0,0.0,0.0,0.0,112.5,1013.1,20.4,9.1,0.0,0.0,0.0,,0.0,0,0,0,0,0,4.2,0.0,0.0,0.0,0.0,0.0,1.78
2026-06-05T07:41:52.274+00:00,19225,7bf0e23b-e546-4171-8243-7b016fd37d6e,,2,ARMED_IDLE,0x0000,NONE,0,1,0,1,0,0,0.0,0.806,0.0,0.0,0.0,0.0,0.0,0.0,0.0,0.65,106.87,1013.1,20.4,9.1,0.0,0.0,0.0,,0.0,0,0,0,0,0,4.2,0.0,0.0,0.0,0.0,0.0,3.71
2026-06-05T07:41:52.502+00:00,19400,7bf0e23b-e546-4171-8243-7b016fd37d6e,,2,ARMED_IDLE,0x0000,NONE,0,1,0,1,0,0,0.0,0.268,0.0,0.0,0.0,0.0,0.0,0.0,0.0,0.41,112.5,1013.0,20.4,9.1,0.0,0.0,0.0,,0.0,0,0,0,0,0,4.2,0.0,0.0,0.0,0.0,0.0,-1.37
2026-06-05T07:41:52.623+00:00,19575,7bf0e23b-e546-4171-8243-7b016fd37d6e,,2,ARMED_IDLE,0x0000,NONE,0,1,0,1,0,0,0.0,0.024,0.0,0.0,0.0,0.0,0.0,0.0,0.0,-1.05,108.34,1013.0,20.4,9.1,0.0,0.0,0.0,,0.0,0,0,0,0,0,4.2,0.0,0.0,0.0,0.0,0.0,-8.34
2026-06-05T07:41:52.799+00:00,19749,7bf0e23b-e546-4171-8243-7b016fd37d6e,,2,ARMED_IDLE,0x0000,NONE,0,1,0,1,0,0,0.0,0.0,0.0,0.0,0.0,0.0,0.0,0.0,0.0,0.0,112.5,1013.0,20.4,9.0,0.0,0.0,0.0,,0.0,0,0,0,0,0,4.2,0.0,0.0,0.0,0.0,0.0,6.03
2026-06-05T07:41:52.974+00:00,19924,7bf0e23b-e546-4171-8243-7b016fd37d6e,,2,ARMED_IDLE,0x0000,NONE,0,1,0,1,0,0,0.0,0.0,0.0,0.0,0.0,0.0,0.0,0.0,0.0,0.65,106.75,1013.0,20.4,9.0,0.0,0.0,0.0,,0.0,0,0,0,0,0,4.2,0.0,0.0,0.0,0.0,0.0,3.71
2026-06-05T07:41:53.222+00:00,20099,7bf0e23b-e546-4171-8243-7b016fd37d6e,,2,ARMED_IDLE,0x0000,NONE,0,1,0,1,0,0,0.0,0.708,0.0,0.0,0.0,0.0,0.0,0.0,0.0,-0.31,112.5,1013.0,20.4,9.1,0.0,0.0,0.0,,0.0,0,0,0,0,0,4.2,0.0,0.0,0.0,0.0,0.0,-5.49
2026-06-05T07:41:53.326+00:00,20274,7bf0e23b-e546-4171-8243-7b016fd37d6e,,2,ARMED_IDLE,0x0000,NONE,0,1,0,1,0,0,0.0,0.757,0.0,0.0,0.0,0.0,0.0,0.0,0.0,-0.31,112.13,1013.0,20.4,9.1,0.0,0.0,0.0,,0.0,0,0,0,0,0,4.2,0.0,0.0,0.0,0.0,0.0,0.0
2026-06-05T07:41:53.499+00:00,20449,7bf0e23b-e546-4171-8243-7b016fd37d6e,,2,ARMED_IDLE,0x0000,NONE,0,1,0,1,0,0,0.0,0.0,0.0,0.0,0.0,0.0,0.0,0.0,0.0,0.0,112.5,1013.0,20.4,9.1,0.0,0.0,0.0,,0.0,0,0,0,0,0,4.2,0.0,0.0,0.0,0.0,0.0,1.77
2026-06-05T07:41:53.672+00:00,20624,7bf0e23b-e546-4171-8243-7b016fd37d6e,,2,ARMED_IDLE,0x0000,NONE,0,1,0,1,0,0,0.0,0.0,0.0,0.0,0.0,0.0,0.0,0.0,0.0,0.65,106.14,1013.0,20.4,9.1,0.0,0.0,0.0,,0.0,0,0,0,0,0,4.2,0.0,0.0,0.0,0.0,0.0,3.71
2026-06-05T07:41:53.848+00:00,20798,7bf0e23b-e546-4171-8243-7b016fd37d6e,,2,ARMED_IDLE,0x0000,NONE,0,1,0,1,0,0,0.0,0.0,0.0,0.0,0.0,0.0,0.0,0.0,0.0,0.41,112.5,1013.0,20.4,9.1,0.0,0.0,0.0,,0.0,0,0,0,0,0,4.2,0.0,0.0,0.0,0.0,0.0,-1.38
2026-06-05T07:41:54.040+00:00,20973,7bf0e23b-e546-4171-8243-7b016fd37d6e,,2,ARMED_IDLE,0x0000,NONE,0,1,0,1,0,0,0.0,0.904,0.0,0.0,0.0,0.0,0.0,0.0,0.0,0.65,112.25,1013.0,20.4,9.0,0.0,0.0,0.0,,0.0,0,0,0,0,0,4.2,0.0,0.0,0.0,0.0,0.0,1.37
2026-06-05T07:41:54.199+00:00,21147,7bf0e23b-e546-4171-8243-7b016fd37d6e,,2,ARMED_IDLE,0x0000,NONE,0,1,0,1,0,0,0.0,0.464,0.0,0.0,0.0,0.0,0.0,0.0,0.0,0.0,112.5,1013.0,20.4,9.0,0.0,0.0,0.0,,0.0,0,0,0,0,0,4.2,0.0,0.0,0.0,0.0,0.0,-3.74
2026-06-05T07:41:54.372+00:00,21322,7bf0e23b-e546-4171-8243-7b016fd37d6e,,2,ARMED_IDLE,0x0000,NONE,0,1,0,1,0,0,0.0,0.61,0.0,0.0,0.0,0.0,0.0,0.0,0.0,-1.05,111.15,1013.0,20.4,9.0,0.0,0.0,0.0,,0.0,0,0,0,0,0,4.2,0.0,0.0,0.0,0.0,0.0,-6.0
2026-06-05T07:41:54.568+00:00,21497,7bf0e23b-e546-4171-8243-7b016fd37d6e,,2,ARMED_IDLE,0x0000,NONE,0,1,0,1,0,0,0.0,0.0,0.0,0.0,0.0,0.0,0.0,0.0,0.0,0.9,112.5,1013.1,20.4,9.1,0.0,0.0,0.0,,0.0,0,0,0,0,0,4.2,0.0,0.0,0.0,0.0,0.0,11.14
2026-06-05T07:41:54.772+00:00,21672,7bf0e23b-e546-4171-8243-7b016fd37d6e,,2,ARMED_IDLE,0x0000,NONE,0,1,0,1,0,0,0.0,0.0,0.0,0.0,0.0,0.0,0.0,0.0,0.0,1.39,107.12,1013.0,20.4,9.1,0.0,0.0,0.0,,0.0,0,0,0,0,0,4.2,0.0,0.0,0.0,0.0,0.0,2.8
2026-06-05T07:41:54.896+00:00,21847,7bf0e23b-e546-4171-8243-7b016fd37d6e,,2,ARMED_IDLE,0x0000,NONE,0,1,0,1,0,0,0.0,0.0,0.0,0.0,0.0,0.0,0.0,0.0,0.0,0.0,112.5,1013.1,20.4,9.1,0.0,0.0,0.0,,0.0,0,0,0,0,0,4.2,0.0,0.0,0.0,0.0,0.0,-7.94
2026-06-05T07:41:55.072+00:00,22022,7bf0e23b-e546-4171-8243-7b016fd37d6e,,2,ARMED_IDLE,0x0000,NONE,0,1,0,1,0,0,0.0,0.855,0.0,0.0,0.0,0.0,0.0,0.0,0.0,0.65,106.51,1013.1,20.4,9.1,0.0,0.0,0.0,,0.0,0,0,0,0,0,4.2,0.0,0.0,0.0,0.0,0.0,3.71
2026-06-05T07:41:55.305+00:00,22196,7bf0e23b-e546-4171-8243-7b016fd37d6e,,2,ARMED_IDLE,0x0000,NONE,0,1,0,1,0,0,0.0,0.0,0.0,0.0,0.0,0.0,0.0,0.0,0.0,0.9,112.5,1013.1,20.4,9.1,0.0,0.0,0.0,,0.0,0,0,0,0,0,4.2,0.0,0.0,0.0,0.0,0.0,1.44
2026-06-05T07:41:55.453+00:00,22371,7bf0e23b-e546-4171-8243-7b016fd37d6e,,2,ARMED_IDLE,0x0000,NONE,0,1,0,1,0,0,0.0,1.099,0.0,0.0,0.0,0.0,0.0,0.0,0.0,1.39,107.12,1013.0,20.4,9.1,0.0,0.0,0.0,,0.0,0,0,0,0,0,4.2,0.0,0.0,0.0,0.0,0.0,2.8
2026-06-05T07:41:55.596+00:00,22546,7bf0e23b-e546-4171-8243-7b016fd37d6e,,2,ARMED_IDLE,0x0000,NONE,0,1,0,1,0,0,0.0,0.415,0.0,0.0,0.0,0.0,0.0,0.0,0.0,-1.29,112.5,1013.0,20.4,9.0,0.0,0.0,0.0,,0.0,0,0,0,0,0,4.2,0.0,0.0,0.0,0.0,0.0,-15.31
2026-06-05T07:41:55.773+00:00,22721,7bf0e23b-e546-4171-8243-7b016fd37d6e,,2,ARMED_IDLE,0x0000,NONE,0,1,0,1,0,0,0.0,0.464,0.0,0.0,0.0,0.0,0.0,0.0,0.0,-0.31,110.17,1013.0,20.4,9.1,0.0,0.0,0.0,,0.0,0,0,0,0,0,4.2,0.0,0.0,0.0,0.0,0.0,5.6
2026-06-05T07:41:55.949+00:00,22896,7bf0e23b-e546-4171-8243-7b016fd37d6e,,2,ARMED_IDLE,0x0000,NONE,0,1,0,1,0,0,0.0,1.001,0.0,0.0,0.0,0.0,0.0,0.0,0.0,0.9,112.25,1013.0,20.4,9.0,0.0,0.0,0.0,,0.0,0,0,0,0,0,4.2,0.0,0.0,0.0,0.0,0.0,6.91
2026-06-05T07:41:56.193+00:00,23070,7bf0e23b-e546-4171-8243-7b016fd37d6e,,2,ARMED_IDLE,0x0000,NONE,0,1,0,1,0,0,0.0,0.0,0.0,0.0,0.0,0.0,0.0,0.0,0.0,0.41,107.73,1013.0,20.4,9.1,0.0,0.0,0.0,,0.0,0,0,0,0,0,4.2,0.0,0.0,0.0,0.0,0.0,-2.82
2026-06-05T07:41:56.312+00:00,23245,7bf0e23b-e546-4171-8243-7b016fd37d6e,,2,ARMED_IDLE,0x0000,NONE,0,1,0,1,0,0,0.0,0.0,0.0,0.0,0.0,0.0,0.0,0.0,0.0,0.0,112.5,1013.1,20.4,9.1,0.0,0.0,0.0,,0.0,0,0,0,0,0,4.2,0.0,0.0,0.0,0.0,0.0,-2.34
2026-06-05T07:41:56.472+00:00,23420,7bf0e23b-e546-4171-8243-7b016fd37d6e,,2,ARMED_IDLE,0x0000,NONE,0,1,0,1,0,0,0.0,0.562,0.0,0.0,0.0,0.0,0.0,0.0,0.0,-0.8,111.03,1013.0,20.4,9.1,0.0,0.0,0.0,,0.0,0,0,0,0,0,4.2,0.0,0.0,0.0,0.0,0.0,-4.57
2026-06-05T07:41:56.648+00:00,23595,7bf0e23b-e546-4171-8243-7b016fd37d6e,,2,ARMED_IDLE,0x0000,NONE,0,1,0,1,0,0,0.0,0.806,0.0,0.0,0.0,0.0,0.0,0.0,0.0,0.9,112.01,1013.0,20.4,9.1,0.0,0.0,0.0,,0.0,0,0,0,0,0,4.2,0.0,0.0,0.0,0.0,0.0,9.71
2026-06-05T07:41:56.826+00:00,23770,7bf0e23b-e546-4171-8243-7b016fd37d6e,,2,ARMED_IDLE,0x0000,NONE,0,1,0,1,0,0,0.0,0.0,0.0,0.0,0.0,0.0,0.0,0.0,0.0,0.9,106.87,1013.0,20.4,9.0,0.0,0.0,0.0,,0.0,0,0,0,0,0,4.2,0.0,0.0,0.0,0.0,0.0,0.0
2026-06-05T07:41:57.000+00:00,23945,7bf0e23b-e546-4171-8243-7b016fd37d6e,,2,ARMED_IDLE,0x0000,NONE,0,1,0,1,0,0,0.0,0.0,0.0,0.0,0.0,0.0,0.0,0.0,0.0,-0.56,112.5,1013.0,20.4,9.0,0.0,0.0,0.0,,0.0,0,0,0,0,0,4.2,0.0,0.0,0.0,0.0,0.0,-8.34
2026-06-05T07:41:57.173+00:00,24119,7bf0e23b-e546-4171-8243-7b016fd37d6e,,2,ARMED_IDLE,0x0000,NONE,0,1,0,1,0,0,0.0,0.61,0.0,0.0,0.0,0.0,0.0,0.0,0.0,0.41,110.66,1013.0,20.4,9.0,0.0,0.0,0.0,,0.0,0,0,0,0,0,4.2,0.0,0.0,0.0,0.0,0.0,5.57
2026-06-05T07:41:57.345+00:00,24294,7bf0e23b-e546-4171-8243-7b016fd37d6e,,2,ARMED_IDLE,0x0000,NONE,0,1,0,1,0,0,0.0,1.001,0.0,0.0,0.0,0.0,0.0,0.0,0.0,1.14,111.4,1013.0,20.4,9.0,0.0,0.0,0.0,,0.0,0,0,0,0,0,4.2,0.0,0.0,0.0,0.0,0.0,4.17
2026-06-05T07:41:57.583+00:00,24469,7bf0e23b-e546-4171-8243-7b016fd37d6e,,2,ARMED_IDLE,0x0000,NONE,0,1,0,1,0,0,0.0,0.219,0.0,0.0,0.0,0.0,0.0,0.0,0.0,0.0,109.68,1013.0,20.4,9.0,0.0,0.0,0.0,,0.0,0,0,0,0,0,4.2,0.0,0.0,0.0,0.0,0.0,-6.51
2026-06-05T07:41:57.697+00:00,24644,7bf0e23b-e546-4171-8243-7b016fd37d6e,,2,ARMED_IDLE,0x0000,NONE,0,1,0,1,0,0,0.0,0.61,0.0,0.0,0.0,0.0,0.0,0.0,0.0,0.41,112.5,1013.0,20.4,9.1,0.0,0.0,0.0,,0.0,0,0,0,0,0,4.2,0.0,0.0,0.0,0.0,0.0,2.34
2026-06-05T07:41:57.873+00:00,24818,7bf0e23b-e546-4171-8243-7b016fd37d6e,,2,ARMED_IDLE,0x0000,NONE,0,1,0,1,0,0,0.0,0.757,0.0,0.0,0.0,0.0,0.0,0.0,0.0,0.0,112.37,1013.0,20.4,9.1,0.0,0.0,0.0,,0.0,0,0,0,0,0,4.2,0.0,0.0,0.0,0.0,0.0,-2.36
2026-06-05T07:41:58.046+00:00,24993,7bf0e23b-e546-4171-8243-7b016fd37d6e,,2,ARMED_IDLE,0x0000,NONE,0,1,0,1,0,0,0.0,0.0,0.0,0.0,0.0,0.0,0.0,0.0,0.0,1.14,111.27,1013.0,20.4,9.1,0.0,0.0,0.0,,0.0,0,0,0,0,0,4.2,0.0,0.0,0.0,0.0,0.0,6.51
2026-06-05T07:41:58.289+00:00,25168,7bf0e23b-e546-4171-8243-7b016fd37d6e,,2,ARMED_IDLE,0x0000,NONE,0,1,0,1,0,0,0.0,0.219,0.0,0.0,0.0,0.0,0.0,0.0,0.0,-0.8,108.34,1013.0,20.4,9.1,0.0,0.0,0.0,,0.0,0,0,0,0,0,4.2,0.0,0.0,0.0,0.0,0.0,-11.09
2026-06-05T07:41:58.398+00:00,25344,7bf0e23b-e546-4171-8243-7b016fd37d6e,,2,ARMED_IDLE,0x0000,NONE,0,1,0,1,0,0,0.0,0.708,0.0,0.0,0.0,0.0,0.0,0.0,0.0,-0.56,112.5,1013.0,20.4,9.1,0.0,0.0,0.0,,0.0,0,0,0,0,0,4.2,0.0,0.0,0.0,0.0,0.0,1.36
2026-06-05T07:41:58.570+00:00,25518,7bf0e23b-e546-4171-8243-7b016fd37d6e,,2,ARMED_IDLE,0x0000,NONE,0,1,0,1,0,0,0.0,0.0,0.0,0.0,0.0,0.0,0.0,0.0,0.0,-0.56,108.71,1013.0,20.4,9.0,0.0,0.0,0.0,,0.0,0,0,0,0,0,4.2,0.0,0.0,0.0,0.0,0.0,0.0
2026-06-05T07:41:58.746+00:00,25693,7bf0e23b-e546-4171-8243-7b016fd37d6e,,2,ARMED_IDLE,0x0000,NONE,0,1,0,1,0,0,0.0,0.464,0.0,0.0,0.0,0.0,0.0,0.0,0.0,-0.8,112.5,1013.0,20.4,9.0,0.0,0.0,0.0,,0.0,0,0,0,0,0,4.2,0.0,0.0,0.0,0.0,0.0,-1.37
2026-06-05T07:41:58.973+00:00,25868,7bf0e23b-e546-4171-8243-7b016fd37d6e,,2,ARMED_IDLE,0x0000,NONE,0,1,0,1,0,0,0.0,0.904,0.0,0.0,0.0,0.0,0.0,0.0,0.0,2.12,106.87,1013.0,20.4,9.0,0.0,0.0,0.0,,0.0,0,0,0,0,0,4.2,0.0,0.0,0.0,0.0,0.0,16.69
2026-06-05T07:41:59.098+00:00,26043,7bf0e23b-e546-4171-8243-7b016fd37d6e,,2,ARMED_IDLE,0x0000,NONE,0,1,0,1,0,0,0.0,0.122,0.0,0.0,0.0,0.0,0.0,0.0,0.0,0.0,112.5,1013.0,20.4,9.0,0.0,0.0,0.0,,0.0,0,0,0,0,0,4.2,0.0,0.0,0.0,0.0,0.0,-12.11
2026-06-05T07:41:59.271+00:00,26217,7bf0e23b-e546-4171-8243-7b016fd37d6e,,2,ARMED_IDLE,0x0000,NONE,0,1,0,1,0,0,0.0,0.659,0.0,0.0,0.0,0.0,0.0,0.0,0.0,-0.56,110.91,1013.0,20.4,9.1,0.0,0.0,0.0,,0.0,0,0,0,0,0,4.2,0.0,0.0,0.0,0.0,0.0,-3.22
2026-06-05T07:41:59.446+00:00,26392,7bf0e23b-e546-4171-8243-7b016fd37d6e,,2,ARMED_IDLE,0x0000,NONE,0,1,0,1,0,0,0.0,0.0,0.0,0.0,0.0,0.0,0.0,0.0,0.0,1.39,112.37,1013.0,20.4,9.1,0.0,0.0,0.0,,0.0,0,0,0,0,0,4.2,0.0,0.0,0.0,0.0,0.0,11.14
2026-06-05T07:41:59.664+00:00,26567,7bf0e23b-e546-4171-8243-7b016fd37d6e,,2,ARMED_IDLE,0x0000,NONE,0,1,0,1,0,0,0.0,0.806,0.0,0.0,0.0,0.0,0.0,0.0,0.0,-0.56,111.52,1013.0,20.4,9.1,0.0,0.0,0.0,,0.0,0,0,0,0,0,4.2,0.0,0.0,0.0,0.0,0.0,-11.14
2026-06-05T07:41:59.798+00:00,26742,7bf0e23b-e546-4171-8243-7b016fd37d6e,,2,ARMED_IDLE,0x0000,NONE,0,1,0,1,0,0,0.0,0.171,0.0,0.0,0.0,0.0,0.0,0.0,0.0,0.41,112.5,1013.0,20.4,9.1,0.0,0.0,0.0,,0.0,0,0,0,0,0,4.2,0.0,0.0,0.0,0.0,0.0,5.54
2026-06-05T07:41:59.971+00:00,26916,7bf0e23b-e546-4171-8243-7b016fd37d6e,,2,ARMED_IDLE,0x0000,NONE,0,1,0,1,0,0,0.0,0.171,0.0,0.0,0.0,0.0,0.0,0.0,0.0,-0.31,108.34,1013.0,20.4,9.0,0.0,0.0,0.0,,0.0,0,0,0,0,0,4.2,0.0,0.0,0.0,0.0,0.0,-4.14
2026-06-05T07:42:00.147+00:00,27091,7bf0e23b-e546-4171-8243-7b016fd37d6e,,2,ARMED_IDLE,0x0000,NONE,0,1,0,1,0,0,0.0,0.757,0.0,0.0,0.0,0.0,0.0,0.0,0.0,1.14,111.15,1013.0,20.4,9.1,0.0,0.0,0.0,,0.0,0,0,0,0,0,4.2,0.0,0.0,0.0,0.0,0.0,8.29
2026-06-05T07:42:00.360+00:00,27267,7bf0e23b-e546-4171-8243-7b016fd37d6e,,2,ARMED_IDLE,0x0000,NONE,0,1,0,1,0,0,0.0,0.122,0.0,0.0,0.0,0.0,0.0,0.0,0.0,-1.05,109.56,1013.0,20.4,9.1,0.0,0.0,0.0,,0.0,0,0,0,0,0,4.2,0.0,0.0,0.0,0.0,0.0,-12.44
2026-06-05T07:42:00.498+00:00,27442,7bf0e23b-e546-4171-8243-7b016fd37d6e,,2,ARMED_IDLE,0x0000,NONE,0,1,0,1,0,0,0.0,0.219,0.0,0.0,0.0,0.0,0.0,0.0,0.0,-1.29,112.5,1013.0,20.4,9.1,0.0,0.0,0.0,,0.0,0,0,0,0,0,4.2,0.0,0.0,0.0,0.0,0.0,-1.37
2026-06-05T07:42:00.671+00:00,27617,7bf0e23b-e546-4171-8243-7b016fd37d6e,,2,ARMED_IDLE,0x0000,NONE,0,1,0,1,0,0,0.0,0.0,0.0,0.0,0.0,0.0,0.0,0.0,0.0,1.39,105.9,1013.0,20.4,9.0,0.0,0.0,0.0,,0.0,0,0,0,0,0,4.2,0.0,0.0,0.0,0.0,0.0,15.31
2026-06-05T07:42:00.847+00:00,27792,7bf0e23b-e546-4171-8243-7b016fd37d6e,,2,ARMED_IDLE,0x0000,NONE,0,1,0,1,0,0,0.0,0.268,0.0,0.0,0.0,0.0,0.0,0.0,0.0,-0.56,112.5,1013.0,20.4,9.1,0.0,0.0,0.0,,0.0,0,0,0,0,0,4.2,0.0,0.0,0.0,0.0,0.0,-11.14
2026-06-05T07:42:01.054+00:00,27966,7bf0e23b-e546-4171-8243-7b016fd37d6e,,2,ARMED_IDLE,0x0000,NONE,0,1,0,1,0,0,0.0,0.0,0.0,0.0,0.0,0.0,0.0,0.0,0.0,1.14,107.0,1013.0,20.4,9.1,0.0,0.0,0.0,,0.0,0,0,0,0,0,4.2,0.0,0.0,0.0,0.0,0.0,9.77
2026-06-05T07:42:01.196+00:00,28141,7bf0e23b-e546-4171-8243-7b016fd37d6e,,2,ARMED_IDLE,0x0000,NONE,0,1,0,1,0,0,0.0,0.562,0.0,0.0,0.0,0.0,0.0,0.0,0.0,-0.56,112.5,1013.1,20.4,9.1,0.0,0.0,0.0,,0.0,0,0,0,0,0,4.2,0.0,0.0,0.0,0.0,0.0,-9.71
2026-06-05T07:42:01.372+00:00,28316,7bf0e23b-e546-4171-8243-7b016fd37d6e,,2,ARMED_IDLE,0x0000,NONE,0,1,0,1,0,0,0.0,0.073,0.0,0.0,0.0,0.0,0.0,0.0,0.0,-1.05,109.44,1013.0,20.4,9.1,0.0,0.0,0.0,,0.0,0,0,0,0,0,4.2,0.0,0.0,0.0,0.0,0.0,-2.8
2026-06-05T07:42:01.547+00:00,28491,7bf0e23b-e546-4171-8243-7b016fd37d6e,,2,ARMED_IDLE,0x0000,NONE,0,1,0,1,0,0,0.0,0.0,0.0,0.0,0.0,0.0,0.0,0.0,0.0,-0.31,112.5,1013.0,20.4,9.1,0.0,0.0,0.0,,0.0,0,0,0,0,0,4.2,0.0,0.0,0.0,0.0,0.0,4.23
2026-06-05T07:42:01.772+00:00,28665,7bf0e23b-e546-4171-8243-7b016fd37d6e,,2,ARMED_IDLE,0x0000,NONE,0,1,0,1,0,0,0.0,0.904,0.0,0.0,0.0,0.0,0.0,0.0,0.0,0.41,112.13,1013.0,20.4,9.1,0.0,0.0,0.0,,0.0,0,0,0,0,0,4.2,0.0,0.0,0.0,0.0,0.0,4.14
2026-06-05T07:42:01.896+00:00,28840,7bf0e23b-e546-4171-8243-7b016fd37d6e,,2,ARMED_IDLE,0x0000,NONE,0,1,0,1,0,0,0.0,0.268,0.0,0.0,0.0,0.0,0.0,0.0,0.0,-0.31,112.5,1013.0,20.4,9.1,0.0,0.0,0.0,,0.0,0,0,0,0,0,4.2,0.0,0.0,0.0,0.0,0.0,-4.11
2026-06-05T07:42:02.072+00:00,29016,7bf0e23b-e546-4171-8243-7b016fd37d6e,,2,ARMED_IDLE,0x0000,NONE,0,1,0,1,0,0,0.0,0.0,0.0,0.0,0.0,0.0,0.0,0.0,0.0,1.14,105.53,1013.0,20.4,9.0,0.0,0.0,0.0,,0.0,0,0,0,0,0,4.2,0.0,0.0,0.0,0.0,0.0,8.24
2026-06-05T07:42:02.247+00:00,29190,7bf0e23b-e546-4171-8243-7b016fd37d6e,,2,ARMED_IDLE,0x0000,NONE,0,1,0,1,0,0,0.0,0.122,0.0,0.0,0.0,0.0,0.0,0.0,0.0,0.0,112.5,1013.0,20.4,9.1,0.0,0.0,0.0,,0.0,0,0,0,0,0,4.2,0.0,0.0,0.0,0.0,0.0,-6.55
2026-06-05T07:42:02.471+00:00,29365,7bf0e23b-e546-4171-8243-7b016fd37d6e,,2,ARMED_IDLE,0x0000,NONE,0,1,0,1,0,0,0.0,1.05,0.0,0.0,0.0,0.0,0.0,0.0,0.0,0.41,112.13,1013.0,20.4,9.1,0.0,0.0,0.0,,0.0,0,0,0,0,0,4.2,0.0,0.0,0.0,0.0,0.0,2.34
2026-06-05T07:42:02.596+00:00,29540,7bf0e23b-e546-4171-8243-7b016fd37d6e,,2,ARMED_IDLE,0x0000,NONE,0,1,0,1,0,0,0.0,0.806,0.0,0.0,0.0,0.0,0.0,0.0,0.0,0.0,112.5,1013.0,20.4,9.1,0.0,0.0,0.0,,0.0,0,0,0,0,0,4.2,0.0,0.0,0.0,0.0,0.0,-2.34
2026-06-05T07:42:02.772+00:00,29715,7bf0e23b-e546-4171-8243-7b016fd37d6e,,2,ARMED_IDLE,0x0000,NONE,0,1,0,1,0,0,0.0,0.171,0.0,0.0,0.0,0.0,0.0,0.0,0.0,-0.8,107.97,1013.1,20.4,9.1,0.0,0.0,0.0,,0.0,0,0,0,0,0,4.2,0.0,0.0,0.0,0.0,0.0,-4.57
2026-06-05T07:42:02.948+00:00,29889,7bf0e23b-e546-4171-8243-7b016fd37d6e,,2,ARMED_IDLE,0x0000,NONE,0,1,0,1,0,0,0.0,0.806,0.0,0.0,0.0,0.0,0.0,0.0,0.0,0.41,112.5,1013.1,20.4,9.1,0.0,0.0,0.0,,0.0,0,0,0,0,0,4.2,0.0,0.0,0.0,0.0,0.0,6.95
2026-06-05T07:42:03.164+00:00,30064,7bf0e23b-e546-4171-8243-7b016fd37d6e,,2,ARMED_IDLE,0x0000,NONE,0,1,0,1,0,0,0.0,0.366,0.0,0.0,0.0,0.0,0.0,0.0,0.0,-0.56,109.81,1013.0,20.4,9.0,0.0,0.0,0.0,,0.0,0,0,0,0,0,4.2,0.0,0.0,0.0,0.0,0.0,-5.54
2026-06-05T07:42:03.296+00:00,30239,7bf0e23b-e546-4171-8243-7b016fd37d6e,,2,ARMED_IDLE,0x0000,NONE,0,1,0,1,0,0,0.0,0.0,0.0,0.0,0.0,0.0,0.0,0.0,0.0,0.9,112.5,1013.0,20.4,9.0,0.0,0.0,0.0,,0.0,0,0,0,0,0,4.2,0.0,0.0,0.0,0.0,0.0,8.34
2026-06-05T07:42:03.472+00:00,30414,7bf0e23b-e546-4171-8243-7b016fd37d6e,,2,ARMED_IDLE,0x0000,NONE,0,1,0,1,0,0,0.0,0.0,0.0,0.0,0.0,0.0,0.0,0.0,0.0,1.39,106.26,1013.0,20.4,9.1,0.0,0.0,0.0,,0.0,0,0,0,0,0,4.2,0.0,0.0,0.0,0.0,0.0,2.8
2026-06-05T07:42:03.648+00:00,30588,7bf0e23b-e546-4171-8243-7b016fd37d6e,,2,ARMED_IDLE,0x0000,NONE,0,1,0,1,0,0,0.0,0.366,0.0,0.0,0.0,0.0,0.0,0.0,0.0,0.0,112.5,1013.0,20.4,9.1,0.0,0.0,0.0,,0.0,0,0,0,0,0,4.2,0.0,0.0,0.0,0.0,0.0,-7.99
2026-06-05T07:42:03.857+00:00,30764,7bf0e23b-e546-4171-8243-7b016fd37d6e,,2,ARMED_IDLE,0x0000,NONE,0,1,0,1,0,0,0.0,0.0,0.0,0.0,0.0,0.0,0.0,0.0,0.0,-0.8,107.85,1013.0,20.4,9.1,0.0,0.0,0.0,,0.0,0,0,0,0,0,4.2,0.0,0.0,0.0,0.0,0.0,-4.55
2026-06-05T07:42:03.997+00:00,30938,7bf0e23b-e546-4171-8243-7b016fd37d6e,,2,ARMED_IDLE,0x0000,NONE,0,1,0,1,0,0,0.0,0.708,0.0,0.0,0.0,0.0,0.0,0.0,0.0,-0.31,112.5,1013.0,20.4,9.1,0.0,0.0,0.0,,0.0,0,0,0,0,0,4.2,0.0,0.0,0.0,0.0,0.0,2.82
2026-06-05T07:42:04.173+00:00,31113,7bf0e23b-e546-4171-8243-7b016fd37d6e,,2,ARMED_IDLE,0x0000,NONE,0,1,0,1,0,0,0.0,0.366,0.0,0.0,0.0,0.0,0.0,0.0,0.0,-0.31,109.93,1013.0,20.4,9.1,0.0,0.0,0.0,,0.0,0,0,0,0,0,4.2,0.0,0.0,0.0,0.0,0.0,0.0
2026-06-05T07:42:04.345+00:00,31288,7bf0e23b-e546-4171-8243-7b016fd37d6e,,2,ARMED_IDLE,0x0000,NONE,0,1,0,1,0,0,0.0,0.073,0.0,0.0,0.0,0.0,0.0,0.0,0.0,0.41,112.5,1013.0,20.4,9.0,0.0,0.0,0.0,,0.0,0,0,0,0,0,4.2,0.0,0.0,0.0,0.0,0.0,4.11
2026-06-05T07:42:04.557+00:00,31463,7bf0e23b-e546-4171-8243-7b016fd37d6e,,2,ARMED_IDLE,0x0000,NONE,0,1,0,1,0,0,0.0,0.171,0.0,0.0,0.0,0.0,0.0,0.0,0.0,-0.31,108.46,1013.0,20.4,9.1,0.0,0.0,0.0,,0.0,0,0,0,0,0,4.2,0.0,0.0,0.0,0.0,0.0,-4.11
2026-06-05T07:42:04.697+00:00,31638,7bf0e23b-e546-4171-8243-7b016fd37d6e,,2,ARMED_IDLE,0x0000,NONE,0,1,0,1,0,0,0.0,0.0,0.0,0.0,0.0,0.0,0.0,0.0,0.0,-0.31,112.5,1013.0,20.4,9.0,0.0,0.0,0.0,,0.0,0,0,0,0,0,4.2,0.0,0.0,0.0,0.0,0.0,0.0
2026-06-05T07:42:04.873+00:00,31812,7bf0e23b-e546-4171-8243-7b016fd37d6e,,2,ARMED_IDLE,0x0000,NONE,0,1,0,1,0,0,0.0,0.855,0.0,0.0,0.0,0.0,0.0,0.0,0.0,0.65,104.92,1013.0,20.4,9.1,0.0,0.0,0.0,,0.0,0,0,0,0,0,4.2,0.0,0.0,0.0,0.0,0.0,5.52
2026-06-05T07:42:05.045+00:00,31987,7bf0e23b-e546-4171-8243-7b016fd37d6e,,2,ARMED_IDLE,0x0000,NONE,0,1,0,1,0,0,0.0,0.562,0.0,0.0,0.0,0.0,0.0,0.0,0.0,0.0,112.5,1013.0,20.4,9.0,0.0,0.0,0.0,,0.0,0,0,0,0,0,4.2,0.0,0.0,0.0,0.0,0.0,-3.71
2026-06-05T07:42:05.260+00:00,32162,7bf0e23b-e546-4171-8243-7b016fd37d6e,,2,ARMED_IDLE,0x0000,NONE,0,1,0,1,0,0,0.0,0.024,0.0,0.0,0.0,0.0,0.0,0.0,0.0,-0.56,108.58,1013.0,20.4,9.1,0.0,0.0,0.0,,0.0,0,0,0,0,0,4.2,0.0,0.0,0.0,0.0,0.0,-3.2
2026-06-05T07:42:05.397+00:00,32337,7bf0e23b-e546-4171-8243-7b016fd37d6e,,2,ARMED_IDLE,0x0000,NONE,0,1,0,1,0,0,0.0,0.073,0.0,0.0,0.0,0.0,0.0,0.0,0.0,-1.29,112.5,1013.0,20.4,9.1,0.0,0.0,0.0,,0.0,0,0,0,0,0,4.2,0.0,0.0,0.0,0.0,0.0,-4.17
2026-06-05T07:42:05.573+00:00,32512,7bf0e23b-e546-4171-8243-7b016fd37d6e,,2,ARMED_IDLE,0x0000,NONE,0,1,0,1,0,0,0.0,0.806,0.0,0.0,0.0,0.0,0.0,0.0,0.0,0.41,110.91,1013.0,20.4,9.1,0.0,0.0,0.0,,0.0,0,0,0,0,0,4.2,0.0,0.0,0.0,0.0,0.0,9.71
2026-06-05T07:42:05.746+00:00,32687,7bf0e23b-e546-4171-8243-7b016fd37d6e,,2,ARMED_IDLE,0x0000,NONE,0,1,0,1,0,0,0.0,0.415,0.0,0.0,0.0,0.0,0.0,0.0,0.0,-1.29,112.5,1013.0,20.4,9.1,0.0,0.0,0.0,,0.0,0,0,0,0,0,4.2,0.0,0.0,0.0,0.0,0.0,-9.71
2026-06-05T07:42:05.966+00:00,32862,7bf0e23b-e546-4171-8243-7b016fd37d6e,,2,ARMED_IDLE,0x0000,NONE,0,1,0,1,0,0,0.0,0.171,0.0,0.0,0.0,0.0,0.0,0.0,0.0,0.0,110.42,1013.0,20.4,9.1,0.0,0.0,0.0,,0.0,0,0,0,0,0,4.2,0.0,0.0,0.0,0.0,0.0,7.37
2026-06-05T07:42:06.097+00:00,33037,7bf0e23b-e546-4171-8243-7b016fd37d6e,,2,ARMED_IDLE,0x0000,NONE,0,1,0,1,0,0,0.0,0.0,0.0,0.0,0.0,0.0,0.0,0.0,0.0,0.65,112.5,1013.0,20.4,9.0,0.0,0.0,0.0,,0.0,0,0,0,0,0,4.2,0.0,0.0,0.0,0.0,0.0,3.71
2026-06-05T07:42:06.271+00:00,33211,7bf0e23b-e546-4171-8243-7b016fd37d6e,,2,ARMED_IDLE,0x0000,NONE,0,1,0,1,0,0,0.0,1.099,0.0,0.0,0.0,0.0,0.0,0.0,0.0,1.39,106.02,1013.0,20.4,9.0,0.0,0.0,0.0,,0.0,0,0,0,0,0,4.2,0.0,0.0,0.0,0.0,0.0,4.25
2026-06-05T07:42:06.447+00:00,33386,7bf0e23b-e546-4171-8243-7b016fd37d6e,,2,ARMED_IDLE,0x0000,NONE,0,1,0,1,0,0,0.0,0.904,0.0,0.0,0.0,0.0,0.0,0.0,0.0,-0.8,112.5,1013.0,20.4,9.0,0.0,0.0,0.0,,0.0,0,0,0,0,0,4.2,0.0,0.0,0.0,0.0,0.0,-12.51
2026-06-05T07:42:06.635+00:00,33561,7bf0e23b-e546-4171-8243-7b016fd37d6e,,2,ARMED_IDLE,0x0000,NONE,0,1,0,1,0,0,0.0,0.317,0.0,0.0,0.0,0.0,0.0,0.0,0.0,0.0,106.63,1013.0,20.4,9.1,0.0,0.0,0.0,,0.0,0,0,0,0,0,4.2,0.0,0.0,0.0,0.0,0.0,4.57
2026-06-05T07:42:06.826+00:00,33736,7bf0e23b-e546-4171-8243-7b016fd37d6e,,2,ARMED_IDLE,0x0000,NONE,0,1,0,1,0,0,0.0,0.708,0.0,0.0,0.0,0.0,0.0,0.0,0.0,0.0,112.5,1013.0,20.4,9.1,0.0,0.0,0.0,,0.0,0,0,0,0,0,4.2,0.0,0.0,0.0,0.0,0.0,0.0
2026-06-05T07:42:06.971+00:00,33910,7bf0e23b-e546-4171-8243-7b016fd37d6e,,2,ARMED_IDLE,0x0000,NONE,0,1,0,1,0,0,0.0,0.317,0.0,0.0,0.0,0.0,0.0,0.0,0.0,-1.29,110.05,1013.1,20.4,9.1,0.0,0.0,0.0,,0.0,0,0,0,0,0,4.2,0.0,0.0,0.0,0.0,0.0,-7.41
2026-06-05T07:42:07.147+00:00,34085,7bf0e23b-e546-4171-8243-7b016fd37d6e,,2,ARMED_IDLE,0x0000,NONE,0,1,0,1,0,0,0.0,0.855,0.0,0.0,0.0,0.0,0.0,0.0,0.0,0.0,112.5,1013.0,20.4,9.0,0.0,0.0,0.0,,0.0,0,0,0,0,0,4.2,0.0,0.0,0.0,0.0,0.0,7.37
2026-06-05T07:42:07.351+00:00,34260,7bf0e23b-e546-4171-8243-7b016fd37d6e,,2,ARMED_IDLE,0x0000,NONE,0,1,0,1,0,0,0.0,0.61,0.0,0.0,0.0,0.0,0.0,0.0,0.0,0.41,110.54,1013.0,20.4,9.0,0.0,0.0,0.0,,0.0,0,0,0,0,0,4.2,0.0,0.0,0.0,0.0,0.0,2.34
2026-06-05T07:42:07.540+00:00,34436,7bf0e23b-e546-4171-8243-7b016fd37d6e,,2,ARMED_IDLE,0x0000,NONE,0,1,0,1,0,0,0.0,1.148,0.0,0.0,0.0,0.0,0.0,0.0,0.0,0.0,112.5,1013.0,20.4,9.1,0.0,0.0,0.0,,0.0,0,0,0,0,0,4.2,0.0,0.0,0.0,0.0,0.0,-2.33
2026-06-05T07:42:07.671+00:00,34610,7bf0e23b-e546-4171-8243-7b016fd37d6e,,2,ARMED_IDLE,0x0000,NONE,0,1,0,1,0,0,0.0,0.757,0.0,0.0,0.0,0.0,0.0,0.0,0.0,0.0,110.91,1013.0,20.4,9.0,0.0,0.0,0.0,,0.0,0,0,0,0,0,4.2,0.0,0.0,0.0,0.0,0.0,0.0
2026-06-05T07:42:07.847+00:00,34785,7bf0e23b-e546-4171-8243-7b016fd37d6e,,2,ARMED_IDLE,0x0000,NONE,0,1,0,1,0,0,0.0,0.61,0.0,0.0,0.0,0.0,0.0,0.0,0.0,-1.05,112.5,1013.0,20.4,9.0,0.0,0.0,0.0,,0.0,0,0,0,0,0,4.2,0.0,0.0,0.0,0.0,0.0,-6.0
2026-06-05T07:42:08.063+00:00,34960,7bf0e23b-e546-4171-8243-7b016fd37d6e,,2,ARMED_IDLE,0x0000,NONE,0,1,0,1,0,0,0.0,0.562,0.0,0.0,0.0,0.0,0.0,0.0,0.0,-0.31,111.15,1013.0,20.4,9.0,0.0,0.0,0.0,,0.0,0,0,0,0,0,4.2,0.0,0.0,0.0,0.0,0.0,4.23
2026-06-05T07:42:08.255+00:00,35135,7bf0e23b-e546-4171-8243-7b016fd37d6e,,2,ARMED_IDLE,0x0000,NONE,0,1,0,1,0,0,0.0,0.953,0.0,0.0,0.0,0.0,0.0,0.0,0.0,0.0,112.5,1013.0,20.4,9.1,0.0,0.0,0.0,,0.0,0,0,0,0,0,4.2,0.0,0.0,0.0,0.0,0.0,1.77
2026-06-05T07:42:08.371+00:00,35309,7bf0e23b-e546-4171-8243-7b016fd37d6e,,2,ARMED_IDLE,0x0000,NONE,0,1,0,1,0,0,0.0,0.757,0.0,0.0,0.0,0.0,0.0,0.0,0.0,0.0,111.27,1013.1,20.4,9.1,0.0,0.0,0.0,,0.0,0,0,0,0,0,4.2,0.0,0.0,0.0,0.0,0.0,0.0
2026-06-05T07:42:08.547+00:00,35484,7bf0e23b-e546-4171-8243-7b016fd37d6e,,2,ARMED_IDLE,0x0000,NONE,0,1,0,1,0,0,0.0,0.0,0.0,0.0,0.0,0.0,0.0,0.0,0.0,1.63,112.5,1013.0,20.4,9.1,0.0,0.0,0.0,,0.0,0,0,0,0,0,4.2,0.0,0.0,0.0,0.0,0.0,9.31
2026-06-05T07:42:08.782+00:00,35659,7bf0e23b-e546-4171-8243-7b016fd37d6e,,2,ARMED_IDLE,0x0000,NONE,0,1,0,1,0,0,0.0,0.0,0.0,0.0,0.0,0.0,0.0,0.0,0.0,0.9,107.49,1013.0,20.4,9.0,0.0,0.0,0.0,,0.0,0,0,0,0,0,4.2,0.0,0.0,0.0,0.0,0.0,-4.17
2026-06-05T07:42:08.973+00:00,35833,7bf0e23b-e546-4171-8243-7b016fd37d6e,,2,ARMED_IDLE,0x0000,NONE,0,1,0,1,0,0,0.0,0.0,0.0,0.0,0.0,0.0,0.0,0.0,0.0,1.39,112.5,1013.0,20.4,9.0,0.0,0.0,0.0,,0.0,0,0,0,0,0,4.2,0.0,0.0,0.0,0.0,0.0,2.82
2026-06-05T07:42:09.071+00:00,36008,7bf0e23b-e546-4171-8243-7b016fd37d6e,,2,ARMED_IDLE,0x0000,NONE,0,1,0,1,0,0,0.0,0.659,0.0,0.0,0.0,0.0,0.0,0.0,0.0,1.14,106.63,1013.0,20.4,9.1,0.0,0.0,0.0,,0.0,0,0,0,0,0,4.2,0.0,0.0,0.0,0.0,0.0,-1.43
2026-06-05T07:42:09.247+00:00,36184,7bf0e23b-e546-4171-8243-7b016fd37d6e,,2,ARMED_IDLE,0x0000,NONE,0,1,0,1,0,0,0.0,0.0,0.0,0.0,0.0,0.0,0.0,0.0,0.0,1.63,112.5,1013.0,20.4,9.0,0.0,0.0,0.0,,0.0,0,0,0,0,0,4.2,0.0,0.0,0.0,0.0,0.0,2.78
2026-06-05T07:42:09.503+00:00,36359,7bf0e23b-e546-4171-8243-7b016fd37d6e,,2,ARMED_IDLE,0x0000,NONE,0,1,0,1,0,0,0.0,0.024,0.0,0.0,0.0,0.0,0.0,0.0,0.0,-1.05,107.73,1013.0,20.4,9.0,0.0,0.0,0.0,,0.0,0,0,0,0,0,4.2,0.0,0.0,0.0,0.0,0.0,-15.31
2026-06-05T07:42:09.606+00:00,36533,7bf0e23b-e546-4171-8243-7b016fd37d6e,,2,ARMED_IDLE,0x0000,NONE,0,1,0,1,0,0,0.0,0.904,0.0,0.0,0.0,0.0,0.0,0.0,0.0,0.41,112.5,1013.0,20.4,9.1,0.0,0.0,0.0,,0.0,0,0,0,0,0,4.2,0.0,0.0,0.0,0.0,0.0,8.39
2026-06-05T07:42:09.772+00:00,36708,7bf0e23b-e546-4171-8243-7b016fd37d6e,,2,ARMED_IDLE,0x0000,NONE,0,1,0,1,0,0,0.0,0.904,0.0,0.0,0.0,0.0,0.0,0.0,0.0,2.12,105.77,1013.0,20.4,9.1,0.0,0.0,0.0,,0.0,0,0,0,0,0,4.2,0.0,0.0,0.0,0.0,0.0,9.77
2026-06-05T07:42:09.947+00:00,36883,7bf0e23b-e546-4171-8243-7b016fd37d6e,,2,ARMED_IDLE,0x0000,NONE,0,1,0,1,0,0,0.0,0.0,0.0,0.0,0.0,0.0,0.0,0.0,0.0,1.63,111.88,1013.0,20.4,9.1,0.0,0.0,0.0,,0.0,0,0,0,0,0,4.2,0.0,0.0,0.0,0.0,0.0,-2.8
2026-06-05T07:42:10.120+00:00,37058,7bf0e23b-e546-4171-8243-7b016fd37d6e,,2,ARMED_IDLE,0x0000,NONE,0,1,0,1,0,0,0.0,1.099,0.0,0.0,0.0,0.0,0.0,0.0,0.0,0.65,107.12,1013.1,20.4,9.1,0.0,0.0,0.0,,0.0,0,0,0,0,0,4.2,0.0,0.0,0.0,0.0,0.0,-5.6
2026-06-05T07:42:10.322+00:00,37232,7bf0e23b-e546-4171-8243-7b016fd37d6e,,2,ARMED_IDLE,0x0000,NONE,0,1,0,1,0,0,0.0,0.0,0.0,0.0,0.0,0.0,0.0,0.0,0.0,0.0,112.5,1013.0,20.4,9.0,0.0,0.0,0.0,,0.0,0,0,0,0,0,4.2,0.0,0.0,0.0,0.0,0.0,-3.74
2026-06-05T07:42:10.472+00:00,37407,7bf0e23b-e546-4171-8243-7b016fd37d6e,,2,ARMED_IDLE,0x0000,NONE,0,1,0,1,0,0,0.0,0.024,0.0,0.0,0.0,0.0,0.0,0.0,0.0,0.0,107.85,1013.0,20.4,9.0,0.0,0.0,0.0,,0.0,0,0,0,0,0,4.2,0.0,0.0,0.0,0.0,0.0,0.0
2026-06-05T07:42:10.645+00:00,37581,7bf0e23b-e546-4171-8243-7b016fd37d6e,,2,ARMED_IDLE,0x0000,NONE,0,1,0,1,0,0,0.0,0.0,0.0,0.0,0.0,0.0,0.0,0.0,0.0,0.9,111.4,1013.0,20.4,9.1,0.0,0.0,0.0,,0.0,0,0,0,0,0,4.2,0.0,0.0,0.0,0.0,0.0,5.17
2026-06-05T07:42:10.820+00:00,37756,7bf0e23b-e546-4171-8243-7b016fd37d6e,,2,ARMED_IDLE,0x0000,NONE,0,1,0,1,0,0,0.0,0.562,0.0,0.0,0.0,0.0,0.0,0.0,0.0,-0.8,111.64,1013.0,20.4,9.0,0.0,0.0,0.0,,0.0,0,0,0,0,0,4.2,0.0,0.0,0.0,0.0,0.0,-9.71
2026-06-05T07:42:11.034+00:00,37932,7bf0e23b-e546-4171-8243-7b016fd37d6e,,2,ARMED_IDLE,0x0000,NONE,0,1,0,1,0,0,0.0,0.61,0.0,0.0,0.0,0.0,0.0,0.0,0.0,0.9,112.5,1013.0,20.4,9.1,0.0,0.0,0.0,,0.0,0,0,0,0,0,4.2,0.0,0.0,0.0,0.0,0.0,9.66
2026-06-05T07:42:11.172+00:00,38107,7bf0e23b-e546-4171-8243-7b016fd37d6e,,2,ARMED_IDLE,0x0000,NONE,0,1,0,1,0,0,0.0,1.05,0.0,0.0,0.0,0.0,0.0,0.0,0.0,1.39,106.02,1013.0,20.4,9.0,0.0,0.0,0.0,,0.0,0,0,0,0,0,4.2,0.0,0.0,0.0,0.0,0.0,2.8
2026-06-05T07:42:11.345+00:00,38281,7bf0e23b-e546-4171-8243-7b016fd37d6e,,2,ARMED_IDLE,0x0000,NONE,0,1,0,1,0,0,0.0,0.024,0.0,0.0,0.0,0.0,0.0,0.0,0.0,-0.31,112.5,1013.0,20.4,9.1,0.0,0.0,0.0,,0.0,0,0,0,0,0,4.2,0.0,0.0,0.0,0.0,0.0,-9.77
2026-06-05T07:42:11.521+00:00,38456,7bf0e23b-e546-4171-8243-7b016fd37d6e,,2,ARMED_IDLE,0x0000,NONE,0,1,0,1,0,0,0.0,0.708,0.0,0.0,0.0,0.0,0.0,0.0,0.0,0.0,112.01,1013.0,20.4,9.1,0.0,0.0,0.0,,0.0,0,0,0,0,0,4.2,0.0,0.0,0.0,0.0,0.0,1.77
2026-06-05T07:42:11.781+00:00,38631,7bf0e23b-e546-4171-8243-7b016fd37d6e,,2,ARMED_IDLE,0x0000,NONE,0,1,0,1,0,0,0.0,0.904,0.0,0.0,0.0,0.0,0.0,0.0,0.0,0.0,112.5,1013.0,20.4,9.1,0.0,0.0,0.0,,0.0,0,0,0,0,0,4.2,0.0,0.0,0.0,0.0,0.0,0.0
2026-06-05T07:42:11.879+00:00,38806,7bf0e23b-e546-4171-8243-7b016fd37d6e,,2,ARMED_IDLE,0x0000,NONE,0,1,0,1,0,0,0.0,0.0,0.0,0.0,0.0,0.0,0.0,0.0,0.0,-0.31,108.1,1013.0,20.4,9.0,0.0,0.0,0.0,,0.0,0,0,0,0,0,4.2,0.0,0.0,0.0,0.0,0.0,-1.77
2026-06-05T07:42:12.045+00:00,38980,7bf0e23b-e546-4171-8243-7b016fd37d6e,,2,ARMED_IDLE,0x0000,NONE,0,1,0,1,0,0,0.0,0.268,0.0,0.0,0.0,0.0,0.0,0.0,0.0,0.0,112.5,1013.0,20.4,9.0,0.0,0.0,0.0,,0.0,0,0,0,0,0,4.2,0.0,0.0,0.0,0.0,0.0,1.78
2026-06-05T07:42:12.221+00:00,39155,7bf0e23b-e546-4171-8243-7b016fd37d6e,,2,ARMED_IDLE,0x0000,NONE,0,1,0,1,0,0,0.0,0.513,0.0,0.0,0.0,0.0,0.0,0.0,0.0,0.41,111.03,1013.0,20.4,9.0,0.0,0.0,0.0,,0.0,0,0,0,0,0,4.2,0.0,0.0,0.0,0.0,0.0,2.34
2026-06-05T07:42:12.402+00:00,39330,7bf0e23b-e546-4171-8243-7b016fd37d6e,,2,ARMED_IDLE,0x0000,NONE,0,1,0,1,0,0,0.0,0.904,0.0,0.0,0.0,0.0,0.0,0.0,0.0,0.9,112.5,1013.0,20.4,9.1,0.0,0.0,0.0,,0.0,0,0,0,0,0,4.2,0.0,0.0,0.0,0.0,0.0,2.8
2026-06-05T07:42:12.594+00:00,39504,7bf0e23b-e546-4171-8243-7b016fd37d6e,,2,ARMED_IDLE,0x0000,NONE,0,1,0,1,0,0,0.0,0.268,0.0,0.0,0.0,0.0,0.0,0.0,0.0,-0.8,108.95,1013.0,20.4,9.1,0.0,0.0,0.0,,0.0,0,0,0,0,0,4.2,0.0,0.0,0.0,0.0,0.0,-9.77
2026-06-05T07:42:12.745+00:00,39680,7bf0e23b-e546-4171-8243-7b016fd37d6e,,2,ARMED_IDLE,0x0000,NONE,0,1,0,1,0,0,0.0,0.464,0.0,0.0,0.0,0.0,0.0,0.0,0.0,-0.56,112.5,1013.0,20.4,9.1,0.0,0.0,0.0,,0.0,0,0,0,0,0,4.2,0.0,0.0,0.0,0.0,0.0,1.36
2026-06-05T07:42:12.921+00:00,39855,7bf0e23b-e546-4171-8243-7b016fd37d6e,,2,ARMED_IDLE,0x0000,NONE,0,1,0,1,0,0,0.0,0.708,0.0,0.0,0.0,0.0,0.0,0.0,0.0,-0.31,112.01,1013.0,20.4,9.0,0.0,0.0,0.0,,0.0,0,0,0,0,0,4.2,0.0,0.0,0.0,0.0,0.0,1.43
2026-06-05T07:42:13.120+00:00,40030,7bf0e23b-e546-4171-8243-7b016fd37d6e,,2,ARMED_IDLE,0x0000,NONE,0,1,0,1,0,0,0.0,0.024,0.0,0.0,0.0,0.0,0.0,0.0,0.0,-0.8,112.5,1013.0,20.4,9.0,0.0,0.0,0.0,,0.0,0,0,0,0,0,4.2,0.0,0.0,0.0,0.0,0.0,-2.8
2026-06-05T07:42:13.317+00:00,40205,7bf0e23b-e546-4171-8243-7b016fd37d6e,,2,ARMED_IDLE,0x0000,NONE,0,1,0,1,0,0,0.0,0.317,0.0,0.0,0.0,0.0,0.0,0.0,0.0,-0.31,110.54,1013.0,20.4,9.1,0.0,0.0,0.0,,0.0,0,0,0,0,0,4.2,0.0,0.0,0.0,0.0,0.0,2.8
2026-06-05T07:42:13.446+00:00,40380,7bf0e23b-e546-4171-8243-7b016fd37d6e,,2,ARMED_IDLE,0x0000,NONE,0,1,0,1,0,0,0.0,1.148,0.0,0.0,0.0,0.0,0.0,0.0,0.0,0.0,112.5,1013.0,20.4,9.1,0.0,0.0,0.0,,0.0,0,0,0,0,0,4.2,0.0,0.0,0.0,0.0,0.0,1.77
2026-06-05T07:42:13.622+00:00,40554,7bf0e23b-e546-4171-8243-7b016fd37d6e,,2,ARMED_IDLE,0x0000,NONE,0,1,0,1,0,0,0.0,0.415,0.0,0.0,0.0,0.0,0.0,0.0,0.0,-1.05,110.05,1013.0,20.4,9.0,0.0,0.0,0.0,,0.0,0,0,0,0,0,4.2,0.0,0.0,0.0,0.0,0.0,-6.03
2026-06-05T07:42:13.846+00:00,40729,7bf0e23b-e546-4171-8243-7b016fd37d6e,,2,ARMED_IDLE,0x0000,NONE,0,1,0,1,0,0,0.0,1.001,0.0,0.0,0.0,0.0,0.0,0.0,0.0,0.0,112.13,1013.0,20.4,9.0,0.0,0.0,0.0,,0.0,0,0,0,0,0,4.2,0.0,0.0,0.0,0.0,0.0,6.0
2026-06-05T07:42:14.045+00:00,40904,7bf0e23b-e546-4171-8243-7b016fd37d6e,,2,ARMED_IDLE,0x0000,NONE,0,1,0,1,0,0,0.0,0.0,0.0,0.0,0.0,0.0,0.0,0.0,0.0,0.0,107.73,1013.0,20.4,9.0,0.0,0.0,0.0,,0.0,0,0,0,0,0,4.2,0.0,0.0,0.0,0.0,0.0,0.0
2026-06-05T07:42:14.146+00:00,41078,7bf0e23b-e546-4171-8243-7b016fd37d6e,,2,ARMED_IDLE,0x0000,NONE,0,1,0,1,0,0,0.0,0.0,0.0,0.0,0.0,0.0,0.0,0.0,0.0,-0.31,112.5,1013.0,20.4,9.0,0.0,0.0,0.0,,0.0,0,0,0,0,0,4.2,0.0,0.0,0.0,0.0,0.0,-1.78
2026-06-05T07:42:14.322+00:00,41253,7bf0e23b-e546-4171-8243-7b016fd37d6e,,2,ARMED_IDLE,0x0000,NONE,0,1,0,1,0,0,0.0,0.0,0.0,0.0,0.0,0.0,0.0,0.0,0.0,-0.31,108.83,1013.0,20.4,9.1,0.0,0.0,0.0,,0.0,0,0,0,0,0,4.2,0.0,0.0,0.0,0.0,0.0,0.0
2026-06-05T07:42:14.580+00:00,41428,7bf0e23b-e546-4171-8243-7b016fd37d6e,,2,ARMED_IDLE,0x0000,NONE,0,1,0,1,0,0,0.0,0.708,0.0,0.0,0.0,0.0,0.0,0.0,0.0,0.0,112.5,1013.1,20.4,9.1,0.0,0.0,0.0,,0.0,0,0,0,0,0,4.2,0.0,0.0,0.0,0.0,0.0,1.77
2026-06-05T07:42:14.688+00:00,41603,7bf0e23b-e546-4171-8243-7b016fd37d6e,,2,ARMED_IDLE,0x0000,NONE,0,1,0,1,0,0,0.0,0.219,0.0,0.0,0.0,0.0,0.0,0.0,0.0,-0.31,107.12,1013.0,20.4,9.1,0.0,0.0,0.0,,0.0,0,0,0,0,0,4.2,0.0,0.0,0.0,0.0,0.0,-1.77
2026-06-05T07:42:14.846+00:00,41778,7bf0e23b-e546-4171-8243-7b016fd37d6e,,2,ARMED_IDLE,0x0000,NONE,0,1,0,1,0,0,0.0,0.61,0.0,0.0,0.0,0.0,0.0,0.0,0.0,-0.31,112.5,1013.0,20.4,9.0,0.0,0.0,0.0,,0.0,0,0,0,0,0,4.2,0.0,0.0,0.0,0.0,0.0,0.0
2026-06-05T07:42:15.022+00:00,41953,7bf0e23b-e546-4171-8243-7b016fd37d6e,,2,ARMED_IDLE,0x0000,NONE,0,1,0,1,0,0,0.0,1.099,0.0,0.0,0.0,0.0,0.0,0.0,0.0,0.0,106.51,1013.0,20.4,9.0,0.0,0.0,0.0,,0.0,0,0,0,0,0,4.2,0.0,0.0,0.0,0.0,0.0,1.77
2026-06-05T07:42:15.200+00:00,42128,7bf0e23b-e546-4171-8243-7b016fd37d6e,,2,ARMED_IDLE,0x0000,NONE,0,1,0,1,0,0,0.0,0.61,0.0,0.0,0.0,0.0,0.0,0.0,0.0,-1.05,112.5,1013.0,20.4,9.0,0.0,0.0,0.0,,0.0,0,0,0,0,0,4.2,0.0,0.0,0.0,0.0,0.0,-6.0
2026-06-05T07:42:15.416+00:00,42303,7bf0e23b-e546-4171-8243-7b016fd37d6e,,2,ARMED_IDLE,0x0000,NONE,0,1,0,1,0,0,0.0,0.0,0.0,0.0,0.0,0.0,0.0,0.0,0.0,-0.56,108.46,1013.0,20.4,9.0,0.0,0.0,0.0,,0.0,0,0,0,0,0,4.2,0.0,0.0,0.0,0.0,0.0,2.8
2026-06-05T07:42:15.547+00:00,42477,7bf0e23b-e546-4171-8243-7b016fd37d6e,,2,ARMED_IDLE,0x0000,NONE,0,1,0,1,0,0,0.0,1.099,0.0,0.0,0.0,0.0,0.0,0.0,0.0,0.0,112.5,1013.0,20.4,9.1,0.0,0.0,0.0,,0.0,0,0,0,0,0,4.2,0.0,0.0,0.0,0.0,0.0,3.22
2026-06-05T07:42:15.720+00:00,42652,7bf0e23b-e546-4171-8243-7b016fd37d6e,,2,ARMED_IDLE,0x0000,NONE,0,1,0,1,0,0,0.0,0.0,0.0,0.0,0.0,0.0,0.0,0.0,0.0,0.0,108.95,1013.0,20.4,9.1,0.0,0.0,0.0,,0.0,0,0,0,0,0,4.2,0.0,0.0,0.0,0.0,0.0,0.0
2026-06-05T07:42:15.895+00:00,42827,7bf0e23b-e546-4171-8243-7b016fd37d6e,,2,ARMED_IDLE,0x0000,NONE,0,1,0,1,0,0,0.0,0.562,0.0,0.0,0.0,0.0,0.0,0.0,0.0,-1.05,112.5,1013.0,20.4,9.1,0.0,0.0,0.0,,0.0,0,0,0,0,0,4.2,0.0,0.0,0.0,0.0,0.0,-6.0
2026-06-05T07:42:16.138+00:00,43001,7bf0e23b-e546-4171-8243-7b016fd37d6e,,2,ARMED_IDLE,0x0000,NONE,0,1,0,1,0,0,0.0,0.0,0.0,0.0,0.0,0.0,0.0,0.0,0.0,0.0,107.61,1013.0,20.4,9.1,0.0,0.0,0.0,,0.0,0,0,0,0,0,4.2,0.0,0.0,0.0,0.0,0.0,6.03
2026-06-05T07:42:16.247+00:00,43176,7bf0e23b-e546-4171-8243-7b016fd37d6e,,2,ARMED_IDLE,0x0000,NONE,0,1,0,1,0,0,0.0,0.366,0.0,0.0,0.0,0.0,0.0,0.0,0.0,-0.31,112.5,1013.0,20.4,9.0,0.0,0.0,0.0,,0.0,0,0,0,0,0,4.2,0.0,0.0,0.0,0.0,0.0,-1.77
2026-06-05T07:42:16.419+00:00,43352,7bf0e23b-e546-4171-8243-7b016fd37d6e,,2,ARMED_IDLE,0x0000,NONE,0,1,0,1,0,0,0.0,0.464,0.0,0.0,0.0,0.0,0.0,0.0,0.0,0.0,111.52,1013.0,20.4,9.0,0.0,0.0,0.0,,0.0,0,0,0,0,0,4.2,0.0,0.0,0.0,0.0,0.0,1.76
2026-06-05T07:42:16.595+00:00,43526,7bf0e23b-e546-4171-8243-7b016fd37d6e,,2,ARMED_IDLE,0x0000,NONE,0,1,0,1,0,0,0.0,0.024,0.0,0.0,0.0,0.0,0.0,0.0,0.0,0.0,112.37,1013.0,20.4,9.0,0.0,0.0,0.0,,0.0,0,0,0,0,0,4.2,0.0,0.0,0.0,0.0,0.0,0.0
2026-06-05T07:42:16.799+00:00,43701,7bf0e23b-e546-4171-8243-7b016fd37d6e,,2,ARMED_IDLE,0x0000,NONE,0,1,0,1,0,0,0.0,0.219,0.0,0.0,0.0,0.0,0.0,0.0,0.0,-0.31,109.2,1013.0,20.4,9.1,0.0,0.0,0.0,,0.0,0,0,0,0,0,4.2,0.0,0.0,0.0,0.0,0.0,-1.77
2026-06-05T07:42:17.002+00:00,43876,7bf0e23b-e546-4171-8243-7b016fd37d6e,,2,ARMED_IDLE,0x0000,NONE,0,1,0,1,0,0,0.0,1.148,0.0,0.0,0.0,0.0,0.0,0.0,0.0,0.65,112.13,1013.0,20.4,9.0,0.0,0.0,0.0,,0.0,0,0,0,0,0,4.2,0.0,0.0,0.0,0.0,0.0,5.49
2026-06-05T07:42:17.120+00:00,44051,7bf0e23b-e546-4171-8243-7b016fd37d6e,,2,ARMED_IDLE,0x0000,NONE,0,1,0,1,0,0,0.0,0.219,0.0,0.0,0.0,0.0,0.0,0.0,0.0,-0.31,108.95,1013.0,20.4,9.0,0.0,0.0,0.0,,0.0,0,0,0,0,0,4.2,0.0,0.0,0.0,0.0,0.0,-5.49
2026-06-05T07:42:17.296+00:00,44225,7bf0e23b-e546-4171-8243-7b016fd37d6e,,2,ARMED_IDLE,0x0000,NONE,0,1,0,1,0,0,0.0,0.464,0.0,0.0,0.0,0.0,0.0,0.0,0.0,-1.29,112.5,1013.0,20.4,9.1,0.0,0.0,0.0,,0.0,0,0,0,0,0,4.2,0.0,0.0,0.0,0.0,0.0,-5.63
2026-06-05T07:42:17.536+00:00,44401,7bf0e23b-e546-4171-8243-7b016fd37d6e,,2,ARMED_IDLE,0x0000,NONE,0,1,0,1,0,0,0.0,0.0,0.0,0.0,0.0,0.0,0.0,0.0,0.0,0.65,107.36,1013.0,20.4,9.1,0.0,0.0,0.0,,0.0,0,0,0,0,0,4.2,0.0,0.0,0.0,0.0,0.0,11.02
2026-06-05T07:42:17.677+00:00,44575,7bf0e23b-e546-4171-8243-7b016fd37d6e,,2,ARMED_IDLE,0x0000,NONE,0,1,0,1,0,0,0.0,0.806,0.0,0.0,0.0,0.0,0.0,0.0,0.0,0.41,112.5,1013.1,20.4,9.1,0.0,0.0,0.0,,0.0,0,0,0,0,0,4.2,0.0,0.0,0.0,0.0,0.0,-1.38
2026-06-05T07:42:17.820+00:00,44750,7bf0e23b-e546-4171-8243-7b016fd37d6e,,2,ARMED_IDLE,0x0000,NONE,0,1,0,1,0,0,0.0,0.171,0.0,0.0,0.0,0.0,0.0,0.0,0.0,-0.56,109.07,1013.0,20.4,9.0,0.0,0.0,0.0,,0.0,0,0,0,0,0,4.2,0.0,0.0,0.0,0.0,0.0,-5.54
2026-06-05T07:42:17.996+00:00,44925,7bf0e23b-e546-4171-8243-7b016fd37d6e,,2,ARMED_IDLE,0x0000,NONE,0,1,0,1,0,0,0.0,0.904,0.0,0.0,0.0,0.0,0.0,0.0,0.0,0.65,112.5,1013.0,20.4,9.1,0.0,0.0,0.0,,0.0,0,0,0,0,0,4.2,0.0,0.0,0.0,0.0,0.0,6.91
2026-06-05T07:42:18.208+00:00,45100,7bf0e23b-e546-4171-8243-7b016fd37d6e,,2,ARMED_IDLE,0x0000,NONE,0,1,0,1,0,0,0.0,0.171,0.0,0.0,0.0,0.0,0.0,0.0,0.0,0.0,110.3,1013.0,20.4,9.1,0.0,0.0,0.0,,0.0,0,0,0,0,0,4.2,0.0,0.0,0.0,0.0,0.0,-3.71
2026-06-05T07:42:18.374+00:00,45275,7bf0e23b-e546-4171-8243-7b016fd37d6e,,2,ARMED_IDLE,0x0000,NONE,0,1,0,1,0,0,0.0,0.0,0.0,0.0,0.0,0.0,0.0,0.0,0.0,0.0,112.5,1013.0,20.4,9.1,0.0,0.0,0.0,,0.0,0,0,0,0,0,4.2,0.0,0.0,0.0,0.0,0.0,0.0
2026-06-05T07:42:18.520+00:00,45450,7bf0e23b-e546-4171-8243-7b016fd37d6e,,2,ARMED_IDLE,0x0000,NONE,0,1,0,1,0,0,0.0,0.659,0.0,0.0,0.0,0.0,0.0,0.0,0.0,0.65,111.64,1013.0,20.4,9.1,0.0,0.0,0.0,,0.0,0,0,0,0,0,4.2,0.0,0.0,0.0,0.0,0.0,3.71
2026-06-05T07:42:18.696+00:00,45624,7bf0e23b-e546-4171-8243-7b016fd37d6e,,2,ARMED_IDLE,0x0000,NONE,0,1,0,1,0,0,0.0,0.219,0.0,0.0,0.0,0.0,0.0,0.0,0.0,-0.8,112.5,1013.0,20.4,9.1,0.0,0.0,0.0,,0.0,0,0,0,0,0,4.2,0.0,0.0,0.0,0.0,0.0,-8.33
2026-06-05T07:42:18.869+00:00,45799,7bf0e23b-e546-4171-8243-7b016fd37d6e,,2,ARMED_IDLE,0x0000,NONE,0,1,0,1,0,0,0.0,0.806,0.0,0.0,0.0,0.0,0.0,0.0,0.0,0.65,106.75,1013.0,20.4,9.1,0.0,0.0,0.0,,0.0,0,0,0,0,0,4.2,0.0,0.0,0.0,0.0,0.0,8.29
2026-06-05T07:42:19.071+00:00,45974,7bf0e23b-e546-4171-8243-7b016fd37d6e,,2,ARMED_IDLE,0x0000,NONE,0,1,0,1,0,0,0.0,0.317,0.0,0.0,0.0,0.0,0.0,0.0,0.0,-0.56,112.5,1013.0,20.4,9.0,0.0,0.0,0.0,,0.0,0,0,0,0,0,4.2,0.0,0.0,0.0,0.0,0.0,-6.91
2026-06-05T07:42:19.221+00:00,46149,7bf0e23b-e546-4171-8243-7b016fd37d6e,,2,ARMED_IDLE,0x0000,NONE,0,1,0,1,0,0,0.0,0.464,0.0,0.0,0.0,0.0,0.0,0.0,0.0,-0.56,110.3,1013.0,20.4,9.1,0.0,0.0,0.0,,0.0,0,0,0,0,0,4.2,0.0,0.0,0.0,0.0,0.0,0.0
2026-06-05T07:42:19.396+00:00,46323,7bf0e23b-e546-4171-8243-7b016fd37d6e,,2,ARMED_IDLE,0x0000,NONE,0,1,0,1,0,0,0.0,0.122,0.0,0.0,0.0,0.0,0.0,0.0,0.0,-0.56,112.5,1013.0,20.4,9.0,0.0,0.0,0.0,,0.0,0,0,0,0,0,4.2,0.0,0.0,0.0,0.0,0.0,0.0
2026-06-05T07:42:19.571+00:00,46498,7bf0e23b-e546-4171-8243-7b016fd37d6e,,2,ARMED_IDLE,0x0000,NONE,0,1,0,1,0,0,0.0,0.073,0.0,0.0,0.0,0.0,0.0,0.0,0.0,-0.31,107.73,1013.0,20.4,9.0,0.0,0.0,0.0,,0.0,0,0,0,0,0,4.2,0.0,0.0,0.0,0.0,0.0,1.43
2026-06-05T07:42:19.755+00:00,46673,7bf0e23b-e546-4171-8243-7b016fd37d6e,,2,ARMED_IDLE,0x0000,NONE,0,1,0,1,0,0,0.0,0.464,0.0,0.0,0.0,0.0,0.0,0.0,0.0,0.0,112.5,1013.0,20.4,9.0,0.0,0.0,0.0,,0.0,0,0,0,0,0,4.2,0.0,0.0,0.0,0.0,0.0,1.77
2026-06-05T07:42:19.921+00:00,46849,7bf0e23b-e546-4171-8243-7b016fd37d6e,,2,ARMED_IDLE,0x0000,NONE,0,1,0,1,0,0,0.0,0.855,0.0,0.0,0.0,0.0,0.0,0.0,0.0,-0.56,105.77,1013.0,20.4,9.0,0.0,0.0,0.0,,0.0,0,0,0,0,0,4.2,0.0,0.0,0.0,0.0,0.0,-3.18
2026-06-05T07:42:20.097+00:00,47023,7bf0e23b-e546-4171-8243-7b016fd37d6e,,2,ARMED_IDLE,0x0000,NONE,0,1,0,1,0,0,0.0,0.219,0.0,0.0,0.0,0.0,0.0,0.0,0.0,-0.8,112.5,1013.0,20.4,9.1,0.0,0.0,0.0,,0.0,0,0,0,0,0,4.2,0.0,0.0,0.0,0.0,0.0,-1.38
2026-06-05T07:42:20.322+00:00,47198,7bf0e23b-e546-4171-8243-7b016fd37d6e,,2,ARMED_IDLE,0x0000,NONE,0,1,0,1,0,0,0.0,0.366,0.0,0.0,0.0,0.0,0.0,0.0,0.0,-0.31,109.2,1013.0,20.4,9.1,0.0,0.0,0.0,,0.0,0,0,0,0,0,4.2,0.0,0.0,0.0,0.0,0.0,2.8
2026-06-05T07:42:20.447+00:00,47373,7bf0e23b-e546-4171-8243-7b016fd37d6e,,2,ARMED_IDLE,0x0000,NONE,0,1,0,1,0,0,0.0,0.024,0.0,0.0,0.0,0.0,0.0,0.0,0.0,1.63,112.5,1013.0,20.4,9.1,0.0,0.0,0.0,,0.0,0,0,0,0,0,4.2,0.0,0.0,0.0,0.0,0.0,11.09
2026-06-05T07:42:20.621+00:00,47548,7bf0e23b-e546-4171-8243-7b016fd37d6e,,2,ARMED_IDLE,0x0000,NONE,0,1,0,1,0,0,0.0,1.05,0.0,0.0,0.0,0.0,0.0,0.0,0.0,0.9,105.77,1013.0,20.4,9.1,0.0,0.0,0.0,,0.0,0,0,0,0,0,4.2,0.0,0.0,0.0,0.0,0.0,-4.17
2026-06-05T07:42:20.797+00:00,47723,7bf0e23b-e546-4171-8243-7b016fd37d6e,,2,ARMED_IDLE,0x0000,NONE,0,1,0,1,0,0,0.0,0.464,0.0,0.0,0.0,0.0,0.0,0.0,0.0,0.0,112.5,1013.0,20.4,9.1,0.0,0.0,0.0,,0.0,0,0,0,0,0,4.2,0.0,0.0,0.0,0.0,0.0,-5.14
2026-06-05T07:42:21.044+00:00,47897,7bf0e23b-e546-4171-8243-7b016fd37d6e,,2,ARMED_IDLE,0x0000,NONE,0,1,0,1,0,0,0.0,0.659,0.0,0.0,0.0,0.0,0.0,0.0,0.0,0.41,111.52,1013.0,20.4,9.0,0.0,0.0,0.0,,0.0,0,0,0,0,0,4.2,0.0,0.0,0.0,0.0,0.0,2.36
2026-06-05T07:42:21.211+00:00,48072,7bf0e23b-e546-4171-8243-7b016fd37d6e,,2,ARMED_IDLE,0x0000,NONE,0,1,0,1,0,0,0.0,0.0,0.0,0.0,0.0,0.0,0.0,0.0,0.0,-0.31,112.5,1013.0,20.4,9.0,0.0,0.0,0.0,,0.0,0,0,0,0,0,4.2,0.0,0.0,0.0,0.0,0.0,-4.11
2026-06-05T07:42:21.321+00:00,48247,7bf0e23b-e546-4171-8243-7b016fd37d6e,,2,ARMED_IDLE,0x0000,NONE,0,1,0,1,0,0,0.0,0.513,0.0,0.0,0.0,0.0,0.0,0.0,0.0,0.0,110.3,1013.0,20.4,9.0,0.0,0.0,0.0,,0.0,0,0,0,0,0,4.2,0.0,0.0,0.0,0.0,0.0,1.77
2026-06-05T07:42:21.494+00:00,48422,7bf0e23b-e546-4171-8243-7b016fd37d6e,,2,ARMED_IDLE,0x0000,NONE,0,1,0,1,0,0,0.0,0.904,0.0,0.0,0.0,0.0,0.0,0.0,0.0,0.65,111.76,1013.0,20.4,9.0,0.0,0.0,0.0,,0.0,0,0,0,0,0,4.2,0.0,0.0,0.0,0.0,0.0,3.71
2026-06-05T07:42:21.740+00:00,48596,7bf0e23b-e546-4171-8243-7b016fd37d6e,,2,ARMED_IDLE,0x0000,NONE,0,1,0,1,0,0,0.0,0.855,0.0,0.0,0.0,0.0,0.0,0.0,0.0,-0.8,110.91,1013.0,20.4,9.1,0.0,0.0,0.0,,0.0,0,0,0,0,0,4.2,0.0,0.0,0.0,0.0,0.0,-8.33
2026-06-05T07:42:21.849+00:00,48772,7bf0e23b-e546-4171-8243-7b016fd37d6e,,2,ARMED_IDLE,0x0000,NONE,0,1,0,1,0,0,0.0,0.415,0.0,0.0,0.0,0.0,0.0,0.0,0.0,0.0,112.5,1013.0,20.4,9.1,0.0,0.0,0.0,,0.0,0,0,0,0,0,4.2,0.0,0.0,0.0,0.0,0.0,4.55
2026-06-05T07:42:22.022+00:00,48947,7bf0e23b-e546-4171-8243-7b016fd37d6e,,2,ARMED_IDLE,0x0000,NONE,0,1,0,1,0,0,0.0,1.05,0.0,0.0,0.0,0.0,0.0,0.0,0.0,-0.56,112.5,1013.1,20.4,9.1,0.0,0.0,0.0,,0.0,0,0,0,0,0,4.2,0.0,0.0,0.0,0.0,0.0,-3.2
2026-06-05T07:42:22.195+00:00,49122,7bf0e23b-e546-4171-8243-7b016fd37d6e,,2,ARMED_IDLE,0x0000,NONE,0,1,0,1,0,0,0.0,0.513,0.0,0.0,0.0,0.0,0.0,0.0,0.0,-0.31,112.5,1013.0,20.4,9.0,0.0,0.0,0.0,,0.0,0,0,0,0,0,4.2,0.0,0.0,0.0,0.0,0.0,1.43
2026-06-05T07:42:22.371+00:00,49296,7bf0e23b-e546-4171-8243-7b016fd37d6e,,2,ARMED_IDLE,0x0000,NONE,0,1,0,1,0,0,0.0,0.0,0.0,0.0,0.0,0.0,0.0,0.0,0.0,-1.53,107.61,1013.0,20.4,9.0,0.0,0.0,0.0,,0.0,0,0,0,0,0,4.2,0.0,0.0,0.0,0.0,0.0,-7.01
2026-06-05T07:42:22.547+00:00,49471,7bf0e23b-e546-4171-8243-7b016fd37d6e,,2,ARMED_IDLE,0x0000,NONE,0,1,0,1,0,0,0.0,0.073,0.0,0.0,0.0,0.0,0.0,0.0,0.0,1.39,112.5,1013.0,20.4,9.0,0.0,0.0,0.0,,0.0,0,0,0,0,0,4.2,0.0,0.0,0.0,0.0,0.0,16.69
2026-06-05T07:42:22.722+00:00,49646,7bf0e23b-e546-4171-8243-7b016fd37d6e,,2,ARMED_IDLE,0x0000,NONE,0,1,0,1,0,0,0.0,0.757,0.0,0.0,0.0,0.0,0.0,0.0,0.0,-0.8,111.15,1013.0,20.4,9.0,0.0,0.0,0.0,,0.0,0,0,0,0,0,4.2,0.0,0.0,0.0,0.0,0.0,-12.51
2026-06-05T07:42:22.895+00:00,49821,7bf0e23b-e546-4171-8243-7b016fd37d6e,,2,ARMED_IDLE,0x0000,NONE,0,1,0,1,0,0,0.0,0.268,0.0,0.0,0.0,0.0,0.0,0.0,0.0,0.0,112.5,1013.0,20.4,9.0,0.0,0.0,0.0,,0.0,0,0,0,0,0,4.2,0.0,0.0,0.0,0.0,0.0,4.57
2026-06-05T07:42:23.145+00:00,49996,7bf0e23b-e546-4171-8243-7b016fd37d6e,,2,ARMED_IDLE,0x0000,NONE,0,1,0,1,0,0,0.0,0.415,0.0,0.0,0.0,0.0,0.0,0.0,0.0,0.0,111.52,1013.0,20.4,9.0,0.0,0.0,0.0,,0.0,0,0,0,0,0,4.2,0.0,0.0,0.0,0.0,0.0,0.0
2026-06-05T07:42:23.305+00:00,50170,7bf0e23b-e546-4171-8243-7b016fd37d6e,,2,ARMED_IDLE,0x0000,NONE,0,1,0,1,0,0,0.0,0.317,0.0,0.0,0.0,0.0,0.0,0.0,0.0,-0.56,112.5,1013.0,20.4,9.0,0.0,0.0,0.0,,0.0,0,0,0,0,0,4.2,0.0,0.0,0.0,0.0,0.0,-3.22
2026-06-05T07:42:23.419+00:00,50345,7bf0e23b-e546-4171-8243-7b016fd37d6e,,2,ARMED_IDLE,0x0000,NONE,0,1,0,1,0,0,0.0,0.0,0.0,0.0,0.0,0.0,0.0,0.0,0.0,1.63,106.63,1013.0,20.4,9.0,0.0,0.0,0.0,,0.0,0,0,0,0,0,4.2,0.0,0.0,0.0,0.0,0.0,12.51
2026-06-05T07:42:23.595+00:00,50521,7bf0e23b-e546-4171-8243-7b016fd37d6e,,2,ARMED_IDLE,0x0000,NONE,0,1,0,1,0,0,0.0,0.855,0.0,0.0,0.0,0.0,0.0,0.0,0.0,-0.31,112.5,1013.0,20.4,9.1,0.0,0.0,0.0,,0.0,0,0,0,0,0,4.2,0.0,0.0,0.0,0.0,0.0,-11.02
2026-06-05T07:42:23.842+00:00,50696,7bf0e23b-e546-4171-8243-7b016fd37d6e,,2,ARMED_IDLE,0x0000,NONE,0,1,0,1,0,0,0.0,0.122,0.0,0.0,0.0,0.0,0.0,0.0,0.0,-1.05,109.32,1013.0,20.4,9.1,0.0,0.0,0.0,,0.0,0,0,0,0,0,4.2,0.0,0.0,0.0,0.0,0.0,-4.23
2026-06-05T07:42:24.012+00:00,50870,7bf0e23b-e546-4171-8243-7b016fd37d6e,,2,ARMED_IDLE,0x0000,NONE,0,1,0,1,0,0,0.0,0.024,0.0,0.0,0.0,0.0,0.0,0.0,0.0,-0.56,112.5,1013.0,20.4,9.0,0.0,0.0,0.0,,0.0,0,0,0,0,0,4.2,0.0,0.0,0.0,0.0,0.0,2.82
2026-06-05T07:42:24.120+00:00,51045,7bf0e23b-e546-4171-8243-7b016fd37d6e,,2,ARMED_IDLE,0x0000,NONE,0,1,0,1,0,0,0.0,1.148,0.0,0.0,0.0,0.0,0.0,0.0,0.0,1.88,107.0,1013.0,20.4,9.0,0.0,0.0,0.0,,0.0,0,0,0,0,0,4.2,0.0,0.0,0.0,0.0,0.0,13.94
2026-06-05T07:42:24.295+00:00,51220,7bf0e23b-e546-4171-8243-7b016fd37d6e,,2,ARMED_IDLE,0x0000,NONE,0,1,0,1,0,0,0.0,0.904,0.0,0.0,0.0,0.0,0.0,0.0,0.0,0.0,112.5,1013.0,20.4,9.1,0.0,0.0,0.0,,0.0,0,0,0,0,0,4.2,0.0,0.0,0.0,0.0,0.0,-10.74
2026-06-05T07:42:24.543+00:00,51395,7bf0e23b-e546-4171-8243-7b016fd37d6e,,2,ARMED_IDLE,0x0000,NONE,0,1,0,1,0,0,0.0,0.122,0.0,0.0,0.0,0.0,0.0,0.0,0.0,-0.31,109.56,1013.0,20.4,9.0,0.0,0.0,0.0,,0.0,0,0,0,0,0,4.2,0.0,0.0,0.0,0.0,0.0,-1.77
2026-06-05T07:42:24.709+00:00,51570,7bf0e23b-e546-4171-8243-7b016fd37d6e,,2,ARMED_IDLE,0x0000,NONE,0,1,0,1,0,0,0.0,0.659,0.0,0.0,0.0,0.0,0.0,0.0,0.0,-0.56,112.5,1013.0,20.4,9.0,0.0,0.0,0.0,,0.0,0,0,0,0,0,4.2,0.0,0.0,0.0,0.0,0.0,-1.43
2026-06-05T07:42:24.820+00:00,51745,7bf0e23b-e546-4171-8243-7b016fd37d6e,,2,ARMED_IDLE,0x0000,NONE,0,1,0,1,0,0,0.0,0.268,0.0,0.0,0.0,0.0,0.0,0.0,0.0,0.0,110.3,1013.0,20.4,9.0,0.0,0.0,0.0,,0.0,0,0,0,0,0,4.2,0.0,0.0,0.0,0.0,0.0,3.2
2026-06-05T07:42:24.996+00:00,51919,7bf0e23b-e546-4171-8243-7b016fd37d6e,,2,ARMED_IDLE,0x0000,NONE,0,1,0,1,0,0,0.0,0.953,0.0,0.0,0.0,0.0,0.0,0.0,0.0,0.0,112.5,1013.0,20.4,9.1,0.0,0.0,0.0,,0.0,0,0,0,0,0,4.2,0.0,0.0,0.0,0.0,0.0,0.0
2026-06-05T07:42:25.248+00:00,52094,7bf0e23b-e546-4171-8243-7b016fd37d6e,,2,ARMED_IDLE,0x0000,NONE,0,1,0,1,0,0,0.0,0.708,0.0,0.0,0.0,0.0,0.0,0.0,0.0,0.0,111.64,1013.0,20.4,9.1,0.0,0.0,0.0,,0.0,0,0,0,0,0,4.2,0.0,0.0,0.0,0.0,0.0,0.0
2026-06-05T07:42:25.349+00:00,52269,7bf0e23b-e546-4171-8243-7b016fd37d6e,,2,ARMED_IDLE,0x0000,NONE,0,1,0,1,0,0,0.0,0.122,0.0,0.0,0.0,0.0,0.0,0.0,0.0,0.0,112.5,1013.0,20.4,9.1,0.0,0.0,0.0,,0.0,0,0,0,0,0,4.2,0.0,0.0,0.0,0.0,0.0,0.0
2026-06-05T07:42:25.520+00:00,52444,7bf0e23b-e546-4171-8243-7b016fd37d6e,,2,ARMED_IDLE,0x0000,NONE,0,1,0,1,0,0,0.0,0.0,0.0,0.0,0.0,0.0,0.0,0.0,0.0,0.41,107.49,1013.0,20.4,9.1,0.0,0.0,0.0,,0.0,0,0,0,0,0,4.2,0.0,0.0,0.0,0.0,0.0,2.34
2026-06-05T07:42:25.696+00:00,52619,7bf0e23b-e546-4171-8243-7b016fd37d6e,,2,ARMED_IDLE,0x0000,NONE,0,1,0,1,0,0,0.0,0.0,0.0,0.0,0.0,0.0,0.0,0.0,0.0,1.63,112.5,1013.0,20.4,9.0,0.0,0.0,0.0,,0.0,0,0,0,0,0,4.2,0.0,0.0,0.0,0.0,0.0,6.97
2026-06-05T07:42:25.941+00:00,52793,7bf0e23b-e546-4171-8243-7b016fd37d6e,,2,ARMED_IDLE,0x0000,NONE,0,1,0,1,0,0,0.0,0.806,0.0,0.0,0.0,0.0,0.0,0.0,0.0,-1.05,111.4,1013.0,20.4,9.0,0.0,0.0,0.0,,0.0,0,0,0,0,0,4.2,0.0,0.0,0.0,0.0,0.0,-15.4
2026-06-05T07:42:26.049+00:00,52968,7bf0e23b-e546-4171-8243-7b016fd37d6e,,2,ARMED_IDLE,0x0000,NONE,0,1,0,1,0,0,0.0,1.246,0.0,0.0,0.0,0.0,0.0,0.0,0.0,0.0,112.25,1013.0,20.4,9.0,0.0,0.0,0.0,,0.0,0,0,0,0,0,4.2,0.0,0.0,0.0,0.0,0.0,6.0
2026-06-05T07:42:26.220+00:00,53143,7bf0e23b-e546-4171-8243-7b016fd37d6e,,2,ARMED_IDLE,0x0000,NONE,0,1,0,1,0,0,0.0,0.904,0.0,0.0,0.0,0.0,0.0,0.0,0.0,-0.31,112.5,1013.0,20.4,9.1,0.0,0.0,0.0,,0.0,0,0,0,0,0,4.2,0.0,0.0,0.0,0.0,0.0,-1.77
2026-06-05T07:42:26.396+00:00,53318,7bf0e23b-e546-4171-8243-7b016fd37d6e,,2,ARMED_IDLE,0x0000,NONE,0,1,0,1,0,0,0.0,0.562,0.0,0.0,0.0,0.0,0.0,0.0,0.0,0.0,112.5,1013.0,20.4,9.1,0.0,0.0,0.0,,0.0,0,0,0,0,0,4.2,0.0,0.0,0.0,0.0,0.0,1.77
2026-06-05T07:42:26.635+00:00,53492,7bf0e23b-e546-4171-8243-7b016fd37d6e,,2,ARMED_IDLE,0x0000,NONE,0,1,0,1,0,0,0.0,0.0,0.0,0.0,0.0,0.0,0.0,0.0,0.0,0.41,107.24,1013.0,20.4,9.0,0.0,0.0,0.0,,0.0,0,0,0,0,0,4.2,0.0,0.0,0.0,0.0,0.0,2.36
2026-06-05T07:42:26.750+00:00,53667,7bf0e23b-e546-4171-8243-7b016fd37d6e,,2,ARMED_IDLE,0x0000,NONE,0,1,0,1,0,0,0.0,0.317,0.0,0.0,0.0,0.0,0.0,0.0,0.0,0.0,112.5,1013.0,20.4,9.1,0.0,0.0,0.0,,0.0,0,0,0,0,0,4.2,0.0,0.0,0.0,0.0,0.0,-2.34
2026-06-05T07:42:26.921+00:00,53842,7bf0e23b-e546-4171-8243-7b016fd37d6e,,2,ARMED_IDLE,0x0000,NONE,0,1,0,1,0,0,0.0,0.024,0.0,0.0,0.0,0.0,0.0,0.0,0.0,1.14,108.22,1013.0,20.4,9.1,0.0,0.0,0.0,,0.0,0,0,0,0,0,4.2,0.0,0.0,0.0,0.0,0.0,6.51
2026-06-05T07:42:27.094+00:00,54017,7bf0e23b-e546-4171-8243-7b016fd37d6e,,2,ARMED_IDLE,0x0000,NONE,0,1,0,1,0,0,0.0,0.0,0.0,0.0,0.0,0.0,0.0,0.0,0.0,1.14,112.5,1013.0,20.4,9.0,0.0,0.0,0.0,,0.0,0,0,0,0,0,4.2,0.0,0.0,0.0,0.0,0.0,0.0
2026-06-05T07:42:27.270+00:00,54192,7bf0e23b-e546-4171-8243-7b016fd37d6e,,2,ARMED_IDLE,0x0000,NONE,0,1,0,1,0,0,0.0,0.953,0.0,0.0,0.0,0.0,0.0,0.0,0.0,-0.8,112.5,1013.0,20.4,9.0,0.0,0.0,0.0,,0.0,0,0,0,0,0,4.2,0.0,0.0,0.0,0.0,0.0,-11.09
2026-06-05T07:42:27.505+00:00,54367,7bf0e23b-e546-4171-8243-7b016fd37d6e,,2,ARMED_IDLE,0x0000,NONE,0,1,0,1,0,0,0.0,0.953,0.0,0.0,0.0,0.0,0.0,0.0,0.0,0.0,111.52,1013.0,20.4,9.1,0.0,0.0,0.0,,0.0,0,0,0,0,0,4.2,0.0,0.0,0.0,0.0,0.0,4.57
2026-06-05T07:42:27.621+00:00,54541,7bf0e23b-e546-4171-8243-7b016fd37d6e,,2,ARMED_IDLE,0x0000,NONE,0,1,0,1,0,0,0.0,0.0,0.0,0.0,0.0,0.0,0.0,0.0,0.0,1.39,107.0,1013.0,20.4,9.0,0.0,0.0,0.0,,0.0,0,0,0,0,0,4.2,0.0,0.0,0.0,0.0,0.0,7.99
2026-06-05T07:42:27.794+00:00,54716,7bf0e23b-e546-4171-8243-7b016fd37d6e,,2,ARMED_IDLE,0x0000,NONE,0,1,0,1,0,0,0.0,0.855,0.0,0.0,0.0,0.0,0.0,0.0,0.0,0.0,111.64,1013.0,20.4,9.0,0.0,0.0,0.0,,0.0,0,0,0,0,0,4.2,0.0,0.0,0.0,0.0,0.0,-7.94
2026-06-05T07:42:27.969+00:00,54891,7bf0e23b-e546-4171-8243-7b016fd37d6e,,2,ARMED_IDLE,0x0000,NONE,0,1,0,1,0,0,0.0,0.806,0.0,0.0,0.0,0.0,0.0,0.0,0.0,-0.56,112.13,1013.0,20.4,9.0,0.0,0.0,0.0,,0.0,0,0,0,0,0,4.2,0.0,0.0,0.0,0.0,0.0,-3.2
2026-06-05T07:42:28.204+00:00,55066,7bf0e23b-e546-4171-8243-7b016fd37d6e,,4,CHARGE_WATER,0x0000,NONE,0,1,0,1,1,0,0.0,1.05,0.0,0.0,0.0,0.0,0.0,0.0,0.0,0.65,112.5,1013.0,20.4,9.1,0.0,0.0,0.0,,0.0,0,1,0,0,0,4.2,0.0,0.0,0.0,0.0,0.0,6.91
2026-06-05T07:42:28.321+00:00,55240,7bf0e23b-e546-4171-8243-7b016fd37d6e,,10,FAULT,0x2000,PUMP_CAVITATION,0,1,0,1,1,0,0.0,0.0,0.0,0.0,1.625,0.0,0.0,195.0,146.25,1.14,99.54,506.0,-455.5,-509.4,0.0,0.0,0.0,,0.0,0,0,0,0,0,4.2,0.0,0.0,25.45,25.45,0.0,2.82
2026-06-05T07:42:28.497+00:00,55416,7bf0e23b-e546-4171-8243-7b016fd37d6e,,10,FAULT,0x2000,PUMP_CAVITATION,0,1,0,1,1,0,0.0,0.171,0.0,0.0,2.528,0.0,0.0,303.36,227.52,-1.29,112.5,1013.0,20.4,9.0,0.0,0.0,0.0,,0.0,0,0,0,0,0,4.2,0.0,0.0,65.49,65.49,0.0,-13.81
2026-06-05T07:42:28.670+00:00,55591,7bf0e23b-e546-4171-8243-7b016fd37d6e,,10,FAULT,0x2000,PUMP_CAVITATION,0,1,0,1,1,0,0.0,0.0,0.0,0.0,2.729,0.0,0.0,327.48,245.61,1.14,107.12,1013.0,20.4,9.1,0.0,0.0,0.0,,0.0,0,0,0,0,0,4.2,0.0,0.0,108.47,108.47,0.0,13.89
2026-06-05T07:42:28.907+00:00,55768,7bf0e23b-e546-4171-8243-7b016fd37d6e,,10,FAULT,0x2000,PUMP_CAVITATION,0,1,0,1,1,0,0.0,0.0,0.0,0.0,2.803,0.0,0.0,336.36,252.27,0.0,111.15,1013.0,20.4,9.0,0.0,0.0,0.0,,0.0,0,0,0,0,0,4.2,0.0,0.0,153.12,153.12,0.0,-6.44
2026-06-05T07:42:29.022+00:00,55943,7bf0e23b-e546-4171-8243-7b016fd37d6e,,10,FAULT,0x2000,PUMP_CAVITATION,0,1,0,1,1,0,0.0,0.073,0.0,0.0,2.831,0.0,0.0,339.72,254.79,-0.8,111.27,1013.0,20.4,9.1,0.0,0.0,0.0,,0.0,0,0,0,0,0,4.2,0.0,0.0,197.71,197.71,0.0,-4.57
2026-06-05T07:42:29.198+00:00,56118,7bf0e23b-e546-4171-8243-7b016fd37d6e,,10,FAULT,0x2000,PUMP_CAVITATION,0,1,0,1,1,0,0.0,0.073,0.0,0.0,2.838,0.0,0.0,340.56,255.42,0.0,110.66,1013.0,20.4,9.1,0.0,0.0,0.0,,0.0,0,0,0,0,0,4.2,0.0,0.0,242.41,242.41,0.0,4.57
2026-06-05T07:42:29.374+00:00,56293,7bf0e23b-e546-4171-8243-7b016fd37d6e,,10,FAULT,0x2000,PUMP_CAVITATION,0,1,0,1,1,0,0.0,0.268,0.0,0.0,2.839,0.0,0.0,340.68,255.51,-0.56,112.5,1013.0,20.4,9.1,0.0,0.0,0.0,,0.0,0,0,0,0,0,4.2,0.0,0.0,287.13,287.13,0.0,-3.2
2026-06-05T07:42:29.608+00:00,56469,7bf0e23b-e546-4171-8243-7b016fd37d6e,,10,FAULT,0x2000,PUMP_CAVITATION,0,1,0,1,1,0,0.0,0.855,0.0,0.0,2.838,0.0,0.0,340.56,255.42,0.0,112.5,1013.0,20.4,9.0,0.0,0.0,0.0,,0.0,0,0,0,0,0,4.2,0.0,0.0,332.08,332.08,0.0,3.18
2026-06-05T07:42:29.726+00:00,56644,7bf0e23b-e546-4171-8243-7b016fd37d6e,,10,FAULT,0x2000,PUMP_CAVITATION,0,1,0,1,1,0,0.0,0.171,0.0,0.0,2.837,0.0,0.0,340.44,255.33,-0.8,112.5,1013.0,20.4,9.0,0.0,0.0,0.0,,0.0,0,0,0,0,0,4.2,0.0,0.0,376.76,376.76,0.0,-4.57
2026-06-05T07:42:29.902+00:00,56820,7bf0e23b-e546-4171-8243-7b016fd37d6e,,10,FAULT,0x2000,PUMP_CAVITATION,0,1,0,1,1,0,0.0,0.855,0.0,0.0,2.83,0.0,0.0,339.6,254.7,-1.53,111.88,1013.1,20.4,9.1,0.0,0.0,0.0,,0.0,0,0,0,0,0,4.2,0.0,0.0,421.59,421.59,0.0,-4.15
2026-06-05T07:42:30.078+00:00,56995,7bf0e23b-e546-4171-8243-7b016fd37d6e,,10,FAULT,0x2000,PUMP_CAVITATION,0,1,0,1,1,0,0.0,0.0,0.0,0.0,2.831,0.0,0.0,339.72,254.79,0.65,112.37,1013.1,20.4,9.1,0.0,0.0,0.0,,0.0,0,0,0,0,0,4.2,0.0,0.0,466.18,466.18,0.0,12.46
2026-06-05T07:42:30.311+00:00,57170,7bf0e23b-e546-4171-8243-7b016fd37d6e,,10,FAULT,0x2000,PUMP_CAVITATION,0,1,0,1,1,0,0.0,0.0,0.0,0.0,2.826,0.0,0.0,339.12,254.34,0.41,107.85,1012.9,20.4,9.0,0.0,0.0,0.0,,0.0,0,0,0,0,0,4.2,0.0,0.0,510.69,510.69,0.0,-1.37
2026-06-05T07:42:30.427+00:00,57347,7bf0e23b-e546-4171-8243-7b016fd37d6e,,10,FAULT,0x2000,PUMP_CAVITATION,0,1,0,1,1,0,0.0,0.464,0.0,0.0,2.825,0.0,0.0,339.0,254.25,0.0,112.5,1013.0,20.4,9.0,0.0,0.0,0.0,,0.0,0,0,0,0,0,4.2,0.0,0.0,555.69,555.69,0.0,-2.32
2026-06-05T07:42:30.603+00:00,57522,7bf0e23b-e546-4171-8243-7b016fd37d6e,,10,FAULT,0x2000,PUMP_CAVITATION,0,1,0,1,1,0,0.0,0.806,0.0,0.0,2.821,0.0,0.0,338.52,253.89,0.0,112.5,1013.1,20.4,9.1,0.0,0.0,0.0,,0.0,0,0,0,0,0,4.2,0.0,0.0,600.12,600.12,0.0,0.0
2026-06-05T07:42:30.779+00:00,57697,7bf0e23b-e546-4171-8243-7b016fd37d6e,,10,FAULT,0x2000,PUMP_CAVITATION,0,1,0,1,1,0,0.0,0.073,0.0,0.0,2.816,0.0,0.0,337.92,253.44,0.65,111.27,1013.0,20.4,9.1,0.0,0.0,0.0,,0.0,0,0,0,0,0,4.2,0.0,0.0,644.47,644.47,0.0,3.71
2026-06-05T07:42:31.015+00:00,57873,7bf0e23b-e546-4171-8243-7b016fd37d6e,,10,FAULT,0x2000,PUMP_CAVITATION,0,1,0,1,1,0,0.0,0.415,0.0,0.0,2.812,0.0,0.0,337.44,253.08,-0.31,112.01,1013.1,20.4,9.1,0.0,0.0,0.0,,0.0,0,0,0,0,0,4.2,0.0,0.0,689.01,689.01,0.0,-5.45
2026-06-05T07:42:31.131+00:00,58048,7bf0e23b-e546-4171-8243-7b016fd37d6e,,10,FAULT,0x2000,PUMP_CAVITATION,0,1,0,1,1,0,0.0,1.001,0.0,0.0,2.811,0.0,0.0,337.32,252.99,0.41,108.83,1013.0,20.4,9.1,0.0,0.0,0.0,,0.0,0,0,0,0,0,4.2,0.0,0.0,733.29,733.29,0.0,4.11
2026-06-05T07:42:31.307+00:00,58224,7bf0e23b-e546-4171-8243-7b016fd37d6e,,10,FAULT,0x2000,PUMP_CAVITATION,0,1,0,1,1,0,0.0,0.61,0.0,0.0,2.809,0.0,0.0,337.08,252.81,-1.05,112.5,1013.0,20.4,9.0,0.0,0.0,0.0,,0.0,0,0,0,0,0,4.2,0.0,0.0,777.78,777.78,0.0,-8.3
2026-06-05T07:42:31.483+00:00,58400,7bf0e23b-e546-4171-8243-7b016fd37d6e,,10,FAULT,0x2000,PUMP_CAVITATION,0,1,0,1,1,0,0.0,0.0,0.0,0.0,2.801,0.0,0.0,336.12,252.09,-0.56,109.32,1013.0,20.4,9.0,0.0,0.0,0.0,,0.0,0,0,0,0,0,4.2,0.0,0.0,822.15,822.15,0.0,2.78
2026-06-05T07:42:31.712+00:00,58575,7bf0e23b-e546-4171-8243-7b016fd37d6e,,10,FAULT,0x2000,PUMP_CAVITATION,0,1,0,1,1,0,0.0,0.0,0.0,0.0,2.801,0.0,0.0,336.12,252.09,0.0,112.5,1013.0,20.4,9.0,0.0,0.0,0.0,,0.0,0,0,0,0,0,4.2,0.0,0.0,866.27,866.27,0.0,3.2
2026-06-05T07:42:31.832+00:00,58750,7bf0e23b-e546-4171-8243-7b016fd37d6e,,10,FAULT,0x2000,PUMP_CAVITATION,0,1,0,1,1,0,0.0,0.122,0.0,0.0,2.804,0.0,0.0,336.48,252.36,-0.8,107.97,1013.0,20.4,9.0,0.0,0.0,0.0,,0.0,0,0,0,0,0,4.2,0.0,0.0,910.43,910.43,0.0,-4.57
2026-06-05T07:42:32.008+00:00,58926,7bf0e23b-e546-4171-8243-7b016fd37d6e,,10,FAULT,0x2000,PUMP_CAVITATION,0,1,0,1,1,0,0.0,0.659,0.0,0.0,2.803,0.0,0.0,336.36,252.27,-0.56,112.5,1013.0,20.4,9.1,0.0,0.0,0.0,,0.0,0,0,0,0,0,4.2,0.0,0.0,954.83,954.83,0.0,1.36
2026-06-05T07:42:32.184+00:00,59102,7bf0e23b-e546-4171-8243-7b016fd37d6e,,10,FAULT,0x2000,PUMP_CAVITATION,0,1,0,1,1,0,0.0,0.0,0.0,0.0,2.802,0.0,0.0,336.24,252.18,1.63,106.51,1013.0,20.4,9.1,0.0,0.0,0.0,,0.0,0,0,0,0,0,4.2,0.0,0.0,999.21,999.21,0.0,12.44
2026-06-05T07:42:32.427+00:00,59277,7bf0e23b-e546-4171-8243-7b016fd37d6e,,10,FAULT,0x2000,PUMP_CAVITATION,0,1,0,1,1,0,0.0,0.415,0.0,0.0,2.8,0.0,0.0,336.0,252.0,-1.29,112.5,1013.0,20.4,9.0,0.0,0.0,0.0,,0.0,0,0,0,0,0,4.2,0.0,0.0,1043.31,1043.31,0.0,-16.69
2026-06-05T07:42:32.553+00:00,59453,7bf0e23b-e546-4171-8243-7b016fd37d6e,,10,FAULT,0x2000,PUMP_CAVITATION,0,1,0,1,1,0,0.0,0.0,0.0,0.0,2.799,0.0,0.0,335.88,251.91,0.0,107.49,1013.0,20.4,9.1,0.0,0.0,0.0,,0.0,0,0,0,0,0,4.2,0.0,0.0,1087.65,1087.65,0.0,7.33
2026-06-05T07:42:32.712+00:00,59628,7bf0e23b-e546-4171-8243-7b016fd37d6e,,10,FAULT,0x2000,PUMP_CAVITATION,0,1,0,1,1,0,0.0,0.0,0.0,0.0,2.799,0.0,0.0,335.88,251.91,-1.29,112.25,1013.1,20.4,9.1,0.0,0.0,0.0,,0.0,0,0,0,0,0,4.2,0.0,0.0,1131.73,1131.73,0.0,-7.37
2026-06-05T07:42:32.888+00:00,59804,7bf0e23b-e546-4171-8243-7b016fd37d6e,,10,FAULT,0x2000,PUMP_CAVITATION,0,1,0,1,1,0,0.0,0.904,0.0,0.0,2.796,0.0,0.0,335.52,251.64,-0.56,112.5,1013.0,20.4,9.0,0.0,0.0,0.0,,0.0,0,0,0,0,0,4.2,0.0,0.0,1176.02,1176.02,0.0,4.15
2026-06-05T07:42:33.077+00:00,59979,7bf0e23b-e546-4171-8243-7b016fd37d6e,,10,FAULT,0x2000,PUMP_CAVITATION,0,1,0,1,1,0,0.0,0.171,0.0,0.0,2.797,0.0,0.0,335.64,251.73,0.0,112.01,1013.0,20.4,9.1,0.0,0.0,0.0,,0.0,0,0,0,0,0,4.2,0.0,0.0,1220.07,1220.07,0.0,3.2
2026-06-05T07:42:33.255+00:00,60154,7bf0e23b-e546-4171-8243-7b016fd37d6e,,10,FAULT,0x2000,PUMP_CAVITATION,0,1,0,1,1,0,0.0,1.001,0.0,0.0,2.801,0.0,0.0,336.12,252.09,0.65,111.15,1013.0,20.4,9.0,0.0,0.0,0.0,,0.0,0,0,0,0,0,4.2,0.0,0.0,1264.19,1264.19,0.0,3.71
2026-06-05T07:42:33.416+00:00,60331,7bf0e23b-e546-4171-8243-7b016fd37d6e,,10,FAULT,0x2000,PUMP_CAVITATION,0,1,0,1,1,0,0.0,0.513,0.0,0.0,2.804,0.0,0.0,336.48,252.36,-1.05,110.78,1013.0,20.4,9.0,0.0,0.0,0.0,,0.0,0,0,0,0,0,4.2,0.0,0.0,1308.86,1308.86,0.0,-9.6
2026-06-05T07:42:33.592+00:00,60507,7bf0e23b-e546-4171-8243-7b016fd37d6e,,10,FAULT,0x2000,PUMP_CAVITATION,0,1,0,1,1,0,0.0,0.806,0.0,0.0,2.808,0.0,0.0,336.96,252.72,-0.8,112.5,1013.1,20.4,9.1,0.0,0.0,0.0,,0.0,0,0,0,0,0,4.2,0.0,0.0,1353.34,1353.34,0.0,1.42
2026-06-05T07:42:33.777+00:00,60682,7bf0e23b-e546-4171-8243-7b016fd37d6e,,10,FAULT,0x2000,PUMP_CAVITATION,0,1,0,1,1,0,0.0,0.61,0.0,0.0,2.811,0.0,0.0,337.32,252.99,-1.78,109.44,1013.0,20.4,9.1,0.0,0.0,0.0,,0.0,0,0,0,0,0,4.2,0.0,0.0,1397.61,1397.61,0.0,-5.6
2026-06-05T07:42:33.955+00:00,60858,7bf0e23b-e546-4171-8243-7b016fd37d6e,,10,FAULT,0x2000,PUMP_CAVITATION,0,1,0,1,1,0,0.0,0.024,0.0,0.0,2.812,0.0,0.0,337.44,253.08,-1.29,112.5,1013.0,20.4,9.1,0.0,0.0,0.0,,0.0,0,0,0,0,0,4.2,0.0,0.0,1442.15,1442.15,0.0,2.78
2026-06-05T07:42:34.117+00:00,61033,7bf0e23b-e546-4171-8243-7b016fd37d6e,,10,FAULT,0x2000,PUMP_CAVITATION,0,1,0,1,1,0,0.0,0.0,0.0,0.0,2.814,0.0,0.0,337.68,253.26,1.39,106.75,1013.0,20.4,9.1,0.0,0.0,0.0,,0.0,0,0,0,0,0,4.2,0.0,0.0,1486.47,1486.47,0.0,15.31
2026-06-05T07:42:34.293+00:00,61209,7bf0e23b-e546-4171-8243-7b016fd37d6e,,10,FAULT,0x2000,PUMP_CAVITATION,0,1,0,1,1,0,0.0,0.317,0.0,0.0,2.814,0.0,0.0,337.68,253.26,-0.31,112.5,1013.0,20.4,9.1,0.0,0.0,0.0,,0.0,0,0,0,0,0,4.2,0.0,0.0,1531.05,1531.05,0.0,-9.66
2026-06-05T07:42:34.481+00:00,61384,7bf0e23b-e546-4171-8243-7b016fd37d6e,,10,FAULT,0x2000,PUMP_CAVITATION,0,1,0,1,1,0,0.0,0.0,0.0,0.0,2.818,0.0,0.0,338.16,253.62,-0.8,109.81,1013.0,20.4,9.0,0.0,0.0,0.0,,0.0,0,0,0,0,0,4.2,0.0,0.0,1575.43,1575.43,0.0,-2.8
2026-06-05T07:42:34.673+00:00,61560,7bf0e23b-e546-4171-8243-7b016fd37d6e,,10,FAULT,0x2000,PUMP_CAVITATION,0,1,0,1,1,0,0.0,0.0,0.0,0.0,2.823,0.0,0.0,338.76,254.07,-0.56,111.4,1013.0,20.4,9.1,0.0,0.0,0.0,,0.0,0,0,0,0,0,4.2,0.0,0.0,1620.15,1620.15,0.0,1.36
2026-06-05T07:42:34.821+00:00,61735,7bf0e23b-e546-4171-8243-7b016fd37d6e,,10,FAULT,0x2000,PUMP_CAVITATION,0,1,0,1,1,0,0.0,0.659,0.0,0.0,2.822,0.0,0.0,338.64,253.98,0.0,112.5,1013.0,20.4,9.1,0.0,0.0,0.0,,0.0,0,0,0,0,0,4.2,0.0,0.0,1664.59,1664.59,0.0,3.2
2026-06-05T07:42:34.997+00:00,61911,7bf0e23b-e546-4171-8243-7b016fd37d6e,,10,FAULT,0x2000,PUMP_CAVITATION,0,1,0,1,1,0,0.0,0.415,0.0,0.0,2.824,0.0,0.0,338.88,254.16,-0.56,112.5,1013.0,20.4,9.0,0.0,0.0,0.0,,0.0,0,0,0,0,0,4.2,0.0,0.0,1709.32,1709.32,0.0,-3.18
2026-06-05T07:42:35.200+00:00,62087,7bf0e23b-e546-4171-8243-7b016fd37d6e,,10,FAULT,0x2000,PUMP_CAVITATION,0,1,0,1,1,0,0.0,0.073,0.0,0.0,2.826,0.0,0.0,339.12,254.34,-0.31,112.5,1013.0,20.4,9.1,0.0,0.0,0.0,,0.0,0,0,0,0,0,4.2,0.0,0.0,1754.09,1754.09,0.0,1.42
2026-06-05T07:42:35.393+00:00,62262,7bf0e23b-e546-4171-8243-7b016fd37d6e,,10,FAULT,0x2000,PUMP_CAVITATION,0,1,0,1,1,0,0.0,0.0,0.0,0.0,2.825,0.0,0.0,339.0,254.25,0.0,108.34,1013.0,20.4,9.0,0.0,0.0,0.0,,0.0,0,0,0,0,0,4.2,0.0,0.0,1798.58,1798.58,0.0,1.77
2026-06-05T07:42:35.523+00:00,62437,7bf0e23b-e546-4171-8243-7b016fd37d6e,,10,FAULT,0x2000,PUMP_CAVITATION,0,1,0,1,1,0,0.0,0.806,0.0,0.0,2.823,0.0,0.0,338.76,254.07,0.0,112.5,1013.0,20.4,9.1,0.0,0.0,0.0,,0.0,0,0,0,0,0,4.2,0.0,0.0,1843.04,1843.04,0.0,0.0
2026-06-05T07:42:35.698+00:00,62613,7bf0e23b-e546-4171-8243-7b016fd37d6e,,10,FAULT,0x2000,PUMP_CAVITATION,0,1,0,1,1,0,0.0,0.757,0.0,0.0,2.823,0.0,0.0,338.76,254.07,0.9,109.68,1013.0,20.4,9.1,0.0,0.0,0.0,,0.0,0,0,0,0,0,4.2,0.0,0.0,1887.76,1887.76,0.0,5.11
2026-06-05T07:42:35.922+00:00,62788,7bf0e23b-e546-4171-8243-7b016fd37d6e,,10,FAULT,0x2000,PUMP_CAVITATION,0,1,0,1,1,0,0.0,0.464,0.0,0.0,2.825,0.0,0.0,339.0,254.25,-0.31,112.5,1013.0,20.4,9.0,0.0,0.0,0.0,,0.0,0,0,0,0,0,4.2,0.0,0.0,1932.25,1932.25,0.0,-6.91
2026-06-05T07:42:36.111+00:00,62964,7bf0e23b-e546-4171-8243-7b016fd37d6e,,10,FAULT,0x2000,PUMP_CAVITATION,0,1,0,1,1,0,0.0,0.513,0.0,0.0,2.828,0.0,0.0,339.36,254.52,-0.56,110.17,1013.1,20.4,9.1,0.0,0.0,0.0,,0.0,0,0,0,0,0,4.2,0.0,0.0,1977.05,1977.05,0.0,-1.42
2026-06-05T07:42:36.227+00:00,63139,7bf0e23b-e546-4171-8243-7b016fd37d6e,,10,FAULT,0x2000,PUMP_CAVITATION,0,1,0,1,1,0,0.0,0.562,0.0,0.0,2.83,0.0,0.0,339.6,254.7,-1.53,112.5,1013.0,20.4,9.0,0.0,0.0,0.0,,0.0,0,0,0,0,0,4.2,0.0,0.0,2021.62,2021.62,0.0,-5.54
2026-06-05T07:42:36.402+00:00,63315,7bf0e23b-e546-4171-8243-7b016fd37d6e,,10,FAULT,0x2000,PUMP_CAVITATION,0,1,0,1,1,0,0.0,0.171,0.0,0.0,2.83,0.0,0.0,339.6,254.7,0.0,110.05,1013.0,20.4,9.0,0.0,0.0,0.0,,0.0,0,0,0,0,0,4.2,0.0,0.0,2066.45,2066.45,0.0,8.69
2026-06-05T07:42:36.640+00:00,63491,7bf0e23b-e546-4171-8243-7b016fd37d6e,,10,FAULT,0x2000,PUMP_CAVITATION,0,1,0,1,1,0,0.0,0.0,0.0,0.0,2.826,0.0,0.0,339.12,254.34,0.65,111.64,1013.0,20.4,9.1,0.0,0.0,0.0,,0.0,0,0,0,0,0,4.2,0.0,0.0,2111.21,2111.21,0.0,3.69
2026-06-05T07:42:36.830+00:00,63666,7bf0e23b-e546-4171-8243-7b016fd37d6e,,10,FAULT,0x2000,PUMP_CAVITATION,0,1,0,1,1,0,0.0,0.0,0.0,0.0,2.827,0.0,0.0,339.24,254.43,1.14,109.93,1013.0,20.4,9.1,0.0,0.0,0.0,,0.0,0,0,0,0,0,4.2,0.0,0.0,2155.74,2155.74,0.0,2.8
2026-06-05T07:42:36.927+00:00,63842,7bf0e23b-e546-4171-8243-7b016fd37d6e,,10,FAULT,0x2000,PUMP_CAVITATION,0,1,0,1,1,0,0.0,0.415,0.0,0.0,2.828,0.0,0.0,339.36,254.52,-1.05,112.5,1013.1,20.4,9.1,0.0,0.0,0.0,,0.0,0,0,0,0,0,4.2,0.0,0.0,2200.53,2200.53,0.0,-12.44
2026-06-05T07:42:37.103+00:00,64017,7bf0e23b-e546-4171-8243-7b016fd37d6e,,10,FAULT,0x2000,PUMP_CAVITATION,0,1,0,1,1,0,0.0,0.0,0.0,0.0,2.386,0.0,0.0,286.32,214.74,0.0,111.76,1013.0,20.4,9.0,0.0,0.0,0.0,,0.0,0,0,0,0,0,4.2,0.0,0.0,2238.11,2238.11,0.0,6.0
2026-06-05T07:42:37.363+00:00,64192,7bf0e23b-e546-4171-8243-7b016fd37d6e,,10,FAULT,0x2000,PUMP_CAVITATION,0,1,0,1,1,0,0.0,0.855,0.0,0.0,1.446,0.0,0.0,173.52,130.14,-1.05,112.5,1013.0,20.4,9.1,0.0,0.0,0.0,,0.0,0,0,0,0,0,4.2,0.0,0.0,2260.89,2260.89,0.0,-6.0
2026-06-05T07:42:37.461+00:00,64368,7bf0e23b-e546-4171-8243-7b016fd37d6e,,10,FAULT,0x2000,PUMP_CAVITATION,0,1,0,1,1,0,0.0,0.708,0.0,0.0,1.009,0.0,0.0,121.08,90.81,0.9,112.5,1013.0,20.4,9.0,0.0,0.0,0.0,,0.0,0,0,0,0,0,4.2,0.0,0.0,2276.87,2276.87,0.0,11.08
2026-06-05T07:42:37.631+00:00,64543,7bf0e23b-e546-4171-8243-7b016fd37d6e,,10,FAULT,0x2000,PUMP_CAVITATION,0,1,0,1,1,0,0.0,0.415,0.0,0.0,0.0,0.0,0.0,0.0,0.0,-1.29,109.93,1013.1,20.4,9.1,0.0,0.0,0.0,,0.0,0,0,0,0,0,4.2,0.0,0.0,2276.87,2276.87,0.0,-12.51
2026-06-05T07:42:37.808+00:00,64719,7bf0e23b-e546-4171-8243-7b016fd37d6e,,10,FAULT,0x2000,PUMP_CAVITATION,0,1,0,1,0,0,0.0,0.855,0.0,0.0,0.0,0.0,0.0,0.0,0.0,0.0,112.5,1013.0,20.4,9.1,0.0,0.0,0.0,,0.0,0,0,0,0,0,4.2,0.0,0.0,2276.87,2276.87,0.0,7.33
2026-06-05T07:42:37.983+00:00,64894,7bf0e23b-e546-4171-8243-7b016fd37d6e,,10,FAULT,0x2000,PUMP_CAVITATION,0,1,0,1,0,0,0.0,0.317,0.0,0.0,0.0,0.0,0.0,0.0,0.0,-0.56,110.66,1013.0,20.4,9.0,0.0,0.0,0.0,,0.0,0,0,0,0,0,4.2,0.0,0.0,2276.87,2276.87,0.0,-3.2
2026-06-05T07:42:38.214+00:00,65070,7bf0e23b-e546-4171-8243-7b016fd37d6e,,10,FAULT,0x2000,PUMP_CAVITATION,0,1,0,1,0,0,0.0,0.904,0.0,0.0,0.0,0.0,0.0,0.0,0.0,0.0,112.5,1013.0,20.4,9.0,0.0,0.0,0.0,,0.0,0,0,0,0,0,4.2,0.0,0.0,2276.87,2276.87,0.0,3.18
2026-06-05T07:42:38.332+00:00,65245,7bf0e23b-e546-4171-8243-7b016fd37d6e,,10,FAULT,0x2000,PUMP_CAVITATION,0,1,0,1,0,0,0.0,0.904,0.0,0.0,0.0,0.0,0.0,0.0,0.0,-0.56,111.27,1013.1,20.4,9.1,0.0,0.0,0.0,,0.0,0,0,0,0,0,4.2,0.0,0.0,2276.87,2276.87,0.0,-3.2
2026-06-05T07:42:38.508+00:00,65420,7bf0e23b-e546-4171-8243-7b016fd37d6e,,10,FAULT,0x2000,PUMP_CAVITATION,0,1,0,1,0,0,0.0,0.708,0.0,0.0,0.0,0.0,0.0,0.0,0.0,0.0,112.5,1013.0,20.4,9.1,0.0,0.0,0.0,,0.0,0,0,0,0,0,4.2,0.0,0.0,2276.87,2276.87,0.0,3.2
2026-06-05T07:42:38.684+00:00,65595,7bf0e23b-e546-4171-8243-7b016fd37d6e,,10,FAULT,0x2000,PUMP_CAVITATION,0,1,0,1,0,0,0.0,0.562,0.0,0.0,0.0,0.0,0.0,0.0,0.0,0.65,111.27,1013.0,20.4,9.0,0.0,0.0,0.0,,0.0,0,0,0,0,0,4.2,0.0,0.0,2276.87,2276.87,0.0,3.71
2026-06-05T07:42:38.929+00:00,65770,7bf0e23b-e546-4171-8243-7b016fd37d6e,,10,FAULT,0x2000,PUMP_CAVITATION,0,1,0,1,0,0,0.0,0.806,0.0,0.0,0.0,0.0,0.0,0.0,0.0,-0.31,112.5,1013.0,20.4,9.1,0.0,0.0,0.0,,0.0,0,0,0,0,0,4.2,0.0,0.0,2276.87,2276.87,0.0,-5.49
2026-06-05T07:42:39.037+00:00,65946,7bf0e23b-e546-4171-8243-7b016fd37d6e,,10,FAULT,0x2000,PUMP_CAVITATION,0,1,0,1,0,0,0.0,1.099,0.0,0.0,0.0,0.0,0.0,0.0,0.0,-0.8,112.5,1013.1,20.4,9.1,0.0,0.0,0.0,,0.0,0,0,0,0,0,4.2,0.0,0.0,2276.87,2276.87,0.0,-2.78
2026-06-05T07:42:39.209+00:00,66121,7bf0e23b-e546-4171-8243-7b016fd37d6e,,10,FAULT,0x2000,PUMP_CAVITATION,0,1,0,1,0,0,0.0,0.0,0.0,0.0,0.0,0.0,0.0,0.0,0.0,0.0,111.64,1013.0,20.4,9.0,0.0,0.0,0.0,,0.0,0,0,0,0,0,4.2,0.0,0.0,2276.87,2276.87,0.0,4.57
2026-06-05T07:42:39.385+00:00,66296,7bf0e23b-e546-4171-8243-7b016fd37d6e,,10,FAULT,0x2000,PUMP_CAVITATION,0,0,0,1,0,0,0.0,0.855,0.0,0.0,0.0,0.0,0.0,0.0,0.0,-0.31,112.5,1013.0,20.4,9.1,0.0,0.0,0.0,,0.0,0,0,0,0,0,4.2,0.0,0.0,2276.87,2276.87,0.0,-1.77
2026-06-05T07:42:39.640+00:00,66471,7bf0e23b-e546-4171-8243-7b016fd37d6e,,10,FAULT,0x2000,PUMP_CAVITATION,0,0,0,1,0,0,0.0,0.953,0.0,0.0,0.0,0.0,0.0,0.0,0.0,0.41,112.5,1013.0,20.4,9.0,0.0,0.0,0.0,,0.0,0,0,0,0,0,4.2,0.0,0.0,2276.87,2276.87,0.0,4.11
2026-06-05T07:42:39.738+00:00,66647,7bf0e23b-e546-4171-8243-7b016fd37d6e,,10,FAULT,0x2000,PUMP_CAVITATION,0,0,0,1,0,0,0.0,0.0,0.0,0.0,0.0,0.0,0.0,0.0,0.0,0.9,109.56,1013.0,20.4,9.1,0.0,0.0,0.0,,0.0,0,0,0,0,0,4.2,0.0,0.0,2276.87,2276.87,0.0,2.78
2026-06-05T07:42:39.912+00:00,66822,7bf0e23b-e546-4171-8243-7b016fd37d6e,,10,FAULT,0x2000,PUMP_CAVITATION,0,0,0,1,0,0,0.0,0.904,0.0,0.0,0.0,0.0,0.0,0.0,0.0,-1.05,112.5,1013.0,20.4,9.1,0.0,0.0,0.0,,0.0,0,0,0,0,0,4.2,0.0,0.0,2276.87,2276.87,0.0,-11.14
2026-06-05T07:42:40.088+00:00,66997,7bf0e23b-e546-4171-8243-7b016fd37d6e,,10,FAULT,0x2000,PUMP_CAVITATION,0,0,0,1,0,0,0.0,1.001,0.0,0.0,0.0,0.0,0.0,0.0,0.0,0.41,112.5,1013.0,20.4,9.0,0.0,0.0,0.0,,0.0,0,0,0,0,0,4.2,0.0,0.0,2276.87,2276.87,0.0,8.34
2026-06-05T07:42:40.262+00:00,67173,7bf0e23b-e546-4171-8243-7b016fd37d6e,,10,FAULT,0x2000,PUMP_CAVITATION,0,0,0,1,0,0,0.0,0.953,0.0,0.0,0.0,0.0,0.0,0.0,0.0,-0.31,112.5,1013.0,20.4,9.0,0.0,0.0,0.0,,0.0,0,0,0,0,0,4.2,0.0,0.0,2276.87,2276.87,0.0,-4.09
2026-06-05T07:42:40.447+00:00,67348,7bf0e23b-e546-4171-8243-7b016fd37d6e,,10,FAULT,0x2000,PUMP_CAVITATION,0,0,0,1,0,0,0.0,0.0,0.0,0.0,0.0,0.0,0.0,0.0,0.0,0.65,111.64,1013.0,20.4,9.0,0.0,0.0,0.0,,0.0,0,0,0,0,0,4.2,0.0,0.0,2276.87,2276.87,0.0,5.49
2026-06-05T07:42:40.613+00:00,67523,7bf0e23b-e546-4171-8243-7b016fd37d6e,,10,FAULT,0x2000,PUMP_CAVITATION,0,0,0,1,0,0,0.0,0.0,0.0,0.0,0.0,0.0,0.0,0.0,0.0,-0.8,108.83,1013.0,20.4,9.1,0.0,0.0,0.0,,0.0,0,0,0,0,0,4.2,0.0,0.0,2276.87,2276.87,0.0,-8.29
2026-06-05T07:42:40.789+00:00,67698,7bf0e23b-e546-4171-8243-7b016fd37d6e,,10,FAULT,0x2000,PUMP_CAVITATION,0,0,0,1,0,0,0.0,1.001,0.0,0.0,0.0,0.0,0.0,0.0,0.0,1.39,111.4,1013.0,20.4,9.0,0.0,0.0,0.0,,0.0,0,0,0,0,0,4.2,0.0,0.0,2276.87,2276.87,0.0,12.51
2026-06-05T07:42:40.974+00:00,67873,7bf0e23b-e546-4171-8243-7b016fd37d6e,,10,FAULT,0x2000,PUMP_CAVITATION,0,0,0,1,0,0,0.0,1.099,0.0,0.0,0.0,0.0,0.0,0.0,0.0,0.0,105.9,1013.0,20.4,9.1,0.0,0.0,0.0,,0.0,0,0,0,0,0,4.2,0.0,0.0,2276.87,2276.87,0.0,-7.94
2026-06-05T07:42:41.159+00:00,68048,7bf0e23b-e546-4171-8243-7b016fd37d6e,,10,FAULT,0x2000,PUMP_CAVITATION,0,0,0,0,0,0,0.0,0.0,0.0,0.0,0.0,0.0,0.0,0.0,0.0,0.41,112.5,1013.0,20.4,9.1,0.0,0.0,0.0,,0.0,0,0,0,0,0,4.2,0.0,0.0,2276.87,2276.87,0.0,2.34
2026-06-05T07:42:41.314+00:00,68224,7bf0e23b-e546-4171-8243-7b016fd37d6e,,10,FAULT,0x2000,PUMP_CAVITATION,0,0,0,0,0,0,0.0,0.0,0.0,0.0,0.0,0.0,0.0,0.0,0.0,0.41,107.49,1013.0,20.4,9.0,0.0,0.0,0.0,,0.0,0,0,0,0,0,4.2,0.0,0.0,2276.87,2276.87,0.0,0.0
2026-06-05T07:42:41.490+00:00,68399,7bf0e23b-e546-4171-8243-7b016fd37d6e,,10,FAULT,0x2000,PUMP_CAVITATION,0,0,0,0,0,0,0.0,0.219,0.0,0.0,0.0,0.0,0.0,0.0,0.0,-1.05,112.5,1013.0,20.4,9.0,0.0,0.0,0.0,,0.0,0,0,0,0,0,4.2,0.0,0.0,2276.87,2276.87,0.0,-8.34
2026-06-05T07:42:41.666+00:00,68575,7bf0e23b-e546-4171-8243-7b016fd37d6e,,10,FAULT,0x2000,PUMP_CAVITATION,0,0,0,0,0,0,0.0,0.0,0.0,0.0,0.0,0.0,0.0,0.0,0.0,-0.31,107.97,1013.0,20.4,9.0,0.0,0.0,0.0,,0.0,0,0,0,0,0,4.2,0.0,0.0,2276.87,2276.87,0.0,4.2
2026-06-05T07:42:41.841+00:00,68750,7bf0e23b-e546-4171-8243-7b016fd37d6e,,10,FAULT,0x2000,PUMP_CAVITATION,0,0,0,0,0,0,0.0,0.317,0.0,0.0,0.0,0.0,0.0,0.0,0.0,-0.56,112.5,1013.0,20.4,9.0,0.0,0.0,0.0,,0.0,0,0,0,0,0,4.2,0.0,0.0,2276.87,2276.87,0.0,-1.43
2026-06-05T07:42:42.017+00:00,68925,7bf0e23b-e546-4171-8243-7b016fd37d6e,,10,FAULT,0x2000,PUMP_CAVITATION,0,0,0,0,0,0,0.0,0.806,0.0,0.0,0.0,0.0,0.0,0.0,0.0,0.65,111.64,1013.0,20.4,9.0,0.0,0.0,0.0,,0.0,0,0,0,0,0,4.2,0.0,0.0,2276.87,2276.87,0.0,6.91
2026-06-05T07:42:42.190+00:00,69100,7bf0e23b-e546-4171-8243-7b016fd37d6e,,10,FAULT,0x2000,PUMP_CAVITATION,0,0,0,0,0,0,0.0,0.513,0.0,0.0,0.0,0.0,0.0,0.0,0.0,0.41,112.25,1013.0,20.4,9.1,0.0,0.0,0.0,,0.0,0,0,0,0,0,4.2,0.0,0.0,2276.87,2276.87,0.0,-1.37
2026-06-05T07:42:42.366+00:00,69275,7bf0e23b-e546-4171-8243-7b016fd37d6e,,10,FAULT,0x2000,PUMP_CAVITATION,0,0,0,0,0,0,0.0,0.024,0.0,0.0,0.0,0.0,0.0,0.0,0.0,-0.56,108.58,1013.0,20.4,9.1,0.0,0.0,0.0,,0.0,0,0,0,0,0,4.2,0.0,0.0,2276.87,2276.87,0.0,-5.54
2026-06-05T07:42:42.542+00:00,69450,7bf0e23b-e546-4171-8243-7b016fd37d6e,,10,FAULT,0x2000,PUMP_CAVITATION,0,0,0,0,0,0,0.0,0.464,0.0,0.0,0.0,0.0,0.0,0.0,0.0,0.0,112.5,1013.0,20.4,9.1,0.0,0.0,0.0,,0.0,0,0,0,0,0,4.2,0.0,0.0,2276.87,2276.87,0.0,3.2
2026-06-05T07:42:42.718+00:00,69625,7bf0e23b-e546-4171-8243-7b016fd37d6e,,10,FAULT,0x2000,PUMP_CAVITATION,0,0,0,0,0,0,0.0,0.0,0.0,0.0,0.0,0.0,0.0,0.0,0.0,0.0,109.2,1013.0,20.4,9.1,0.0,0.0,0.0,,0.0,0,0,0,0,0,4.2,0.0,0.0,2276.87,2276.87,0.0,0.0
2026-06-05T07:42:42.895+00:00,69800,7bf0e23b-e546-4171-8243-7b016fd37d6e,,10,FAULT,0x2000,PUMP_CAVITATION,0,0,0,0,0,0,0.0,0.366,0.0,0.0,0.0,0.0,0.0,0.0,0.0,-0.56,112.5,1013.0,20.4,9.1,0.0,0.0,0.0,,0.0,0,0,0,0,0,4.2,0.0,0.0,2276.87,2276.87,0.0,-3.2
2026-06-05T07:42:43.068+00:00,69977,7bf0e23b-e546-4171-8243-7b016fd37d6e,,2,ARMED_IDLE,0x0000,NONE,0,1,0,0,0,0,0.0,0.61,0.0,0.0,0.0,0.0,0.0,0.0,0.0,-0.31,112.5,1013.0,20.4,9.0,0.0,0.0,0.0,,0.0,0,0,0,0,0,4.2,0.0,0.0,2276.87,2276.87,0.0,1.41
2026-06-05T07:42:43.243+00:00,70151,7bf0e23b-e546-4171-8243-7b016fd37d6e,,2,ARMED_IDLE,0x0000,NONE,0,1,0,0,0,0,0.0,0.855,0.0,0.0,0.0,0.0,0.0,0.0,0.0,-0.56,112.5,1013.0,20.4,9.0,0.0,0.0,0.0,,0.0,0,0,0,0,0,4.2,0.0,0.0,2276.87,2276.87,0.0,-1.44
2026-06-05T07:42:43.419+00:00,70326,7bf0e23b-e546-4171-8243-7b016fd37d6e,,2,ARMED_IDLE,0x0000,NONE,0,1,0,0,0,0,0.0,0.953,0.0,0.0,0.0,0.0,0.0,0.0,0.0,0.0,112.5,1013.0,20.4,9.0,0.0,0.0,0.0,,0.0,0,0,0,0,0,4.2,0.0,0.0,2276.87,2276.87,0.0,3.2
2026-06-05T07:42:43.594+00:00,70501,7bf0e23b-e546-4171-8243-7b016fd37d6e,,2,ARMED_IDLE,0x0000,NONE,0,1,0,0,0,0,0.0,1.099,0.0,0.0,0.0,0.0,0.0,0.0,0.0,0.41,112.5,1013.0,20.4,9.1,0.0,0.0,0.0,,0.0,0,0,0,0,0,4.2,0.0,0.0,2276.87,2276.87,0.0,2.34
2026-06-05T07:42:43.768+00:00,70676,7bf0e23b-e546-4171-8243-7b016fd37d6e,,2,ARMED_IDLE,0x0000,NONE,0,1,0,0,0,0,0.0,0.0,0.0,0.0,0.0,0.0,0.0,0.0,0.0,-0.8,109.44,1013.0,20.4,9.0,0.0,0.0,0.0,,0.0,0,0,0,0,0,4.2,0.0,0.0,2276.87,2276.87,0.0,-6.91
2026-06-05T07:42:43.943+00:00,70850,7bf0e23b-e546-4171-8243-7b016fd37d6e,,2,ARMED_IDLE,0x0000,NONE,0,1,0,0,0,0,0.0,0.0,0.0,0.0,0.0,0.0,0.0,0.0,0.0,0.0,109.93,1013.0,20.4,9.1,0.0,0.0,0.0,,0.0,0,0,0,0,0,4.2,0.0,0.0,2276.87,2276.87,0.0,4.6
2026-06-05T07:42:44.122+00:00,71025,7bf0e23b-e546-4171-8243-7b016fd37d6e,,2,ARMED_IDLE,0x0000,NONE,0,1,0,1,0,0,0.0,0.122,0.0,0.0,0.0,0.0,0.0,0.0,0.0,1.14,108.83,1013.0,20.4,9.1,0.0,0.0,0.0,,0.0,0,0,0,0,0,4.2,0.0,0.0,2276.87,2276.87,0.0,6.51
2026-06-05T07:42:44.293+00:00,71200,7bf0e23b-e546-4171-8243-7b016fd37d6e,,2,ARMED_IDLE,0x0000,NONE,0,1,0,1,0,0,0.0,0.0,0.0,0.0,0.0,0.0,0.0,0.0,0.0,-0.56,111.4,1013.0,20.4,9.1,0.0,0.0,0.0,,0.0,0,0,0,0,0,4.2,0.0,0.0,2276.87,2276.87,0.0,-9.71
2026-06-05T07:42:44.467+00:00,71374,7bf0e23b-e546-4171-8243-7b016fd37d6e,,2,ARMED_IDLE,0x0000,NONE,0,1,0,1,0,0,0.0,0.513,0.0,0.0,0.0,0.0,0.0,0.0,0.0,-0.31,111.52,1013.0,20.4,9.0,0.0,0.0,0.0,,0.0,0,0,0,0,0,4.2,0.0,0.0,2276.87,2276.87,0.0,1.44
2026-06-05T07:42:44.643+00:00,71549,7bf0e23b-e546-4171-8243-7b016fd37d6e,,2,ARMED_IDLE,0x0000,NONE,0,1,0,1,0,0,0.0,0.0,0.0,0.0,0.0,0.0,0.0,0.0,0.0,2.12,109.93,1013.0,20.4,9.0,0.0,0.0,0.0,,0.0,0,0,0,0,0,4.2,0.0,0.0,2276.87,2276.87,0.0,13.89
2026-06-05T07:42:44.847+00:00,71725,7bf0e23b-e546-4171-8243-7b016fd37d6e,,2,ARMED_IDLE,0x0000,NONE,0,1,0,1,0,0,0.0,0.0,0.0,0.0,0.0,0.0,0.0,0.0,0.0,-0.31,110.17,1013.0,20.4,9.0,0.0,0.0,0.0,,0.0,0,0,0,0,0,4.2,0.0,0.0,2276.87,2276.87,0.0,-13.81
2026-06-05T07:42:44.992+00:00,71899,7bf0e23b-e546-4171-8243-7b016fd37d6e,,2,ARMED_IDLE,0x0000,NONE,0,1,0,1,0,0,0.0,0.219,0.0,0.0,0.0,0.0,0.0,0.0,0.0,0.0,112.5,1013.0,20.4,9.0,0.0,0.0,0.0,,0.0,0,0,0,0,0,4.2,0.0,0.0,2276.87,2276.87,0.0,1.78
2026-06-05T07:42:45.168+00:00,72074,7bf0e23b-e546-4171-8243-7b016fd37d6e,,2,ARMED_IDLE,0x0000,NONE,0,1,0,1,0,0,0.0,0.659,0.0,0.0,0.0,0.0,0.0,0.0,0.0,0.0,112.5,1013.0,20.4,9.1,0.0,0.0,0.0,,0.0,0,0,0,0,0,4.2,0.0,0.0,2276.87,2276.87,0.0,0.0
2026-06-05T07:42:45.343+00:00,72249,7bf0e23b-e546-4171-8243-7b016fd37d6e,,2,ARMED_IDLE,0x0000,NONE,0,1,0,1,0,0,0.0,0.0,0.0,0.0,0.0,0.0,0.0,0.0,0.0,1.14,110.78,1013.0,20.4,9.1,0.0,0.0,0.0,,0.0,0,0,0,0,0,4.2,0.0,0.0,2276.87,2276.87,0.0,6.51
2026-06-05T07:42:45.566+00:00,72423,7bf0e23b-e546-4171-8243-7b016fd37d6e,,2,ARMED_IDLE,0x0000,NONE,0,1,0,1,0,0,0.0,0.268,0.0,0.0,0.0,0.0,0.0,0.0,0.0,-1.29,110.66,1013.0,20.4,9.1,0.0,0.0,0.0,,0.0,0,0,0,0,0,4.2,0.0,0.0,2276.87,2276.87,0.0,-13.97
2026-06-05T07:42:45.692+00:00,72598,7bf0e23b-e546-4171-8243-7b016fd37d6e,,2,ARMED_IDLE,0x0000,NONE,0,1,0,1,0,0,0.0,1.148,0.0,0.0,0.0,0.0,0.0,0.0,0.0,0.65,110.78,1013.0,20.4,9.1,0.0,0.0,0.0,,0.0,0,0,0,0,0,4.2,0.0,0.0,2276.87,2276.87,0.0,11.09
2026-06-05T07:42:45.870+00:00,72773,7bf0e23b-e546-4171-8243-7b016fd37d6e,,2,ARMED_IDLE,0x0000,NONE,0,1,0,1,0,0,0.0,0.073,0.0,0.0,0.0,0.0,0.0,0.0,0.0,-0.56,110.42,1013.0,20.4,9.0,0.0,0.0,0.0,,0.0,0,0,0,0,0,4.2,0.0,0.0,2276.87,2276.87,0.0,-6.91
2026-06-05T07:42:46.044+00:00,72948,7bf0e23b-e546-4171-8243-7b016fd37d6e,,2,ARMED_IDLE,0x0000,NONE,0,1,0,1,0,0,0.0,0.61,0.0,0.0,0.0,0.0,0.0,0.0,0.0,-0.31,112.5,1013.0,20.4,9.1,0.0,0.0,0.0,,0.0,0,0,0,0,0,4.2,0.0,0.0,2276.87,2276.87,0.0,1.43
2026-06-05T07:42:46.291+00:00,73123,7bf0e23b-e546-4171-8243-7b016fd37d6e,,2,ARMED_IDLE,0x0000,NONE,0,1,0,1,0,0,0.0,0.0,0.0,0.0,0.0,0.0,0.0,0.0,0.0,1.14,109.44,1013.0,20.4,9.0,0.0,0.0,0.0,,0.0,0,0,0,0,0,4.2,0.0,0.0,2276.87,2276.87,0.0,8.29
2026-06-05T07:42:46.392+00:00,73297,7bf0e23b-e546-4171-8243-7b016fd37d6e,,2,ARMED_IDLE,0x0000,NONE,0,1,0,1,0,0,0.0,0.659,0.0,0.0,0.0,0.0,0.0,0.0,0.0,-0.56,112.5,1013.1,20.4,9.1,0.0,0.0,0.0,,0.0,0,0,0,0,0,4.2,0.0,0.0,2276.87,2276.87,0.0,-9.77
2026-06-05T07:42:46.568+00:00,73473,7bf0e23b-e546-4171-8243-7b016fd37d6e,,2,ARMED_IDLE,0x0000,NONE,0,1,0,1,0,0,0.0,0.0,0.0,0.0,0.0,0.0,0.0,0.0,0.0,0.41,109.2,1013.0,20.4,9.1,0.0,0.0,0.0,,0.0,0,0,0,0,0,4.2,0.0,0.0,2276.87,2276.87,0.0,5.51
2026-06-05T07:42:46.741+00:00,73648,7bf0e23b-e546-4171-8243-7b016fd37d6e,,2,ARMED_IDLE,0x0000,NONE,0,1,0,1,0,0,0.0,1.246,0.0,0.0,0.0,0.0,0.0,0.0,0.0,0.0,110.05,1013.0,20.4,9.0,0.0,0.0,0.0,,0.0,0,0,0,0,0,4.2,0.0,0.0,2276.87,2276.87,0.0,-2.34
2026-06-05T07:42:46.957+00:00,73822,7bf0e23b-e546-4171-8243-7b016fd37d6e,,2,ARMED_IDLE,0x0000,NONE,0,1,0,1,0,0,0.0,0.073,0.0,0.0,0.0,0.0,0.0,0.0,0.0,-0.8,110.78,1013.0,20.4,9.1,0.0,0.0,0.0,,0.0,0,0,0,0,0,4.2,0.0,0.0,2276.87,2276.87,0.0,-4.6
2026-06-05T07:42:47.106+00:00,73997,7bf0e23b-e546-4171-8243-7b016fd37d6e,,2,ARMED_IDLE,0x0000,NONE,0,1,0,1,0,0,0.0,1.001,0.0,0.0,0.0,0.0,0.0,0.0,0.0,0.65,111.03,1013.1,20.4,9.1,0.0,0.0,0.0,,0.0,0,0,0,0,0,4.2,0.0,0.0,2276.87,2276.87,0.0,8.29
2026-06-05T07:42:47.268+00:00,74172,7bf0e23b-e546-4171-8243-7b016fd37d6e,,2,ARMED_IDLE,0x0000,NONE,0,1,0,1,0,0,0.0,0.268,0.0,0.0,0.0,0.0,0.0,0.0,0.0,-0.8,111.88,1013.0,20.4,9.1,0.0,0.0,0.0,,0.0,0,0,0,0,0,4.2,0.0,0.0,2276.87,2276.87,0.0,-8.29
2026-06-05T07:42:47.441+00:00,74347,7bf0e23b-e546-4171-8243-7b016fd37d6e,,2,ARMED_IDLE,0x0000,NONE,0,1,0,1,0,0,0.0,0.0,0.0,0.0,0.0,0.0,0.0,0.0,0.0,1.14,111.03,1013.0,20.4,9.1,0.0,0.0,0.0,,0.0,0,0,0,0,0,4.2,0.0,0.0,2276.87,2276.87,0.0,11.09
2026-06-05T07:42:47.634+00:00,74522,7bf0e23b-e546-4171-8243-7b016fd37d6e,,2,ARMED_IDLE,0x0000,NONE,0,1,0,1,0,0,0.0,1.148,0.0,0.0,0.0,0.0,0.0,0.0,0.0,0.0,108.83,1013.0,20.4,9.1,0.0,0.0,0.0,,0.0,0,0,0,0,0,4.2,0.0,0.0,2276.87,2276.87,0.0,-6.51
2026-06-05T07:42:47.830+00:00,74696,7bf0e23b-e546-4171-8243-7b016fd37d6e,,2,ARMED_IDLE,0x0000,NONE,0,1,0,1,0,0,0.0,0.415,0.0,0.0,0.0,0.0,0.0,0.0,0.0,0.0,112.5,1013.0,20.4,9.0,0.0,0.0,0.0,,0.0,0,0,0,0,0,4.2,0.0,0.0,2276.87,2276.87,0.0,0.0
2026-06-05T07:42:47.966+00:00,74871,7bf0e23b-e546-4171-8243-7b016fd37d6e,,4,CHARGE_WATER,0x0000,NONE,0,1,0,1,1,0,0.0,0.0,0.0,0.0,0.0,0.0,0.0,0.0,0.0,0.65,108.46,1013.0,20.4,9.0,0.0,0.0,0.0,,0.0,0,1,0,0,0,4.2,0.0,0.0,2276.87,2276.87,0.0,3.71
2026-06-05T07:42:48.143+00:00,75045,7bf0e23b-e546-4171-8243-7b016fd37d6e,,10,FAULT,0x2000,PUMP_CAVITATION,0,1,0,1,1,0,0.0,0.904,0.0,0.0,1.063,0.0,0.0,127.56,95.67,0.65,99.54,506.0,-455.5,-509.4,0.0,0.0,0.0,,0.0,0,0,0,0,0,4.2,0.0,0.0,2293.52,2293.52,0.0,0.0
2026-06-05T07:42:48.370+00:00,75220,7bf0e23b-e546-4171-8243-7b016fd37d6e,,10,FAULT,0x2000,PUMP_CAVITATION,0,1,0,1,1,0,0.0,0.0,0.0,0.0,2.394,0.0,0.0,287.28,215.46,0.0,101.86,1013.0,20.4,9.1,0.0,0.0,0.0,,0.0,0,0,0,0,0,4.2,0.0,0.0,2331.22,2331.22,0.0,-3.71
2026-06-05T07:42:48.565+00:00,75396,7bf0e23b-e546-4171-8243-7b016fd37d6e,,10,FAULT,0x2000,PUMP_CAVITATION,0,1,0,1,1,0,0.0,0.024,0.0,0.0,2.662,0.0,0.0,319.44,239.58,1.39,109.68,1013.0,20.4,9.0,0.0,0.0,0.0,,0.0,0,0,0,0,0,4.2,0.0,0.0,2373.39,2373.39,0.0,7.9
2026-06-05T07:42:48.669+00:00,75572,7bf0e23b-e546-4171-8243-7b016fd37d6e,,10,FAULT,0x2000,PUMP_CAVITATION,0,1,0,1,1,0,0.0,0.219,0.0,0.0,2.74,0.0,0.0,328.8,246.6,0.0,112.37,1013.0,20.4,9.1,0.0,0.0,0.0,,0.0,0,0,0,0,0,4.2,0.0,0.0,2416.79,2416.79,0.0,-7.9
2026-06-05T07:42:48.845+00:00,75747,7bf0e23b-e546-4171-8243-7b016fd37d6e,,10,FAULT,0x2000,PUMP_CAVITATION,0,1,0,1,1,0,0.0,0.0,0.0,0.0,2.773,0.0,0.0,332.76,249.57,1.14,109.07,1013.0,20.4,9.1,0.0,0.0,0.0,,0.0,0,0,0,0,0,4.2,0.0,0.0,2460.46,2460.46,0.0,6.51
2026-06-05T07:42:49.100+00:00,75922,7bf0e23b-e546-4171-8243-7b016fd37d6e,,10,FAULT,0x2000,PUMP_CAVITATION,0,1,0,1,1,0,0.0,0.562,0.0,0.0,2.78,0.0,0.0,333.6,250.2,0.0,112.5,1013.0,20.4,9.0,0.0,0.0,0.0,,0.0,0,0,0,0,0,4.2,0.0,0.0,2504.25,2504.25,0.0,-6.51
2026-06-05T07:42:49.200+00:00,76098,7bf0e23b-e546-4171-8243-7b016fd37d6e,,10,FAULT,0x2000,PUMP_CAVITATION,0,1,0,1,1,0,0.0,0.953,0.0,0.0,2.778,0.0,0.0,333.36,250.02,0.41,112.5,1013.0,20.4,9.0,0.0,0.0,0.0,,0.0,0,0,0,0,0,4.2,0.0,0.0,2548.25,2548.25,0.0,2.33
2026-06-05T07:42:49.371+00:00,76273,7bf0e23b-e546-4171-8243-7b016fd37d6e,,10,FAULT,0x2000,PUMP_CAVITATION,0,1,0,1,1,0,0.0,0.953,0.0,0.0,2.78,0.0,0.0,333.6,250.2,-0.56,112.5,1013.0,20.4,9.0,0.0,0.0,0.0,,0.0,0,0,0,0,0,4.2,0.0,0.0,2592.04,2592.04,0.0,-5.54
2026-06-05T07:42:49.547+00:00,76449,7bf0e23b-e546-4171-8243-7b016fd37d6e,,10,FAULT,0x2000,PUMP_CAVITATION,0,1,0,1,1,0,0.0,0.0,0.0,0.0,2.775,0.0,0.0,333.0,249.75,-0.56,107.12,1013.0,20.4,9.0,0.0,0.0,0.0,,0.0,0,0,0,0,0,4.2,0.0,0.0,2635.99,2635.99,0.0,0.0
2026-06-05T07:42:49.733+00:00,76624,7bf0e23b-e546-4171-8243-7b016fd37d6e,,10,FAULT,0x2000,PUMP_CAVITATION,0,1,0,1,1,0,0.0,0.0,0.0,0.0,2.772,0.0,0.0,332.64,249.48,1.14,112.5,1013.1,20.4,9.1,0.0,0.0,0.0,,0.0,0,0,0,0,0,4.2,0.0,0.0,2679.65,2679.65,0.0,9.71
2026-06-05T07:42:49.979+00:00,76800,7bf0e23b-e546-4171-8243-7b016fd37d6e,,10,FAULT,0x2000,PUMP_CAVITATION,0,1,0,1,1,0,0.0,0.0,0.0,0.0,2.767,0.0,0.0,332.04,249.03,2.12,106.63,1013.0,20.4,9.0,0.0,0.0,0.0,,0.0,0,0,0,0,0,4.2,0.0,0.0,2723.48,2723.48,0.0,5.57
2026-06-05T07:42:50.077+00:00,76976,7bf0e23b-e546-4171-8243-7b016fd37d6e,,10,FAULT,0x2000,PUMP_CAVITATION,0,1,0,1,1,0,0.0,0.415,0.0,0.0,2.766,0.0,0.0,331.92,248.94,-1.29,112.5,1013.0,20.4,9.0,0.0,0.0,0.0,,0.0,0,0,0,0,0,4.2,0.0,0.0,2767.3,2767.3,0.0,-19.38
2026-06-05T07:42:50.250+00:00,77151,7bf0e23b-e546-4171-8243-7b016fd37d6e,,10,FAULT,0x2000,PUMP_CAVITATION,0,1,0,1,1,0,0.0,0.953,0.0,0.0,2.763,0.0,0.0,331.56,248.67,0.0,106.14,1013.0,20.4,9.0,0.0,0.0,0.0,,0.0,0,0,0,0,0,4.2,0.0,0.0,2810.81,2810.81,0.0,7.37
2026-06-05T07:42:50.426+00:00,77327,7bf0e23b-e546-4171-8243-7b016fd37d6e,,10,FAULT,0x2000,PUMP_CAVITATION,0,1,0,1,1,0,0.0,0.219,0.0,0.0,2.758,0.0,0.0,330.96,248.22,0.0,112.5,1013.1,20.4,9.1,0.0,0.0,0.0,,0.0,0,0,0,0,0,4.2,0.0,0.0,2854.5,2854.5,0.0,0.0
2026-06-05T07:42:50.607+00:00,77502,7bf0e23b-e546-4171-8243-7b016fd37d6e,,10,FAULT,0x2000,PUMP_CAVITATION,0,1,0,1,1,0,0.0,0.659,0.0,0.0,2.758,0.0,0.0,330.96,248.22,0.0,112.5,1013.0,20.4,9.1,0.0,0.0,0.0,,0.0,0,0,0,0,0,4.2,0.0,0.0,2897.94,2897.94,0.0,0.0
2026-06-05T07:42:50.799+00:00,77677,7bf0e23b-e546-4171-8243-7b016fd37d6e,,10,FAULT,0x2000,PUMP_CAVITATION,0,1,0,1,1,0,0.0,0.757,0.0,0.0,2.756,0.0,0.0,330.72,248.04,-1.05,112.5,1013.0,20.4,9.1,0.0,0.0,0.0,,0.0,0,0,0,0,0,4.2,0.0,0.0,2941.35,2941.35,0.0,-6.0
2026-06-05T07:42:50.951+00:00,77853,7bf0e23b-e546-4171-8243-7b016fd37d6e,,10,FAULT,0x2000,PUMP_CAVITATION,0,1,0,1,1,0,0.0,0.0,0.0,0.0,2.75,0.0,0.0,330.0,247.5,-0.8,111.52,1013.1,20.4,9.1,0.0,0.0,0.0,,0.0,0,0,0,0,0,4.2,0.0,0.0,2984.91,2984.91,0.0,1.42
2026-06-05T07:42:51.127+00:00,78028,7bf0e23b-e546-4171-8243-7b016fd37d6e,,10,FAULT,0x2000,PUMP_CAVITATION,0,1,0,1,0,0,0.0,0.366,0.0,0.0,2.748,0.0,0.0,329.76,247.32,0.0,111.52,1013.0,20.4,9.0,0.0,0.0,0.0,,0.0,0,0,0,0,0,4.2,0.0,0.0,3028.19,3028.19,0.0,4.57
2026-06-05T07:42:51.332+00:00,78204,7bf0e23b-e546-4171-8243-7b016fd37d6e,,10,FAULT,0x2000,PUMP_CAVITATION,0,1,0,1,0,0,0.0,0.855,0.0,0.0,2.748,0.0,0.0,329.76,247.32,0.9,112.5,1013.0,20.4,9.0,0.0,0.0,0.0,,0.0,0,0,0,0,0,4.2,0.0,0.0,3071.71,3071.71,0.0,5.11
2026-06-05T07:42:51.523+00:00,78380,7bf0e23b-e546-4171-8243-7b016fd37d6e,,10,FAULT,0x2000,PUMP_CAVITATION,0,1,0,1,0,0,0.0,0.219,0.0,0.0,2.748,0.0,0.0,329.76,247.32,0.0,109.44,1013.1,20.4,9.1,0.0,0.0,0.0,,0.0,0,0,0,0,0,4.2,0.0,0.0,3115.24,3115.24,0.0,-5.11
2026-06-05T07:42:51.655+00:00,78555,7bf0e23b-e546-4171-8243-7b016fd37d6e,,10,FAULT,0x2000,PUMP_CAVITATION,0,1,0,1,0,0,0.0,0.024,0.0,0.0,2.75,0.0,0.0,330.0,247.5,0.0,112.5,1013.0,20.4,9.1,0.0,0.0,0.0,,0.0,0,0,0,0,0,4.2,0.0,0.0,3158.56,3158.56,0.0,0.0
2026-06-05T07:42:51.831+00:00,78731,7bf0e23b-e546-4171-8243-7b016fd37d6e,,10,FAULT,0x2000,PUMP_CAVITATION,0,1,0,1,0,0,0.0,0.562,0.0,0.0,2.747,0.0,0.0,329.64,247.23,-1.05,110.91,1013.0,20.4,9.0,0.0,0.0,0.0,,0.0,0,0,0,0,0,4.2,0.0,0.0,3202.07,3202.07,0.0,-5.97
2026-06-05T07:42:52.058+00:00,78906,7bf0e23b-e546-4171-8243-7b016fd37d6e,,10,FAULT,0x2000,PUMP_CAVITATION,0,1,0,1,0,0,0.0,0.219,0.0,0.0,2.728,0.0,0.0,327.36,245.52,-1.05,112.5,1013.0,20.4,9.0,0.0,0.0,0.0,,0.0,0,0,0,0,0,4.2,0.0,0.0,3245.03,3245.03,0.0,0.0
2026-06-05T07:42:52.254+00:00,79082,7bf0e23b-e546-4171-8243-7b016fd37d6e,,10,FAULT,0x2000,PUMP_CAVITATION,0,1,0,1,0,0,0.0,0.0,0.0,0.0,2.727,0.0,0.0,327.24,245.43,-1.05,108.22,1013.0,20.4,9.0,0.0,0.0,0.0,,0.0,0,0,0,0,0,4.2,0.0,0.0,3288.23,3288.23,0.0,0.0
2026-06-05T07:42:52.359+00:00,79257,7bf0e23b-e546-4171-8243-7b016fd37d6e,,10,FAULT,0x2000,PUMP_CAVITATION,0,1,0,1,0,0,0.0,0.757,0.0,0.0,2.728,0.0,0.0,327.36,245.52,-1.05,112.5,1013.0,20.4,9.1,0.0,0.0,0.0,,0.0,0,0,0,0,0,4.2,0.0,0.0,3331.2,3331.2,0.0,0.0
2026-06-05T07:42:52.535+00:00,79433,7bf0e23b-e546-4171-8243-7b016fd37d6e,,10,FAULT,0x2000,PUMP_CAVITATION,0,1,0,1,0,0,0.0,0.122,0.0,0.0,2.727,0.0,0.0,327.24,245.43,-0.31,109.07,1013.0,20.4,9.1,0.0,0.0,0.0,,0.0,0,0,0,0,0,4.2,0.0,0.0,3374.39,3374.39,0.0,4.2
2026-06-05T07:42:52.791+00:00,79609,7bf0e23b-e546-4171-8243-7b016fd37d6e,,10,FAULT,0x2000,PUMP_CAVITATION,0,1,0,1,0,0,0.0,0.122,0.0,0.0,2.729,0.0,0.0,327.48,245.61,-0.31,112.5,1013.0,20.4,9.1,0.0,0.0,0.0,,0.0,0,0,0,0,0,4.2,0.0,0.0,3417.62,3417.62,0.0,0.0
2026-06-05T07:42:52.891+00:00,79784,7bf0e23b-e546-4171-8243-7b016fd37d6e,,10,FAULT,0x2000,PUMP_CAVITATION,0,1,0,1,0,0,0.0,0.0,0.0,0.0,2.734,0.0,0.0,328.08,246.06,1.14,109.2,1013.0,20.4,9.0,0.0,0.0,0.0,,0.0,0,0,0,0,0,4.2,0.0,0.0,3460.68,3460.68,0.0,8.29
2026-06-05T07:42:53.060+00:00,79960,7bf0e23b-e546-4171-8243-7b016fd37d6e,,10,FAULT,0x2000,PUMP_CAVITATION,0,1,0,1,0,0,0.0,0.024,0.0,0.0,2.737,0.0,0.0,328.44,246.33,-0.56,110.05,1013.0,20.4,9.0,0.0,0.0,0.0,,0.0,0,0,0,0,0,4.2,0.0,0.0,3504.03,3504.03,0.0,-9.66
2026-06-05T07:42:53.236+00:00,80136,7bf0e23b-e546-4171-8243-7b016fd37d6e,,10,FAULT,0x2000,PUMP_CAVITATION,0,1,0,1,0,0,0.0,0.464,0.0,0.0,2.738,0.0,0.0,328.56,246.42,-0.56,112.5,1013.0,20.4,9.0,0.0,0.0,0.0,,0.0,0,0,0,0,0,4.2,0.0,0.0,3547.4,3547.4,0.0,0.0
2026-06-05T07:42:53.413+00:00,80311,7bf0e23b-e546-4171-8243-7b016fd37d6e,,10,FAULT,0x2000,PUMP_CAVITATION,0,1,0,1,0,0,0.0,0.953,0.0,0.0,2.737,0.0,0.0,328.44,246.33,1.14,112.13,1013.0,20.4,9.1,0.0,0.0,0.0,,0.0,0,0,0,0,0,4.2,0.0,0.0,3590.51,3590.51,0.0,9.71
2026-06-05T07:42:53.609+00:00,80487,7bf0e23b-e546-4171-8243-7b016fd37d6e,,10,FAULT,0x2000,PUMP_CAVITATION,0,1,0,1,0,0,0.0,0.171,0.0,0.0,2.736,0.0,0.0,328.32,246.24,-0.56,112.5,1013.0,20.4,9.0,0.0,0.0,0.0,,0.0,0,0,0,0,0,4.2,0.0,0.0,3633.85,3633.85,0.0,-9.66
2026-06-05T07:42:53.765+00:00,80662,7bf0e23b-e546-4171-8243-7b016fd37d6e,,10,FAULT,0x2000,PUMP_CAVITATION,0,1,0,1,0,0,0.0,1.148,0.0,0.0,2.735,0.0,0.0,328.2,246.15,0.0,106.14,1013.0,20.4,9.1,0.0,0.0,0.0,,0.0,0,0,0,0,0,4.2,0.0,0.0,3676.93,3676.93,0.0,3.2
2026-06-05T07:42:53.941+00:00,80838,7bf0e23b-e546-4171-8243-7b016fd37d6e,,10,FAULT,0x2000,PUMP_CAVITATION,0,1,0,1,0,0,0.0,0.513,0.0,0.0,2.738,0.0,0.0,328.56,246.42,0.0,112.5,1013.0,20.4,9.1,0.0,0.0,0.0,,0.0,0,0,0,0,0,4.2,0.0,0.0,3720.3,3720.3,0.0,0.0
2026-06-05T07:42:54.116+00:00,81013,7bf0e23b-e546-4171-8243-7b016fd37d6e,,10,FAULT,0x2000,PUMP_CAVITATION,0,1,0,1,0,0,0.0,0.855,0.0,0.0,2.741,0.0,0.0,328.92,246.69,0.41,112.01,1013.0,20.4,9.1,0.0,0.0,0.0,,0.0,0,0,0,0,0,4.2,0.0,0.0,3763.47,3763.47,0.0,2.34
2026-06-05T07:42:54.345+00:00,81188,7bf0e23b-e546-4171-8243-7b016fd37d6e,,10,FAULT,0x2000,PUMP_CAVITATION,0,1,0,1,0,0,0.0,0.0,0.0,0.0,2.741,0.0,0.0,328.92,246.69,-1.53,112.5,1013.0,20.4,9.0,0.0,0.0,0.0,,0.0,0,0,0,0,0,4.2,0.0,0.0,3806.64,3806.64,0.0,-11.09
2026-06-05T07:42:54.466+00:00,81364,7bf0e23b-e546-4171-8243-7b016fd37d6e,,10,FAULT,0x2000,PUMP_CAVITATION,0,1,0,1,0,0,0.0,0.757,0.0,0.0,2.746,0.0,0.0,329.52,247.14,0.0,112.13,1013.0,20.4,9.1,0.0,0.0,0.0,,0.0,0,0,0,0,0,4.2,0.0,0.0,3850.13,3850.13,0.0,8.69
2026-06-05T07:42:54.641+00:00,81540,7bf0e23b-e546-4171-8243-7b016fd37d6e,,10,FAULT,0x2000,PUMP_CAVITATION,0,1,0,1,0,0,0.0,0.0,0.0,0.0,2.745,0.0,0.0,329.4,247.05,1.14,112.37,1013.0,20.4,9.1,0.0,0.0,0.0,,0.0,0,0,0,0,0,4.2,0.0,0.0,3893.61,3893.61,0.0,6.48
2026-06-05T07:42:54.817+00:00,81716,7bf0e23b-e546-4171-8243-7b016fd37d6e,,10,FAULT,0x2000,PUMP_CAVITATION,0,1,0,1,0,0,0.0,0.366,0.0,0.0,2.744,0.0,0.0,329.28,246.96,0.0,112.01,1013.0,20.4,9.0,0.0,0.0,0.0,,0.0,0,0,0,0,0,4.2,0.0,0.0,3937.08,3937.08,0.0,-6.48
2026-06-05T07:42:55.011+00:00,81891,7bf0e23b-e546-4171-8243-7b016fd37d6e,,10,FAULT,0x2000,PUMP_CAVITATION,0,1,0,1,0,0,0.0,0.855,0.0,0.0,2.744,0.0,0.0,329.28,246.96,0.41,112.5,1013.0,20.4,9.0,0.0,0.0,0.0,,0.0,0,0,0,0,0,4.2,0.0,0.0,3980.3,3980.3,0.0,2.34
2026-06-05T07:42:55.212+00:00,82066,7bf0e23b-e546-4171-8243-7b016fd37d6e,,10,FAULT,0x2000,PUMP_CAVITATION,0,1,0,1,0,0,0.0,0.122,0.0,0.0,2.74,0.0,0.0,328.8,246.6,-0.31,111.27,1013.0,20.4,9.0,0.0,0.0,0.0,,0.0,0,0,0,0,0,4.2,0.0,0.0,4023.45,4023.45,0.0,-4.11
2026-06-05T07:42:55.346+00:00,82242,7bf0e23b-e546-4171-8243-7b016fd37d6e,,10,FAULT,0x2000,PUMP_CAVITATION,0,1,0,1,0,0,0.0,0.953,0.0,0.0,2.739,0.0,0.0,328.68,246.51,1.88,108.46,1013.0,20.4,9.0,0.0,0.0,0.0,,0.0,0,0,0,0,0,4.2,0.0,0.0,4066.84,4066.84,0.0,12.44
2026-06-05T07:42:55.522+00:00,82417,7bf0e23b-e546-4171-8243-7b016fd37d6e,,10,FAULT,0x2000,PUMP_CAVITATION,0,1,0,1,0,0,0.0,0.317,0.0,0.0,2.739,0.0,0.0,328.68,246.51,-0.56,112.5,1013.0,20.4,9.1,0.0,0.0,0.0,,0.0,0,0,0,0,0,4.2,0.0,0.0,4109.98,4109.98,0.0,-13.94
2026-06-05T07:42:55.780+00:00,82593,7bf0e23b-e546-4171-8243-7b016fd37d6e,,10,FAULT,0x2000,PUMP_CAVITATION,0,1,0,1,0,0,0.0,0.024,0.0,0.0,2.737,0.0,0.0,328.44,246.33,-0.8,108.95,1013.0,20.4,9.1,0.0,0.0,0.0,,0.0,0,0,0,0,0,4.2,0.0,0.0,4153.33,4153.33,0.0,-1.36
2026-06-05T07:42:55.901+00:00,82768,7bf0e23b-e546-4171-8243-7b016fd37d6e,,10,FAULT,0x2000,PUMP_CAVITATION,0,1,0,1,0,0,0.0,1.344,0.0,0.0,2.738,0.0,0.0,328.56,246.42,0.41,112.5,1013.0,20.4,9.1,0.0,0.0,0.0,,0.0,0,0,0,0,0,4.2,0.0,0.0,4196.45,4196.45,0.0,6.91
2026-06-05T07:42:56.050+00:00,82945,7bf0e23b-e546-4171-8243-7b016fd37d6e,,10,FAULT,0x2000,PUMP_CAVITATION,0,1,0,1,0,0,0.0,0.122,0.0,0.0,2.741,0.0,0.0,328.92,246.69,-0.8,108.71,1013.0,20.4,9.0,0.0,0.0,0.0,,0.0,0,0,0,0,0,4.2,0.0,0.0,4240.12,4240.12,0.0,-6.84
2026-06-05T07:42:56.223+00:00,83120,7bf0e23b-e546-4171-8243-7b016fd37d6e,,10,FAULT,0x2000,PUMP_CAVITATION,0,1,0,1,0,0,0.0,1.295,0.0,0.0,2.741,0.0,0.0,328.92,246.69,0.65,112.5,1013.0,20.4,9.0,0.0,0.0,0.0,,0.0,0,0,0,0,0,4.2,0.0,0.0,4283.29,4283.29,0.0,8.29
2026-06-05T07:42:56.399+00:00,83296,7bf0e23b-e546-4171-8243-7b016fd37d6e,,10,FAULT,0x2000,PUMP_CAVITATION,0,1,0,1,0,0,0.0,0.0,0.0,0.0,2.741,0.0,0.0,328.92,246.69,-1.29,107.73,1013.0,20.4,9.0,0.0,0.0,0.0,,0.0,0,0,0,0,0,4.2,0.0,0.0,4326.71,4326.71,0.0,-11.02
2026-06-05T07:42:56.636+00:00,83472,7bf0e23b-e546-4171-8243-7b016fd37d6e,,10,FAULT,0x2000,PUMP_CAVITATION,0,1,0,1,0,0,0.0,0.806,0.0,0.0,2.743,0.0,0.0,329.16,246.87,-0.8,112.5,1013.1,20.4,9.1,0.0,0.0,0.0,,0.0,0,0,0,0,0,4.2,0.0,0.0,4370.16,4370.16,0.0,2.78
2026-06-05T07:42:56.751+00:00,83647,7bf0e23b-e546-4171-8243-7b016fd37d6e,,10,FAULT,0x2000,PUMP_CAVITATION,0,1,0,1,0,0,0.0,0.904,0.0,0.0,2.744,0.0,0.0,329.28,246.96,0.41,108.46,1013.0,20.4,9.0,0.0,0.0,0.0,,0.0,0,0,0,0,0,4.2,0.0,0.0,4413.37,4413.37,0.0,6.91
2026-06-05T07:42:56.927+00:00,83822,7bf0e23b-e546-4171-8243-7b016fd37d6e,,10,FAULT,0x2000,PUMP_CAVITATION,0,1,0,1,0,0,0.0,0.0,0.0,0.0,2.59,0.0,0.0,310.8,233.1,-1.05,112.25,1013.0,20.4,9.0,0.0,0.0,0.0,,0.0,0,0,0,0,0,4.2,0.0,0.0,4454.17,4454.17,0.0,-8.34
2026-06-05T07:42:57.103+00:00,83998,7bf0e23b-e546-4171-8243-7b016fd37d6e,,10,FAULT,0x2000,PUMP_CAVITATION,0,1,0,1,0,0,0.0,0.855,0.0,0.0,1.563,0.0,0.0,187.56,140.67,0.65,109.32,1013.0,20.4,9.0,0.0,0.0,0.0,,0.0,0,0,0,0,0,4.2,0.0,0.0,4478.92,4478.92,0.0,9.66
2026-06-05T07:42:57.282+00:00,84173,7bf0e23b-e546-4171-8243-7b016fd37d6e,,10,FAULT,0x2000,PUMP_CAVITATION,0,1,0,1,0,0,0.0,0.219,0.0,0.0,1.054,0.0,0.0,126.48,94.86,0.0,110.54,1013.1,20.4,9.1,0.0,0.0,0.0,,0.0,0,0,0,0,0,4.2,0.0,0.0,4495.53,4495.53,0.0,-3.71
2026-06-05T07:42:57.492+00:00,84349,7bf0e23b-e546-4171-8243-7b016fd37d6e,,10,FAULT,0x2000,PUMP_CAVITATION,0,1,0,1,0,0,0.0,0.806,0.0,0.0,0.0,0.0,0.0,0.0,0.0,0.0,112.5,1013.0,20.4,9.1,0.0,0.0,0.0,,0.0,0,0,0,0,0,4.2,0.0,0.0,4495.53,4495.53,0.0,0.0
2026-06-05T07:42:57.628+00:00,84525,7bf0e23b-e546-4171-8243-7b016fd37d6e,,10,FAULT,0x2000,PUMP_CAVITATION,0,1,0,1,0,0,0.0,0.513,0.0,0.0,0.0,0.0,0.0,0.0,0.0,0.9,111.64,1013.1,20.4,9.1,0.0,0.0,0.0,,0.0,0,0,0,0,0,4.2,0.0,0.0,4495.53,4495.53,0.0,5.11
2026-06-05T07:42:57.804+00:00,84700,7bf0e23b-e546-4171-8243-7b016fd37d6e,,10,FAULT,0x2000,PUMP_CAVITATION,0,1,0,1,0,0,0.0,0.757,0.0,0.0,0.0,0.0,0.0,0.0,0.0,-0.56,112.5,1013.0,20.4,9.1,0.0,0.0,0.0,,0.0,0,0,0,0,0,4.2,0.0,0.0,4495.53,4495.53,0.0,-8.34
2026-06-05T07:42:58.031+00:00,84875,7bf0e23b-e546-4171-8243-7b016fd37d6e,,10,FAULT,0x2000,PUMP_CAVITATION,0,1,0,1,0,0,0.0,0.0,0.0,0.0,0.0,0.0,0.0,0.0,0.0,-0.31,107.85,1013.0,20.4,9.1,0.0,0.0,0.0,,0.0,0,0,0,0,0,4.2,0.0,0.0,4495.53,4495.53,0.0,1.43
2026-06-05T07:42:58.229+00:00,85050,7bf0e23b-e546-4171-8243-7b016fd37d6e,,10,FAULT,0x2000,PUMP_CAVITATION,0,1,0,1,0,0,0.0,1.001,0.0,0.0,0.0,0.0,0.0,0.0,0.0,0.0,112.5,1013.0,20.4,9.0,0.0,0.0,0.0,,0.0,0,0,0,0,0,4.2,0.0,0.0,4495.53,4495.53,0.0,1.77
2026-06-05T07:42:58.331+00:00,85225,7bf0e23b-e546-4171-8243-7b016fd37d6e,,10,FAULT,0x2000,PUMP_CAVITATION,0,1,0,1,0,0,0.0,0.122,0.0,0.0,0.0,0.0,0.0,0.0,0.0,-1.53,110.05,1013.0,20.4,9.0,0.0,0.0,0.0,,0.0,0,0,0,0,0,4.2,0.0,0.0,4495.53,4495.53,0.0,-8.74
2026-06-05T07:42:58.507+00:00,85401,7bf0e23b-e546-4171-8243-7b016fd37d6e,,10,FAULT,0x2000,PUMP_CAVITATION,0,1,0,1,0,0,0.0,0.0,0.0,0.0,0.0,0.0,0.0,0.0,0.0,-0.31,112.5,1013.0,20.4,9.1,0.0,0.0,0.0,,0.0,0,0,0,0,0,4.2,0.0,0.0,4495.53,4495.53,0.0,6.93
2026-06-05T07:42:58.760+00:00,85576,7bf0e23b-e546-4171-8243-7b016fd37d6e,,10,FAULT,0x2000,PUMP_CAVITATION,0,1,0,1,0,0,0.0,0.171,0.0,0.0,0.0,0.0,0.0,0.0,0.0,0.65,108.22,1013.0,20.4,9.0,0.0,0.0,0.0,,0.0,0,0,0,0,0,4.2,0.0,0.0,4495.53,4495.53,0.0,5.49
2026-06-05T07:42:58.889+00:00,85751,7bf0e23b-e546-4171-8243-7b016fd37d6e,,10,FAULT,0x2000,PUMP_CAVITATION,0,1,0,1,0,0,0.0,1.148,0.0,0.0,0.0,0.0,0.0,0.0,0.0,1.63,112.5,1013.1,20.4,9.1,0.0,0.0,0.0,,0.0,0,0,0,0,0,4.2,0.0,0.0,4495.53,4495.53,0.0,5.6
2026-06-05T07:42:59.032+00:00,85926,7bf0e23b-e546-4171-8243-7b016fd37d6e,,10,FAULT,0x2000,PUMP_CAVITATION,0,1,0,1,0,0,0.0,0.61,0.0,0.0,0.0,0.0,0.0,0.0,0.0,-1.29,112.01,1013.0,20.4,9.0,0.0,0.0,0.0,,0.0,0,0,0,0,0,4.2,0.0,0.0,4495.53,4495.53,0.0,-16.69
2026-06-05T07:42:59.210+00:00,86102,7bf0e23b-e546-4171-8243-7b016fd37d6e,,10,FAULT,0x2000,PUMP_CAVITATION,0,1,0,1,0,0,0.0,0.415,0.0,0.0,0.0,0.0,0.0,0.0,0.0,-0.8,112.5,1013.0,20.4,9.1,0.0,0.0,0.0,,0.0,0,0,0,0,0,4.2,0.0,0.0,4495.53,4495.53,0.0,2.78
2026-06-05T07:42:59.384+00:00,86278,7bf0e23b-e546-4171-8243-7b016fd37d6e,,10,FAULT,0x2000,PUMP_CAVITATION,0,1,0,1,0,0,0.0,0.122,0.0,0.0,0.0,0.0,0.0,0.0,0.0,-0.31,108.83,1013.0,20.4,9.0,0.0,0.0,0.0,,0.0,0,0,0,0,0,4.2,0.0,0.0,4495.53,4495.53,0.0,2.78
2026-06-05T07:42:59.626+00:00,86453,7bf0e23b-e546-4171-8243-7b016fd37d6e,,10,FAULT,0x2000,PUMP_CAVITATION,0,1,0,1,0,0,0.0,0.171,0.0,0.0,0.0,0.0,0.0,0.0,0.0,1.14,111.03,1013.0,20.4,9.0,0.0,0.0,0.0,,0.0,0,0,0,0,0,4.2,0.0,0.0,4495.53,4495.53,0.0,8.29
2026-06-05T07:42:59.733+00:00,86628,7bf0e23b-e546-4171-8243-7b016fd37d6e,,10,FAULT,0x2000,PUMP_CAVITATION,0,1,0,1,0,0,0.0,0.0,0.0,0.0,0.0,0.0,0.0,0.0,0.0,0.41,110.54,1013.0,20.4,9.0,0.0,0.0,0.0,,0.0,0,0,0,0,0,4.2,0.0,0.0,4495.53,4495.53,0.0,-4.17
2026-06-05T07:42:59.909+00:00,86803,7bf0e23b-e546-4171-8243-7b016fd37d6e,,10,FAULT,0x2000,PUMP_CAVITATION,0,1,0,1,0,0,0.0,0.61,0.0,0.0,0.0,0.0,0.0,0.0,0.0,0.0,112.5,1013.0,20.4,9.1,0.0,0.0,0.0,,0.0,0,0,0,0,0,4.2,0.0,0.0,4495.53,4495.53,0.0,-2.34
2026-06-05T07:43:00.085+00:00,86978,7bf0e23b-e546-4171-8243-7b016fd37d6e,,10,FAULT,0x2000,PUMP_CAVITATION,0,1,0,1,0,0,0.0,0.0,0.0,0.0,0.0,0.0,0.0,0.0,0.0,-0.31,108.71,1013.0,20.4,9.0,0.0,0.0,0.0,,0.0,0,0,0,0,0,4.2,0.0,0.0,4495.53,4495.53,0.0,-1.77
2026-06-05T07:43:00.320+00:00,87153,7bf0e23b-e546-4171-8243-7b016fd37d6e,,10,FAULT,0x2000,PUMP_CAVITATION,0,1,0,1,0,0,0.0,0.757,0.0,0.0,0.0,0.0,0.0,0.0,0.0,-0.31,112.5,1013.0,20.4,9.1,0.0,0.0,0.0,,0.0,0,0,0,0,0,4.2,0.0,0.0,4495.53,4495.53,0.0,0.0
2026-06-05T07:43:00.472+00:00,87328,7bf0e23b-e546-4171-8243-7b016fd37d6e,,10,FAULT,0x2000,PUMP_CAVITATION,0,1,0,1,0,0,0.0,0.61,0.0,0.0,0.0,0.0,0.0,0.0,0.0,0.0,112.5,1013.0,20.4,9.1,0.0,0.0,0.0,,0.0,0,0,0,0,0,4.2,0.0,0.0,4495.53,4495.53,0.0,1.77
2026-06-05T07:43:00.612+00:00,87504,7bf0e23b-e546-4171-8243-7b016fd37d6e,,10,FAULT,0x2000,PUMP_CAVITATION,0,1,0,1,0,0,0.0,0.171,0.0,0.0,0.0,0.0,0.0,0.0,0.0,-0.31,112.25,1013.0,20.4,9.0,0.0,0.0,0.0,,0.0,0,0,0,0,0,4.2,0.0,0.0,4495.53,4495.53,0.0,-1.76
2026-06-05T07:43:00.785+00:00,87680,7bf0e23b-e546-4171-8243-7b016fd37d6e,,10,FAULT,0x2000,PUMP_CAVITATION,0,1,0,1,0,0,0.0,0.757,0.0,0.0,0.0,0.0,0.0,0.0,0.0,-0.8,112.5,1013.0,20.4,9.1,0.0,0.0,0.0,,0.0,0,0,0,0,0,4.2,0.0,0.0,4495.53,4495.53,0.0,-2.78
2026-06-05T07:43:00.995+00:00,87855,7bf0e23b-e546-4171-8243-7b016fd37d6e,,10,FAULT,0x2000,PUMP_CAVITATION,0,1,0,1,0,0,0.0,0.708,0.0,0.0,0.0,0.0,0.0,0.0,0.0,0.41,112.01,1013.0,20.4,9.0,0.0,0.0,0.0,,0.0,0,0,0,0,0,4.2,0.0,0.0,4495.53,4495.53,0.0,6.91
2026-06-05T07:43:01.167+00:00,88030,7bf0e23b-e546-4171-8243-7b016fd37d6e,,10,FAULT,0x2000,PUMP_CAVITATION,0,1,0,1,0,0,0.0,0.073,0.0,0.0,0.0,0.0,0.0,0.0,0.0,-0.56,112.5,1013.0,20.4,9.0,0.0,0.0,0.0,,0.0,0,0,0,0,0,4.2,0.0,0.0,4495.53,4495.53,0.0,-5.54
2026-06-05T07:43:01.313+00:00,88205,7bf0e23b-e546-4171-8243-7b016fd37d6e,,10,FAULT,0x2000,PUMP_CAVITATION,0,1,0,1,0,0,0.0,0.0,0.0,0.0,0.0,0.0,0.0,0.0,0.0,0.0,108.1,1013.0,20.4,9.1,0.0,0.0,0.0,,0.0,0,0,0,0,0,4.2,0.0,0.0,4495.53,4495.53,0.0,3.2
2026-06-05T07:43:01.489+00:00,88380,7bf0e23b-e546-4171-8243-7b016fd37d6e,,10,FAULT,0x2000,PUMP_CAVITATION,0,1,0,1,0,0,0.0,1.05,0.0,0.0,0.0,0.0,0.0,0.0,0.0,-0.56,112.5,1013.0,20.4,9.1,0.0,0.0,0.0,,0.0,0,0,0,0,0,4.2,0.0,0.0,4495.53,4495.53,0.0,-3.2
2026-06-05T07:43:01.665+00:00,88555,7bf0e23b-e546-4171-8243-7b016fd37d6e,,10,FAULT,0x2000,PUMP_CAVITATION,0,1,0,1,0,0,0.0,0.659,0.0,0.0,0.0,0.0,0.0,0.0,0.0,-0.8,112.25,1013.0,20.4,9.0,0.0,0.0,0.0,,0.0,0,0,0,0,0,4.2,0.0,0.0,4495.53,4495.53,0.0,-1.37
2026-06-05T07:43:01.897+00:00,88731,7bf0e23b-e546-4171-8243-7b016fd37d6e,,10,FAULT,0x2000,PUMP_CAVITATION,0,1,0,1,0,0,0.0,0.317,0.0,0.0,0.0,0.0,0.0,0.0,0.0,-0.31,112.5,1013.0,20.4,9.1,0.0,0.0,0.0,,0.0,0,0,0,0,0,4.2,0.0,0.0,4495.53,4495.53,0.0,2.78
2026-06-05T07:43:02.014+00:00,88906,7bf0e23b-e546-4171-8243-7b016fd37d6e,,10,FAULT,0x2000,PUMP_CAVITATION,0,1,0,1,0,0,0.0,0.024,0.0,0.0,0.0,0.0,0.0,0.0,0.0,0.0,108.1,1013.0,20.4,9.1,0.0,0.0,0.0,,0.0,0,0,0,0,0,4.2,0.0,0.0,4495.53,4495.53,0.0,1.77
2026-06-05T07:43:02.190+00:00,89081,7bf0e23b-e546-4171-8243-7b016fd37d6e,,10,FAULT,0x2000,PUMP_CAVITATION,0,1,0,1,0,0,0.0,1.05,0.0,0.0,0.0,0.0,0.0,0.0,0.0,0.65,112.5,1013.0,20.4,9.1,0.0,0.0,0.0,,0.0,0,0,0,0,0,4.2,0.0,0.0,4495.53,4495.53,0.0,3.71
2026-06-05T07:43:02.366+00:00,89256,7bf0e23b-e546-4171-8243-7b016fd37d6e,,10,FAULT,0x2000,PUMP_CAVITATION,0,1,0,1,0,0,0.0,0.219,0.0,0.0,0.0,0.0,0.0,0.0,0.0,-0.56,110.91,1013.0,20.4,9.1,0.0,0.0,0.0,,0.0,0,0,0,0,0,4.2,0.0,0.0,4495.53,4495.53,0.0,-6.91
2026-06-05T07:43:02.616+00:00,89432,7bf0e23b-e546-4171-8243-7b016fd37d6e,,10,FAULT,0x2000,PUMP_CAVITATION,0,1,0,1,0,0,0.0,0.708,0.0,0.0,0.0,0.0,0.0,0.0,0.0,-0.8,112.5,1013.0,20.4,9.0,0.0,0.0,0.0,,0.0,0,0,0,0,0,4.2,0.0,0.0,4495.53,4495.53,0.0,-1.36
2026-06-05T07:43:02.730+00:00,89607,7bf0e23b-e546-4171-8243-7b016fd37d6e,,10,FAULT,0x2000,PUMP_CAVITATION,0,1,0,1,0,0,0.0,0.415,0.0,0.0,0.0,0.0,0.0,0.0,0.0,0.9,109.81,1013.0,20.4,9.0,0.0,0.0,0.0,,0.0,0,0,0,0,0,4.2,0.0,0.0,4495.53,4495.53,0.0,9.71
2026-06-05T07:43:02.891+00:00,89783,7bf0e23b-e546-4171-8243-7b016fd37d6e,,10,FAULT,0x2000,PUMP_CAVITATION,0,1,0,1,0,0,0.0,0.073,0.0,0.0,0.0,0.0,0.0,0.0,0.0,-1.05,112.5,1013.0,20.4,9.1,0.0,0.0,0.0,,0.0,0,0,0,0,0,4.2,0.0,0.0,4495.53,4495.53,0.0,-11.08
2026-06-05T07:43:03.066+00:00,89958,7bf0e23b-e546-4171-8243-7b016fd37d6e,,10,FAULT,0x2000,PUMP_CAVITATION,0,1,0,1,0,0,0.0,0.073,0.0,0.0,0.0,0.0,0.0,0.0,0.0,-0.8,108.1,1013.0,20.4,9.0,0.0,0.0,0.0,,0.0,0,0,0,0,0,4.2,0.0,0.0,4495.53,4495.53,0.0,1.43
2026-06-05T07:43:03.260+00:00,90133,7bf0e23b-e546-4171-8243-7b016fd37d6e,,10,FAULT,0x2000,PUMP_CAVITATION,0,1,0,1,0,0,0.0,0.415,0.0,0.0,0.0,0.0,0.0,0.0,0.0,0.41,112.5,1013.0,20.4,9.0,0.0,0.0,0.0,,0.0,0,0,0,0,0,4.2,0.0,0.0,4495.53,4495.53,0.0,6.91
2026-06-05T07:43:03.465+00:00,90308,7bf0e23b-e546-4171-8243-7b016fd37d6e,,10,FAULT,0x2000,PUMP_CAVITATION,0,1,0,1,0,0,0.0,1.05,0.0,0.0,0.0,0.0,0.0,0.0,0.0,0.41,112.5,1013.0,20.4,9.1,0.0,0.0,0.0,,0.0,0,0,0,0,0,4.2,0.0,0.0,4495.53,4495.53,0.0,0.0
2026-06-05T07:43:03.594+00:00,90483,7bf0e23b-e546-4171-8243-7b016fd37d6e,,10,FAULT,0x2000,PUMP_CAVITATION,0,1,0,1,0,0,0.0,0.953,0.0,0.0,0.0,0.0,0.0,0.0,0.0,-0.8,112.5,1013.0,20.4,9.1,0.0,0.0,0.0,,0.0,0,0,0,0,0,4.2,0.0,0.0,4495.53,4495.53,0.0,-6.91
2026-06-05T07:43:03.767+00:00,90658,7bf0e23b-e546-4171-8243-7b016fd37d6e,,10,FAULT,0x2000,PUMP_CAVITATION,0,1,0,1,0,0,0.0,0.0,0.0,0.0,0.0,0.0,0.0,0.0,0.0,-1.53,110.66,1013.0,20.4,9.1,0.0,0.0,0.0,,0.0,0,0,0,0,0,4.2,0.0,0.0,4495.53,4495.53,0.0,-4.17
2026-06-05T07:43:03.999+00:00,90834,7bf0e23b-e546-4171-8243-7b016fd37d6e,,10,FAULT,0x2000,PUMP_CAVITATION,0,1,0,1,0,0,0.0,0.0,0.0,0.0,0.0,0.0,0.0,0.0,0.0,-1.29,111.15,1013.0,20.4,9.1,0.0,0.0,0.0,,0.0,0,0,0,0,0,4.2,0.0,0.0,4495.53,4495.53,0.0,1.36
2026-06-05T07:43:04.201+00:00,91010,7bf0e23b-e546-4171-8243-7b016fd37d6e,,10,FAULT,0x2000,PUMP_CAVITATION,0,1,0,1,0,0,0.0,0.171,0.0,0.0,0.0,0.0,0.0,0.0,0.0,-1.05,112.25,1013.0,20.4,9.0,0.0,0.0,0.0,,0.0,0,0,0,0,0,4.2,0.0,0.0,4495.53,4495.53,0.0,1.36
2026-06-05T07:43:04.295+00:00,91185,7bf0e23b-e546-4171-8243-7b016fd37d6e,,10,FAULT,0x2000,PUMP_CAVITATION,0,1,0,1,0,0,0.0,0.122,0.0,0.0,0.0,0.0,0.0,0.0,0.0,0.0,110.3,1013.0,20.4,9.0,0.0,0.0,0.0,,0.0,0,0,0,0,0,4.2,0.0,0.0,4495.53,4495.53,0.0,6.0
2026-06-05T07:43:04.471+00:00,91360,7bf0e23b-e546-4171-8243-7b016fd37d6e,,10,FAULT,0x2000,PUMP_CAVITATION,0,1,0,1,0,0,0.0,0.0,0.0,0.0,0.0,0.0,0.0,0.0,0.0,0.0,111.52,1013.0,20.4,9.0,0.0,0.0,0.0,,0.0,0,0,0,0,0,4.2,0.0,0.0,4495.53,4495.53,0.0,0.0
2026-06-05T07:43:04.707+00:00,91535,7bf0e23b-e546-4171-8243-7b016fd37d6e,,10,FAULT,0x2000,PUMP_CAVITATION,0,1,0,1,0,0,0.0,0.0,0.0,0.0,0.0,0.0,0.0,0.0,0.0,-1.05,109.2,1013.0,20.4,9.1,0.0,0.0,0.0,,0.0,0,0,0,0,0,4.2,0.0,0.0,4495.53,4495.53,0.0,-6.0
2026-06-05T07:43:04.820+00:00,91710,7bf0e23b-e546-4171-8243-7b016fd37d6e,,10,FAULT,0x2000,PUMP_CAVITATION,0,1,0,1,0,0,0.0,0.464,0.0,0.0,0.0,0.0,0.0,0.0,0.0,0.65,112.5,1013.0,20.4,9.1,0.0,0.0,0.0,,0.0,0,0,0,0,0,4.2,0.0,0.0,4495.53,4495.53,0.0,9.71
2026-06-05T07:43:04.996+00:00,91885,7bf0e23b-e546-4171-8243-7b016fd37d6e,,10,FAULT,0x2000,PUMP_CAVITATION,0,1,0,1,0,0,0.0,0.61,0.0,0.0,0.0,0.0,0.0,0.0,0.0,-1.53,112.37,1013.0,20.4,9.1,0.0,0.0,0.0,,0.0,0,0,0,0,0,4.2,0.0,0.0,4495.53,4495.53,0.0,-12.46
2026-06-05T07:43:05.172+00:00,92060,7bf0e23b-e546-4171-8243-7b016fd37d6e,,10,FAULT,0x2000,PUMP_CAVITATION,0,1,0,1,0,0,0.0,0.562,0.0,0.0,0.0,0.0,0.0,0.0,0.0,-0.31,112.5,1013.0,20.4,9.1,0.0,0.0,0.0,,0.0,0,0,0,0,0,4.2,0.0,0.0,4495.53,4495.53,0.0,6.97
2026-06-05T07:43:05.445+00:00,92236,7bf0e23b-e546-4171-8243-7b016fd37d6e,,10,FAULT,0x2000,PUMP_CAVITATION,0,1,0,1,0,0,0.0,0.0,0.0,0.0,0.0,0.0,0.0,0.0,0.0,1.39,106.63,1013.0,20.4,9.1,0.0,0.0,0.0,,0.0,0,0,0,0,0,4.2,0.0,0.0,4495.53,4495.53,0.0,9.66
2026-06-05T07:43:05.558+00:00,92411,7bf0e23b-e546-4171-8243-7b016fd37d6e,,10,FAULT,0x2000,PUMP_CAVITATION,0,1,0,1,0,0,0.0,0.0,0.0,0.0,0.0,0.0,0.0,0.0,0.0,1.88,112.37,1013.0,20.4,9.0,0.0,0.0,0.0,,0.0,0,0,0,0,0,4.2,0.0,0.0,4495.53,4495.53,0.0,2.8
2026-06-05T07:43:05.696+00:00,92587,7bf0e23b-e546-4171-8243-7b016fd37d6e,,10,FAULT,0x2000,PUMP_CAVITATION,0,1,0,1,0,0,0.0,0.0,0.0,0.0,0.0,0.0,0.0,0.0,0.0,0.65,107.24,1013.0,20.4,9.1,0.0,0.0,0.0,,0.0,0,0,0,0,0,4.2,0.0,0.0,4495.53,4495.53,0.0,-6.99
2026-06-05T07:43:05.872+00:00,92762,7bf0e23b-e546-4171-8243-7b016fd37d6e,,10,FAULT,0x2000,PUMP_CAVITATION,0,1,0,1,0,0,0.0,1.148,0.0,0.0,0.0,0.0,0.0,0.0,0.0,-1.29,112.5,1013.0,20.4,9.1,0.0,0.0,0.0,,0.0,0,0,0,0,0,4.2,0.0,0.0,4495.53,4495.53,0.0,-11.09
2026-06-05T07:43:06.048+00:00,92937,7bf0e23b-e546-4171-8243-7b016fd37d6e,,10,FAULT,0x2000,PUMP_CAVITATION,0,1,0,1,0,0,0.0,0.0,0.0,0.0,0.0,0.0,0.0,0.0,0.0,1.39,106.39,1013.0,20.4,9.1,0.0,0.0,0.0,,0.0,0,0,0,0,0,4.2,0.0,0.0,4495.53,4495.53,0.0,15.31
2026-06-05T07:43:06.246+00:00,93112,7bf0e23b-e546-4171-8243-7b016fd37d6e,,10,FAULT,0x2000,PUMP_CAVITATION,0,1,0,1,0,0,0.0,0.953,0.0,0.0,0.0,0.0,0.0,0.0,0.0,-1.05,112.5,1013.0,20.4,9.0,0.0,0.0,0.0,,0.0,0,0,0,0,0,4.2,0.0,0.0,4495.53,4495.53,0.0,-13.94
2026-06-05T07:43:06.400+00:00,93287,7bf0e23b-e546-4171-8243-7b016fd37d6e,,10,FAULT,0x2000,PUMP_CAVITATION,0,1,0,1,0,0,0.0,0.806,0.0,0.0,0.0,0.0,0.0,0.0,0.0,0.0,106.87,1013.1,20.4,9.1,0.0,0.0,0.0,,0.0,0,0,0,0,0,4.2,0.0,0.0,4495.53,4495.53,0.0,6.0
2026-06-05T07:43:06.576+00:00,93463,7bf0e23b-e546-4171-8243-7b016fd37d6e,,10,FAULT,0x2000,PUMP_CAVITATION,0,1,0,1,0,0,0.0,0.61,0.0,0.0,0.0,0.0,0.0,0.0,0.0,0.0,112.5,1013.0,20.4,9.0,0.0,0.0,0.0,,0.0,0,0,0,0,0,4.2,0.0,0.0,4495.53,4495.53,0.0,0.0
2026-06-05T07:43:06.754+00:00,93638,7bf0e23b-e546-4171-8243-7b016fd37d6e,,10,FAULT,0x2000,PUMP_CAVITATION,0,1,0,0,0,0,0.0,0.708,0.0,0.0,0.0,0.0,0.0,0.0,0.0,0.65,112.5,1013.0,20.4,9.1,0.0,0.0,0.0,,0.0,0,0,0,0,0,4.2,0.0,0.0,4495.53,4495.53,0.0,3.71
2026-06-05T07:43:06.938+00:00,93813,7bf0e23b-e546-4171-8243-7b016fd37d6e,,10,FAULT,0x2000,PUMP_CAVITATION,0,1,0,0,0,0,0.0,0.219,0.0,0.0,0.0,0.0,0.0,0.0,0.0,0.41,112.5,1013.0,20.4,9.0,0.0,0.0,0.0,,0.0,0,0,0,0,0,4.2,0.0,0.0,4495.53,4495.53,0.0,-1.37
2026-06-05T07:43:07.101+00:00,93988,7bf0e23b-e546-4171-8243-7b016fd37d6e,,10,FAULT,0x2000,PUMP_CAVITATION,0,1,0,0,0,0,0.0,0.0,0.0,0.0,0.0,0.0,0.0,0.0,0.0,-0.8,109.68,1013.1,20.4,9.1,0.0,0.0,0.0,,0.0,0,0,0,0,0,4.2,0.0,0.0,4495.53,4495.53,0.0,-6.91
2026-06-05T07:43:07.277+00:00,94163,7bf0e23b-e546-4171-8243-7b016fd37d6e,,10,FAULT,0x2000,PUMP_CAVITATION,0,1,0,0,0,0,0.0,1.05,0.0,0.0,0.0,0.0,0.0,0.0,0.0,0.9,110.3,1013.0,20.4,9.1,0.0,0.0,0.0,,0.0,0,0,0,0,0,4.2,0.0,0.0,4495.53,4495.53,0.0,9.71
2026-06-05T07:43:07.453+00:00,94339,7bf0e23b-e546-4171-8243-7b016fd37d6e,,10,FAULT,0x2000,PUMP_CAVITATION,0,1,0,0,0,0,0.0,0.757,0.0,0.0,0.0,0.0,0.0,0.0,0.0,-0.56,112.5,1013.0,20.4,9.1,0.0,0.0,0.0,,0.0,0,0,0,0,0,4.2,0.0,0.0,4495.53,4495.53,0.0,-8.3
2026-06-05T07:43:07.628+00:00,94515,7bf0e23b-e546-4171-8243-7b016fd37d6e,,10,FAULT,0x2000,PUMP_CAVITATION,0,1,0,0,0,0,0.0,0.0,0.0,0.0,0.0,0.0,0.0,0.0,0.0,1.63,109.2,1013.0,20.4,9.0,0.0,0.0,0.0,,0.0,0,0,0,0,0,4.2,0.0,0.0,4495.53,4495.53,0.0,12.44
2026-06-05T07:43:07.801+00:00,94690,7bf0e23b-e546-4171-8243-7b016fd37d6e,,10,FAULT,0x2000,PUMP_CAVITATION,0,1,0,0,0,0,0.0,1.001,0.0,0.0,0.0,0.0,0.0,0.0,0.0,-1.53,112.5,1013.1,20.4,9.1,0.0,0.0,0.0,,0.0,0,0,0,0,0,4.2,0.0,0.0,4495.53,4495.53,0.0,-18.06
2026-06-05T07:43:07.977+00:00,94865,7bf0e23b-e546-4171-8243-7b016fd37d6e,,10,FAULT,0x2000,PUMP_CAVITATION,0,1,0,0,0,0,0.0,0.0,0.0,0.0,0.0,0.0,0.0,0.0,0.0,1.63,107.73,1013.0,20.4,9.1,0.0,0.0,0.0,,0.0,0,0,0,0,0,4.2,0.0,0.0,4495.53,4495.53,0.0,18.06
2026-06-05T07:43:08.153+00:00,95040,7bf0e23b-e546-4171-8243-7b016fd37d6e,,10,FAULT,0x2000,PUMP_CAVITATION,0,1,0,0,0,0,0.0,0.904,0.0,0.0,0.0,0.0,0.0,0.0,0.0,0.0,112.5,1013.0,20.4,9.1,0.0,0.0,0.0,,0.0,0,0,0,0,0,4.2,0.0,0.0,4495.53,4495.53,0.0,-9.31
2026-06-05T07:43:08.329+00:00,95215,7bf0e23b-e546-4171-8243-7b016fd37d6e,,10,FAULT,0x2000,PUMP_CAVITATION,0,0,0,0,0,0,0.0,1.001,0.0,0.0,0.0,0.0,0.0,0.0,0.0,-1.53,112.5,1013.0,20.4,9.0,0.0,0.0,0.0,,0.0,0,0,0,0,0,4.2,0.0,0.0,4495.53,4495.53,0.0,-8.74
2026-06-05T07:43:08.505+00:00,95390,7bf0e23b-e546-4171-8243-7b016fd37d6e,,10,FAULT,0x2000,PUMP_CAVITATION,0,0,0,0,0,0,0.0,0.757,0.0,0.0,0.0,0.0,0.0,0.0,0.0,0.65,112.5,1013.0,20.4,9.1,0.0,0.0,0.0,,0.0,0,0,0,0,0,4.2,0.0,0.0,4495.53,4495.53,0.0,12.46
2026-06-05T07:43:08.681+00:00,95566,7bf0e23b-e546-4171-8243-7b016fd37d6e,,10,FAULT,0x2000,PUMP_CAVITATION,0,0,0,0,0,0,0.0,0.562,0.0,0.0,0.0,0.0,0.0,0.0,0.0,-0.56,112.25,1013.0,20.4,9.0,0.0,0.0,0.0,,0.0,0,0,0,0,0,4.2,0.0,0.0,4495.53,4495.53,0.0,-6.88
2026-06-05T07:43:08.855+00:00,95741,7bf0e23b-e546-4171-8243-7b016fd37d6e,,10,FAULT,0x2000,PUMP_CAVITATION,0,0,0,0,0,0,0.0,1.05,0.0,0.0,0.0,0.0,0.0,0.0,0.0,0.65,112.5,1013.0,20.4,9.0,0.0,0.0,0.0,,0.0,0,0,0,0,0,4.2,0.0,0.0,4495.53,4495.53,0.0,6.91
2026-06-05T07:43:09.030+00:00,95917,7bf0e23b-e546-4171-8243-7b016fd37d6e,,10,FAULT,0x2000,PUMP_CAVITATION,0,0,0,0,0,0,0.0,0.415,0.0,0.0,0.0,0.0,0.0,0.0,0.0,-2.27,110.42,1013.0,20.4,9.1,0.0,0.0,0.0,,0.0,0,0,0,0,0,4.2,0.0,0.0,4495.53,4495.53,0.0,-16.59
2026-06-05T07:43:09.206+00:00,96092,7bf0e23b-e546-4171-8243-7b016fd37d6e,,10,FAULT,0x2000,PUMP_CAVITATION,0,0,0,0,0,0,0.0,0.513,0.0,0.0,0.0,0.0,0.0,0.0,0.0,-1.29,112.5,1013.0,20.4,9.0,0.0,0.0,0.0,,0.0,0,0,0,0,0,4.2,0.0,0.0,4495.53,4495.53,0.0,5.6
2026-06-05T07:43:09.382+00:00,96268,7bf0e23b-e546-4171-8243-7b016fd37d6e,,10,FAULT,0x2000,PUMP_CAVITATION,0,0,0,0,0,0,0.0,0.659,0.0,0.0,0.0,0.0,0.0,0.0,0.0,-0.31,110.66,1013.0,20.4,9.0,0.0,0.0,0.0,,0.0,0,0,0,0,0,4.2,0.0,0.0,4495.53,4495.53,0.0,5.57
2026-06-05T07:43:09.558+00:00,96443,7bf0e23b-e546-4171-8243-7b016fd37d6e,,10,FAULT,0x2000,PUMP_CAVITATION,0,0,0,0,0,0,0.0,0.904,0.0,0.0,0.0,0.0,0.0,0.0,0.0,0.0,112.5,1013.0,20.4,9.0,0.0,0.0,0.0,,0.0,0,0,0,0,0,4.2,0.0,0.0,4495.53,4495.53,0.0,1.77
2026-06-05T07:43:09.734+00:00,96618,7bf0e23b-e546-4171-8243-7b016fd37d6e,,10,FAULT,0x2000,PUMP_CAVITATION,0,0,0,0,0,0,0.0,0.659,0.0,0.0,0.0,0.0,0.0,0.0,0.0,-0.31,111.76,1013.0,20.4,9.1,0.0,0.0,0.0,,0.0,0,0,0,0,0,4.2,0.0,0.0,4495.53,4495.53,0.0,-1.77
2026-06-05T07:43:09.910+00:00,96793,7bf0e23b-e546-4171-8243-7b016fd37d6e,,10,FAULT,0x2000,PUMP_CAVITATION,0,0,0,0,0,0,0.0,0.513,0.0,0.0,0.0,0.0,0.0,0.0,0.0,-1.05,112.5,1013.0,20.4,9.0,0.0,0.0,0.0,,0.0,0,0,0,0,0,4.2,0.0,0.0,4495.53,4495.53,0.0,-4.23
2026-06-05T07:43:10.083+00:00,96968,7bf0e23b-e546-4171-8243-7b016fd37d6e,,10,FAULT,0x2000,PUMP_CAVITATION,0,0,0,0,0,0,0.0,0.562,0.0,0.0,0.0,0.0,0.0,0.0,0.0,0.0,111.4,1013.0,20.4,9.1,0.0,0.0,0.0,,0.0,0,0,0,0,0,4.2,0.0,0.0,4495.53,4495.53,0.0,6.0
2026-06-05T07:43:10.259+00:00,97143,7bf0e23b-e546-4171-8243-7b016fd37d6e,,10,FAULT,0x2000,PUMP_CAVITATION,0,0,0,0,0,0,0.0,0.024,0.0,0.0,0.0,0.0,0.0,0.0,0.0,0.0,112.5,1013.0,20.4,9.1,0.0,0.0,0.0,,0.0,0,0,0,0,0,4.2,0.0,0.0,4495.53,4495.53,0.0,0.0
2026-06-05T07:43:10.434+00:00,97318,7bf0e23b-e546-4171-8243-7b016fd37d6e,,10,FAULT,0x2000,PUMP_CAVITATION,0,0,0,0,0,0,0.0,0.0,0.0,0.0,0.0,0.0,0.0,0.0,0.0,1.63,108.71,1013.0,20.4,9.0,0.0,0.0,0.0,,0.0,0,0,0,0,0,4.2,0.0,0.0,4495.53,4495.53,0.0,9.31
2026-06-05T07:43:10.611+00:00,97495,7bf0e23b-e546-4171-8243-7b016fd37d6e,,10,FAULT,0x2000,PUMP_CAVITATION,0,0,0,0,0,0,0.0,0.513,0.0,0.0,0.0,0.0,0.0,0.0,0.0,0.0,112.5,1013.0,20.4,9.0,0.0,0.0,0.0,,0.0,0,0,0,0,0,4.2,0.0,0.0,4495.53,4495.53,0.0,-9.21
2026-06-05T07:43:10.787+00:00,97670,7bf0e23b-e546-4171-8243-7b016fd37d6e,,10,FAULT,0x2000,PUMP_CAVITATION,0,0,0,0,0,0,0.0,1.001,0.0,0.0,0.0,0.0,0.0,0.0,0.0,-1.29,112.5,1013.1,20.4,9.1,0.0,0.0,0.0,,0.0,0,0,0,0,0,4.2,0.0,0.0,4495.53,4495.53,0.0,-7.37
2026-06-05T07:43:10.960+00:00,97845,7bf0e23b-e546-4171-8243-7b016fd37d6e,,10,FAULT,0x2000,PUMP_CAVITATION,0,0,0,0,0,0,0.0,1.099,0.0,0.0,0.0,0.0,0.0,0.0,0.0,0.0,112.5,1013.0,20.4,9.1,0.0,0.0,0.0,,0.0,0,0,0,0,0,4.2,0.0,0.0,4495.53,4495.53,0.0,7.37
2026-06-05T07:43:11.136+00:00,98020,7bf0e23b-e546-4171-8243-7b016fd37d6e,,10,FAULT,0x2000,PUMP_CAVITATION,0,0,0,0,0,0,0.0,0.562,0.0,0.0,0.0,0.0,0.0,0.0,0.0,0.65,112.5,1013.0,20.4,9.0,0.0,0.0,0.0,,0.0,0,0,0,0,0,4.2,0.0,0.0,4495.53,4495.53,0.0,3.71
2026-06-05T07:43:11.312+00:00,98195,7bf0e23b-e546-4171-8243-7b016fd37d6e,,10,FAULT,0x2000,PUMP_CAVITATION,0,0,0,0,0,0,0.0,0.366,0.0,0.0,0.0,0.0,0.0,0.0,0.0,0.0,112.13,1013.0,20.4,9.0,0.0,0.0,0.0,,0.0,0,0,0,0,0,4.2,0.0,0.0,4495.53,4495.53,0.0,-3.71
2026-06-05T07:43:11.488+00:00,98370,7bf0e23b-e546-4171-8243-7b016fd37d6e,,10,FAULT,0x2000,PUMP_CAVITATION,0,0,0,0,0,0,0.0,0.317,0.0,0.0,0.0,0.0,0.0,0.0,0.0,-0.56,112.5,1013.1,20.4,9.1,0.0,0.0,0.0,,0.0,0,0,0,0,0,4.2,0.0,0.0,4495.53,4495.53,0.0,-3.2
2026-06-05T07:43:11.663+00:00,98546,7bf0e23b-e546-4171-8243-7b016fd37d6e,,10,FAULT,0x2000,PUMP_CAVITATION,0,0,0,0,0,0,0.0,0.464,0.0,0.0,0.0,0.0,0.0,0.0,0.0,0.0,111.27,1013.0,20.4,9.0,0.0,0.0,0.0,,0.0,0,0,0,0,0,4.2,0.0,0.0,4495.53,4495.53,0.0,3.18
2026-06-05T07:43:11.839+00:00,98721,7bf0e23b-e546-4171-8243-7b016fd37d6e,,10,FAULT,0x2000,PUMP_CAVITATION,0,0,0,0,0,0,0.0,0.513,0.0,0.0,0.0,0.0,0.0,0.0,0.0,-0.8,112.5,1013.0,20.4,9.0,0.0,0.0,0.0,,0.0,0,0,0,0,0,4.2,0.0,0.0,4495.53,4495.53,0.0,-4.57
2026-06-05T07:43:12.013+00:00,98896,7bf0e23b-e546-4171-8243-7b016fd37d6e,,10,FAULT,0x2000,PUMP_CAVITATION,0,0,0,0,0,0,0.0,1.197,0.0,0.0,0.0,0.0,0.0,0.0,0.0,0.9,105.9,1013.0,20.4,9.0,0.0,0.0,0.0,,0.0,0,0,0,0,0,4.2,0.0,0.0,4495.53,4495.53,0.0,9.71
2026-06-05T07:43:12.188+00:00,99072,7bf0e23b-e546-4171-8243-7b016fd37d6e,,10,FAULT,0x2000,PUMP_CAVITATION,0,0,0,0,0,0,0.0,0.0,0.0,0.0,0.0,0.0,0.0,0.0,0.0,0.41,112.13,1013.1,20.4,9.1,0.0,0.0,0.0,,0.0,0,0,0,0,0,4.2,0.0,0.0,4495.53,4495.53,0.0,-2.78
2026-06-05T07:43:12.364+00:00,99247,7bf0e23b-e546-4171-8243-7b016fd37d6e,,10,FAULT,0x2000,PUMP_CAVITATION,0,0,0,0,0,0,0.0,0.953,0.0,0.0,0.0,0.0,0.0,0.0,0.0,0.0,112.5,1013.0,20.4,9.0,0.0,0.0,0.0,,0.0,0,0,0,0,0,4.2,0.0,0.0,4495.53,4495.53,0.0,-2.34
2026-06-05T07:43:12.540+00:00,99422,7bf0e23b-e546-4171-8243-7b016fd37d6e,,10,FAULT,0x2000,PUMP_CAVITATION,0,0,0,0,0,0,0.0,0.904,0.0,0.0,0.0,0.0,0.0,0.0,0.0,1.14,112.5,1013.0,20.4,9.0,0.0,0.0,0.0,,0.0,0,0,0,0,0,4.2,0.0,0.0,4495.53,4495.53,0.0,6.51
2026-06-05T07:43:12.716+00:00,99597,7bf0e23b-e546-4171-8243-7b016fd37d6e,,10,FAULT,0x2000,PUMP_CAVITATION,0,0,0,0,0,0,0.0,0.366,0.0,0.0,0.0,0.0,0.0,0.0,0.0,1.63,105.65,1013.0,20.4,9.1,0.0,0.0,0.0,,0.0,0,0,0,0,0,4.2,0.0,0.0,4495.53,4495.53,0.0,2.8
2026-06-05T07:43:12.889+00:00,99772,7bf0e23b-e546-4171-8243-7b016fd37d6e,,10,FAULT,0x2000,PUMP_CAVITATION,0,0,0,0,0,0,0.0,0.0,0.0,0.0,0.0,0.0,0.0,0.0,0.0,1.39,112.5,1013.0,20.4,9.1,0.0,0.0,0.0,,0.0,0,0,0,0,0,4.2,0.0,0.0,4495.53,4495.53,0.0,-1.37
2026-06-05T07:43:13.065+00:00,99947,7bf0e23b-e546-4171-8243-7b016fd37d6e,,10,FAULT,0x2000,PUMP_CAVITATION,0,0,0,0,0,0,0.0,0.0,0.0,0.0,0.0,0.0,0.0,0.0,0.0,0.65,106.39,1013.0,20.4,9.0,0.0,0.0,0.0,,0.0,0,0,0,0,0,4.2,0.0,0.0,4495.53,4495.53,0.0,-4.23
2026-06-05T07:43:13.242+00:00,100122,7bf0e23b-e546-4171-8243-7b016fd37d6e,,10,FAULT,0x2000,PUMP_CAVITATION,0,0,0,0,0,0,0.0,0.904,0.0,0.0,0.0,0.0,0.0,0.0,0.0,-0.56,112.5,1013.0,20.4,9.1,0.0,0.0,0.0,,0.0,0,0,0,0,0,4.2,0.0,0.0,4495.53,4495.53,0.0,-6.91
2026-06-05T07:43:13.417+00:00,100298,7bf0e23b-e546-4171-8243-7b016fd37d6e,,10,FAULT,0x2000,PUMP_CAVITATION,0,0,0,0,0,0,0.0,0.0,0.0,0.0,0.0,0.0,0.0,0.0,0.0,0.65,107.49,1013.0,20.4,9.0,0.0,0.0,0.0,,0.0,0,0,0,0,0,4.2,0.0,0.0,4495.53,4495.53,0.0,6.88
2026-06-05T07:43:13.592+00:00,100473,7bf0e23b-e546-4171-8243-7b016fd37d6e,,10,FAULT,0x2000,PUMP_CAVITATION,0,0,0,0,0,0,0.0,0.513,0.0,0.0,0.0,0.0,0.0,0.0,0.0,0.0,112.5,1013.0,20.4,9.1,0.0,0.0,0.0,,0.0,0,0,0,0,0,4.2,0.0,0.0,4495.53,4495.53,0.0,-3.71
2026-06-05T07:43:13.768+00:00,100648,7bf0e23b-e546-4171-8243-7b016fd37d6e,,10,FAULT,0x2000,PUMP_CAVITATION,0,0,0,0,0,0,0.0,0.0,0.0,0.0,0.0,0.0,0.0,0.0,0.0,1.63,108.34,1013.0,20.4,9.1,0.0,0.0,0.0,,0.0,0,0,0,0,0,4.2,0.0,0.0,4495.53,4495.53,0.0,9.31
2026-06-05T07:43:13.942+00:00,100824,7bf0e23b-e546-4171-8243-7b016fd37d6e,,10,FAULT,0x2000,PUMP_CAVITATION,0,0,0,0,0,0,0.0,0.0,0.0,0.0,0.0,0.0,0.0,0.0,0.0,-0.31,111.4,1013.0,20.4,9.1,0.0,0.0,0.0,,0.0,0,0,0,0,0,4.2,0.0,0.0,4495.53,4495.53,0.0,-11.02
2026-06-05T07:43:14.118+00:00,100999,7bf0e23b-e546-4171-8243-7b016fd37d6e,,10,FAULT,0x2000,PUMP_CAVITATION,0,0,0,0,0,0,0.0,0.122,0.0,0.0,0.0,0.0,0.0,0.0,0.0,-0.31,110.78,1013.0,20.4,9.1,0.0,0.0,0.0,,0.0,0,0,0,0,0,4.2,0.0,0.0,4495.53,4495.53,0.0,0.0
2026-06-05T07:43:14.294+00:00,101174,7bf0e23b-e546-4171-8243-7b016fd37d6e,,10,FAULT,0x2000,PUMP_CAVITATION,0,0,0,0,0,0,0.0,0.366,0.0,0.0,0.0,0.0,0.0,0.0,0.0,-1.05,112.37,1013.0,20.4,9.0,0.0,0.0,0.0,,0.0,0,0,0,0,0,4.2,0.0,0.0,4495.53,4495.53,0.0,-4.23
2026-06-05T07:43:14.470+00:00,101350,7bf0e23b-e546-4171-8243-7b016fd37d6e,,10,FAULT,0x2000,PUMP_CAVITATION,0,0,0,0,0,0,0.0,1.05,0.0,0.0,0.0,0.0,0.0,0.0,0.0,-0.31,112.5,1013.0,20.4,9.1,0.0,0.0,0.0,,0.0,0,0,0,0,0,4.2,0.0,0.0,4495.53,4495.53,0.0,4.2
2026-06-05T07:43:14.645+00:00,101526,7bf0e23b-e546-4171-8243-7b016fd37d6e,,10,FAULT,0x2000,PUMP_CAVITATION,0,0,0,0,0,0,0.0,0.0,0.0,0.0,0.0,0.0,0.0,0.0,0.0,0.0,109.2,1013.0,20.4,9.1,0.0,0.0,0.0,,0.0,0,0,0,0,0,4.2,0.0,0.0,4495.53,4495.53,0.0,1.76
2026-06-05T07:43:14.821+00:00,101700,7bf0e23b-e546-4171-8243-7b016fd37d6e,,10,FAULT,0x2000,PUMP_CAVITATION,0,0,0,0,0,0,0.0,0.0,0.0,0.0,0.0,0.0,0.0,0.0,0.0,-1.29,112.5,1013.0,20.4,9.0,0.0,0.0,0.0,,0.0,0,0,0,0,0,4.2,0.0,0.0,4495.53,4495.53,0.0,-7.41
2026-06-05T07:43:14.997+00:00,101876,7bf0e23b-e546-4171-8243-7b016fd37d6e,,10,FAULT,0x2000,PUMP_CAVITATION,0,0,0,0,0,0,0.0,0.366,0.0,0.0,0.0,0.0,0.0,0.0,0.0,-1.05,110.54,1013.1,20.4,9.1,0.0,0.0,0.0,,0.0,0,0,0,0,0,4.2,0.0,0.0,4495.53,4495.53,0.0,1.36
2026-06-05T07:43:15.171+00:00,102051,7bf0e23b-e546-4171-8243-7b016fd37d6e,,10,FAULT,0x2000,PUMP_CAVITATION,0,0,0,0,0,0,0.0,0.659,0.0,0.0,0.0,0.0,0.0,0.0,0.0,-0.8,112.5,1013.0,20.4,9.1,0.0,0.0,0.0,,0.0,0,0,0,0,0,4.2,0.0,0.0,4495.53,4495.53,0.0,1.43
2026-06-05T07:43:15.347+00:00,102226,7bf0e23b-e546-4171-8243-7b016fd37d6e,,10,FAULT,0x2000,PUMP_CAVITATION,0,0,0,0,0,0,0.0,1.197,0.0,0.0,0.0,0.0,0.0,0.0,0.0,0.0,106.39,1013.0,20.4,9.0,0.0,0.0,0.0,,0.0,0,0,0,0,0,4.2,0.0,0.0,4495.53,4495.53,0.0,4.57
2026-06-05T07:43:15.522+00:00,102403,7bf0e23b-e546-4171-8243-7b016fd37d6e,,10,FAULT,0x2000,PUMP_CAVITATION,0,0,0,0,0,0,0.0,0.0,0.0,0.0,0.0,0.0,0.0,0.0,0.0,2.12,112.5,1013.0,20.4,9.0,0.0,0.0,0.0,,0.0,0,0,0,0,0,4.2,0.0,0.0,4495.53,4495.53,0.0,11.98
2026-06-05T07:43:15.699+00:00,102578,7bf0e23b-e546-4171-8243-7b016fd37d6e,,10,FAULT,0x2000,PUMP_CAVITATION,0,0,0,0,0,0,0.0,0.024,0.0,0.0,0.0,0.0,0.0,0.0,0.0,-1.78,108.58,1013.0,20.4,9.0,0.0,0.0,0.0,,0.0,0,0,0,0,0,4.2,0.0,0.0,4495.53,4495.53,0.0,-22.29
2026-06-05T07:43:15.874+00:00,102753,7bf0e23b-e546-4171-8243-7b016fd37d6e,,10,FAULT,0x2000,PUMP_CAVITATION,0,0,0,0,0,0,0.0,0.0,0.0,0.0,0.0,0.0,0.0,0.0,0.0,-0.31,112.5,1013.0,20.4,9.1,0.0,0.0,0.0,,0.0,0,0,0,0,0,4.2,0.0,0.0,4495.53,4495.53,0.0,8.4
2026-06-05T07:43:16.050+00:00,102928,7bf0e23b-e546-4171-8243-7b016fd37d6e,,10,FAULT,0x2000,PUMP_CAVITATION,0,0,0,0,0,0,0.0,0.268,0.0,0.0,0.0,0.0,0.0,0.0,0.0,-1.53,109.56,1013.0,20.4,9.0,0.0,0.0,0.0,,0.0,0,0,0,0,0,4.2,0.0,0.0,4495.53,4495.53,0.0,-6.97
2026-06-05T07:43:16.226+00:00,103104,7bf0e23b-e546-4171-8243-7b016fd37d6e,,10,FAULT,0x2000,PUMP_CAVITATION,0,0,0,0,0,0,0.0,0.708,0.0,0.0,0.0,0.0,0.0,0.0,0.0,0.65,112.5,1013.0,20.4,9.1,0.0,0.0,0.0,,0.0,0,0,0,0,0,4.2,0.0,0.0,4495.53,4495.53,0.0,12.39
2026-06-05T07:43:16.399+00:00,103279,7bf0e23b-e546-4171-8243-7b016fd37d6e,,10,FAULT,0x2000,PUMP_CAVITATION,0,0,0,0,0,0,0.0,0.855,0.0,0.0,0.0,0.0,0.0,0.0,0.0,0.0,112.5,1013.0,20.4,9.0,0.0,0.0,0.0,,0.0,0,0,0,0,0,4.2,0.0,0.0,4495.53,4495.53,0.0,-3.71
2026-06-05T07:43:16.575+00:00,103454,7bf0e23b-e546-4171-8243-7b016fd37d6e,,10,FAULT,0x2000,PUMP_CAVITATION,0,0,0,0,0,0,0.0,0.122,0.0,0.0,0.0,0.0,0.0,0.0,0.0,-0.31,111.76,1013.0,20.4,9.0,0.0,0.0,0.0,,0.0,0,0,0,0,0,4.2,0.0,0.0,4495.53,4495.53,0.0,-1.77
2026-06-05T07:43:16.751+00:00,103629,7bf0e23b-e546-4171-8243-7b016fd37d6e,,10,FAULT,0x2000,PUMP_CAVITATION,0,0,0,0,0,0,0.0,0.855,0.0,0.0,0.0,0.0,0.0,0.0,0.0,0.0,112.5,1013.1,20.4,9.1,0.0,0.0,0.0,,0.0,0,0,0,0,0,4.2,0.0,0.0,4495.53,4495.53,0.0,1.77
2026-06-05T07:43:16.928+00:00,103805,7bf0e23b-e546-4171-8243-7b016fd37d6e,,10,FAULT,0x2000,PUMP_CAVITATION,0,0,0,0,0,0,0.0,0.122,0.0,0.0,0.0,0.0,0.0,0.0,0.0,-1.53,111.03,1013.0,20.4,9.1,0.0,0.0,0.0,,0.0,0,0,0,0,0,4.2,0.0,0.0,4495.53,4495.53,0.0,-8.69
2026-06-05T07:43:17.103+00:00,103981,7bf0e23b-e546-4171-8243-7b016fd37d6e,,10,FAULT,0x2000,PUMP_CAVITATION,0,0,0,0,0,0,0.0,0.562,0.0,0.0,0.0,0.0,0.0,0.0,0.0,0.0,112.5,1013.0,20.4,9.1,0.0,0.0,0.0,,0.0,0,0,0,0,0,4.2,0.0,0.0,4495.53,4495.53,0.0,8.69
2026-06-05T07:43:17.278+00:00,104156,7bf0e23b-e546-4171-8243-7b016fd37d6e,,10,FAULT,0x2000,PUMP_CAVITATION,0,0,0,0,0,0,0.0,1.05,0.0,0.0,0.0,0.0,0.0,0.0,0.0,0.0,112.5,1013.0,20.4,9.0,0.0,0.0,0.0,,0.0,0,0,0,0,0,4.2,0.0,0.0,4495.53,4495.53,0.0,0.0
2026-06-05T07:43:17.453+00:00,104331,7bf0e23b-e546-4171-8243-7b016fd37d6e,,10,FAULT,0x2000,PUMP_CAVITATION,0,0,0,0,0,0,0.0,0.0,0.0,0.0,0.0,0.0,0.0,0.0,0.0,0.9,111.76,1013.0,20.4,9.1,0.0,0.0,0.0,,0.0,0,0,0,0,0,4.2,0.0,0.0,4495.53,4495.53,0.0,5.14
2026-06-05T07:43:17.628+00:00,104507,7bf0e23b-e546-4171-8243-7b016fd37d6e,,10,FAULT,0x2000,PUMP_CAVITATION,0,0,0,0,0,0,0.0,0.317,0.0,0.0,0.0,0.0,0.0,0.0,0.0,-0.56,108.83,1013.0,20.4,9.0,0.0,0.0,0.0,,0.0,0,0,0,0,0,4.2,0.0,0.0,4495.53,4495.53,0.0,-8.3
2026-06-05T07:43:17.804+00:00,104682,7bf0e23b-e546-4171-8243-7b016fd37d6e,,10,FAULT,0x2000,PUMP_CAVITATION,0,0,0,0,0,0,0.0,0.366,0.0,0.0,0.0,0.0,0.0,0.0,0.0,-1.29,112.5,1013.1,20.4,9.1,0.0,0.0,0.0,,0.0,0,0,0,0,0,4.2,0.0,0.0,4495.53,4495.53,0.0,-4.17
2026-06-05T07:43:17.980+00:00,104857,7bf0e23b-e546-4171-8243-7b016fd37d6e,,10,FAULT,0x2000,PUMP_CAVITATION,0,0,0,0,0,0,0.0,0.659,0.0,0.0,0.0,0.0,0.0,0.0,0.0,-0.8,111.64,1013.0,20.4,9.0,0.0,0.0,0.0,,0.0,0,0,0,0,0,4.2,0.0,0.0,4495.53,4495.53,0.0,2.8
2026-06-05T07:43:18.156+00:00,105032,7bf0e23b-e546-4171-8243-7b016fd37d6e,,10,FAULT,0x2000,PUMP_CAVITATION,0,0,0,0,0,0,0.0,0.073,0.0,0.0,0.0,0.0,0.0,0.0,0.0,0.0,112.5,1013.0,20.4,9.1,0.0,0.0,0.0,,0.0,0,0,0,0,0,4.2,0.0,0.0,4495.53,4495.53,0.0,4.57
2026-06-05T07:43:18.331+00:00,105207,7bf0e23b-e546-4171-8243-7b016fd37d6e,,10,FAULT,0x2000,PUMP_CAVITATION,0,0,0,0,0,0,0.0,0.0,0.0,0.0,0.0,0.0,0.0,0.0,0.0,0.0,108.34,1013.0,20.4,9.1,0.0,0.0,0.0,,0.0,0,0,0,0,0,4.2,0.0,0.0,4495.53,4495.53,0.0,0.0
2026-06-05T07:43:18.507+00:00,105382,7bf0e23b-e546-4171-8243-7b016fd37d6e,,10,FAULT,0x2000,PUMP_CAVITATION,0,0,0,0,0,0,0.0,0.366,0.0,0.0,0.0,0.0,0.0,0.0,0.0,-0.56,112.5,1013.0,20.4,9.1,0.0,0.0,0.0,,0.0,0,0,0,0,0,4.2,0.0,0.0,4495.53,4495.53,0.0,-3.2
2026-06-05T07:43:18.681+00:00,105559,7bf0e23b-e546-4171-8243-7b016fd37d6e,,10,FAULT,0x2000,PUMP_CAVITATION,0,0,0,0,0,0,0.0,0.0,0.0,0.0,0.0,0.0,0.0,0.0,0.0,-1.78,107.24,1013.0,20.4,9.1,0.0,0.0,0.0,,0.0,0,0,0,0,0,4.2,0.0,0.0,4495.53,4495.53,0.0,-6.89
2026-06-05T07:43:18.856+00:00,105734,7bf0e23b-e546-4171-8243-7b016fd37d6e,,10,FAULT,0x2000,PUMP_CAVITATION,0,0,0,0,0,0,0.0,0.513,0.0,0.0,0.0,0.0,0.0,0.0,0.0,-0.56,112.5,1013.1,20.4,9.1,0.0,0.0,0.0,,0.0,0,0,0,0,0,4.2,0.0,0.0,4495.53,4495.53,0.0,6.97
2026-06-05T07:43:19.032+00:00,105909,7bf0e23b-e546-4171-8243-7b016fd37d6e,,10,FAULT,0x2000,PUMP_CAVITATION,0,0,0,0,0,0,0.0,0.708,0.0,0.0,0.0,0.0,0.0,0.0,0.0,-0.31,112.01,1013.0,20.4,9.1,0.0,0.0,0.0,,0.0,0,0,0,0,0,4.2,0.0,0.0,4495.53,4495.53,0.0,1.43
2026-06-05T07:43:19.208+00:00,106085,7bf0e23b-e546-4171-8243-7b016fd37d6e,,10,FAULT,0x2000,PUMP_CAVITATION,0,0,0,0,0,0,0.0,0.171,0.0,0.0,0.0,0.0,0.0,0.0,0.0,0.41,112.5,1013.0,20.4,9.1,0.0,0.0,0.0,,0.0,0,0,0,0,0,4.2,0.0,0.0,4495.53,4495.53,0.0,4.09
2026-06-05T07:43:19.384+00:00,106260,7bf0e23b-e546-4171-8243-7b016fd37d6e,,10,FAULT,0x2000,PUMP_CAVITATION,0,0,0,0,0,0,0.0,0.953,0.0,0.0,0.0,0.0,0.0,0.0,0.0,0.41,108.83,1013.0,20.4,9.0,0.0,0.0,0.0,,0.0,0,0,0,0,0,4.2,0.0,0.0,4495.53,4495.53,0.0,0.0
2026-06-05T07:43:19.560+00:00,106435,7bf0e23b-e546-4171-8243-7b016fd37d6e,,10,FAULT,0x2000,PUMP_CAVITATION,0,0,0,0,0,0,0.0,0.024,0.0,0.0,0.0,0.0,0.0,0.0,0.0,0.0,112.25,1013.0,20.4,9.1,0.0,0.0,0.0,,0.0,0,0,0,0,0,4.2,0.0,0.0,4495.53,4495.53,0.0,-2.34
2026-06-05T07:43:19.733+00:00,106610,7bf0e23b-e546-4171-8243-7b016fd37d6e,,10,FAULT,0x2000,PUMP_CAVITATION,0,0,0,0,0,0,0.0,0.904,0.0,0.0,0.0,0.0,0.0,0.0,0.0,0.65,109.44,1013.0,20.4,9.1,0.0,0.0,0.0,,0.0,0,0,0,0,0,4.2,0.0,0.0,4495.53,4495.53,0.0,3.71
2026-06-05T07:43:19.910+00:00,106786,7bf0e23b-e546-4171-8243-7b016fd37d6e,,10,FAULT,0x2000,PUMP_CAVITATION,0,0,0,0,0,0,0.0,0.171,0.0,0.0,0.0,0.0,0.0,0.0,0.0,0.9,111.15,1013.0,20.4,9.0,0.0,0.0,0.0,,0.0,0,0,0,0,0,4.2,0.0,0.0,4495.53,4495.53,0.0,1.42
2026-06-05T07:43:20.085+00:00,106961,7bf0e23b-e546-4171-8243-7b016fd37d6e,,10,FAULT,0x2000,PUMP_CAVITATION,0,0,0,0,0,0,0.0,1.001,0.0,0.0,0.0,0.0,0.0,0.0,0.0,-0.31,112.5,1013.0,20.4,9.1,0.0,0.0,0.0,,0.0,0,0,0,0,0,4.2,0.0,0.0,4495.53,4495.53,0.0,-6.91
2026-06-05T07:43:20.261+00:00,107137,7bf0e23b-e546-4171-8243-7b016fd37d6e,,10,FAULT,0x2000,PUMP_CAVITATION,0,0,0,0,0,0,0.0,0.513,0.0,0.0,0.0,0.0,0.0,0.0,0.0,0.65,112.13,1013.0,20.4,9.0,0.0,0.0,0.0,,0.0,0,0,0,0,0,4.2,0.0,0.0,4495.53,4495.53,0.0,5.45
2026-06-05T07:43:20.437+00:00,107312,7bf0e23b-e546-4171-8243-7b016fd37d6e,,10,FAULT,0x2000,PUMP_CAVITATION,0,0,0,0,0,0,0.0,0.171,0.0,0.0,0.0,0.0,0.0,0.0,0.0,0.41,112.5,1013.0,20.4,9.0,0.0,0.0,0.0,,0.0,0,0,0,0,0,4.2,0.0,0.0,4495.53,4495.53,0.0,-1.37
2026-06-05T07:43:20.613+00:00,107488,7bf0e23b-e546-4171-8243-7b016fd37d6e,,10,FAULT,0x2000,PUMP_CAVITATION,0,0,0,0,0,0,0.0,0.0,0.0,0.0,0.0,0.0,0.0,0.0,0.0,1.88,107.36,1013.0,20.4,9.0,0.0,0.0,0.0,,0.0,0,0,0,0,0,4.2,0.0,0.0,4495.53,4495.53,0.0,8.35
2026-06-05T07:43:20.788+00:00,107663,7bf0e23b-e546-4171-8243-7b016fd37d6e,,10,FAULT,0x2000,PUMP_CAVITATION,0,0,0,0,0,0,0.0,0.904,0.0,0.0,0.0,0.0,0.0,0.0,0.0,-0.31,112.5,1013.0,20.4,9.1,0.0,0.0,0.0,,0.0,0,0,0,0,0,4.2,0.0,0.0,4495.53,4495.53,0.0,-12.51
2026-06-05T07:43:20.962+00:00,107838,7bf0e23b-e546-4171-8243-7b016fd37d6e,,10,FAULT,0x2000,PUMP_CAVITATION,0,0,0,0,0,0,0.0,0.855,0.0,0.0,0.0,0.0,0.0,0.0,0.0,0.0,112.13,1013.0,20.4,9.0,0.0,0.0,0.0,,0.0,0,0,0,0,0,4.2,0.0,0.0,4495.53,4495.53,0.0,1.77
2026-06-05T07:43:21.138+00:00,108013,7bf0e23b-e546-4171-8243-7b016fd37d6e,,10,FAULT,0x2000,PUMP_CAVITATION,0,0,0,0,0,0,0.0,0.366,0.0,0.0,0.0,0.0,0.0,0.0,0.0,0.0,112.5,1013.0,20.4,9.0,0.0,0.0,0.0,,0.0,0,0,0,0,0,4.2,0.0,0.0,4495.53,4495.53,0.0,0.0
2026-06-05T07:43:21.314+00:00,108188,7bf0e23b-e546-4171-8243-7b016fd37d6e,,10,FAULT,0x2000,PUMP_CAVITATION,0,0,0,0,0,0,0.0,0.0,0.0,0.0,0.0,0.0,0.0,0.0,0.0,0.41,106.87,1013.0,20.4,9.1,0.0,0.0,0.0,,0.0,0,0,0,0,0,4.2,0.0,0.0,4495.53,4495.53,0.0,2.34
2026-06-05T07:43:21.489+00:00,108363,7bf0e23b-e546-4171-8243-7b016fd37d6e,,10,FAULT,0x2000,PUMP_CAVITATION,0,0,0,0,0,0,0.0,0.953,0.0,0.0,0.0,0.0,0.0,0.0,0.0,-0.31,112.5,1013.0,20.4,9.1,0.0,0.0,0.0,,0.0,0,0,0,0,0,4.2,0.0,0.0,4495.53,4495.53,0.0,-4.11
2026-06-05T07:43:21.665+00:00,108539,7bf0e23b-e546-4171-8243-7b016fd37d6e,,10,FAULT,0x2000,PUMP_CAVITATION,0,0,0,0,0,0,0.0,1.099,0.0,0.0,0.0,0.0,0.0,0.0,0.0,-0.56,111.76,1013.0,20.4,9.1,0.0,0.0,0.0,,0.0,0,0,0,0,0,4.2,0.0,0.0,4495.53,4495.53,0.0,-1.42
2026-06-05T07:43:21.842+00:00,108715,7bf0e23b-e546-4171-8243-7b016fd37d6e,,10,FAULT,0x2000,PUMP_CAVITATION,0,0,0,0,0,0,0.0,1.001,0.0,0.0,0.0,0.0,0.0,0.0,0.0,-0.8,112.5,1013.0,20.4,9.1,0.0,0.0,0.0,,0.0,0,0,0,0,0,4.2,0.0,0.0,4495.53,4495.53,0.0,-1.36
2026-06-05T07:43:22.017+00:00,108891,7bf0e23b-e546-4171-8243-7b016fd37d6e,,10,FAULT,0x2000,PUMP_CAVITATION,0,0,0,0,0,0,0.0,0.317,0.0,0.0,0.0,0.0,0.0,0.0,0.0,0.0,111.76,1013.0,20.4,9.1,0.0,0.0,0.0,,0.0,0,0,0,0,0,4.2,0.0,0.0,4495.53,4495.53,0.0,4.55
2026-06-05T07:43:22.191+00:00,109066,7bf0e23b-e546-4171-8243-7b016fd37d6e,,10,FAULT,0x2000,PUMP_CAVITATION,0,0,0,0,0,0,0.0,0.0,0.0,0.0,0.0,0.0,0.0,0.0,0.0,-1.05,111.88,1013.0,20.4,9.1,0.0,0.0,0.0,,0.0,0,0,0,0,0,4.2,0.0,0.0,4495.53,4495.53,0.0,-6.0
2026-06-05T07:43:22.367+00:00,109241,7bf0e23b-e546-4171-8243-7b016fd37d6e,,10,FAULT,0x2000,PUMP_CAVITATION,0,0,0,0,0,0,0.0,0.806,0.0,0.0,0.0,0.0,0.0,0.0,0.0,0.0,112.5,1013.0,20.4,9.0,0.0,0.0,0.0,,0.0,0,0,0,0,0,4.2,0.0,0.0,4495.53,4495.53,0.0,6.0
2026-06-05T07:43:22.542+00:00,109416,7bf0e23b-e546-4171-8243-7b016fd37d6e,,10,FAULT,0x2000,PUMP_CAVITATION,0,0,0,0,0,0,0.0,0.024,0.0,0.0,0.0,0.0,0.0,0.0,0.0,0.0,111.4,1013.0,20.4,9.1,0.0,0.0,0.0,,0.0,0,0,0,0,0,4.2,0.0,0.0,4495.53,4495.53,0.0,0.0
2026-06-05T07:43:22.718+00:00,109591,7bf0e23b-e546-4171-8243-7b016fd37d6e,,10,FAULT,0x2000,PUMP_CAVITATION,0,0,0,0,0,0,0.0,0.073,0.0,0.0,0.0,0.0,0.0,0.0,0.0,-1.53,111.76,1013.1,20.4,9.1,0.0,0.0,0.0,,0.0,0,0,0,0,0,4.2,0.0,0.0,4495.53,4495.53,0.0,-8.74
2026-06-05T07:43:22.894+00:00,109766,7bf0e23b-e546-4171-8243-7b016fd37d6e,,10,FAULT,0x2000,PUMP_CAVITATION,0,0,0,0,0,0,0.0,0.0,0.0,0.0,0.0,0.0,0.0,0.0,0.0,0.9,108.1,1013.0,20.4,9.1,0.0,0.0,0.0,,0.0,0,0,0,0,0,4.2,0.0,0.0,4495.53,4495.53,0.0,13.89
2026-06-05T07:43:23.070+00:00,109941,7bf0e23b-e546-4171-8243-7b016fd37d6e,,10,FAULT,0x2000,PUMP_CAVITATION,0,0,0,0,0,0,0.0,0.562,0.0,0.0,0.0,0.0,0.0,0.0,0.0,-0.31,112.5,1013.0,20.4,9.1,0.0,0.0,0.0,,0.0,0,0,0,0,0,4.2,0.0,0.0,4495.53,4495.53,0.0,-6.91
2026-06-05T07:43:23.244+00:00,110117,7bf0e23b-e546-4171-8243-7b016fd37d6e,,10,FAULT,0x2000,PUMP_CAVITATION,0,0,0,0,0,0,0.0,0.562,0.0,0.0,0.0,0.0,0.0,0.0,0.0,-0.56,111.27,1013.0,20.4,9.0,0.0,0.0,0.0,,0.0,0,0,0,0,0,4.2,0.0,0.0,4495.53,4495.53,0.0,-1.42
2026-06-05T07:43:23.419+00:00,110292,7bf0e23b-e546-4171-8243-7b016fd37d6e,,10,FAULT,0x2000,PUMP_CAVITATION,0,0,0,0,0,0,0.0,0.0,0.0,0.0,0.0,0.0,0.0,0.0,0.0,-0.56,112.5,1013.0,20.4,9.0,0.0,0.0,0.0,,0.0,0,0,0,0,0,4.2,0.0,0.0,4495.53,4495.53,0.0,0.0
2026-06-05T07:43:23.595+00:00,110468,7bf0e23b-e546-4171-8243-7b016fd37d6e,,10,FAULT,0x2000,PUMP_CAVITATION,0,0,0,0,0,0,0.0,0.024,0.0,0.0,0.0,0.0,0.0,0.0,0.0,0.0,107.85,1013.0,20.4,9.0,0.0,0.0,0.0,,0.0,0,0,0,0,0,4.2,0.0,0.0,4495.53,4495.53,0.0,3.18
2026-06-05T07:43:23.771+00:00,110643,7bf0e23b-e546-4171-8243-7b016fd37d6e,,10,FAULT,0x2000,PUMP_CAVITATION,0,0,0,0,0,0,0.0,0.904,0.0,0.0,0.0,0.0,0.0,0.0,0.0,0.9,111.88,1013.0,20.4,9.1,0.0,0.0,0.0,,0.0,0,0,0,0,0,4.2,0.0,0.0,4495.53,4495.53,0.0,5.14
2026-06-05T07:43:23.947+00:00,110818,7bf0e23b-e546-4171-8243-7b016fd37d6e,,10,FAULT,0x2000,PUMP_CAVITATION,0,0,0,0,0,0,0.0,0.513,0.0,0.0,0.0,0.0,0.0,0.0,0.0,0.0,110.66,1013.0,20.4,9.0,0.0,0.0,0.0,,0.0,0,0,0,0,0,4.2,0.0,0.0,4495.53,4495.53,0.0,-5.14
2026-06-05T07:43:24.122+00:00,110994,7bf0e23b-e546-4171-8243-7b016fd37d6e,,10,FAULT,0x2000,PUMP_CAVITATION,0,0,0,0,0,0,0.0,0.562,0.0,0.0,0.0,0.0,0.0,0.0,0.0,-0.56,112.5,1013.0,20.4,9.1,0.0,0.0,0.0,,0.0,0,0,0,0,0,4.2,0.0,0.0,4495.53,4495.53,0.0,-3.18
2026-06-05T07:43:24.296+00:00,111169,7bf0e23b-e546-4171-8243-7b016fd37d6e,,10,FAULT,0x2000,PUMP_CAVITATION,0,0,0,0,0,0,0.0,0.61,0.0,0.0,0.0,0.0,0.0,0.0,0.0,-1.53,109.93,1013.0,20.4,9.0,0.0,0.0,0.0,,0.0,0,0,0,0,0,4.2,0.0,0.0,4495.53,4495.53,0.0,-5.54
2026-06-05T07:43:24.472+00:00,111344,7bf0e23b-e546-4171-8243-7b016fd37d6e,,10,FAULT,0x2000,PUMP_CAVITATION,0,0,0,0,0,0,0.0,0.0,0.0,0.0,0.0,0.0,0.0,0.0,0.0,-0.31,112.5,1013.0,20.4,9.0,0.0,0.0,0.0,,0.0,0,0,0,0,0,4.2,0.0,0.0,4495.53,4495.53,0.0,6.97
2026-06-05T07:43:24.648+00:00,111520,7bf0e23b-e546-4171-8243-7b016fd37d6e,,10,FAULT,0x2000,PUMP_CAVITATION,0,0,0,0,0,0,0.0,0.219,0.0,0.0,0.0,0.0,0.0,0.0,0.0,-1.05,109.93,1013.0,20.4,9.0,0.0,0.0,0.0,,0.0,0,0,0,0,0,4.2,0.0,0.0,4495.53,4495.53,0.0,-4.2
2026-06-05T07:43:24.825+00:00,111695,7bf0e23b-e546-4171-8243-7b016fd37d6e,,10,FAULT,0x2000,PUMP_CAVITATION,0,0,0,0,0,0,0.0,0.219,0.0,0.0,0.0,0.0,0.0,0.0,0.0,-2.02,112.5,1013.0,20.4,9.0,0.0,0.0,0.0,,0.0,0,0,0,0,0,4.2,0.0,0.0,4495.53,4495.53,0.0,-5.54
2026-06-05T07:43:24.999+00:00,111870,7bf0e23b-e546-4171-8243-7b016fd37d6e,,10,FAULT,0x2000,PUMP_CAVITATION,0,0,0,0,0,0,0.0,0.0,0.0,0.0,0.0,0.0,0.0,0.0,0.0,0.41,108.95,1013.0,20.4,9.0,0.0,0.0,0.0,,0.0,0,0,0,0,0,4.2,0.0,0.0,4495.53,4495.53,0.0,13.89
2026-06-05T07:43:25.175+00:00,112046,7bf0e23b-e546-4171-8243-7b016fd37d6e,,10,FAULT,0x2000,PUMP_CAVITATION,0,0,0,0,0,0,0.0,1.001,0.0,0.0,0.0,0.0,0.0,0.0,0.0,-0.8,112.5,1013.0,20.4,9.0,0.0,0.0,0.0,,0.0,0,0,0,0,0,4.2,0.0,0.0,4495.53,4495.53,0.0,-6.88
2026-06-05T07:43:25.351+00:00,112222,7bf0e23b-e546-4171-8243-7b016fd37d6e,,10,FAULT,0x2000,PUMP_CAVITATION,0,0,0,0,0,0,0.0,1.148,0.0,0.0,0.0,0.0,0.0,0.0,0.0,0.41,109.07,1013.0,20.4,9.0,0.0,0.0,0.0,,0.0,0,0,0,0,0,4.2,0.0,0.0,4495.53,4495.53,0.0,6.88
2026-06-05T07:43:25.525+00:00,112397,7bf0e23b-e546-4171-8243-7b016fd37d6e,,10,FAULT,0x2000,PUMP_CAVITATION,0,0,0,0,0,0,0.0,1.001,0.0,0.0,0.0,0.0,0.0,0.0,0.0,0.0,112.5,1013.0,20.4,9.1,0.0,0.0,0.0,,0.0,0,0,0,0,0,4.2,0.0,0.0,4495.53,4495.53,0.0,-2.34
2026-06-05T07:43:25.701+00:00,112572,7bf0e23b-e546-4171-8243-7b016fd37d6e,,10,FAULT,0x2000,PUMP_CAVITATION,0,0,0,0,0,0,0.0,1.001,0.0,0.0,0.0,0.0,0.0,0.0,0.0,-0.8,110.91,1013.0,20.4,9.1,0.0,0.0,0.0,,0.0,0,0,0,0,0,4.2,0.0,0.0,4495.53,4495.53,0.0,-4.57
2026-06-05T07:43:25.877+00:00,112748,7bf0e23b-e546-4171-8243-7b016fd37d6e,,10,FAULT,0x2000,PUMP_CAVITATION,0,0,0,0,0,0,0.0,0.513,0.0,0.0,0.0,0.0,0.0,0.0,0.0,-1.78,111.88,1013.0,20.4,9.0,0.0,0.0,0.0,,0.0,0,0,0,0,0,4.2,0.0,0.0,4495.53,4495.53,0.0,-5.57
2026-06-05T07:43:26.053+00:00,112923,7bf0e23b-e546-4171-8243-7b016fd37d6e,,10,FAULT,0x2000,PUMP_CAVITATION,0,0,0,0,0,0,0.0,0.806,0.0,0.0,0.0,0.0,0.0,0.0,0.0,0.65,112.5,1013.0,20.4,9.0,0.0,0.0,0.0,,0.0,0,0,0,0,0,4.2,0.0,0.0,4495.53,4495.53,0.0,13.89
2026-06-05T07:43:26.228+00:00,113098,7bf0e23b-e546-4171-8243-7b016fd37d6e,,10,FAULT,0x2000,PUMP_CAVITATION,0,0,0,0,0,0,0.0,0.171,0.0,0.0,0.0,0.0,0.0,0.0,0.0,-0.8,108.34,1013.0,20.4,9.0,0.0,0.0,0.0,,0.0,0,0,0,0,0,4.2,0.0,0.0,4495.53,4495.53,0.0,-8.29
2026-06-05T07:43:26.404+00:00,113274,7bf0e23b-e546-4171-8243-7b016fd37d6e,,10,FAULT,0x2000,PUMP_CAVITATION,0,0,0,0,0,0,0.0,0.0,0.0,0.0,0.0,0.0,0.0,0.0,0.0,0.0,112.5,1013.0,20.4,9.1,0.0,0.0,0.0,,0.0,0,0,0,0,0,4.2,0.0,0.0,4495.53,4495.53,0.0,4.55
2026-06-05T07:43:26.580+00:00,113449,7bf0e23b-e546-4171-8243-7b016fd37d6e,,10,FAULT,0x2000,PUMP_CAVITATION,0,0,0,0,0,0,0.0,0.806,0.0,0.0,0.0,0.0,0.0,0.0,0.0,1.14,105.29,1013.0,20.4,9.0,0.0,0.0,0.0,,0.0,0,0,0,0,0,4.2,0.0,0.0,4495.53,4495.53,0.0,6.51
2026-06-05T07:43:26.754+00:00,113625,7bf0e23b-e546-4171-8243-7b016fd37d6e,,10,FAULT,0x2000,PUMP_CAVITATION,0,0,0,0,0,0,0.0,0.0,0.0,0.0,0.0,0.0,0.0,0.0,0.0,1.14,112.5,1013.0,20.4,9.0,0.0,0.0,0.0,,0.0,0,0,0,0,0,4.2,0.0,0.0,4495.53,4495.53,0.0,0.0
2026-06-05T07:43:26.929+00:00,113800,7bf0e23b-e546-4171-8243-7b016fd37d6e,,10,FAULT,0x2000,PUMP_CAVITATION,0,0,0,0,0,0,0.0,0.464,0.0,0.0,0.0,0.0,0.0,0.0,0.0,0.9,111.76,1013.0,20.4,9.0,0.0,0.0,0.0,,0.0,0,0,0,0,0,4.2,0.0,0.0,4495.53,4495.53,0.0,-1.37
2026-06-05T07:43:27.105+00:00,113975,7bf0e23b-e546-4171-8243-7b016fd37d6e,,10,FAULT,0x2000,PUMP_CAVITATION,0,0,0,0,0,0,0.0,0.659,0.0,0.0,0.0,0.0,0.0,0.0,0.0,0.0,112.5,1013.0,20.4,9.0,0.0,0.0,0.0,,0.0,0,0,0,0,0,4.2,0.0,0.0,4495.53,4495.53,0.0,-5.14
2026-06-05T07:43:27.281+00:00,114151,7bf0e23b-e546-4171-8243-7b016fd37d6e,,10,FAULT,0x2000,PUMP_CAVITATION,0,0,0,0,0,0,0.0,0.757,0.0,0.0,0.0,0.0,0.0,0.0,0.0,-0.8,112.5,1013.0,20.4,9.0,0.0,0.0,0.0,,0.0,0,0,0,0,0,4.2,0.0,0.0,4495.53,4495.53,0.0,-4.55
2026-06-05T07:43:27.457+00:00,114326,7bf0e23b-e546-4171-8243-7b016fd37d6e,,10,FAULT,0x2000,PUMP_CAVITATION,0,0,0,0,0,0,0.0,0.0,0.0,0.0,0.0,0.0,0.0,0.0,0.0,2.85,111.15,1013.0,20.4,9.1,0.0,0.0,0.0,,0.0,0,0,0,0,0,4.2,0.0,0.0,4495.53,4495.53,0.0,20.86
2026-06-05T07:43:27.633+00:00,114501,7bf0e23b-e546-4171-8243-7b016fd37d6e,,10,FAULT,0x2000,PUMP_CAVITATION,0,0,0,0,0,0,0.0,0.171,0.0,0.0,0.0,0.0,0.0,0.0,0.0,0.0,111.64,1013.0,20.4,9.0,0.0,0.0,0.0,,0.0,0,0,0,0,0,4.2,0.0,0.0,4495.53,4495.53,0.0,-16.29
2026-06-05T07:43:27.806+00:00,114676,7bf0e23b-e546-4171-8243-7b016fd37d6e,,10,FAULT,0x2000,PUMP_CAVITATION,0,0,0,0,0,0,0.0,0.0,0.0,0.0,0.0,0.0,0.0,0.0,0.0,0.0,111.27,1013.0,20.4,9.0,0.0,0.0,0.0,,0.0,0,0,0,0,0,4.2,0.0,0.0,4495.53,4495.53,0.0,0.0
2026-06-05T07:43:27.983+00:00,114851,7bf0e23b-e546-4171-8243-7b016fd37d6e,,10,FAULT,0x2000,PUMP_CAVITATION,0,0,0,0,0,0,0.0,0.708,0.0,0.0,0.0,0.0,0.0,0.0,0.0,-0.31,112.5,1013.0,20.4,9.0,0.0,0.0,0.0,,0.0,0,0,0,0,0,4.2,0.0,0.0,4495.53,4495.53,0.0,-1.77
2026-06-05T07:43:28.158+00:00,115027,7bf0e23b-e546-4171-8243-7b016fd37d6e,,10,FAULT,0x2000,PUMP_CAVITATION,0,0,0,0,0,0,0.0,0.953,0.0,0.0,0.0,0.0,0.0,0.0,0.0,0.9,112.5,1013.0,20.4,9.0,0.0,0.0,0.0,,0.0,0,0,0,0,0,4.2,0.0,0.0,4495.53,4495.53,0.0,6.88
2026-06-05T07:43:28.334+00:00,115203,7bf0e23b-e546-4171-8243-7b016fd37d6e,,10,FAULT,0x2000,PUMP_CAVITATION,0,0,0,0,0,0,0.0,0.708,0.0,0.0,0.0,0.0,0.0,0.0,0.0,0.41,112.5,1013.0,20.4,9.0,0.0,0.0,0.0,,0.0,0,0,0,0,0,4.2,0.0,0.0,4495.53,4495.53,0.0,-2.78
2026-06-05T07:43:28.510+00:00,115378,7bf0e23b-e546-4171-8243-7b016fd37d6e,,10,FAULT,0x2000,PUMP_CAVITATION,0,0,0,0,0,0,0.0,0.61,0.0,0.0,0.0,0.0,0.0,0.0,0.0,-1.29,112.5,1013.0,20.4,9.0,0.0,0.0,0.0,,0.0,0,0,0,0,0,4.2,0.0,0.0,4495.53,4495.53,0.0,-9.71
2026-06-05T07:43:28.685+00:00,115554,7bf0e23b-e546-4171-8243-7b016fd37d6e,,10,FAULT,0x2000,PUMP_CAVITATION,0,0,0,0,0,0,0.0,0.024,0.0,0.0,0.0,0.0,0.0,0.0,0.0,0.41,111.64,1013.0,20.4,9.0,0.0,0.0,0.0,,0.0,0,0,0,0,0,4.2,0.0,0.0,4495.53,4495.53,0.0,9.66
2026-06-05T07:43:28.859+00:00,115729,7bf0e23b-e546-4171-8243-7b016fd37d6e,,10,FAULT,0x2000,PUMP_CAVITATION,0,0,0,0,0,0,0.0,0.0,0.0,0.0,0.0,0.0,0.0,0.0,0.0,0.0,107.97,1013.0,20.4,9.0,0.0,0.0,0.0,,0.0,0,0,0,0,0,4.2,0.0,0.0,4495.53,4495.53,0.0,-2.34
2026-06-05T07:43:29.035+00:00,115903,7bf0e23b-e546-4171-8243-7b016fd37d6e,,10,FAULT,0x2000,PUMP_CAVITATION,0,0,0,0,0,0,0.0,0.024,0.0,0.0,0.0,0.0,0.0,0.0,0.0,0.0,112.5,1013.0,20.4,9.0,0.0,0.0,0.0,,0.0,0,0,0,0,0,4.2,0.0,0.0,4495.53,4495.53,0.0,0.0
2026-06-05T07:43:29.211+00:00,116078,7bf0e23b-e546-4171-8243-7b016fd37d6e,,10,FAULT,0x2000,PUMP_CAVITATION,0,0,0,0,0,0,0.0,0.0,0.0,0.0,0.0,0.0,0.0,0.0,0.0,0.0,107.36,1013.0,20.4,9.1,0.0,0.0,0.0,,0.0,0,0,0,0,0,4.2,0.0,0.0,4495.53,4495.53,0.0,0.0
2026-06-05T07:43:29.386+00:00,116253,7bf0e23b-e546-4171-8243-7b016fd37d6e,,10,FAULT,0x2000,PUMP_CAVITATION,0,0,0,0,0,0,0.0,0.904,0.0,0.0,0.0,0.0,0.0,0.0,0.0,0.65,111.4,1013.0,20.4,9.1,0.0,0.0,0.0,,0.0,0,0,0,0,0,4.2,0.0,0.0,4495.53,4495.53,0.0,3.71
2026-06-05T07:43:29.562+00:00,116429,7bf0e23b-e546-4171-8243-7b016fd37d6e,,10,FAULT,0x2000,PUMP_CAVITATION,0,0,0,0,0,0,0.0,0.855,0.0,0.0,0.0,0.0,0.0,0.0,0.0,-1.05,109.32,1013.0,20.4,9.0,0.0,0.0,0.0,,0.0,0,0,0,0,0,4.2,0.0,0.0,4495.53,4495.53,0.0,-9.66
2026-06-05T07:43:29.738+00:00,116604,7bf0e23b-e546-4171-8243-7b016fd37d6e,,10,FAULT,0x2000,PUMP_CAVITATION,0,0,0,0,0,0,0.0,0.61,0.0,0.0,0.0,0.0,0.0,0.0,0.0,1.14,112.5,1013.0,20.4,9.0,0.0,0.0,0.0,,0.0,0,0,0,0,0,4.2,0.0,0.0,4495.53,4495.53,0.0,12.51
2026-06-05T07:43:29.914+00:00,116781,7bf0e23b-e546-4171-8243-7b016fd37d6e,,10,FAULT,0x2000,PUMP_CAVITATION,0,0,0,0,0,0,0.0,0.317,0.0,0.0,0.0,0.0,0.0,0.0,0.0,-0.56,109.2,1013.0,20.4,9.0,0.0,0.0,0.0,,0.0,0,0,0,0,0,4.2,0.0,0.0,4495.53,4495.53,0.0,-9.6
2026-06-05T07:43:30.088+00:00,116956,7bf0e23b-e546-4171-8243-7b016fd37d6e,,10,FAULT,0x2000,PUMP_CAVITATION,0,0,0,0,0,0,0.0,0.464,0.0,0.0,0.0,0.0,0.0,0.0,0.0,-1.29,112.5,1013.0,20.4,9.0,0.0,0.0,0.0,,0.0,0,0,0,0,0,4.2,0.0,0.0,4495.53,4495.53,0.0,-4.17
2026-06-05T07:43:30.263+00:00,117131,7bf0e23b-e546-4171-8243-7b016fd37d6e,,10,FAULT,0x2000,PUMP_CAVITATION,0,0,0,0,0,0,0.0,0.0,0.0,0.0,0.0,0.0,0.0,0.0,0.0,0.9,106.14,1013.0,20.4,9.0,0.0,0.0,0.0,,0.0,0,0,0,0,0,4.2,0.0,0.0,4495.53,4495.53,0.0,12.51
2026-06-05T07:43:30.439+00:00,117306,7bf0e23b-e546-4171-8243-7b016fd37d6e,,10,FAULT,0x2000,PUMP_CAVITATION,0,0,0,0,0,0,0.0,0.024,0.0,0.0,0.0,0.0,0.0,0.0,0.0,0.0,112.5,1013.0,20.4,9.0,0.0,0.0,0.0,,0.0,0,0,0,0,0,4.2,0.0,0.0,4495.53,4495.53,0.0,-5.14
2026-06-05T07:43:30.615+00:00,117481,7bf0e23b-e546-4171-8243-7b016fd37d6e,,10,FAULT,0x2000,PUMP_CAVITATION,0,0,0,0,0,0,0.0,0.0,0.0,0.0,0.0,0.0,0.0,0.0,0.0,0.0,107.12,1013.0,20.4,9.0,0.0,0.0,0.0,,0.0,0,0,0,0,0,4.2,0.0,0.0,4495.53,4495.53,0.0,0.0
2026-06-05T07:43:30.791+00:00,117656,7bf0e23b-e546-4171-8243-7b016fd37d6e,,10,FAULT,0x2000,PUMP_CAVITATION,0,0,0,0,0,0,0.0,0.464,0.0,0.0,0.0,0.0,0.0,0.0,0.0,-0.31,112.5,1013.0,20.4,9.1,0.0,0.0,0.0,,0.0,0,0,0,0,0,4.2,0.0,0.0,4495.53,4495.53,0.0,-1.77
2026-06-05T07:43:30.967+00:00,117832,7bf0e23b-e546-4171-8243-7b016fd37d6e,,10,FAULT,0x2000,PUMP_CAVITATION,0,0,0,0,0,0,0.0,0.904,0.0,0.0,0.0,0.0,0.0,0.0,0.0,-0.8,112.5,1013.0,20.4,9.1,0.0,0.0,0.0,,0.0,0,0,0,0,0,4.2,0.0,0.0,4495.53,4495.53,0.0,-2.78
2026-06-05T07:43:31.140+00:00,118007,7bf0e23b-e546-4171-8243-7b016fd37d6e,,10,FAULT,0x2000,PUMP_CAVITATION,0,0,0,0,0,0,0.0,0.0,0.0,0.0,0.0,0.0,0.0,0.0,0.0,-1.29,111.27,1013.0,20.4,9.0,0.0,0.0,0.0,,0.0,0,0,0,0,0,4.2,0.0,0.0,4495.53,4495.53,0.0,-2.8
2026-06-05T07:43:31.316+00:00,118182,7bf0e23b-e546-4171-8243-7b016fd37d6e,,10,FAULT,0x2000,PUMP_CAVITATION,0,0,0,0,0,0,0.0,0.073,0.0,0.0,0.0,0.0,0.0,0.0,0.0,-1.05,111.4,1013.0,20.4,9.0,0.0,0.0,0.0,,0.0,0,0,0,0,0,4.2,0.0,0.0,4495.53,4495.53,0.0,1.37
2026-06-05T07:43:31.492+00:00,118358,7bf0e23b-e546-4171-8243-7b016fd37d6e,,10,FAULT,0x2000,PUMP_CAVITATION,0,0,0,0,0,0,0.0,0.366,0.0,0.0,0.0,0.0,0.0,0.0,0.0,-0.8,112.5,1013.0,20.4,9.0,0.0,0.0,0.0,,0.0,0,0,0,0,0,4.2,0.0,0.0,4495.53,4495.53,0.0,1.42
2026-06-05T07:43:31.668+00:00,118534,7bf0e23b-e546-4171-8243-7b016fd37d6e,,10,FAULT,0x2000,PUMP_CAVITATION,0,0,0,0,0,0,0.0,0.0,0.0,0.0,0.0,0.0,0.0,0.0,0.0,0.0,112.37,1013.0,20.4,9.0,0.0,0.0,0.0,,0.0,0,0,0,0,0,4.2,0.0,0.0,4495.53,4495.53,0.0,4.55
2026-06-05T07:43:31.844+00:00,118709,7bf0e23b-e546-4171-8243-7b016fd37d6e,,10,FAULT,0x2000,PUMP_CAVITATION,0,0,0,0,0,0,0.0,0.219,0.0,0.0,0.0,0.0,0.0,0.0,0.0,-1.29,109.93,1013.0,20.4,9.0,0.0,0.0,0.0,,0.0,0,0,0,0,0,4.2,0.0,0.0,4495.53,4495.53,0.0,-7.37
2026-06-05T07:43:32.019+00:00,118884,7bf0e23b-e546-4171-8243-7b016fd37d6e,,10,FAULT,0x2000,PUMP_CAVITATION,0,0,0,0,0,0,0.0,0.513,0.0,0.0,0.0,0.0,0.0,0.0,0.0,0.65,112.5,1013.0,20.4,9.0,0.0,0.0,0.0,,0.0,0,0,0,0,0,4.2,0.0,0.0,4495.53,4495.53,0.0,11.09
2026-06-05T07:43:32.195+00:00,119059,7bf0e23b-e546-4171-8243-7b016fd37d6e,,10,FAULT,0x2000,PUMP_CAVITATION,0,0,0,0,0,0,0.0,0.0,0.0,0.0,0.0,0.0,0.0,0.0,0.0,2.12,107.97,1013.0,20.4,9.1,0.0,0.0,0.0,,0.0,0,0,0,0,0,4.2,0.0,0.0,4495.53,4495.53,0.0,8.4
2026-06-05T07:43:32.369+00:00,119235,7bf0e23b-e546-4171-8243-7b016fd37d6e,,10,FAULT,0x2000,PUMP_CAVITATION,0,0,0,0,0,0,0.0,0.0,0.0,0.0,0.0,0.0,0.0,0.0,0.0,1.14,111.76,1013.0,20.4,9.0,0.0,0.0,0.0,,0.0,0,0,0,0,0,4.2,0.0,0.0,4495.53,4495.53,0.0,-5.57
2026-06-05T07:43:32.544+00:00,119410,7bf0e23b-e546-4171-8243-7b016fd37d6e,,10,FAULT,0x2000,PUMP_CAVITATION,0,0,0,0,0,0,0.0,0.0,0.0,0.0,0.0,0.0,0.0,0.0,0.0,0.0,107.61,1013.0,20.4,9.0,0.0,0.0,0.0,,0.0,0,0,0,0,0,4.2,0.0,0.0,4495.53,4495.53,0.0,-6.51
2026-06-05T07:43:32.720+00:00,119585,7bf0e23b-e546-4171-8243-7b016fd37d6e,,10,FAULT,0x2000,PUMP_CAVITATION,0,0,0,0,0,0,0.0,0.464,0.0,0.0,0.0,0.0,0.0,0.0,0.0,-1.05,112.5,1013.0,20.4,9.0,0.0,0.0,0.0,,0.0,0,0,0,0,0,4.2,0.0,0.0,4495.53,4495.53,0.0,-6.0
2026-06-05T07:43:32.897+00:00,119760,7bf0e23b-e546-4171-8243-7b016fd37d6e,,10,FAULT,0x2000,PUMP_CAVITATION,0,0,0,0,0,0,0.0,1.295,0.0,0.0,0.0,0.0,0.0,0.0,0.0,1.39,105.77,1013.0,20.4,9.0,0.0,0.0,0.0,,0.0,0,0,0,0,0,4.2,0.0,0.0,4495.53,4495.53,0.0,13.94
2026-06-05T07:43:33.072+00:00,119937,7bf0e23b-e546-4171-8243-7b016fd37d6e,,10,FAULT,0x2000,PUMP_CAVITATION,0,0,0,0,0,0,0.0,0.0,0.0,0.0,0.0,0.0,0.0,0.0,0.0,0.41,112.5,1013.0,20.4,9.0,0.0,0.0,0.0,,0.0,0,0,0,0,0,4.2,0.0,0.0,4495.53,4495.53,0.0,-5.54
2026-06-05T07:43:33.248+00:00,120112,7bf0e23b-e546-4171-8243-7b016fd37d6e,,10,FAULT,0x2000,PUMP_CAVITATION,0,0,0,0,0,0,0.0,0.415,0.0,0.0,0.0,0.0,0.0,0.0,0.0,-0.8,109.81,1013.0,20.4,9.1,0.0,0.0,0.0,,0.0,0,0,0,0,0,4.2,0.0,0.0,4495.53,4495.53,0.0,-6.91
2026-06-05T07:43:33.422+00:00,120287,7bf0e23b-e546-4171-8243-7b016fd37d6e,,10,FAULT,0x2000,PUMP_CAVITATION,0,0,0,0,0,0,0.0,0.122,0.0,0.0,0.0,0.0,0.0,0.0,0.0,1.63,112.5,1013.0,20.4,9.0,0.0,0.0,0.0,,0.0,0,0,0,0,0,4.2,0.0,0.0,4495.53,4495.53,0.0,13.89
2026-06-05T07:43:33.597+00:00,120462,7bf0e23b-e546-4171-8243-7b016fd37d6e,,10,FAULT,0x2000,PUMP_CAVITATION,0,0,0,0,0,0,0.0,0.219,0.0,0.0,0.0,0.0,0.0,0.0,0.0,-0.31,108.71,1013.0,20.4,9.0,0.0,0.0,0.0,,0.0,0,0,0,0,0,4.2,0.0,0.0,4495.53,4495.53,0.0,-11.09
2026-06-05T07:43:33.773+00:00,120638,7bf0e23b-e546-4171-8243-7b016fd37d6e,,10,FAULT,0x2000,PUMP_CAVITATION,0,0,0,0,0,0,0.0,1.295,0.0,0.0,0.0,0.0,0.0,0.0,0.0,0.0,112.5,1013.0,20.4,9.1,0.0,0.0,0.0,,0.0,0,0,0,0,0,4.2,0.0,0.0,4495.53,4495.53,0.0,1.76
2026-06-05T07:43:33.949+00:00,120813,7bf0e23b-e546-4171-8243-7b016fd37d6e,,10,FAULT,0x2000,PUMP_CAVITATION,0,0,0,0,0,0,0.0,0.0,0.0,0.0,0.0,0.0,0.0,0.0,0.0,-1.29,108.58,1013.0,20.4,9.0,0.0,0.0,0.0,,0.0,0,0,0,0,0,4.2,0.0,0.0,4495.53,4495.53,0.0,-7.37
2026-06-05T07:43:34.125+00:00,120988,7bf0e23b-e546-4171-8243-7b016fd37d6e,,10,FAULT,0x2000,PUMP_CAVITATION,0,0,0,0,0,0,0.0,0.366,0.0,0.0,0.0,0.0,0.0,0.0,0.0,-0.8,112.5,1013.0,20.4,9.0,0.0,0.0,0.0,,0.0,0,0,0,0,0,4.2,0.0,0.0,4495.53,4495.53,0.0,2.8
2026-06-05T07:43:34.301+00:00,121163,7bf0e23b-e546-4171-8243-7b016fd37d6e,,10,FAULT,0x2000,PUMP_CAVITATION,0,0,0,0,0,0,0.0,0.464,0.0,0.0,0.0,0.0,0.0,0.0,0.0,0.0,112.5,1013.0,20.4,9.1,0.0,0.0,0.0,,0.0,0,0,0,0,0,4.2,0.0,0.0,4495.53,4495.53,0.0,4.57
2026-06-05T07:43:34.476+00:00,121338,7bf0e23b-e546-4171-8243-7b016fd37d6e,,10,FAULT,0x2000,PUMP_CAVITATION,0,0,0,0,0,0,0.0,0.073,0.0,0.0,0.0,0.0,0.0,0.0,0.0,-1.53,111.4,1013.0,20.4,9.0,0.0,0.0,0.0,,0.0,0,0,0,0,0,4.2,0.0,0.0,4495.53,4495.53,0.0,-8.74
2026-06-05T07:43:34.651+00:00,121515,7bf0e23b-e546-4171-8243-7b016fd37d6e,,10,FAULT,0x2000,PUMP_CAVITATION,0,0,0,0,0,0,0.0,0.0,0.0,0.0,0.0,0.0,0.0,0.0,0.0,0.41,110.42,1013.0,20.4,9.0,0.0,0.0,0.0,,0.0,0,0,0,0,0,4.2,0.0,0.0,4495.53,4495.53,0.0,10.96
2026-06-05T07:43:34.826+00:00,121690,7bf0e23b-e546-4171-8243-7b016fd37d6e,,10,FAULT,0x2000,PUMP_CAVITATION,0,0,0,0,0,0,0.0,0.0,0.0,0.0,0.0,0.0,0.0,0.0,0.0,-0.31,108.83,1013.0,20.4,9.0,0.0,0.0,0.0,,0.0,0,0,0,0,0,4.2,0.0,0.0,4495.53,4495.53,0.0,-4.11
2026-06-05T07:43:35.002+00:00,121865,7bf0e23b-e546-4171-8243-7b016fd37d6e,,10,FAULT,0x2000,PUMP_CAVITATION,0,0,0,0,0,0,0.0,0.024,0.0,0.0,0.0,0.0,0.0,0.0,0.0,0.0,112.5,1013.0,20.4,9.1,0.0,0.0,0.0,,0.0,0,0,0,0,0,4.2,0.0,0.0,4495.53,4495.53,0.0,1.77
2026-06-05T07:43:35.177+00:00,122040,7bf0e23b-e546-4171-8243-7b016fd37d6e,,10,FAULT,0x2000,PUMP_CAVITATION,0,0,0,0,0,0,0.0,0.366,0.0,0.0,0.0,0.0,0.0,0.0,0.0,0.0,111.03,1013.0,20.4,9.0,0.0,0.0,0.0,,0.0,0,0,0,0,0,4.2,0.0,0.0,4495.53,4495.53,0.0,0.0
2026-06-05T07:43:35.354+00:00,122215,7bf0e23b-e546-4171-8243-7b016fd37d6e,,10,FAULT,0x2000,PUMP_CAVITATION,0,0,0,0,0,0,0.0,1.05,0.0,0.0,0.0,0.0,0.0,0.0,0.0,0.9,112.13,1013.0,20.4,9.0,0.0,0.0,0.0,,0.0,0,0,0,0,0,4.2,0.0,0.0,4495.53,4495.53,0.0,5.14
2026-06-05T07:43:35.529+00:00,122390,7bf0e23b-e546-4171-8243-7b016fd37d6e,,10,FAULT,0x2000,PUMP_CAVITATION,0,0,0,0,0,0,0.0,0.366,0.0,0.0,0.0,0.0,0.0,0.0,0.0,-0.56,110.3,1013.0,20.4,9.0,0.0,0.0,0.0,,0.0,0,0,0,0,0,4.2,0.0,0.0,4495.53,4495.53,0.0,-8.34
2026-06-05T07:43:35.703+00:00,122566,7bf0e23b-e546-4171-8243-7b016fd37d6e,,10,FAULT,0x2000,PUMP_CAVITATION,0,0,0,0,0,0,0.0,0.024,0.0,0.0,0.0,0.0,0.0,0.0,0.0,1.14,112.5,1013.0,20.4,9.0,0.0,0.0,0.0,,0.0,0,0,0,0,0,4.2,0.0,0.0,4495.53,4495.53,0.0,9.66
2026-06-05T07:43:35.880+00:00,122741,7bf0e23b-e546-4171-8243-7b016fd37d6e,,10,FAULT,0x2000,PUMP_CAVITATION,0,0,0,0,0,0,0.0,0.464,0.0,0.0,0.0,0.0,0.0,0.0,0.0,0.0,109.07,1013.0,20.4,9.1,0.0,0.0,0.0,,0.0,0,0,0,0,0,4.2,0.0,0.0,4495.53,4495.53,0.0,-6.51
2026-06-05T07:43:36.054+00:00,122916,7bf0e23b-e546-4171-8243-7b016fd37d6e,,10,FAULT,0x2000,PUMP_CAVITATION,0,0,0,0,0,0,0.0,0.415,0.0,0.0,0.0,0.0,0.0,0.0,0.0,0.0,112.5,1013.0,20.4,9.1,0.0,0.0,0.0,,0.0,0,0,0,0,0,4.2,0.0,0.0,4495.53,4495.53,0.0,0.0
2026-06-05T07:43:36.230+00:00,123091,7bf0e23b-e546-4171-8243-7b016fd37d6e,,10,FAULT,0x2000,PUMP_CAVITATION,0,0,0,0,0,0,0.0,0.0,0.0,0.0,0.0,0.0,0.0,0.0,0.0,0.0,106.26,1013.0,20.4,9.0,0.0,0.0,0.0,,0.0,0,0,0,0,0,4.2,0.0,0.0,4495.53,4495.53,0.0,0.0
2026-06-05T07:43:36.406+00:00,123267,7bf0e23b-e546-4171-8243-7b016fd37d6e,,10,FAULT,0x2000,PUMP_CAVITATION,0,0,0,0,0,0,0.0,0.219,0.0,0.0,0.0,0.0,0.0,0.0,0.0,-1.29,112.5,1013.0,20.4,9.0,0.0,0.0,0.0,,0.0,0,0,0,0,0,4.2,0.0,0.0,4495.53,4495.53,0.0,-7.33
2026-06-05T07:43:36.582+00:00,123443,7bf0e23b-e546-4171-8243-7b016fd37d6e,,10,FAULT,0x2000,PUMP_CAVITATION,0,0,0,0,0,0,0.0,0.171,0.0,0.0,0.0,0.0,0.0,0.0,0.0,0.9,107.85,1013.0,20.4,9.0,0.0,0.0,0.0,,0.0,0,0,0,0,0,4.2,0.0,0.0,4495.53,4495.53,0.0,12.44
2026-06-05T07:43:36.756+00:00,123618,7bf0e23b-e546-4171-8243-7b016fd37d6e,,10,FAULT,0x2000,PUMP_CAVITATION,0,0,0,0,0,0,0.0,0.757,0.0,0.0,0.0,0.0,0.0,0.0,0.0,-0.31,112.25,1013.0,20.4,9.0,0.0,0.0,0.0,,0.0,0,0,0,0,0,4.2,0.0,0.0,4495.53,4495.53,0.0,-6.91
2026-06-05T07:43:36.931+00:00,123793,7bf0e23b-e546-4171-8243-7b016fd37d6e,,10,FAULT,0x2000,PUMP_CAVITATION,0,0,0,0,0,0,0.0,0.219,0.0,0.0,0.0,0.0,0.0,0.0,0.0,0.0,109.68,1013.0,20.4,9.0,0.0,0.0,0.0,,0.0,0,0,0,0,0,4.2,0.0,0.0,4495.53,4495.53,0.0,1.77
2026-06-05T07:43:37.108+00:00,123968,7bf0e23b-e546-4171-8243-7b016fd37d6e,,10,FAULT,0x2000,PUMP_CAVITATION,0,0,0,0,0,0,0.0,0.562,0.0,0.0,0.0,0.0,0.0,0.0,0.0,-1.53,112.5,1013.0,20.4,9.0,0.0,0.0,0.0,,0.0,0,0,0,0,0,4.2,0.0,0.0,4495.53,4495.53,0.0,-8.74
2026-06-05T07:43:37.284+00:00,124144,7bf0e23b-e546-4171-8243-7b016fd37d6e,,10,FAULT,0x2000,PUMP_CAVITATION,0,0,0,0,0,0,0.0,0.122,0.0,0.0,0.0,0.0,0.0,0.0,0.0,-1.05,110.17,1013.0,20.4,9.0,0.0,0.0,0.0,,0.0,0,0,0,0,0,4.2,0.0,0.0,4495.53,4495.53,0.0,2.73
2026-06-05T07:43:37.459+00:00,124319,7bf0e23b-e546-4171-8243-7b016fd37d6e,,10,FAULT,0x2000,PUMP_CAVITATION,0,0,0,0,0,0,0.0,0.61,0.0,0.0,0.0,0.0,0.0,0.0,0.0,-0.8,112.5,1013.0,20.4,9.0,0.0,0.0,0.0,,0.0,0,0,0,0,0,4.2,0.0,0.0,4495.53,4495.53,0.0,1.43
2026-06-05T07:43:37.635+00:00,124495,7bf0e23b-e546-4171-8243-7b016fd37d6e,,10,FAULT,0x2000,PUMP_CAVITATION,0,0,0,0,0,0,0.0,0.0,0.0,0.0,0.0,0.0,0.0,0.0,0.0,-0.56,111.88,1013.0,20.4,9.0,0.0,0.0,0.0,,0.0,0,0,0,0,0,4.2,0.0,0.0,4495.53,4495.53,0.0,1.36
2026-06-05T07:43:37.811+00:00,124670,7bf0e23b-e546-4171-8243-7b016fd37d6e,,10,FAULT,0x2000,PUMP_CAVITATION,0,0,0,0,0,0,0.0,0.0,0.0,0.0,0.0,0.0,0.0,0.0,0.0,1.39,108.95,1013.0,20.4,9.0,0.0,0.0,0.0,,0.0,0,0,0,0,0,4.2,0.0,0.0,4495.53,4495.53,0.0,11.14
2026-06-05T07:43:37.984+00:00,124846,7bf0e23b-e546-4171-8243-7b016fd37d6e,,10,FAULT,0x2000,PUMP_CAVITATION,0,0,0,0,0,0,0.0,0.464,0.0,0.0,0.0,0.0,0.0,0.0,0.0,-1.29,112.5,1013.0,20.4,9.0,0.0,0.0,0.0,,0.0,0,0,0,0,0,4.2,0.0,0.0,4495.53,4495.53,0.0,-15.23
2026-06-05T07:43:38.160+00:00,125021,7bf0e23b-e546-4171-8243-7b016fd37d6e,,10,FAULT,0x2000,PUMP_CAVITATION,0,0,0,0,0,0,0.0,0.0,0.0,0.0,0.0,0.0,0.0,0.0,0.0,-1.29,108.1,1013.0,20.4,9.0,0.0,0.0,0.0,,0.0,0,0,0,0,0,4.2,0.0,0.0,4495.53,4495.53,0.0,0.0
2026-06-05T07:43:38.336+00:00,125196,7bf0e23b-e546-4171-8243-7b016fd37d6e,,10,FAULT,0x2000,PUMP_CAVITATION,0,0,0,0,0,0,0.0,0.464,0.0,0.0,0.0,0.0,0.0,0.0,0.0,-0.56,112.5,1013.0,20.4,9.0,0.0,0.0,0.0,,0.0,0,0,0,0,0,4.2,0.0,0.0,4495.53,4495.53,0.0,4.17
2026-06-05T07:43:38.512+00:00,125372,7bf0e23b-e546-4171-8243-7b016fd37d6e,,10,FAULT,0x2000,PUMP_CAVITATION,0,0,0,0,0,0,0.0,0.0,0.0,0.0,0.0,0.0,0.0,0.0,0.0,-0.31,106.51,1013.0,20.4,9.1,0.0,0.0,0.0,,0.0,0,0,0,0,0,4.2,0.0,0.0,4495.53,4495.53,0.0,1.42
2026-06-05T07:43:38.688+00:00,125547,7bf0e23b-e546-4171-8243-7b016fd37d6e,,10,FAULT,0x2000,PUMP_CAVITATION,0,0,0,0,0,0,0.0,0.953,0.0,0.0,0.0,0.0,0.0,0.0,0.0,1.14,112.5,1013.0,20.4,9.0,0.0,0.0,0.0,,0.0,0,0,0,0,0,4.2,0.0,0.0,4495.53,4495.53,0.0,8.29
2026-06-05T07:43:38.863+00:00,125722,7bf0e23b-e546-4171-8243-7b016fd37d6e,,10,FAULT,0x2000,PUMP_CAVITATION,0,0,0,0,0,0,0.0,0.0,0.0,0.0,0.0,0.0,0.0,0.0,0.0,-1.78,107.24,1013.0,20.4,9.0,0.0,0.0,0.0,,0.0,0,0,0,0,0,4.2,0.0,0.0,4495.53,4495.53,0.0,-16.69
2026-06-05T07:43:39.040+00:00,125897,7bf0e23b-e546-4171-8243-7b016fd37d6e,,10,FAULT,0x2000,PUMP_CAVITATION,0,0,0,0,0,0,0.0,0.366,0.0,0.0,0.0,0.0,0.0,0.0,0.0,0.65,112.5,1013.0,20.4,9.1,0.0,0.0,0.0,,0.0,0,0,0,0,0,4.2,0.0,0.0,4495.53,4495.53,0.0,13.89
2026-06-05T07:43:39.213+00:00,126073,7bf0e23b-e546-4171-8243-7b016fd37d6e,,10,FAULT,0x2000,PUMP_CAVITATION,0,0,0,0,0,0,0.0,0.562,0.0,0.0,0.0,0.0,0.0,0.0,0.0,-0.56,111.76,1013.0,20.4,9.1,0.0,0.0,0.0,,0.0,0,0,0,0,0,4.2,0.0,0.0,4495.53,4495.53,0.0,-6.88
2026-06-05T07:43:39.389+00:00,126248,7bf0e23b-e546-4171-8243-7b016fd37d6e,,10,FAULT,0x2000,PUMP_CAVITATION,0,0,0,0,0,0,0.0,0.0,0.0,0.0,0.0,0.0,0.0,0.0,0.0,1.39,112.5,1013.0,20.4,9.1,0.0,0.0,0.0,,0.0,0,0,0,0,0,4.2,0.0,0.0,4495.53,4495.53,0.0,11.14
2026-06-05T07:43:39.565+00:00,126424,7bf0e23b-e546-4171-8243-7b016fd37d6e,,10,FAULT,0x2000,PUMP_CAVITATION,0,0,0,0,0,0,0.0,0.0,0.0,0.0,0.0,0.0,0.0,0.0,0.0,-0.8,107.85,1013.0,20.4,9.0,0.0,0.0,0.0,,0.0,0,0,0,0,0,4.2,0.0,0.0,4495.53,4495.53,0.0,-12.44
2026-06-05T07:43:39.740+00:00,126599,7bf0e23b-e546-4171-8243-7b016fd37d6e,,10,FAULT,0x2000,PUMP_CAVITATION,0,0,0,0,0,0,0.0,0.708,0.0,0.0,0.0,0.0,0.0,0.0,0.0,0.0,112.5,1013.0,20.4,9.1,0.0,0.0,0.0,,0.0,0,0,0,0,0,4.2,0.0,0.0,4495.53,4495.53,0.0,4.57
2026-06-05T07:43:39.916+00:00,126775,7bf0e23b-e546-4171-8243-7b016fd37d6e,,10,FAULT,0x2000,PUMP_CAVITATION,0,0,0,0,0,0,0.0,1.001,0.0,0.0,0.0,0.0,0.0,0.0,0.0,1.14,106.87,1013.0,20.4,9.0,0.0,0.0,0.0,,0.0,0,0,0,0,0,4.2,0.0,0.0,4495.53,4495.53,0.0,6.48
2026-06-05T07:43:40.092+00:00,126950,7bf0e23b-e546-4171-8243-7b016fd37d6e,,10,FAULT,0x2000,PUMP_CAVITATION,0,0,0,0,0,0,0.0,0.0,0.0,0.0,0.0,0.0,0.0,0.0,0.0,-1.78,111.4,1013.0,20.4,9.0,0.0,0.0,0.0,,0.0,0,0,0,0,0,4.2,0.0,0.0,4495.53,4495.53,0.0,-16.69
2026-06-05T07:43:40.268+00:00,127125,7bf0e23b-e546-4171-8243-7b016fd37d6e,,10,FAULT,0x2000,PUMP_CAVITATION,0,0,0,0,0,0,0.0,0.219,0.0,0.0,0.0,0.0,0.0,0.0,0.0,-1.29,112.5,1013.0,20.4,9.0,0.0,0.0,0.0,,0.0,0,0,0,0,0,4.2,0.0,0.0,4495.53,4495.53,0.0,2.8
2026-06-05T07:43:40.442+00:00,127301,7bf0e23b-e546-4171-8243-7b016fd37d6e,,10,FAULT,0x2000,PUMP_CAVITATION,0,0,0,0,0,0,0.0,0.0,0.0,0.0,0.0,0.0,0.0,0.0,0.0,-0.56,108.83,1013.0,20.4,9.0,0.0,0.0,0.0,,0.0,0,0,0,0,0,4.2,0.0,0.0,4495.53,4495.53,0.0,4.15
2026-06-05T07:43:40.618+00:00,127476,7bf0e23b-e546-4171-8243-7b016fd37d6e,,10,FAULT,0x2000,PUMP_CAVITATION,0,0,0,0,0,0,0.0,0.513,0.0,0.0,0.0,0.0,0.0,0.0,0.0,-1.53,112.5,1013.0,20.4,9.0,0.0,0.0,0.0,,0.0,0,0,0,0,0,4.2,0.0,0.0,4495.53,4495.53,0.0,-5.54
2026-06-05T07:43:40.794+00:00,127651,7bf0e23b-e546-4171-8243-7b016fd37d6e,,10,FAULT,0x2000,PUMP_CAVITATION,0,0,0,0,0,0,0.0,0.0,0.0,0.0,0.0,0.0,0.0,0.0,0.0,0.9,107.73,1013.0,20.4,9.0,0.0,0.0,0.0,,0.0,0,0,0,0,0,4.2,0.0,0.0,4495.53,4495.53,0.0,13.89
2026-06-05T07:43:40.969+00:00,127826,7bf0e23b-e546-4171-8243-7b016fd37d6e,,10,FAULT,0x2000,PUMP_CAVITATION,0,0,0,0,0,0,0.0,0.0,0.0,0.0,0.0,0.0,0.0,0.0,0.0,-1.29,112.5,1013.0,20.4,9.0,0.0,0.0,0.0,,0.0,0,0,0,0,0,4.2,0.0,0.0,4495.53,4495.53,0.0,-12.51
2026-06-05T07:43:41.145+00:00,128002,7bf0e23b-e546-4171-8243-7b016fd37d6e,,10,FAULT,0x2000,PUMP_CAVITATION,0,0,0,0,0,0,0.0,0.855,0.0,0.0,0.0,0.0,0.0,0.0,0.0,1.14,111.52,1013.0,20.4,9.0,0.0,0.0,0.0,,0.0,0,0,0,0,0,4.2,0.0,0.0,4495.53,4495.53,0.0,13.81
2026-06-05T07:43:41.321+00:00,128178,7bf0e23b-e546-4171-8243-7b016fd37d6e,,10,FAULT,0x2000,PUMP_CAVITATION,0,0,0,0,0,0,0.0,0.024,0.0,0.0,0.0,0.0,0.0,0.0,0.0,-0.8,112.5,1013.0,20.4,9.0,0.0,0.0,0.0,,0.0,0,0,0,0,0,4.2,0.0,0.0,4495.53,4495.53,0.0,-11.02
2026-06-05T07:43:41.495+00:00,128353,7bf0e23b-e546-4171-8243-7b016fd37d6e,,10,FAULT,0x2000,PUMP_CAVITATION,0,0,0,0,0,0,0.0,1.295,0.0,0.0,0.0,0.0,0.0,0.0,0.0,0.9,111.88,1013.0,20.4,9.0,0.0,0.0,0.0,,0.0,0,0,0,0,0,4.2,0.0,0.0,4495.53,4495.53,0.0,9.71
2026-06-05T07:43:41.670+00:00,128528,7bf0e23b-e546-4171-8243-7b016fd37d6e,,10,FAULT,0x2000,PUMP_CAVITATION,0,0,0,0,0,0,0.0,0.317,0.0,0.0,0.0,0.0,0.0,0.0,0.0,-0.31,112.5,1013.0,20.4,9.1,0.0,0.0,0.0,,0.0,0,0,0,0,0,4.2,0.0,0.0,4495.53,4495.53,0.0,-6.91
2026-06-05T07:43:41.846+00:00,128704,7bf0e23b-e546-4171-8243-7b016fd37d6e,,10,FAULT,0x2000,PUMP_CAVITATION,0,0,0,0,0,0,0.0,0.171,0.0,0.0,0.0,0.0,0.0,0.0,0.0,0.0,108.22,1013.0,20.4,9.0,0.0,0.0,0.0,,0.0,0,0,0,0,0,4.2,0.0,0.0,4495.53,4495.53,0.0,1.76
2026-06-05T07:43:42.022+00:00,128879,7bf0e23b-e546-4171-8243-7b016fd37d6e,,10,FAULT,0x2000,PUMP_CAVITATION,0,0,0,0,0,0,0.0,0.855,0.0,0.0,0.0,0.0,0.0,0.0,0.0,-0.56,112.5,1013.0,20.4,9.0,0.0,0.0,0.0,,0.0,0,0,0,0,0,4.2,0.0,0.0,4495.53,4495.53,0.0,-3.2
2026-06-05T07:43:42.198+00:00,129054,7bf0e23b-e546-4171-8243-7b016fd37d6e,,10,FAULT,0x2000,PUMP_CAVITATION,0,0,0,0,0,0,0.0,0.0,0.0,0.0,0.0,0.0,0.0,0.0,0.0,0.0,108.34,1013.0,20.4,9.1,0.0,0.0,0.0,,0.0,0,0,0,0,0,4.2,0.0,0.0,4495.53,4495.53,0.0,3.2
2026-06-05T07:43:42.374+00:00,129229,7bf0e23b-e546-4171-8243-7b016fd37d6e,,10,FAULT,0x2000,PUMP_CAVITATION,0,0,0,0,0,0,0.0,0.953,0.0,0.0,0.0,0.0,0.0,0.0,0.0,-0.31,112.5,1013.0,20.4,9.0,0.0,0.0,0.0,,0.0,0,0,0,0,0,4.2,0.0,0.0,4495.53,4495.53,0.0,-1.77
2026-06-05T07:43:42.549+00:00,129404,7bf0e23b-e546-4171-8243-7b016fd37d6e,,10,FAULT,0x2000,PUMP_CAVITATION,0,0,0,0,0,0,0.0,0.122,0.0,0.0,0.0,0.0,0.0,0.0,0.0,0.0,108.95,1013.0,20.4,9.0,0.0,0.0,0.0,,0.0,0,0,0,0,0,4.2,0.0,0.0,4495.53,4495.53,0.0,1.77
2026-06-05T07:43:42.723+00:00,129581,7bf0e23b-e546-4171-8243-7b016fd37d6e,,10,FAULT,0x2000,PUMP_CAVITATION,0,0,0,0,0,0,0.0,0.0,0.0,0.0,0.0,0.0,0.0,0.0,0.0,1.14,110.91,1013.0,20.4,9.0,0.0,0.0,0.0,,0.0,0,0,0,0,0,4.2,0.0,0.0,4495.53,4495.53,0.0,6.44
2026-06-05T07:43:42.899+00:00,129756,7bf0e23b-e546-4171-8243-7b016fd37d6e,,10,FAULT,0x2000,PUMP_CAVITATION,0,0,0,0,0,0,0.0,0.073,0.0,0.0,0.0,0.0,0.0,0.0,0.0,-1.05,111.88,1013.0,20.4,9.1,0.0,0.0,0.0,,0.0,0,0,0,0,0,4.2,0.0,0.0,4495.53,4495.53,0.0,-12.51
2026-06-05T07:43:43.075+00:00,129931,7bf0e23b-e546-4171-8243-7b016fd37d6e,,10,FAULT,0x2000,PUMP_CAVITATION,0,0,0,0,0,0,0.0,0.0,0.0,0.0,0.0,0.0,0.0,0.0,0.0,1.39,110.54,1013.0,20.4,9.1,0.0,0.0,0.0,,0.0,0,0,0,0,0,4.2,0.0,0.0,4495.53,4495.53,0.0,13.94
2026-06-05T07:43:43.251+00:00,130106,7bf0e23b-e546-4171-8243-7b016fd37d6e,,10,FAULT,0x2000,PUMP_CAVITATION,0,0,0,0,0,0,0.0,0.0,0.0,0.0,0.0,0.0,0.0,0.0,0.0,-1.78,111.4,1013.0,20.4,9.0,0.0,0.0,0.0,,0.0,0,0,0,0,0,4.2,0.0,0.0,4495.53,4495.53,0.0,-18.11
2026-06-05T07:43:43.426+00:00,130281,7bf0e23b-e546-4171-8243-7b016fd37d6e,,10,FAULT,0x2000,PUMP_CAVITATION,0,0,0,0,0,0,0.0,0.0,0.0,0.0,0.0,0.0,0.0,0.0,0.0,0.9,108.71,1013.0,20.4,9.1,0.0,0.0,0.0,,0.0,0,0,0,0,0,4.2,0.0,0.0,4495.53,4495.53,0.0,15.31
2026-06-05T07:43:43.602+00:00,130457,7bf0e23b-e546-4171-8243-7b016fd37d6e,,10,FAULT,0x2000,PUMP_CAVITATION,0,0,0,0,0,0,0.0,0.562,0.0,0.0,0.0,0.0,0.0,0.0,0.0,-0.31,112.5,1013.0,20.4,9.0,0.0,0.0,0.0,,0.0,0,0,0,0,0,4.2,0.0,0.0,4495.53,4495.53,0.0,-6.88
2026-06-05T07:43:43.776+00:00,130632,7bf0e23b-e546-4171-8243-7b016fd37d6e,,10,FAULT,0x2000,PUMP_CAVITATION,0,0,0,0,0,0,0.0,0.024,0.0,0.0,0.0,0.0,0.0,0.0,0.0,-1.29,109.44,1013.0,20.4,9.0,0.0,0.0,0.0,,0.0,0,0,0,0,0,4.2,0.0,0.0,4495.53,4495.53,0.0,-5.6
2026-06-05T07:43:43.952+00:00,130807,7bf0e23b-e546-4171-8243-7b016fd37d6e,,10,FAULT,0x2000,PUMP_CAVITATION,0,0,0,0,0,0,0.0,0.0,0.0,0.0,0.0,0.0,0.0,0.0,0.0,1.14,112.5,1013.0,20.4,9.0,0.0,0.0,0.0,,0.0,0,0,0,0,0,4.2,0.0,0.0,4495.53,4495.53,0.0,13.89
2026-06-05T07:43:44.127+00:00,130982,7bf0e23b-e546-4171-8243-7b016fd37d6e,,10,FAULT,0x2000,PUMP_CAVITATION,0,0,0,0,0,0,0.0,0.317,0.0,0.0,0.0,0.0,0.0,0.0,0.0,0.0,109.44,1013.0,20.4,9.1,0.0,0.0,0.0,,0.0,0,0,0,0,0,4.2,0.0,0.0,4495.53,4495.53,0.0,-6.51
2026-06-05T07:43:44.303+00:00,131158,7bf0e23b-e546-4171-8243-7b016fd37d6e,,10,FAULT,0x2000,PUMP_CAVITATION,0,0,0,0,0,0,0.0,1.099,0.0,0.0,0.0,0.0,0.0,0.0,0.0,-1.05,112.5,1013.0,20.4,9.0,0.0,0.0,0.0,,0.0,0,0,0,0,0,4.2,0.0,0.0,4495.53,4495.53,0.0,-5.97
2026-06-05T07:43:44.479+00:00,131334,7bf0e23b-e546-4171-8243-7b016fd37d6e,,10,FAULT,0x2000,PUMP_CAVITATION,0,0,0,0,0,0,0.0,0.415,0.0,0.0,0.0,0.0,0.0,0.0,0.0,0.0,109.07,1013.0,20.4,9.1,0.0,0.0,0.0,,0.0,0,0,0,0,0,4.2,0.0,0.0,4495.53,4495.53,0.0,5.97
2026-06-05T07:43:44.655+00:00,131509,7bf0e23b-e546-4171-8243-7b016fd37d6e,,10,FAULT,0x2000,PUMP_CAVITATION,0,0,0,0,0,0,0.0,0.0,0.0,0.0,0.0,0.0,0.0,0.0,0.0,1.14,112.5,1013.0,20.4,9.1,0.0,0.0,0.0,,0.0,0,0,0,0,0,4.2,0.0,0.0,4495.53,4495.53,0.0,6.51
2026-06-05T07:43:44.831+00:00,131684,7bf0e23b-e546-4171-8243-7b016fd37d6e,,10,FAULT,0x2000,PUMP_CAVITATION,0,0,0,0,0,0,0.0,0.464,0.0,0.0,0.0,0.0,0.0,0.0,0.0,-0.31,110.54,1013.0,20.4,9.1,0.0,0.0,0.0,,0.0,0,0,0,0,0,4.2,0.0,0.0,4495.53,4495.53,0.0,-8.29
2026-06-05T07:43:45.004+00:00,131859,7bf0e23b-e546-4171-8243-7b016fd37d6e,,10,FAULT,0x2000,PUMP_CAVITATION,0,0,0,0,0,0,0.0,0.171,0.0,0.0,0.0,0.0,0.0,0.0,0.0,0.41,112.5,1013.0,20.4,9.1,0.0,0.0,0.0,,0.0,0,0,0,0,0,4.2,0.0,0.0,4495.53,4495.53,0.0,4.11
2026-06-05T07:43:45.181+00:00,132035,7bf0e23b-e546-4171-8243-7b016fd37d6e,,10,FAULT,0x2000,PUMP_CAVITATION,0,0,0,0,0,0,0.0,1.001,0.0,0.0,0.0,0.0,0.0,0.0,0.0,1.63,112.5,1013.0,20.4,9.1,0.0,0.0,0.0,,0.0,0,0,0,0,0,4.2,0.0,0.0,4495.53,4495.53,0.0,6.93
2026-06-05T07:43:45.356+00:00,132210,7bf0e23b-e546-4171-8243-7b016fd37d6e,,10,FAULT,0x2000,PUMP_CAVITATION,0,0,0,0,0,0,0.0,0.61,0.0,0.0,0.0,0.0,0.0,0.0,0.0,0.0,112.5,1013.0,20.4,9.0,0.0,0.0,0.0,,0.0,0,0,0,0,0,4.2,0.0,0.0,4495.53,4495.53,0.0,-9.31
2026-06-05T07:43:45.532+00:00,132385,7bf0e23b-e546-4171-8243-7b016fd37d6e,,10,FAULT,0x2000,PUMP_CAVITATION,0,0,0,0,0,0,0.0,0.708,0.0,0.0,0.0,0.0,0.0,0.0,0.0,-0.31,112.5,1013.0,20.4,9.0,0.0,0.0,0.0,,0.0,0,0,0,0,0,4.2,0.0,0.0,4495.53,4495.53,0.0,-1.77
2026-06-05T07:43:45.708+00:00,132561,7bf0e23b-e546-4171-8243-7b016fd37d6e,,10,FAULT,0x2000,PUMP_CAVITATION,0,0,0,0,0,0,0.0,0.61,0.0,0.0,0.0,0.0,0.0,0.0,0.0,-0.8,112.5,1013.0,20.4,9.0,0.0,0.0,0.0,,0.0,0,0,0,0,0,4.2,0.0,0.0,4495.53,4495.53,0.0,-2.78
2026-06-05T07:43:45.884+00:00,132737,7bf0e23b-e546-4171-8243-7b016fd37d6e,,10,FAULT,0x2000,PUMP_CAVITATION,0,0,0,0,0,0,0.0,0.219,0.0,0.0,0.0,0.0,0.0,0.0,0.0,-0.8,112.13,1013.0,20.4,9.1,0.0,0.0,0.0,,0.0,0,0,0,0,0,4.2,0.0,0.0,4495.53,4495.53,0.0,0.0
2026-06-05T07:43:46.057+00:00,132912,7bf0e23b-e546-4171-8243-7b016fd37d6e,,10,FAULT,0x2000,PUMP_CAVITATION,0,0,0,0,0,0,0.0,0.0,0.0,0.0,0.0,0.0,0.0,0.0,0.0,0.65,108.83,1013.0,20.4,9.0,0.0,0.0,0.0,,0.0,0,0,0,0,0,4.2,0.0,0.0,4495.53,4495.53,0.0,8.29
2026-06-05T07:43:46.233+00:00,133087,7bf0e23b-e546-4171-8243-7b016fd37d6e,,10,FAULT,0x2000,PUMP_CAVITATION,0,0,0,0,0,0,0.0,0.317,0.0,0.0,0.0,0.0,0.0,0.0,0.0,-1.05,112.5,1013.0,20.4,9.1,0.0,0.0,0.0,,0.0,0,0,0,0,0,4.2,0.0,0.0,4495.53,4495.53,0.0,-9.71
2026-06-05T07:43:46.409+00:00,133263,7bf0e23b-e546-4171-8243-7b016fd37d6e,,10,FAULT,0x2000,PUMP_CAVITATION,0,0,0,0,0,0,0.0,0.0,0.0,0.0,0.0,0.0,0.0,0.0,0.0,-1.05,109.68,1013.0,20.4,9.1,0.0,0.0,0.0,,0.0,0,0,0,0,0,4.2,0.0,0.0,4495.53,4495.53,0.0,0.0
2026-06-05T07:43:46.585+00:00,133438,7bf0e23b-e546-4171-8243-7b016fd37d6e,,10,FAULT,0x2000,PUMP_CAVITATION,0,0,0,0,0,0,0.0,0.0,0.0,0.0,0.0,0.0,0.0,0.0,0.0,0.9,111.88,1013.0,20.4,9.1,0.0,0.0,0.0,,0.0,0,0,0,0,0,4.2,0.0,0.0,4495.53,4495.53,0.0,11.14
2026-06-05T07:43:46.760+00:00,133613,7bf0e23b-e546-4171-8243-7b016fd37d6e,,10,FAULT,0x2000,PUMP_CAVITATION,0,0,0,0,0,0,0.0,0.0,0.0,0.0,0.0,0.0,0.0,0.0,0.0,2.12,106.39,1013.0,20.4,9.1,0.0,0.0,0.0,,0.0,0,0,0,0,0,4.2,0.0,0.0,4495.53,4495.53,0.0,6.97
2026-06-05T07:43:46.938+00:00,133788,7bf0e23b-e546-4171-8243-7b016fd37d6e,,10,FAULT,0x2000,PUMP_CAVITATION,0,0,0,0,0,0,0.0,0.757,0.0,0.0,0.0,0.0,0.0,0.0,0.0,-0.8,112.5,1013.0,20.4,9.0,0.0,0.0,0.0,,0.0,0,0,0,0,0,4.2,0.0,0.0,4495.53,4495.53,0.0,-16.69
2026-06-05T07:43:47.112+00:00,133963,7bf0e23b-e546-4171-8243-7b016fd37d6e,,10,FAULT,0x2000,PUMP_CAVITATION,0,0,0,0,0,0,0.0,0.0,0.0,0.0,0.0,0.0,0.0,0.0,0.0,-1.29,107.49,1013.0,20.4,9.0,0.0,0.0,0.0,,0.0,0,0,0,0,0,4.2,0.0,0.0,4495.53,4495.53,0.0,-2.8
2026-06-05T07:43:47.287+00:00,134139,7bf0e23b-e546-4171-8243-7b016fd37d6e,,10,FAULT,0x2000,PUMP_CAVITATION,0,0,0,0,0,0,0.0,1.148,0.0,0.0,0.0,0.0,0.0,0.0,0.0,-2.02,112.5,1013.0,20.4,9.0,0.0,0.0,0.0,,0.0,0,0,0,0,0,4.2,0.0,0.0,4495.53,4495.53,0.0,-4.15
2026-06-05T07:43:47.462+00:00,134315,7bf0e23b-e546-4171-8243-7b016fd37d6e,,10,FAULT,0x2000,PUMP_CAVITATION,0,0,0,0,0,0,0.0,0.464,0.0,0.0,0.0,0.0,0.0,0.0,0.0,-1.05,111.64,1013.0,20.4,9.0,0.0,0.0,0.0,,0.0,0,0,0,0,0,4.2,0.0,0.0,4495.53,4495.53,0.0,5.51
2026-06-05T07:43:47.640+00:00,134491,7bf0e23b-e546-4171-8243-7b016fd37d6e,,10,FAULT,0x2000,PUMP_CAVITATION,0,0,0,0,0,0,0.0,0.073,0.0,0.0,0.0,0.0,0.0,0.0,0.0,-1.05,112.5,1013.0,20.4,9.0,0.0,0.0,0.0,,0.0,0,0,0,0,0,4.2,0.0,0.0,4495.53,4495.53,0.0,0.0
2026-06-05T07:43:47.814+00:00,134666,7bf0e23b-e546-4171-8243-7b016fd37d6e,,10,FAULT,0x2000,PUMP_CAVITATION,0,0,0,0,0,0,0.0,0.0,0.0,0.0,0.0,0.0,0.0,0.0,0.0,-1.53,109.68,1013.0,20.4,9.0,0.0,0.0,0.0,,0.0,0,0,0,0,0,4.2,0.0,0.0,4495.53,4495.53,0.0,-2.74
2026-06-05T07:43:47.989+00:00,134841,7bf0e23b-e546-4171-8243-7b016fd37d6e,,10,FAULT,0x2000,PUMP_CAVITATION,0,0,0,0,0,0,0.0,0.953,0.0,0.0,0.0,0.0,0.0,0.0,0.0,0.41,112.5,1013.0,20.4,9.0,0.0,0.0,0.0,,0.0,0,0,0,0,0,4.2,0.0,0.0,4495.53,4495.53,0.0,11.09
2026-06-05T07:43:48.166+00:00,135016,7bf0e23b-e546-4171-8243-7b016fd37d6e,,10,FAULT,0x2000,PUMP_CAVITATION,0,0,0,0,0,0,0.0,0.317,0.0,0.0,0.0,0.0,0.0,0.0,0.0,0.65,110.91,1013.0,20.4,9.1,0.0,0.0,0.0,,0.0,0,0,0,0,0,4.2,0.0,0.0,4495.53,4495.53,0.0,1.37
2026-06-05T07:43:48.341+00:00,135192,7bf0e23b-e546-4171-8243-7b016fd37d6e,,10,FAULT,0x2000,PUMP_CAVITATION,0,0,0,0,0,0,0.0,0.855,0.0,0.0,0.0,0.0,0.0,0.0,0.0,-0.31,109.81,1013.0,20.4,9.0,0.0,0.0,0.0,,0.0,0,0,0,0,0,4.2,0.0,0.0,4495.53,4495.53,0.0,-5.45
2026-06-05T07:43:48.517+00:00,135367,7bf0e23b-e546-4171-8243-7b016fd37d6e,,10,FAULT,0x2000,PUMP_CAVITATION,0,0,0,0,0,0,0.0,0.659,0.0,0.0,0.0,0.0,0.0,0.0,0.0,-1.78,112.5,1013.0,20.4,9.0,0.0,0.0,0.0,,0.0,0,0,0,0,0,4.2,0.0,0.0,4495.53,4495.53,0.0,-8.4
2026-06-05T07:43:48.691+00:00,135542,7bf0e23b-e546-4171-8243-7b016fd37d6e,,10,FAULT,0x2000,PUMP_CAVITATION,0,0,0,0,0,0,0.0,0.953,0.0,0.0,0.0,0.0,0.0,0.0,0.0,0.9,112.5,1013.0,20.4,9.0,0.0,0.0,0.0,,0.0,0,0,0,0,0,4.2,0.0,0.0,4495.53,4495.53,0.0,15.31
2026-06-05T07:43:48.866+00:00,135718,7bf0e23b-e546-4171-8243-7b016fd37d6e,,10,FAULT,0x2000,PUMP_CAVITATION,0,0,0,0,0,0,0.0,0.659,0.0,0.0,0.0,0.0,0.0,0.0,0.0,0.0,112.5,1013.0,20.4,9.0,0.0,0.0,0.0,,0.0,0,0,0,0,0,4.2,0.0,0.0,4495.53,4495.53,0.0,-5.11
2026-06-05T07:43:49.042+00:00,135894,7bf0e23b-e546-4171-8243-7b016fd37d6e,,10,FAULT,0x2000,PUMP_CAVITATION,0,0,0,0,0,0,0.0,0.0,0.0,0.0,0.0,0.0,0.0,0.0,0.0,-0.8,108.1,1013.0,20.4,9.0,0.0,0.0,0.0,,0.0,0,0,0,0,0,4.2,0.0,0.0,4495.53,4495.53,0.0,-4.55
2026-06-05T07:43:49.218+00:00,136069,7bf0e23b-e546-4171-8243-7b016fd37d6e,,10,FAULT,0x2000,PUMP_CAVITATION,0,0,0,0,0,0,0.0,0.757,0.0,0.0,0.0,0.0,0.0,0.0,0.0,-1.53,112.5,1013.0,20.4,9.0,0.0,0.0,0.0,,0.0,0,0,0,0,0,4.2,0.0,0.0,4495.53,4495.53,0.0,-4.17
2026-06-05T07:43:49.394+00:00,136244,7bf0e23b-e546-4171-8243-7b016fd37d6e,,10,FAULT,0x2000,PUMP_CAVITATION,0,0,0,0,0,0,0.0,0.61,0.0,0.0,0.0,0.0,0.0,0.0,0.0,-0.31,112.01,1013.0,20.4,9.0,0.0,0.0,0.0,,0.0,0,0,0,0,0,4.2,0.0,0.0,4495.53,4495.53,0.0,6.97
2026-06-05T07:43:49.570+00:00,136420,7bf0e23b-e546-4171-8243-7b016fd37d6e,,10,FAULT,0x2000,PUMP_CAVITATION,0,0,0,0,0,0,0.0,0.562,0.0,0.0,0.0,0.0,0.0,0.0,0.0,-1.53,112.5,1013.0,20.4,9.0,0.0,0.0,0.0,,0.0,0,0,0,0,0,4.2,0.0,0.0,4495.53,4495.53,0.0,-6.93
2026-06-05T07:43:49.746+00:00,136595,7bf0e23b-e546-4171-8243-7b016fd37d6e,,10,FAULT,0x2000,PUMP_CAVITATION,0,0,0,0,0,0,0.0,0.61,0.0,0.0,0.0,0.0,0.0,0.0,0.0,0.0,110.91,1013.0,20.4,9.0,0.0,0.0,0.0,,0.0,0,0,0,0,0,4.2,0.0,0.0,4495.53,4495.53,0.0,8.74
2026-06-05T07:43:49.919+00:00,136770,7bf0e23b-e546-4171-8243-7b016fd37d6e,,10,FAULT,0x2000,PUMP_CAVITATION,0,0,0,0,0,0,0.0,0.122,0.0,0.0,0.0,0.0,0.0,0.0,0.0,0.0,112.5,1013.0,20.4,9.1,0.0,0.0,0.0,,0.0,0,0,0,0,0,4.2,0.0,0.0,4495.53,4495.53,0.0,0.0
2026-06-05T07:43:50.096+00:00,136945,7bf0e23b-e546-4171-8243-7b016fd37d6e,,10,FAULT,0x2000,PUMP_CAVITATION,0,0,0,0,0,0,0.0,0.708,0.0,0.0,0.0,0.0,0.0,0.0,0.0,-0.56,106.87,1013.0,20.4,9.0,0.0,0.0,0.0,,0.0,0,0,0,0,0,4.2,0.0,0.0,4495.53,4495.53,0.0,-3.2
2026-06-05T07:43:50.271+00:00,137121,7bf0e23b-e546-4171-8243-7b016fd37d6e,,10,FAULT,0x2000,PUMP_CAVITATION,0,0,0,0,0,0,0.0,0.464,0.0,0.0,0.0,0.0,0.0,0.0,0.0,0.0,112.5,1013.0,20.4,9.1,0.0,0.0,0.0,,0.0,0,0,0,0,0,4.2,0.0,0.0,4495.53,4495.53,0.0,3.18
2026-06-05T07:43:50.447+00:00,137296,7bf0e23b-e546-4171-8243-7b016fd37d6e,,10,FAULT,0x2000,PUMP_CAVITATION,0,0,0,0,0,0,0.0,0.0,0.0,0.0,0.0,0.0,0.0,0.0,0.0,-1.53,109.56,1013.0,20.4,9.0,0.0,0.0,0.0,,0.0,0,0,0,0,0,4.2,0.0,0.0,4495.53,4495.53,0.0,-8.74
2026-06-05T07:43:50.623+00:00,137472,7bf0e23b-e546-4171-8243-7b016fd37d6e,,10,FAULT,0x2000,PUMP_CAVITATION,0,0,0,0,0,0,0.0,0.0,0.0,0.0,0.0,0.0,0.0,0.0,0.0,-1.05,111.64,1013.0,20.4,9.0,0.0,0.0,0.0,,0.0,0,0,0,0,0,4.2,0.0,0.0,4495.53,4495.53,0.0,2.73
2026-06-05T07:43:50.798+00:00,137647,7bf0e23b-e546-4171-8243-7b016fd37d6e,,10,FAULT,0x2000,PUMP_CAVITATION,0,0,0,0,0,0,0.0,0.61,0.0,0.0,0.0,0.0,0.0,0.0,0.0,1.14,112.5,1013.0,20.4,9.0,0.0,0.0,0.0,,0.0,0,0,0,0,0,4.2,0.0,0.0,4495.53,4495.53,0.0,12.51
2026-06-05T07:43:50.972+00:00,137823,7bf0e23b-e546-4171-8243-7b016fd37d6e,,10,FAULT,0x2000,PUMP_CAVITATION,0,0,0,0,0,0,0.0,0.562,0.0,0.0,0.0,0.0,0.0,0.0,0.0,0.65,112.5,1013.0,20.4,9.0,0.0,0.0,0.0,,0.0,0,0,0,0,0,4.2,0.0,0.0,4495.53,4495.53,0.0,-2.78
2026-06-05T07:43:51.148+00:00,137998,7bf0e23b-e546-4171-8243-7b016fd37d6e,,10,FAULT,0x2000,PUMP_CAVITATION,0,0,0,0,0,0,0.0,0.0,0.0,0.0,0.0,0.0,0.0,0.0,0.0,0.41,110.42,1013.0,20.4,9.0,0.0,0.0,0.0,,0.0,0,0,0,0,0,4.2,0.0,0.0,4495.53,4495.53,0.0,-1.37
2026-06-05T07:43:51.324+00:00,138173,7bf0e23b-e546-4171-8243-7b016fd37d6e,,10,FAULT,0x2000,PUMP_CAVITATION,0,0,0,0,0,0,0.0,0.806,0.0,0.0,0.0,0.0,0.0,0.0,0.0,0.0,112.5,1013.0,20.4,9.1,0.0,0.0,0.0,,0.0,0,0,0,0,0,4.2,0.0,0.0,4495.53,4495.53,0.0,-2.34
2026-06-05T07:43:51.499+00:00,138348,7bf0e23b-e546-4171-8243-7b016fd37d6e,,10,FAULT,0x2000,PUMP_CAVITATION,0,0,0,0,0,0,0.0,0.268,0.0,0.0,0.0,0.0,0.0,0.0,0.0,0.0,111.88,1013.0,20.4,9.0,0.0,0.0,0.0,,0.0,0,0,0,0,0,4.2,0.0,0.0,4495.53,4495.53,0.0,0.0
2026-06-05T07:43:51.675+00:00,138523,7bf0e23b-e546-4171-8243-7b016fd37d6e,,10,FAULT,0x2000,PUMP_CAVITATION,0,0,0,0,0,0,0.0,0.317,0.0,0.0,0.0,0.0,0.0,0.0,0.0,0.0,108.71,1013.0,20.4,9.0,0.0,0.0,0.0,,0.0,0,0,0,0,0,4.2,0.0,0.0,4495.53,4495.53,0.0,0.0
2026-06-05T07:43:51.851+00:00,138698,7bf0e23b-e546-4171-8243-7b016fd37d6e,,10,FAULT,0x2000,PUMP_CAVITATION,0,0,0,0,0,0,0.0,0.757,0.0,0.0,0.0,0.0,0.0,0.0,0.0,0.65,110.91,1013.0,20.4,9.0,0.0,0.0,0.0,,0.0,0,0,0,0,0,4.2,0.0,0.0,4495.53,4495.53,0.0,3.71
2026-06-05T07:43:52.025+00:00,138874,7bf0e23b-e546-4171-8243-7b016fd37d6e,,10,FAULT,0x2000,PUMP_CAVITATION,0,0,0,0,0,0,0.0,0.513,0.0,0.0,0.0,0.0,0.0,0.0,0.0,0.0,109.56,1013.0,20.4,9.0,0.0,0.0,0.0,,0.0,0,0,0,0,0,4.2,0.0,0.0,4495.53,4495.53,0.0,-3.69
2026-06-05T07:43:52.201+00:00,139049,7bf0e23b-e546-4171-8243-7b016fd37d6e,,10,FAULT,0x2000,PUMP_CAVITATION,0,0,0,0,0,0,0.0,0.0,0.0,0.0,0.0,0.0,0.0,0.0,0.0,-1.29,112.5,1013.0,20.4,9.1,0.0,0.0,0.0,,0.0,0,0,0,0,0,4.2,0.0,0.0,4495.53,4495.53,0.0,-7.37
2026-06-05T07:43:52.376+00:00,139225,7bf0e23b-e546-4171-8243-7b016fd37d6e,,10,FAULT,0x2000,PUMP_CAVITATION,0,0,0,0,0,0,0.0,0.0,0.0,0.0,0.0,0.0,0.0,0.0,0.0,-0.56,107.36,1013.0,20.4,9.1,0.0,0.0,0.0,,0.0,0,0,0,0,0,4.2,0.0,0.0,4495.53,4495.53,0.0,4.15
2026-06-05T07:43:52.552+00:00,139400,7bf0e23b-e546-4171-8243-7b016fd37d6e,,10,FAULT,0x2000,PUMP_CAVITATION,0,0,0,0,0,0,0.0,1.099,0.0,0.0,0.0,0.0,0.0,0.0,0.0,0.0,112.5,1013.0,20.4,9.0,0.0,0.0,0.0,,0.0,0,0,0,0,0,4.2,0.0,0.0,4495.53,4495.53,0.0,3.2
2026-06-05T07:43:52.728+00:00,139576,7bf0e23b-e546-4171-8243-7b016fd37d6e,,10,FAULT,0x2000,PUMP_CAVITATION,0,0,0,0,0,0,0.0,0.806,0.0,0.0,0.0,0.0,0.0,0.0,0.0,-0.31,112.5,1013.0,20.4,9.0,0.0,0.0,0.0,,0.0,0,0,0,0,0,4.2,0.0,0.0,4495.53,4495.53,0.0,-1.76
2026-06-05T07:43:52.904+00:00,139751,7bf0e23b-e546-4171-8243-7b016fd37d6e,,10,FAULT,0x2000,PUMP_CAVITATION,0,0,0,0,0,0,0.0,0.464,0.0,0.0,0.0,0.0,0.0,0.0,0.0,0.0,112.5,1013.0,20.4,9.0,0.0,0.0,0.0,,0.0,0,0,0,0,0,4.2,0.0,0.0,4495.53,4495.53,0.0,1.77
2026-06-05T07:43:53.080+00:00,139926,7bf0e23b-e546-4171-8243-7b016fd37d6e,,10,FAULT,0x2000,PUMP_CAVITATION,0,0,0,0,0,0,0.0,0.122,0.0,0.0,0.0,0.0,0.0,0.0,0.0,-0.8,108.58,1013.0,20.4,9.0,0.0,0.0,0.0,,0.0,0,0,0,0,0,4.2,0.0,0.0,4495.53,4495.53,0.0,-4.57
2026-06-05T07:43:53.253+00:00,140101,7bf0e23b-e546-4171-8243-7b016fd37d6e,,10,FAULT,0x2000,PUMP_CAVITATION,0,0,0,0,0,0,0.0,0.0,0.0,0.0,0.0,0.0,0.0,0.0,0.0,0.0,111.27,1013.0,20.4,9.0,0.0,0.0,0.0,,0.0,0,0,0,0,0,4.2,0.0,0.0,4495.53,4495.53,0.0,4.57
2026-06-05T07:43:53.429+00:00,140276,7bf0e23b-e546-4171-8243-7b016fd37d6e,,10,FAULT,0x2000,PUMP_CAVITATION,0,0,0,0,0,0,0.0,0.61,0.0,0.0,0.0,0.0,0.0,0.0,0.0,0.65,112.25,1013.0,20.4,9.0,0.0,0.0,0.0,,0.0,0,0,0,0,0,4.2,0.0,0.0,4495.53,4495.53,0.0,3.71
2026-06-05T07:43:53.605+00:00,140452,7bf0e23b-e546-4171-8243-7b016fd37d6e,,10,FAULT,0x2000,PUMP_CAVITATION,0,0,0,0,0,0,0.0,0.024,0.0,0.0,0.0,0.0,0.0,0.0,0.0,-0.56,112.5,1013.0,20.4,9.1,0.0,0.0,0.0,,0.0,0,0,0,0,0,4.2,0.0,0.0,4495.53,4495.53,0.0,-6.88
2026-06-05T07:43:53.781+00:00,140627,7bf0e23b-e546-4171-8243-7b016fd37d6e,,10,FAULT,0x2000,PUMP_CAVITATION,0,0,0,0,0,0,0.0,0.513,0.0,0.0,0.0,0.0,0.0,0.0,0.0,0.65,112.5,1013.0,20.4,9.1,0.0,0.0,0.0,,0.0,0,0,0,0,0,4.2,0.0,0.0,4495.53,4495.53,0.0,6.91
2026-06-05T07:43:53.956+00:00,140803,7bf0e23b-e546-4171-8243-7b016fd37d6e,,10,FAULT,0x2000,PUMP_CAVITATION,0,0,0,0,0,0,0.0,0.0,0.0,0.0,0.0,0.0,0.0,0.0,0.0,-0.56,112.13,1013.0,20.4,9.0,0.0,0.0,0.0,,0.0,0,0,0,0,0,4.2,0.0,0.0,4495.53,4495.53,0.0,-6.88
2026-06-05T07:43:54.130+00:00,140978,7bf0e23b-e546-4171-8243-7b016fd37d6e,,10,FAULT,0x2000,PUMP_CAVITATION,0,0,0,0,0,0,0.0,0.0,0.0,0.0,0.0,0.0,0.0,0.0,0.0,2.12,111.27,1013.0,20.4,9.0,0.0,0.0,0.0,,0.0,0,0,0,0,0,4.2,0.0,0.0,4495.53,4495.53,0.0,15.31
2026-06-05T07:43:54.306+00:00,141153,7bf0e23b-e546-4171-8243-7b016fd37d6e,,10,FAULT,0x2000,PUMP_CAVITATION,0,0,0,0,0,0,0.0,1.148,0.0,0.0,0.0,0.0,0.0,0.0,0.0,1.14,108.58,1013.0,20.4,9.0,0.0,0.0,0.0,,0.0,0,0,0,0,0,4.2,0.0,0.0,4495.53,4495.53,0.0,-5.6
2026-06-05T07:43:54.482+00:00,141329,7bf0e23b-e546-4171-8243-7b016fd37d6e,,10,FAULT,0x2000,PUMP_CAVITATION,0,0,0,0,0,0,0.0,0.61,0.0,0.0,0.0,0.0,0.0,0.0,0.0,-0.56,111.52,1013.0,20.4,9.1,0.0,0.0,0.0,,0.0,0,0,0,0,0,4.2,0.0,0.0,4495.53,4495.53,0.0,-9.66
2026-06-05T07:43:54.658+00:00,141504,7bf0e23b-e546-4171-8243-7b016fd37d6e,,10,FAULT,0x2000,PUMP_CAVITATION,0,0,0,0,0,0,0.0,1.099,0.0,0.0,0.0,0.0,0.0,0.0,0.0,1.39,105.53,1013.0,20.4,9.1,0.0,0.0,0.0,,0.0,0,0,0,0,0,4.2,0.0,0.0,4495.53,4495.53,0.0,11.14
2026-06-05T07:43:54.834+00:00,141680,7bf0e23b-e546-4171-8243-7b016fd37d6e,,10,FAULT,0x2000,PUMP_CAVITATION,0,0,0,0,0,0,0.0,0.513,0.0,0.0,0.0,0.0,0.0,0.0,0.0,0.0,112.5,1013.0,20.4,9.1,0.0,0.0,0.0,,0.0,0,0,0,0,0,4.2,0.0,0.0,4495.53,4495.53,0.0,-7.9
2026-06-05T07:43:55.010+00:00,141855,7bf0e23b-e546-4171-8243-7b016fd37d6e,,10,FAULT,0x2000,PUMP_CAVITATION,0,0,0,0,0,0,0.0,0.904,0.0,0.0,0.0,0.0,0.0,0.0,0.0,-0.56,110.66,1013.0,20.4,9.1,0.0,0.0,0.0,,0.0,0,0,0,0,0,4.2,0.0,0.0,4495.53,4495.53,0.0,-3.2
2026-06-05T07:43:55.185+00:00,142030,7bf0e23b-e546-4171-8243-7b016fd37d6e,,10,FAULT,0x2000,PUMP_CAVITATION,0,0,0,0,0,0,0.0,0.317,0.0,0.0,0.0,0.0,0.0,0.0,0.0,0.65,112.5,1013.0,20.4,9.0,0.0,0.0,0.0,,0.0,0,0,0,0,0,4.2,0.0,0.0,4495.53,4495.53,0.0,6.91
2026-06-05T07:43:55.361+00:00,142205,7bf0e23b-e546-4171-8243-7b016fd37d6e,,10,FAULT,0x2000,PUMP_CAVITATION,0,0,0,0,0,0,0.0,0.0,0.0,0.0,0.0,0.0,0.0,0.0,0.0,-0.8,108.71,1013.0,20.4,9.1,0.0,0.0,0.0,,0.0,0,0,0,0,0,4.2,0.0,0.0,4495.53,4495.53,0.0,-8.29
2026-06-05T07:43:55.536+00:00,142381,7bf0e23b-e546-4171-8243-7b016fd37d6e,,10,FAULT,0x2000,PUMP_CAVITATION,0,0,0,0,0,0,0.0,0.0,0.0,0.0,0.0,0.0,0.0,0.0,0.0,2.12,112.5,1013.0,20.4,9.0,0.0,0.0,0.0,,0.0,0,0,0,0,0,4.2,0.0,0.0,4495.53,4495.53,0.0,16.59
2026-06-05T07:43:55.710+00:00,142557,7bf0e23b-e546-4171-8243-7b016fd37d6e,,10,FAULT,0x2000,PUMP_CAVITATION,0,0,0,0,0,0,0.0,0.0,0.0,0.0,0.0,0.0,0.0,0.0,0.0,0.0,106.75,1013.0,20.4,9.1,0.0,0.0,0.0,,0.0,0,0,0,0,0,4.2,0.0,0.0,4495.53,4495.53,0.0,-12.05
2026-06-05T07:43:55.886+00:00,142731,7bf0e23b-e546-4171-8243-7b016fd37d6e,,10,FAULT,0x2000,PUMP_CAVITATION,0,0,0,0,0,0,0.0,0.659,0.0,0.0,0.0,0.0,0.0,0.0,0.0,0.65,112.5,1013.0,20.4,9.0,0.0,0.0,0.0,,0.0,0,0,0,0,0,4.2,0.0,0.0,4495.53,4495.53,0.0,3.74
2026-06-05T07:43:56.062+00:00,142907,7bf0e23b-e546-4171-8243-7b016fd37d6e,,10,FAULT,0x2000,PUMP_CAVITATION,0,0,0,0,0,0,0.0,0.61,0.0,0.0,0.0,0.0,0.0,0.0,0.0,0.65,112.5,1013.0,20.4,9.0,0.0,0.0,0.0,,0.0,0,0,0,0,0,4.2,0.0,0.0,4495.53,4495.53,0.0,0.0
2026-06-05T07:43:56.238+00:00,143082,7bf0e23b-e546-4171-8243-7b016fd37d6e,,10,FAULT,0x2000,PUMP_CAVITATION,0,0,0,0,0,0,0.0,0.513,0.0,0.0,0.0,0.0,0.0,0.0,0.0,0.65,112.5,1013.0,20.4,9.0,0.0,0.0,0.0,,0.0,0,0,0,0,0,4.2,0.0,0.0,4495.53,4495.53,0.0,0.0
2026-06-05T07:43:56.411+00:00,143257,7bf0e23b-e546-4171-8243-7b016fd37d6e,,10,FAULT,0x2000,PUMP_CAVITATION,0,0,0,0,0,0,0.0,0.0,0.0,0.0,0.0,0.0,0.0,0.0,0.0,0.41,109.2,1013.0,20.4,9.0,0.0,0.0,0.0,,0.0,0,0,0,0,0,4.2,0.0,0.0,4495.53,4495.53,0.0,-1.37
2026-06-05T07:43:56.587+00:00,143432,7bf0e23b-e546-4171-8243-7b016fd37d6e,,10,FAULT,0x2000,PUMP_CAVITATION,0,0,0,0,0,0,0.0,0.0,0.0,0.0,0.0,0.0,0.0,0.0,0.0,1.63,111.03,1013.0,20.4,9.1,0.0,0.0,0.0,,0.0,0,0,0,0,0,4.2,0.0,0.0,4495.53,4495.53,0.0,6.97
2026-06-05T07:43:56.763+00:00,143607,7bf0e23b-e546-4171-8243-7b016fd37d6e,,10,FAULT,0x2000,PUMP_CAVITATION,0,0,0,0,0,0,0.0,0.0,0.0,0.0,0.0,0.0,0.0,0.0,0.0,0.65,112.13,1013.0,20.4,9.0,0.0,0.0,0.0,,0.0,0,0,0,0,0,4.2,0.0,0.0,4495.53,4495.53,0.0,-5.6
2026-06-05T07:43:56.939+00:00,143782,7bf0e23b-e546-4171-8243-7b016fd37d6e,,10,FAULT,0x2000,PUMP_CAVITATION,0,0,0,0,0,0,0.0,0.0,0.0,0.0,0.0,0.0,0.0,0.0,0.0,1.14,108.46,1013.0,20.4,9.1,0.0,0.0,0.0,,0.0,0,0,0,0,0,4.2,0.0,0.0,4495.53,4495.53,0.0,2.8
2026-06-05T07:43:57.115+00:00,143959,7bf0e23b-e546-4171-8243-7b016fd37d6e,,10,FAULT,0x2000,PUMP_CAVITATION,0,0,0,0,0,0,0.0,0.757,0.0,0.0,0.0,0.0,0.0,0.0,0.0,-0.56,112.5,1013.0,20.4,9.0,0.0,0.0,0.0,,0.0,0,0,0,0,0,4.2,0.0,0.0,4495.53,4495.53,0.0,-9.6
2026-06-05T07:43:57.291+00:00,144134,7bf0e23b-e546-4171-8243-7b016fd37d6e,,10,FAULT,0x2000,PUMP_CAVITATION,0,0,0,0,0,0,0.0,0.904,0.0,0.0,0.0,0.0,0.0,0.0,0.0,0.9,112.5,1013.0,20.4,9.1,0.0,0.0,0.0,,0.0,0,0,0,0,0,4.2,0.0,0.0,4495.53,4495.53,0.0,8.34
2026-06-05T07:43:57.464+00:00,144309,7bf0e23b-e546-4171-8243-7b016fd37d6e,,10,FAULT,0x2000,PUMP_CAVITATION,0,0,0,0,0,0,0.0,0.757,0.0,0.0,0.0,0.0,0.0,0.0,0.0,0.9,112.5,1013.0,20.4,9.1,0.0,0.0,0.0,,0.0,0,0,0,0,0,4.2,0.0,0.0,4495.53,4495.53,0.0,0.0
2026-06-05T07:43:57.640+00:00,144484,7bf0e23b-e546-4171-8243-7b016fd37d6e,,10,FAULT,0x2000,PUMP_CAVITATION,0,0,0,0,0,0,0.0,0.757,0.0,0.0,0.0,0.0,0.0,0.0,0.0,-0.8,112.5,1013.0,20.4,9.0,0.0,0.0,0.0,,0.0,0,0,0,0,0,4.2,0.0,0.0,4495.53,4495.53,0.0,-9.71
2026-06-05T07:43:57.816+00:00,144660,7bf0e23b-e546-4171-8243-7b016fd37d6e,,10,FAULT,0x2000,PUMP_CAVITATION,0,0,0,0,0,0,0.0,0.0,0.0,0.0,0.0,0.0,0.0,0.0,0.0,0.0,112.5,1013.0,20.4,9.0,0.0,0.0,0.0,,0.0,0,0,0,0,0,4.2,0.0,0.0,4495.53,4495.53,0.0,4.55
2026-06-05T07:43:57.992+00:00,144835,7bf0e23b-e546-4171-8243-7b016fd37d6e,,10,FAULT,0x2000,PUMP_CAVITATION,0,0,0,0,0,0,0.0,1.099,0.0,0.0,0.0,0.0,0.0,0.0,0.0,0.0,109.2,1013.0,20.4,9.1,0.0,0.0,0.0,,0.0,0,0,0,0,0,4.2,0.0,0.0,4495.53,4495.53,0.0,0.0
2026-06-05T07:43:58.167+00:00,145010,7bf0e23b-e546-4171-8243-7b016fd37d6e,,10,FAULT,0x2000,PUMP_CAVITATION,0,0,0,0,0,0,0.0,0.513,0.0,0.0,0.0,0.0,0.0,0.0,0.0,-1.05,112.5,1013.0,20.4,9.0,0.0,0.0,0.0,,0.0,0,0,0,0,0,4.2,0.0,0.0,4495.53,4495.53,0.0,-6.0
2026-06-05T07:43:58.343+00:00,145185,7bf0e23b-e546-4171-8243-7b016fd37d6e,,10,FAULT,0x2000,PUMP_CAVITATION,0,0,0,0,0,0,0.0,0.513,0.0,0.0,0.0,0.0,0.0,0.0,0.0,0.0,111.52,1013.0,20.4,9.0,0.0,0.0,0.0,,0.0,0,0,0,0,0,4.2,0.0,0.0,4495.53,4495.53,0.0,6.0
2026-06-05T07:43:58.519+00:00,145360,7bf0e23b-e546-4171-8243-7b016fd37d6e,,10,FAULT,0x2000,PUMP_CAVITATION,0,0,0,0,0,0,0.0,0.806,0.0,0.0,0.0,0.0,0.0,0.0,0.0,-1.29,112.5,1013.0,20.4,9.0,0.0,0.0,0.0,,0.0,0,0,0,0,0,4.2,0.0,0.0,4495.53,4495.53,0.0,-7.37
2026-06-05T07:43:58.693+00:00,145537,7bf0e23b-e546-4171-8243-7b016fd37d6e,,10,FAULT,0x2000,PUMP_CAVITATION,0,0,0,0,0,0,0.0,0.024,0.0,0.0,0.0,0.0,0.0,0.0,0.0,0.65,107.0,1013.0,20.4,9.0,0.0,0.0,0.0,,0.0,0,0,0,0,0,4.2,0.0,0.0,4495.53,4495.53,0.0,10.96
2026-06-05T07:43:58.869+00:00,145712,7bf0e23b-e546-4171-8243-7b016fd37d6e,,10,FAULT,0x2000,PUMP_CAVITATION,0,0,0,0,0,0,0.0,1.099,0.0,0.0,0.0,0.0,0.0,0.0,0.0,-0.31,112.5,1013.0,20.4,9.0,0.0,0.0,0.0,,0.0,0,0,0,0,0,4.2,0.0,0.0,4495.53,4495.53,0.0,-5.49
2026-06-05T07:43:59.045+00:00,145887,7bf0e23b-e546-4171-8243-7b016fd37d6e,,10,FAULT,0x2000,PUMP_CAVITATION,0,0,0,0,0,0,0.0,1.001,0.0,0.0,0.0,0.0,0.0,0.0,0.0,2.12,108.1,1013.0,20.4,9.0,0.0,0.0,0.0,,0.0,0,0,0,0,0,4.2,0.0,0.0,4495.53,4495.53,0.0,13.89
2026-06-05T07:43:59.220+00:00,146063,7bf0e23b-e546-4171-8243-7b016fd37d6e,,10,FAULT,0x2000,PUMP_CAVITATION,0,0,0,0,0,0,0.0,0.0,0.0,0.0,0.0,0.0,0.0,0.0,0.0,-0.8,110.78,1013.0,20.4,9.0,0.0,0.0,0.0,,0.0,0,0,0,0,0,4.2,0.0,0.0,4495.53,4495.53,0.0,-16.59
2026-06-05T07:43:59.396+00:00,146238,7bf0e23b-e546-4171-8243-7b016fd37d6e,,10,FAULT,0x2000,PUMP_CAVITATION,0,0,0,0,0,0,0.0,0.0,0.0,0.0,0.0,0.0,0.0,0.0,0.0,-1.53,111.88,1013.0,20.4,9.1,0.0,0.0,0.0,,0.0,0,0,0,0,0,4.2,0.0,0.0,4495.53,4495.53,0.0,-4.17
2026-06-05T07:43:59.572+00:00,146413,7bf0e23b-e546-4171-8243-7b016fd37d6e,,10,FAULT,0x2000,PUMP_CAVITATION,0,0,0,0,0,0,0.0,0.073,0.0,0.0,0.0,0.0,0.0,0.0,0.0,-0.56,111.88,1013.0,20.4,9.0,0.0,0.0,0.0,,0.0,0,0,0,0,0,4.2,0.0,0.0,4495.53,4495.53,0.0,5.54
2026-06-05T07:43:59.748+00:00,146589,7bf0e23b-e546-4171-8243-7b016fd37d6e,,10,FAULT,0x2000,PUMP_CAVITATION,0,0,0,0,0,0,0.0,0.562,0.0,0.0,0.0,0.0,0.0,0.0,0.0,0.0,112.5,1013.0,20.4,9.0,0.0,0.0,0.0,,0.0,0,0,0,0,0,4.2,0.0,0.0,4495.53,4495.53,0.0,3.18
2026-06-05T07:43:59.922+00:00,146764,7bf0e23b-e546-4171-8243-7b016fd37d6e,,10,FAULT,0x2000,PUMP_CAVITATION,0,0,0,0,0,0,0.0,0.0,0.0,0.0,0.0,0.0,0.0,0.0,0.0,2.37,107.49,1013.0,20.4,9.0,0.0,0.0,0.0,,0.0,0,0,0,0,0,4.2,0.0,0.0,4495.53,4495.53,0.0,13.54
2026-06-05T07:44:00.097+00:00,146939,7bf0e23b-e546-4171-8243-7b016fd37d6e,,10,FAULT,0x2000,PUMP_CAVITATION,0,0,0,0,0,0,0.0,0.0,0.0,0.0,0.0,0.0,0.0,0.0,0.0,1.39,112.5,1013.0,20.4,9.0,0.0,0.0,0.0,,0.0,0,0,0,0,0,4.2,0.0,0.0,4495.53,4495.53,0.0,-5.6
2026-06-05T07:44:00.273+00:00,147115,7bf0e23b-e546-4171-8243-7b016fd37d6e,,10,FAULT,0x2000,PUMP_CAVITATION,0,0,0,0,0,0,0.0,0.0,0.0,0.0,0.0,0.0,0.0,0.0,0.0,-0.8,107.97,1013.0,20.4,9.0,0.0,0.0,0.0,,0.0,0,0,0,0,0,4.2,0.0,0.0,4495.53,4495.53,0.0,-12.44
2026-06-05T07:44:00.449+00:00,147290,7bf0e23b-e546-4171-8243-7b016fd37d6e,,10,FAULT,0x2000,PUMP_CAVITATION,0,0,0,0,0,0,0.0,0.024,0.0,0.0,0.0,0.0,0.0,0.0,0.0,-0.31,112.5,1013.0,20.4,9.1,0.0,0.0,0.0,,0.0,0,0,0,0,0,4.2,0.0,0.0,4495.53,4495.53,0.0,2.8
2026-06-05T07:44:00.625+00:00,147465,7bf0e23b-e546-4171-8243-7b016fd37d6e,,10,FAULT,0x2000,PUMP_CAVITATION,0,0,0,0,0,0,0.0,0.61,0.0,0.0,0.0,0.0,0.0,0.0,0.0,-1.29,109.56,1013.0,20.4,9.1,0.0,0.0,0.0,,0.0,0,0,0,0,0,4.2,0.0,0.0,4495.53,4495.53,0.0,-5.6
2026-06-05T07:44:00.800+00:00,147641,7bf0e23b-e546-4171-8243-7b016fd37d6e,,10,FAULT,0x2000,PUMP_CAVITATION,0,0,0,0,0,0,0.0,0.0,0.0,0.0,0.0,0.0,0.0,0.0,0.0,1.39,112.5,1013.0,20.4,9.0,0.0,0.0,0.0,,0.0,0,0,0,0,0,4.2,0.0,0.0,4495.53,4495.53,0.0,15.23
2026-06-05T07:44:00.974+00:00,147816,7bf0e23b-e546-4171-8243-7b016fd37d6e,,10,FAULT,0x2000,PUMP_CAVITATION,0,0,0,0,0,0,0.0,0.122,0.0,0.0,0.0,0.0,0.0,0.0,0.0,-0.31,107.73,1013.0,20.4,9.0,0.0,0.0,0.0,,0.0,0,0,0,0,0,4.2,0.0,0.0,4495.53,4495.53,0.0,-9.71
2026-06-05T07:44:01.152+00:00,147991,7bf0e23b-e546-4171-8243-7b016fd37d6e,,10,FAULT,0x2000,PUMP_CAVITATION,0,0,0,0,0,0,0.0,0.464,0.0,0.0,0.0,0.0,0.0,0.0,0.0,-0.56,112.5,1013.0,20.4,9.1,0.0,0.0,0.0,,0.0,0,0,0,0,0,4.2,0.0,0.0,4495.53,4495.53,0.0,-1.43
2026-06-05T07:44:01.326+00:00,148166,7bf0e23b-e546-4171-8243-7b016fd37d6e,,10,FAULT,0x2000,PUMP_CAVITATION,0,0,0,0,0,0,0.0,0.268,0.0,0.0,0.0,0.0,0.0,0.0,0.0,-1.78,110.3,1013.0,20.4,9.0,0.0,0.0,0.0,,0.0,0,0,0,0,0,4.2,0.0,0.0,4495.53,4495.53,0.0,-6.97
2026-06-05T07:44:01.502+00:00,148342,7bf0e23b-e546-4171-8243-7b016fd37d6e,,10,FAULT,0x2000,PUMP_CAVITATION,0,0,0,0,0,0,0.0,0.464,0.0,0.0,0.0,0.0,0.0,0.0,0.0,-1.05,112.5,1013.0,20.4,9.0,0.0,0.0,0.0,,0.0,0,0,0,0,0,4.2,0.0,0.0,4495.53,4495.53,0.0,4.15
2026-06-05T07:44:01.678+00:00,148517,7bf0e23b-e546-4171-8243-7b016fd37d6e,,10,FAULT,0x2000,PUMP_CAVITATION,0,0,0,0,0,0,0.0,0.806,0.0,0.0,0.0,0.0,0.0,0.0,0.0,0.0,108.34,1013.0,20.4,9.1,0.0,0.0,0.0,,0.0,0,0,0,0,0,4.2,0.0,0.0,4495.53,4495.53,0.0,6.0
2026-06-05T07:44:01.853+00:00,148694,7bf0e23b-e546-4171-8243-7b016fd37d6e,,10,FAULT,0x2000,PUMP_CAVITATION,0,0,0,0,0,0,0.0,0.806,0.0,0.0,0.0,0.0,0.0,0.0,0.0,-0.8,112.5,1013.0,20.4,9.0,0.0,0.0,0.0,,0.0,0,0,0,0,0,4.2,0.0,0.0,4495.53,4495.53,0.0,-4.52
2026-06-05T07:44:02.029+00:00,148869,7bf0e23b-e546-4171-8243-7b016fd37d6e,,10,FAULT,0x2000,PUMP_CAVITATION,0,0,0,0,0,0,0.0,1.148,0.0,0.0,0.0,0.0,0.0,0.0,0.0,-0.31,112.5,1013.0,20.4,9.0,0.0,0.0,0.0,,0.0,0,0,0,0,0,4.2,0.0,0.0,4495.53,4495.53,0.0,2.8
2026-06-05T07:44:02.205+00:00,149044,7bf0e23b-e546-4171-8243-7b016fd37d6e,,10,FAULT,0x2000,PUMP_CAVITATION,0,0,0,0,0,0,0.0,0.0,0.0,0.0,0.0,0.0,0.0,0.0,0.0,0.65,109.2,1013.0,20.4,9.1,0.0,0.0,0.0,,0.0,0,0,0,0,0,4.2,0.0,0.0,4495.53,4495.53,0.0,5.49
2026-06-05T07:44:02.379+00:00,149219,7bf0e23b-e546-4171-8243-7b016fd37d6e,,10,FAULT,0x2000,PUMP_CAVITATION,0,0,0,0,0,0,0.0,0.024,0.0,0.0,0.0,0.0,0.0,0.0,0.0,1.63,109.93,1013.0,20.4,9.1,0.0,0.0,0.0,,0.0,0,0,0,0,0,4.2,0.0,0.0,4495.53,4495.53,0.0,5.6
2026-06-05T07:44:02.554+00:00,149394,7bf0e23b-e546-4171-8243-7b016fd37d6e,,10,FAULT,0x2000,PUMP_CAVITATION,0,0,0,0,0,0,0.0,0.366,0.0,0.0,0.0,0.0,0.0,0.0,0.0,0.65,111.4,1013.0,20.4,9.0,0.0,0.0,0.0,,0.0,0,0,0,0,0,4.2,0.0,0.0,4495.53,4495.53,0.0,-5.6
2026-06-05T07:44:02.730+00:00,149570,7bf0e23b-e546-4171-8243-7b016fd37d6e,,10,FAULT,0x2000,PUMP_CAVITATION,0,0,0,0,0,0,0.0,0.268,0.0,0.0,0.0,0.0,0.0,0.0,0.0,-1.53,112.5,1013.0,20.4,9.1,0.0,0.0,0.0,,0.0,0,0,0,0,0,4.2,0.0,0.0,4495.53,4495.53,0.0,-12.39
2026-06-05T07:44:02.907+00:00,149745,7bf0e23b-e546-4171-8243-7b016fd37d6e,,10,FAULT,0x2000,PUMP_CAVITATION,0,0,0,0,0,0,0.0,0.708,0.0,0.0,0.0,0.0,0.0,0.0,0.0,1.14,111.88,1013.0,20.4,9.0,0.0,0.0,0.0,,0.0,0,0,0,0,0,4.2,0.0,0.0,4495.53,4495.53,0.0,15.26
2026-06-05T07:44:03.083+00:00,149921,7bf0e23b-e546-4171-8243-7b016fd37d6e,,10,FAULT,0x2000,PUMP_CAVITATION,0,0,0,0,0,0,0.0,0.904,0.0,0.0,0.0,0.0,0.0,0.0,0.0,-1.05,112.5,1013.0,20.4,9.1,0.0,0.0,0.0,,0.0,0,0,0,0,0,4.2,0.0,0.0,4495.53,4495.53,0.0,-12.44
2026-06-05T07:44:03.258+00:00,150096,7bf0e23b-e546-4171-8243-7b016fd37d6e,,10,FAULT,0x2000,PUMP_CAVITATION,0,0,0,0,0,0,0.0,0.953,0.0,0.0,0.0,0.0,0.0,0.0,0.0,-0.56,106.51,1013.0,20.4,9.0,0.0,0.0,0.0,,0.0,0,0,0,0,0,4.2,0.0,0.0,4495.53,4495.53,0.0,2.8
2026-06-05T07:44:03.434+00:00,150272,7bf0e23b-e546-4171-8243-7b016fd37d6e,,10,FAULT,0x2000,PUMP_CAVITATION,0,0,0,0,0,0,0.0,0.708,0.0,0.0,0.0,0.0,0.0,0.0,0.0,1.14,112.13,1013.0,20.4,9.0,0.0,0.0,0.0,,0.0,0,0,0,0,0,4.2,0.0,0.0,4495.53,4495.53,0.0,9.66
2026-06-05T07:44:03.610+00:00,150448,7bf0e23b-e546-4171-8243-7b016fd37d6e,,10,FAULT,0x2000,PUMP_CAVITATION,0,0,0,0,0,0,0.0,1.295,0.0,0.0,0.0,0.0,0.0,0.0,0.0,-1.29,108.46,1013.0,20.4,9.0,0.0,0.0,0.0,,0.0,0,0,0,0,0,4.2,0.0,0.0,4495.53,4495.53,0.0,-13.81
2026-06-05T07:44:03.784+00:00,150623,7bf0e23b-e546-4171-8243-7b016fd37d6e,,10,FAULT,0x2000,PUMP_CAVITATION,0,0,0,0,0,0,0.0,1.001,0.0,0.0,0.0,0.0,0.0,0.0,0.0,-0.56,112.5,1013.0,20.4,9.1,0.0,0.0,0.0,,0.0,0,0,0,0,0,4.2,0.0,0.0,4495.53,4495.53,0.0,4.17
2026-06-05T07:44:03.960+00:00,150799,7bf0e23b-e546-4171-8243-7b016fd37d6e,,10,FAULT,0x2000,PUMP_CAVITATION,0,0,0,0,0,0,0.0,0.219,0.0,0.0,0.0,0.0,0.0,0.0,0.0,-1.05,108.95,1013.0,20.4,9.0,0.0,0.0,0.0,,0.0,0,0,0,0,0,4.2,0.0,0.0,4495.53,4495.53,0.0,-2.78
2026-06-05T07:44:04.136+00:00,150974,7bf0e23b-e546-4171-8243-7b016fd37d6e,,10,FAULT,0x2000,PUMP_CAVITATION,0,0,0,0,0,0,0.0,0.464,0.0,0.0,0.0,0.0,0.0,0.0,0.0,-0.56,112.5,1013.0,20.4,9.0,0.0,0.0,0.0,,0.0,0,0,0,0,0,4.2,0.0,0.0,4495.53,4495.53,0.0,2.8
2026-06-05T07:44:04.312+00:00,151149,7bf0e23b-e546-4171-8243-7b016fd37d6e,,10,FAULT,0x2000,PUMP_CAVITATION,0,0,0,0,0,0,0.0,0.806,0.0,0.0,0.0,0.0,0.0,0.0,0.0,0.0,112.5,1013.0,20.4,9.1,0.0,0.0,0.0,,0.0,0,0,0,0,0,4.2,0.0,0.0,4495.53,4495.53,0.0,3.2
2026-06-05T07:44:04.487+00:00,151324,7bf0e23b-e546-4171-8243-7b016fd37d6e,,10,FAULT,0x2000,PUMP_CAVITATION,0,0,0,0,0,0,0.0,1.148,0.0,0.0,0.0,0.0,0.0,0.0,0.0,1.39,107.97,1013.0,20.4,9.0,0.0,0.0,0.0,,0.0,0,0,0,0,0,4.2,0.0,0.0,4495.53,4495.53,0.0,7.94
2026-06-05T07:44:04.663+00:00,151500,7bf0e23b-e546-4171-8243-7b016fd37d6e,,10,FAULT,0x2000,PUMP_CAVITATION,0,0,0,0,0,0,0.0,0.659,0.0,0.0,0.0,0.0,0.0,0.0,0.0,-1.05,112.5,1013.0,20.4,9.0,0.0,0.0,0.0,,0.0,0,0,0,0,0,4.2,0.0,0.0,4495.53,4495.53,0.0,-13.86
2026-06-05T07:44:04.839+00:00,151675,7bf0e23b-e546-4171-8243-7b016fd37d6e,,10,FAULT,0x2000,PUMP_CAVITATION,0,0,0,0,0,0,0.0,0.904,0.0,0.0,0.0,0.0,0.0,0.0,0.0,0.41,112.13,1013.0,20.4,9.1,0.0,0.0,0.0,,0.0,0,0,0,0,0,4.2,0.0,0.0,4495.53,4495.53,0.0,8.34
2026-06-05T07:44:05.012+00:00,151852,7bf0e23b-e546-4171-8243-7b016fd37d6e,,10,FAULT,0x2000,PUMP_CAVITATION,0,0,0,0,0,0,0.0,0.0,0.0,0.0,0.0,0.0,0.0,0.0,0.0,0.0,112.01,1013.0,20.4,9.0,0.0,0.0,0.0,,0.0,0,0,0,0,0,4.2,0.0,0.0,4495.53,4495.53,0.0,-2.32
2026-06-05T07:44:05.189+00:00,152027,7bf0e23b-e546-4171-8243-7b016fd37d6e,,10,FAULT,0x2000,PUMP_CAVITATION,0,0,0,0,0,0,0.0,1.05,0.0,0.0,0.0,0.0,0.0,0.0,0.0,-0.56,112.37,1013.0,20.4,9.1,0.0,0.0,0.0,,0.0,0,0,0,0,0,4.2,0.0,0.0,4495.53,4495.53,0.0,-3.2
2026-06-05T07:44:05.364+00:00,152202,7bf0e23b-e546-4171-8243-7b016fd37d6e,,10,FAULT,0x2000,PUMP_CAVITATION,0,0,0,0,0,0,0.0,0.0,0.0,0.0,0.0,0.0,0.0,0.0,0.0,1.63,112.5,1013.0,20.4,9.1,0.0,0.0,0.0,,0.0,0,0,0,0,0,4.2,0.0,0.0,4495.53,4495.53,0.0,12.51
2026-06-05T07:44:05.541+00:00,152377,7bf0e23b-e546-4171-8243-7b016fd37d6e,,10,FAULT,0x2000,PUMP_CAVITATION,0,0,0,0,0,0,0.0,0.073,0.0,0.0,0.0,0.0,0.0,0.0,0.0,-0.56,106.87,1013.0,20.4,9.0,0.0,0.0,0.0,,0.0,0,0,0,0,0,4.2,0.0,0.0,4495.53,4495.53,0.0,-12.51
2026-06-05T07:44:05.716+00:00,152552,7bf0e23b-e546-4171-8243-7b016fd37d6e,,10,FAULT,0x2000,PUMP_CAVITATION,0,0,0,0,0,0,0.0,0.268,0.0,0.0,0.0,0.0,0.0,0.0,0.0,-0.31,112.5,1013.0,20.4,9.1,0.0,0.0,0.0,,0.0,0,0,0,0,0,4.2,0.0,0.0,4495.53,4495.53,0.0,1.43
2026-06-05T07:44:05.892+00:00,152728,7bf0e23b-e546-4171-8243-7b016fd37d6e,,10,FAULT,0x2000,PUMP_CAVITATION,0,0,0,0,0,0,0.0,0.464,0.0,0.0,0.0,0.0,0.0,0.0,0.0,0.0,111.88,1013.0,20.4,9.1,0.0,0.0,0.0,,0.0,0,0,0,0,0,4.2,0.0,0.0,4495.53,4495.53,0.0,1.76
2026-06-05T07:44:06.068+00:00,152903,7bf0e23b-e546-4171-8243-7b016fd37d6e,,10,FAULT,0x2000,PUMP_CAVITATION,0,0,0,0,0,0,0.0,1.099,0.0,0.0,0.0,0.0,0.0,0.0,0.0,0.41,111.88,1013.0,20.4,9.0,0.0,0.0,0.0,,0.0,0,0,0,0,0,4.2,0.0,0.0,4495.53,4495.53,0.0,2.34
2026-06-05T07:44:06.241+00:00,153078,7bf0e23b-e546-4171-8243-7b016fd37d6e,,10,FAULT,0x2000,PUMP_CAVITATION,0,0,0,0,0,0,0.0,0.0,0.0,0.0,0.0,0.0,0.0,0.0,0.0,1.39,106.75,1013.0,20.4,9.0,0.0,0.0,0.0,,0.0,0,0,0,0,0,4.2,0.0,0.0,4495.53,4495.53,0.0,5.6
2026-06-05T07:44:06.417+00:00,153253,7bf0e23b-e546-4171-8243-7b016fd37d6e,,10,FAULT,0x2000,PUMP_CAVITATION,0,0,0,0,0,0,0.0,0.0,0.0,0.0,0.0,0.0,0.0,0.0,0.0,-0.31,112.5,1013.0,20.4,9.0,0.0,0.0,0.0,,0.0,0,0,0,0,0,4.2,0.0,0.0,4495.53,4495.53,0.0,-9.71
2026-06-05T07:44:06.593+00:00,153430,7bf0e23b-e546-4171-8243-7b016fd37d6e,,10,FAULT,0x2000,PUMP_CAVITATION,0,0,0,0,0,0,0.0,0.219,0.0,0.0,0.0,0.0,0.0,0.0,0.0,-1.53,109.93,1013.0,20.4,9.0,0.0,0.0,0.0,,0.0,0,0,0,0,0,4.2,0.0,0.0,4495.53,4495.53,0.0,-6.89
2026-06-05T07:44:06.770+00:00,153605,7bf0e23b-e546-4171-8243-7b016fd37d6e,,10,FAULT,0x2000,PUMP_CAVITATION,0,0,0,0,0,0,0.0,0.0,0.0,0.0,0.0,0.0,0.0,0.0,0.0,1.63,111.76,1013.0,20.4,9.0,0.0,0.0,0.0,,0.0,0,0,0,0,0,4.2,0.0,0.0,4495.53,4495.53,0.0,18.06
2026-06-05T07:44:06.945+00:00,153780,7bf0e23b-e546-4171-8243-7b016fd37d6e,,10,FAULT,0x2000,PUMP_CAVITATION,0,0,0,0,0,0,0.0,0.122,0.0,0.0,0.0,0.0,0.0,0.0,0.0,-1.78,110.66,1013.0,20.4,9.1,0.0,0.0,0.0,,0.0,0,0,0,0,0,4.2,0.0,0.0,4495.53,4495.53,0.0,-19.49
2026-06-05T07:44:07.121+00:00,153956,7bf0e23b-e546-4171-8243-7b016fd37d6e,,10,FAULT,0x2000,PUMP_CAVITATION,0,0,0,0,0,0,0.0,0.855,0.0,0.0,0.0,0.0,0.0,0.0,0.0,-0.56,112.5,1013.0,20.4,9.0,0.0,0.0,0.0,,0.0,0,0,0,0,0,4.2,0.0,0.0,4495.53,4495.53,0.0,6.93
2026-06-05T07:44:07.296+00:00,154131,7bf0e23b-e546-4171-8243-7b016fd37d6e,,10,FAULT,0x2000,PUMP_CAVITATION,0,0,0,0,0,0,0.0,0.024,0.0,0.0,0.0,0.0,0.0,0.0,0.0,-0.56,112.5,1013.0,20.4,9.1,0.0,0.0,0.0,,0.0,0,0,0,0,0,4.2,0.0,0.0,4495.53,4495.53,0.0,0.0
2026-06-05T07:44:07.470+00:00,154306,7bf0e23b-e546-4171-8243-7b016fd37d6e,,10,FAULT,0x2000,PUMP_CAVITATION,0,0,0,0,0,0,0.0,0.904,0.0,0.0,0.0,0.0,0.0,0.0,0.0,-0.56,112.5,1013.0,20.4,9.0,0.0,0.0,0.0,,0.0,0,0,0,0,0,4.2,0.0,0.0,4495.53,4495.53,0.0,0.0
2026-06-05T07:44:07.646+00:00,154481,7bf0e23b-e546-4171-8243-7b016fd37d6e,,10,FAULT,0x2000,PUMP_CAVITATION,0,0,0,0,0,0,0.0,0.0,0.0,0.0,0.0,0.0,0.0,0.0,0.0,0.65,112.5,1013.0,20.4,9.0,0.0,0.0,0.0,,0.0,0,0,0,0,0,4.2,0.0,0.0,4495.53,4495.53,0.0,6.91
2026-06-05T07:44:07.822+00:00,154656,7bf0e23b-e546-4171-8243-7b016fd37d6e,,10,FAULT,0x2000,PUMP_CAVITATION,0,0,0,0,0,0,0.0,0.953,0.0,0.0,0.0,0.0,0.0,0.0,0.0,-1.29,111.15,1013.0,20.4,9.1,0.0,0.0,0.0,,0.0,0,0,0,0,0,4.2,0.0,0.0,4495.53,4495.53,0.0,-11.09
2026-06-05T07:44:07.997+00:00,154832,7bf0e23b-e546-4171-8243-7b016fd37d6e,,10,FAULT,0x2000,PUMP_CAVITATION,0,0,0,0,0,0,0.0,0.0,0.0,0.0,0.0,0.0,0.0,0.0,0.0,-0.8,112.5,1013.0,20.4,9.0,0.0,0.0,0.0,,0.0,0,0,0,0,0,4.2,0.0,0.0,4495.53,4495.53,0.0,2.78
2026-06-05T07:44:08.173+00:00,155008,7bf0e23b-e546-4171-8243-7b016fd37d6e,,10,FAULT,0x2000,PUMP_CAVITATION,0,0,0,0,0,0,0.0,0.0,0.0,0.0,0.0,0.0,0.0,0.0,0.0,-0.8,107.85,1013.0,20.4,9.1,0.0,0.0,0.0,,0.0,0,0,0,0,0,4.2,0.0,0.0,4495.53,4495.53,0.0,0.0
2026-06-05T07:44:08.349+00:00,155183,7bf0e23b-e546-4171-8243-7b016fd37d6e,,10,FAULT,0x2000,PUMP_CAVITATION,0,0,0,0,0,0,0.0,0.708,0.0,0.0,0.0,0.0,0.0,0.0,0.0,-0.31,112.5,1013.0,20.4,9.0,0.0,0.0,0.0,,0.0,0,0,0,0,0,4.2,0.0,0.0,4495.53,4495.53,0.0,2.8
2026-06-05T07:44:08.524+00:00,155358,7bf0e23b-e546-4171-8243-7b016fd37d6e,,10,FAULT,0x2000,PUMP_CAVITATION,0,0,0,0,0,0,0.0,0.0,0.0,0.0,0.0,0.0,0.0,0.0,0.0,2.12,106.26,1013.0,20.4,9.1,0.0,0.0,0.0,,0.0,0,0,0,0,0,4.2,0.0,0.0,4495.53,4495.53,0.0,13.89
2026-06-05T07:44:08.699+00:00,155534,7bf0e23b-e546-4171-8243-7b016fd37d6e,,10,FAULT,0x2000,PUMP_CAVITATION,0,0,0,0,0,0,0.0,0.855,0.0,0.0,0.0,0.0,0.0,0.0,0.0,0.0,112.5,1013.0,20.4,9.0,0.0,0.0,0.0,,0.0,0,0,0,0,0,4.2,0.0,0.0,4495.53,4495.53,0.0,-12.05
2026-06-05T07:44:08.874+00:00,155709,7bf0e23b-e546-4171-8243-7b016fd37d6e,,10,FAULT,0x2000,PUMP_CAVITATION,0,0,0,0,0,0,0.0,0.073,0.0,0.0,0.0,0.0,0.0,0.0,0.0,-1.05,107.0,1013.0,20.4,9.1,0.0,0.0,0.0,,0.0,0,0,0,0,0,4.2,0.0,0.0,4495.53,4495.53,0.0,-6.0
2026-06-05T07:44:09.050+00:00,155884,7bf0e23b-e546-4171-8243-7b016fd37d6e,,10,FAULT,0x2000,PUMP_CAVITATION,0,0,0,0,0,0,0.0,0.562,0.0,0.0,0.0,0.0,0.0,0.0,0.0,0.65,112.5,1013.0,20.4,9.0,0.0,0.0,0.0,,0.0,0,0,0,0,0,4.2,0.0,0.0,4495.53,4495.53,0.0,9.71
2026-06-05T07:44:09.227+00:00,156059,7bf0e23b-e546-4171-8243-7b016fd37d6e,,10,FAULT,0x2000,PUMP_CAVITATION,0,0,0,0,0,0,0.0,1.05,0.0,0.0,0.0,0.0,0.0,0.0,0.0,-0.8,112.13,1013.0,20.4,9.1,0.0,0.0,0.0,,0.0,0,0,0,0,0,4.2,0.0,0.0,4495.53,4495.53,0.0,-8.29
2026-06-05T07:44:09.402+00:00,156235,7bf0e23b-e546-4171-8243-7b016fd37d6e,,10,FAULT,0x2000,PUMP_CAVITATION,0,0,0,0,0,0,0.0,0.61,0.0,0.0,0.0,0.0,0.0,0.0,0.0,-1.78,112.5,1013.0,20.4,9.0,0.0,0.0,0.0,,0.0,0,0,0,0,0,4.2,0.0,0.0,4495.53,4495.53,0.0,-5.57
2026-06-05T07:44:09.578+00:00,156410,7bf0e23b-e546-4171-8243-7b016fd37d6e,,10,FAULT,0x2000,PUMP_CAVITATION,0,0,0,0,0,0,0.0,0.0,0.0,0.0,0.0,0.0,0.0,0.0,0.0,1.88,109.44,1013.0,20.4,9.1,0.0,0.0,0.0,,0.0,0,0,0,0,0,4.2,0.0,0.0,4495.53,4495.53,0.0,20.91
2026-06-05T07:44:09.754+00:00,156585,7bf0e23b-e546-4171-8243-7b016fd37d6e,,10,FAULT,0x2000,PUMP_CAVITATION,0,0,0,0,0,0,0.0,0.61,0.0,0.0,0.0,0.0,0.0,0.0,0.0,1.39,112.5,1013.0,20.4,9.0,0.0,0.0,0.0,,0.0,0,0,0,0,0,4.2,0.0,0.0,4495.53,4495.53,0.0,-2.8
2026-06-05T07:44:09.927+00:00,156762,7bf0e23b-e546-4171-8243-7b016fd37d6e,,10,FAULT,0x2000,PUMP_CAVITATION,0,0,0,0,0,0,0.0,0.757,0.0,0.0,0.0,0.0,0.0,0.0,0.0,-1.29,112.5,1013.0,20.4,9.0,0.0,0.0,0.0,,0.0,0,0,0,0,0,4.2,0.0,0.0,4495.53,4495.53,0.0,-15.14
2026-06-05T07:44:10.103+00:00,156937,7bf0e23b-e546-4171-8243-7b016fd37d6e,,10,FAULT,0x2000,PUMP_CAVITATION,0,0,0,0,0,0,0.0,0.0,0.0,0.0,0.0,0.0,0.0,0.0,0.0,0.9,109.07,1013.0,20.4,9.0,0.0,0.0,0.0,,0.0,0,0,0,0,0,4.2,0.0,0.0,4495.53,4495.53,0.0,12.51
2026-06-05T07:44:10.279+00:00,157112,7bf0e23b-e546-4171-8243-7b016fd37d6e,,10,FAULT,0x2080,SENSOR_RANGE|PUMP_CAVITATION,0,0,0,0,0,0,0.0,0.757,0.0,0.0,0.0,0.0,0.0,0.0,0.0,-2.27,112.5,1013.0,20.4,9.0,0.0,0.0,0.0,,0.0,0,0,0,0,0,4.2,0.0,0.0,4495.53,4495.53,0.0,-18.11
2026-06-05T07:44:10.455+00:00,157287,7bf0e23b-e546-4171-8243-7b016fd37d6e,,10,FAULT,0x2080,SENSOR_RANGE|PUMP_CAVITATION,0,0,0,0,0,0,0.0,0.219,0.0,0.0,0.0,0.0,0.0,0.0,0.0,0.0,108.46,1013.0,20.4,9.0,0.0,0.0,0.0,,0.0,0,0,0,0,0,4.2,0.0,0.0,4495.53,4495.53,0.0,12.97
2026-06-05T07:44:10.631+00:00,157463,7bf0e23b-e546-4171-8243-7b016fd37d6e,,10,FAULT,0x2080,SENSOR_RANGE|PUMP_CAVITATION,0,0,0,0,0,0,0.0,0.806,0.0,0.0,0.0,0.0,0.0,0.0,0.0,0.0,112.5,1013.0,20.4,9.0,0.0,0.0,0.0,,0.0,0,0,0,0,0,4.2,0.0,0.0,4495.53,4495.53,0.0,0.0
2026-06-05T07:44:10.806+00:00,157638,7bf0e23b-e546-4171-8243-7b016fd37d6e,,10,FAULT,0x2080,SENSOR_RANGE|PUMP_CAVITATION,0,0,0,0,0,0,0.0,0.317,0.0,0.0,0.0,0.0,0.0,0.0,0.0,1.14,110.54,1013.0,20.4,9.1,0.0,0.0,0.0,,0.0,0,0,0,0,0,4.2,0.0,0.0,4495.53,4495.53,0.0,6.51
2026-06-05T07:44:10.980+00:00,157813,7bf0e23b-e546-4171-8243-7b016fd37d6e,,10,FAULT,0x2080,SENSOR_RANGE|PUMP_CAVITATION,0,0,0,0,0,0,0.0,0.0,0.0,0.0,0.0,0.0,0.0,0.0,0.0,-0.31,112.5,1013.0,20.4,9.0,0.0,0.0,0.0,,0.0,0,0,0,0,0,4.2,0.0,0.0,4495.53,4495.53,0.0,-8.29
2026-06-05T07:44:11.156+00:00,157988,7bf0e23b-e546-4171-8243-7b016fd37d6e,,10,FAULT,0x2080,SENSOR_RANGE|PUMP_CAVITATION,0,0,0,0,0,0,0.0,0.366,0.0,0.0,0.0,0.0,0.0,0.0,0.0,0.41,110.91,1013.0,20.4,9.0,0.0,0.0,0.0,,0.0,0,0,0,0,0,4.2,0.0,0.0,4495.53,4495.53,0.0,4.11
2026-06-05T07:44:11.332+00:00,158163,7bf0e23b-e546-4171-8243-7b016fd37d6e,,10,FAULT,0x2080,SENSOR_RANGE|PUMP_CAVITATION,0,0,0,0,0,0,0.0,0.0,0.0,0.0,0.0,0.0,0.0,0.0,0.0,1.39,112.5,1013.0,20.4,9.1,0.0,0.0,0.0,,0.0,0,0,0,0,0,4.2,0.0,0.0,4495.53,4495.53,0.0,5.6
2026-06-05T07:44:11.508+00:00,158339,7bf0e23b-e546-4171-8243-7b016fd37d6e,,10,FAULT,0x2080,SENSOR_RANGE|PUMP_CAVITATION,0,0,0,0,0,0,0.0,0.464,0.0,0.0,0.0,0.0,0.0,0.0,0.0,0.0,111.27,1013.0,20.4,9.1,0.0,0.0,0.0,,0.0,0,0,0,0,0,4.2,0.0,0.0,4495.53,4495.53,0.0,-7.9
2026-06-05T07:44:11.683+00:00,158515,7bf0e23b-e546-4171-8243-7b016fd37d6e,,10,FAULT,0x2080,SENSOR_RANGE|PUMP_CAVITATION,0,0,0,0,0,0,0.0,0.317,0.0,0.0,0.0,0.0,0.0,0.0,0.0,-0.8,112.5,1013.0,20.4,9.1,0.0,0.0,0.0,,0.0,0,0,0,0,0,4.2,0.0,0.0,4495.53,4495.53,0.0,-4.55
2026-06-05T07:44:11.859+00:00,158690,7bf0e23b-e546-4171-8243-7b016fd37d6e,,10,FAULT,0x2080,SENSOR_RANGE|PUMP_CAVITATION,0,0,0,0,0,0,0.0,0.0,0.0,0.0,0.0,0.0,0.0,0.0,0.0,2.37,107.85,1013.0,20.4,9.1,0.0,0.0,0.0,,0.0,0,0,0,0,0,4.2,0.0,0.0,4495.53,4495.53,0.0,18.11
2026-06-05T07:44:12.035+00:00,158865,7bf0e23b-e546-4171-8243-7b016fd37d6e,,10,FAULT,0x2080,SENSOR_RANGE|PUMP_CAVITATION,0,0,0,0,0,0,0.0,0.953,0.0,0.0,0.0,0.0,0.0,0.0,0.0,-1.78,112.5,1013.0,20.4,9.0,0.0,0.0,0.0,,0.0,0,0,0,0,0,4.2,0.0,0.0,4495.53,4495.53,0.0,-23.71
2026-06-05T07:44:12.209+00:00,159041,7bf0e23b-e546-4171-8243-7b016fd37d6e,,10,FAULT,0x2080,SENSOR_RANGE|PUMP_CAVITATION,0,0,0,0,0,0,0.0,0.708,0.0,0.0,0.0,0.0,0.0,0.0,0.0,-0.56,112.5,1013.0,20.4,9.0,0.0,0.0,0.0,,0.0,0,0,0,0,0,4.2,0.0,0.0,4495.53,4495.53,0.0,6.93
2026-06-05T07:44:12.384+00:00,159216,7bf0e23b-e546-4171-8243-7b016fd37d6e,,10,FAULT,0x2080,SENSOR_RANGE|PUMP_CAVITATION,0,0,0,0,0,0,0.0,0.464,0.0,0.0,0.0,0.0,0.0,0.0,0.0,-1.05,112.5,1013.0,20.4,9.1,0.0,0.0,0.0,,0.0,0,0,0,0,0,4.2,0.0,0.0,4495.53,4495.53,0.0,-2.8
2026-06-05T07:44:12.560+00:00,159391,7bf0e23b-e546-4171-8243-7b016fd37d6e,,10,FAULT,0x2080,SENSOR_RANGE|PUMP_CAVITATION,0,0,0,0,0,0,0.0,0.0,0.0,0.0,0.0,0.0,0.0,0.0,0.0,1.14,110.3,1013.0,20.4,9.1,0.0,0.0,0.0,,0.0,0,0,0,0,0,4.2,0.0,0.0,4495.53,4495.53,0.0,12.51
2026-06-05T07:44:12.737+00:00,159567,7bf0e23b-e546-4171-8243-7b016fd37d6e,,10,FAULT,0x2080,SENSOR_RANGE|PUMP_CAVITATION,0,0,0,0,0,0,0.0,0.122,0.0,0.0,0.0,0.0,0.0,0.0,0.0,0.9,110.54,1013.0,20.4,9.0,0.0,0.0,0.0,,0.0,0,0,0,0,0,4.2,0.0,0.0,4495.53,4495.53,0.0,-1.36
2026-06-05T07:44:12.912+00:00,159742,7bf0e23b-e546-4171-8243-7b016fd37d6e,,10,FAULT,0x2080,SENSOR_RANGE|PUMP_CAVITATION,0,0,0,0,0,0,0.0,0.708,0.0,0.0,0.0,0.0,0.0,0.0,0.0,-0.8,112.5,1013.0,20.4,9.0,0.0,0.0,0.0,,0.0,0,0,0,0,0,4.2,0.0,0.0,4495.53,4495.53,0.0,-9.71
2026-06-05T07:44:13.088+00:00,159918,7bf0e23b-e546-4171-8243-7b016fd37d6e,,10,FAULT,0x2080,SENSOR_RANGE|PUMP_CAVITATION,0,0,0,0,0,0,0.0,0.317,0.0,0.0,0.0,0.0,0.0,0.0,0.0,-1.29,109.93,1013.0,20.4,9.1,0.0,0.0,0.0,,0.0,0,0,0,0,0,4.2,0.0,0.0,4495.53,4495.53,0.0,-2.78
2026-06-05T07:44:13.264+00:00,160094,7bf0e23b-e546-4171-8243-7b016fd37d6e,,10,FAULT,0x2080,SENSOR_RANGE|PUMP_CAVITATION,0,0,0,0,0,0,0.0,0.366,0.0,0.0,0.0,0.0,0.0,0.0,0.0,-1.78,112.5,1013.0,20.4,9.1,0.0,0.0,0.0,,0.0,0,0,0,0,0,4.2,0.0,0.0,4495.53,4495.53,0.0,-2.78
2026-06-05T07:44:13.438+00:00,160269,7bf0e23b-e546-4171-8243-7b016fd37d6e,,10,FAULT,0x2080,SENSOR_RANGE|PUMP_CAVITATION,0,0,0,0,0,0,0.0,0.122,0.0,0.0,0.0,0.0,0.0,0.0,0.0,0.0,108.46,1013.0,20.4,9.0,0.0,0.0,0.0,,0.0,0,0,0,0,0,4.2,0.0,0.0,4495.53,4495.53,0.0,10.17
2026-06-05T07:44:13.613+00:00,160444,7bf0e23b-e546-4171-8243-7b016fd37d6e,,10,FAULT,0x2080,SENSOR_RANGE|PUMP_CAVITATION,0,0,0,0,0,0,0.0,0.708,0.0,0.0,0.0,0.0,0.0,0.0,0.0,0.0,112.5,1013.0,20.4,9.1,0.0,0.0,0.0,,0.0,0,0,0,0,0,4.2,0.0,0.0,4495.53,4495.53,0.0,0.0
2026-06-05T07:44:13.789+00:00,160619,7bf0e23b-e546-4171-8243-7b016fd37d6e,,10,FAULT,0x2080,SENSOR_RANGE|PUMP_CAVITATION,0,0,0,0,0,0,0.0,0.171,0.0,0.0,0.0,0.0,0.0,0.0,0.0,-1.78,107.49,1013.0,20.4,9.1,0.0,0.0,0.0,,0.0,0,0,0,0,0,4.2,0.0,0.0,4495.53,4495.53,0.0,-10.17
2026-06-05T07:44:13.965+00:00,160795,7bf0e23b-e546-4171-8243-7b016fd37d6e,,10,FAULT,0x2080,SENSOR_RANGE|PUMP_CAVITATION,0,0,0,0,0,0,0.0,0.0,0.0,0.0,0.0,0.0,0.0,0.0,0.0,0.9,112.5,1013.0,20.4,9.0,0.0,0.0,0.0,,0.0,0,0,0,0,0,4.2,0.0,0.0,4495.53,4495.53,0.0,15.23
2026-06-05T07:44:14.141+00:00,160970,7bf0e23b-e546-4171-8243-7b016fd37d6e,,10,FAULT,0x2080,SENSOR_RANGE|PUMP_CAVITATION,0,0,0,0,0,0,0.0,0.513,0.0,0.0,0.0,0.0,0.0,0.0,0.0,0.41,111.76,1013.0,20.4,9.0,0.0,0.0,0.0,,0.0,0,0,0,0,0,4.2,0.0,0.0,4495.53,4495.53,0.0,-2.8
2026-06-05T07:44:14.317+00:00,161145,7bf0e23b-e546-4171-8243-7b016fd37d6e,,10,FAULT,0x2080,SENSOR_RANGE|PUMP_CAVITATION,0,0,0,0,0,0,0.0,0.415,0.0,0.0,0.0,0.0,0.0,0.0,0.0,-1.53,112.5,1013.0,20.4,9.1,0.0,0.0,0.0,,0.0,0,0,0,0,0,4.2,0.0,0.0,4495.53,4495.53,0.0,-11.09
2026-06-05T07:44:14.493+00:00,161320,7bf0e23b-e546-4171-8243-7b016fd37d6e,,10,FAULT,0x2080,SENSOR_RANGE|PUMP_CAVITATION,0,0,0,0,0,0,0.0,0.073,0.0,0.0,0.0,0.0,0.0,0.0,0.0,-0.8,110.17,1013.0,20.4,9.1,0.0,0.0,0.0,,0.0,0,0,0,0,0,4.2,0.0,0.0,4495.53,4495.53,0.0,4.17
2026-06-05T07:44:14.667+00:00,161497,7bf0e23b-e546-4171-8243-7b016fd37d6e,,10,FAULT,0x2080,SENSOR_RANGE|PUMP_CAVITATION,0,0,0,0,0,0,0.0,0.708,0.0,0.0,0.0,0.0,0.0,0.0,0.0,-1.05,112.5,1013.0,20.4,9.0,0.0,0.0,0.0,,0.0,0,0,0,0,0,4.2,0.0,0.0,4495.53,4495.53,0.0,-1.41
2026-06-05T07:44:14.842+00:00,161672,7bf0e23b-e546-4171-8243-7b016fd37d6e,,10,FAULT,0x2080,SENSOR_RANGE|PUMP_CAVITATION,0,0,0,0,0,0,0.0,0.415,0.0,0.0,0.0,0.0,0.0,0.0,0.0,-1.29,110.42,1013.0,20.4,9.0,0.0,0.0,0.0,,0.0,0,0,0,0,0,4.2,0.0,0.0,4495.53,4495.53,0.0,-1.37
2026-06-05T07:44:15.018+00:00,161848,7bf0e23b-e546-4171-8243-7b016fd37d6e,,10,FAULT,0x2080,SENSOR_RANGE|PUMP_CAVITATION,0,0,0,0,0,0,0.0,0.0,0.0,0.0,0.0,0.0,0.0,0.0,0.0,0.65,110.91,1013.0,20.4,9.0,0.0,0.0,0.0,,0.0,0,0,0,0,0,4.2,0.0,0.0,4495.53,4495.53,0.0,11.02
2026-06-05T07:44:15.194+00:00,162023,7bf0e23b-e546-4171-8243-7b016fd37d6e,,10,FAULT,0x2080,SENSOR_RANGE|PUMP_CAVITATION,0,0,0,0,0,0,0.0,0.659,0.0,0.0,0.0,0.0,0.0,0.0,0.0,1.14,112.5,1013.0,20.4,9.0,0.0,0.0,0.0,,0.0,0,0,0,0,0,4.2,0.0,0.0,4495.53,4495.53,0.0,2.8
2026-06-05T07:44:15.370+00:00,162198,7bf0e23b-e546-4171-8243-7b016fd37d6e,,10,FAULT,0x2080,SENSOR_RANGE|PUMP_CAVITATION,0,0,0,0,0,0,0.0,0.122,0.0,0.0,0.0,0.0,0.0,0.0,0.0,0.41,112.01,1013.0,20.4,9.1,0.0,0.0,0.0,,0.0,0,0,0,0,0,4.2,0.0,0.0,4495.53,4495.53,0.0,-4.17
2026-06-05T07:44:15.545+00:00,162373,7bf0e23b-e546-4171-8243-7b016fd37d6e,,10,FAULT,0x2080,SENSOR_RANGE|PUMP_CAVITATION,0,0,0,0,0,0,0.0,0.855,0.0,0.0,0.0,0.0,0.0,0.0,0.0,0.9,109.81,1013.0,20.4,9.0,0.0,0.0,0.0,,0.0,0,0,0,0,0,4.2,0.0,0.0,4495.53,4495.53,0.0,2.8
2026-06-05T07:44:15.721+00:00,162548,7bf0e23b-e546-4171-8243-7b016fd37d6e,,10,FAULT,0x2080,SENSOR_RANGE|PUMP_CAVITATION,0,0,0,0,0,0,0.0,0.659,0.0,0.0,0.0,0.0,0.0,0.0,0.0,-1.78,112.13,1013.0,20.4,9.0,0.0,0.0,0.0,,0.0,0,0,0,0,0,4.2,0.0,0.0,4495.53,4495.53,0.0,-15.31
2026-06-05T07:44:15.897+00:00,162724,7bf0e23b-e546-4171-8243-7b016fd37d6e,,10,FAULT,0x2080,SENSOR_RANGE|PUMP_CAVITATION,0,0,0,0,0,0,0.0,0.415,0.0,0.0,0.0,0.0,0.0,0.0,0.0,-0.56,112.5,1013.0,20.4,9.0,0.0,0.0,0.0,,0.0,0,0,0,0,0,4.2,0.0,0.0,4495.53,4495.53,0.0,6.93
2026-06-05T07:44:16.071+00:00,162899,7bf0e23b-e546-4171-8243-7b016fd37d6e,,10,FAULT,0x2080,SENSOR_RANGE|PUMP_CAVITATION,0,0,0,0,0,0,0.0,0.757,0.0,0.0,0.0,0.0,0.0,0.0,0.0,0.0,112.25,1013.0,20.4,9.0,0.0,0.0,0.0,,0.0,0,0,0,0,0,4.2,0.0,0.0,4495.53,4495.53,0.0,3.2
2026-06-05T07:44:16.247+00:00,163075,7bf0e23b-e546-4171-8243-7b016fd37d6e,,10,FAULT,0x2080,SENSOR_RANGE|PUMP_CAVITATION,0,0,0,0,0,0,0.0,0.024,0.0,0.0,0.0,0.0,0.0,0.0,0.0,-0.56,112.5,1013.0,20.4,9.0,0.0,0.0,0.0,,0.0,0,0,0,0,0,4.2,0.0,0.0,4495.53,4495.53,0.0,-3.18
2026-06-05T07:44:16.423+00:00,163250,7bf0e23b-e546-4171-8243-7b016fd37d6e,,10,FAULT,0x2080,SENSOR_RANGE|PUMP_CAVITATION,0,0,0,0,0,0,0.0,0.0,0.0,0.0,0.0,0.0,0.0,0.0,0.0,0.9,108.1,1013.0,20.4,9.0,0.0,0.0,0.0,,0.0,0,0,0,0,0,4.2,0.0,0.0,4495.53,4495.53,0.0,8.34
2026-06-05T07:44:16.599+00:00,163426,7bf0e23b-e546-4171-8243-7b016fd37d6e,,10,FAULT,0x2080,SENSOR_RANGE|PUMP_CAVITATION,0,0,0,0,0,0,0.0,0.366,0.0,0.0,0.0,0.0,0.0,0.0,0.0,-1.78,112.5,1013.0,20.4,9.0,0.0,0.0,0.0,,0.0,0,0,0,0,0,4.2,0.0,0.0,4495.53,4495.53,0.0,-15.23
2026-06-05T07:44:16.774+00:00,163601,7bf0e23b-e546-4171-8243-7b016fd37d6e,,10,FAULT,0x2080,SENSOR_RANGE|PUMP_CAVITATION,0,0,0,0,0,0,0.0,0.122,0.0,0.0,0.0,0.0,0.0,0.0,0.0,0.0,108.95,1013.0,20.4,9.0,0.0,0.0,0.0,,0.0,0,0,0,0,0,4.2,0.0,0.0,4495.53,4495.53,0.0,10.17
2026-06-05T07:44:16.950+00:00,163776,7bf0e23b-e546-4171-8243-7b016fd37d6e,,10,FAULT,0x2080,SENSOR_RANGE|PUMP_CAVITATION,0,0,0,0,0,0,0.0,0.0,0.0,0.0,0.0,0.0,0.0,0.0,0.0,-0.31,112.37,1013.1,20.4,9.1,0.0,0.0,0.0,,0.0,0,0,0,0,0,4.2,0.0,0.0,4495.53,4495.53,0.0,-1.77
2026-06-05T07:44:17.124+00:00,163951,7bf0e23b-e546-4171-8243-7b016fd37d6e,,10,FAULT,0x2080,SENSOR_RANGE|PUMP_CAVITATION,0,0,0,0,0,0,0.0,0.659,0.0,0.0,0.0,0.0,0.0,0.0,0.0,0.41,112.13,1013.0,20.4,9.0,0.0,0.0,0.0,,0.0,0,0,0,0,0,4.2,0.0,0.0,4495.53,4495.53,0.0,4.11
2026-06-05T07:44:17.299+00:00,164127,7bf0e23b-e546-4171-8243-7b016fd37d6e,,10,FAULT,0x2080,SENSOR_RANGE|PUMP_CAVITATION,0,0,0,0,0,0,0.0,0.708,0.0,0.0,0.0,0.0,0.0,0.0,0.0,-1.53,112.5,1013.0,20.4,9.0,0.0,0.0,0.0,,0.0,0,0,0,0,0,4.2,0.0,0.0,4495.53,4495.53,0.0,-11.02
2026-06-05T07:44:17.475+00:00,164302,7bf0e23b-e546-4171-8243-7b016fd37d6e,,10,FAULT,0x2080,SENSOR_RANGE|PUMP_CAVITATION,0,0,0,0,0,0,0.0,0.122,0.0,0.0,0.0,0.0,0.0,0.0,0.0,0.41,111.27,1013.0,20.4,9.0,0.0,0.0,0.0,,0.0,0,0,0,0,0,4.2,0.0,0.0,4495.53,4495.53,0.0,11.09
2026-06-05T07:44:17.651+00:00,164477,7bf0e23b-e546-4171-8243-7b016fd37d6e,,10,FAULT,0x2080,SENSOR_RANGE|PUMP_CAVITATION,0,0,0,0,0,0,0.0,0.0,0.0,0.0,0.0,0.0,0.0,0.0,0.0,-0.56,112.13,1013.0,20.4,9.0,0.0,0.0,0.0,,0.0,0,0,0,0,0,4.2,0.0,0.0,4495.53,4495.53,0.0,-5.54
2026-06-05T07:44:17.827+00:00,164653,7bf0e23b-e546-4171-8243-7b016fd37d6e,,10,FAULT,0x2080,SENSOR_RANGE|PUMP_CAVITATION,0,0,0,0,0,0,0.0,0.024,0.0,0.0,0.0,0.0,0.0,0.0,0.0,1.14,107.97,1013.0,20.4,9.0,0.0,0.0,0.0,,0.0,0,0,0,0,0,4.2,0.0,0.0,4495.53,4495.53,0.0,9.66
2026-06-05T07:44:18.003+00:00,164829,7bf0e23b-e546-4171-8243-7b016fd37d6e,,10,FAULT,0x2080,SENSOR_RANGE|PUMP_CAVITATION,0,0,0,0,0,0,0.0,0.562,0.0,0.0,0.0,0.0,0.0,0.0,0.0,0.65,112.5,1013.0,20.4,9.1,0.0,0.0,0.0,,0.0,0,0,0,0,0,4.2,0.0,0.0,4495.53,4495.53,0.0,-2.78
2026-06-05T07:44:18.179+00:00,165004,7bf0e23b-e546-4171-8243-7b016fd37d6e,,10,FAULT,0x2080,SENSOR_RANGE|PUMP_CAVITATION,0,0,0,0,0,0,0.0,0.317,0.0,0.0,0.0,0.0,0.0,0.0,0.0,-1.05,112.01,1013.0,20.4,9.0,0.0,0.0,0.0,,0.0,0,0,0,0,0,4.2,0.0,0.0,4495.53,4495.53,0.0,-9.71
2026-06-05T07:44:18.353+00:00,165179,7bf0e23b-e546-4171-8243-7b016fd37d6e,,10,FAULT,0x2080,SENSOR_RANGE|PUMP_CAVITATION,0,0,0,0,0,0,0.0,0.122,0.0,0.0,0.0,0.0,0.0,0.0,0.0,-1.78,108.83,1013.0,20.4,9.0,0.0,0.0,0.0,,0.0,0,0,0,0,0,4.2,0.0,0.0,4495.53,4495.53,0.0,-4.17
2026-06-05T07:44:18.528+00:00,165355,7bf0e23b-e546-4171-8243-7b016fd37d6e,,10,FAULT,0x2080,SENSOR_RANGE|PUMP_CAVITATION,0,0,0,0,0,0,0.0,0.0,0.0,0.0,0.0,0.0,0.0,0.0,0.0,0.41,112.5,1013.0,20.4,9.0,0.0,0.0,0.0,,0.0,0,0,0,0,0,4.2,0.0,0.0,4495.53,4495.53,0.0,12.44
2026-06-05T07:44:18.704+00:00,165530,7bf0e23b-e546-4171-8243-7b016fd37d6e,,10,FAULT,0x2080,SENSOR_RANGE|PUMP_CAVITATION,0,0,0,0,0,0,0.0,0.219,0.0,0.0,0.0,0.0,0.0,0.0,0.0,1.14,107.36,1013.0,20.4,9.0,0.0,0.0,0.0,,0.0,0,0,0,0,0,4.2,0.0,0.0,4495.53,4495.53,0.0,4.17
2026-06-05T07:44:18.880+00:00,165705,7bf0e23b-e546-4171-8243-7b016fd37d6e,,10,FAULT,0x2080,SENSOR_RANGE|PUMP_CAVITATION,0,0,0,0,0,0,0.0,0.562,0.0,0.0,0.0,0.0,0.0,0.0,0.0,0.0,112.5,1013.0,20.4,9.0,0.0,0.0,0.0,,0.0,0,0,0,0,0,4.2,0.0,0.0,4495.53,4495.53,0.0,-6.51
2026-06-05T07:44:19.056+00:00,165880,7bf0e23b-e546-4171-8243-7b016fd37d6e,,10,FAULT,0x2080,SENSOR_RANGE|PUMP_CAVITATION,0,0,0,0,0,0,0.0,0.317,0.0,0.0,0.0,0.0,0.0,0.0,0.0,-0.8,108.71,1013.0,20.4,9.0,0.0,0.0,0.0,,0.0,0,0,0,0,0,4.2,0.0,0.0,4495.53,4495.53,0.0,-4.57
2026-06-05T07:44:19.231+00:00,166055,7bf0e23b-e546-4171-8243-7b016fd37d6e,,10,FAULT,0x2080,SENSOR_RANGE|PUMP_CAVITATION,0,0,0,0,0,0,0.0,0.0,0.0,0.0,0.0,0.0,0.0,0.0,0.0,0.0,112.5,1013.0,20.4,9.0,0.0,0.0,0.0,,0.0,0,0,0,0,0,4.2,0.0,0.0,4495.53,4495.53,0.0,4.57
2026-06-05T07:44:19.405+00:00,166231,7bf0e23b-e546-4171-8243-7b016fd37d6e,,10,FAULT,0x2080,SENSOR_RANGE|PUMP_CAVITATION,0,0,0,0,0,0,0.0,0.0,0.0,0.0,0.0,0.0,0.0,0.0,0.0,1.14,107.0,1013.0,20.4,9.0,0.0,0.0,0.0,,0.0,0,0,0,0,0,4.2,0.0,0.0,4495.53,4495.53,0.0,6.48
2026-06-05T07:44:19.583+00:00,166406,7bf0e23b-e546-4171-8243-7b016fd37d6e,,10,FAULT,0x2080,SENSOR_RANGE|PUMP_CAVITATION,0,0,0,0,0,0,0.0,0.659,0.0,0.0,0.0,0.0,0.0,0.0,0.0,0.9,112.5,1013.0,20.4,9.0,0.0,0.0,0.0,,0.0,0,0,0,0,0,4.2,0.0,0.0,4495.53,4495.53,0.0,-1.37
2026-06-05T07:44:19.757+00:00,166582,7bf0e23b-e546-4171-8243-7b016fd37d6e,,10,FAULT,0x2080,SENSOR_RANGE|PUMP_CAVITATION,0,0,0,0,0,0,0.0,0.0,0.0,0.0,0.0,0.0,0.0,0.0,0.0,1.88,106.75,1013.0,20.4,9.0,0.0,0.0,0.0,,0.0,0,0,0,0,0,4.2,0.0,0.0,4495.53,4495.53,0.0,5.57
2026-06-05T07:44:19.932+00:00,166757,7bf0e23b-e546-4171-8243-7b016fd37d6e,,10,FAULT,0x2080,SENSOR_RANGE|PUMP_CAVITATION,0,0,0,0,0,0,0.0,0.0,0.0,0.0,0.0,0.0,0.0,0.0,0.0,1.39,112.5,1013.0,20.4,9.0,0.0,0.0,0.0,,0.0,0,0,0,0,0,4.2,0.0,0.0,4495.53,4495.53,0.0,-2.8
2026-06-05T07:44:20.108+00:00,166932,7bf0e23b-e546-4171-8243-7b016fd37d6e,,10,FAULT,0x2080,SENSOR_RANGE|PUMP_CAVITATION,0,0,0,0,0,0,0.0,0.0,0.0,0.0,0.0,0.0,0.0,0.0,0.0,0.0,106.63,1013.0,20.4,9.0,0.0,0.0,0.0,,0.0,0,0,0,0,0,4.2,0.0,0.0,4495.53,4495.53,0.0,-7.94
2026-06-05T07:44:20.286+00:00,167107,7bf0e23b-e546-4171-8243-7b016fd37d6e,,10,FAULT,0x2080,SENSOR_RANGE|PUMP_CAVITATION,0,0,0,0,0,0,0.0,1.001,0.0,0.0,0.0,0.0,0.0,0.0,0.0,-0.56,112.5,1013.0,20.4,9.0,0.0,0.0,0.0,,0.0,0,0,0,0,0,4.2,0.0,0.0,4495.53,4495.53,0.0,-3.2
2026-06-05T07:44:20.458+00:00,167282,7bf0e23b-e546-4171-8243-7b016fd37d6e,,10,FAULT,0x2080,SENSOR_RANGE|PUMP_CAVITATION,0,0,0,0,0,0,0.0,0.904,0.0,0.0,0.0,0.0,0.0,0.0,0.0,0.0,112.5,1013.0,20.4,9.0,0.0,0.0,0.0,,0.0,0,0,0,0,0,4.2,0.0,0.0,4495.53,4495.53,0.0,3.2
2026-06-05T07:44:20.634+00:00,167458,7bf0e23b-e546-4171-8243-7b016fd37d6e,,10,FAULT,0x2080,SENSOR_RANGE|PUMP_CAVITATION,0,0,0,0,0,0,0.0,0.562,0.0,0.0,0.0,0.0,0.0,0.0,0.0,0.9,112.5,1013.0,20.4,9.0,0.0,0.0,0.0,,0.0,0,0,0,0,0,4.2,0.0,0.0,4495.53,4495.53,0.0,5.11
2026-06-05T07:44:20.810+00:00,167633,7bf0e23b-e546-4171-8243-7b016fd37d6e,,10,FAULT,0x2080,SENSOR_RANGE|PUMP_CAVITATION,0,0,0,0,0,0,0.0,0.0,0.0,0.0,0.0,0.0,0.0,0.0,0.0,-0.31,108.22,1013.0,20.4,9.1,0.0,0.0,0.0,,0.0,0,0,0,0,0,4.2,0.0,0.0,4495.53,4495.53,0.0,-6.91
2026-06-05T07:44:20.985+00:00,167809,7bf0e23b-e546-4171-8243-7b016fd37d6e,,10,FAULT,0x2080,SENSOR_RANGE|PUMP_CAVITATION,0,0,0,0,0,0,0.0,0.0,0.0,0.0,0.0,0.0,0.0,0.0,0.0,1.88,110.78,1013.0,20.4,9.0,0.0,0.0,0.0,,0.0,0,0,0,0,0,4.2,0.0,0.0,4495.53,4495.53,0.0,12.44
2026-06-05T07:44:21.161+00:00,167984,7bf0e23b-e546-4171-8243-7b016fd37d6e,,10,FAULT,0x2080,SENSOR_RANGE|PUMP_CAVITATION,0,0,0,0,0,0,0.0,0.0,0.0,0.0,0.0,0.0,0.0,0.0,0.0,1.39,109.32,1013.0,20.4,9.1,0.0,0.0,0.0,,0.0,0,0,0,0,0,4.2,0.0,0.0,4495.53,4495.53,0.0,-2.8
2026-06-05T07:44:21.338+00:00,168159,7bf0e23b-e546-4171-8243-7b016fd37d6e,,10,FAULT,0x2080,SENSOR_RANGE|PUMP_CAVITATION,0,0,0,0,0,0,0.0,0.171,0.0,0.0,0.0,0.0,0.0,0.0,0.0,-1.53,110.42,1013.0,20.4,9.0,0.0,0.0,0.0,,0.0,0,0,0,0,0,4.2,0.0,0.0,4495.53,4495.53,0.0,-16.69
2026-06-05T07:44:21.510+00:00,168335,7bf0e23b-e546-4171-8243-7b016fd37d6e,,10,FAULT,0x2080,SENSOR_RANGE|PUMP_CAVITATION,0,0,0,0,0,0,0.0,0.219,0.0,0.0,0.0,0.0,0.0,0.0,0.0,-1.78,111.52,1013.0,20.4,9.0,0.0,0.0,0.0,,0.0,0,0,0,0,0,4.2,0.0,0.0,4495.53,4495.53,0.0,-1.42
2026-06-05T07:44:21.687+00:00,168510,7bf0e23b-e546-4171-8243-7b016fd37d6e,,10,FAULT,0x2080,SENSOR_RANGE|PUMP_CAVITATION,0,0,0,0,0,0,0.0,0.855,0.0,0.0,0.0,0.0,0.0,0.0,0.0,-1.05,111.76,1013.0,20.4,9.0,0.0,0.0,0.0,,0.0,0,0,0,0,0,4.2,0.0,0.0,4495.53,4495.53,0.0,4.17
2026-06-05T07:44:21.862+00:00,168686,7bf0e23b-e546-4171-8243-7b016fd37d6e,,10,FAULT,0x2080,SENSOR_RANGE|PUMP_CAVITATION,0,0,0,0,0,0,0.0,0.0,0.0,0.0,0.0,0.0,0.0,0.0,0.0,0.9,111.76,1013.0,20.4,9.1,0.0,0.0,0.0,,0.0,0,0,0,0,0,4.2,0.0,0.0,4495.53,4495.53,0.0,11.08
2026-06-05T07:44:22.038+00:00,168861,7bf0e23b-e546-4171-8243-7b016fd37d6e,,10,FAULT,0x2080,SENSOR_RANGE|PUMP_CAVITATION,0,0,0,0,0,0,0.0,0.855,0.0,0.0,0.0,0.0,0.0,0.0,0.0,0.65,107.24,1013.0,20.4,9.0,0.0,0.0,0.0,,0.0,0,0,0,0,0,4.2,0.0,0.0,4495.53,4495.53,0.0,-1.43
2026-06-05T07:44:22.214+00:00,169036,7bf0e23b-e546-4171-8243-7b016fd37d6e,,10,FAULT,0x2080,SENSOR_RANGE|PUMP_CAVITATION,0,0,0,0,0,0,0.0,0.562,0.0,0.0,0.0,0.0,0.0,0.0,0.0,0.65,112.5,1013.0,20.4,9.0,0.0,0.0,0.0,,0.0,0,0,0,0,0,4.2,0.0,0.0,4495.53,4495.53,0.0,0.0
2026-06-05T07:44:22.390+00:00,169211,7bf0e23b-e546-4171-8243-7b016fd37d6e,,10,FAULT,0x2080,SENSOR_RANGE|PUMP_CAVITATION,0,0,0,0,0,0,0.0,0.855,0.0,0.0,0.0,0.0,0.0,0.0,0.0,-1.05,112.01,1013.0,20.4,9.0,0.0,0.0,0.0,,0.0,0,0,0,0,0,4.2,0.0,0.0,4495.53,4495.53,0.0,-9.71
2026-06-05T07:44:22.566+00:00,169387,7bf0e23b-e546-4171-8243-7b016fd37d6e,,10,FAULT,0x2080,SENSOR_RANGE|PUMP_CAVITATION,0,0,0,0,0,0,0.0,1.148,0.0,0.0,0.0,0.0,0.0,0.0,0.0,0.9,112.37,1013.0,20.4,9.0,0.0,0.0,0.0,,0.0,0,0,0,0,0,4.2,0.0,0.0,4495.53,4495.53,0.0,11.08
2026-06-05T07:44:22.739+00:00,169563,7bf0e23b-e546-4171-8243-7b016fd37d6e,,10,FAULT,0x2080,SENSOR_RANGE|PUMP_CAVITATION,0,0,0,0,0,0,0.0,0.0,0.0,0.0,0.0,0.0,0.0,0.0,0.0,0.0,109.44,1013.0,20.4,9.1,0.0,0.0,0.0,,0.0,0,0,0,0,0,4.2,0.0,0.0,4495.53,4495.53,0.0,-5.11
2026-06-05T07:44:22.915+00:00,169738,7bf0e23b-e546-4171-8243-7b016fd37d6e,,10,FAULT,0x2080,SENSOR_RANGE|PUMP_CAVITATION,0,0,0,0,0,0,0.0,0.0,0.0,0.0,0.0,0.0,0.0,0.0,0.0,-0.56,112.5,1013.0,20.4,9.1,0.0,0.0,0.0,,0.0,0,0,0,0,0,4.2,0.0,0.0,4495.53,4495.53,0.0,-3.2
2026-06-05T07:44:23.091+00:00,169913,7bf0e23b-e546-4171-8243-7b016fd37d6e,,10,FAULT,0x2080,SENSOR_RANGE|PUMP_CAVITATION,0,0,0,0,0,0,0.0,1.001,0.0,0.0,0.0,0.0,0.0,0.0,0.0,-0.56,105.65,1013.0,20.4,9.1,0.0,0.0,0.0,,0.0,0,0,0,0,0,4.2,0.0,0.0,4495.53,4495.53,0.0,0.0
2026-06-05T07:44:23.267+00:00,170088,7bf0e23b-e546-4171-8243-7b016fd37d6e,,10,FAULT,0x2080,SENSOR_RANGE|PUMP_CAVITATION,0,0,0,0,0,0,0.0,0.0,0.0,0.0,0.0,0.0,0.0,0.0,0.0,1.88,112.13,1013.0,20.4,9.0,0.0,0.0,0.0,,0.0,0,0,0,0,0,4.2,0.0,0.0,4495.53,4495.53,0.0,13.94
2026-06-05T07:44:23.442+00:00,170263,7bf0e23b-e546-4171-8243-7b016fd37d6e,,10,FAULT,0x2080,SENSOR_RANGE|PUMP_CAVITATION,0,0,0,0,0,0,0.0,0.0,0.0,0.0,0.0,0.0,0.0,0.0,0.0,0.9,108.22,1013.0,20.4,9.0,0.0,0.0,0.0,,0.0,0,0,0,0,0,4.2,0.0,0.0,4495.53,4495.53,0.0,-5.6
2026-06-05T07:44:23.618+00:00,170439,7bf0e23b-e546-4171-8243-7b016fd37d6e,,10,FAULT,0x2080,SENSOR_RANGE|PUMP_CAVITATION,0,0,0,0,0,0,0.0,1.05,0.0,0.0,0.0,0.0,0.0,0.0,0.0,0.0,112.5,1013.0,20.4,9.1,0.0,0.0,0.0,,0.0,0,0,0,0,0,4.2,0.0,0.0,4495.53,4495.53,0.0,-5.11
2026-06-05T07:44:23.793+00:00,170614,7bf0e23b-e546-4171-8243-7b016fd37d6e,,10,FAULT,0x2080,SENSOR_RANGE|PUMP_CAVITATION,0,0,0,0,0,0,0.0,0.0,0.0,0.0,0.0,0.0,0.0,0.0,0.0,1.63,108.58,1013.0,20.4,9.0,0.0,0.0,0.0,,0.0,0,0,0,0,0,4.2,0.0,0.0,4495.53,4495.53,0.0,9.31
2026-06-05T07:44:23.968+00:00,170789,7bf0e23b-e546-4171-8243-7b016fd37d6e,,10,FAULT,0x2080,SENSOR_RANGE|PUMP_CAVITATION,0,0,0,0,0,0,0.0,0.0,0.0,0.0,0.0,0.0,0.0,0.0,0.0,2.12,109.81,1013.0,20.4,9.0,0.0,0.0,0.0,,0.0,0,0,0,0,0,4.2,0.0,0.0,4495.53,4495.53,0.0,2.8
2026-06-05T07:44:24.144+00:00,170964,7bf0e23b-e546-4171-8243-7b016fd37d6e,,10,FAULT,0x2080,SENSOR_RANGE|PUMP_CAVITATION,0,0,0,0,0,0,0.0,0.757,0.0,0.0,0.0,0.0,0.0,0.0,0.0,1.39,108.95,1013.0,20.4,9.0,0.0,0.0,0.0,,0.0,0,0,0,0,0,4.2,0.0,0.0,4495.53,4495.53,0.0,-4.17
2026-06-05T07:44:24.319+00:00,171140,7bf0e23b-e546-4171-8243-7b016fd37d6e,,10,FAULT,0x2080,SENSOR_RANGE|PUMP_CAVITATION,0,0,0,0,0,0,0.0,0.757,0.0,0.0,0.0,0.0,0.0,0.0,0.0,0.9,112.5,1013.0,20.4,9.0,0.0,0.0,0.0,,0.0,0,0,0,0,0,4.2,0.0,0.0,4495.53,4495.53,0.0,-2.78
2026-06-05T07:44:24.496+00:00,171316,7bf0e23b-e546-4171-8243-7b016fd37d6e,,10,FAULT,0x2080,SENSOR_RANGE|PUMP_CAVITATION,0,0,0,0,0,0,0.0,0.0,0.0,0.0,0.0,0.0,0.0,0.0,0.0,1.63,112.25,1013.0,20.4,9.0,0.0,0.0,0.0,,0.0,0,0,0,0,0,4.2,0.0,0.0,4495.53,4495.53,0.0,4.15
2026-06-05T07:44:24.671+00:00,171491,7bf0e23b-e546-4171-8243-7b016fd37d6e,,10,FAULT,0x2080,SENSOR_RANGE|PUMP_CAVITATION,0,0,0,0,0,0,0.0,0.0,0.0,0.0,0.0,0.0,0.0,0.0,0.0,0.65,109.68,1013.0,20.4,9.0,0.0,0.0,0.0,,0.0,0,0,0,0,0,4.2,0.0,0.0,4495.53,4495.53,0.0,-5.6
2026-06-05T07:44:24.847+00:00,171666,7bf0e23b-e546-4171-8243-7b016fd37d6e,,10,FAULT,0x2080,SENSOR_RANGE|PUMP_CAVITATION,0,0,0,0,0,0,0.0,0.073,0.0,0.0,0.0,0.0,0.0,0.0,0.0,-1.29,112.5,1013.0,20.4,9.0,0.0,0.0,0.0,,0.0,0,0,0,0,0,4.2,0.0,0.0,4495.53,4495.53,0.0,-11.09
2026-06-05T07:44:25.021+00:00,171841,7bf0e23b-e546-4171-8243-7b016fd37d6e,,10,FAULT,0x2080,SENSOR_RANGE|PUMP_CAVITATION,0,0,0,0,0,0,0.0,0.0,0.0,0.0,0.0,0.0,0.0,0.0,0.0,0.0,107.24,1013.0,20.4,9.0,0.0,0.0,0.0,,0.0,0,0,0,0,0,4.2,0.0,0.0,4495.53,4495.53,0.0,7.37
2026-06-05T07:44:25.196+00:00,172016,7bf0e23b-e546-4171-8243-7b016fd37d6e,,10,FAULT,0x2080,SENSOR_RANGE|PUMP_CAVITATION,0,0,0,0,0,0,0.0,0.0,0.0,0.0,0.0,0.0,0.0,0.0,0.0,-0.56,112.5,1013.0,20.4,9.0,0.0,0.0,0.0,,0.0,0,0,0,0,0,4.2,0.0,0.0,4495.53,4495.53,0.0,-3.2
2026-06-05T07:44:25.372+00:00,172191,7bf0e23b-e546-4171-8243-7b016fd37d6e,,10,FAULT,0x2080,SENSOR_RANGE|PUMP_CAVITATION,0,0,0,0,0,0,0.0,0.317,0.0,0.0,0.0,0.0,0.0,0.0,0.0,-2.27,107.97,1013.0,20.4,9.0,0.0,0.0,0.0,,0.0,0,0,0,0,0,4.2,0.0,0.0,4495.53,4495.53,0.0,-9.77
2026-06-05T07:44:25.548+00:00,172367,7bf0e23b-e546-4171-8243-7b016fd37d6e,,10,FAULT,0x2080,SENSOR_RANGE|PUMP_CAVITATION,0,0,0,0,0,0,0.0,0.806,0.0,0.0,0.0,0.0,0.0,0.0,0.0,0.9,112.5,1013.0,20.4,9.1,0.0,0.0,0.0,,0.0,0,0,0,0,0,4.2,0.0,0.0,4495.53,4495.53,0.0,18.01
2026-06-05T07:44:25.724+00:00,172542,7bf0e23b-e546-4171-8243-7b016fd37d6e,,10,FAULT,0x2080,SENSOR_RANGE|PUMP_CAVITATION,0,0,0,0,0,0,0.0,0.0,0.0,0.0,0.0,0.0,0.0,0.0,0.0,0.41,109.32,1013.0,20.4,9.0,0.0,0.0,0.0,,0.0,0,0,0,0,0,4.2,0.0,0.0,4495.53,4495.53,0.0,-2.8
2026-06-05T07:44:25.899+00:00,172718,7bf0e23b-e546-4171-8243-7b016fd37d6e,,10,FAULT,0x2080,SENSOR_RANGE|PUMP_CAVITATION,0,0,0,0,0,0,0.0,0.659,0.0,0.0,0.0,0.0,0.0,0.0,0.0,-0.56,112.5,1013.0,20.4,9.0,0.0,0.0,0.0,,0.0,0,0,0,0,0,4.2,0.0,0.0,4495.53,4495.53,0.0,-5.51
2026-06-05T07:44:26.073+00:00,172893,7bf0e23b-e546-4171-8243-7b016fd37d6e,,10,FAULT,0x2080,SENSOR_RANGE|PUMP_CAVITATION,0,0,0,0,0,0,0.0,0.806,0.0,0.0,0.0,0.0,0.0,0.0,0.0,0.0,112.5,1013.0,20.4,9.0,0.0,0.0,0.0,,0.0,0,0,0,0,0,4.2,0.0,0.0,4495.53,4495.53,0.0,3.2
2026-06-05T07:44:26.249+00:00,173068,7bf0e23b-e546-4171-8243-7b016fd37d6e,,10,FAULT,0x2080,SENSOR_RANGE|PUMP_CAVITATION,0,0,0,0,0,0,0.0,1.197,0.0,0.0,0.0,0.0,0.0,0.0,0.0,0.0,111.88,1013.0,20.4,9.0,0.0,0.0,0.0,,0.0,0,0,0,0,0,4.2,0.0,0.0,4495.53,4495.53,0.0,0.0
2026-06-05T07:44:26.424+00:00,173244,7bf0e23b-e546-4171-8243-7b016fd37d6e,,10,FAULT,0x2080,SENSOR_RANGE|PUMP_CAVITATION,0,0,0,0,0,0,0.0,0.0,0.0,0.0,0.0,0.0,0.0,0.0,0.0,0.9,108.1,1013.0,20.4,9.0,0.0,0.0,0.0,,0.0,0,0,0,0,0,4.2,0.0,0.0,4495.53,4495.53,0.0,5.11
2026-06-05T07:44:26.600+00:00,173419,7bf0e23b-e546-4171-8243-7b016fd37d6e,,10,FAULT,0x2080,SENSOR_RANGE|PUMP_CAVITATION,0,0,0,0,0,0,0.0,0.0,0.0,0.0,0.0,0.0,0.0,0.0,0.0,-0.8,112.5,1013.0,20.4,9.0,0.0,0.0,0.0,,0.0,0,0,0,0,0,4.2,0.0,0.0,4495.53,4495.53,0.0,-9.71
2026-06-05T07:44:26.776+00:00,173594,7bf0e23b-e546-4171-8243-7b016fd37d6e,,10,FAULT,0x2080,SENSOR_RANGE|PUMP_CAVITATION,0,0,0,0,0,0,0.0,0.0,0.0,0.0,0.0,0.0,0.0,0.0,0.0,-0.8,108.1,1013.0,20.4,9.0,0.0,0.0,0.0,,0.0,0,0,0,0,0,4.2,0.0,0.0,4495.53,4495.53,0.0,0.0
2026-06-05T07:44:26.950+00:00,173769,7bf0e23b-e546-4171-8243-7b016fd37d6e,,10,FAULT,0x2080,SENSOR_RANGE|PUMP_CAVITATION,0,0,0,0,0,0,0.0,0.122,0.0,0.0,0.0,0.0,0.0,0.0,0.0,-0.8,112.5,1013.0,20.4,9.0,0.0,0.0,0.0,,0.0,0,0,0,0,0,4.2,0.0,0.0,4495.53,4495.53,0.0,0.0
2026-06-05T07:44:27.126+00:00,173944,7bf0e23b-e546-4171-8243-7b016fd37d6e,,10,FAULT,0x2080,SENSOR_RANGE|PUMP_CAVITATION,0,0,0,0,0,0,0.0,0.806,0.0,0.0,0.0,0.0,0.0,0.0,0.0,0.0,112.5,1013.0,20.4,9.0,0.0,0.0,0.0,,0.0,0,0,0,0,0,4.2,0.0,0.0,4495.53,4495.53,0.0,4.57
2026-06-05T07:44:27.301+00:00,174119,7bf0e23b-e546-4171-8243-7b016fd37d6e,,10,FAULT,0x2080,SENSOR_RANGE|PUMP_CAVITATION,0,0,0,0,0,0,0.0,0.0,0.0,0.0,0.0,0.0,0.0,0.0,0.0,0.9,109.81,1013.0,20.4,9.0,0.0,0.0,0.0,,0.0,0,0,0,0,0,4.2,0.0,0.0,4495.53,4495.53,0.0,5.14
2026-06-05T07:44:27.478+00:00,174295,7bf0e23b-e546-4171-8243-7b016fd37d6e,,10,FAULT,0x2080,SENSOR_RANGE|PUMP_CAVITATION,0,0,0,0,0,0,0.0,0.219,0.0,0.0,0.0,0.0,0.0,0.0,0.0,-1.05,111.88,1013.0,20.4,9.0,0.0,0.0,0.0,,0.0,0,0,0,0,0,4.2,0.0,0.0,4495.53,4495.53,0.0,-11.08
2026-06-05T07:44:27.653+00:00,174471,7bf0e23b-e546-4171-8243-7b016fd37d6e,,10,FAULT,0x2080,SENSOR_RANGE|PUMP_CAVITATION,0,0,0,0,0,0,0.0,0.0,0.0,0.0,0.0,0.0,0.0,0.0,0.0,0.0,107.73,1013.0,20.4,9.0,0.0,0.0,0.0,,0.0,0,0,0,0,0,4.2,0.0,0.0,4495.53,4495.53,0.0,5.97
2026-06-05T07:44:27.829+00:00,174646,7bf0e23b-e546-4171-8243-7b016fd37d6e,,10,FAULT,0x2080,SENSOR_RANGE|PUMP_CAVITATION,0,0,0,0,0,0,0.0,0.61,0.0,0.0,0.0,0.0,0.0,0.0,0.0,-0.8,112.5,1013.0,20.4,9.0,0.0,0.0,0.0,,0.0,0,0,0,0,0,4.2,0.0,0.0,4495.53,4495.53,0.0,-4.57
2026-06-05T07:44:28.005+00:00,174821,7bf0e23b-e546-4171-8243-7b016fd37d6e,,10,FAULT,0x2080,SENSOR_RANGE|PUMP_CAVITATION,0,0,0,0,0,0,0.0,0.904,0.0,0.0,0.0,0.0,0.0,0.0,0.0,1.39,107.24,1013.0,20.4,9.0,0.0,0.0,0.0,,0.0,0,0,0,0,0,4.2,0.0,0.0,4495.53,4495.53,0.0,12.51
2026-06-05T07:44:28.179+00:00,174997,7bf0e23b-e546-4171-8243-7b016fd37d6e,,10,FAULT,0x2080,SENSOR_RANGE|PUMP_CAVITATION,0,0,0,0,0,0,0.0,0.0,0.0,0.0,0.0,0.0,0.0,0.0,0.0,-2.51,112.5,1013.0,20.4,9.0,0.0,0.0,0.0,,0.0,0,0,0,0,0,4.2,0.0,0.0,4495.53,4495.53,0.0,-22.16
2026-06-05T07:44:28.354+00:00,175172,7bf0e23b-e546-4171-8243-7b016fd37d6e,,10,FAULT,0x2080,SENSOR_RANGE|PUMP_CAVITATION,0,0,0,0,0,0,0.0,0.806,0.0,0.0,0.0,0.0,0.0,0.0,0.0,1.14,112.5,1013.0,20.4,9.0,0.0,0.0,0.0,,0.0,0,0,0,0,0,4.2,0.0,0.0,4495.53,4495.53,0.0,20.86
2026-06-05T07:44:28.530+00:00,175347,7bf0e23b-e546-4171-8243-7b016fd37d6e,,10,FAULT,0x2080,SENSOR_RANGE|PUMP_CAVITATION,0,0,0,0,0,0,0.0,0.464,0.0,0.0,0.0,0.0,0.0,0.0,0.0,-1.78,112.5,1013.0,20.4,9.0,0.0,0.0,0.0,,0.0,0,0,0,0,0,4.2,0.0,0.0,4495.53,4495.53,0.0,-16.69
2026-06-05T07:44:28.706+00:00,175523,7bf0e23b-e546-4171-8243-7b016fd37d6e,,10,FAULT,0x2080,SENSOR_RANGE|PUMP_CAVITATION,0,0,0,0,0,0,0.0,0.0,0.0,0.0,0.0,0.0,0.0,0.0,0.0,0.65,108.34,1013.0,20.4,9.0,0.0,0.0,0.0,,0.0,0,0,0,0,0,4.2,0.0,0.0,4495.53,4495.53,0.0,13.81
2026-06-05T07:44:28.882+00:00,175698,7bf0e23b-e546-4171-8243-7b016fd37d6e,,10,FAULT,0x2080,SENSOR_RANGE|PUMP_CAVITATION,0,0,0,0,0,0,0.0,0.757,0.0,0.0,0.0,0.0,0.0,0.0,0.0,-0.31,112.5,1013.0,20.4,9.0,0.0,0.0,0.0,,0.0,0,0,0,0,0,4.2,0.0,0.0,4495.53,4495.53,0.0,-5.49
2026-06-05T07:44:29.057+00:00,175874,7bf0e23b-e546-4171-8243-7b016fd37d6e,,10,FAULT,0x2080,SENSOR_RANGE|PUMP_CAVITATION,0,0,0,0,0,0,0.0,0.708,0.0,0.0,0.0,0.0,0.0,0.0,0.0,-0.8,110.42,1013.0,20.4,9.0,0.0,0.0,0.0,,0.0,0,0,0,0,0,4.2,0.0,0.0,4495.53,4495.53,0.0,-2.78
2026-06-05T07:44:29.231+00:00,176049,7bf0e23b-e546-4171-8243-7b016fd37d6e,,10,FAULT,0x2080,SENSOR_RANGE|PUMP_CAVITATION,0,0,0,0,0,0,0.0,0.757,0.0,0.0,0.0,0.0,0.0,0.0,0.0,0.65,112.5,1013.0,20.4,9.0,0.0,0.0,0.0,,0.0,0,0,0,0,0,4.2,0.0,0.0,4495.53,4495.53,0.0,8.29
2026-06-05T07:44:29.407+00:00,176224,7bf0e23b-e546-4171-8243-7b016fd37d6e,,10,FAULT,0x2080,SENSOR_RANGE|PUMP_CAVITATION,0,0,0,0,0,0,0.0,0.073,0.0,0.0,0.0,0.0,0.0,0.0,0.0,0.0,108.71,1013.0,20.4,9.0,0.0,0.0,0.0,,0.0,0,0,0,0,0,4.2,0.0,0.0,4495.53,4495.53,0.0,-3.71
2026-06-05T07:44:29.583+00:00,176399,7bf0e23b-e546-4171-8243-7b016fd37d6e,,10,FAULT,0x2080,SENSOR_RANGE|PUMP_CAVITATION,0,0,0,0,0,0,0.0,0.0,0.0,0.0,0.0,0.0,0.0,0.0,0.0,-1.05,112.5,1013.0,20.4,9.0,0.0,0.0,0.0,,0.0,0,0,0,0,0,4.2,0.0,0.0,4495.53,4495.53,0.0,-6.0
2026-06-05T07:44:29.759+00:00,176575,7bf0e23b-e546-4171-8243-7b016fd37d6e,,10,FAULT,0x2080,SENSOR_RANGE|PUMP_CAVITATION,0,0,0,0,0,0,0.0,0.0,0.0,0.0,0.0,0.0,0.0,0.0,0.0,1.39,109.07,1013.0,20.4,9.0,0.0,0.0,0.0,,0.0,0,0,0,0,0,4.2,0.0,0.0,4495.53,4495.53,0.0,13.86
2026-06-05T07:44:29.935+00:00,176750,7bf0e23b-e546-4171-8243-7b016fd37d6e,,10,FAULT,0x2080,SENSOR_RANGE|PUMP_CAVITATION,0,0,0,0,0,0,0.0,0.366,0.0,0.0,0.0,0.0,0.0,0.0,0.0,-1.29,112.37,1013.0,20.4,9.0,0.0,0.0,0.0,,0.0,0,0,0,0,0,4.2,0.0,0.0,4495.53,4495.53,0.0,-15.31
2026-06-05T07:44:30.110+00:00,176925,7bf0e23b-e546-4171-8243-7b016fd37d6e,,10,FAULT,0x2080,SENSOR_RANGE|PUMP_CAVITATION,0,0,0,0,0,0,0.0,0.708,0.0,0.0,0.0,0.0,0.0,0.0,0.0,0.0,108.46,1013.0,20.4,9.0,0.0,0.0,0.0,,0.0,0,0,0,0,0,4.2,0.0,0.0,4495.53,4495.53,0.0,7.37
2026-06-05T07:44:30.286+00:00,177100,7bf0e23b-e546-4171-8243-7b016fd37d6e,,10,FAULT,0x2080,SENSOR_RANGE|PUMP_CAVITATION,0,0,0,0,0,0,0.0,0.0,0.0,0.0,0.0,0.0,0.0,0.0,0.0,-1.53,109.93,1013.0,20.4,9.0,0.0,0.0,0.0,,0.0,0,0,0,0,0,4.2,0.0,0.0,4495.53,4495.53,0.0,-8.74
2026-06-05T07:44:30.460+00:00,177276,7bf0e23b-e546-4171-8243-7b016fd37d6e,,10,FAULT,0x2080,SENSOR_RANGE|PUMP_CAVITATION,0,0,0,0,0,0,0.0,0.415,0.0,0.0,0.0,0.0,0.0,0.0,0.0,0.0,112.5,1013.0,20.4,9.0,0.0,0.0,0.0,,0.0,0,0,0,0,0,4.2,0.0,0.0,4495.53,4495.53,0.0,8.69
2026-06-05T07:44:30.636+00:00,177452,7bf0e23b-e546-4171-8243-7b016fd37d6e,,10,FAULT,0x2080,SENSOR_RANGE|PUMP_CAVITATION,0,0,0,0,0,0,0.0,0.0,0.0,0.0,0.0,0.0,0.0,0.0,0.0,1.63,108.83,1013.0,20.4,9.0,0.0,0.0,0.0,,0.0,0,0,0,0,0,4.2,0.0,0.0,4495.53,4495.53,0.0,9.26
2026-06-05T07:44:30.811+00:00,177627,7bf0e23b-e546-4171-8243-7b016fd37d6e,,10,FAULT,0x2080,SENSOR_RANGE|PUMP_CAVITATION,0,0,0,0,0,0,0.0,0.171,0.0,0.0,0.0,0.0,0.0,0.0,0.0,-0.31,112.5,1013.0,20.4,9.1,0.0,0.0,0.0,,0.0,0,0,0,0,0,4.2,0.0,0.0,4495.53,4495.53,0.0,-11.09
2026-06-05T07:44:30.987+00:00,177802,7bf0e23b-e546-4171-8243-7b016fd37d6e,,10,FAULT,0x2080,SENSOR_RANGE|PUMP_CAVITATION,0,0,0,0,0,0,0.0,0.0,0.0,0.0,0.0,0.0,0.0,0.0,0.0,-0.31,106.26,1013.0,20.4,9.0,0.0,0.0,0.0,,0.0,0,0,0,0,0,4.2,0.0,0.0,4495.53,4495.53,0.0,0.0
2026-06-05T07:44:31.163+00:00,177977,7bf0e23b-e546-4171-8243-7b016fd37d6e,,10,FAULT,0x2080,SENSOR_RANGE|PUMP_CAVITATION,0,0,0,0,0,0,0.0,0.659,0.0,0.0,0.0,0.0,0.0,0.0,0.0,0.9,112.5,1013.0,20.4,9.0,0.0,0.0,0.0,,0.0,0,0,0,0,0,4.2,0.0,0.0,4495.53,4495.53,0.0,6.91
2026-06-05T07:44:31.336+00:00,178153,7bf0e23b-e546-4171-8243-7b016fd37d6e,,10,FAULT,0x2080,SENSOR_RANGE|PUMP_CAVITATION,0,0,0,0,0,0,0.0,0.0,0.0,0.0,0.0,0.0,0.0,0.0,0.0,0.9,107.12,1013.0,20.4,9.0,0.0,0.0,0.0,,0.0,0,0,0,0,0,4.2,0.0,0.0,4495.53,4495.53,0.0,0.0
2026-06-05T07:44:31.512+00:00,178327,7bf0e23b-e546-4171-8243-7b016fd37d6e,,10,FAULT,0x2080,SENSOR_RANGE|PUMP_CAVITATION,0,0,0,0,0,0,0.0,0.659,0.0,0.0,0.0,0.0,0.0,0.0,0.0,0.0,112.5,1013.0,20.4,9.0,0.0,0.0,0.0,,0.0,0,0,0,0,0,4.2,0.0,0.0,4495.53,4495.53,0.0,-5.17
2026-06-05T07:44:31.688+00:00,178503,7bf0e23b-e546-4171-8243-7b016fd37d6e,,10,FAULT,0x2080,SENSOR_RANGE|PUMP_CAVITATION,0,0,0,0,0,0,0.0,0.219,0.0,0.0,0.0,0.0,0.0,0.0,0.0,-1.78,108.46,1013.0,20.4,9.0,0.0,0.0,0.0,,0.0,0,0,0,0,0,4.2,0.0,0.0,4495.53,4495.53,0.0,-10.11
2026-06-05T07:44:31.865+00:00,178678,7bf0e23b-e546-4171-8243-7b016fd37d6e,,10,FAULT,0x2080,SENSOR_RANGE|PUMP_CAVITATION,0,0,0,0,0,0,0.0,1.099,0.0,0.0,0.0,0.0,0.0,0.0,0.0,-0.31,112.37,1013.0,20.4,9.0,0.0,0.0,0.0,,0.0,0,0,0,0,0,4.2,0.0,0.0,4495.53,4495.53,0.0,8.4
2026-06-05T07:44:32.040+00:00,178854,7bf0e23b-e546-4171-8243-7b016fd37d6e,,10,FAULT,0x2080,SENSOR_RANGE|PUMP_CAVITATION,0,0,0,0,0,0,0.0,0.268,0.0,0.0,0.0,0.0,0.0,0.0,0.0,0.0,110.17,1013.0,20.4,9.0,0.0,0.0,0.0,,0.0,0,0,0,0,0,4.2,0.0,0.0,4495.53,4495.53,0.0,1.76
2026-06-05T07:44:32.216+00:00,179030,7bf0e23b-e546-4171-8243-7b016fd37d6e,,10,FAULT,0x2080,SENSOR_RANGE|PUMP_CAVITATION,0,0,0,0,0,0,0.0,0.0,0.0,0.0,0.0,0.0,0.0,0.0,0.0,1.39,111.4,1013.0,20.4,9.1,0.0,0.0,0.0,,0.0,0,0,0,0,0,4.2,0.0,0.0,4495.53,4495.53,0.0,7.9
2026-06-05T07:44:32.392+00:00,179205,7bf0e23b-e546-4171-8243-7b016fd37d6e,,10,FAULT,0x2080,SENSOR_RANGE|PUMP_CAVITATION,0,0,0,0,0,0,0.0,0.317,0.0,0.0,0.0,0.0,0.0,0.0,0.0,-0.8,110.17,1013.0,20.4,9.0,0.0,0.0,0.0,,0.0,0,0,0,0,0,4.2,0.0,0.0,4495.53,4495.53,0.0,-12.51
2026-06-05T07:44:32.567+00:00,179380,7bf0e23b-e546-4171-8243-7b016fd37d6e,,10,FAULT,0x2080,SENSOR_RANGE|PUMP_CAVITATION,0,0,0,0,0,0,0.0,0.366,0.0,0.0,0.0,0.0,0.0,0.0,0.0,-1.05,112.5,1013.0,20.4,9.0,0.0,0.0,0.0,,0.0,0,0,0,0,0,4.2,0.0,0.0,4495.53,4495.53,0.0,-1.43
2026-06-05T07:44:32.741+00:00,179556,7bf0e23b-e546-4171-8243-7b016fd37d6e,,10,FAULT,0x2080,SENSOR_RANGE|PUMP_CAVITATION,0,0,0,0,0,0,0.0,0.024,0.0,0.0,0.0,0.0,0.0,0.0,0.0,0.41,112.01,1013.0,20.4,9.0,0.0,0.0,0.0,,0.0,0,0,0,0,0,4.2,0.0,0.0,4495.53,4495.53,0.0,8.3
2026-06-05T07:44:32.917+00:00,179731,7bf0e23b-e546-4171-8243-7b016fd37d6e,,10,FAULT,0x2080,SENSOR_RANGE|PUMP_CAVITATION,0,0,0,0,0,0,0.0,0.317,0.0,0.0,0.0,0.0,0.0,0.0,0.0,-2.02,112.01,1013.0,20.4,9.0,0.0,0.0,0.0,,0.0,0,0,0,0,0,4.2,0.0,0.0,4495.53,4495.53,0.0,-13.89
2026-06-05T07:44:33.093+00:00,179906,7bf0e23b-e546-4171-8243-7b016fd37d6e,,10,FAULT,0x2080,SENSOR_RANGE|PUMP_CAVITATION,0,0,0,0,0,0,0.0,0.953,0.0,0.0,0.0,0.0,0.0,0.0,0.0,0.0,112.5,1013.0,20.4,9.0,0.0,0.0,0.0,,0.0,0,0,0,0,0,4.2,0.0,0.0,4495.53,4495.53,0.0,11.54
2026-06-05T07:44:33.268+00:00,180081,7bf0e23b-e546-4171-8243-7b016fd37d6e,,10,FAULT,0x2080,SENSOR_RANGE|PUMP_CAVITATION,0,0,0,0,0,0,0.0,0.0,0.0,0.0,0.0,0.0,0.0,0.0,0.0,0.65,109.81,1013.0,20.4,9.0,0.0,0.0,0.0,,0.0,0,0,0,0,0,4.2,0.0,0.0,4495.53,4495.53,0.0,3.71
2026-06-05T07:44:33.444+00:00,180256,7bf0e23b-e546-4171-8243-7b016fd37d6e,,10,FAULT,0x2080,SENSOR_RANGE|PUMP_CAVITATION,0,0,0,0,0,0,0.0,0.0,0.0,0.0,0.0,0.0,0.0,0.0,0.0,-0.31,112.01,1013.0,20.4,9.0,0.0,0.0,0.0,,0.0,0,0,0,0,0,4.2,0.0,0.0,4495.53,4495.53,0.0,-5.49
2026-06-05T07:44:33.621+00:00,180432,7bf0e23b-e546-4171-8243-7b016fd37d6e,,10,FAULT,0x2080,SENSOR_RANGE|PUMP_CAVITATION,0,0,0,0,0,0,0.0,0.708,0.0,0.0,0.0,0.0,0.0,0.0,0.0,-1.53,111.52,1013.0,20.4,9.0,0.0,0.0,0.0,,0.0,0,0,0,0,0,4.2,0.0,0.0,4495.53,4495.53,0.0,-6.93
2026-06-05T07:44:33.796+00:00,180608,7bf0e23b-e546-4171-8243-7b016fd37d6e,,10,FAULT,0x2080,SENSOR_RANGE|PUMP_CAVITATION,0,0,0,0,0,0,0.0,0.61,0.0,0.0,0.0,0.0,0.0,0.0,0.0,-1.53,112.5,1013.0,20.4,9.0,0.0,0.0,0.0,,0.0,0,0,0,0,0,4.2,0.0,0.0,4495.53,4495.53,0.0,0.0
2026-06-05T07:44:33.970+00:00,180783,7bf0e23b-e546-4171-8243-7b016fd37d6e,,10,FAULT,0x2080,SENSOR_RANGE|PUMP_CAVITATION,0,0,0,0,0,0,0.0,0.366,0.0,0.0,0.0,0.0,0.0,0.0,0.0,0.41,109.81,1013.0,20.4,9.0,0.0,0.0,0.0,,0.0,0,0,0,0,0,4.2,0.0,0.0,4495.53,4495.53,0.0,11.09
2026-06-05T07:44:34.145+00:00,180959,7bf0e23b-e546-4171-8243-7b016fd37d6e,,10,FAULT,0x2080,SENSOR_RANGE|PUMP_CAVITATION,0,0,0,0,0,0,0.0,0.0,0.0,0.0,0.0,0.0,0.0,0.0,0.0,0.41,112.5,1013.0,20.4,9.0,0.0,0.0,0.0,,0.0,0,0,0,0,0,4.2,0.0,0.0,4495.53,4495.53,0.0,0.0
2026-06-05T07:44:34.321+00:00,181134,7bf0e23b-e546-4171-8243-7b016fd37d6e,,10,FAULT,0x2080,SENSOR_RANGE|PUMP_CAVITATION,0,0,0,0,0,0,0.0,0.0,0.0,0.0,0.0,0.0,0.0,0.0,0.0,0.9,107.97,1013.0,20.4,9.0,0.0,0.0,0.0,,0.0,0,0,0,0,0,4.2,0.0,0.0,4495.53,4495.53,0.0,2.8
2026-06-05T07:44:34.497+00:00,181309,7bf0e23b-e546-4171-8243-7b016fd37d6e,,10,FAULT,0x2080,SENSOR_RANGE|PUMP_CAVITATION,0,0,0,0,0,0,0.0,0.757,0.0,0.0,0.0,0.0,0.0,0.0,0.0,-0.8,112.5,1013.0,20.4,9.0,0.0,0.0,0.0,,0.0,0,0,0,0,0,4.2,0.0,0.0,4495.53,4495.53,0.0,-9.71
2026-06-05T07:44:34.673+00:00,181484,7bf0e23b-e546-4171-8243-7b016fd37d6e,,10,FAULT,0x2080,SENSOR_RANGE|PUMP_CAVITATION,0,0,0,0,0,0,0.0,0.61,0.0,0.0,0.0,0.0,0.0,0.0,0.0,0.41,111.4,1013.0,20.4,9.0,0.0,0.0,0.0,,0.0,0,0,0,0,0,4.2,0.0,0.0,4495.53,4495.53,0.0,6.91
2026-06-05T07:44:34.849+00:00,181659,7bf0e23b-e546-4171-8243-7b016fd37d6e,,10,FAULT,0x2080,SENSOR_RANGE|PUMP_CAVITATION,0,0,0,0,0,0,0.0,0.024,0.0,0.0,0.0,0.0,0.0,0.0,0.0,1.14,112.5,1013.0,20.4,9.1,0.0,0.0,0.0,,0.0,0,0,0,0,0,4.2,0.0,0.0,4495.53,4495.53,0.0,4.17
2026-06-05T07:44:35.022+00:00,181835,7bf0e23b-e546-4171-8243-7b016fd37d6e,,10,FAULT,0x2080,SENSOR_RANGE|PUMP_CAVITATION,0,0,0,0,0,0,0.0,0.171,0.0,0.0,0.0,0.0,0.0,0.0,0.0,-0.56,110.91,1013.0,20.4,9.1,0.0,0.0,0.0,,0.0,0,0,0,0,0,4.2,0.0,0.0,4495.53,4495.53,0.0,-9.66
2026-06-05T07:44:35.198+00:00,182010,7bf0e23b-e546-4171-8243-7b016fd37d6e,,10,FAULT,0x2080,SENSOR_RANGE|PUMP_CAVITATION,0,0,0,0,0,0,0.0,1.148,0.0,0.0,0.0,0.0,0.0,0.0,0.0,0.0,110.66,1013.0,20.4,9.0,0.0,0.0,0.0,,0.0,0,0,0,0,0,4.2,0.0,0.0,4495.53,4495.53,0.0,3.2
2026-06-05T07:44:35.374+00:00,182185,7bf0e23b-e546-4171-8243-7b016fd37d6e,,10,FAULT,0x2080,SENSOR_RANGE|PUMP_CAVITATION,0,0,0,0,0,0,0.0,0.024,0.0,0.0,0.0,0.0,0.0,0.0,0.0,0.65,110.78,1013.0,20.4,9.0,0.0,0.0,0.0,,0.0,0,0,0,0,0,4.2,0.0,0.0,4495.53,4495.53,0.0,3.71
2026-06-05T07:44:35.550+00:00,182361,7bf0e23b-e546-4171-8243-7b016fd37d6e,,10,FAULT,0x2080,SENSOR_RANGE|PUMP_CAVITATION,0,0,0,0,0,0,0.0,1.392,0.0,0.0,0.0,0.0,0.0,0.0,0.0,0.65,110.78,1013.0,20.4,9.0,0.0,0.0,0.0,,0.0,0,0,0,0,0,4.2,0.0,0.0,4495.53,4495.53,0.0,0.0
2026-06-05T07:44:35.726+00:00,182537,7bf0e23b-e546-4171-8243-7b016fd37d6e,,10,FAULT,0x2080,SENSOR_RANGE|PUMP_CAVITATION,0,0,0,0,0,0,0.0,0.562,0.0,0.0,0.0,0.0,0.0,0.0,0.0,-1.78,112.5,1013.0,20.4,9.0,0.0,0.0,0.0,,0.0,0,0,0,0,0,4.2,0.0,0.0,4495.53,4495.53,0.0,-13.81
2026-06-05T07:44:35.902+00:00,182712,7bf0e23b-e546-4171-8243-7b016fd37d6e,,10,FAULT,0x2080,SENSOR_RANGE|PUMP_CAVITATION,0,0,0,0,0,0,0.0,0.366,0.0,0.0,0.0,0.0,0.0,0.0,0.0,0.41,112.13,1013.0,20.4,9.0,0.0,0.0,0.0,,0.0,0,0,0,0,0,4.2,0.0,0.0,4495.53,4495.53,0.0,12.51
2026-06-05T07:44:36.076+00:00,182887,7bf0e23b-e546-4171-8243-7b016fd37d6e,,10,FAULT,0x2080,SENSOR_RANGE|PUMP_CAVITATION,0,0,0,0,0,0,0.0,0.0,0.0,0.0,0.0,0.0,0.0,0.0,0.0,0.9,111.88,1013.0,20.4,9.1,0.0,0.0,0.0,,0.0,0,0,0,0,0,4.2,0.0,0.0,4495.53,4495.53,0.0,2.8
2026-06-05T07:44:36.251+00:00,183062,7bf0e23b-e546-4171-8243-7b016fd37d6e,,10,FAULT,0x2080,SENSOR_RANGE|PUMP_CAVITATION,0,0,0,0,0,0,0.0,0.415,0.0,0.0,0.0,0.0,0.0,0.0,0.0,-0.56,109.68,1013.0,20.4,9.0,0.0,0.0,0.0,,0.0,0,0,0,0,0,4.2,0.0,0.0,4495.53,4495.53,0.0,-8.34
2026-06-05T07:44:36.427+00:00,183238,7bf0e23b-e546-4171-8243-7b016fd37d6e,,10,FAULT,0x2080,SENSOR_RANGE|PUMP_CAVITATION,0,0,0,0,0,0,0.0,0.073,0.0,0.0,0.0,0.0,0.0,0.0,0.0,-0.56,112.5,1013.0,20.4,9.0,0.0,0.0,0.0,,0.0,0,0,0,0,0,4.2,0.0,0.0,4495.53,4495.53,0.0,0.0
2026-06-05T07:44:36.603+00:00,183413,7bf0e23b-e546-4171-8243-7b016fd37d6e,,10,FAULT,0x2080,SENSOR_RANGE|PUMP_CAVITATION,0,0,0,0,0,0,0.0,0.953,0.0,0.0,0.0,0.0,0.0,0.0,0.0,-0.31,112.01,1013.0,20.4,9.0,0.0,0.0,0.0,,0.0,0,0,0,0,0,4.2,0.0,0.0,4495.53,4495.53,0.0,1.43
2026-06-05T07:44:36.779+00:00,183588,7bf0e23b-e546-4171-8243-7b016fd37d6e,,10,FAULT,0x2080,SENSOR_RANGE|PUMP_CAVITATION,0,0,0,0,0,0,0.0,0.855,0.0,0.0,0.0,0.0,0.0,0.0,0.0,-1.29,112.5,1013.0,20.4,9.0,0.0,0.0,0.0,,0.0,0,0,0,0,0,4.2,0.0,0.0,4495.53,4495.53,0.0,-5.6
2026-06-05T07:44:36.955+00:00,183764,7bf0e23b-e546-4171-8243-7b016fd37d6e,,10,FAULT,0x2080,SENSOR_RANGE|PUMP_CAVITATION,0,0,0,0,0,0,0.0,0.659,0.0,0.0,0.0,0.0,0.0,0.0,0.0,-0.56,110.05,1013.0,20.4,9.0,0.0,0.0,0.0,,0.0,0,0,0,0,0,4.2,0.0,0.0,4495.53,4495.53,0.0,4.15
2026-06-05T07:44:37.130+00:00,183940,7bf0e23b-e546-4171-8243-7b016fd37d6e,,10,FAULT,0x2080,SENSOR_RANGE|PUMP_CAVITATION,0,0,0,0,0,0,0.0,0.024,0.0,0.0,0.0,0.0,0.0,0.0,0.0,2.12,112.5,1013.0,20.4,9.0,0.0,0.0,0.0,,0.0,0,0,0,0,0,4.2,0.0,0.0,4495.53,4495.53,0.0,15.23
2026-06-05T07:44:37.307+00:00,184115,7bf0e23b-e546-4171-8243-7b016fd37d6e,,10,FAULT,0x2080,SENSOR_RANGE|PUMP_CAVITATION,0,0,0,0,0,0,0.0,0.904,0.0,0.0,0.0,0.0,0.0,0.0,0.0,-0.8,111.52,1013.0,20.4,9.0,0.0,0.0,0.0,,0.0,0,0,0,0,0,4.2,0.0,0.0,4495.53,4495.53,0.0,-16.69
2026-06-05T07:44:37.480+00:00,184291,7bf0e23b-e546-4171-8243-7b016fd37d6e,,10,FAULT,0x2080,SENSOR_RANGE|PUMP_CAVITATION,0,0,0,0,0,0,0.0,0.562,0.0,0.0,0.0,0.0,0.0,0.0,0.0,-0.31,112.5,1013.0,20.4,9.0,0.0,0.0,0.0,,0.0,0,0,0,0,0,4.2,0.0,0.0,4495.53,4495.53,0.0,2.78
2026-06-05T07:44:37.656+00:00,184466,7bf0e23b-e546-4171-8243-7b016fd37d6e,,10,FAULT,0x2080,SENSOR_RANGE|PUMP_CAVITATION,0,0,0,0,0,0,0.0,0.122,0.0,0.0,0.0,0.0,0.0,0.0,0.0,-1.29,109.68,1013.0,20.4,9.1,0.0,0.0,0.0,,0.0,0,0,0,0,0,4.2,0.0,0.0,4495.53,4495.53,0.0,-5.6
2026-06-05T07:44:37.832+00:00,184641,7bf0e23b-e546-4171-8243-7b016fd37d6e,,10,FAULT,0x2080,SENSOR_RANGE|PUMP_CAVITATION,0,0,0,0,0,0,0.0,0.415,0.0,0.0,0.0,0.0,0.0,0.0,0.0,-1.29,112.5,1013.0,20.4,9.0,0.0,0.0,0.0,,0.0,0,0,0,0,0,4.2,0.0,0.0,4495.53,4495.53,0.0,0.0
2026-06-05T07:44:38.008+00:00,184817,7bf0e23b-e546-4171-8243-7b016fd37d6e,,10,FAULT,0x2080,SENSOR_RANGE|PUMP_CAVITATION,0,0,0,0,0,0,0.0,0.0,0.0,0.0,0.0,0.0,0.0,0.0,0.0,-0.31,110.78,1013.0,20.4,9.0,0.0,0.0,0.0,,0.0,0,0,0,0,0,4.2,0.0,0.0,4495.53,4495.53,0.0,5.57
2026-06-05T07:44:38.183+00:00,184992,7bf0e23b-e546-4171-8243-7b016fd37d6e,,10,FAULT,0x2080,SENSOR_RANGE|PUMP_CAVITATION,0,0,0,0,0,0,0.0,0.855,0.0,0.0,0.0,0.0,0.0,0.0,0.0,0.0,112.5,1013.0,20.4,9.0,0.0,0.0,0.0,,0.0,0,0,0,0,0,4.2,0.0,0.0,4495.53,4495.53,0.0,1.77
2026-06-05T07:44:38.359+00:00,185167,7bf0e23b-e546-4171-8243-7b016fd37d6e,,10,FAULT,0x2080,SENSOR_RANGE|PUMP_CAVITATION,0,0,0,0,0,0,0.0,0.0,0.0,0.0,0.0,0.0,0.0,0.0,0.0,0.0,112.01,1013.0,20.4,9.0,0.0,0.0,0.0,,0.0,0,0,0,0,0,4.2,0.0,0.0,4495.53,4495.53,0.0,0.0
2026-06-05T07:44:38.535+00:00,185342,7bf0e23b-e546-4171-8243-7b016fd37d6e,,10,FAULT,0x2080,SENSOR_RANGE|PUMP_CAVITATION,0,0,0,0,0,0,0.0,0.904,0.0,0.0,0.0,0.0,0.0,0.0,0.0,1.88,108.83,1013.0,20.4,9.0,0.0,0.0,0.0,,0.0,0,0,0,0,0,4.2,0.0,0.0,4495.53,4495.53,0.0,10.74
2026-06-05T07:44:38.708+00:00,185518,7bf0e23b-e546-4171-8243-7b016fd37d6e,,10,FAULT,0x2080,SENSOR_RANGE|PUMP_CAVITATION,0,0,0,0,0,0,0.0,1.001,0.0,0.0,0.0,0.0,0.0,0.0,0.0,0.0,109.81,1013.0,20.4,9.0,0.0,0.0,0.0,,0.0,0,0,0,0,0,4.2,0.0,0.0,4495.53,4495.53,0.0,-10.68
2026-06-05T07:44:38.884+00:00,185694,7bf0e23b-e546-4171-8243-7b016fd37d6e,,10,FAULT,0x2080,SENSOR_RANGE|PUMP_CAVITATION,0,0,0,0,0,0,0.0,0.953,0.0,0.0,0.0,0.0,0.0,0.0,0.0,0.41,112.5,1013.0,20.4,9.1,0.0,0.0,0.0,,0.0,0,0,0,0,0,4.2,0.0,0.0,4495.53,4495.53,0.0,2.33
2026-06-05T07:44:39.060+00:00,185869,7bf0e23b-e546-4171-8243-7b016fd37d6e,,10,FAULT,0x2080,SENSOR_RANGE|PUMP_CAVITATION,0,0,0,0,0,0,0.0,0.0,0.0,0.0,0.0,0.0,0.0,0.0,0.0,0.0,112.5,1013.0,20.4,9.1,0.0,0.0,0.0,,0.0,0,0,0,0,0,4.2,0.0,0.0,4495.53,4495.53,0.0,-2.34
2026-06-05T07:44:39.236+00:00,186044,7bf0e23b-e546-4171-8243-7b016fd37d6e,,10,FAULT,0x2080,SENSOR_RANGE|PUMP_CAVITATION,0,0,0,0,0,0,0.0,0.659,0.0,0.0,0.0,0.0,0.0,0.0,0.0,0.9,112.25,1013.0,20.4,9.0,0.0,0.0,0.0,,0.0,0,0,0,0,0,4.2,0.0,0.0,4495.53,4495.53,0.0,5.14
2026-06-05T07:44:39.412+00:00,186219,7bf0e23b-e546-4171-8243-7b016fd37d6e,,10,FAULT,0x2080,SENSOR_RANGE|PUMP_CAVITATION,0,0,0,0,0,0,0.0,0.464,0.0,0.0,0.0,0.0,0.0,0.0,0.0,0.0,112.5,1013.0,20.4,9.1,0.0,0.0,0.0,,0.0,0,0,0,0,0,4.2,0.0,0.0,4495.53,4495.53,0.0,-5.14
2026-06-05T07:44:39.585+00:00,186394,7bf0e23b-e546-4171-8243-7b016fd37d6e,,10,FAULT,0x2080,SENSOR_RANGE|PUMP_CAVITATION,0,0,0,0,0,0,0.0,0.024,0.0,0.0,0.0,0.0,0.0,0.0,0.0,0.41,110.54,1013.0,20.4,9.0,0.0,0.0,0.0,,0.0,0,0,0,0,0,4.2,0.0,0.0,4495.53,4495.53,0.0,2.34
2026-06-05T07:44:39.762+00:00,186569,7bf0e23b-e546-4171-8243-7b016fd37d6e,,10,FAULT,0x2080,SENSOR_RANGE|PUMP_CAVITATION,0,0,0,0,0,0,0.0,0.366,0.0,0.0,0.0,0.0,0.0,0.0,0.0,-1.29,112.5,1013.0,20.4,9.0,0.0,0.0,0.0,,0.0,0,0,0,0,0,4.2,0.0,0.0,4495.53,4495.53,0.0,-9.71
2026-06-05T07:44:39.937+00:00,186745,7bf0e23b-e546-4171-8243-7b016fd37d6e,,10,FAULT,0x2080,SENSOR_RANGE|PUMP_CAVITATION,0,0,0,0,0,0,0.0,0.171,0.0,0.0,0.0,0.0,0.0,0.0,0.0,0.0,109.44,1013.0,20.4,9.0,0.0,0.0,0.0,,0.0,0,0,0,0,0,4.2,0.0,0.0,4495.53,4495.53,0.0,7.33
2026-06-05T07:44:40.113+00:00,186920,7bf0e23b-e546-4171-8243-7b016fd37d6e,,10,FAULT,0x2080,SENSOR_RANGE|PUMP_CAVITATION,0,0,0,0,0,0,0.0,0.513,0.0,0.0,0.0,0.0,0.0,0.0,0.0,0.0,112.5,1013.0,20.4,9.0,0.0,0.0,0.0,,0.0,0,0,0,0,0,4.2,0.0,0.0,4495.53,4495.53,0.0,0.0
2026-06-05T07:44:40.289+00:00,187096,7bf0e23b-e546-4171-8243-7b016fd37d6e,,10,FAULT,0x2080,SENSOR_RANGE|PUMP_CAVITATION,0,0,0,0,0,0,0.0,0.0,0.0,0.0,0.0,0.0,0.0,0.0,0.0,2.12,107.49,1013.0,20.4,9.0,0.0,0.0,0.0,,0.0,0,0,0,0,0,4.2,0.0,0.0,4495.53,4495.53,0.0,12.05
2026-06-05T07:44:40.465+00:00,187271,7bf0e23b-e546-4171-8243-7b016fd37d6e,,10,FAULT,0x2080,SENSOR_RANGE|PUMP_CAVITATION,0,0,0,0,0,0,0.0,1.05,0.0,0.0,0.0,0.0,0.0,0.0,0.0,-1.05,111.88,1013.0,20.4,9.0,0.0,0.0,0.0,,0.0,0,0,0,0,0,4.2,0.0,0.0,4495.53,4495.53,0.0,-18.11
2026-06-05T07:44:40.640+00:00,187447,7bf0e23b-e546-4171-8243-7b016fd37d6e,,10,FAULT,0x2080,SENSOR_RANGE|PUMP_CAVITATION,0,0,0,0,0,0,0.0,0.0,0.0,0.0,0.0,0.0,0.0,0.0,0.0,0.41,107.49,1013.0,20.4,9.0,0.0,0.0,0.0,,0.0,0,0,0,0,0,4.2,0.0,0.0,4495.53,4495.53,0.0,8.3
2026-06-05T07:44:40.814+00:00,187622,7bf0e23b-e546-4171-8243-7b016fd37d6e,,10,FAULT,0x2080,SENSOR_RANGE|PUMP_CAVITATION,0,0,0,0,0,0,0.0,0.0,0.0,0.0,0.0,0.0,0.0,0.0,0.0,1.39,110.78,1013.0,20.4,9.0,0.0,0.0,0.0,,0.0,0,0,0,0,0,4.2,0.0,0.0,4495.53,4495.53,0.0,5.6
2026-06-05T07:44:40.990+00:00,187797,7bf0e23b-e546-4171-8243-7b016fd37d6e,,10,FAULT,0x2080,SENSOR_RANGE|PUMP_CAVITATION,0,0,0,0,0,0,0.0,0.953,0.0,0.0,0.0,0.0,0.0,0.0,0.0,1.14,112.5,1013.0,20.4,9.1,0.0,0.0,0.0,,0.0,0,0,0,0,0,4.2,0.0,0.0,4495.53,4495.53,0.0,-1.43
2026-06-05T07:44:41.166+00:00,187972,7bf0e23b-e546-4171-8243-7b016fd37d6e,,10,FAULT,0x2080,SENSOR_RANGE|PUMP_CAVITATION,0,0,0,0,0,0,0.0,0.366,0.0,0.0,0.0,0.0,0.0,0.0,0.0,-1.53,112.5,1013.0,20.4,9.1,0.0,0.0,0.0,,0.0,0,0,0,0,0,4.2,0.0,0.0,4495.53,4495.53,0.0,-15.26
2026-06-05T07:44:41.342+00:00,188148,7bf0e23b-e546-4171-8243-7b016fd37d6e,,10,FAULT,0x2080,SENSOR_RANGE|PUMP_CAVITATION,0,0,0,0,0,0,0.0,0.708,0.0,0.0,0.0,0.0,0.0,0.0,0.0,-1.05,112.5,1013.0,20.4,9.0,0.0,0.0,0.0,,0.0,0,0,0,0,0,4.2,0.0,0.0,4495.53,4495.53,0.0,2.73
2026-06-05T07:44:41.517+00:00,188323,7bf0e23b-e546-4171-8243-7b016fd37d6e,,10,FAULT,0x2080,SENSOR_RANGE|PUMP_CAVITATION,0,0,0,0,0,0,0.0,0.806,0.0,0.0,0.0,0.0,0.0,0.0,0.0,-0.31,112.5,1013.0,20.4,9.0,0.0,0.0,0.0,,0.0,0,0,0,0,0,4.2,0.0,0.0,4495.53,4495.53,0.0,4.23
2026-06-05T07:44:41.694+00:00,188498,7bf0e23b-e546-4171-8243-7b016fd37d6e,,10,FAULT,0x2080,SENSOR_RANGE|PUMP_CAVITATION,0,0,0,0,0,0,0.0,0.219,0.0,0.0,0.0,0.0,0.0,0.0,0.0,1.63,112.37,1013.0,20.4,9.0,0.0,0.0,0.0,,0.0,0,0,0,0,0,4.2,0.0,0.0,4495.53,4495.53,0.0,11.09
2026-06-05T07:44:41.869+00:00,188675,7bf0e23b-e546-4171-8243-7b016fd37d6e,,10,FAULT,0x2080,SENSOR_RANGE|PUMP_CAVITATION,0,0,0,0,0,0,0.0,0.0,0.0,0.0,0.0,0.0,0.0,0.0,0.0,0.65,107.73,1013.1,20.4,9.1,0.0,0.0,0.0,,0.0,0,0,0,0,0,4.2,0.0,0.0,4495.53,4495.53,0.0,-5.54
2026-06-05T07:44:42.043+00:00,188850,7bf0e23b-e546-4171-8243-7b016fd37d6e,,10,FAULT,0x2080,SENSOR_RANGE|PUMP_CAVITATION,0,0,0,0,0,0,0.0,0.708,0.0,0.0,0.0,0.0,0.0,0.0,0.0,0.65,112.5,1013.0,20.4,9.0,0.0,0.0,0.0,,0.0,0,0,0,0,0,4.2,0.0,0.0,4495.53,4495.53,0.0,0.0
2026-06-05T07:44:42.219+00:00,189025,7bf0e23b-e546-4171-8243-7b016fd37d6e,,10,FAULT,0x2080,SENSOR_RANGE|PUMP_CAVITATION,0,0,0,0,0,0,0.0,0.219,0.0,0.0,0.0,0.0,0.0,0.0,0.0,-0.8,110.42,1013.0,20.4,9.0,0.0,0.0,0.0,,0.0,0,0,0,0,0,4.2,0.0,0.0,4495.53,4495.53,0.0,-8.29
2026-06-05T07:44:42.394+00:00,189200,7bf0e23b-e546-4171-8243-7b016fd37d6e,,10,FAULT,0x2080,SENSOR_RANGE|PUMP_CAVITATION,0,0,0,0,0,0,0.0,0.562,0.0,0.0,0.0,0.0,0.0,0.0,0.0,-0.31,112.5,1013.0,20.4,9.1,0.0,0.0,0.0,,0.0,0,0,0,0,0,4.2,0.0,0.0,4495.53,4495.53,0.0,2.8
2026-06-05T07:44:42.570+00:00,189376,7bf0e23b-e546-4171-8243-7b016fd37d6e,,10,FAULT,0x2080,SENSOR_RANGE|PUMP_CAVITATION,0,0,0,0,0,0,0.0,0.0,0.0,0.0,0.0,0.0,0.0,0.0,0.0,0.0,108.46,1013.0,20.4,9.0,0.0,0.0,0.0,,0.0,0,0,0,0,0,4.2,0.0,0.0,4495.53,4495.53,0.0,1.76
2026-06-05T07:44:42.746+00:00,189551,7bf0e23b-e546-4171-8243-7b016fd37d6e,,10,FAULT,0x2080,SENSOR_RANGE|PUMP_CAVITATION,0,0,0,0,0,0,0.0,0.0,0.0,0.0,0.0,0.0,0.0,0.0,0.0,-0.31,112.25,1013.0,20.4,9.0,0.0,0.0,0.0,,0.0,0,0,0,0,0,4.2,0.0,0.0,4495.53,4495.53,0.0,-1.77
2026-06-05T07:44:42.922+00:00,189726,7bf0e23b-e546-4171-8243-7b016fd37d6e,,10,FAULT,0x2080,SENSOR_RANGE|PUMP_CAVITATION,0,0,0,0,0,0,0.0,0.904,0.0,0.0,0.0,0.0,0.0,0.0,0.0,0.41,106.39,1013.0,20.4,9.0,0.0,0.0,0.0,,0.0,0,0,0,0,0,4.2,0.0,0.0,4495.53,4495.53,0.0,4.11
2026-06-05T07:44:43.098+00:00,189901,7bf0e23b-e546-4171-8243-7b016fd37d6e,,10,FAULT,0x2080,SENSOR_RANGE|PUMP_CAVITATION,0,0,0,0,0,0,0.0,0.562,0.0,0.0,0.0,0.0,0.0,0.0,0.0,-1.05,112.5,1013.0,20.4,9.0,0.0,0.0,0.0,,0.0,0,0,0,0,0,4.2,0.0,0.0,4495.53,4495.53,0.0,-8.34
2026-06-05T07:44:43.272+00:00,190076,7bf0e23b-e546-4171-8243-7b016fd37d6e,,10,FAULT,0x2080,SENSOR_RANGE|PUMP_CAVITATION,0,0,0,0,0,0,0.0,0.219,0.0,0.0,0.0,0.0,0.0,0.0,0.0,-1.05,111.64,1013.0,20.4,9.0,0.0,0.0,0.0,,0.0,0,0,0,0,0,4.2,0.0,0.0,4495.53,4495.53,0.0,0.0
2026-06-05T07:44:43.448+00:00,190253,7bf0e23b-e546-4171-8243-7b016fd37d6e,,10,FAULT,0x2080,SENSOR_RANGE|PUMP_CAVITATION,0,0,0,0,0,0,0.0,0.659,0.0,0.0,0.0,0.0,0.0,0.0,0.0,-1.29,112.5,1013.0,20.4,9.0,0.0,0.0,0.0,,0.0,0,0,0,0,0,4.2,0.0,0.0,4495.53,4495.53,0.0,-1.36
2026-06-05T07:44:43.623+00:00,190428,7bf0e23b-e546-4171-8243-7b016fd37d6e,,10,FAULT,0x2080,SENSOR_RANGE|PUMP_CAVITATION,0,0,0,0,0,0,0.0,0.953,0.0,0.0,0.0,0.0,0.0,0.0,0.0,-1.05,112.5,1013.0,20.4,9.0,0.0,0.0,0.0,,0.0,0,0,0,0,0,4.2,0.0,0.0,4495.53,4495.53,0.0,1.37
2026-06-05T07:44:43.799+00:00,190604,7bf0e23b-e546-4171-8243-7b016fd37d6e,,10,FAULT,0x2080,SENSOR_RANGE|PUMP_CAVITATION,0,0,0,0,0,0,0.0,0.219,0.0,0.0,0.0,0.0,0.0,0.0,0.0,-0.8,110.66,1013.0,20.3,9.1,0.0,0.0,0.0,,0.0,0,0,0,0,0,4.2,0.0,0.0,4495.53,4495.53,0.0,1.42
2026-06-05T07:44:43.975+00:00,190779,7bf0e23b-e546-4171-8243-7b016fd37d6e,,10,FAULT,0x2080,SENSOR_RANGE|PUMP_CAVITATION,0,0,0,0,0,0,0.0,0.219,0.0,0.0,0.0,0.0,0.0,0.0,0.0,-0.56,112.37,1013.0,20.4,9.0,0.0,0.0,0.0,,0.0,0,0,0,0,0,4.2,0.0,0.0,4495.53,4495.53,0.0,1.37
2026-06-05T07:44:44.151+00:00,190954,7bf0e23b-e546-4171-8243-7b016fd37d6e,,10,FAULT,0x2080,SENSOR_RANGE|PUMP_CAVITATION,0,0,0,0,0,0,0.0,0.0,0.0,0.0,0.0,0.0,0.0,0.0,0.0,0.41,108.58,1013.0,20.3,9.0,0.0,0.0,0.0,,0.0,0,0,0,0,0,4.2,0.0,0.0,4495.53,4495.53,0.0,5.54
2026-06-05T07:44:44.327+00:00,191129,7bf0e23b-e546-4171-8243-7b016fd37d6e,,10,FAULT,0x2080,SENSOR_RANGE|PUMP_CAVITATION,0,0,0,0,0,0,0.0,1.001,0.0,0.0,0.0,0.0,0.0,0.0,0.0,-0.8,111.15,1013.0,20.4,9.1,0.0,0.0,0.0,,0.0,0,0,0,0,0,4.2,0.0,0.0,4495.53,4495.53,0.0,-6.91
2026-06-05T07:44:44.500+00:00,191305,7bf0e23b-e546-4171-8243-7b016fd37d6e,,10,FAULT,0x2080,SENSOR_RANGE|PUMP_CAVITATION,0,0,0,0,0,0,0.0,0.0,0.0,0.0,0.0,0.0,0.0,0.0,0.0,1.88,106.14,1013.0,20.4,9.0,0.0,0.0,0.0,,0.0,0,0,0,0,0,4.2,0.0,0.0,4495.53,4495.53,0.0,15.23
2026-06-05T07:44:44.677+00:00,191480,7bf0e23b-e546-4171-8243-7b016fd37d6e,,10,FAULT,0x2080,SENSOR_RANGE|PUMP_CAVITATION,0,0,0,0,0,0,0.0,0.171,0.0,0.0,0.0,0.0,0.0,0.0,0.0,0.0,112.5,1013.0,20.4,9.0,0.0,0.0,0.0,,0.0,0,0,0,0,0,4.2,0.0,0.0,4495.53,4495.53,0.0,-10.74
2026-06-05T07:44:44.852+00:00,191655,7bf0e23b-e546-4171-8243-7b016fd37d6e,,10,FAULT,0x2080,SENSOR_RANGE|PUMP_CAVITATION,0,0,0,0,0,0,0.0,0.0,0.0,0.0,0.0,0.0,0.0,0.0,0.0,-1.53,109.07,1013.0,20.3,9.0,0.0,0.0,0.0,,0.0,0,0,0,0,0,4.2,0.0,0.0,4495.53,4495.53,0.0,-8.74
2026-06-05T07:44:45.028+00:00,191831,7bf0e23b-e546-4171-8243-7b016fd37d6e,,10,FAULT,0x2080,SENSOR_RANGE|PUMP_CAVITATION,0,0,0,0,0,0,0.0,0.171,0.0,0.0,0.0,0.0,0.0,0.0,0.0,1.14,112.5,1013.0,20.4,9.0,0.0,0.0,0.0,,0.0,0,0,0,0,0,4.2,0.0,0.0,4495.53,4495.53,0.0,15.17
2026-06-05T07:44:45.204+00:00,192007,7bf0e23b-e546-4171-8243-7b016fd37d6e,,10,FAULT,0x2080,SENSOR_RANGE|PUMP_CAVITATION,0,0,0,0,0,0,0.0,0.0,0.0,0.0,0.0,0.0,0.0,0.0,0.0,1.14,106.51,1013.0,20.4,9.1,0.0,0.0,0.0,,0.0,0,0,0,0,0,4.2,0.0,0.0,4495.53,4495.53,0.0,0.0
2026-06-05T07:44:45.380+00:00,192182,7bf0e23b-e546-4171-8243-7b016fd37d6e,,10,FAULT,0x2080,SENSOR_RANGE|PUMP_CAVITATION,0,0,0,0,0,0,0.0,1.099,0.0,0.0,0.0,0.0,0.0,0.0,0.0,1.14,112.5,1013.0,20.3,9.0,0.0,0.0,0.0,,0.0,0,0,0,0,0,4.2,0.0,0.0,4495.53,4495.53,0.0,0.0
2026-06-05T07:44:45.555+00:00,192357,7bf0e23b-e546-4171-8243-7b016fd37d6e,,10,FAULT,0x2080,SENSOR_RANGE|PUMP_CAVITATION,0,0,0,0,0,0,0.0,0.562,0.0,0.0,0.0,0.0,0.0,0.0,0.0,0.0,112.37,1013.0,20.4,9.0,0.0,0.0,0.0,,0.0,0,0,0,0,0,4.2,0.0,0.0,4495.53,4495.53,0.0,-6.51
2026-06-05T07:44:45.729+00:00,192533,7bf0e23b-e546-4171-8243-7b016fd37d6e,,10,FAULT,0x2080,SENSOR_RANGE|PUMP_CAVITATION,0,0,0,0,0,0,0.0,0.0,0.0,0.0,0.0,0.0,0.0,0.0,0.0,1.88,112.01,1013.0,20.3,9.0,0.0,0.0,0.0,,0.0,0,0,0,0,0,4.2,0.0,0.0,4495.53,4495.53,0.0,10.68
2026-06-05T07:44:45.905+00:00,192708,7bf0e23b-e546-4171-8243-7b016fd37d6e,,10,FAULT,0x2080,SENSOR_RANGE|PUMP_CAVITATION,0,0,0,0,0,0,0.0,0.0,0.0,0.0,0.0,0.0,0.0,0.0,0.0,1.39,109.2,1013.0,20.4,9.0,0.0,0.0,0.0,,0.0,0,0,0,0,0,4.2,0.0,0.0,4495.53,4495.53,0.0,-2.8
2026-06-05T07:44:46.080+00:00,192883,7bf0e23b-e546-4171-8243-7b016fd37d6e,,10,FAULT,0x2080,SENSOR_RANGE|PUMP_CAVITATION,0,0,0,0,0,0,0.0,0.0,0.0,0.0,0.0,0.0,0.0,0.0,0.0,1.39,110.66,1013.0,20.3,9.0,0.0,0.0,0.0,,0.0,0,0,0,0,0,4.2,0.0,0.0,4495.53,4495.53,0.0,0.0
2026-06-05T07:44:46.256+00:00,193058,7bf0e23b-e546-4171-8243-7b016fd37d6e,,10,FAULT,0x2080,SENSOR_RANGE|PUMP_CAVITATION,0,0,0,0,0,0,0.0,0.855,0.0,0.0,0.0,0.0,0.0,0.0,0.0,0.65,112.5,1013.0,20.4,9.0,0.0,0.0,0.0,,0.0,0,0,0,0,0,4.2,0.0,0.0,4495.53,4495.53,0.0,-4.23
2026-06-05T07:44:46.432+00:00,193233,7bf0e23b-e546-4171-8243-7b016fd37d6e,,10,FAULT,0x2080,SENSOR_RANGE|PUMP_CAVITATION,0,0,0,0,0,0,0.0,0.806,0.0,0.0,0.0,0.0,0.0,0.0,0.0,0.0,112.5,1013.0,20.3,9.0,0.0,0.0,0.0,,0.0,0,0,0,0,0,4.2,0.0,0.0,4495.53,4495.53,0.0,-3.71
2026-06-05T07:44:46.608+00:00,193409,7bf0e23b-e546-4171-8243-7b016fd37d6e,,10,FAULT,0x2080,SENSOR_RANGE|PUMP_CAVITATION,0,0,0,0,0,0,0.0,0.317,0.0,0.0,0.0,0.0,0.0,0.0,0.0,-1.29,112.5,1013.0,20.4,9.1,0.0,0.0,0.0,,0.0,0,0,0,0,0,4.2,0.0,0.0,4495.53,4495.53,0.0,-7.33
2026-06-05T07:44:46.782+00:00,193585,7bf0e23b-e546-4171-8243-7b016fd37d6e,,10,FAULT,0x2080,SENSOR_RANGE|PUMP_CAVITATION,0,0,0,0,0,0,0.0,0.073,0.0,0.0,0.0,0.0,0.0,0.0,0.0,0.65,109.32,1013.0,20.3,9.0,0.0,0.0,0.0,,0.0,0,0,0,0,0,4.2,0.0,0.0,4495.53,4495.53,0.0,11.02
2026-06-05T07:44:46.957+00:00,193760,7bf0e23b-e546-4171-8243-7b016fd37d6e,,10,FAULT,0x2080,SENSOR_RANGE|PUMP_CAVITATION,0,0,0,0,0,0,0.0,0.0,0.0,0.0,0.0,0.0,0.0,0.0,0.0,0.65,111.64,1013.0,20.3,9.0,0.0,0.0,0.0,,0.0,0,0,0,0,0,4.2,0.0,0.0,4495.53,4495.53,0.0,0.0
2026-06-05T07:44:47.134+00:00,193935,7bf0e23b-e546-4171-8243-7b016fd37d6e,,10,FAULT,0x2080,SENSOR_RANGE|PUMP_CAVITATION,0,0,0,0,0,0,0.0,1.099,0.0,0.0,0.0,0.0,0.0,0.0,0.0,0.41,107.0,1013.0,20.3,9.0,0.0,0.0,0.0,,0.0,0,0,0,0,0,4.2,0.0,0.0,4495.53,4495.53,0.0,-1.37
2026-06-05T07:44:47.309+00:00,194110,7bf0e23b-e546-4171-8243-7b016fd37d6e,,10,FAULT,0x2080,SENSOR_RANGE|PUMP_CAVITATION,0,0,0,0,0,0,0.0,0.953,0.0,0.0,0.0,0.0,0.0,0.0,0.0,0.41,112.5,1013.0,20.3,9.0,0.0,0.0,0.0,,0.0,0,0,0,0,0,4.2,0.0,0.0,4495.53,4495.53,0.0,0.0
2026-06-05T07:44:47.485+00:00,194285,7bf0e23b-e546-4171-8243-7b016fd37d6e,,10,FAULT,0x2080,SENSOR_RANGE|PUMP_CAVITATION,0,0,0,0,0,0,0.0,0.366,0.0,0.0,0.0,0.0,0.0,0.0,0.0,-1.05,109.68,1013.0,20.3,9.0,0.0,0.0,0.0,,0.0,0,0,0,0,0,4.2,0.0,0.0,4495.53,4495.53,0.0,-8.34
2026-06-05T07:44:47.661+00:00,194461,7bf0e23b-e546-4171-8243-7b016fd37d6e,,10,FAULT,0x2080,SENSOR_RANGE|PUMP_CAVITATION,0,0,0,0,0,0,0.0,0.024,0.0,0.0,0.0,0.0,0.0,0.0,0.0,-1.78,112.5,1013.0,20.3,9.0,0.0,0.0,0.0,,0.0,0,0,0,0,0,4.2,0.0,0.0,4495.53,4495.53,0.0,-4.15
2026-06-05T07:44:47.837+00:00,194636,7bf0e23b-e546-4171-8243-7b016fd37d6e,,10,FAULT,0x2080,SENSOR_RANGE|PUMP_CAVITATION,0,0,0,0,0,0,0.0,0.904,0.0,0.0,0.0,0.0,0.0,0.0,0.0,0.41,111.76,1013.0,20.3,9.0,0.0,0.0,0.0,,0.0,0,0,0,0,0,4.2,0.0,0.0,4495.53,4495.53,0.0,12.51
2026-06-05T07:44:48.010+00:00,194811,7bf0e23b-e546-4171-8243-7b016fd37d6e,,10,FAULT,0x2080,SENSOR_RANGE|PUMP_CAVITATION,0,0,0,0,0,0,0.0,0.122,0.0,0.0,0.0,0.0,0.0,0.0,0.0,0.0,112.5,1013.0,20.3,9.0,0.0,0.0,0.0,,0.0,0,0,0,0,0,4.2,0.0,0.0,4495.53,4495.53,0.0,-2.34
2026-06-05T07:44:48.186+00:00,194988,7bf0e23b-e546-4171-8243-7b016fd37d6e,,10,FAULT,0x2080,SENSOR_RANGE|PUMP_CAVITATION,0,0,0,0,0,0,0.0,0.513,0.0,0.0,0.0,0.0,0.0,0.0,0.0,-1.05,109.32,1013.0,20.3,9.0,0.0,0.0,0.0,,0.0,0,0,0,0,0,4.2,0.0,0.0,4495.53,4495.53,0.0,-5.93
2026-06-05T07:44:48.363+00:00,195163,7bf0e23b-e546-4171-8243-7b016fd37d6e,,10,FAULT,0x2080,SENSOR_RANGE|PUMP_CAVITATION,0,0,0,0,0,0,0.0,0.562,0.0,0.0,0.0,0.0,0.0,0.0,0.0,-1.05,112.5,1013.0,20.4,9.0,0.0,0.0,0.0,,0.0,0,0,0,0,0,4.2,0.0,0.0,4495.53,4495.53,0.0,0.0
2026-06-05T07:44:48.538+00:00,195338,7bf0e23b-e546-4171-8243-7b016fd37d6e,,10,FAULT,0x2080,SENSOR_RANGE|PUMP_CAVITATION,0,0,0,0,0,0,0.0,1.001,0.0,0.0,0.0,0.0,0.0,0.0,0.0,-0.8,112.5,1013.0,20.3,9.0,0.0,0.0,0.0,,0.0,0,0,0,0,0,4.2,0.0,0.0,4495.53,4495.53,0.0,1.43
2026-06-05T07:44:48.714+00:00,195514,7bf0e23b-e546-4171-8243-7b016fd37d6e,,10,FAULT,0x2080,SENSOR_RANGE|PUMP_CAVITATION,0,0,0,0,0,0,0.0,0.904,0.0,0.0,0.0,0.0,0.0,0.0,0.0,-0.56,110.3,1013.0,20.3,9.0,0.0,0.0,0.0,,0.0,0,0,0,0,0,4.2,0.0,0.0,4495.53,4495.53,0.0,1.36
2026-06-05T07:44:48.890+00:00,195689,7bf0e23b-e546-4171-8243-7b016fd37d6e,,10,FAULT,0x2080,SENSOR_RANGE|PUMP_CAVITATION,0,0,0,0,0,0,0.0,0.0,0.0,0.0,0.0,0.0,0.0,0.0,0.0,1.63,110.3,1013.0,20.3,9.0,0.0,0.0,0.0,,0.0,0,0,0,0,0,4.2,0.0,0.0,4495.53,4495.53,0.0,12.51
2026-06-05T07:44:49.066+00:00,195864,7bf0e23b-e546-4171-8243-7b016fd37d6e,,10,FAULT,0x2080,SENSOR_RANGE|PUMP_CAVITATION,0,0,0,0,0,0,0.0,0.0,0.0,0.0,0.0,0.0,0.0,0.0,0.0,0.41,110.78,1013.0,20.3,9.0,0.0,0.0,0.0,,0.0,0,0,0,0,0,4.2,0.0,0.0,4495.53,4495.53,0.0,-6.97
2026-06-05T07:44:49.239+00:00,196039,7bf0e23b-e546-4171-8243-7b016fd37d6e,,10,FAULT,0x2080,SENSOR_RANGE|PUMP_CAVITATION,0,0,0,0,0,0,0.0,0.0,0.0,0.0,0.0,0.0,0.0,0.0,0.0,-0.31,109.07,1013.0,20.3,9.0,0.0,0.0,0.0,,0.0,0,0,0,0,0,4.2,0.0,0.0,4495.53,4495.53,0.0,-4.11
2026-06-05T07:44:49.415+00:00,196214,7bf0e23b-e546-4171-8243-7b016fd37d6e,,10,FAULT,0x2080,SENSOR_RANGE|PUMP_CAVITATION,0,0,0,0,0,0,0.0,0.0,0.0,0.0,0.0,0.0,0.0,0.0,0.0,1.14,109.32,1013.0,20.3,9.0,0.0,0.0,0.0,,0.0,0,0,0,0,0,4.2,0.0,0.0,4495.53,4495.53,0.0,8.29
2026-06-05T07:44:49.591+00:00,196390,7bf0e23b-e546-4171-8243-7b016fd37d6e,,10,FAULT,0x2080,SENSOR_RANGE|PUMP_CAVITATION,0,0,0,0,0,0,0.0,0.0,0.0,0.0,0.0,0.0,0.0,0.0,0.0,0.41,110.54,1013.0,20.3,9.0,0.0,0.0,0.0,,0.0,0,0,0,0,0,4.2,0.0,0.0,4495.53,4495.53,0.0,-4.15
2026-06-05T07:44:49.766+00:00,196566,7bf0e23b-e546-4171-8243-7b016fd37d6e,,10,FAULT,0x2080,SENSOR_RANGE|PUMP_CAVITATION,0,0,0,0,0,0,0.0,1.05,0.0,0.0,0.0,0.0,0.0,0.0,0.0,0.9,112.5,1013.0,20.3,9.0,0.0,0.0,0.0,,0.0,0,0,0,0,0,4.2,0.0,0.0,4495.53,4495.53,0.0,2.78
2026-06-05T07:44:49.942+00:00,196741,7bf0e23b-e546-4171-8243-7b016fd37d6e,,10,FAULT,0x2080,SENSOR_RANGE|PUMP_CAVITATION,0,0,0,0,0,0,0.0,1.148,0.0,0.0,0.0,0.0,0.0,0.0,0.0,0.0,111.64,1013.0,20.3,9.0,0.0,0.0,0.0,,0.0,0,0,0,0,0,4.2,0.0,0.0,4495.53,4495.53,0.0,-5.14
2026-06-05T07:44:50.118+00:00,196916,7bf0e23b-e546-4171-8243-7b016fd37d6e,,10,FAULT,0x2080,SENSOR_RANGE|PUMP_CAVITATION,0,0,0,0,0,0,0.0,1.001,0.0,0.0,0.0,0.0,0.0,0.0,0.0,1.14,109.56,1013.0,20.3,9.0,0.0,0.0,0.0,,0.0,0,0,0,0,0,4.2,0.0,0.0,4495.53,4495.53,0.0,6.51
2026-06-05T07:44:50.292+00:00,197092,7bf0e23b-e546-4171-8243-7b016fd37d6e,,10,FAULT,0x2080,SENSOR_RANGE|PUMP_CAVITATION,0,0,0,0,0,0,0.0,0.073,0.0,0.0,0.0,0.0,0.0,0.0,0.0,0.0,112.25,1013.0,20.3,9.0,0.0,0.0,0.0,,0.0,0,0,0,0,0,4.2,0.0,0.0,4495.53,4495.53,0.0,-6.48
2026-06-05T07:44:50.467+00:00,197267,7bf0e23b-e546-4171-8243-7b016fd37d6e,,10,FAULT,0x2080,SENSOR_RANGE|PUMP_CAVITATION,0,0,0,0,0,0,0.0,1.05,0.0,0.0,0.0,0.0,0.0,0.0,0.0,0.0,111.27,1013.0,20.3,9.0,0.0,0.0,0.0,,0.0,0,0,0,0,0,4.2,0.0,0.0,4495.53,4495.53,0.0,0.0
2026-06-05T07:44:50.643+00:00,197442,7bf0e23b-e546-4171-8243-7b016fd37d6e,,10,FAULT,0x2080,SENSOR_RANGE|PUMP_CAVITATION,0,0,0,0,0,0,0.0,0.61,0.0,0.0,0.0,0.0,0.0,0.0,0.0,0.65,112.5,1013.0,20.3,9.0,0.0,0.0,0.0,,0.0,0,0,0,0,0,4.2,0.0,0.0,4495.53,4495.53,0.0,3.71
2026-06-05T07:44:50.820+00:00,197617,7bf0e23b-e546-4171-8243-7b016fd37d6e,,10,FAULT,0x2080,SENSOR_RANGE|PUMP_CAVITATION,0,0,0,0,0,0,0.0,0.0,0.0,0.0,0.0,0.0,0.0,0.0,0.0,0.41,107.73,1013.0,20.3,9.0,0.0,0.0,0.0,,0.0,0,0,0,0,0,4.2,0.0,0.0,4495.53,4495.53,0.0,-1.37
2026-06-05T07:44:50.995+00:00,197792,7bf0e23b-e546-4171-8243-7b016fd37d6e,,10,FAULT,0x2080,SENSOR_RANGE|PUMP_CAVITATION,0,0,0,0,0,0,0.0,0.0,0.0,0.0,0.0,0.0,0.0,0.0,0.0,-1.53,112.5,1013.0,20.3,9.0,0.0,0.0,0.0,,0.0,0,0,0,0,0,4.2,0.0,0.0,4495.53,4495.53,0.0,-11.09
2026-06-05T07:44:51.171+00:00,197967,7bf0e23b-e546-4171-8243-7b016fd37d6e,,10,FAULT,0x2080,SENSOR_RANGE|PUMP_CAVITATION,0,0,0,0,0,0,0.0,0.513,0.0,0.0,0.0,0.0,0.0,0.0,0.0,-0.56,110.05,1013.0,20.3,9.1,0.0,0.0,0.0,,0.0,0,0,0,0,0,4.2,0.0,0.0,4495.53,4495.53,0.0,5.54
2026-06-05T07:44:51.347+00:00,198144,7bf0e23b-e546-4171-8243-7b016fd37d6e,,10,FAULT,0x2080,SENSOR_RANGE|PUMP_CAVITATION,0,0,0,0,0,0,0.0,0.855,0.0,0.0,0.0,0.0,0.0,0.0,0.0,-0.31,112.5,1013.0,20.3,9.0,0.0,0.0,0.0,,0.0,0,0,0,0,0,4.2,0.0,0.0,4495.53,4495.53,0.0,1.41
2026-06-05T07:44:51.521+00:00,198319,7bf0e23b-e546-4171-8243-7b016fd37d6e,,10,FAULT,0x2080,SENSOR_RANGE|PUMP_CAVITATION,0,0,0,0,0,0,0.0,0.0,0.0,0.0,0.0,0.0,0.0,0.0,0.0,1.39,108.46,1013.0,20.3,9.0,0.0,0.0,0.0,,0.0,0,0,0,0,0,4.2,0.0,0.0,4495.53,4495.53,0.0,9.71
2026-06-05T07:44:51.696+00:00,198494,7bf0e23b-e546-4171-8243-7b016fd37d6e,,10,FAULT,0x2080,SENSOR_RANGE|PUMP_CAVITATION,0,0,0,0,0,0,0.0,0.0,0.0,0.0,0.0,0.0,0.0,0.0,0.0,0.0,111.88,1013.0,20.3,9.0,0.0,0.0,0.0,,0.0,0,0,0,0,0,4.2,0.0,0.0,4495.53,4495.53,0.0,-7.94
2026-06-05T07:44:51.872+00:00,198669,7bf0e23b-e546-4171-8243-7b016fd37d6e,,10,FAULT,0x2080,SENSOR_RANGE|PUMP_CAVITATION,0,0,0,0,0,0,0.0,0.024,0.0,0.0,0.0,0.0,0.0,0.0,0.0,-1.29,112.01,1013.0,20.3,9.0,0.0,0.0,0.0,,0.0,0,0,0,0,0,4.2,0.0,0.0,4495.53,4495.53,0.0,-7.37
2026-06-05T07:44:52.048+00:00,198845,7bf0e23b-e546-4171-8243-7b016fd37d6e,,10,FAULT,0x2080,SENSOR_RANGE|PUMP_CAVITATION,0,0,0,0,0,0,0.0,0.659,0.0,0.0,0.0,0.0,0.0,0.0,0.0,-0.8,112.5,1013.0,20.3,9.1,0.0,0.0,0.0,,0.0,0,0,0,0,0,4.2,0.0,0.0,4495.53,4495.53,0.0,2.78
2026-06-05T07:44:52.223+00:00,199020,7bf0e23b-e546-4171-8243-7b016fd37d6e,,10,FAULT,0x2080,SENSOR_RANGE|PUMP_CAVITATION,0,0,0,0,0,0,0.0,0.562,0.0,0.0,0.0,0.0,0.0,0.0,0.0,0.9,109.81,1013.0,20.3,9.0,0.0,0.0,0.0,,0.0,0,0,0,0,0,4.2,0.0,0.0,4495.53,4495.53,0.0,9.71
2026-06-05T07:44:52.399+00:00,199195,7bf0e23b-e546-4171-8243-7b016fd37d6e,,10,FAULT,0x2080,SENSOR_RANGE|PUMP_CAVITATION,0,0,0,0,0,0,0.0,0.855,0.0,0.0,0.0,0.0,0.0,0.0,0.0,-0.31,112.5,1013.0,20.3,9.0,0.0,0.0,0.0,,0.0,0,0,0,0,0,4.2,0.0,0.0,4495.53,4495.53,0.0,-6.91
2026-06-05T07:44:52.573+00:00,199370,7bf0e23b-e546-4171-8243-7b016fd37d6e,,10,FAULT,0x2080,SENSOR_RANGE|PUMP_CAVITATION,0,0,0,0,0,0,0.0,0.024,0.0,0.0,0.0,0.0,0.0,0.0,0.0,-1.78,112.5,1013.0,20.3,9.0,0.0,0.0,0.0,,0.0,0,0,0,0,0,4.2,0.0,0.0,4495.53,4495.53,0.0,-8.4
2026-06-05T07:44:52.749+00:00,199546,7bf0e23b-e546-4171-8243-7b016fd37d6e,,10,FAULT,0x2080,SENSOR_RANGE|PUMP_CAVITATION,0,0,0,0,0,0,0.0,0.708,0.0,0.0,0.0,0.0,0.0,0.0,0.0,0.9,105.77,1013.0,20.3,9.0,0.0,0.0,0.0,,0.0,0,0,0,0,0,4.2,0.0,0.0,4495.53,4495.53,0.0,15.23
2026-06-05T07:44:52.925+00:00,199721,7bf0e23b-e546-4171-8243-7b016fd37d6e,,10,FAULT,0x2080,SENSOR_RANGE|PUMP_CAVITATION,0,0,0,0,0,0,0.0,0.0,0.0,0.0,0.0,0.0,0.0,0.0,0.0,1.63,112.13,1012.9,20.3,9.0,0.0,0.0,0.0,,0.0,0,0,0,0,0,4.2,0.0,0.0,4495.53,4495.53,0.0,4.17
2026-06-05T07:44:53.101+00:00,199897,7bf0e23b-e546-4171-8243-7b016fd37d6e,,10,FAULT,0x2080,SENSOR_RANGE|PUMP_CAVITATION,0,0,0,0,0,0,0.0,0.708,0.0,0.0,0.0,0.0,0.0,0.0,0.0,1.63,106.75,1013.0,20.3,9.0,0.0,0.0,0.0,,0.0,0,0,0,0,0,4.2,0.0,0.0,4495.53,4495.53,0.0,0.0
2026-06-05T07:44:53.276+00:00,200072,7bf0e23b-e546-4171-8243-7b016fd37d6e,,10,FAULT,0x2080,SENSOR_RANGE|PUMP_CAVITATION,0,0,0,0,0,0,0.0,0.0,0.0,0.0,0.0,0.0,0.0,0.0,0.0,0.0,112.5,1013.0,20.3,9.0,0.0,0.0,0.0,,0.0,0,0,0,0,0,4.2,0.0,0.0,4495.53,4495.53,0.0,-9.31
2026-06-05T07:44:53.452+00:00,200247,7bf0e23b-e546-4171-8243-7b016fd37d6e,,10,FAULT,0x2080,SENSOR_RANGE|PUMP_CAVITATION,0,0,0,0,0,0,0.0,0.0,0.0,0.0,0.0,0.0,0.0,0.0,0.0,-0.31,106.87,1013.0,20.3,9.1,0.0,0.0,0.0,,0.0,0,0,0,0,0,4.2,0.0,0.0,4495.53,4495.53,0.0,-1.77
2026-06-05T07:44:53.628+00:00,200423,7bf0e23b-e546-4171-8243-7b016fd37d6e,,10,FAULT,0x2080,SENSOR_RANGE|PUMP_CAVITATION,0,0,0,0,0,0,0.0,0.268,0.0,0.0,0.0,0.0,0.0,0.0,0.0,-0.31,112.5,1013.0,20.3,9.0,0.0,0.0,0.0,,0.0,0,0,0,0,0,4.2,0.0,0.0,4495.53,4495.53,0.0,0.0
2026-06-05T07:44:53.802+00:00,200598,7bf0e23b-e546-4171-8243-7b016fd37d6e,,10,FAULT,0x2080,SENSOR_RANGE|PUMP_CAVITATION,0,0,0,0,0,0,0.0,0.806,0.0,0.0,0.0,0.0,0.0,0.0,0.0,0.0,112.25,1013.0,20.3,9.0,0.0,0.0,0.0,,0.0,0,0,0,0,0,4.2,0.0,0.0,4495.53,4495.53,0.0,1.77
2026-06-05T07:44:53.978+00:00,200773,7bf0e23b-e546-4171-8243-7b016fd37d6e,,10,FAULT,0x2080,SENSOR_RANGE|PUMP_CAVITATION,0,0,0,0,0,0,0.0,1.05,0.0,0.0,0.0,0.0,0.0,0.0,0.0,0.9,112.5,1013.0,20.3,9.0,0.0,0.0,0.0,,0.0,0,0,0,0,0,4.2,0.0,0.0,4495.53,4495.53,0.0,5.14
2026-06-05T07:44:54.153+00:00,200948,7bf0e23b-e546-4171-8243-7b016fd37d6e,,10,FAULT,0x2080,SENSOR_RANGE|PUMP_CAVITATION,0,0,0,0,0,0,0.0,1.001,0.0,0.0,0.0,0.0,0.0,0.0,0.0,0.0,106.87,1013.0,20.3,9.0,0.0,0.0,0.0,,0.0,0,0,0,0,0,4.2,0.0,0.0,4495.53,4495.53,0.0,-5.14
2026-06-05T07:44:54.329+00:00,201124,7bf0e23b-e546-4171-8243-7b016fd37d6e,,10,FAULT,0x2080,SENSOR_RANGE|PUMP_CAVITATION,0,0,0,0,0,0,0.0,0.024,0.0,0.0,0.0,0.0,0.0,0.0,0.0,0.41,109.81,1013.0,20.3,9.0,0.0,0.0,0.0,,0.0,0,0,0,0,0,4.2,0.0,0.0,4495.53,4495.53,0.0,2.33
2026-06-05T07:44:54.505+00:00,201299,7bf0e23b-e546-4171-8243-7b016fd37d6e,,10,FAULT,0x2080,SENSOR_RANGE|PUMP_CAVITATION,0,0,0,0,0,0,0.0,1.099,0.0,0.0,0.0,0.0,0.0,0.0,0.0,1.63,111.4,1013.0,20.3,9.0,0.0,0.0,0.0,,0.0,0,0,0,0,0,4.2,0.0,0.0,4495.53,4495.53,0.0,6.97
2026-06-05T07:44:54.681+00:00,201475,7bf0e23b-e546-4171-8243-7b016fd37d6e,,10,FAULT,0x2080,SENSOR_RANGE|PUMP_CAVITATION,0,0,0,0,0,0,0.0,0.0,0.0,0.0,0.0,0.0,0.0,0.0,0.0,0.0,109.32,1013.0,20.3,9.0,0.0,0.0,0.0,,0.0,0,0,0,0,0,4.2,0.0,0.0,4495.53,4495.53,0.0,-9.26
2026-06-05T07:44:54.854+00:00,201650,7bf0e23b-e546-4171-8243-7b016fd37d6e,,10,FAULT,0x2080,SENSOR_RANGE|PUMP_CAVITATION,0,0,0,0,0,0,0.0,0.855,0.0,0.0,0.0,0.0,0.0,0.0,0.0,0.0,112.5,1013.0,20.3,9.0,0.0,0.0,0.0,,0.0,0,0,0,0,0,4.2,0.0,0.0,4495.53,4495.53,0.0,0.0
2026-06-05T07:44:55.030+00:00,201825,7bf0e23b-e546-4171-8243-7b016fd37d6e,,10,FAULT,0x2080,SENSOR_RANGE|PUMP_CAVITATION,0,0,0,0,0,0,0.0,0.317,0.0,0.0,0.0,0.0,0.0,0.0,0.0,0.0,112.5,1013.0,20.3,9.0,0.0,0.0,0.0,,0.0,0,0,0,0,0,4.2,0.0,0.0,4495.53,4495.53,0.0,0.0
2026-06-05T07:44:55.206+00:00,202001,7bf0e23b-e546-4171-8243-7b016fd37d6e,,10,FAULT,0x2080,SENSOR_RANGE|PUMP_CAVITATION,0,0,0,0,0,0,0.0,0.953,0.0,0.0,0.0,0.0,0.0,0.0,0.0,0.65,112.5,1013.0,20.3,9.0,0.0,0.0,0.0,,0.0,0,0,0,0,0,4.2,0.0,0.0,4495.53,4495.53,0.0,3.69
2026-06-05T07:44:55.382+00:00,202176,7bf0e23b-e546-4171-8243-7b016fd37d6e,,10,FAULT,0x2080,SENSOR_RANGE|PUMP_CAVITATION,0,0,0,0,0,0,0.0,0.464,0.0,0.0,0.0,0.0,0.0,0.0,0.0,-1.53,111.88,1013.0,20.3,9.0,0.0,0.0,0.0,,0.0,0,0,0,0,0,4.2,0.0,0.0,4495.53,4495.53,0.0,-12.46
2026-06-05T07:44:55.558+00:00,202351,7bf0e23b-e546-4171-8243-7b016fd37d6e,,10,FAULT,0x2080,SENSOR_RANGE|PUMP_CAVITATION,0,0,0,0,0,0,0.0,0.415,0.0,0.0,0.0,0.0,0.0,0.0,0.0,-0.8,112.5,1013.0,20.3,9.0,0.0,0.0,0.0,,0.0,0,0,0,0,0,4.2,0.0,0.0,4495.53,4495.53,0.0,4.17
2026-06-05T07:44:55.734+00:00,202527,7bf0e23b-e546-4171-8243-7b016fd37d6e,,10,FAULT,0x2080,SENSOR_RANGE|PUMP_CAVITATION,0,0,0,0,0,0,0.0,0.0,0.0,0.0,0.0,0.0,0.0,0.0,0.0,-0.31,109.56,1013.0,20.3,9.0,0.0,0.0,0.0,,0.0,0,0,0,0,0,4.2,0.0,0.0,4495.53,4495.53,0.0,2.78
2026-06-05T07:44:55.909+00:00,202702,7bf0e23b-e546-4171-8243-7b016fd37d6e,,10,FAULT,0x2080,SENSOR_RANGE|PUMP_CAVITATION,0,0,0,0,0,0,0.0,0.904,0.0,0.0,0.0,0.0,0.0,0.0,0.0,-0.31,112.5,1013.0,20.3,9.0,0.0,0.0,0.0,,0.0,0,0,0,0,0,4.2,0.0,0.0,4495.53,4495.53,0.0,0.0
2026-06-05T07:44:56.083+00:00,202877,7bf0e23b-e546-4171-8243-7b016fd37d6e,,10,FAULT,0x2080,SENSOR_RANGE|PUMP_CAVITATION,0,0,0,0,0,0,0.0,0.0,0.0,0.0,0.0,0.0,0.0,0.0,0.0,0.65,107.12,1013.0,20.3,9.0,0.0,0.0,0.0,,0.0,0,0,0,0,0,4.2,0.0,0.0,4495.53,4495.53,0.0,5.49
2026-06-05T07:44:56.259+00:00,203053,7bf0e23b-e546-4171-8243-7b016fd37d6e,,10,FAULT,0x2080,SENSOR_RANGE|PUMP_CAVITATION,0,0,0,0,0,0,0.0,0.0,0.0,0.0,0.0,0.0,0.0,0.0,0.0,-1.29,112.5,1013.0,20.3,9.0,0.0,0.0,0.0,,0.0,0,0,0,0,0,4.2,0.0,0.0,4495.53,4495.53,0.0,-11.02
2026-06-05T07:44:56.435+00:00,203228,7bf0e23b-e546-4171-8243-7b016fd37d6e,,10,FAULT,0x2080,SENSOR_RANGE|PUMP_CAVITATION,0,0,0,0,0,0,0.0,0.464,0.0,0.0,0.0,0.0,0.0,0.0,0.0,-0.31,110.91,1013.0,20.3,9.0,0.0,0.0,0.0,,0.0,0,0,0,0,0,4.2,0.0,0.0,4495.53,4495.53,0.0,5.6
2026-06-05T07:44:56.611+00:00,203404,7bf0e23b-e546-4171-8243-7b016fd37d6e,,10,FAULT,0x2080,SENSOR_RANGE|PUMP_CAVITATION,0,0,0,0,0,0,0.0,1.001,0.0,0.0,0.0,0.0,0.0,0.0,0.0,0.65,112.37,1013.0,20.3,9.0,0.0,0.0,0.0,,0.0,0,0,0,0,0,4.2,0.0,0.0,4495.53,4495.53,0.0,5.45
2026-06-05T07:44:56.786+00:00,203579,7bf0e23b-e546-4171-8243-7b016fd37d6e,,10,FAULT,0x2080,SENSOR_RANGE|PUMP_CAVITATION,0,0,0,0,0,0,0.0,0.366,0.0,0.0,0.0,0.0,0.0,0.0,0.0,0.0,110.54,1013.0,20.3,9.0,0.0,0.0,0.0,,0.0,0,0,0,0,0,4.2,0.0,0.0,4495.53,4495.53,0.0,-3.71
2026-06-05T07:44:56.962+00:00,203754,7bf0e23b-e546-4171-8243-7b016fd37d6e,,10,FAULT,0x2080,SENSOR_RANGE|PUMP_CAVITATION,0,0,0,0,0,0,0.0,1.099,0.0,0.0,0.0,0.0,0.0,0.0,0.0,0.0,112.5,1013.0,20.3,9.0,0.0,0.0,0.0,,0.0,0,0,0,0,0,4.2,0.0,0.0,4495.53,4495.53,0.0,0.0
2026-06-05T07:44:57.136+00:00,203929,7bf0e23b-e546-4171-8243-7b016fd37d6e,,10,FAULT,0x2080,SENSOR_RANGE|PUMP_CAVITATION,0,0,0,0,0,0,0.0,0.0,0.0,0.0,0.0,0.0,0.0,0.0,0.0,-1.05,108.83,1013.0,20.3,9.0,0.0,0.0,0.0,,0.0,0,0,0,0,0,4.2,0.0,0.0,4495.53,4495.53,0.0,-6.0
2026-06-05T07:44:57.312+00:00,204105,7bf0e23b-e546-4171-8243-7b016fd37d6e,,10,FAULT,0x2080,SENSOR_RANGE|PUMP_CAVITATION,0,0,0,0,0,0,0.0,0.366,0.0,0.0,0.0,0.0,0.0,0.0,0.0,-1.29,112.5,1013.0,20.3,9.0,0.0,0.0,0.0,,0.0,0,0,0,0,0,4.2,0.0,0.0,4495.53,4495.53,0.0,-1.36
2026-06-05T07:44:57.487+00:00,204280,7bf0e23b-e546-4171-8243-7b016fd37d6e,,10,FAULT,0x2080,SENSOR_RANGE|PUMP_CAVITATION,0,0,0,0,0,0,0.0,0.0,0.0,0.0,0.0,0.0,0.0,0.0,0.0,-1.53,109.68,1013.0,20.3,9.0,0.0,0.0,0.0,,0.0,0,0,0,0,0,4.2,0.0,0.0,4495.53,4495.53,0.0,-1.37
2026-06-05T07:44:57.664+00:00,204455,7bf0e23b-e546-4171-8243-7b016fd37d6e,,10,FAULT,0x2080,SENSOR_RANGE|PUMP_CAVITATION,0,0,0,0,0,0,0.0,0.708,0.0,0.0,0.0,0.0,0.0,0.0,0.0,-1.53,112.5,1013.0,20.3,9.0,0.0,0.0,0.0,,0.0,0,0,0,0,0,4.2,0.0,0.0,4495.53,4495.53,0.0,0.0
2026-06-05T07:44:57.839+00:00,204632,7bf0e23b-e546-4171-8243-7b016fd37d6e,,10,FAULT,0x2080,SENSOR_RANGE|PUMP_CAVITATION,0,0,0,0,0,0,0.0,1.001,0.0,0.0,0.0,0.0,0.0,0.0,0.0,0.9,112.5,1013.0,20.3,9.0,0.0,0.0,0.0,,0.0,0,0,0,0,0,4.2,0.0,0.0,4495.53,4495.53,0.0,13.73
2026-06-05T07:44:58.015+00:00,204807,7bf0e23b-e546-4171-8243-7b016fd37d6e,,10,FAULT,0x2080,SENSOR_RANGE|PUMP_CAVITATION,0,0,0,0,0,0,0.0,0.0,0.0,0.0,0.0,0.0,0.0,0.0,0.0,0.41,108.71,1013.0,20.3,9.0,0.0,0.0,0.0,,0.0,0,0,0,0,0,4.2,0.0,0.0,4495.53,4495.53,0.0,-2.8
2026-06-05T07:44:58.191+00:00,204982,7bf0e23b-e546-4171-8243-7b016fd37d6e,,10,FAULT,0x2080,SENSOR_RANGE|PUMP_CAVITATION,0,0,0,0,0,0,0.0,0.61,0.0,0.0,0.0,0.0,0.0,0.0,0.0,-2.51,112.5,1013.0,20.3,9.0,0.0,0.0,0.0,,0.0,0,0,0,0,0,4.2,0.0,0.0,4495.53,4495.53,0.0,-16.69
2026-06-05T07:44:58.364+00:00,205157,7bf0e23b-e546-4171-8243-7b016fd37d6e,,10,FAULT,0x2080,SENSOR_RANGE|PUMP_CAVITATION,0,0,0,0,0,0,0.0,0.0,0.0,0.0,0.0,0.0,0.0,0.0,0.0,-0.31,106.02,1013.0,20.3,9.1,0.0,0.0,0.0,,0.0,0,0,0,0,0,4.2,0.0,0.0,4495.53,4495.53,0.0,12.57
2026-06-05T07:44:58.540+00:00,205333,7bf0e23b-e546-4171-8243-7b016fd37d6e,,10,FAULT,0x2080,SENSOR_RANGE|PUMP_CAVITATION,0,0,0,0,0,0,0.0,0.268,0.0,0.0,0.0,0.0,0.0,0.0,0.0,-0.8,112.5,1013.0,20.3,9.0,0.0,0.0,0.0,,0.0,0,0,0,0,0,4.2,0.0,0.0,4495.53,4495.53,0.0,-2.78
2026-06-05T07:44:58.716+00:00,205508,7bf0e23b-e546-4171-8243-7b016fd37d6e,,10,FAULT,0x2080,SENSOR_RANGE|PUMP_CAVITATION,0,0,0,0,0,0,0.0,0.0,0.0,0.0,0.0,0.0,0.0,0.0,0.0,-1.53,107.24,1013.0,20.3,9.0,0.0,0.0,0.0,,0.0,0,0,0,0,0,4.2,0.0,0.0,4495.53,4495.53,0.0,-4.17
2026-06-05T07:44:58.892+00:00,205683,7bf0e23b-e546-4171-8243-7b016fd37d6e,,10,FAULT,0x2080,SENSOR_RANGE|PUMP_CAVITATION,0,0,0,0,0,0,0.0,0.757,0.0,0.0,0.0,0.0,0.0,0.0,0.0,-1.78,112.5,1013.0,20.3,9.0,0.0,0.0,0.0,,0.0,0,0,0,0,0,4.2,0.0,0.0,4495.53,4495.53,0.0,-1.43
2026-06-05T07:44:59.068+00:00,205859,7bf0e23b-e546-4171-8243-7b016fd37d6e,,10,FAULT,0x2080,SENSOR_RANGE|PUMP_CAVITATION,0,0,0,0,0,0,0.0,0.171,0.0,0.0,0.0,0.0,0.0,0.0,0.0,-0.56,108.58,1013.0,20.3,9.0,0.0,0.0,0.0,,0.0,0,0,0,0,0,4.2,0.0,0.0,4495.53,4495.53,0.0,6.93
2026-06-05T07:44:59.244+00:00,206034,7bf0e23b-e546-4171-8243-7b016fd37d6e,,10,FAULT,0x2080,SENSOR_RANGE|PUMP_CAVITATION,0,0,0,0,0,0,0.0,1.001,0.0,0.0,0.0,0.0,0.0,0.0,0.0,1.14,112.5,1013.0,20.3,9.0,0.0,0.0,0.0,,0.0,0,0,0,0,0,4.2,0.0,0.0,4495.53,4495.53,0.0,9.71
2026-06-05T07:44:59.420+00:00,206210,7bf0e23b-e546-4171-8243-7b016fd37d6e,,10,FAULT,0x2080,SENSOR_RANGE|PUMP_CAVITATION,0,0,0,0,0,0,0.0,0.171,0.0,0.0,0.0,0.0,0.0,0.0,0.0,-1.53,110.17,1013.0,20.3,9.0,0.0,0.0,0.0,,0.0,0,0,0,0,0,4.2,0.0,0.0,4495.53,4495.53,0.0,-15.17
2026-06-05T07:44:59.596+00:00,206386,7bf0e23b-e546-4171-8243-7b016fd37d6e,,10,FAULT,0x2080,SENSOR_RANGE|PUMP_CAVITATION,0,0,0,0,0,0,0.0,0.0,0.0,0.0,0.0,0.0,0.0,0.0,0.0,1.14,111.64,1013.0,20.3,9.0,0.0,0.0,0.0,,0.0,0,0,0,0,0,4.2,0.0,0.0,4495.53,4495.53,0.0,15.17
2026-06-05T07:44:59.769+00:00,206561,7bf0e23b-e546-4171-8243-7b016fd37d6e,,10,FAULT,0x2080,SENSOR_RANGE|PUMP_CAVITATION,0,0,0,0,0,0,0.0,1.099,0.0,0.0,0.0,0.0,0.0,0.0,0.0,0.65,112.5,1013.0,20.3,9.0,0.0,0.0,0.0,,0.0,0,0,0,0,0,4.2,0.0,0.0,4495.53,4495.53,0.0,-2.8
2026-06-05T07:44:59.945+00:00,206736,7bf0e23b-e546-4171-8243-7b016fd37d6e,,10,FAULT,0x2080,SENSOR_RANGE|PUMP_CAVITATION,0,0,0,0,0,0,0.0,0.0,0.0,0.0,0.0,0.0,0.0,0.0,0.0,0.0,111.76,1013.0,20.3,9.0,0.0,0.0,0.0,,0.0,0,0,0,0,0,4.2,0.0,0.0,4495.53,4495.53,0.0,-3.71
2026-06-05T07:45:00.121+00:00,206911,7bf0e23b-e546-4171-8243-7b016fd37d6e,,10,FAULT,0x2080,SENSOR_RANGE|PUMP_CAVITATION,0,0,0,0,0,0,0.0,0.855,0.0,0.0,0.0,0.0,0.0,0.0,0.0,0.0,112.5,1013.0,20.3,9.0,0.0,0.0,0.0,,0.0,0,0,0,0,0,4.2,0.0,0.0,4495.53,4495.53,0.0,0.0
2026-06-05T07:45:00.297+00:00,207086,7bf0e23b-e546-4171-8243-7b016fd37d6e,,10,FAULT,0x2080,SENSOR_RANGE|PUMP_CAVITATION,0,0,0,0,0,0,0.0,0.855,0.0,0.0,0.0,0.0,0.0,0.0,0.0,1.88,108.34,1013.0,20.3,9.0,0.0,0.0,0.0,,0.0,0,0,0,0,0,4.2,0.0,0.0,4495.53,4495.53,0.0,10.74
2026-06-05T07:45:00.472+00:00,207262,7bf0e23b-e546-4171-8243-7b016fd37d6e,,10,FAULT,0x2080,SENSOR_RANGE|PUMP_CAVITATION,0,0,0,0,0,0,0.0,0.0,0.0,0.0,0.0,0.0,0.0,0.0,0.0,-1.53,112.37,1013.0,20.3,9.0,0.0,0.0,0.0,,0.0,0,0,0,0,0,4.2,0.0,0.0,4495.53,4495.53,0.0,-19.38
2026-06-05T07:45:00.648+00:00,207437,7bf0e23b-e546-4171-8243-7b016fd37d6e,,10,FAULT,0x2080,SENSOR_RANGE|PUMP_CAVITATION,0,0,0,0,0,0,0.0,1.001,0.0,0.0,0.0,0.0,0.0,0.0,0.0,0.0,112.5,1013.0,20.3,9.0,0.0,0.0,0.0,,0.0,0,0,0,0,0,4.2,0.0,0.0,4495.53,4495.53,0.0,8.74
2026-06-05T07:45:00.822+00:00,207612,7bf0e23b-e546-4171-8243-7b016fd37d6e,,10,FAULT,0x2080,SENSOR_RANGE|PUMP_CAVITATION,0,0,0,0,0,0,0.0,0.513,0.0,0.0,0.0,0.0,0.0,0.0,0.0,0.0,112.5,1013.0,20.3,9.0,0.0,0.0,0.0,,0.0,0,0,0,0,0,4.2,0.0,0.0,4495.53,4495.53,0.0,0.0
2026-06-05T07:45:00.998+00:00,207788,7bf0e23b-e546-4171-8243-7b016fd37d6e,,10,FAULT,0x2080,SENSOR_RANGE|PUMP_CAVITATION,0,0,0,0,0,0,0.0,0.0,0.0,0.0,0.0,0.0,0.0,0.0,0.0,0.65,107.97,1013.0,20.3,9.0,0.0,0.0,0.0,,0.0,0,0,0,0,0,4.2,0.0,0.0,4495.53,4495.53,0.0,3.69
2026-06-05T07:45:01.173+00:00,207963,7bf0e23b-e546-4171-8243-7b016fd37d6e,,10,FAULT,0x2080,SENSOR_RANGE|PUMP_CAVITATION,0,0,0,0,0,0,0.0,0.024,0.0,0.0,0.0,0.0,0.0,0.0,0.0,-1.29,112.5,1013.0,20.3,9.0,0.0,0.0,0.0,,0.0,0,0,0,0,0,4.2,0.0,0.0,4495.53,4495.53,0.0,-11.09
2026-06-05T07:45:01.350+00:00,208139,7bf0e23b-e546-4171-8243-7b016fd37d6e,,10,FAULT,0x2080,SENSOR_RANGE|PUMP_CAVITATION,0,0,0,0,0,0,0.0,0.0,0.0,0.0,0.0,0.0,0.0,0.0,0.0,2.12,105.41,1013.0,20.3,9.0,0.0,0.0,0.0,,0.0,0,0,0,0,0,4.2,0.0,0.0,4495.53,4495.53,0.0,19.38
2026-06-05T07:45:01.525+00:00,208314,7bf0e23b-e546-4171-8243-7b016fd37d6e,,10,FAULT,0x2080,SENSOR_RANGE|PUMP_CAVITATION,0,0,0,0,0,0,0.0,0.757,0.0,0.0,0.0,0.0,0.0,0.0,0.0,0.41,112.5,1013.0,20.3,9.0,0.0,0.0,0.0,,0.0,0,0,0,0,0,4.2,0.0,0.0,4495.53,4495.53,0.0,-9.77
2026-06-05T07:45:01.701+00:00,208489,7bf0e23b-e546-4171-8243-7b016fd37d6e,,10,FAULT,0x2080,SENSOR_RANGE|PUMP_CAVITATION,0,0,0,0,0,0,0.0,0.0,0.0,0.0,0.0,0.0,0.0,0.0,0.0,-2.02,109.32,1013.0,20.3,9.0,0.0,0.0,0.0,,0.0,0,0,0,0,0,4.2,0.0,0.0,4495.53,4495.53,0.0,-13.89
2026-06-05T07:45:01.875+00:00,208664,7bf0e23b-e546-4171-8243-7b016fd37d6e,,10,FAULT,0x2080,SENSOR_RANGE|PUMP_CAVITATION,0,0,0,0,0,0,0.0,0.708,0.0,0.0,0.0,0.0,0.0,0.0,0.0,-1.53,111.88,1013.0,20.3,9.0,0.0,0.0,0.0,,0.0,0,0,0,0,0,4.2,0.0,0.0,4495.53,4495.53,0.0,2.8
2026-06-05T07:45:02.050+00:00,208840,7bf0e23b-e546-4171-8243-7b016fd37d6e,,10,FAULT,0x2080,SENSOR_RANGE|PUMP_CAVITATION,0,0,0,0,0,0,0.0,0.904,0.0,0.0,0.0,0.0,0.0,0.0,0.0,0.0,111.15,1013.0,20.3,9.0,0.0,0.0,0.0,,0.0,0,0,0,0,0,4.2,0.0,0.0,4495.53,4495.53,0.0,8.69
2026-06-05T07:45:02.226+00:00,209015,7bf0e23b-e546-4171-8243-7b016fd37d6e,,10,FAULT,0x2080,SENSOR_RANGE|PUMP_CAVITATION,0,0,0,0,0,0,0.0,0.0,0.0,0.0,0.0,0.0,0.0,0.0,0.0,-1.05,112.37,1013.0,20.3,9.0,0.0,0.0,0.0,,0.0,0,0,0,0,0,4.2,0.0,0.0,4495.53,4495.53,0.0,-6.0
2026-06-05T07:45:02.402+00:00,209190,7bf0e23b-e546-4171-8243-7b016fd37d6e,,10,FAULT,0x2080,SENSOR_RANGE|PUMP_CAVITATION,0,0,0,0,0,0,0.0,0.61,0.0,0.0,0.0,0.0,0.0,0.0,0.0,-0.31,111.27,1013.0,20.3,9.0,0.0,0.0,0.0,,0.0,0,0,0,0,0,4.2,0.0,0.0,4495.53,4495.53,0.0,4.23
2026-06-05T07:45:02.578+00:00,209366,7bf0e23b-e546-4171-8243-7b016fd37d6e,,10,FAULT,0x2080,SENSOR_RANGE|PUMP_CAVITATION,0,0,0,0,0,0,0.0,0.0,0.0,0.0,0.0,0.0,0.0,0.0,0.0,-1.53,112.5,1013.0,20.3,9.0,0.0,0.0,0.0,,0.0,0,0,0,0,0,4.2,0.0,0.0,4495.53,4495.53,0.0,-6.93
2026-06-05T07:45:02.754+00:00,209542,7bf0e23b-e546-4171-8243-7b016fd37d6e,,10,FAULT,0x2080,SENSOR_RANGE|PUMP_CAVITATION,0,0,0,0,0,0,0.0,0.0,0.0,0.0,0.0,0.0,0.0,0.0,0.0,-0.31,108.34,1013.0,20.3,9.1,0.0,0.0,0.0,,0.0,0,0,0,0,0,4.2,0.0,0.0,4495.53,4495.53,0.0,6.93
2026-06-05T07:45:02.930+00:00,209717,7bf0e23b-e546-4171-8243-7b016fd37d6e,,10,FAULT,0x2080,SENSOR_RANGE|PUMP_CAVITATION,0,0,0,0,0,0,0.0,0.464,0.0,0.0,0.0,0.0,0.0,0.0,0.0,-1.29,112.5,1013.0,20.3,9.0,0.0,0.0,0.0,,0.0,0,0,0,0,0,4.2,0.0,0.0,4495.53,4495.53,0.0,-5.6
2026-06-05T07:45:03.104+00:00,209892,7bf0e23b-e546-4171-8243-7b016fd37d6e,,10,FAULT,0x2080,SENSOR_RANGE|PUMP_CAVITATION,0,0,0,0,0,0,0.0,0.122,0.0,0.0,0.0,0.0,0.0,0.0,0.0,-1.29,111.64,1013.0,20.3,9.0,0.0,0.0,0.0,,0.0,0,0,0,0,0,4.2,0.0,0.0,4495.53,4495.53,0.0,0.0
2026-06-05T07:45:03.280+00:00,210067,7bf0e23b-e546-4171-8243-7b016fd37d6e,,10,FAULT,0x2080,SENSOR_RANGE|PUMP_CAVITATION,0,0,0,0,0,0,0.0,0.0,0.0,0.0,0.0,0.0,0.0,0.0,0.0,1.39,108.83,1013.0,20.3,9.0,0.0,0.0,0.0,,0.0,0,0,0,0,0,4.2,0.0,0.0,4495.53,4495.53,0.0,15.31
2026-06-05T07:45:03.455+00:00,210243,7bf0e23b-e546-4171-8243-7b016fd37d6e,,10,FAULT,0x2080,SENSOR_RANGE|PUMP_CAVITATION,0,0,0,0,0,0,0.0,0.904,0.0,0.0,0.0,0.0,0.0,0.0,0.0,1.14,112.5,1013.0,20.3,9.0,0.0,0.0,0.0,,0.0,0,0,0,0,0,4.2,0.0,0.0,4495.53,4495.53,0.0,-1.42
2026-06-05T07:45:03.631+00:00,210418,7bf0e23b-e546-4171-8243-7b016fd37d6e,,10,FAULT,0x2080,SENSOR_RANGE|PUMP_CAVITATION,0,0,0,0,0,0,0.0,0.219,0.0,0.0,0.0,0.0,0.0,0.0,0.0,0.0,109.81,1013.0,20.3,9.0,0.0,0.0,0.0,,0.0,0,0,0,0,0,4.2,0.0,0.0,4495.53,4495.53,0.0,-6.51
2026-06-05T07:45:03.807+00:00,210593,7bf0e23b-e546-4171-8243-7b016fd37d6e,,10,FAULT,0x2080,SENSOR_RANGE|PUMP_CAVITATION,0,0,0,0,0,0,0.0,1.148,0.0,0.0,0.0,0.0,0.0,0.0,0.0,0.0,112.5,1013.0,20.3,9.0,0.0,0.0,0.0,,0.0,0,0,0,0,0,4.2,0.0,0.0,4495.53,4495.53,0.0,0.0
2026-06-05T07:45:03.982+00:00,210768,7bf0e23b-e546-4171-8243-7b016fd37d6e,,10,FAULT,0x2080,SENSOR_RANGE|PUMP_CAVITATION,0,0,0,0,0,0,0.0,0.024,0.0,0.0,0.0,0.0,0.0,0.0,0.0,-0.8,109.81,1013.0,20.3,9.0,0.0,0.0,0.0,,0.0,0,0,0,0,0,4.2,0.0,0.0,4495.53,4495.53,0.0,-4.57
2026-06-05T07:45:04.156+00:00,210945,7bf0e23b-e546-4171-8243-7b016fd37d6e,,10,FAULT,0x2080,SENSOR_RANGE|PUMP_CAVITATION,0,0,0,0,0,0,0.0,0.0,0.0,0.0,0.0,0.0,0.0,0.0,0.0,0.65,112.5,1013.0,20.3,9.0,0.0,0.0,0.0,,0.0,0,0,0,0,0,4.2,0.0,0.0,4495.53,4495.53,0.0,8.19
2026-06-05T07:45:04.332+00:00,211120,7bf0e23b-e546-4171-8243-7b016fd37d6e,,10,FAULT,0x2080,SENSOR_RANGE|PUMP_CAVITATION,0,0,0,0,0,0,0.0,0.806,0.0,0.0,0.0,0.0,0.0,0.0,0.0,0.65,111.03,1013.0,20.3,9.0,0.0,0.0,0.0,,0.0,0,0,0,0,0,4.2,0.0,0.0,4495.53,4495.53,0.0,0.0
2026-06-05T07:45:04.509+00:00,211295,7bf0e23b-e546-4171-8243-7b016fd37d6e,,10,FAULT,0x2080,SENSOR_RANGE|PUMP_CAVITATION,0,0,0,0,0,0,0.0,0.219,0.0,0.0,0.0,0.0,0.0,0.0,0.0,1.88,112.5,1013.0,20.3,9.0,0.0,0.0,0.0,,0.0,0,0,0,0,0,4.2,0.0,0.0,4495.53,4495.53,0.0,7.03
2026-06-05T07:45:04.684+00:00,211470,7bf0e23b-e546-4171-8243-7b016fd37d6e,,10,FAULT,0x2080,SENSOR_RANGE|PUMP_CAVITATION,0,0,0,0,0,0,0.0,0.855,0.0,0.0,0.0,0.0,0.0,0.0,0.0,-1.05,112.5,1013.0,20.3,9.0,0.0,0.0,0.0,,0.0,0,0,0,0,0,4.2,0.0,0.0,4495.53,4495.53,0.0,-16.74
2026-06-05T07:45:04.860+00:00,211646,7bf0e23b-e546-4171-8243-7b016fd37d6e,,10,FAULT,0x2080,SENSOR_RANGE|PUMP_CAVITATION,0,0,0,0,0,0,0.0,0.0,0.0,0.0,0.0,0.0,0.0,0.0,0.0,-2.02,112.5,1013.0,20.3,9.0,0.0,0.0,0.0,,0.0,0,0,0,0,0,4.2,0.0,0.0,4495.53,4495.53,0.0,-5.51
2026-06-05T07:45:05.036+00:00,211821,7bf0e23b-e546-4171-8243-7b016fd37d6e,,10,FAULT,0x2080,SENSOR_RANGE|PUMP_CAVITATION,0,0,0,0,0,0,0.0,0.757,0.0,0.0,0.0,0.0,0.0,0.0,0.0,0.65,106.63,1013.0,20.3,9.0,0.0,0.0,0.0,,0.0,0,0,0,0,0,4.2,0.0,0.0,4495.53,4495.53,0.0,15.26
2026-06-05T07:45:05.211+00:00,211996,7bf0e23b-e546-4171-8243-7b016fd37d6e,,10,FAULT,0x2080,SENSOR_RANGE|PUMP_CAVITATION,0,0,0,0,0,0,0.0,0.708,0.0,0.0,0.0,0.0,0.0,0.0,0.0,0.0,112.5,1013.0,20.3,9.0,0.0,0.0,0.0,,0.0,0,0,0,0,0,4.2,0.0,0.0,4495.53,4495.53,0.0,-3.71
2026-06-05T07:45:05.385+00:00,212171,7bf0e23b-e546-4171-8243-7b016fd37d6e,,10,FAULT,0x2080,SENSOR_RANGE|PUMP_CAVITATION,0,0,0,0,0,0,0.0,0.073,0.0,0.0,0.0,0.0,0.0,0.0,0.0,-1.78,109.07,1013.0,20.3,9.0,0.0,0.0,0.0,,0.0,0,0,0,0,0,4.2,0.0,0.0,4495.53,4495.53,0.0,-10.17
2026-06-05T07:45:05.561+00:00,212347,7bf0e23b-e546-4171-8243-7b016fd37d6e,,10,FAULT,0x2080,SENSOR_RANGE|PUMP_CAVITATION,0,0,0,0,0,0,0.0,0.0,0.0,0.0,0.0,0.0,0.0,0.0,0.0,-1.53,112.5,1013.0,20.3,9.0,0.0,0.0,0.0,,0.0,0,0,0,0,0,4.2,0.0,0.0,4495.53,4495.53,0.0,1.42
2026-06-05T07:45:05.736+00:00,212523,7bf0e23b-e546-4171-8243-7b016fd37d6e,,10,FAULT,0x2080,SENSOR_RANGE|PUMP_CAVITATION,0,0,0,0,0,0,0.0,0.562,0.0,0.0,0.0,0.0,0.0,0.0,0.0,-0.56,111.03,1013.0,20.3,9.0,0.0,0.0,0.0,,0.0,0,0,0,0,0,4.2,0.0,0.0,4495.53,4495.53,0.0,5.51
2026-06-05T07:45:05.912+00:00,212698,7bf0e23b-e546-4171-8243-7b016fd37d6e,,10,FAULT,0x2080,SENSOR_RANGE|PUMP_CAVITATION,0,0,0,0,0,0,0.0,0.073,0.0,0.0,0.0,0.0,0.0,0.0,0.0,1.39,110.91,1013.0,20.3,9.0,0.0,0.0,0.0,,0.0,0,0,0,0,0,4.2,0.0,0.0,4495.53,4495.53,0.0,11.14
2026-06-05T07:45:06.088+00:00,212873,7bf0e23b-e546-4171-8243-7b016fd37d6e,,10,FAULT,0x2080,SENSOR_RANGE|PUMP_CAVITATION,0,0,0,0,0,0,0.0,0.855,0.0,0.0,0.0,0.0,0.0,0.0,0.0,0.65,112.5,1013.0,20.3,9.0,0.0,0.0,0.0,,0.0,0,0,0,0,0,4.2,0.0,0.0,4495.53,4495.53,0.0,-4.23
2026-06-05T07:45:06.264+00:00,213049,7bf0e23b-e546-4171-8243-7b016fd37d6e,,10,FAULT,0x2080,SENSOR_RANGE|PUMP_CAVITATION,0,0,0,0,0,0,0.0,0.61,0.0,0.0,0.0,0.0,0.0,0.0,0.0,1.14,112.5,1013.0,20.3,9.0,0.0,0.0,0.0,,0.0,0,0,0,0,0,4.2,0.0,0.0,4495.53,4495.53,0.0,2.78
2026-06-05T07:45:06.440+00:00,213224,7bf0e23b-e546-4171-8243-7b016fd37d6e,,10,FAULT,0x2080,SENSOR_RANGE|PUMP_CAVITATION,0,0,0,0,0,0,0.0,0.122,0.0,0.0,0.0,0.0,0.0,0.0,0.0,0.0,112.25,1013.0,20.3,9.0,0.0,0.0,0.0,,0.0,0,0,0,0,0,4.2,0.0,0.0,4495.53,4495.53,0.0,-6.51
2026-06-05T07:45:06.613+00:00,213399,7bf0e23b-e546-4171-8243-7b016fd37d6e,,10,FAULT,0x2080,SENSOR_RANGE|PUMP_CAVITATION,0,0,0,0,0,0,0.0,0.024,0.0,0.0,0.0,0.0,0.0,0.0,0.0,2.37,108.34,1013.0,20.3,9.0,0.0,0.0,0.0,,0.0,0,0,0,0,0,4.2,0.0,0.0,4495.53,4495.53,0.0,13.54
2026-06-05T07:45:06.790+00:00,213574,7bf0e23b-e546-4171-8243-7b016fd37d6e,,10,FAULT,0x2080,SENSOR_RANGE|PUMP_CAVITATION,0,0,0,0,0,0,0.0,0.0,0.0,0.0,0.0,0.0,0.0,0.0,0.0,-1.05,112.5,1013.0,20.3,9.0,0.0,0.0,0.0,,0.0,0,0,0,0,0,4.2,0.0,0.0,4495.53,4495.53,0.0,-19.54
2026-06-05T07:45:06.966+00:00,213750,7bf0e23b-e546-4171-8243-7b016fd37d6e,,10,FAULT,0x2080,SENSOR_RANGE|PUMP_CAVITATION,0,0,0,0,0,0,0.0,0.0,0.0,0.0,0.0,0.0,0.0,0.0,0.0,-1.78,107.97,1013.0,20.3,9.0,0.0,0.0,0.0,,0.0,0,0,0,0,0,4.2,0.0,0.0,4495.53,4495.53,0.0,-4.15
2026-06-05T07:45:07.141+00:00,213925,7bf0e23b-e546-4171-8243-7b016fd37d6e,,10,FAULT,0x2080,SENSOR_RANGE|PUMP_CAVITATION,0,0,0,0,0,0,0.0,0.0,0.0,0.0,0.0,0.0,0.0,0.0,0.0,2.37,112.5,1013.0,20.3,9.1,0.0,0.0,0.0,,0.0,0,0,0,0,0,4.2,0.0,0.0,4495.53,4495.53,0.0,23.71
2026-06-05T07:45:07.317+00:00,214100,7bf0e23b-e546-4171-8243-7b016fd37d6e,,10,FAULT,0x2080,SENSOR_RANGE|PUMP_CAVITATION,0,0,0,0,0,0,0.04,0.024,0.0,0.0,0.0,0.0,0.0,0.0,0.0,-1.05,110.78,1013.0,20.3,9.0,0.0,0.0,0.0,,0.0,0,0,0,0,0,4.2,0.0,0.0,4495.53,4495.53,0.0,-19.54
2026-06-05T07:45:07.493+00:00,214276,7bf0e23b-e546-4171-8243-7b016fd37d6e,,10,FAULT,0x2080,SENSOR_RANGE|PUMP_CAVITATION,0,0,0,0,0,0,0.0,0.0,0.0,0.0,0.0,0.0,0.0,0.0,0.0,-1.29,112.5,1013.0,20.3,9.0,0.0,0.0,0.0,,0.0,0,0,0,0,0,4.2,0.0,0.0,4495.53,4495.53,0.0,-1.36
2026-06-05T07:45:07.666+00:00,214452,7bf0e23b-e546-4171-8243-7b016fd37d6e,,10,FAULT,0x2080,SENSOR_RANGE|PUMP_CAVITATION,0,0,0,0,0,0,0.0,0.0,0.0,0.0,0.0,0.0,0.0,0.0,0.0,0.0,107.49,1013.0,20.3,9.0,0.0,0.0,0.0,,0.0,0,0,0,0,0,4.2,0.0,0.0,4495.53,4495.53,0.0,7.33
2026-06-05T07:45:07.842+00:00,214627,7bf0e23b-e546-4171-8243-7b016fd37d6e,,10,FAULT,0x2080,SENSOR_RANGE|PUMP_CAVITATION,0,0,0,0,0,0,0.0,0.0,0.0,0.0,0.0,0.0,0.0,0.0,0.0,0.41,112.5,1013.0,20.3,9.0,0.0,0.0,0.0,,0.0,0,0,0,0,0,4.2,0.0,0.0,4495.53,4495.53,0.0,2.34
2026-06-05T07:45:08.018+00:00,214802,7bf0e23b-e546-4171-8243-7b016fd37d6e,,10,FAULT,0x2080,SENSOR_RANGE|PUMP_CAVITATION,0,0,0,0,0,0,0.0,0.904,0.0,0.0,0.0,0.0,0.0,0.0,0.0,0.65,111.76,1013.0,20.3,9.0,0.0,0.0,0.0,,0.0,0,0,0,0,0,4.2,0.0,0.0,4495.53,4495.53,0.0,1.37
2026-06-05T07:45:08.193+00:00,214977,7bf0e23b-e546-4171-8243-7b016fd37d6e,,10,FAULT,0x2080,SENSOR_RANGE|PUMP_CAVITATION,0,0,0,0,0,0,0.0,0.708,0.0,0.0,0.0,0.0,0.0,0.0,0.0,-0.56,112.5,1013.0,20.3,9.0,0.0,0.0,0.0,,0.0,0,0,0,0,0,4.2,0.0,0.0,4495.53,4495.53,0.0,-6.91
2026-06-05T07:45:08.369+00:00,215152,7bf0e23b-e546-4171-8243-7b016fd37d6e,,10,FAULT,0x2080,SENSOR_RANGE|PUMP_CAVITATION,0,0,0,0,0,0,0.0,0.219,0.0,0.0,0.0,0.0,0.0,0.0,0.0,-1.53,110.54,1012.9,20.3,9.0,0.0,0.0,0.0,,0.0,0,0,0,0,0,4.2,0.0,0.0,4495.53,4495.53,0.0,-5.54
2026-06-05T07:45:08.545+00:00,215327,7bf0e23b-e546-4171-8243-7b016fd37d6e,,10,FAULT,0x2080,SENSOR_RANGE|PUMP_CAVITATION,0,0,0,0,0,0,0.0,0.073,0.0,0.0,0.0,0.0,0.0,0.0,0.0,-2.02,112.5,1013.0,20.3,9.0,0.0,0.0,0.0,,0.0,0,0,0,0,0,4.2,0.0,0.0,4495.53,4495.53,0.0,-2.8
2026-06-05T07:45:08.722+00:00,215503,7bf0e23b-e546-4171-8243-7b016fd37d6e,,10,FAULT,0x2080,SENSOR_RANGE|PUMP_CAVITATION,0,0,0,0,0,0,0.0,0.562,0.0,0.0,0.0,0.0,0.0,0.0,0.0,1.14,106.75,1013.0,20.3,9.0,0.0,0.0,0.0,,0.0,0,0,0,0,0,4.2,0.0,0.0,4495.53,4495.53,0.0,17.95
2026-06-05T07:45:08.897+00:00,215678,7bf0e23b-e546-4171-8243-7b016fd37d6e,,10,FAULT,0x2080,SENSOR_RANGE|PUMP_CAVITATION,0,0,0,0,0,0,0.0,0.806,0.0,0.0,0.0,0.0,0.0,0.0,0.0,0.41,112.5,1013.0,20.3,9.0,0.0,0.0,0.0,,0.0,0,0,0,0,0,4.2,0.0,0.0,4495.53,4495.53,0.0,-4.17
2026-06-05T07:45:09.071+00:00,215855,7bf0e23b-e546-4171-8243-7b016fd37d6e,,10,FAULT,0x2080,SENSOR_RANGE|PUMP_CAVITATION,0,0,0,0,0,0,0.0,0.659,0.0,0.0,0.0,0.0,0.0,0.0,0.0,-1.05,112.5,1013.0,20.3,9.0,0.0,0.0,0.0,,0.0,0,0,0,0,0,4.2,0.0,0.0,4495.53,4495.53,0.0,-8.25
2026-06-05T07:45:09.247+00:00,216030,7bf0e23b-e546-4171-8243-7b016fd37d6e,,10,FAULT,0x2080,SENSOR_RANGE|PUMP_CAVITATION,0,0,0,0,0,0,0.0,1.099,0.0,0.0,0.0,0.0,0.0,0.0,0.0,0.41,112.5,1013.0,20.3,9.0,0.0,0.0,0.0,,0.0,0,0,0,0,0,4.2,0.0,0.0,4495.53,4495.53,0.0,8.34
2026-06-05T07:45:09.423+00:00,216205,7bf0e23b-e546-4171-8243-7b016fd37d6e,,10,FAULT,0x2080,SENSOR_RANGE|PUMP_CAVITATION,0,0,0,0,0,0,0.0,1.148,0.0,0.0,0.0,0.0,0.0,0.0,0.0,-1.05,112.5,1013.0,20.3,9.0,0.0,0.0,0.0,,0.0,0,0,0,0,0,4.2,0.0,0.0,4495.53,4495.53,0.0,-8.34
2026-06-05T07:45:09.599+00:00,216381,7bf0e23b-e546-4171-8243-7b016fd37d6e,,10,FAULT,0x2080,SENSOR_RANGE|PUMP_CAVITATION,0,0,0,0,0,0,0.0,0.464,0.0,0.0,0.0,0.0,0.0,0.0,0.0,1.39,106.75,1013.0,20.3,9.0,0.0,0.0,0.0,,0.0,0,0,0,0,0,4.2,0.0,0.0,4495.53,4495.53,0.0,13.86
2026-06-05T07:45:09.774+00:00,216556,7bf0e23b-e546-4171-8243-7b016fd37d6e,,10,FAULT,0x2080,SENSOR_RANGE|PUMP_CAVITATION,0,0,0,0,0,0,0.0,0.0,0.0,0.0,0.0,0.0,0.0,0.0,0.0,1.14,112.13,1013.0,20.3,9.0,0.0,0.0,0.0,,0.0,0,0,0,0,0,4.2,0.0,0.0,4495.53,4495.53,0.0,-1.43
2026-06-05T07:45:09.950+00:00,216731,7bf0e23b-e546-4171-8243-7b016fd37d6e,,10,FAULT,0x2080,SENSOR_RANGE|PUMP_CAVITATION,0,0,0,0,0,0,0.0,0.757,0.0,0.0,0.0,0.0,0.0,0.0,0.0,-0.56,106.51,1013.0,20.3,9.0,0.0,0.0,0.0,,0.0,0,0,0,0,0,4.2,0.0,0.0,4495.53,4495.53,0.0,-9.71
2026-06-05T07:45:10.126+00:00,216907,7bf0e23b-e546-4171-8243-7b016fd37d6e,,10,FAULT,0x2080,SENSOR_RANGE|PUMP_CAVITATION,0,0,0,0,0,0,0.0,0.806,0.0,0.0,0.0,0.0,0.0,0.0,0.0,-1.78,112.5,1013.0,20.3,9.0,0.0,0.0,0.0,,0.0,0,0,0,0,0,4.2,0.0,0.0,4495.53,4495.53,0.0,-6.93
2026-06-05T07:45:10.302+00:00,217082,7bf0e23b-e546-4171-8243-7b016fd37d6e,,10,FAULT,0x2080,SENSOR_RANGE|PUMP_CAVITATION,0,0,0,0,0,0,0.0,0.268,0.0,0.0,0.0,0.0,0.0,0.0,0.0,-1.05,109.93,1013.0,20.3,9.0,0.0,0.0,0.0,,0.0,0,0,0,0,0,4.2,0.0,0.0,4495.53,4495.53,0.0,4.17
2026-06-05T07:45:10.476+00:00,217257,7bf0e23b-e546-4171-8243-7b016fd37d6e,,10,FAULT,0x2080,SENSOR_RANGE|PUMP_CAVITATION,0,0,0,0,0,0,0.0,0.513,0.0,0.0,0.0,0.0,0.0,0.0,0.0,0.0,112.5,1013.0,20.3,9.0,0.0,0.0,0.0,,0.0,0,0,0,0,0,4.2,0.0,0.0,4495.53,4495.53,0.0,6.0
2026-06-05T07:45:10.653+00:00,217434,7bf0e23b-e546-4171-8243-7b016fd37d6e,,10,FAULT,0x2080,SENSOR_RANGE|PUMP_CAVITATION,0,0,0,0,0,0,0.04,1.001,0.04,0.0,0.0,0.0,0.0,0.0,0.0,-1.05,107.49,1013.0,20.3,9.0,0.0,0.0,0.0,,0.0,0,0,0,0,0,4.2,0.01,0.0,4495.53,4495.53,0.0,-5.93
2026-06-05T07:45:10.828+00:00,217609,7bf0e23b-e546-4171-8243-7b016fd37d6e,,10,FAULT,0x2080,SENSOR_RANGE|PUMP_CAVITATION,0,0,0,0,0,0,0.0,0.268,0.0,0.0,0.0,0.0,0.0,0.0,0.0,-1.29,112.5,1013.0,20.3,9.0,0.0,0.0,0.0,,0.0,0,0,0,0,0,4.2,0.01,0.0,4495.53,4495.53,0.0,-1.37
2026-06-05T07:45:11.003+00:00,217785,7bf0e23b-e546-4171-8243-7b016fd37d6e,,10,FAULT,0x2080,SENSOR_RANGE|PUMP_CAVITATION,0,0,0,0,0,0,0.0,0.0,0.0,0.0,0.0,0.0,0.0,0.0,0.0,0.0,107.73,1013.0,20.3,9.0,0.0,0.0,0.0,,0.0,0,0,0,0,0,4.2,0.01,0.0,4495.53,4495.53,0.0,7.33
2026-06-05T07:45:11.179+00:00,217959,7bf0e23b-e546-4171-8243-7b016fd37d6e,,10,FAULT,0x2080,SENSOR_RANGE|PUMP_CAVITATION,0,0,0,0,0,0,0.0,0.904,0.0,0.0,0.0,0.0,0.0,0.0,0.0,0.41,112.5,1013.0,20.3,9.0,0.0,0.0,0.0,,0.0,0,0,0,0,0,4.2,0.01,0.0,4495.53,4495.53,0.0,2.36
2026-06-05T07:45:11.355+00:00,218135,7bf0e23b-e546-4171-8243-7b016fd37d6e,,10,FAULT,0x2080,SENSOR_RANGE|PUMP_CAVITATION,0,0,0,0,0,0,0.0,0.953,0.0,0.0,0.0,0.0,0.0,0.0,0.0,-0.31,112.25,1013.0,20.3,9.0,0.0,0.0,0.0,,0.0,0,0,0,0,0,4.2,0.01,0.0,4495.53,4495.53,0.0,-4.09
2026-06-05T07:45:11.531+00:00,218310,7bf0e23b-e546-4171-8243-7b016fd37d6e,,10,FAULT,0x2080,SENSOR_RANGE|PUMP_CAVITATION,0,0,0,0,0,0,0.0,0.513,0.0,0.0,0.0,0.0,0.0,0.0,0.0,-0.31,112.5,1013.0,20.3,9.0,0.0,0.0,0.0,,0.0,0,0,0,0,0,4.2,0.01,0.0,4495.53,4495.53,0.0,0.0
2026-06-05T07:45:11.705+00:00,218486,7bf0e23b-e546-4171-8243-7b016fd37d6e,,10,FAULT,0x2080,SENSOR_RANGE|PUMP_CAVITATION,0,0,0,0,0,0,0.0,1.05,0.0,0.0,0.0,0.0,0.0,0.0,0.0,0.0,112.5,1013.0,20.3,9.0,0.0,0.0,0.0,,0.0,0,0,0,0,0,4.2,0.01,0.0,4495.53,4495.53,0.0,1.76
2026-06-05T07:45:11.880+00:00,218661,7bf0e23b-e546-4171-8243-7b016fd37d6e,,10,FAULT,0x2080,SENSOR_RANGE|PUMP_CAVITATION,0,0,0,0,0,0,0.0,0.562,0.0,0.0,0.0,0.0,0.0,0.0,0.0,-1.05,112.5,1013.0,20.3,9.0,0.0,0.0,0.0,,0.0,0,0,0,0,0,4.2,0.01,0.0,4495.53,4495.53,0.0,-6.0
2026-06-05T07:45:12.056+00:00,218836,7bf0e23b-e546-4171-8243-7b016fd37d6e,,10,FAULT,0x2080,SENSOR_RANGE|PUMP_CAVITATION,0,0,0,0,0,0,0.0,0.659,0.0,0.0,0.0,0.0,0.0,0.0,0.0,-2.27,112.5,1013.0,20.3,9.0,0.0,0.0,0.0,,0.0,0,0,0,0,0,4.2,0.01,0.0,4495.53,4495.53,0.0,-6.97
2026-06-05T07:45:12.232+00:00,219012,7bf0e23b-e546-4171-8243-7b016fd37d6e,,10,FAULT,0x2080,SENSOR_RANGE|PUMP_CAVITATION,0,0,0,0,0,0,0.0,0.904,0.0,0.0,0.0,0.0,0.0,0.0,0.0,0.9,112.5,1013.0,20.3,9.0,0.0,0.0,0.0,,0.0,0,0,0,0,0,4.2,0.01,0.0,4495.53,4495.53,0.0,18.01
2026-06-05T07:45:12.408+00:00,219188,7bf0e23b-e546-4171-8243-7b016fd37d6e,,10,FAULT,0x2080,SENSOR_RANGE|PUMP_CAVITATION,0,0,0,0,0,0,0.0,0.953,0.0,0.0,0.0,0.0,0.0,0.0,0.0,-1.05,112.5,1013.0,20.3,9.0,0.0,0.0,0.0,,0.0,0,0,0,0,0,4.2,0.01,0.0,4495.53,4495.53,0.0,-11.08
2026-06-05T07:45:12.584+00:00,219363,7bf0e23b-e546-4171-8243-7b016fd37d6e,,10,FAULT,0x2080,SENSOR_RANGE|PUMP_CAVITATION,0,0,0,0,0,0,0.0,0.855,0.0,0.0,0.0,0.0,0.0,0.0,0.0,0.0,111.88,1013.0,20.3,9.0,0.0,0.0,0.0,,0.0,0,0,0,0,0,4.2,0.01,0.0,4495.53,4495.53,0.0,6.0
2026-06-05T07:45:12.760+00:00,219538,7bf0e23b-e546-4171-8243-7b016fd37d6e,,10,FAULT,0x2080,SENSOR_RANGE|PUMP_CAVITATION,0,0,0,0,0,0,0.0,1.099,0.0,0.0,0.0,0.0,0.0,0.0,0.0,0.0,112.5,1013.0,20.3,9.0,0.0,0.0,0.0,,0.0,0,0,0,0,0,4.2,0.01,0.0,4495.53,4495.53,0.0,0.0
2026-06-05T07:45:12.933+00:00,219714,7bf0e23b-e546-4171-8243-7b016fd37d6e,,10,FAULT,0x2080,SENSOR_RANGE|PUMP_CAVITATION,0,0,0,0,0,0,0.0,0.415,0.0,0.0,0.0,0.0,0.0,0.0,0.0,0.0,109.44,1013.0,20.3,9.0,0.0,0.0,0.0,,0.0,0,0,0,0,0,4.2,0.01,0.0,4495.53,4495.53,0.0,0.0
2026-06-05T07:45:13.109+00:00,219889,7bf0e23b-e546-4171-8243-7b016fd37d6e,,10,FAULT,0x2080,SENSOR_RANGE|PUMP_CAVITATION,0,0,0,0,0,0,0.0,0.0,0.0,0.0,0.0,0.0,0.0,0.0,0.0,-0.56,112.5,1013.0,20.3,9.0,0.0,0.0,0.0,,0.0,0,0,0,0,0,4.2,0.01,0.0,4495.53,4495.53,0.0,-3.2
2026-06-05T07:45:13.287+00:00,220064,7bf0e23b-e546-4171-8243-7b016fd37d6e,,10,FAULT,0x2080,SENSOR_RANGE|PUMP_CAVITATION,0,0,0,0,0,0,0.0,0.855,0.0,0.0,0.0,0.0,0.0,0.0,0.0,-0.31,105.77,1013.0,20.3,9.0,0.0,0.0,0.0,,0.0,0,0,0,0,0,4.2,0.01,0.0,4495.53,4495.53,0.0,1.43
2026-06-05T07:45:13.461+00:00,220239,7bf0e23b-e546-4171-8243-7b016fd37d6e,,10,FAULT,0x2080,SENSOR_RANGE|PUMP_CAVITATION,0,0,0,0,0,0,0.0,0.708,0.0,0.0,0.0,0.0,0.0,0.0,0.0,-0.8,111.88,1013.0,20.3,9.0,0.0,0.0,0.0,,0.0,0,0,0,0,0,4.2,0.01,0.0,4495.53,4495.53,0.0,-2.8
2026-06-05T07:45:13.637+00:00,220416,7bf0e23b-e546-4171-8243-7b016fd37d6e,,10,FAULT,0x2080,SENSOR_RANGE|PUMP_CAVITATION,0,0,0,0,0,0,0.0,0.806,0.0,0.0,0.0,0.0,0.0,0.0,0.0,0.0,111.15,1012.9,20.3,9.0,0.0,0.0,0.0,,0.0,0,0,0,0,0,4.2,0.01,0.0,4495.53,4495.53,0.0,4.52
2026-06-05T07:45:13.812+00:00,220591,7bf0e23b-e546-4171-8243-7b016fd37d6e,,10,FAULT,0x2080,SENSOR_RANGE|PUMP_CAVITATION,0,0,0,0,0,0,0.0,0.757,0.0,0.0,0.0,0.0,0.0,0.0,0.0,-0.56,112.5,1013.0,20.3,9.0,0.0,0.0,0.0,,0.0,0,0,0,0,0,4.2,0.01,0.0,4495.53,4495.53,0.0,-3.2
2026-06-05T07:45:13.988+00:00,220766,7bf0e23b-e546-4171-8243-7b016fd37d6e,,10,FAULT,0x2080,SENSOR_RANGE|PUMP_CAVITATION,0,0,0,0,0,0,0.0,0.855,0.0,0.0,0.0,0.0,0.0,0.0,0.0,0.65,105.65,1013.0,20.3,9.0,0.0,0.0,0.0,,0.0,0,0,0,0,0,4.2,0.01,0.0,4495.53,4495.53,0.0,6.91
2026-06-05T07:45:14.162+00:00,220941,7bf0e23b-e546-4171-8243-7b016fd37d6e,,10,FAULT,0x2080,SENSOR_RANGE|PUMP_CAVITATION,0,0,0,0,0,0,0.0,1.148,0.0,0.0,0.0,0.0,0.0,0.0,0.0,0.41,112.5,1013.0,20.3,9.0,0.0,0.0,0.0,,0.0,0,0,0,0,0,4.2,0.01,0.0,4495.53,4495.53,0.0,-1.37
2026-06-05T07:45:14.339+00:00,221117,7bf0e23b-e546-4171-8243-7b016fd37d6e,,10,FAULT,0x2080,SENSOR_RANGE|PUMP_CAVITATION,0,0,0,0,0,0,0.0,1.148,0.0,0.0,0.0,0.0,0.0,0.0,0.0,-0.8,112.5,1013.0,20.3,9.0,0.0,0.0,0.0,,0.0,0,0,0,0,0,4.2,0.01,0.0,4495.53,4495.53,0.0,-6.88
2026-06-05T07:45:14.514+00:00,221292,7bf0e23b-e546-4171-8243-7b016fd37d6e,,10,FAULT,0x2080,SENSOR_RANGE|PUMP_CAVITATION,0,0,0,0,0,0,0.0,0.513,0.0,0.0,0.0,0.0,0.0,0.0,0.0,0.41,112.5,1013.0,20.3,9.0,0.0,0.0,0.0,,0.0,0,0,0,0,0,4.2,0.01,0.0,4495.53,4495.53,0.0,6.91
2026-06-05T07:45:14.689+00:00,221467,7bf0e23b-e546-4171-8243-7b016fd37d6e,,10,FAULT,0x2080,SENSOR_RANGE|PUMP_CAVITATION,0,0,0,0,0,0,0.0,0.562,0.0,0.0,0.0,0.0,0.0,0.0,0.0,0.0,112.5,1013.0,20.3,9.0,0.0,0.0,0.0,,0.0,0,0,0,0,0,4.2,0.01,0.0,4495.53,4495.53,0.0,-2.34
2026-06-05T07:45:14.866+00:00,221642,7bf0e23b-e546-4171-8243-7b016fd37d6e,,10,FAULT,0x2080,SENSOR_RANGE|PUMP_CAVITATION,0,0,0,0,0,0,0.0,0.073,0.0,0.0,0.0,0.0,0.0,0.0,0.0,-0.8,112.01,1013.0,20.3,9.0,0.0,0.0,0.0,,0.0,0,0,0,0,0,4.2,0.01,0.0,4495.53,4495.53,0.0,-4.57
2026-06-05T07:45:15.041+00:00,221818,7bf0e23b-e546-4171-8243-7b016fd37d6e,,10,FAULT,0x2080,SENSOR_RANGE|PUMP_CAVITATION,0,0,0,0,0,0,0.0,0.464,0.0,0.0,0.0,0.0,0.0,0.0,0.0,-0.56,112.5,1013.0,20.3,9.0,0.0,0.0,0.0,,0.0,0,0,0,0,0,4.2,0.01,0.0,4495.53,4495.53,0.0,1.36
2026-06-05T07:45:15.217+00:00,221993,7bf0e23b-e546-4171-8243-7b016fd37d6e,,10,FAULT,0x2080,SENSOR_RANGE|PUMP_CAVITATION,0,0,0,0,0,0,0.0,0.219,0.0,0.0,0.0,0.0,0.0,0.0,0.0,-1.05,110.78,1013.0,20.3,9.0,0.0,0.0,0.0,,0.0,0,0,0,0,0,4.2,0.01,0.0,4495.53,4495.53,0.0,-2.8
2026-06-05T07:45:15.391+00:00,222169,7bf0e23b-e546-4171-8243-7b016fd37d6e,,10,FAULT,0x2080,SENSOR_RANGE|PUMP_CAVITATION,0,0,0,0,0,0,0.0,0.317,0.0,0.0,0.0,0.0,0.0,0.0,0.0,-1.53,112.5,1013.0,20.3,9.0,0.0,0.0,0.0,,0.0,0,0,0,0,0,4.2,0.01,0.0,4495.53,4495.53,0.0,-2.73
2026-06-05T07:45:15.567+00:00,222345,7bf0e23b-e546-4171-8243-7b016fd37d6e,,10,FAULT,0x2080,SENSOR_RANGE|PUMP_CAVITATION,0,0,0,0,0,0,0.0,0.904,0.0,0.0,0.0,0.0,0.0,0.0,0.0,0.0,111.76,1013.0,20.3,9.0,0.0,0.0,0.0,,0.0,0,0,0,0,0,4.2,0.01,0.0,4495.53,4495.53,0.0,8.69
2026-06-05T07:45:15.743+00:00,222520,7bf0e23b-e546-4171-8243-7b016fd37d6e,,10,FAULT,0x2080,SENSOR_RANGE|PUMP_CAVITATION,0,0,0,0,0,0,0.0,1.197,0.0,0.0,0.0,0.0,0.0,0.0,0.0,0.41,112.5,1013.0,20.3,9.1,0.0,0.0,0.0,,0.0,0,0,0,0,0,4.2,0.01,0.0,4495.53,4495.53,0.0,2.34
2026-06-05T07:45:15.918+00:00,222695,7bf0e23b-e546-4171-8243-7b016fd37d6e,,10,FAULT,0x2080,SENSOR_RANGE|PUMP_CAVITATION,0,0,0,0,0,0,0.0,0.61,0.0,0.0,0.0,0.0,0.0,0.0,0.0,0.0,112.5,1013.0,20.3,9.0,0.0,0.0,0.0,,0.0,0,0,0,0,0,4.2,0.01,0.0,4495.53,4495.53,0.0,-2.34
2026-06-05T07:45:16.094+00:00,222870,7bf0e23b-e546-4171-8243-7b016fd37d6e,,10,FAULT,0x2080,SENSOR_RANGE|PUMP_CAVITATION,0,0,0,0,0,0,0.0,0.0,0.0,0.0,0.0,0.0,0.0,0.0,0.0,0.9,112.5,1013.0,20.3,9.0,0.0,0.0,0.0,,0.0,0,0,0,0,0,4.2,0.01,0.0,4495.53,4495.53,0.0,5.14
2026-06-05T07:45:16.270+00:00,223045,7bf0e23b-e546-4171-8243-7b016fd37d6e,,10,FAULT,0x2080,SENSOR_RANGE|PUMP_CAVITATION,0,0,0,0,0,0,0.0,0.61,0.0,0.0,0.0,0.0,0.0,0.0,0.0,0.0,112.5,1013.0,20.3,9.1,0.0,0.0,0.0,,0.0,0,0,0,0,0,4.2,0.01,0.0,4495.53,4495.53,0.0,-5.14
2026-06-05T07:45:16.443+00:00,223220,7bf0e23b-e546-4171-8243-7b016fd37d6e,,10,FAULT,0x2080,SENSOR_RANGE|PUMP_CAVITATION,0,0,0,0,0,0,0.0,0.464,0.0,0.0,0.0,0.0,0.0,0.0,0.0,-1.05,112.5,1013.0,20.3,9.0,0.0,0.0,0.0,,0.0,0,0,0,0,0,4.2,0.01,0.0,4495.53,4495.53,0.0,-6.0
2026-06-05T07:45:16.620+00:00,223396,7bf0e23b-e546-4171-8243-7b016fd37d6e,,10,FAULT,0x2080,SENSOR_RANGE|PUMP_CAVITATION,0,0,0,0,0,0,0.0,0.757,0.0,0.0,0.0,0.0,0.0,0.0,0.0,1.88,106.14,1012.9,20.3,9.0,0.0,0.0,0.0,,0.0,0,0,0,0,0,4.2,0.01,0.0,4495.53,4495.53,0.0,16.65
2026-06-05T07:45:16.795+00:00,223571,7bf0e23b-e546-4171-8243-7b016fd37d6e,,10,FAULT,0x2080,SENSOR_RANGE|PUMP_CAVITATION,0,0,0,0,0,0,0.0,0.0,0.0,0.0,0.0,0.0,0.0,0.0,0.0,1.63,112.5,1013.0,20.3,9.0,0.0,0.0,0.0,,0.0,0,0,0,0,0,4.2,0.01,0.0,4495.53,4495.53,0.0,-1.43
2026-06-05T07:45:16.971+00:00,223748,7bf0e23b-e546-4171-8243-7b016fd37d6e,,10,FAULT,0x2080,SENSOR_RANGE|PUMP_CAVITATION,0,0,0,0,0,0,0.0,1.197,0.0,0.0,0.0,0.0,0.0,0.0,0.0,0.9,107.73,1013.0,20.3,9.0,0.0,0.0,0.0,,0.0,0,0,0,0,0,4.2,0.01,0.0,4495.53,4495.53,0.0,-4.12
2026-06-05T07:45:17.147+00:00,223923,7bf0e23b-e546-4171-8243-7b016fd37d6e,,10,FAULT,0x2080,SENSOR_RANGE|PUMP_CAVITATION,0,0,0,0,0,0,0.0,0.562,0.0,0.0,0.0,0.0,0.0,0.0,0.0,1.14,112.5,1013.0,20.3,9.0,0.0,0.0,0.0,,0.0,0,0,0,0,0,4.2,0.01,0.0,4495.53,4495.53,0.0,1.37
2026-06-05T07:45:17.323+00:00,224098,7bf0e23b-e546-4171-8243-7b016fd37d6e,,10,FAULT,0x2080,SENSOR_RANGE|PUMP_CAVITATION,0,0,0,0,0,0,0.0,0.806,0.0,0.0,0.0,0.0,0.0,0.0,0.0,1.39,112.5,1013.0,20.3,9.0,0.0,0.0,0.0,,0.0,0,0,0,0,0,4.2,0.01,0.0,4495.53,4495.53,0.0,1.43
2026-06-05T07:45:17.499+00:00,224273,7bf0e23b-e546-4171-8243-7b016fd37d6e,,10,FAULT,0x2080,SENSOR_RANGE|PUMP_CAVITATION,0,0,0,0,0,0,0.0,0.562,0.0,0.0,0.0,0.0,0.0,0.0,0.0,-1.53,112.5,1013.0,20.3,9.0,0.0,0.0,0.0,,0.0,0,0,0,0,0,4.2,0.01,0.0,4495.53,4495.53,0.0,-16.69
2026-06-05T07:45:17.674+00:00,224449,7bf0e23b-e546-4171-8243-7b016fd37d6e,,10,FAULT,0x2080,SENSOR_RANGE|PUMP_CAVITATION,0,0,0,0,0,0,0.0,0.0,0.0,0.0,0.0,0.0,0.0,0.0,0.0,1.63,110.17,1013.0,20.3,9.0,0.0,0.0,0.0,,0.0,0,0,0,0,0,4.2,0.01,0.0,4495.53,4495.53,0.0,17.95
2026-06-05T07:45:17.849+00:00,224624,7bf0e23b-e546-4171-8243-7b016fd37d6e,,10,FAULT,0x2080,SENSOR_RANGE|PUMP_CAVITATION,0,0,0,0,0,0,0.0,0.0,0.0,0.0,0.0,0.0,0.0,0.0,0.0,0.9,108.22,1013.0,20.3,9.0,0.0,0.0,0.0,,0.0,0,0,0,0,0,4.2,0.01,0.0,4495.53,4495.53,0.0,-4.17
2026-06-05T07:45:18.024+00:00,224799,7bf0e23b-e546-4171-8243-7b016fd37d6e,,10,FAULT,0x2080,SENSOR_RANGE|PUMP_CAVITATION,0,0,0,0,0,0,0.0,1.05,0.0,0.0,0.0,0.0,0.0,0.0,0.0,0.0,109.93,1013.0,20.3,9.0,0.0,0.0,0.0,,0.0,0,0,0,0,0,4.2,0.01,0.0,4495.53,4495.53,0.0,-5.14
2026-06-05T07:45:18.200+00:00,224974,7bf0e23b-e546-4171-8243-7b016fd37d6e,,10,FAULT,0x2080,SENSOR_RANGE|PUMP_CAVITATION,0,0,0,0,0,0,0.0,0.0,0.0,0.0,0.0,0.0,0.0,0.0,0.0,0.9,107.36,1013.0,20.3,9.0,0.0,0.0,0.0,,0.0,0,0,0,0,0,4.2,0.01,0.0,4495.53,4495.53,0.0,5.14
2026-06-05T07:45:18.375+00:00,225149,7bf0e23b-e546-4171-8243-7b016fd37d6e,,10,FAULT,0x2080,SENSOR_RANGE|PUMP_CAVITATION,0,0,0,0,0,0,0.0,0.757,0.0,0.0,0.0,0.0,0.0,0.0,0.0,-0.56,110.42,1013.0,20.3,9.0,0.0,0.0,0.0,,0.0,0,0,0,0,0,4.2,0.01,0.0,4495.53,4495.53,0.0,-8.34
2026-06-05T07:45:18.551+00:00,225326,7bf0e23b-e546-4171-8243-7b016fd37d6e,,10,FAULT,0x2080,SENSOR_RANGE|PUMP_CAVITATION,0,0,0,0,0,0,0.0,0.0,0.0,0.0,0.0,0.0,0.0,0.0,0.0,0.0,107.85,1013.0,20.3,9.0,0.0,0.0,0.0,,0.0,0,0,0,0,0,4.2,0.01,0.0,4495.53,4495.53,0.0,3.16
2026-06-05T07:45:18.727+00:00,225501,7bf0e23b-e546-4171-8243-7b016fd37d6e,,10,FAULT,0x2080,SENSOR_RANGE|PUMP_CAVITATION,0,0,0,0,0,0,0.0,0.024,0.0,0.0,0.0,0.0,0.0,0.0,0.0,-0.56,112.5,1013.0,20.3,9.0,0.0,0.0,0.0,,0.0,0,0,0,0,0,4.2,0.01,0.0,4495.53,4495.53,0.0,-3.2
2026-06-05T07:45:18.901+00:00,225676,7bf0e23b-e546-4171-8243-7b016fd37d6e,,10,FAULT,0x2080,SENSOR_RANGE|PUMP_CAVITATION,0,0,0,0,0,0,0.0,0.122,0.0,0.0,0.0,0.0,0.0,0.0,0.0,-0.8,108.83,1013.0,20.3,9.0,0.0,0.0,0.0,,0.0,0,0,0,0,0,4.2,0.01,0.0,4495.53,4495.53,0.0,-1.37
2026-06-05T07:45:19.077+00:00,225851,7bf0e23b-e546-4171-8243-7b016fd37d6e,,10,FAULT,0x2080,SENSOR_RANGE|PUMP_CAVITATION,0,0,0,0,0,0,0.0,0.708,0.0,0.0,0.0,0.0,0.0,0.0,0.0,-1.53,112.5,1013.0,20.3,9.0,0.0,0.0,0.0,,0.0,0,0,0,0,0,4.2,0.01,0.0,4495.53,4495.53,0.0,-4.17
2026-06-05T07:45:19.253+00:00,226027,7bf0e23b-e546-4171-8243-7b016fd37d6e,,10,FAULT,0x2080,SENSOR_RANGE|PUMP_CAVITATION,0,0,0,0,0,0,0.0,0.953,0.0,0.0,0.0,0.0,0.0,0.0,0.0,1.88,105.77,1013.0,20.3,9.0,0.0,0.0,0.0,,0.0,0,0,0,0,0,4.2,0.01,0.0,4495.53,4495.53,0.0,19.38
2026-06-05T07:45:19.428+00:00,226202,7bf0e23b-e546-4171-8243-7b016fd37d6e,,10,FAULT,0x2080,SENSOR_RANGE|PUMP_CAVITATION,0,0,0,0,0,0,0.0,0.953,0.0,0.0,0.0,0.0,0.0,0.0,0.0,1.63,112.5,1013.0,20.3,9.0,0.0,0.0,0.0,,0.0,0,0,0,0,0,4.2,0.01,0.0,4495.53,4495.53,0.0,-1.43
2026-06-05T07:45:19.604+00:00,226377,7bf0e23b-e546-4171-8243-7b016fd37d6e,,10,FAULT,0x2080,SENSOR_RANGE|PUMP_CAVITATION,0,0,0,0,0,0,0.0,0.806,0.0,0.0,0.0,0.0,0.0,0.0,0.0,0.0,105.41,1013.0,20.3,9.0,0.0,0.0,0.0,,0.0,0,0,0,0,0,4.2,0.01,0.0,4495.53,4495.53,0.0,-9.31
2026-06-05T07:45:19.780+00:00,226553,7bf0e23b-e546-4171-8243-7b016fd37d6e,,10,FAULT,0x2080,SENSOR_RANGE|PUMP_CAVITATION,0,0,0,0,0,0,0.0,0.0,0.0,0.0,0.0,0.0,0.0,0.0,0.0,1.88,112.01,1013.0,20.3,9.0,0.0,0.0,0.0,,0.0,0,0,0,0,0,4.2,0.01,0.0,4495.53,4495.53,0.0,10.68
2026-06-05T07:45:19.953+00:00,226728,7bf0e23b-e546-4171-8243-7b016fd37d6e,,10,FAULT,0x2080,SENSOR_RANGE|PUMP_CAVITATION,0,0,0,0,0,0,0.0,0.0,0.0,0.0,0.0,0.0,0.0,0.0,0.0,0.0,109.2,1013.0,20.3,9.0,0.0,0.0,0.0,,0.0,0,0,0,0,0,4.2,0.01,0.0,4495.53,4495.53,0.0,-10.74
2026-06-05T07:45:20.129+00:00,226904,7bf0e23b-e546-4171-8243-7b016fd37d6e,,10,FAULT,0x2080,SENSOR_RANGE|PUMP_CAVITATION,0,0,0,0,0,0,0.0,1.148,0.0,0.0,0.0,0.0,0.0,0.0,0.0,-0.56,110.42,1013.0,20.3,9.0,0.0,0.0,0.0,,0.0,0,0,0,0,0,4.2,0.01,0.0,4495.53,4495.53,0.0,-3.18
2026-06-05T07:45:20.306+00:00,227079,7bf0e23b-e546-4171-8243-7b016fd37d6e,,10,FAULT,0x2080,SENSOR_RANGE|PUMP_CAVITATION,0,0,0,0,0,0,0.0,1.246,0.0,0.0,0.0,0.0,0.0,0.0,0.0,0.0,109.56,1013.0,20.3,9.0,0.0,0.0,0.0,,0.0,0,0,0,0,0,4.2,0.01,0.0,4495.53,4495.53,0.0,3.2
2026-06-05T07:45:20.481+00:00,227254,7bf0e23b-e546-4171-8243-7b016fd37d6e,,10,FAULT,0x2080,SENSOR_RANGE|PUMP_CAVITATION,0,0,0,0,0,0,0.0,0.0,0.0,0.0,0.0,0.0,0.0,0.0,0.0,1.39,110.3,1013.0,20.3,9.0,0.0,0.0,0.0,,0.0,0,0,0,0,0,4.2,0.01,0.0,4495.53,4495.53,0.0,7.94
2026-06-05T07:45:20.657+00:00,227429,7bf0e23b-e546-4171-8243-7b016fd37d6e,,10,FAULT,0x2080,SENSOR_RANGE|PUMP_CAVITATION,0,0,0,0,0,0,0.0,0.0,0.0,0.0,0.0,0.0,0.0,0.0,0.0,2.12,109.56,1013.0,20.3,9.0,0.0,0.0,0.0,,0.0,0,0,0,0,0,4.2,0.01,0.0,4495.53,4495.53,0.0,4.17
2026-06-05T07:45:20.833+00:00,227605,7bf0e23b-e546-4171-8243-7b016fd37d6e,,10,FAULT,0x2080,SENSOR_RANGE|PUMP_CAVITATION,0,0,0,0,0,0,0.0,0.122,0.0,0.0,0.0,0.0,0.0,0.0,0.0,0.41,110.17,1013.0,20.3,9.0,0.0,0.0,0.0,,0.0,0,0,0,0,0,4.2,0.01,0.0,4495.53,4495.53,0.0,-9.72
2026-06-05T07:45:21.009+00:00,227780,7bf0e23b-e546-4171-8243-7b016fd37d6e,,10,FAULT,0x2080,SENSOR_RANGE|PUMP_CAVITATION,0,0,0,0,0,0,0.0,0.171,0.0,0.0,0.0,0.0,0.0,0.0,0.0,-0.31,112.5,1013.0,20.3,9.0,0.0,0.0,0.0,,0.0,0,0,0,0,0,4.2,0.01,0.0,4495.53,4495.53,0.0,-4.11
2026-06-05T07:45:21.182+00:00,227955,7bf0e23b-e546-4171-8243-7b016fd37d6e,,10,FAULT,0x2080,SENSOR_RANGE|PUMP_CAVITATION,0,0,0,0,0,0,0.0,0.708,0.0,0.0,0.0,0.0,0.0,0.0,0.0,0.9,112.5,1013.0,20.3,9.0,0.0,0.0,0.0,,0.0,0,0,0,0,0,4.2,0.01,0.0,4495.53,4495.53,0.0,6.91
2026-06-05T07:45:21.358+00:00,228130,7bf0e23b-e546-4171-8243-7b016fd37d6e,,10,FAULT,0x2080,SENSOR_RANGE|PUMP_CAVITATION,0,0,0,0,0,0,0.0,0.904,0.0,0.0,0.0,0.0,0.0,0.0,0.0,1.14,111.88,1013.0,20.3,9.0,0.0,0.0,0.0,,0.0,0,0,0,0,0,4.2,0.01,0.0,4495.53,4495.53,0.0,1.37
2026-06-05T07:45:21.534+00:00,228306,7bf0e23b-e546-4171-8243-7b016fd37d6e,,10,FAULT,0x2080,SENSOR_RANGE|PUMP_CAVITATION,0,0,0,0,0,0,0.0,0.0,0.0,0.0,0.0,0.0,0.0,0.0,0.0,-1.05,106.75,1013.0,20.3,9.0,0.0,0.0,0.0,,0.0,0,0,0,0,0,4.2,0.01,0.0,4495.53,4495.53,0.0,-12.44
2026-06-05T07:45:21.710+00:00,228482,7bf0e23b-e546-4171-8243-7b016fd37d6e,,10,FAULT,0x2080,SENSOR_RANGE|PUMP_CAVITATION,0,0,0,0,0,0,0.0,0.757,0.0,0.0,0.0,0.0,0.0,0.0,0.0,-1.05,112.5,1013.0,20.3,9.0,0.0,0.0,0.0,,0.0,0,0,0,0,0,4.2,0.01,0.0,4495.53,4495.53,0.0,0.0
2026-06-05T07:45:21.885+00:00,228657,7bf0e23b-e546-4171-8243-7b016fd37d6e,,10,FAULT,0x2080,SENSOR_RANGE|PUMP_CAVITATION,0,0,0,0,0,0,0.0,0.0,0.0,0.0,0.0,0.0,0.0,0.0,0.0,0.0,107.36,1013.0,20.3,9.0,0.0,0.0,0.0,,0.0,0,0,0,0,0,4.2,0.01,0.0,4495.53,4495.53,0.0,6.0
2026-06-05T07:45:22.061+00:00,228832,7bf0e23b-e546-4171-8243-7b016fd37d6e,,10,FAULT,0x2080,SENSOR_RANGE|PUMP_CAVITATION,0,0,0,0,0,0,0.0,0.0,0.0,0.0,0.0,0.0,0.0,0.0,0.0,0.0,112.25,1013.0,20.3,9.0,0.0,0.0,0.0,,0.0,0,0,0,0,0,4.2,0.01,0.0,4495.53,4495.53,0.0,0.0
2026-06-05T07:45:22.235+00:00,229007,7bf0e23b-e546-4171-8243-7b016fd37d6e,,10,FAULT,0x2080,SENSOR_RANGE|PUMP_CAVITATION,0,0,0,0,0,0,0.0,0.0,0.0,0.0,0.0,0.0,0.0,0.0,0.0,1.88,107.24,1013.0,20.3,9.0,0.0,0.0,0.0,,0.0,0,0,0,0,0,4.2,0.01,0.0,4495.53,4495.53,0.0,10.74
2026-06-05T07:45:22.411+00:00,229182,7bf0e23b-e546-4171-8243-7b016fd37d6e,,10,FAULT,0x2080,SENSOR_RANGE|PUMP_CAVITATION,0,0,0,0,0,0,0.0,0.122,0.0,0.0,0.0,0.0,0.0,0.0,0.0,-0.56,112.5,1013.0,20.3,9.0,0.0,0.0,0.0,,0.0,0,0,0,0,0,4.2,0.01,0.0,4495.53,4495.53,0.0,-13.94
2026-06-05T07:45:22.586+00:00,229358,7bf0e23b-e546-4171-8243-7b016fd37d6e,,10,FAULT,0x2080,SENSOR_RANGE|PUMP_CAVITATION,0,0,0,0,0,0,0.0,0.024,0.0,0.0,0.0,0.0,0.0,0.0,0.0,-0.31,109.93,1013.0,20.3,9.0,0.0,0.0,0.0,,0.0,0,0,0,0,0,4.2,0.01,0.0,4495.53,4495.53,0.0,1.42
2026-06-05T07:45:22.763+00:00,229533,7bf0e23b-e546-4171-8243-7b016fd37d6e,,10,FAULT,0x2080,SENSOR_RANGE|PUMP_CAVITATION,0,0,0,0,0,0,0.0,0.0,0.0,0.0,0.0,0.0,0.0,0.0,0.0,1.39,112.5,1012.9,20.3,9.0,0.0,0.0,0.0,,0.0,0,0,0,0,0,4.2,0.01,0.0,4495.53,4495.53,0.0,9.71
2026-06-05T07:45:22.938+00:00,229708,7bf0e23b-e546-4171-8243-7b016fd37d6e,,10,FAULT,0x2080,SENSOR_RANGE|PUMP_CAVITATION,0,0,0,0,0,0,0.0,0.0,0.0,0.0,0.0,0.0,0.0,0.0,0.0,-1.05,108.83,1013.0,20.3,9.0,0.0,0.0,0.0,,0.0,0,0,0,0,0,4.2,0.01,0.0,4495.53,4495.53,0.0,-13.94
2026-06-05T07:45:23.114+00:00,229883,7bf0e23b-e546-4171-8243-7b016fd37d6e,,10,FAULT,0x2080,SENSOR_RANGE|PUMP_CAVITATION,0,0,0,0,0,0,0.0,0.366,0.0,0.0,0.0,0.0,0.0,0.0,0.0,-0.56,112.5,1013.0,20.3,9.0,0.0,0.0,0.0,,0.0,0,0,0,0,0,4.2,0.01,0.0,4495.53,4495.53,0.0,2.8
2026-06-05T07:45:23.290+00:00,230060,7bf0e23b-e546-4171-8243-7b016fd37d6e,,10,FAULT,0x2080,SENSOR_RANGE|PUMP_CAVITATION,0,0,0,0,0,0,0.0,1.001,0.0,0.0,0.0,0.0,0.0,0.0,0.0,-1.05,112.5,1013.0,20.3,9.0,0.0,0.0,0.0,,0.0,0,0,0,0,0,4.2,0.01,0.0,4495.53,4495.53,0.0,-2.77
2026-06-05T07:45:23.464+00:00,230235,7bf0e23b-e546-4171-8243-7b016fd37d6e,,10,FAULT,0x2080,SENSOR_RANGE|PUMP_CAVITATION,0,0,0,0,0,0,0.0,0.073,0.0,0.0,0.0,0.0,0.0,0.0,0.0,1.14,110.05,1013.0,20.3,9.1,0.0,0.0,0.0,,0.0,0,0,0,0,0,4.2,0.01,0.0,4495.53,4495.53,0.0,12.51
2026-06-05T07:45:23.639+00:00,230411,7bf0e23b-e546-4171-8243-7b016fd37d6e,,10,FAULT,0x2080,SENSOR_RANGE|PUMP_CAVITATION,0,0,0,0,0,0,0.0,0.0,0.0,0.0,0.0,0.0,0.0,0.0,0.0,1.39,109.93,1013.0,20.3,9.0,0.0,0.0,0.0,,0.0,0,0,0,0,0,4.2,0.01,0.0,4495.53,4495.53,0.0,1.42
2026-06-05T07:45:23.815+00:00,230586,7bf0e23b-e546-4171-8243-7b016fd37d6e,,10,FAULT,0x2080,SENSOR_RANGE|PUMP_CAVITATION,0,0,0,0,0,0,0.0,0.0,0.0,0.0,0.0,0.0,0.0,0.0,0.0,-2.02,109.68,1013.0,20.3,9.0,0.0,0.0,0.0,,0.0,0,0,0,0,0,4.2,0.01,0.0,4495.53,4495.53,0.0,-19.49
2026-06-05T07:45:23.991+00:00,230761,7bf0e23b-e546-4171-8243-7b016fd37d6e,,10,FAULT,0x2080,SENSOR_RANGE|PUMP_CAVITATION,0,0,0,0,0,0,0.0,0.513,0.0,0.0,0.0,0.0,0.0,0.0,0.0,-0.31,112.5,1013.0,20.3,9.0,0.0,0.0,0.0,,0.0,0,0,0,0,0,4.2,0.01,0.0,4495.53,4495.53,0.0,9.77
2026-06-05T07:45:24.167+00:00,230936,7bf0e23b-e546-4171-8243-7b016fd37d6e,,10,FAULT,0x2080,SENSOR_RANGE|PUMP_CAVITATION,0,0,0,0,0,0,0.0,0.61,0.0,0.0,0.0,0.0,0.0,0.0,0.0,-0.8,110.05,1013.0,20.3,9.0,0.0,0.0,0.0,,0.0,0,0,0,0,0,4.2,0.01,0.0,4495.53,4495.53,0.0,-2.8
2026-06-05T07:45:24.343+00:00,231111,7bf0e23b-e546-4171-8243-7b016fd37d6e,,10,FAULT,0x2080,SENSOR_RANGE|PUMP_CAVITATION,0,0,0,0,0,0,0.0,0.855,0.0,0.0,0.0,0.0,0.0,0.0,0.0,-1.29,112.5,1013.0,20.3,9.0,0.0,0.0,0.0,,0.0,0,0,0,0,0,4.2,0.01,0.0,4495.53,4495.53,0.0,-2.8
2026-06-05T07:45:24.519+00:00,231287,7bf0e23b-e546-4171-8243-7b016fd37d6e,,10,FAULT,0x2080,SENSOR_RANGE|PUMP_CAVITATION,0,0,0,0,0,0,0.0,1.099,0.0,0.0,0.0,0.0,0.0,0.0,0.0,0.9,112.25,1013.0,20.3,9.0,0.0,0.0,0.0,,0.0,0,0,0,0,0,4.2,0.01,0.0,4495.53,4495.53,0.0,12.44
2026-06-05T07:45:24.695+00:00,231462,7bf0e23b-e546-4171-8243-7b016fd37d6e,,10,FAULT,0x2080,SENSOR_RANGE|PUMP_CAVITATION,0,0,0,0,0,0,0.04,0.904,0.04,0.0,0.0,0.0,0.0,0.0,0.0,1.14,112.5,1013.0,20.3,9.0,0.0,0.0,0.0,,0.0,0,0,0,0,0,4.2,0.01,0.0,4495.53,4495.53,0.0,1.37
2026-06-05T07:45:24.868+00:00,231639,7bf0e23b-e546-4171-8243-7b016fd37d6e,,10,FAULT,0x2080,SENSOR_RANGE|PUMP_CAVITATION,0,0,0,0,0,0,0.0,0.464,0.0,0.0,0.0,0.0,0.0,0.0,0.0,-0.8,110.54,1013.0,20.3,9.0,0.0,0.0,0.0,,0.0,0,0,0,0,0,4.2,0.01,0.0,4495.53,4495.53,0.0,-10.96
2026-06-05T07:45:25.044+00:00,231814,7bf0e23b-e546-4171-8243-7b016fd37d6e,,10,FAULT,0x2080,SENSOR_RANGE|PUMP_CAVITATION,0,0,0,0,0,0,0.0,0.61,0.0,0.0,0.0,0.0,0.0,0.0,0.0,-1.05,112.5,1013.0,20.3,9.0,0.0,0.0,0.0,,0.0,0,0,0,0,0,4.2,0.01,0.0,4495.53,4495.53,0.0,-1.43
2026-06-05T07:45:25.220+00:00,231989,7bf0e23b-e546-4171-8243-7b016fd37d6e,,10,FAULT,0x2080,SENSOR_RANGE|PUMP_CAVITATION,0,0,0,0,0,0,0.0,0.0,0.0,0.0,0.0,0.0,0.0,0.0,0.0,0.0,105.53,1013.0,20.3,9.0,0.0,0.0,0.0,,0.0,0,0,0,0,0,4.2,0.01,0.0,4495.53,4495.53,0.0,6.0
2026-06-05T07:45:25.395+00:00,232164,7bf0e23b-e546-4171-8243-7b016fd37d6e,,10,FAULT,0x2080,SENSOR_RANGE|PUMP_CAVITATION,0,0,0,0,0,0,0.0,0.0,0.0,0.0,0.0,0.0,0.0,0.0,0.0,0.41,112.5,1013.0,20.3,9.0,0.0,0.0,0.0,,0.0,0,0,0,0,0,4.2,0.01,0.0,4495.53,4495.53,0.0,2.34
2026-06-05T07:45:25.571+00:00,232339,7bf0e23b-e546-4171-8243-7b016fd37d6e,,10,FAULT,0x2080,SENSOR_RANGE|PUMP_CAVITATION,0,0,0,0,0,0,0.0,0.0,0.0,0.0,0.0,0.0,0.0,0.0,0.0,-1.78,109.2,1013.0,20.3,9.0,0.0,0.0,0.0,,0.0,0,0,0,0,0,4.2,0.01,0.0,4495.53,4495.53,0.0,-12.51
2026-06-05T07:45:25.747+00:00,232515,7bf0e23b-e546-4171-8243-7b016fd37d6e,,10,FAULT,0x2080,SENSOR_RANGE|PUMP_CAVITATION,0,0,0,0,0,0,0.0,0.806,0.0,0.0,0.0,0.0,0.0,0.0,0.0,1.14,112.5,1013.0,20.3,9.0,0.0,0.0,0.0,,0.0,0,0,0,0,0,4.2,0.01,0.0,4495.53,4495.53,0.0,16.59
2026-06-05T07:45:25.921+00:00,232690,7bf0e23b-e546-4171-8243-7b016fd37d6e,,10,FAULT,0x2080,SENSOR_RANGE|PUMP_CAVITATION,0,0,0,0,0,0,0.0,0.708,0.0,0.0,0.0,0.0,0.0,0.0,0.0,0.0,107.36,1013.0,20.3,9.0,0.0,0.0,0.0,,0.0,0,0,0,0,0,4.2,0.01,0.0,4495.53,4495.53,0.0,-6.51
2026-06-05T07:45:26.097+00:00,232865,7bf0e23b-e546-4171-8243-7b016fd37d6e,,10,FAULT,0x2080,SENSOR_RANGE|PUMP_CAVITATION,0,0,0,0,0,0,0.0,0.0,0.0,0.0,0.0,0.0,0.0,0.0,0.0,1.63,110.17,1013.0,20.3,9.0,0.0,0.0,0.0,,0.0,0,0,0,0,0,4.2,0.01,0.0,4495.53,4495.53,0.0,9.31
2026-06-05T07:45:26.272+00:00,233040,7bf0e23b-e546-4171-8243-7b016fd37d6e,,10,FAULT,0x2080,SENSOR_RANGE|PUMP_CAVITATION,0,0,0,0,0,0,0.0,0.0,0.0,0.0,0.0,0.0,0.0,0.0,0.0,-2.27,110.78,1013.0,20.3,9.0,0.0,0.0,0.0,,0.0,0,0,0,0,0,4.2,0.01,0.0,4495.53,4495.53,0.0,-22.29
2026-06-05T07:45:26.448+00:00,233216,7bf0e23b-e546-4171-8243-7b016fd37d6e,,10,FAULT,0x2080,SENSOR_RANGE|PUMP_CAVITATION,0,0,0,0,0,0,0.0,0.757,0.0,0.0,0.0,0.0,0.0,0.0,0.0,0.41,112.5,1013.0,20.3,9.0,0.0,0.0,0.0,,0.0,0,0,0,0,0,4.2,0.01,0.0,4495.53,4495.53,0.0,15.23
2026-06-05T07:45:26.624+00:00,233392,7bf0e23b-e546-4171-8243-7b016fd37d6e,,10,FAULT,0x2080,SENSOR_RANGE|PUMP_CAVITATION,0,0,0,0,0,0,0.0,0.122,0.0,0.0,0.0,0.0,0.0,0.0,0.0,0.9,111.52,1013.0,20.3,9.0,0.0,0.0,0.0,,0.0,0,0,0,0,0,4.2,0.01,0.0,4495.53,4495.53,0.0,2.78
2026-06-05T07:45:26.800+00:00,233567,7bf0e23b-e546-4171-8243-7b016fd37d6e,,10,FAULT,0x2080,SENSOR_RANGE|PUMP_CAVITATION,0,0,0,0,0,0,0.0,0.953,0.0,0.0,0.0,0.0,0.0,0.0,0.0,0.0,112.5,1013.0,20.3,9.0,0.0,0.0,0.0,,0.0,0,0,0,0,0,4.2,0.01,0.0,4495.53,4495.53,0.0,-5.14
2026-06-05T07:45:26.974+00:00,233742,7bf0e23b-e546-4171-8243-7b016fd37d6e,,10,FAULT,0x2080,SENSOR_RANGE|PUMP_CAVITATION,0,0,0,0,0,0,0.0,0.757,0.0,0.0,0.0,0.0,0.0,0.0,0.0,1.63,111.88,1013.0,20.3,9.0,0.0,0.0,0.0,,0.0,0,0,0,0,0,4.2,0.01,0.0,4495.53,4495.53,0.0,9.31
2026-06-05T07:45:27.151+00:00,233917,7bf0e23b-e546-4171-8243-7b016fd37d6e,,10,FAULT,0x2080,SENSOR_RANGE|PUMP_CAVITATION,0,0,0,0,0,0,0.0,0.0,0.0,0.0,0.0,0.0,0.0,0.0,0.0,-1.29,107.97,1013.0,20.3,9.0,0.0,0.0,0.0,,0.0,0,0,0,0,0,4.2,0.01,0.0,4495.53,4495.53,0.0,-16.69
2026-06-05T07:45:27.325+00:00,234093,7bf0e23b-e546-4171-8243-7b016fd37d6e,,10,FAULT,0x2080,SENSOR_RANGE|PUMP_CAVITATION,0,0,0,0,0,0,0.0,0.659,0.0,0.0,0.0,0.0,0.0,0.0,0.0,-1.29,112.5,1013.0,20.3,9.0,0.0,0.0,0.0,,0.0,0,0,0,0,0,4.2,0.01,0.0,4495.53,4495.53,0.0,0.0
2026-06-05T07:45:27.501+00:00,234268,7bf0e23b-e546-4171-8243-7b016fd37d6e,,10,FAULT,0x2080,SENSOR_RANGE|PUMP_CAVITATION,0,0,0,0,0,0,0.0,0.513,0.0,0.0,0.0,0.0,0.0,0.0,0.0,0.65,105.65,1013.0,20.3,9.0,0.0,0.0,0.0,,0.0,0,0,0,0,0,4.2,0.01,0.0,4495.53,4495.53,0.0,11.09
2026-06-05T07:45:27.677+00:00,234443,7bf0e23b-e546-4171-8243-7b016fd37d6e,,10,FAULT,0x2080,SENSOR_RANGE|PUMP_CAVITATION,0,0,0,0,0,0,0.0,0.0,0.0,0.0,0.0,0.0,0.0,0.0,0.0,-1.05,112.5,1013.0,20.3,9.0,0.0,0.0,0.0,,0.0,0,0,0,0,0,4.2,0.01,0.0,4495.53,4495.53,0.0,-9.71
2026-06-05T07:45:27.853+00:00,234619,7bf0e23b-e546-4171-8243-7b016fd37d6e,,10,FAULT,0x2080,SENSOR_RANGE|PUMP_CAVITATION,0,0,0,0,0,0,0.0,0.073,0.0,0.0,0.0,0.0,0.0,0.0,0.0,0.65,105.77,1013.0,20.3,9.1,0.0,0.0,0.0,,0.0,0,0,0,0,0,4.2,0.01,0.0,4495.53,4495.53,0.0,9.66
2026-06-05T07:45:28.026+00:00,234795,7bf0e23b-e546-4171-8243-7b016fd37d6e,,10,FAULT,0x2080,SENSOR_RANGE|PUMP_CAVITATION,0,0,0,0,0,0,0.0,0.0,0.0,0.0,0.0,0.0,0.0,0.0,0.0,0.0,112.13,1013.0,20.3,9.0,0.0,0.0,0.0,,0.0,0,0,0,0,0,4.2,0.01,0.0,4495.53,4495.53,0.0,-3.69
2026-06-05T07:45:28.202+00:00,234970,7bf0e23b-e546-4171-8243-7b016fd37d6e,,10,FAULT,0x2080,SENSOR_RANGE|PUMP_CAVITATION,0,0,0,0,0,0,0.0,0.0,0.0,0.0,0.0,0.0,0.0,0.0,0.0,1.39,106.51,1013.0,20.3,9.0,0.0,0.0,0.0,,0.0,0,0,0,0,0,4.2,0.01,0.0,4495.53,4495.53,0.0,7.94
2026-06-05T07:45:28.378+00:00,235145,7bf0e23b-e546-4171-8243-7b016fd37d6e,,10,FAULT,0x2080,SENSOR_RANGE|PUMP_CAVITATION,0,0,0,0,0,0,0.0,0.122,0.0,0.0,0.0,0.0,0.0,0.0,0.0,-0.8,112.5,1013.0,20.3,9.0,0.0,0.0,0.0,,0.0,0,0,0,0,0,4.2,0.01,0.0,4495.53,4495.53,0.0,-12.51
2026-06-05T07:45:28.554+00:00,235320,7bf0e23b-e546-4171-8243-7b016fd37d6e,,10,FAULT,0x2080,SENSOR_RANGE|PUMP_CAVITATION,0,0,0,0,0,0,0.0,0.268,0.0,0.0,0.0,0.0,0.0,0.0,0.0,-1.53,109.32,1013.0,20.3,9.0,0.0,0.0,0.0,,0.0,0,0,0,0,0,4.2,0.01,0.0,4495.53,4495.53,0.0,-4.17
2026-06-05T07:45:28.730+00:00,235496,7bf0e23b-e546-4171-8243-7b016fd37d6e,,10,FAULT,0x2080,SENSOR_RANGE|PUMP_CAVITATION,0,0,0,0,0,0,0.0,0.0,0.0,0.0,0.0,0.0,0.0,0.0,0.0,-0.56,110.91,1013.0,20.3,9.0,0.0,0.0,0.0,,0.0,0,0,0,0,0,4.2,0.01,0.0,4495.53,4495.53,0.0,5.51
2026-06-05T07:45:28.906+00:00,235671,7bf0e23b-e546-4171-8243-7b016fd37d6e,,10,FAULT,0x2080,SENSOR_RANGE|PUMP_CAVITATION,0,0,0,0,0,0,0.0,0.219,0.0,0.0,0.0,0.0,0.0,0.0,0.0,0.0,112.25,1012.9,20.3,9.0,0.0,0.0,0.0,,0.0,0,0,0,0,0,4.2,0.01,0.0,4495.53,4495.53,0.0,3.2
2026-06-05T07:45:29.081+00:00,235846,7bf0e23b-e546-4171-8243-7b016fd37d6e,,10,FAULT,0x2080,SENSOR_RANGE|PUMP_CAVITATION,0,0,0,0,0,0,0.0,1.05,0.0,0.0,0.0,0.0,0.0,0.0,0.0,0.0,112.5,1013.0,20.3,9.0,0.0,0.0,0.0,,0.0,0,0,0,0,0,4.2,0.01,0.0,4495.53,4495.53,0.0,0.0
2026-06-05T07:45:29.255+00:00,236021,7bf0e23b-e546-4171-8243-7b016fd37d6e,,10,FAULT,0x2080,SENSOR_RANGE|PUMP_CAVITATION,0,0,0,0,0,0,0.0,0.904,0.0,0.0,0.0,0.0,0.0,0.0,0.0,1.63,108.95,1013.0,20.3,9.0,0.0,0.0,0.0,,0.0,0,0,0,0,0,4.2,0.01,0.0,4495.53,4495.53,0.0,9.31
2026-06-05T07:45:29.431+00:00,236196,7bf0e23b-e546-4171-8243-7b016fd37d6e,,10,FAULT,0x2080,SENSOR_RANGE|PUMP_CAVITATION,0,0,0,0,0,0,0.0,0.659,0.0,0.0,0.0,0.0,0.0,0.0,0.0,-0.31,108.22,1013.0,20.3,9.0,0.0,0.0,0.0,,0.0,0,0,0,0,0,4.2,0.01,0.0,4495.53,4495.53,0.0,-11.09
2026-06-05T07:45:29.607+00:00,236372,7bf0e23b-e546-4171-8243-7b016fd37d6e,,10,FAULT,0x2080,SENSOR_RANGE|PUMP_CAVITATION,0,0,0,0,0,0,0.0,0.0,0.0,0.0,0.0,0.0,0.0,0.0,0.0,-1.29,112.13,1013.0,20.3,9.0,0.0,0.0,0.0,,0.0,0,0,0,0,0,4.2,0.01,0.0,4495.53,4495.53,0.0,-5.57
2026-06-05T07:45:29.783+00:00,236548,7bf0e23b-e546-4171-8243-7b016fd37d6e,,10,FAULT,0x2080,SENSOR_RANGE|PUMP_CAVITATION,0,0,0,0,0,0,0.0,0.904,0.0,0.0,0.0,0.0,0.0,0.0,0.0,-1.53,107.24,1013.0,20.3,9.0,0.0,0.0,0.0,,0.0,0,0,0,0,0,4.2,0.01,0.0,4495.53,4495.53,0.0,-1.36
2026-06-05T07:45:29.958+00:00,236723,7bf0e23b-e546-4171-8243-7b016fd37d6e,,10,FAULT,0x2080,SENSOR_RANGE|PUMP_CAVITATION,0,0,0,0,0,0,0.0,0.708,0.0,0.0,0.0,0.0,0.0,0.0,0.0,-0.56,112.5,1013.0,20.3,9.0,0.0,0.0,0.0,,0.0,0,0,0,0,0,4.2,0.01,0.0,4495.53,4495.53,0.0,5.54
2026-06-05T07:45:30.134+00:00,236899,7bf0e23b-e546-4171-8243-7b016fd37d6e,,10,FAULT,0x2080,SENSOR_RANGE|PUMP_CAVITATION,0,0,0,0,0,0,0.0,0.171,0.0,0.0,0.0,0.0,0.0,0.0,0.0,-0.56,109.32,1013.0,20.3,9.0,0.0,0.0,0.0,,0.0,0,0,0,0,0,4.2,0.01,0.0,4495.53,4495.53,0.0,0.0
2026-06-05T07:45:30.310+00:00,237074,7bf0e23b-e546-4171-8243-7b016fd37d6e,,10,FAULT,0x2080,SENSOR_RANGE|PUMP_CAVITATION,0,0,0,0,0,0,0.0,0.0,0.0,0.0,0.0,0.0,0.0,0.0,0.0,2.12,112.5,1013.0,20.3,9.0,0.0,0.0,0.0,,0.0,0,0,0,0,0,4.2,0.01,0.0,4495.53,4495.53,0.0,15.31
2026-06-05T07:45:30.484+00:00,237249,7bf0e23b-e546-4171-8243-7b016fd37d6e,,10,FAULT,0x2080,SENSOR_RANGE|PUMP_CAVITATION,0,0,0,0,0,0,0.0,0.757,0.0,0.0,0.0,0.0,0.0,0.0,0.0,-0.56,110.78,1013.0,20.3,9.0,0.0,0.0,0.0,,0.0,0,0,0,0,0,4.2,0.01,0.0,4495.53,4495.53,0.0,-15.31
2026-06-05T07:45:30.659+00:00,237425,7bf0e23b-e546-4171-8243-7b016fd37d6e,,10,FAULT,0x2080,SENSOR_RANGE|PUMP_CAVITATION,0,0,0,0,0,0,0.0,0.0,0.0,0.0,0.0,0.0,0.0,0.0,0.0,0.0,112.5,1013.0,20.3,9.0,0.0,0.0,0.0,,0.0,0,0,0,0,0,4.2,0.01,0.0,4495.53,4495.53,0.0,3.18
2026-06-05T07:45:30.837+00:00,237600,7bf0e23b-e546-4171-8243-7b016fd37d6e,,10,FAULT,0x2080,SENSOR_RANGE|PUMP_CAVITATION,0,0,0,0,0,0,0.0,0.904,0.0,0.0,0.0,0.0,0.0,0.0,0.0,0.65,111.4,1013.0,20.3,9.0,0.0,0.0,0.0,,0.0,0,0,0,0,0,4.2,0.01,0.0,4495.53,4495.53,0.0,3.71
2026-06-05T07:45:31.011+00:00,237775,7bf0e23b-e546-4171-8243-7b016fd37d6e,,10,FAULT,0x2080,SENSOR_RANGE|PUMP_CAVITATION,0,0,0,0,0,0,0.0,0.0,0.0,0.0,0.0,0.0,0.0,0.0,0.0,1.39,112.5,1013.0,20.3,9.0,0.0,0.0,0.0,,0.0,0,0,0,0,0,4.2,0.01,0.0,4495.53,4495.53,0.0,4.23
2026-06-05T07:45:31.187+00:00,237950,7bf0e23b-e546-4171-8243-7b016fd37d6e,,10,FAULT,0x2080,SENSOR_RANGE|PUMP_CAVITATION,0,0,0,0,0,0,0.0,0.219,0.0,0.0,0.0,0.0,0.0,0.0,0.0,0.41,110.42,1013.0,20.3,9.0,0.0,0.0,0.0,,0.0,0,0,0,0,0,4.2,0.01,0.0,4495.53,4495.53,0.0,-5.6
2026-06-05T07:45:31.363+00:00,238126,7bf0e23b-e546-4171-8243-7b016fd37d6e,,10,FAULT,0x2080,SENSOR_RANGE|PUMP_CAVITATION,0,0,0,0,0,0,0.0,0.0,0.0,0.0,0.0,0.0,0.0,0.0,0.0,1.14,112.5,1013.0,20.3,9.0,0.0,0.0,0.0,,0.0,0,0,0,0,0,4.2,0.01,0.0,4495.53,4495.53,0.0,4.15
2026-06-05T07:45:31.537+00:00,238301,7bf0e23b-e546-4171-8243-7b016fd37d6e,,10,FAULT,0x2080,SENSOR_RANGE|PUMP_CAVITATION,0,0,0,0,0,0,0.0,0.122,0.0,0.0,0.0,0.0,0.0,0.0,0.0,-2.02,108.71,1013.0,20.3,9.0,0.0,0.0,0.0,,0.0,0,0,0,0,0,4.2,0.01,0.0,4495.53,4495.53,0.0,-18.06
2026-06-05T07:45:31.712+00:00,238477,7bf0e23b-e546-4171-8243-7b016fd37d6e,,10,FAULT,0x2080,SENSOR_RANGE|PUMP_CAVITATION,0,0,0,0,0,0,0.0,0.0,0.0,0.0,0.0,0.0,0.0,0.0,0.0,-2.02,111.64,1013.0,20.3,9.0,0.0,0.0,0.0,,0.0,0,0,0,0,0,4.2,0.01,0.0,4495.53,4495.53,0.0,0.0
2026-06-05T07:45:31.888+00:00,238652,7bf0e23b-e546-4171-8243-7b016fd37d6e,,10,FAULT,0x2080,SENSOR_RANGE|PUMP_CAVITATION,0,0,0,0,0,0,0.0,1.05,0.0,0.0,0.0,0.0,0.0,0.0,0.0,0.65,112.5,1013.0,20.3,9.0,0.0,0.0,0.0,,0.0,0,0,0,0,0,4.2,0.01,0.0,4495.53,4495.53,0.0,15.26
2026-06-05T07:45:32.064+00:00,238827,7bf0e23b-e546-4171-8243-7b016fd37d6e,,10,FAULT,0x2080,SENSOR_RANGE|PUMP_CAVITATION,0,0,0,0,0,0,0.0,0.122,0.0,0.0,0.0,0.0,0.0,0.0,0.0,1.14,112.13,1013.0,20.3,9.0,0.0,0.0,0.0,,0.0,0,0,0,0,0,4.2,0.01,0.0,4495.53,4495.53,0.0,2.8
2026-06-05T07:45:32.240+00:00,239003,7bf0e23b-e546-4171-8243-7b016fd37d6e,,10,FAULT,0x2080,SENSOR_RANGE|PUMP_CAVITATION,0,0,0,0,0,0,0.0,0.904,0.0,0.0,0.0,0.0,0.0,0.0,0.0,-1.05,112.5,1013.0,20.3,9.0,0.0,0.0,0.0,,0.0,0,0,0,0,0,4.2,0.01,0.0,4495.53,4495.53,0.0,-12.44
2026-06-05T07:45:32.416+00:00,239178,7bf0e23b-e546-4171-8243-7b016fd37d6e,,10,FAULT,0x2080,SENSOR_RANGE|PUMP_CAVITATION,0,0,0,0,0,0,0.0,0.61,0.0,0.0,0.0,0.0,0.0,0.0,0.0,0.41,111.64,1013.0,20.3,9.0,0.0,0.0,0.0,,0.0,0,0,0,0,0,4.2,0.01,0.0,4495.53,4495.53,0.0,8.34
2026-06-05T07:45:32.592+00:00,239353,7bf0e23b-e546-4171-8243-7b016fd37d6e,,10,FAULT,0x2080,SENSOR_RANGE|PUMP_CAVITATION,0,0,0,0,0,0,0.0,0.0,0.0,0.0,0.0,0.0,0.0,0.0,0.0,1.39,111.4,1013.0,20.3,9.0,0.0,0.0,0.0,,0.0,0,0,0,0,0,4.2,0.01,0.0,4495.53,4495.53,0.0,5.6
2026-06-05T07:45:32.768+00:00,239528,7bf0e23b-e546-4171-8243-7b016fd37d6e,,10,FAULT,0x2080,SENSOR_RANGE|PUMP_CAVITATION,0,0,0,0,0,0,0.0,0.415,0.0,0.0,0.0,0.0,0.0,0.0,0.0,-2.27,111.52,1013.0,20.3,9.0,0.0,0.0,0.0,,0.0,0,0,0,0,0,4.2,0.01,0.0,4495.53,4495.53,0.0,-20.91
2026-06-05T07:45:32.941+00:00,239705,7bf0e23b-e546-4171-8243-7b016fd37d6e,,10,FAULT,0x2080,SENSOR_RANGE|PUMP_CAVITATION,0,0,0,0,0,0,0.0,0.073,0.0,0.0,0.0,0.0,0.0,0.0,0.0,-1.53,112.5,1013.0,20.3,9.0,0.0,0.0,0.0,,0.0,0,0,0,0,0,4.2,0.01,0.0,4495.53,4495.53,0.0,4.18
2026-06-05T07:45:33.117+00:00,239880,7bf0e23b-e546-4171-8243-7b016fd37d6e,,10,FAULT,0x2080,SENSOR_RANGE|PUMP_CAVITATION,0,0,0,0,0,0,0.0,0.659,0.0,0.0,0.0,0.0,0.0,0.0,0.0,0.0,111.88,1013.0,20.3,9.0,0.0,0.0,0.0,,0.0,0,0,0,0,0,4.2,0.01,0.0,4495.53,4495.53,0.0,8.74
2026-06-05T07:45:33.293+00:00,240055,7bf0e23b-e546-4171-8243-7b016fd37d6e,,10,FAULT,0x2080,SENSOR_RANGE|PUMP_CAVITATION,0,0,0,0,0,0,0.0,0.415,0.0,0.0,0.0,0.0,0.0,0.0,0.0,-0.8,112.5,1013.0,20.3,9.0,0.0,0.0,0.0,,0.0,0,0,0,0,0,4.2,0.01,0.0,4495.53,4495.53,0.0,-4.57
2026-06-05T07:45:33.469+00:00,240231,7bf0e23b-e546-4171-8243-7b016fd37d6e,,10,FAULT,0x2080,SENSOR_RANGE|PUMP_CAVITATION,0,0,0,0,0,0,0.0,0.659,0.0,0.0,0.0,0.0,0.0,0.0,0.0,0.0,112.37,1013.0,20.3,9.0,0.0,0.0,0.0,,0.0,0,0,0,0,0,4.2,0.01,0.0,4495.53,4495.53,0.0,4.55
2026-06-05T07:45:33.645+00:00,240406,7bf0e23b-e546-4171-8243-7b016fd37d6e,,10,FAULT,0x2080,SENSOR_RANGE|PUMP_CAVITATION,0,0,0,0,0,0,0.0,0.464,0.0,0.0,0.0,0.0,0.0,0.0,0.0,-1.05,112.5,1013.0,20.3,9.0,0.0,0.0,0.0,,0.0,0,0,0,0,0,4.2,0.01,0.0,4495.53,4495.53,0.0,-6.0
2026-06-05T07:45:33.821+00:00,240581,7bf0e23b-e546-4171-8243-7b016fd37d6e,,10,FAULT,0x2080,SENSOR_RANGE|PUMP_CAVITATION,0,0,0,0,0,0,0.0,0.122,0.0,0.0,0.0,0.0,0.0,0.0,0.0,0.0,108.1,1013.0,20.3,9.0,0.0,0.0,0.0,,0.0,0,0,0,0,0,4.2,0.01,0.0,4495.53,4495.53,0.0,6.0
2026-06-05T07:45:33.996+00:00,240756,7bf0e23b-e546-4171-8243-7b016fd37d6e,,10,FAULT,0x2080,SENSOR_RANGE|PUMP_CAVITATION,0,0,0,0,0,0,0.0,0.366,0.0,0.0,0.0,0.0,0.0,0.0,0.0,-1.05,112.5,1013.0,20.3,9.0,0.0,0.0,0.0,,0.0,0,0,0,0,0,4.2,0.01,0.0,4495.53,4495.53,0.0,-6.0
2026-06-05T07:45:34.170+00:00,240932,7bf0e23b-e546-4171-8243-7b016fd37d6e,,10,FAULT,0x2080,SENSOR_RANGE|PUMP_CAVITATION,0,0,0,0,0,0,0.0,0.0,0.0,0.0,0.0,0.0,0.0,0.0,0.0,0.41,108.34,1013.0,20.3,9.0,0.0,0.0,0.0,,0.0,0,0,0,0,0,4.2,0.01,0.0,4495.53,4495.53,0.0,8.3
2026-06-05T07:45:34.346+00:00,241107,7bf0e23b-e546-4171-8243-7b016fd37d6e,,10,FAULT,0x2080,SENSOR_RANGE|PUMP_CAVITATION,0,0,0,0,0,0,0.0,0.0,0.0,0.0,0.0,0.0,0.0,0.0,0.0,-0.31,111.88,1013.0,20.3,9.0,0.0,0.0,0.0,,0.0,0,0,0,0,0,4.2,0.01,0.0,4495.53,4495.53,0.0,-4.11
2026-06-05T07:45:34.522+00:00,241283,7bf0e23b-e546-4171-8243-7b016fd37d6e,,10,FAULT,0x2080,SENSOR_RANGE|PUMP_CAVITATION,0,0,0,0,0,0,0.0,0.024,0.0,0.0,0.0,0.0,0.0,0.0,0.0,-1.29,111.4,1013.0,20.3,9.0,0.0,0.0,0.0,,0.0,0,0,0,0,0,4.2,0.01,0.0,4495.53,4495.53,0.0,-5.57
2026-06-05T07:45:34.697+00:00,241458,7bf0e23b-e546-4171-8243-7b016fd37d6e,,10,FAULT,0x2080,SENSOR_RANGE|PUMP_CAVITATION,0,0,0,0,0,0,0.0,0.219,0.0,0.0,0.0,0.0,0.0,0.0,0.0,0.9,108.83,1013.0,20.3,9.0,0.0,0.0,0.0,,0.0,0,0,0,0,0,4.2,0.01,0.0,4495.53,4495.53,0.0,12.51
2026-06-05T07:45:34.873+00:00,241634,7bf0e23b-e546-4171-8243-7b016fd37d6e,,10,FAULT,0x2080,SENSOR_RANGE|PUMP_CAVITATION,0,0,0,0,0,0,0.0,0.464,0.0,0.0,0.0,0.0,0.0,0.0,0.0,0.65,112.5,1013.0,20.3,9.0,0.0,0.0,0.0,,0.0,0,0,0,0,0,4.2,0.01,0.0,4495.53,4495.53,0.0,-1.42
2026-06-05T07:45:35.049+00:00,241809,7bf0e23b-e546-4171-8243-7b016fd37d6e,,10,FAULT,0x2080,SENSOR_RANGE|PUMP_CAVITATION,0,0,0,0,0,0,0.0,1.441,0.0,0.0,0.0,0.0,0.0,0.0,0.0,0.9,107.97,1013.0,20.3,9.0,0.0,0.0,0.0,,0.0,0,0,0,0,0,4.2,0.01,0.0,4495.53,4495.53,0.0,1.43
2026-06-05T07:45:35.225+00:00,241984,7bf0e23b-e546-4171-8243-7b016fd37d6e,,10,FAULT,0x2080,SENSOR_RANGE|PUMP_CAVITATION,0,0,0,0,0,0,0.0,0.171,0.0,0.0,0.0,0.0,0.0,0.0,0.0,-1.78,112.5,1013.0,20.3,9.0,0.0,0.0,0.0,,0.0,0,0,0,0,0,4.2,0.01,0.0,4495.53,4495.53,0.0,-15.31
2026-06-05T07:45:35.399+00:00,242160,7bf0e23b-e546-4171-8243-7b016fd37d6e,,10,FAULT,0x2080,SENSOR_RANGE|PUMP_CAVITATION,0,0,0,0,0,0,0.0,0.0,0.0,0.0,0.0,0.0,0.0,0.0,0.0,0.0,108.1,1013.0,20.3,9.0,0.0,0.0,0.0,,0.0,0,0,0,0,0,4.2,0.01,0.0,4495.53,4495.53,0.0,10.11
2026-06-05T07:45:35.574+00:00,242334,7bf0e23b-e546-4171-8243-7b016fd37d6e,,10,FAULT,0x2080,SENSOR_RANGE|PUMP_CAVITATION,0,0,0,0,0,0,0.0,0.024,0.0,0.0,0.0,0.0,0.0,0.0,0.0,-1.29,112.5,1013.0,20.3,9.0,0.0,0.0,0.0,,0.0,0,0,0,0,0,4.2,0.01,0.0,4495.53,4495.53,0.0,-7.41
2026-06-05T07:45:35.751+00:00,242510,7bf0e23b-e546-4171-8243-7b016fd37d6e,,10,FAULT,0x2080,SENSOR_RANGE|PUMP_CAVITATION,0,0,0,0,0,0,0.0,0.024,0.0,0.0,0.0,0.0,0.0,0.0,0.0,0.0,108.71,1013.0,20.3,9.0,0.0,0.0,0.0,,0.0,0,0,0,0,0,4.2,0.01,0.0,4495.53,4495.53,0.0,7.33
2026-06-05T07:45:35.926+00:00,242685,7bf0e23b-e546-4171-8243-7b016fd37d6e,,10,FAULT,0x2080,SENSOR_RANGE|PUMP_CAVITATION,0,0,0,0,0,0,0.0,0.708,0.0,0.0,0.0,0.0,0.0,0.0,0.0,0.41,112.5,1013.0,20.3,9.0,0.0,0.0,0.0,,0.0,0,0,0,0,0,4.2,0.01,0.0,4495.53,4495.53,0.0,2.34
2026-06-05T07:45:36.102+00:00,242861,7bf0e23b-e546-4171-8243-7b016fd37d6e,,10,FAULT,0x2080,SENSOR_RANGE|PUMP_CAVITATION,0,0,0,0,0,0,0.0,0.0,0.0,0.0,0.0,0.0,0.0,0.0,0.0,0.0,107.36,1013.0,20.3,9.1,0.0,0.0,0.0,,0.0,0,0,0,0,0,4.2,0.01,0.0,4495.53,4495.53,0.0,-2.33
2026-06-05T07:45:36.276+00:00,243036,7bf0e23b-e546-4171-8243-7b016fd37d6e,,10,FAULT,0x2080,SENSOR_RANGE|PUMP_CAVITATION,0,0,0,0,0,0,0.0,0.953,0.0,0.0,0.0,0.0,0.0,0.0,0.0,-0.56,112.5,1013.0,20.3,9.0,0.0,0.0,0.0,,0.0,0,0,0,0,0,4.2,0.01,0.0,4495.53,4495.53,0.0,-3.2
2026-06-05T07:45:36.451+00:00,243211,7bf0e23b-e546-4171-8243-7b016fd37d6e,,10,FAULT,0x2080,SENSOR_RANGE|PUMP_CAVITATION,0,0,0,0,0,0,0.0,0.0,0.0,0.0,0.0,0.0,0.0,0.0,0.0,2.61,106.75,1013.0,20.3,9.0,0.0,0.0,0.0,,0.0,0,0,0,0,0,4.2,0.01,0.0,4495.53,4495.53,0.0,18.11
2026-06-05T07:45:36.627+00:00,243387,7bf0e23b-e546-4171-8243-7b016fd37d6e,,10,FAULT,0x2080,SENSOR_RANGE|PUMP_CAVITATION,0,0,0,0,0,0,0.0,0.415,0.0,0.0,0.0,0.0,0.0,0.0,0.0,-1.53,112.5,1013.0,20.3,9.0,0.0,0.0,0.0,,0.0,0,0,0,0,0,4.2,0.01,0.0,4495.53,4495.53,0.0,-23.52
2026-06-05T07:45:36.803+00:00,243562,7bf0e23b-e546-4171-8243-7b016fd37d6e,,10,FAULT,0x2080,SENSOR_RANGE|PUMP_CAVITATION,0,0,0,0,0,0,0.0,0.61,0.0,0.0,0.0,0.0,0.0,0.0,0.0,0.65,112.01,1013.0,20.3,9.0,0.0,0.0,0.0,,0.0,0,0,0,0,0,4.2,0.01,0.0,4495.53,4495.53,0.0,12.46
2026-06-05T07:45:36.979+00:00,243737,7bf0e23b-e546-4171-8243-7b016fd37d6e,,10,FAULT,0x2080,SENSOR_RANGE|PUMP_CAVITATION,0,0,0,0,0,0,0.0,0.122,0.0,0.0,0.0,0.0,0.0,0.0,0.0,0.0,112.5,1013.0,20.3,9.0,0.0,0.0,0.0,,0.0,0,0,0,0,0,4.2,0.01,0.0,4495.53,4495.53,0.0,-3.71
2026-06-05T07:45:37.155+00:00,243912,7bf0e23b-e546-4171-8243-7b016fd37d6e,,10,FAULT,0x2080,SENSOR_RANGE|PUMP_CAVITATION,0,0,0,0,0,0,0.0,0.513,0.0,0.0,0.0,0.0,0.0,0.0,0.0,-1.29,112.13,1013.0,20.3,9.0,0.0,0.0,0.0,,0.0,0,0,0,0,0,4.2,0.01,0.0,4495.53,4495.53,0.0,-7.37
2026-06-05T07:45:37.330+00:00,244088,7bf0e23b-e546-4171-8243-7b016fd37d6e,,10,FAULT,0x2080,SENSOR_RANGE|PUMP_CAVITATION,0,0,0,0,0,0,0.0,0.0,0.0,0.0,0.0,0.0,0.0,0.0,0.0,-2.27,111.64,1013.0,20.3,9.0,0.0,0.0,0.0,,0.0,0,0,0,0,0,4.2,0.01,0.0,4495.53,4495.53,0.0,-5.57
2026-06-05T07:45:37.505+00:00,244263,7bf0e23b-e546-4171-8243-7b016fd37d6e,,10,FAULT,0x2080,SENSOR_RANGE|PUMP_CAVITATION,0,0,0,0,0,0,0.0,0.855,0.0,0.0,0.0,0.0,0.0,0.0,0.0,0.65,112.5,1013.0,20.3,9.0,0.0,0.0,0.0,,0.0,0,0,0,0,0,4.2,0.01,0.0,4495.53,4495.53,0.0,16.69
2026-06-05T07:45:37.680+00:00,244439,7bf0e23b-e546-4171-8243-7b016fd37d6e,,10,FAULT,0x2080,SENSOR_RANGE|PUMP_CAVITATION,0,0,0,0,0,0,0.0,0.024,0.0,0.0,0.0,0.0,0.0,0.0,0.0,0.65,111.03,1013.0,20.3,9.0,0.0,0.0,0.0,,0.0,0,0,0,0,0,4.2,0.01,0.0,4495.53,4495.53,0.0,0.0
2026-06-05T07:45:37.856+00:00,244615,7bf0e23b-e546-4171-8243-7b016fd37d6e,,10,FAULT,0x2080,SENSOR_RANGE|PUMP_CAVITATION,0,0,0,0,0,0,0.0,0.757,0.0,0.0,0.0,0.0,0.0,0.0,0.0,0.9,112.5,1013.0,20.3,9.0,0.0,0.0,0.0,,0.0,0,0,0,0,0,4.2,0.01,0.0,4495.53,4495.53,0.0,1.42
2026-06-05T07:45:38.032+00:00,244790,7bf0e23b-e546-4171-8243-7b016fd37d6e,,10,FAULT,0x2080,SENSOR_RANGE|PUMP_CAVITATION,0,0,0,0,0,0,0.0,0.171,0.0,0.0,0.0,0.0,0.0,0.0,0.0,0.9,110.91,1013.0,20.3,9.0,0.0,0.0,0.0,,0.0,0,0,0,0,0,4.2,0.01,0.0,4495.53,4495.53,0.0,0.0
2026-06-05T07:45:38.207+00:00,244965,7bf0e23b-e546-4171-8243-7b016fd37d6e,,10,FAULT,0x2080,SENSOR_RANGE|PUMP_CAVITATION,0,0,0,0,0,0,0.0,0.0,0.0,0.0,0.0,0.0,0.0,0.0,0.0,1.63,111.03,1013.0,20.3,9.0,0.0,0.0,0.0,,0.0,0,0,0,0,0,4.2,0.01,0.0,4495.53,4495.53,0.0,4.17
2026-06-05T07:45:38.383+00:00,245140,7bf0e23b-e546-4171-8243-7b016fd37d6e,,10,FAULT,0x2080,SENSOR_RANGE|PUMP_CAVITATION,0,0,0,0,0,0,0.0,0.464,0.0,0.0,0.0,0.0,0.0,0.0,0.0,-0.31,110.05,1013.0,20.3,9.0,0.0,0.0,0.0,,0.0,0,0,0,0,0,4.2,0.01,0.0,4495.53,4495.53,0.0,-11.09
2026-06-05T07:45:38.557+00:00,245315,7bf0e23b-e546-4171-8243-7b016fd37d6e,,10,FAULT,0x2080,SENSOR_RANGE|PUMP_CAVITATION,0,0,0,0,0,0,0.0,0.0,0.0,0.0,0.0,0.0,0.0,0.0,0.0,0.0,112.5,1013.0,20.3,9.1,0.0,0.0,0.0,,0.0,0,0,0,0,0,4.2,0.01,0.0,4495.53,4495.53,0.0,1.77
2026-06-05T07:45:38.733+00:00,245490,7bf0e23b-e546-4171-8243-7b016fd37d6e,,10,FAULT,0x2080,SENSOR_RANGE|PUMP_CAVITATION,0,0,0,0,0,0,0.0,0.708,0.0,0.0,0.0,0.0,0.0,0.0,0.0,1.39,106.63,1013.0,20.3,9.0,0.0,0.0,0.0,,0.0,0,0,0,0,0,4.2,0.01,0.0,4495.53,4495.53,0.0,7.94
2026-06-05T07:45:38.908+00:00,245666,7bf0e23b-e546-4171-8243-7b016fd37d6e,,10,FAULT,0x2080,SENSOR_RANGE|PUMP_CAVITATION,0,0,0,0,0,0,0.0,0.366,0.0,0.0,0.0,0.0,0.0,0.0,0.0,0.0,112.5,1013.0,20.3,9.0,0.0,0.0,0.0,,0.0,0,0,0,0,0,4.2,0.01,0.0,4495.53,4495.53,0.0,-7.9
2026-06-05T07:45:39.084+00:00,245841,7bf0e23b-e546-4171-8243-7b016fd37d6e,,10,FAULT,0x2080,SENSOR_RANGE|PUMP_CAVITATION,0,0,0,0,0,0,0.0,0.0,0.0,0.0,0.0,0.0,0.0,0.0,0.0,0.41,108.1,1013.0,20.3,9.0,0.0,0.0,0.0,,0.0,0,0,0,0,0,4.2,0.01,0.0,4495.53,4495.53,0.0,2.34
2026-06-05T07:45:39.260+00:00,246017,7bf0e23b-e546-4171-8243-7b016fd37d6e,,10,FAULT,0x2080,SENSOR_RANGE|PUMP_CAVITATION,0,0,0,0,0,0,0.0,0.806,0.0,0.0,0.0,0.0,0.0,0.0,0.0,-1.29,112.5,1013.0,20.3,9.0,0.0,0.0,0.0,,0.0,0,0,0,0,0,4.2,0.01,0.0,4495.53,4495.53,0.0,-9.66
2026-06-05T07:45:39.436+00:00,246192,7bf0e23b-e546-4171-8243-7b016fd37d6e,,10,FAULT,0x2080,SENSOR_RANGE|PUMP_CAVITATION,0,0,0,0,0,0,0.0,0.171,0.0,0.0,0.0,0.0,0.0,0.0,0.0,0.41,110.42,1013.0,20.3,9.0,0.0,0.0,0.0,,0.0,0,0,0,0,0,4.2,0.01,0.0,4495.53,4495.53,0.0,9.71
2026-06-05T07:45:39.611+00:00,246367,7bf0e23b-e546-4171-8243-7b016fd37d6e,,10,FAULT,0x2080,SENSOR_RANGE|PUMP_CAVITATION,0,0,0,0,0,0,0.0,0.0,0.0,0.0,0.0,0.0,0.0,0.0,0.0,2.12,112.5,1013.0,20.3,9.0,0.0,0.0,0.0,,0.0,0,0,0,0,0,4.2,0.01,0.0,4495.53,4495.53,0.0,9.77
2026-06-05T07:45:39.785+00:00,246543,7bf0e23b-e546-4171-8243-7b016fd37d6e,,10,FAULT,0x2080,SENSOR_RANGE|PUMP_CAVITATION,0,0,0,0,0,0,0.0,0.219,0.0,0.0,0.0,0.0,0.0,0.0,0.0,0.0,111.64,1013.0,20.3,9.0,0.0,0.0,0.0,,0.0,0,0,0,0,0,4.2,0.01,0.0,4495.53,4495.53,0.0,-12.05
2026-06-05T07:45:39.961+00:00,246718,7bf0e23b-e546-4171-8243-7b016fd37d6e,,10,FAULT,0x2080,SENSOR_RANGE|PUMP_CAVITATION,0,0,0,0,0,0,0.0,0.0,0.0,0.0,0.0,0.0,0.0,0.0,0.0,-0.8,112.25,1013.0,20.3,9.0,0.0,0.0,0.0,,0.0,0,0,0,0,0,4.2,0.01,0.0,4495.53,4495.53,0.0,-4.57
2026-06-05T07:45:40.137+00:00,246893,7bf0e23b-e546-4171-8243-7b016fd37d6e,,10,FAULT,0x2080,SENSOR_RANGE|PUMP_CAVITATION,0,0,0,0,0,0,0.0,0.268,0.0,0.0,0.0,0.0,0.0,0.0,0.0,0.0,110.05,1013.0,20.3,9.0,0.0,0.0,0.0,,0.0,0,0,0,0,0,4.2,0.01,0.0,4495.53,4495.53,0.0,4.57
2026-06-05T07:45:40.312+00:00,247068,7bf0e23b-e546-4171-8243-7b016fd37d6e,,10,FAULT,0x2080,SENSOR_RANGE|PUMP_CAVITATION,0,0,0,0,0,0,0.0,0.0,0.0,0.0,0.0,0.0,0.0,0.0,0.0,2.61,111.27,1013.0,20.3,9.0,0.0,0.0,0.0,,0.0,0,0,0,0,0,4.2,0.01,0.0,4495.53,4495.53,0.0,14.91
2026-06-05T07:45:40.488+00:00,247243,7bf0e23b-e546-4171-8243-7b016fd37d6e,,10,FAULT,0x2080,SENSOR_RANGE|PUMP_CAVITATION,0,0,0,0,0,0,0.0,1.001,0.0,0.0,0.0,0.0,0.0,0.0,0.0,-1.29,112.5,1013.0,20.3,9.0,0.0,0.0,0.0,,0.0,0,0,0,0,0,4.2,0.01,0.0,4495.53,4495.53,0.0,-22.29
2026-06-05T07:45:40.664+00:00,247419,7bf0e23b-e546-4171-8243-7b016fd37d6e,,10,FAULT,0x2080,SENSOR_RANGE|PUMP_CAVITATION,0,0,0,0,0,0,0.0,1.148,0.0,0.0,0.0,0.0,0.0,0.0,0.0,-0.8,112.5,1013.0,20.3,9.0,0.0,0.0,0.0,,0.0,0,0,0,0,0,4.2,0.01,0.0,4495.53,4495.53,0.0,2.78
2026-06-05T07:45:40.838+00:00,247595,7bf0e23b-e546-4171-8243-7b016fd37d6e,,10,FAULT,0x2080,SENSOR_RANGE|PUMP_CAVITATION,0,0,0,0,0,0,0.0,0.0,0.0,0.0,0.0,0.0,0.0,0.0,0.0,0.41,110.05,1013.0,20.3,9.0,0.0,0.0,0.0,,0.0,0,0,0,0,0,4.2,0.01,0.0,4495.53,4495.53,0.0,6.88
2026-06-05T07:45:41.014+00:00,247770,7bf0e23b-e546-4171-8243-7b016fd37d6e,,10,FAULT,0x2080,SENSOR_RANGE|PUMP_CAVITATION,0,0,0,0,0,0,0.0,0.122,0.0,0.0,0.0,0.0,0.0,0.0,0.0,-0.31,111.88,1013.0,20.3,9.0,0.0,0.0,0.0,,0.0,0,0,0,0,0,4.2,0.01,0.0,4495.53,4495.53,0.0,-4.11
2026-06-05T07:45:41.190+00:00,247945,7bf0e23b-e546-4171-8243-7b016fd37d6e,,10,FAULT,0x2080,SENSOR_RANGE|PUMP_CAVITATION,0,0,0,0,0,0,0.0,0.415,0.0,0.0,0.0,0.0,0.0,0.0,0.0,-0.8,112.5,1013.0,20.3,9.0,0.0,0.0,0.0,,0.0,0,0,0,0,0,4.2,0.01,0.0,4495.53,4495.53,0.0,-2.8
2026-06-05T07:45:41.365+00:00,248121,7bf0e23b-e546-4171-8243-7b016fd37d6e,,10,FAULT,0x2080,SENSOR_RANGE|PUMP_CAVITATION,0,0,0,0,0,0,0.0,0.366,0.0,0.0,0.0,0.0,0.0,0.0,0.0,-0.31,108.71,1013.0,20.3,9.0,0.0,0.0,0.0,,0.0,0,0,0,0,0,4.2,0.01,0.0,4495.53,4495.53,0.0,2.78
2026-06-05T07:45:41.541+00:00,248296,7bf0e23b-e546-4171-8243-7b016fd37d6e,,10,FAULT,0x2080,SENSOR_RANGE|PUMP_CAVITATION,0,0,0,0,0,0,0.0,0.0,0.0,0.0,0.0,0.0,0.0,0.0,0.0,1.39,112.5,1013.0,20.3,9.0,0.0,0.0,0.0,,0.0,0,0,0,0,0,4.2,0.01,0.0,4495.53,4495.53,0.0,9.71
2026-06-05T07:45:41.717+00:00,248471,7bf0e23b-e546-4171-8243-7b016fd37d6e,,10,FAULT,0x2080,SENSOR_RANGE|PUMP_CAVITATION,0,0,0,0,0,0,0.0,0.0,0.0,0.0,0.0,0.0,0.0,0.0,0.0,0.65,107.49,1013.0,20.3,9.0,0.0,0.0,0.0,,0.0,0,0,0,0,0,4.2,0.01,0.0,4495.53,4495.53,0.0,-4.23
2026-06-05T07:45:41.893+00:00,248646,7bf0e23b-e546-4171-8243-7b016fd37d6e,,10,FAULT,0x2080,SENSOR_RANGE|PUMP_CAVITATION,0,0,0,0,0,0,0.0,0.855,0.0,0.0,0.0,0.0,0.0,0.0,0.0,-1.53,112.5,1013.0,20.3,9.0,0.0,0.0,0.0,,0.0,0,0,0,0,0,4.2,0.01,0.0,4495.53,4495.53,0.0,-12.46
2026-06-05T07:45:42.067+00:00,248822,7bf0e23b-e546-4171-8243-7b016fd37d6e,,10,FAULT,0x2080,SENSOR_RANGE|PUMP_CAVITATION,0,0,0,0,0,0,0.0,0.61,0.0,0.0,0.0,0.0,0.0,0.0,0.0,-1.05,111.15,1013.0,20.3,9.0,0.0,0.0,0.0,,0.0,0,0,0,0,0,4.2,0.01,0.0,4495.53,4495.53,0.0,2.73
2026-06-05T07:45:42.243+00:00,248997,7bf0e23b-e546-4171-8243-7b016fd37d6e,,10,FAULT,0x2080,SENSOR_RANGE|PUMP_CAVITATION,0,0,0,0,0,0,0.0,0.268,0.0,0.0,0.0,0.0,0.0,0.0,0.0,-2.02,112.5,1013.0,20.3,9.0,0.0,0.0,0.0,,0.0,0,0,0,0,0,4.2,0.01,0.0,4495.53,4495.53,0.0,-5.54
2026-06-05T07:45:42.420+00:00,249174,7bf0e23b-e546-4171-8243-7b016fd37d6e,,10,FAULT,0x2080,SENSOR_RANGE|PUMP_CAVITATION,0,0,0,0,0,0,0.0,0.317,0.0,0.0,0.0,0.0,0.0,0.0,0.0,-2.27,109.44,1013.0,20.3,9.0,0.0,0.0,0.0,,0.0,0,0,0,0,0,4.2,0.01,0.0,4495.53,4495.53,0.0,-1.41
2026-06-05T07:45:42.594+00:00,249349,7bf0e23b-e546-4171-8243-7b016fd37d6e,,10,FAULT,0x2080,SENSOR_RANGE|PUMP_CAVITATION,0,0,0,0,0,0,0.0,0.0,0.0,0.0,0.0,0.0,0.0,0.0,0.0,0.0,112.5,1013.0,20.3,9.0,0.0,0.0,0.0,,0.0,0,0,0,0,0,4.2,0.01,0.0,4495.53,4495.53,0.0,12.97
2026-06-05T07:45:42.770+00:00,249524,7bf0e23b-e546-4171-8243-7b016fd37d6e,,10,FAULT,0x2080,SENSOR_RANGE|PUMP_CAVITATION,0,0,0,0,0,0,0.0,0.0,0.0,0.0,0.0,0.0,0.0,0.0,0.0,-1.29,108.71,1013.0,20.3,9.1,0.0,0.0,0.0,,0.0,0,0,0,0,0,4.2,0.01,0.0,4495.53,4495.53,0.0,-7.37
2026-06-05T07:45:42.946+00:00,249699,7bf0e23b-e546-4171-8243-7b016fd37d6e,,10,FAULT,0x2080,SENSOR_RANGE|PUMP_CAVITATION,0,0,0,0,0,0,0.0,0.0,0.0,0.0,0.0,0.0,0.0,0.0,0.0,0.9,110.42,1013.0,20.3,9.0,0.0,0.0,0.0,,0.0,0,0,0,0,0,4.2,0.01,0.0,4495.53,4495.53,0.0,12.51
2026-06-05T07:45:43.122+00:00,249874,7bf0e23b-e546-4171-8243-7b016fd37d6e,,10,FAULT,0x2080,SENSOR_RANGE|PUMP_CAVITATION,0,0,0,0,0,0,0.0,0.953,0.0,0.0,0.0,0.0,0.0,0.0,0.0,0.65,112.5,1013.0,20.3,9.0,0.0,0.0,0.0,,0.0,0,0,0,0,0,4.2,0.01,0.0,4495.53,4495.53,0.0,-1.43
2026-06-05T07:45:43.295+00:00,250049,7bf0e23b-e546-4171-8243-7b016fd37d6e,,10,FAULT,0x2080,SENSOR_RANGE|PUMP_CAVITATION,0,0,0,0,0,0,0.0,0.464,0.0,0.0,0.0,0.0,0.0,0.0,0.0,-1.05,112.5,1013.0,20.3,9.0,0.0,0.0,0.0,,0.0,0,0,0,0,0,4.2,0.01,0.0,4495.53,4495.53,0.0,-9.71
2026-06-05T07:45:43.471+00:00,250225,7bf0e23b-e546-4171-8243-7b016fd37d6e,,10,FAULT,0x2080,SENSOR_RANGE|PUMP_CAVITATION,0,0,0,0,0,0,0.0,1.001,0.0,0.0,0.0,0.0,0.0,0.0,0.0,-0.31,112.5,1013.0,20.3,9.0,0.0,0.0,0.0,,0.0,0,0,0,0,0,4.2,0.01,0.0,4495.53,4495.53,0.0,4.2
2026-06-05T07:45:43.648+00:00,250401,7bf0e23b-e546-4171-8243-7b016fd37d6e,,10,FAULT,0x2080,SENSOR_RANGE|PUMP_CAVITATION,0,0,0,0,0,0,0.0,0.855,0.0,0.0,0.0,0.0,0.0,0.0,0.0,0.65,112.5,1013.0,20.3,9.0,0.0,0.0,0.0,,0.0,0,0,0,0,0,4.2,0.01,0.0,4495.53,4495.53,0.0,5.45
2026-06-05T07:45:43.823+00:00,250576,7bf0e23b-e546-4171-8243-7b016fd37d6e,,10,FAULT,0x2080,SENSOR_RANGE|PUMP_CAVITATION,0,0,0,0,0,0,0.0,0.0,0.0,0.0,0.0,0.0,0.0,0.0,0.0,0.65,112.5,1013.0,20.3,9.0,0.0,0.0,0.0,,0.0,0,0,0,0,0,4.2,0.01,0.0,4495.53,4495.53,0.0,0.0
2026-06-05T07:45:43.999+00:00,250752,7bf0e23b-e546-4171-8243-7b016fd37d6e,,10,FAULT,0x2080,SENSOR_RANGE|PUMP_CAVITATION,0,0,0,0,0,0,0.0,0.317,0.0,0.0,0.0,0.0,0.0,0.0,0.0,-0.56,110.91,1012.9,20.3,9.0,0.0,0.0,0.0,,0.0,0,0,0,0,0,4.2,0.01,0.0,4495.53,4495.53,0.0,-6.88
2026-06-05T07:45:44.175+00:00,250927,7bf0e23b-e546-4171-8243-7b016fd37d6e,,10,FAULT,0x2080,SENSOR_RANGE|PUMP_CAVITATION,0,0,0,0,0,0,0.0,0.122,0.0,0.0,0.0,0.0,0.0,0.0,0.0,0.0,112.5,1013.0,20.3,9.0,0.0,0.0,0.0,,0.0,0,0,0,0,0,4.2,0.01,0.0,4495.53,4495.53,0.0,3.2
2026-06-05T07:45:44.349+00:00,251102,7bf0e23b-e546-4171-8243-7b016fd37d6e,,10,FAULT,0x2080,SENSOR_RANGE|PUMP_CAVITATION,0,0,0,0,0,0,0.0,0.0,0.0,0.0,0.0,0.0,0.0,0.0,0.0,-1.29,107.49,1013.0,20.3,9.0,0.0,0.0,0.0,,0.0,0,0,0,0,0,4.2,0.01,0.0,4495.53,4495.53,0.0,-7.37
2026-06-05T07:45:44.524+00:00,251277,7bf0e23b-e546-4171-8243-7b016fd37d6e,,10,FAULT,0x2080,SENSOR_RANGE|PUMP_CAVITATION,0,0,0,0,0,0,0.0,0.0,0.0,0.0,0.0,0.0,0.0,0.0,0.0,0.65,112.5,1013.0,20.3,9.0,0.0,0.0,0.0,,0.0,0,0,0,0,0,4.2,0.01,0.0,4495.53,4495.53,0.0,11.09
2026-06-05T07:45:44.700+00:00,251452,7bf0e23b-e546-4171-8243-7b016fd37d6e,,10,FAULT,0x2080,SENSOR_RANGE|PUMP_CAVITATION,0,0,0,0,0,0,0.0,0.0,0.0,0.0,0.0,0.0,0.0,0.0,0.0,1.63,106.39,1013.0,20.3,9.0,0.0,0.0,0.0,,0.0,0,0,0,0,0,4.2,0.01,0.0,4495.53,4495.53,0.0,5.6
2026-06-05T07:45:44.876+00:00,251628,7bf0e23b-e546-4171-8243-7b016fd37d6e,,10,FAULT,0x2080,SENSOR_RANGE|PUMP_CAVITATION,0,0,0,0,0,0,0.0,0.073,0.0,0.0,0.0,0.0,0.0,0.0,0.0,0.9,112.5,1013.0,20.3,9.0,0.0,0.0,0.0,,0.0,0,0,0,0,0,4.2,0.01,0.0,4495.53,4495.53,0.0,-4.15
2026-06-05T07:45:45.051+00:00,251803,7bf0e23b-e546-4171-8243-7b016fd37d6e,,10,FAULT,0x2080,SENSOR_RANGE|PUMP_CAVITATION,0,0,0,0,0,0,0.0,0.171,0.0,0.0,0.0,0.0,0.0,0.0,0.0,0.41,107.61,1013.0,20.3,9.0,0.0,0.0,0.0,,0.0,0,0,0,0,0,4.2,0.01,0.0,4495.53,4495.53,0.0,-2.8
2026-06-05T07:45:45.227+00:00,251978,7bf0e23b-e546-4171-8243-7b016fd37d6e,,10,FAULT,0x2080,SENSOR_RANGE|PUMP_CAVITATION,0,0,0,0,0,0,0.0,0.0,0.0,0.0,0.0,0.0,0.0,0.0,0.0,0.0,112.5,1013.0,20.3,9.0,0.0,0.0,0.0,,0.0,0,0,0,0,0,4.2,0.01,0.0,4495.53,4495.53,0.0,-2.34
2026-06-05T07:45:45.401+00:00,252153,7bf0e23b-e546-4171-8243-7b016fd37d6e,,10,FAULT,0x2080,SENSOR_RANGE|PUMP_CAVITATION,0,0,0,0,0,0,0.0,0.562,0.0,0.0,0.0,0.0,0.0,0.0,0.0,0.65,111.76,1013.0,20.3,9.0,0.0,0.0,0.0,,0.0,0,0,0,0,0,4.2,0.01,0.0,4495.53,4495.53,0.0,3.71
2026-06-05T07:45:45.577+00:00,252328,7bf0e23b-e546-4171-8243-7b016fd37d6e,,10,FAULT,0x2080,SENSOR_RANGE|PUMP_CAVITATION,0,0,0,0,0,0,0.0,0.073,0.0,0.0,0.0,0.0,0.0,0.0,0.0,0.65,112.5,1013.0,20.3,9.0,0.0,0.0,0.0,,0.0,0,0,0,0,0,4.2,0.01,0.0,4495.53,4495.53,0.0,0.0
2026-06-05T07:45:45.752+00:00,252504,7bf0e23b-e546-4171-8243-7b016fd37d6e,,10,FAULT,0x2080,SENSOR_RANGE|PUMP_CAVITATION,0,0,0,0,0,0,0.0,0.268,0.0,0.0,0.0,0.0,0.0,0.0,0.0,0.0,109.93,1013.0,20.3,9.0,0.0,0.0,0.0,,0.0,0,0,0,0,0,4.2,0.01,0.0,4495.53,4495.53,0.0,-3.69
2026-06-05T07:45:45.928+00:00,252679,7bf0e23b-e546-4171-8243-7b016fd37d6e,,10,FAULT,0x2080,SENSOR_RANGE|PUMP_CAVITATION,0,0,0,0,0,0,0.0,0.219,0.0,0.0,0.0,0.0,0.0,0.0,0.0,-1.05,112.01,1013.0,20.3,9.0,0.0,0.0,0.0,,0.0,0,0,0,0,0,4.2,0.01,0.0,4495.53,4495.53,0.0,-6.0
2026-06-05T07:45:46.104+00:00,252855,7bf0e23b-e546-4171-8243-7b016fd37d6e,,10,FAULT,0x2080,SENSOR_RANGE|PUMP_CAVITATION,0,0,0,0,0,0,0.0,0.122,0.0,0.0,0.0,0.0,0.0,0.0,0.0,-0.56,111.27,1013.0,20.3,9.0,0.0,0.0,0.0,,0.0,0,0,0,0,0,4.2,0.01,0.0,4495.53,4495.53,0.0,2.78
2026-06-05T07:45:46.280+00:00,253030,7bf0e23b-e546-4171-8243-7b016fd37d6e,,10,FAULT,0x2080,SENSOR_RANGE|PUMP_CAVITATION,0,0,0,0,0,0,0.0,0.659,0.0,0.0,0.0,0.0,0.0,0.0,0.0,1.39,112.5,1013.0,20.3,9.0,0.0,0.0,0.0,,0.0,0,0,0,0,0,4.2,0.01,0.0,4495.53,4495.53,0.0,11.14
2026-06-05T07:45:46.453+00:00,253205,7bf0e23b-e546-4171-8243-7b016fd37d6e,,10,FAULT,0x2080,SENSOR_RANGE|PUMP_CAVITATION,0,0,0,0,0,0,0.0,0.0,0.0,0.0,0.0,0.0,0.0,0.0,0.0,1.88,109.93,1013.0,20.3,9.0,0.0,0.0,0.0,,0.0,0,0,0,0,0,4.2,0.01,0.0,4495.53,4495.53,0.0,2.8
2026-06-05T07:45:46.629+00:00,253381,7bf0e23b-e546-4171-8243-7b016fd37d6e,,10,FAULT,0x2080,SENSOR_RANGE|PUMP_CAVITATION,0,0,0,0,0,0,0.0,0.904,0.0,0.0,0.0,0.0,0.0,0.0,0.0,0.65,108.95,1013.0,20.3,9.0,0.0,0.0,0.0,,0.0,0,0,0,0,0,4.2,0.01,0.0,4495.53,4495.53,0.0,-6.99
2026-06-05T07:45:46.805+00:00,253556,7bf0e23b-e546-4171-8243-7b016fd37d6e,,10,FAULT,0x2080,SENSOR_RANGE|PUMP_CAVITATION,0,0,0,0,0,0,0.0,0.0,0.0,0.0,0.0,0.0,0.0,0.0,0.0,1.88,111.76,1013.0,20.3,9.0,0.0,0.0,0.0,,0.0,0,0,0,0,0,4.2,0.01,0.0,4495.53,4495.53,0.0,7.03
2026-06-05T07:45:46.981+00:00,253731,7bf0e23b-e546-4171-8243-7b016fd37d6e,,10,FAULT,0x2080,SENSOR_RANGE|PUMP_CAVITATION,0,0,0,0,0,0,0.0,0.904,0.0,0.0,0.0,0.0,0.0,0.0,0.0,-0.31,106.51,1013.0,20.3,9.0,0.0,0.0,0.0,,0.0,0,0,0,0,0,4.2,0.01,0.0,4495.53,4495.53,0.0,-12.51
2026-06-05T07:45:47.157+00:00,253906,7bf0e23b-e546-4171-8243-7b016fd37d6e,,10,FAULT,0x2080,SENSOR_RANGE|PUMP_CAVITATION,0,0,0,0,0,0,0.0,0.171,0.0,0.0,0.0,0.0,0.0,0.0,0.0,-1.29,112.5,1012.9,20.3,9.0,0.0,0.0,0.0,,0.0,0,0,0,0,0,4.2,0.01,0.0,4495.53,4495.53,0.0,-5.6
2026-06-05T07:45:47.333+00:00,254083,7bf0e23b-e546-4171-8243-7b016fd37d6e,,10,FAULT,0x2080,SENSOR_RANGE|PUMP_CAVITATION,0,0,0,0,0,0,0.0,0.562,0.0,0.0,0.0,0.0,0.0,0.0,0.0,0.0,110.3,1013.0,20.3,9.0,0.0,0.0,0.0,,0.0,0,0,0,0,0,4.2,0.01,0.0,4495.53,4495.53,0.0,7.29
2026-06-05T07:45:47.508+00:00,254258,7bf0e23b-e546-4171-8243-7b016fd37d6e,,10,FAULT,0x2080,SENSOR_RANGE|PUMP_CAVITATION,0,0,0,0,0,0,0.0,0.268,0.0,0.0,0.0,0.0,0.0,0.0,0.0,1.14,112.5,1012.9,20.3,9.0,0.0,0.0,0.0,,0.0,0,0,0,0,0,4.2,0.01,0.0,4495.53,4495.53,0.0,6.51
2026-06-05T07:45:47.684+00:00,254433,7bf0e23b-e546-4171-8243-7b016fd37d6e,,10,FAULT,0x2080,SENSOR_RANGE|PUMP_CAVITATION,0,0,0,0,0,0,0.0,0.415,0.0,0.0,0.0,0.0,0.0,0.0,0.0,0.41,111.64,1013.0,20.3,9.0,0.0,0.0,0.0,,0.0,0,0,0,0,0,4.2,0.01,0.0,4495.53,4495.53,0.0,-4.17
2026-06-05T07:45:47.858+00:00,254608,7bf0e23b-e546-4171-8243-7b016fd37d6e,,10,FAULT,0x2080,SENSOR_RANGE|PUMP_CAVITATION,0,0,0,0,0,0,0.0,0.0,0.0,0.0,0.0,0.0,0.0,0.0,0.0,1.39,112.25,1013.0,20.3,9.0,0.0,0.0,0.0,,0.0,0,0,0,0,0,4.2,0.01,0.0,4495.53,4495.53,0.0,5.6
2026-06-05T07:45:48.034+00:00,254784,7bf0e23b-e546-4171-8243-7b016fd37d6e,,10,FAULT,0x2080,SENSOR_RANGE|PUMP_CAVITATION,0,0,0,0,0,0,0.0,0.0,0.0,0.0,0.0,0.0,0.0,0.0,0.0,0.0,107.73,1012.9,20.3,9.0,0.0,0.0,0.0,,0.0,0,0,0,0,0,4.2,0.01,0.0,4495.53,4495.53,0.0,-7.9
2026-06-05T07:45:48.209+00:00,254958,7bf0e23b-e546-4171-8243-7b016fd37d6e,,10,FAULT,0x2080,SENSOR_RANGE|PUMP_CAVITATION,0,0,0,0,0,0,0.0,0.073,0.0,0.0,0.0,0.0,0.0,0.0,0.0,0.65,112.5,1013.0,20.3,9.0,0.0,0.0,0.0,,0.0,0,0,0,0,0,4.2,0.01,0.0,4495.53,4495.53,0.0,3.74
2026-06-05T07:45:48.385+00:00,255134,7bf0e23b-e546-4171-8243-7b016fd37d6e,,10,FAULT,0x2080,SENSOR_RANGE|PUMP_CAVITATION,0,0,0,0,0,0,0.0,0.317,0.0,0.0,0.0,0.0,0.0,0.0,0.0,0.0,109.07,1013.0,20.3,9.0,0.0,0.0,0.0,,0.0,0,0,0,0,0,4.2,0.01,0.0,4495.53,4495.53,0.0,-3.69
2026-06-05T07:45:48.561+00:00,255309,7bf0e23b-e546-4171-8243-7b016fd37d6e,,10,FAULT,0x2080,SENSOR_RANGE|PUMP_CAVITATION,0,0,0,0,0,0,0.0,0.366,0.0,0.0,0.0,0.0,0.0,0.0,0.0,0.0,112.5,1013.0,20.3,9.0,0.0,0.0,0.0,,0.0,0,0,0,0,0,4.2,0.01,0.0,4495.53,4495.53,0.0,0.0
2026-06-05T07:45:48.734+00:00,255484,7bf0e23b-e546-4171-8243-7b016fd37d6e,,10,FAULT,0x2080,SENSOR_RANGE|PUMP_CAVITATION,0,0,0,0,0,0,0.0,0.0,0.0,0.0,0.0,0.0,0.0,0.0,0.0,0.65,106.87,1013.0,20.3,9.0,0.0,0.0,0.0,,0.0,0,0,0,0,0,4.2,0.01,0.0,4495.53,4495.53,0.0,3.71
2026-06-05T07:45:48.910+00:00,255660,7bf0e23b-e546-4171-8243-7b016fd37d6e,,10,FAULT,0x2080,SENSOR_RANGE|PUMP_CAVITATION,0,0,0,0,0,0,0.0,0.659,0.0,0.0,0.0,0.0,0.0,0.0,0.0,-0.56,110.66,1013.0,20.3,9.0,0.0,0.0,0.0,,0.0,0,0,0,0,0,4.2,0.01,0.0,4495.53,4495.53,0.0,-6.88
2026-06-05T07:45:49.086+00:00,255835,7bf0e23b-e546-4171-8243-7b016fd37d6e,,10,FAULT,0x2080,SENSOR_RANGE|PUMP_CAVITATION,0,0,0,0,0,0,0.0,0.073,0.0,0.0,0.0,0.0,0.0,0.0,0.0,-0.31,109.68,1013.0,20.3,9.0,0.0,0.0,0.0,,0.0,0,0,0,0,0,4.2,0.01,0.0,4495.53,4495.53,0.0,1.43
2026-06-05T07:45:49.262+00:00,256011,7bf0e23b-e546-4171-8243-7b016fd37d6e,,10,FAULT,0x2080,SENSOR_RANGE|PUMP_CAVITATION,0,0,0,0,0,0,0.0,0.855,0.0,0.0,0.0,0.0,0.0,0.0,0.0,-2.27,112.5,1013.0,20.3,9.0,0.0,0.0,0.0,,0.0,0,0,0,0,0,4.2,0.01,0.0,4495.53,4495.53,0.0,-11.14
2026-06-05T07:45:49.438+00:00,256186,7bf0e23b-e546-4171-8243-7b016fd37d6e,,10,FAULT,0x2080,SENSOR_RANGE|PUMP_CAVITATION,0,0,0,0,0,0,0.0,0.0,0.0,0.0,0.0,0.0,0.0,0.0,0.0,1.14,110.3,1013.0,20.3,9.0,0.0,0.0,0.0,,0.0,0,0,0,0,0,4.2,0.01,0.0,4495.53,4495.53,0.0,19.49
2026-06-05T07:45:49.614+00:00,256361,7bf0e23b-e546-4171-8243-7b016fd37d6e,,10,FAULT,0x2080,SENSOR_RANGE|PUMP_CAVITATION,0,0,0,0,0,0,0.0,0.0,0.0,0.0,0.0,0.0,0.0,0.0,0.0,0.9,110.17,1013.0,20.3,9.0,0.0,0.0,0.0,,0.0,0,0,0,0,0,4.2,0.01,0.0,4495.53,4495.53,0.0,-1.37
2026-06-05T07:45:49.788+00:00,256536,7bf0e23b-e546-4171-8243-7b016fd37d6e,,10,FAULT,0x2080,SENSOR_RANGE|PUMP_CAVITATION,0,0,0,0,0,0,0.0,0.0,0.0,0.0,0.0,0.0,0.0,0.0,0.0,1.63,111.64,1013.0,20.3,9.0,0.0,0.0,0.0,,0.0,0,0,0,0,0,4.2,0.01,0.0,4495.53,4495.53,0.0,4.17
2026-06-05T07:45:49.963+00:00,256711,7bf0e23b-e546-4171-8243-7b016fd37d6e,,10,FAULT,0x2080,SENSOR_RANGE|PUMP_CAVITATION,0,0,0,0,0,0,0.0,0.317,0.0,0.0,0.0,0.0,0.0,0.0,0.0,-1.53,109.56,1013.0,20.3,9.0,0.0,0.0,0.0,,0.0,0,0,0,0,0,4.2,0.01,0.0,4495.53,4495.53,0.0,-18.06
2026-06-05T07:45:50.139+00:00,256887,7bf0e23b-e546-4171-8243-7b016fd37d6e,,10,FAULT,0x2080,SENSOR_RANGE|PUMP_CAVITATION,0,0,0,0,0,0,0.0,0.562,0.0,0.0,0.0,0.0,0.0,0.0,0.0,0.0,112.5,1013.0,20.3,9.0,0.0,0.0,0.0,,0.0,0,0,0,0,0,4.2,0.01,0.0,4495.53,4495.53,0.0,8.69
2026-06-05T07:45:50.315+00:00,257062,7bf0e23b-e546-4171-8243-7b016fd37d6e,,10,FAULT,0x2080,SENSOR_RANGE|PUMP_CAVITATION,0,0,0,0,0,0,0.0,0.953,0.0,0.0,0.0,0.0,0.0,0.0,0.0,-1.53,111.15,1013.0,20.3,9.0,0.0,0.0,0.0,,0.0,0,0,0,0,0,4.2,0.01,0.0,4495.53,4495.53,0.0,-8.74
2026-06-05T07:45:50.491+00:00,257238,7bf0e23b-e546-4171-8243-7b016fd37d6e,,10,FAULT,0x2080,SENSOR_RANGE|PUMP_CAVITATION,0,0,0,0,0,0,0.0,0.0,0.0,0.0,0.0,0.0,0.0,0.0,0.0,0.65,112.5,1013.0,20.3,9.0,0.0,0.0,0.0,,0.0,0,0,0,0,0,4.2,0.01,0.0,4495.53,4495.53,0.0,12.39
2026-06-05T07:45:50.666+00:00,257413,7bf0e23b-e546-4171-8243-7b016fd37d6e,,10,FAULT,0x2080,SENSOR_RANGE|PUMP_CAVITATION,0,0,0,0,0,0,0.0,0.0,0.0,0.0,0.0,0.0,0.0,0.0,0.0,0.41,106.63,1013.0,20.3,9.0,0.0,0.0,0.0,,0.0,0,0,0,0,0,4.2,0.01,0.0,4495.53,4495.53,0.0,-1.37
2026-06-05T07:45:50.842+00:00,257588,7bf0e23b-e546-4171-8243-7b016fd37d6e,,10,FAULT,0x2080,SENSOR_RANGE|PUMP_CAVITATION,0,0,0,0,0,0,0.0,0.61,0.0,0.0,0.0,0.0,0.0,0.0,0.0,-1.53,112.5,1013.0,20.3,9.0,0.0,0.0,0.0,,0.0,0,0,0,0,0,4.2,0.01,0.0,4495.53,4495.53,0.0,-11.09
2026-06-05T07:45:51.016+00:00,257764,7bf0e23b-e546-4171-8243-7b016fd37d6e,,10,FAULT,0x2080,SENSOR_RANGE|PUMP_CAVITATION,0,0,0,0,0,0,0.0,0.0,0.0,0.0,0.0,0.0,0.0,0.0,0.0,-0.56,105.9,1012.9,20.3,9.0,0.0,0.0,0.0,,0.0,0,0,0,0,0,4.2,0.01,0.0,4495.53,4495.53,0.0,5.51
2026-06-05T07:45:51.192+00:00,257939,7bf0e23b-e546-4171-8243-7b016fd37d6e,,10,FAULT,0x2080,SENSOR_RANGE|PUMP_CAVITATION,0,0,0,0,0,0,0.0,0.024,0.0,0.0,0.0,0.0,0.0,0.0,0.0,-0.8,112.5,1013.0,20.3,9.0,0.0,0.0,0.0,,0.0,0,0,0,0,0,4.2,0.01,0.0,4495.53,4495.53,0.0,-1.37
2026-06-05T07:45:51.367+00:00,258114,7bf0e23b-e546-4171-8243-7b016fd37d6e,,10,FAULT,0x2080,SENSOR_RANGE|PUMP_CAVITATION,0,0,0,0,0,0,0.0,0.0,0.0,0.0,0.0,0.0,0.0,0.0,0.0,-0.31,106.51,1013.0,20.3,9.0,0.0,0.0,0.0,,0.0,0,0,0,0,0,4.2,0.01,0.0,4495.53,4495.53,0.0,2.8
2026-06-05T07:45:51.543+00:00,258289,7bf0e23b-e546-4171-8243-7b016fd37d6e,,10,FAULT,0x2080,SENSOR_RANGE|PUMP_CAVITATION,0,0,0,0,0,0,0.0,0.268,0.0,0.0,0.0,0.0,0.0,0.0,0.0,0.41,112.5,1013.0,20.3,9.0,0.0,0.0,0.0,,0.0,0,0,0,0,0,4.2,0.01,0.0,4495.53,4495.53,0.0,4.11
2026-06-05T07:45:51.719+00:00,258465,7bf0e23b-e546-4171-8243-7b016fd37d6e,,10,FAULT,0x2080,SENSOR_RANGE|PUMP_CAVITATION,0,0,0,0,0,0,0.0,1.148,0.0,0.0,0.0,0.0,0.0,0.0,0.0,0.0,106.75,1013.0,20.3,9.0,0.0,0.0,0.0,,0.0,0,0,0,0,0,4.2,0.01,0.0,4495.53,4495.53,0.0,-2.33
2026-06-05T07:45:51.895+00:00,258640,7bf0e23b-e546-4171-8243-7b016fd37d6e,,10,FAULT,0x2080,SENSOR_RANGE|PUMP_CAVITATION,0,0,0,0,0,0,0.0,0.268,0.0,0.0,0.0,0.0,0.0,0.0,0.0,-0.8,112.5,1013.0,20.3,9.0,0.0,0.0,0.0,,0.0,0,0,0,0,0,4.2,0.01,0.0,4495.53,4495.53,0.0,-4.57
2026-06-05T07:45:52.071+00:00,258816,7bf0e23b-e546-4171-8243-7b016fd37d6e,,10,FAULT,0x2080,SENSOR_RANGE|PUMP_CAVITATION,0,0,0,0,0,0,0.0,0.464,0.0,0.0,0.0,0.0,0.0,0.0,0.0,-1.29,112.13,1013.0,20.3,9.0,0.0,0.0,0.0,,0.0,0,0,0,0,0,4.2,0.01,0.0,4495.53,4495.53,0.0,-2.78
2026-06-05T07:45:52.245+00:00,258992,7bf0e23b-e546-4171-8243-7b016fd37d6e,,10,FAULT,0x2080,SENSOR_RANGE|PUMP_CAVITATION,0,0,0,0,0,0,0.0,0.073,0.0,0.0,0.0,0.0,0.0,0.0,0.0,1.14,109.93,1013.0,20.3,9.0,0.0,0.0,0.0,,0.0,0,0,0,0,0,4.2,0.01,0.0,4495.53,4495.53,0.0,13.81
2026-06-05T07:45:52.420+00:00,259167,7bf0e23b-e546-4171-8243-7b016fd37d6e,,10,FAULT,0x2080,SENSOR_RANGE|PUMP_CAVITATION,0,0,0,0,0,0,0.0,0.0,0.0,0.0,0.0,0.0,0.0,0.0,0.0,0.9,109.44,1013.0,20.3,9.0,0.0,0.0,0.0,,0.0,0,0,0,0,0,4.2,0.01,0.0,4495.53,4495.53,0.0,-1.37
2026-06-05T07:45:52.596+00:00,259342,7bf0e23b-e546-4171-8243-7b016fd37d6e,,10,FAULT,0x2080,SENSOR_RANGE|PUMP_CAVITATION,0,0,0,0,0,0,0.0,0.904,0.0,0.0,0.0,0.0,0.0,0.0,0.0,0.0,109.2,1012.9,20.3,9.0,0.0,0.0,0.0,,0.0,0,0,0,0,0,4.2,0.01,0.0,4495.53,4495.53,0.0,-5.14
2026-06-05T07:45:52.772+00:00,259517,7bf0e23b-e546-4171-8243-7b016fd37d6e,,10,FAULT,0x2080,SENSOR_RANGE|PUMP_CAVITATION,0,0,0,0,0,0,0.0,0.0,0.0,0.0,0.0,0.0,0.0,0.0,0.0,0.0,111.15,1013.0,20.3,9.0,0.0,0.0,0.0,,0.0,0,0,0,0,0,4.2,0.01,0.0,4495.53,4495.53,0.0,0.0
2026-06-05T07:45:52.948+00:00,259692,7bf0e23b-e546-4171-8243-7b016fd37d6e,,10,FAULT,0x2080,SENSOR_RANGE|PUMP_CAVITATION,0,0,0,0,0,0,0.0,0.024,0.0,0.0,0.0,0.0,0.0,0.0,0.0,-0.56,109.93,1013.0,20.3,9.0,0.0,0.0,0.0,,0.0,0,0,0,0,0,4.2,0.01,0.0,4495.53,4495.53,0.0,-3.2
2026-06-05T07:45:53.121+00:00,259867,7bf0e23b-e546-4171-8243-7b016fd37d6e,,10,FAULT,0x2080,SENSOR_RANGE|PUMP_CAVITATION,0,0,0,0,0,0,0.0,0.806,0.0,0.0,0.0,0.0,0.0,0.0,0.0,-0.31,112.5,1013.0,20.3,9.0,0.0,0.0,0.0,,0.0,0,0,0,0,0,4.2,0.01,0.0,4495.53,4495.53,0.0,1.43
2026-06-05T07:45:53.297+00:00,260043,7bf0e23b-e546-4171-8243-7b016fd37d6e,,10,FAULT,0x2080,SENSOR_RANGE|PUMP_CAVITATION,0,0,0,0,0,0,0.0,0.219,0.0,0.0,0.0,0.0,0.0,0.0,0.0,0.65,111.88,1013.0,20.3,9.0,0.0,0.0,0.0,,0.0,0,0,0,0,0,4.2,0.01,0.0,4495.53,4495.53,0.0,5.45
2026-06-05T07:45:53.473+00:00,260218,7bf0e23b-e546-4171-8243-7b016fd37d6e,,10,FAULT,0x2080,SENSOR_RANGE|PUMP_CAVITATION,0,0,0,0,0,0,0.0,0.219,0.0,0.0,0.0,0.0,0.0,0.0,0.0,-0.31,112.5,1012.9,20.3,9.0,0.0,0.0,0.0,,0.0,0,0,0,0,0,4.2,0.01,0.0,4495.53,4495.53,0.0,-5.49
2026-06-05T07:45:53.649+00:00,260393,7bf0e23b-e546-4171-8243-7b016fd37d6e,,10,FAULT,0x2080,SENSOR_RANGE|PUMP_CAVITATION,0,0,0,0,0,0,0.0,0.855,0.0,0.0,0.0,0.0,0.0,0.0,0.0,0.41,110.54,1012.9,20.3,9.0,0.0,0.0,0.0,,0.0,0,0,0,0,0,4.2,0.01,0.0,4495.53,4495.53,0.0,4.11
2026-06-05T07:45:53.825+00:00,260569,7bf0e23b-e546-4171-8243-7b016fd37d6e,,10,FAULT,0x2080,SENSOR_RANGE|PUMP_CAVITATION,0,0,0,0,0,0,0.0,0.073,0.0,0.0,0.0,0.0,0.0,0.0,0.0,0.65,112.5,1013.0,20.3,9.0,0.0,0.0,0.0,,0.0,0,0,0,0,0,4.2,0.01,0.0,4495.53,4495.53,0.0,1.36
2026-06-05T07:45:54.000+00:00,260745,7bf0e23b-e546-4171-8243-7b016fd37d6e,,10,FAULT,0x2080,SENSOR_RANGE|PUMP_CAVITATION,0,0,0,0,0,0,0.0,0.317,0.0,0.0,0.0,0.0,0.0,0.0,0.0,-1.29,109.81,1013.0,20.3,9.0,0.0,0.0,0.0,,0.0,0,0,0,0,0,4.2,0.01,0.0,4495.53,4495.53,0.0,-11.02
2026-06-05T07:45:54.177+00:00,260920,7bf0e23b-e546-4171-8243-7b016fd37d6e,,10,FAULT,0x2080,SENSOR_RANGE|PUMP_CAVITATION,0,0,0,0,0,0,0.0,0.0,0.0,0.0,0.0,0.0,0.0,0.0,0.0,0.41,112.5,1013.0,20.3,9.0,0.0,0.0,0.0,,0.0,0,0,0,0,0,4.2,0.01,0.0,4495.53,4495.53,0.0,9.71
2026-06-05T07:45:54.350+00:00,261095,7bf0e23b-e546-4171-8243-7b016fd37d6e,,10,FAULT,0x2080,SENSOR_RANGE|PUMP_CAVITATION,0,0,0,0,0,0,0.0,0.0,0.0,0.0,0.0,0.0,0.0,0.0,0.0,-1.05,108.95,1013.0,20.3,9.0,0.0,0.0,0.0,,0.0,0,0,0,0,0,4.2,0.01,0.0,4495.53,4495.53,0.0,-8.34
2026-06-05T07:45:54.526+00:00,261270,7bf0e23b-e546-4171-8243-7b016fd37d6e,,10,FAULT,0x2080,SENSOR_RANGE|PUMP_CAVITATION,0,0,0,0,0,0,0.0,1.099,0.0,0.0,0.0,0.0,0.0,0.0,0.0,-0.56,112.5,1013.0,20.3,9.0,0.0,0.0,0.0,,0.0,0,0,0,0,0,4.2,0.01,0.0,4495.53,4495.53,0.0,2.8
2026-06-05T07:45:54.704+00:00,261446,7bf0e23b-e546-4171-8243-7b016fd37d6e,,10,FAULT,0x2080,SENSOR_RANGE|PUMP_CAVITATION,0,0,0,0,0,0,0.0,0.0,0.0,0.0,0.0,0.0,0.0,0.0,0.0,-0.56,107.73,1013.0,20.3,9.0,0.0,0.0,0.0,,0.0,0,0,0,0,0,4.2,0.01,0.0,4495.53,4495.53,0.0,0.0
2026-06-05T07:45:54.877+00:00,261621,7bf0e23b-e546-4171-8243-7b016fd37d6e,,10,FAULT,0x2080,SENSOR_RANGE|PUMP_CAVITATION,0,0,0,0,0,0,0.0,0.073,0.0,0.0,0.0,0.0,0.0,0.0,0.0,1.39,112.5,1013.0,20.3,9.0,0.0,0.0,0.0,,0.0,0,0,0,0,0,4.2,0.01,0.0,4495.53,4495.53,0.0,11.14
2026-06-05T07:45:55.053+00:00,261796,7bf0e23b-e546-4171-8243-7b016fd37d6e,,10,FAULT,0x2080,SENSOR_RANGE|PUMP_CAVITATION,0,0,0,0,0,0,0.0,0.513,0.0,0.0,0.0,0.0,0.0,0.0,0.0,-1.53,110.78,1013.0,20.3,9.0,0.0,0.0,0.0,,0.0,0,0,0,0,0,4.2,0.01,0.0,4495.53,4495.53,0.0,-16.69
2026-06-05T07:45:55.229+00:00,261971,7bf0e23b-e546-4171-8243-7b016fd37d6e,,10,FAULT,0x2080,SENSOR_RANGE|PUMP_CAVITATION,0,0,0,0,0,0,0.0,0.855,0.0,0.0,0.0,0.0,0.0,0.0,0.0,-1.78,112.5,1013.0,20.3,9.0,0.0,0.0,0.0,,0.0,0,0,0,0,0,4.2,0.01,0.0,4495.53,4495.53,0.0,-1.43
2026-06-05T07:45:55.405+00:00,262148,7bf0e23b-e546-4171-8243-7b016fd37d6e,,10,FAULT,0x2080,SENSOR_RANGE|PUMP_CAVITATION,0,0,0,0,0,0,0.0,0.513,0.0,0.0,0.0,0.0,0.0,0.0,0.0,-1.53,112.5,1013.0,20.3,9.0,0.0,0.0,0.0,,0.0,0,0,0,0,0,4.2,0.01,0.0,4495.53,4495.53,0.0,1.41
2026-06-05T07:45:55.579+00:00,262323,7bf0e23b-e546-4171-8243-7b016fd37d6e,,10,FAULT,0x2080,SENSOR_RANGE|PUMP_CAVITATION,0,0,0,0,0,0,0.0,0.855,0.0,0.0,0.0,0.0,0.0,0.0,0.0,0.0,107.24,1013.0,20.3,9.0,0.0,0.0,0.0,,0.0,0,0,0,0,0,4.2,0.01,0.0,4495.53,4495.53,0.0,8.74
2026-06-05T07:45:55.755+00:00,262499,7bf0e23b-e546-4171-8243-7b016fd37d6e,,10,FAULT,0x2080,SENSOR_RANGE|PUMP_CAVITATION,0,0,0,0,0,0,0.0,0.659,0.0,0.0,0.0,0.0,0.0,0.0,0.0,-0.8,112.5,1012.9,20.3,9.0,0.0,0.0,0.0,,0.0,0,0,0,0,0,4.2,0.01,0.0,4495.53,4495.53,0.0,-4.55
2026-06-05T07:45:55.931+00:00,262674,7bf0e23b-e546-4171-8243-7b016fd37d6e,,10,FAULT,0x2080,SENSOR_RANGE|PUMP_CAVITATION,0,0,0,0,0,0,0.0,0.0,0.0,0.0,0.0,0.0,0.0,0.0,0.0,-0.31,107.73,1012.9,20.3,9.0,0.0,0.0,0.0,,0.0,0,0,0,0,0,4.2,0.01,0.0,4495.53,4495.53,0.0,2.8
2026-06-05T07:45:56.106+00:00,262849,7bf0e23b-e546-4171-8243-7b016fd37d6e,,10,FAULT,0x2080,SENSOR_RANGE|PUMP_CAVITATION,0,0,0,0,0,0,0.0,0.659,0.0,0.0,0.0,0.0,0.0,0.0,0.0,-2.51,112.5,1013.0,20.3,9.0,0.0,0.0,0.0,,0.0,0,0,0,0,0,4.2,0.01,0.0,4495.53,4495.53,0.0,-12.57
2026-06-05T07:45:56.282+00:00,263024,7bf0e23b-e546-4171-8243-7b016fd37d6e,,10,FAULT,0x2080,SENSOR_RANGE|PUMP_CAVITATION,0,0,0,0,0,0,0.0,0.0,0.0,0.0,0.0,0.0,0.0,0.0,0.0,0.0,106.51,1013.0,20.3,9.0,0.0,0.0,0.0,,0.0,0,0,0,0,0,4.2,0.01,0.0,4495.53,4495.53,0.0,14.34
2026-06-05T07:45:56.458+00:00,263199,7bf0e23b-e546-4171-8243-7b016fd37d6e,,10,FAULT,0x2080,SENSOR_RANGE|PUMP_CAVITATION,0,0,0,0,0,0,0.0,0.122,0.0,0.0,0.0,0.0,0.0,0.0,0.0,0.65,112.5,1013.0,20.3,9.0,0.0,0.0,0.0,,0.0,0,0,0,0,0,4.2,0.01,0.0,4495.53,4495.53,0.0,3.71
2026-06-05T07:45:56.634+00:00,263374,7bf0e23b-e546-4171-8243-7b016fd37d6e,,10,FAULT,0x2080,SENSOR_RANGE|PUMP_CAVITATION,0,0,0,0,0,0,0.0,0.806,0.0,0.0,0.0,0.0,0.0,0.0,0.0,-0.8,111.4,1013.0,20.3,9.0,0.0,0.0,0.0,,0.0,0,0,0,0,0,4.2,0.01,0.0,4495.53,4495.53,0.0,-8.29
2026-06-05T07:45:56.808+00:00,263550,7bf0e23b-e546-4171-8243-7b016fd37d6e,,10,FAULT,0x2080,SENSOR_RANGE|PUMP_CAVITATION,0,0,0,0,0,0,0.0,0.562,0.0,0.0,0.0,0.0,0.0,0.0,0.0,-0.56,112.5,1013.0,20.3,9.0,0.0,0.0,0.0,,0.0,0,0,0,0,0,4.2,0.01,0.0,4495.53,4495.53,0.0,1.36
2026-06-05T07:45:56.983+00:00,263726,7bf0e23b-e546-4171-8243-7b016fd37d6e,,10,FAULT,0x2080,SENSOR_RANGE|PUMP_CAVITATION,0,0,0,0,0,0,0.0,0.366,0.0,0.0,0.0,0.0,0.0,0.0,0.0,1.39,106.14,1013.0,20.3,9.0,0.0,0.0,0.0,,0.0,0,0,0,0,0,4.2,0.01,0.0,4495.53,4495.53,0.0,11.08
2026-06-05T07:45:57.159+00:00,263901,7bf0e23b-e546-4171-8243-7b016fd37d6e,,10,FAULT,0x2080,SENSOR_RANGE|PUMP_CAVITATION,0,0,0,0,0,0,0.0,0.171,0.0,0.0,0.0,0.0,0.0,0.0,0.0,0.0,112.5,1012.9,20.3,9.0,0.0,0.0,0.0,,0.0,0,0,0,0,0,4.2,0.01,0.0,4495.53,4495.53,0.0,-7.94
2026-06-05T07:45:57.335+00:00,264077,7bf0e23b-e546-4171-8243-7b016fd37d6e,,10,FAULT,0x2080,SENSOR_RANGE|PUMP_CAVITATION,0,0,0,0,0,0,0.0,0.757,0.0,0.0,0.0,0.0,0.0,0.0,0.0,0.0,111.88,1013.0,20.3,9.0,0.0,0.0,0.0,,0.0,0,0,0,0,0,4.2,0.01,0.0,4495.53,4495.53,0.0,0.0
2026-06-05T07:45:57.511+00:00,264252,7bf0e23b-e546-4171-8243-7b016fd37d6e,,10,FAULT,0x2080,SENSOR_RANGE|PUMP_CAVITATION,0,0,0,0,0,0,0.0,0.0,0.0,0.0,0.0,0.0,0.0,0.0,0.0,0.9,111.52,1013.0,20.3,9.0,0.0,0.0,0.0,,0.0,0,0,0,0,0,4.2,0.01,0.0,4495.53,4495.53,0.0,5.14
2026-06-05T07:45:57.686+00:00,264427,7bf0e23b-e546-4171-8243-7b016fd37d6e,,10,FAULT,0x2080,SENSOR_RANGE|PUMP_CAVITATION,0,0,0,0,0,0,0.0,0.0,0.0,0.0,0.0,0.0,0.0,0.0,0.0,0.41,109.56,1013.0,20.3,9.0,0.0,0.0,0.0,,0.0,0,0,0,0,0,4.2,0.01,0.0,4495.53,4495.53,0.0,-2.8
2026-06-05T07:45:57.860+00:00,264602,7bf0e23b-e546-4171-8243-7b016fd37d6e,,10,FAULT,0x2080,SENSOR_RANGE|PUMP_CAVITATION,0,0,0,0,0,0,0.0,0.757,0.0,0.0,0.0,0.0,0.0,0.0,0.0,0.41,112.5,1012.9,20.3,8.9,0.0,0.0,0.0,,0.0,0,0,0,0,0,4.2,0.01,0.0,4495.53,4495.53,0.0,0.0
2026-06-05T07:45:58.036+00:00,264777,7bf0e23b-e546-4171-8243-7b016fd37d6e,,10,FAULT,0x2080,SENSOR_RANGE|PUMP_CAVITATION,0,0,0,0,0,0,0.0,0.855,0.0,0.0,0.0,0.0,0.0,0.0,0.0,-1.05,112.5,1013.0,20.3,9.0,0.0,0.0,0.0,,0.0,0,0,0,0,0,4.2,0.01,0.0,4495.53,4495.53,0.0,-8.34
2026-06-05T07:45:58.212+00:00,264952,7bf0e23b-e546-4171-8243-7b016fd37d6e,,10,FAULT,0x2080,SENSOR_RANGE|PUMP_CAVITATION,0,0,0,0,0,0,0.0,0.415,0.0,0.0,0.0,0.0,0.0,0.0,0.0,-0.8,109.93,1013.0,20.3,9.0,0.0,0.0,0.0,,0.0,0,0,0,0,0,4.2,0.01,0.0,4495.53,4495.53,0.0,1.43
2026-06-05T07:45:58.388+00:00,265128,7bf0e23b-e546-4171-8243-7b016fd37d6e,,10,FAULT,0x2080,SENSOR_RANGE|PUMP_CAVITATION,0,0,0,0,0,0,0.0,1.295,0.0,0.0,0.0,0.0,0.0,0.0,0.0,0.9,110.54,1013.0,20.3,9.0,0.0,0.0,0.0,,0.0,0,0,0,0,0,4.2,0.01,0.0,4495.53,4495.53,0.0,9.66
2026-06-05T07:45:58.563+00:00,265304,7bf0e23b-e546-4171-8243-7b016fd37d6e,,10,FAULT,0x2080,SENSOR_RANGE|PUMP_CAVITATION,0,0,0,0,0,0,0.0,0.366,0.0,0.0,0.0,0.0,0.0,0.0,0.0,0.0,109.44,1013.0,20.3,9.0,0.0,0.0,0.0,,0.0,0,0,0,0,0,4.2,0.01,0.0,4495.53,4495.53,0.0,-5.11
2026-06-05T07:45:58.739+00:00,265479,7bf0e23b-e546-4171-8243-7b016fd37d6e,,10,FAULT,0x2080,SENSOR_RANGE|PUMP_CAVITATION,0,0,0,0,0,0,0.0,0.904,0.0,0.0,0.0,0.0,0.0,0.0,0.0,-0.8,112.5,1013.0,20.3,9.0,0.0,0.0,0.0,,0.0,0,0,0,0,0,4.2,0.01,0.0,4495.53,4495.53,0.0,-4.57
2026-06-05T07:45:58.915+00:00,265655,7bf0e23b-e546-4171-8243-7b016fd37d6e,,10,FAULT,0x2080,SENSOR_RANGE|PUMP_CAVITATION,0,0,0,0,0,0,0.0,0.61,0.0,0.0,0.0,0.0,0.0,0.0,0.0,-0.56,110.05,1013.0,20.3,9.0,0.0,0.0,0.0,,0.0,0,0,0,0,0,4.2,0.01,0.0,4495.53,4495.53,0.0,1.36
2026-06-05T07:45:59.089+00:00,265830,7bf0e23b-e546-4171-8243-7b016fd37d6e,,10,FAULT,0x2080,SENSOR_RANGE|PUMP_CAVITATION,0,0,0,0,0,0,0.0,0.0,0.0,0.0,0.0,0.0,0.0,0.0,0.0,-0.31,112.5,1013.0,20.3,9.0,0.0,0.0,0.0,,0.0,0,0,0,0,0,4.2,0.01,0.0,4495.53,4495.53,0.0,1.43
2026-06-05T07:45:59.265+00:00,266005,7bf0e23b-e546-4171-8243-7b016fd37d6e,,10,FAULT,0x2080,SENSOR_RANGE|PUMP_CAVITATION,0,0,0,0,0,0,0.0,0.953,0.0,0.0,0.0,0.0,0.0,0.0,0.0,-1.29,112.01,1012.9,20.3,9.0,0.0,0.0,0.0,,0.0,0,0,0,0,0,4.2,0.01,0.0,4495.53,4495.53,0.0,-5.6
2026-06-05T07:45:59.440+00:00,266180,7bf0e23b-e546-4171-8243-7b016fd37d6e,,10,FAULT,0x2080,SENSOR_RANGE|PUMP_CAVITATION,0,0,0,0,0,0,0.0,0.855,0.0,0.0,0.0,0.0,0.0,0.0,0.0,-1.53,112.5,1013.0,20.3,9.0,0.0,0.0,0.0,,0.0,0,0,0,0,0,4.2,0.01,0.0,4495.53,4495.53,0.0,-1.37
2026-06-05T07:45:59.617+00:00,266356,7bf0e23b-e546-4171-8243-7b016fd37d6e,,10,FAULT,0x2080,SENSOR_RANGE|PUMP_CAVITATION,0,0,0,0,0,0,0.0,0.366,0.0,0.0,0.0,0.0,0.0,0.0,0.0,0.0,110.3,1013.0,20.3,9.0,0.0,0.0,0.0,,0.0,0,0,0,0,0,4.2,0.01,0.0,4495.53,4495.53,0.0,8.69
2026-06-05T07:45:59.792+00:00,266531,7bf0e23b-e546-4171-8243-7b016fd37d6e,,10,FAULT,0x2080,SENSOR_RANGE|PUMP_CAVITATION,0,0,0,0,0,0,0.0,0.317,0.0,0.0,0.0,0.0,0.0,0.0,0.0,-2.76,112.5,1012.9,20.3,9.0,0.0,0.0,0.0,,0.0,0,0,0,0,0,4.2,0.01,0.0,4495.53,4495.53,0.0,-15.77
2026-06-05T07:45:59.968+00:00,266707,7bf0e23b-e546-4171-8243-7b016fd37d6e,,10,FAULT,0x2080,SENSOR_RANGE|PUMP_CAVITATION,0,0,0,0,0,0,0.0,0.0,0.0,0.0,0.0,0.0,0.0,0.0,0.0,2.12,107.24,1013.0,20.3,9.0,0.0,0.0,0.0,,0.0,0,0,0,0,0,4.2,0.01,0.0,4495.53,4495.53,0.0,27.73
2026-06-05T07:46:00.144+00:00,266883,7bf0e23b-e546-4171-8243-7b016fd37d6e,,10,FAULT,0x2080,SENSOR_RANGE|PUMP_CAVITATION,0,0,0,0,0,0,0.0,0.219,0.0,0.0,0.0,0.0,0.0,0.0,0.0,0.41,112.5,1013.0,20.3,9.0,0.0,0.0,0.0,,0.0,0,0,0,0,0,4.2,0.01,0.0,4495.53,4495.53,0.0,-9.72
2026-06-05T07:46:00.318+00:00,267058,7bf0e23b-e546-4171-8243-7b016fd37d6e,,10,FAULT,0x2080,SENSOR_RANGE|PUMP_CAVITATION,0,0,0,0,0,0,0.0,0.0,0.0,0.0,0.0,0.0,0.0,0.0,0.0,1.88,109.44,1013.0,20.3,9.0,0.0,0.0,0.0,,0.0,0,0,0,0,0,4.2,0.01,0.0,4495.53,4495.53,0.0,8.4
2026-06-05T07:46:00.493+00:00,267233,7bf0e23b-e546-4171-8243-7b016fd37d6e,,10,FAULT,0x2080,SENSOR_RANGE|PUMP_CAVITATION,0,0,0,0,0,0,0.0,0.171,0.0,0.0,0.0,0.0,0.0,0.0,0.0,-1.78,111.88,1012.9,20.3,8.9,0.0,0.0,0.0,,0.0,0,0,0,0,0,4.2,0.01,0.0,4495.53,4495.53,0.0,-20.91
2026-06-05T07:46:00.670+00:00,267409,7bf0e23b-e546-4171-8243-7b016fd37d6e,,10,FAULT,0x2080,SENSOR_RANGE|PUMP_CAVITATION,0,0,0,0,0,0,0.0,1.246,0.0,0.0,0.0,0.0,0.0,0.0,0.0,-2.02,110.17,1013.0,20.3,9.0,0.0,0.0,0.0,,0.0,0,0,0,0,0,4.2,0.01,0.0,4495.53,4495.53,0.0,-1.36
2026-06-05T07:46:00.845+00:00,267584,7bf0e23b-e546-4171-8243-7b016fd37d6e,,10,FAULT,0x2080,SENSOR_RANGE|PUMP_CAVITATION,0,0,0,0,0,0,0.0,0.0,0.0,0.0,0.0,0.0,0.0,0.0,0.0,2.12,108.1,1013.0,20.3,9.0,0.0,0.0,0.0,,0.0,0,0,0,0,0,4.2,0.01,0.0,4495.53,4495.53,0.0,23.66
2026-06-05T07:46:01.021+00:00,267759,7bf0e23b-e546-4171-8243-7b016fd37d6e,,10,FAULT,0x2080,SENSOR_RANGE|PUMP_CAVITATION,0,0,0,0,0,0,0.0,0.757,0.0,0.0,0.0,0.0,0.0,0.0,0.0,-0.31,112.5,1013.0,20.3,9.0,0.0,0.0,0.0,,0.0,0,0,0,0,0,4.2,0.01,0.0,4495.53,4495.53,0.0,-13.89
2026-06-05T07:46:01.197+00:00,267935,7bf0e23b-e546-4171-8243-7b016fd37d6e,,10,FAULT,0x2080,SENSOR_RANGE|PUMP_CAVITATION,0,0,0,0,0,0,0.0,0.904,0.0,0.0,0.0,0.0,0.0,0.0,0.0,-0.56,111.03,1013.0,20.3,9.0,0.0,0.0,0.0,,0.0,0,0,0,0,0,4.2,0.01,0.0,4495.53,4495.53,0.0,-1.42
2026-06-05T07:46:01.373+00:00,268110,7bf0e23b-e546-4171-8243-7b016fd37d6e,,10,FAULT,0x2080,SENSOR_RANGE|PUMP_CAVITATION,0,0,0,0,0,0,0.0,0.0,0.0,0.0,0.0,0.0,0.0,0.0,0.0,0.0,112.5,1012.9,20.3,9.0,0.0,0.0,0.0,,0.0,0,0,0,0,0,4.2,0.01,0.0,4495.53,4495.53,0.0,3.2
2026-06-05T07:46:01.547+00:00,268285,7bf0e23b-e546-4171-8243-7b016fd37d6e,,10,FAULT,0x2080,SENSOR_RANGE|PUMP_CAVITATION,0,0,0,0,0,0,0.0,0.904,0.0,0.0,0.0,0.0,0.0,0.0,0.0,-1.78,112.25,1013.0,20.3,9.0,0.0,0.0,0.0,,0.0,0,0,0,0,0,4.2,0.01,0.0,4495.53,4495.53,0.0,-10.17
2026-06-05T07:46:01.722+00:00,268461,7bf0e23b-e546-4171-8243-7b016fd37d6e,,10,FAULT,0x2080,SENSOR_RANGE|PUMP_CAVITATION,0,0,0,0,0,0,0.0,0.806,0.0,0.0,0.0,0.0,0.0,0.0,0.0,-0.56,112.5,1013.0,20.3,9.0,0.0,0.0,0.0,,0.0,0,0,0,0,0,4.2,0.01,0.0,4495.53,4495.53,0.0,6.93
2026-06-05T07:46:01.898+00:00,268637,7bf0e23b-e546-4171-8243-7b016fd37d6e,,10,FAULT,0x2080,SENSOR_RANGE|PUMP_CAVITATION,0,0,0,0,0,0,0.0,0.0,0.0,0.0,0.0,0.0,0.0,0.0,0.0,-0.8,106.63,1012.9,20.3,9.0,0.0,0.0,0.0,,0.0,0,0,0,0,0,4.2,0.01,0.0,4495.53,4495.53,0.0,-1.36
2026-06-05T07:46:02.074+00:00,268812,7bf0e23b-e546-4171-8243-7b016fd37d6e,,10,FAULT,0x2080,SENSOR_RANGE|PUMP_CAVITATION,0,0,0,0,0,0,0.0,0.562,0.0,0.0,0.0,0.0,0.0,0.0,0.0,0.65,112.5,1013.0,20.3,9.0,0.0,0.0,0.0,,0.0,0,0,0,0,0,4.2,0.01,0.0,4495.53,4495.53,0.0,8.29
2026-06-05T07:46:02.250+00:00,268987,7bf0e23b-e546-4171-8243-7b016fd37d6e,,10,FAULT,0x2080,SENSOR_RANGE|PUMP_CAVITATION,0,0,0,0,0,0,0.0,0.024,0.0,0.0,0.0,0.0,0.0,0.0,0.0,-1.78,108.22,1013.0,20.3,9.0,0.0,0.0,0.0,,0.0,0,0,0,0,0,4.2,0.01,0.0,4495.53,4495.53,0.0,-13.89
2026-06-05T07:46:02.425+00:00,269162,7bf0e23b-e546-4171-8243-7b016fd37d6e,,10,FAULT,0x2080,SENSOR_RANGE|PUMP_CAVITATION,0,0,0,0,0,0,0.0,0.0,0.0,0.0,0.0,0.0,0.0,0.0,0.0,1.14,111.52,1012.9,20.3,9.0,0.0,0.0,0.0,,0.0,0,0,0,0,0,4.2,0.01,0.0,4495.53,4495.53,0.0,16.69
2026-06-05T07:46:02.601+00:00,269337,7bf0e23b-e546-4171-8243-7b016fd37d6e,,10,FAULT,0x2080,SENSOR_RANGE|PUMP_CAVITATION,0,0,0,0,0,0,0.0,1.001,0.0,0.0,0.0,0.0,0.0,0.0,0.0,-1.29,111.52,1012.9,20.3,9.0,0.0,0.0,0.0,,0.0,0,0,0,0,0,4.2,0.01,0.0,4495.53,4495.53,0.0,-13.89
2026-06-05T07:46:02.777+00:00,269513,7bf0e23b-e546-4171-8243-7b016fd37d6e,,10,FAULT,0x2080,SENSOR_RANGE|PUMP_CAVITATION,0,0,0,0,0,0,0.0,1.05,0.0,0.0,0.0,0.0,0.0,0.0,0.0,0.65,110.78,1013.0,20.3,9.0,0.0,0.0,0.0,,0.0,0,0,0,0,0,4.2,0.01,0.0,4495.53,4495.53,0.0,11.02
2026-06-05T07:46:02.951+00:00,269688,7bf0e23b-e546-4171-8243-7b016fd37d6e,,10,FAULT,0x2080,SENSOR_RANGE|PUMP_CAVITATION,0,0,0,0,0,0,0.0,0.708,0.0,0.0,0.0,0.0,0.0,0.0,0.0,0.0,112.5,1013.0,20.3,9.0,0.0,0.0,0.0,,0.0,0,0,0,0,0,4.2,0.01,0.0,4495.53,4495.53,0.0,-3.71
2026-06-05T07:46:03.127+00:00,269863,7bf0e23b-e546-4171-8243-7b016fd37d6e,,10,FAULT,0x2080,SENSOR_RANGE|PUMP_CAVITATION,0,0,0,0,0,0,0.0,0.0,0.0,0.0,0.0,0.0,0.0,0.0,0.0,-1.29,110.42,1013.0,20.3,9.0,0.0,0.0,0.0,,0.0,0,0,0,0,0,4.2,0.01,0.0,4495.53,4495.53,0.0,-7.37
2026-06-05T07:46:03.303+00:00,270040,7bf0e23b-e546-4171-8243-7b016fd37d6e,,10,FAULT,0x2080,SENSOR_RANGE|PUMP_CAVITATION,0,0,0,0,0,0,0.0,0.855,0.0,0.0,0.0,0.0,0.0,0.0,0.0,0.0,112.5,1013.0,20.3,9.0,0.0,0.0,0.0,,0.0,0,0,0,0,0,4.2,0.01,0.0,4495.53,4495.53,0.0,7.29
2026-06-05T07:46:03.479+00:00,270215,7bf0e23b-e546-4171-8243-7b016fd37d6e,,10,FAULT,0x2080,SENSOR_RANGE|PUMP_CAVITATION,0,0,0,0,0,0,0.0,1.05,0.0,0.0,0.0,0.0,0.0,0.0,0.0,-1.29,112.5,1013.0,20.3,9.0,0.0,0.0,0.0,,0.0,0,0,0,0,0,4.2,0.01,0.0,4495.53,4495.53,0.0,-7.37
2026-06-05T07:46:03.655+00:00,270390,7bf0e23b-e546-4171-8243-7b016fd37d6e,,10,FAULT,0x2080,SENSOR_RANGE|PUMP_CAVITATION,0,0,0,0,0,0,0.0,0.562,0.0,0.0,0.0,0.0,0.0,0.0,0.0,-1.05,112.5,1013.0,20.3,9.0,0.0,0.0,0.0,,0.0,0,0,0,0,0,4.2,0.01,0.0,4495.53,4495.53,0.0,1.37
2026-06-05T07:46:03.830+00:00,270566,7bf0e23b-e546-4171-8243-7b016fd37d6e,,10,FAULT,0x2080,SENSOR_RANGE|PUMP_CAVITATION,0,0,0,0,0,0,0.0,0.953,0.0,0.0,0.0,0.0,0.0,0.0,0.0,-0.31,111.15,1012.9,20.3,9.0,0.0,0.0,0.0,,0.0,0,0,0,0,0,4.2,0.01,0.0,4495.53,4495.53,0.0,4.2
2026-06-05T07:46:04.007+00:00,270741,7bf0e23b-e546-4171-8243-7b016fd37d6e,,10,FAULT,0x2080,SENSOR_RANGE|PUMP_CAVITATION,0,0,0,0,0,0,0.0,0.464,0.0,0.0,0.0,0.0,0.0,0.0,0.0,-0.8,112.5,1013.0,20.3,9.0,0.0,0.0,0.0,,0.0,0,0,0,0,0,4.2,0.01,0.0,4495.53,4495.53,0.0,-2.8
2026-06-05T07:46:04.180+00:00,270916,7bf0e23b-e546-4171-8243-7b016fd37d6e,,10,FAULT,0x2080,SENSOR_RANGE|PUMP_CAVITATION,0,0,0,0,0,0,0.0,0.0,0.0,0.0,0.0,0.0,0.0,0.0,0.0,-0.31,107.36,1013.0,20.3,9.0,0.0,0.0,0.0,,0.0,0,0,0,0,0,4.2,0.01,0.0,4495.53,4495.53,0.0,2.8
2026-06-05T07:46:04.356+00:00,271092,7bf0e23b-e546-4171-8243-7b016fd37d6e,,10,FAULT,0x2080,SENSOR_RANGE|PUMP_CAVITATION,0,0,0,0,0,0,0.0,1.148,0.0,0.0,0.0,0.0,0.0,0.0,0.0,-1.78,112.5,1013.0,20.3,9.0,0.0,0.0,0.0,,0.0,0,0,0,0,0,4.2,0.01,0.0,4495.53,4495.53,0.0,-8.35
2026-06-05T07:46:04.532+00:00,271267,7bf0e23b-e546-4171-8243-7b016fd37d6e,,10,FAULT,0x2080,SENSOR_RANGE|PUMP_CAVITATION,0,0,0,0,0,0,0.0,1.05,0.0,0.0,0.0,0.0,0.0,0.0,0.0,0.0,112.5,1012.9,20.3,9.0,0.0,0.0,0.0,,0.0,0,0,0,0,0,4.2,0.01,0.0,4495.53,4495.53,0.0,10.17
2026-06-05T07:46:04.708+00:00,271442,7bf0e23b-e546-4171-8243-7b016fd37d6e,,10,FAULT,0x2080,SENSOR_RANGE|PUMP_CAVITATION,0,0,0,0,0,0,0.0,0.513,0.0,0.0,0.0,0.0,0.0,0.0,0.0,0.41,112.5,1012.9,20.3,9.0,0.0,0.0,0.0,,0.0,0,0,0,0,0,4.2,0.01,0.0,4495.53,4495.53,0.0,2.34
2026-06-05T07:46:04.883+00:00,271619,7bf0e23b-e546-4171-8243-7b016fd37d6e,,10,FAULT,0x2080,SENSOR_RANGE|PUMP_CAVITATION,0,0,0,0,0,0,0.0,0.953,0.0,0.0,0.0,0.0,0.0,0.0,0.0,-0.31,112.37,1013.0,20.3,9.0,0.0,0.0,0.0,,0.0,0,0,0,0,0,4.2,0.01,0.0,4495.53,4495.53,0.0,-4.07
2026-06-05T07:46:05.059+00:00,271794,7bf0e23b-e546-4171-8243-7b016fd37d6e,,10,FAULT,0x2080,SENSOR_RANGE|PUMP_CAVITATION,0,0,0,0,0,0,0.0,0.513,0.0,0.0,0.0,0.0,0.0,0.0,0.0,0.41,112.5,1012.9,20.3,9.0,0.0,0.0,0.0,,0.0,0,0,0,0,0,4.2,0.01,0.0,4495.53,4495.53,0.0,4.11
2026-06-05T07:46:05.235+00:00,271969,7bf0e23b-e546-4171-8243-7b016fd37d6e,,10,FAULT,0x2080,SENSOR_RANGE|PUMP_CAVITATION,0,0,0,0,0,0,0.0,0.317,0.0,0.0,0.0,0.0,0.0,0.0,0.0,0.0,110.66,1013.0,20.3,9.0,0.0,0.0,0.0,,0.0,0,0,0,0,0,4.2,0.01,0.0,4495.53,4495.53,0.0,-2.34
2026-06-05T07:46:05.408+00:00,272144,7bf0e23b-e546-4171-8243-7b016fd37d6e,,10,FAULT,0x2080,SENSOR_RANGE|PUMP_CAVITATION,0,0,0,0,0,0,0.0,0.0,0.0,0.0,0.0,0.0,0.0,0.0,0.0,-0.56,111.64,1012.9,20.3,9.0,0.0,0.0,0.0,,0.0,0,0,0,0,0,4.2,0.01,0.0,4495.53,4495.53,0.0,-3.2
2026-06-05T07:46:05.584+00:00,272319,7bf0e23b-e546-4171-8243-7b016fd37d6e,,10,FAULT,0x2080,SENSOR_RANGE|PUMP_CAVITATION,0,0,0,0,0,0,0.0,0.0,0.0,0.0,0.0,0.0,0.0,0.0,0.0,0.41,108.1,1012.9,20.3,9.0,0.0,0.0,0.0,,0.0,0,0,0,0,0,4.2,0.01,0.0,4495.53,4495.53,0.0,5.54
2026-06-05T07:46:05.760+00:00,272495,7bf0e23b-e546-4171-8243-7b016fd37d6e,,10,FAULT,0x2080,SENSOR_RANGE|PUMP_CAVITATION,0,0,0,0,0,0,0.0,0.953,0.0,0.0,0.0,0.0,0.0,0.0,0.0,-0.31,112.5,1012.9,20.3,9.0,0.0,0.0,0.0,,0.0,0,0,0,0,0,4.2,0.01,0.0,4495.53,4495.53,0.0,-4.09
2026-06-05T07:46:05.936+00:00,272670,7bf0e23b-e546-4171-8243-7b016fd37d6e,,10,FAULT,0x2080,SENSOR_RANGE|PUMP_CAVITATION,0,0,0,0,0,0,0.0,0.855,0.0,0.0,0.0,0.0,0.0,0.0,0.0,-0.31,112.5,1013.0,20.3,9.0,0.0,0.0,0.0,,0.0,0,0,0,0,0,4.2,0.01,0.0,4495.53,4495.53,0.0,0.0
2026-06-05T07:46:06.112+00:00,272845,7bf0e23b-e546-4171-8243-7b016fd37d6e,,10,FAULT,0x2080,SENSOR_RANGE|PUMP_CAVITATION,0,0,0,0,0,0,0.0,0.61,0.0,0.0,0.0,0.0,0.0,0.0,0.0,-1.78,112.5,1013.0,20.3,9.0,0.0,0.0,0.0,,0.0,0,0,0,0,0,4.2,0.01,0.0,4495.53,4495.53,0.0,-8.4
2026-06-05T07:46:06.288+00:00,273020,7bf0e23b-e546-4171-8243-7b016fd37d6e,,10,FAULT,0x2080,SENSOR_RANGE|PUMP_CAVITATION,0,0,0,0,0,0,0.0,0.366,0.0,0.0,0.0,0.0,0.0,0.0,0.0,-0.31,112.5,1013.0,20.3,9.0,0.0,0.0,0.0,,0.0,0,0,0,0,0,4.2,0.01,0.0,4495.53,4495.53,0.0,8.4
2026-06-05T07:46:06.462+00:00,273197,7bf0e23b-e546-4171-8243-7b016fd37d6e,,10,FAULT,0x2080,SENSOR_RANGE|PUMP_CAVITATION,0,0,0,0,0,0,0.0,0.0,0.0,0.0,0.0,0.0,0.0,0.0,0.0,-0.31,108.22,1013.0,20.3,9.0,0.0,0.0,0.0,,0.0,0,0,0,0,0,4.2,0.01,0.0,4495.53,4495.53,0.0,0.0
2026-06-05T07:46:06.637+00:00,273372,7bf0e23b-e546-4171-8243-7b016fd37d6e,,10,FAULT,0x2080,SENSOR_RANGE|PUMP_CAVITATION,0,0,0,0,0,0,0.0,0.0,0.0,0.0,0.0,0.0,0.0,0.0,0.0,1.14,111.88,1013.0,20.3,9.0,0.0,0.0,0.0,,0.0,0,0,0,0,0,4.2,0.01,0.0,4495.53,4495.53,0.0,8.29
2026-06-05T07:46:06.813+00:00,273547,7bf0e23b-e546-4171-8243-7b016fd37d6e,,10,FAULT,0x2080,SENSOR_RANGE|PUMP_CAVITATION,0,0,0,0,0,0,0.0,0.317,0.0,0.0,0.0,0.0,0.0,0.0,0.0,0.41,109.44,1013.0,20.3,9.0,0.0,0.0,0.0,,0.0,0,0,0,0,0,4.2,0.01,0.0,4495.53,4495.53,0.0,-4.17
2026-06-05T07:46:06.990+00:00,273722,7bf0e23b-e546-4171-8243-7b016fd37d6e,,10,FAULT,0x2080,SENSOR_RANGE|PUMP_CAVITATION,0,0,0,0,0,0,0.0,0.513,0.0,0.0,0.0,0.0,0.0,0.0,0.0,-0.8,112.5,1012.9,20.3,9.0,0.0,0.0,0.0,,0.0,0,0,0,0,0,4.2,0.01,0.0,4495.53,4495.53,0.0,-6.91
2026-06-05T07:46:07.165+00:00,273898,7bf0e23b-e546-4171-8243-7b016fd37d6e,,10,FAULT,0x2080,SENSOR_RANGE|PUMP_CAVITATION,0,0,0,0,0,0,0.0,0.513,0.0,0.0,0.0,0.0,0.0,0.0,0.0,-1.29,109.56,1013.0,20.3,9.0,0.0,0.0,0.0,,0.0,0,0,0,0,0,4.2,0.01,0.0,4495.53,4495.53,0.0,-2.78
2026-06-05T07:46:07.341+00:00,274073,7bf0e23b-e546-4171-8243-7b016fd37d6e,,10,FAULT,0x2080,SENSOR_RANGE|PUMP_CAVITATION,0,0,0,0,0,0,0.0,0.024,0.0,0.0,0.0,0.0,0.0,0.0,0.0,-0.56,112.5,1012.9,20.3,9.0,0.0,0.0,0.0,,0.0,0,0,0,0,0,4.2,0.01,0.0,4495.53,4495.53,0.0,4.17
2026-06-05T07:46:07.516+00:00,274248,7bf0e23b-e546-4171-8243-7b016fd37d6e,,10,FAULT,0x2080,SENSOR_RANGE|PUMP_CAVITATION,0,0,0,0,0,0,0.0,0.073,0.0,0.0,0.0,0.0,0.0,0.0,0.0,0.41,108.1,1012.9,20.3,9.0,0.0,0.0,0.0,,0.0,0,0,0,0,0,4.2,0.01,0.0,4495.53,4495.53,0.0,5.54
2026-06-05T07:46:07.690+00:00,274423,7bf0e23b-e546-4171-8243-7b016fd37d6e,,10,FAULT,0x2080,SENSOR_RANGE|PUMP_CAVITATION,0,0,0,0,0,0,0.0,1.099,0.0,0.0,0.0,0.0,0.0,0.0,0.0,0.9,111.4,1013.0,20.3,9.0,0.0,0.0,0.0,,0.0,0,0,0,0,0,4.2,0.01,0.0,4495.53,4495.53,0.0,2.8
2026-06-05T07:46:07.866+00:00,274599,7bf0e23b-e546-4171-8243-7b016fd37d6e,,10,FAULT,0x2080,SENSOR_RANGE|PUMP_CAVITATION,0,0,0,0,0,0,0.0,0.513,0.0,0.0,0.0,0.0,0.0,0.0,0.0,0.0,107.49,1013.0,20.3,9.0,0.0,0.0,0.0,,0.0,0,0,0,0,0,4.2,0.01,0.0,4495.53,4495.53,0.0,-5.11
2026-06-05T07:46:08.042+00:00,274775,7bf0e23b-e546-4171-8243-7b016fd37d6e,,10,FAULT,0x2080,SENSOR_RANGE|PUMP_CAVITATION,0,0,0,0,0,0,0.0,0.171,0.0,0.0,0.0,0.0,0.0,0.0,0.0,0.9,112.5,1012.9,20.3,9.0,0.0,0.0,0.0,,0.0,0,0,0,0,0,4.2,0.01,0.0,4495.53,4495.53,0.0,5.11
2026-06-05T07:46:08.218+00:00,274950,7bf0e23b-e546-4171-8243-7b016fd37d6e,,10,FAULT,0x2080,SENSOR_RANGE|PUMP_CAVITATION,0,0,0,0,0,0,0.0,0.0,0.0,0.0,0.0,0.0,0.0,0.0,0.0,-0.56,108.1,1012.9,20.3,9.0,0.0,0.0,0.0,,0.0,0,0,0,0,0,4.2,0.01,0.0,4495.53,4495.53,0.0,-8.34
2026-06-05T07:46:08.393+00:00,275125,7bf0e23b-e546-4171-8243-7b016fd37d6e,,10,FAULT,0x2080,SENSOR_RANGE|PUMP_CAVITATION,0,0,0,0,0,0,0.0,0.513,0.0,0.0,0.0,0.0,0.0,0.0,0.0,1.14,112.5,1012.9,20.3,9.0,0.0,0.0,0.0,,0.0,0,0,0,0,0,4.2,0.01,0.0,4495.53,4495.53,0.0,9.71
2026-06-05T07:46:08.569+00:00,275300,7bf0e23b-e546-4171-8243-7b016fd37d6e,,10,FAULT,0x2080,SENSOR_RANGE|PUMP_CAVITATION,0,0,0,0,0,0,0.0,0.268,0.0,0.0,0.0,0.0,0.0,0.0,0.0,0.41,112.25,1012.9,20.3,9.0,0.0,0.0,0.0,,0.0,0,0,0,0,0,4.2,0.01,0.0,4495.53,4495.53,0.0,-4.17
2026-06-05T07:46:08.745+00:00,275476,7bf0e23b-e546-4171-8243-7b016fd37d6e,,10,FAULT,0x2080,SENSOR_RANGE|PUMP_CAVITATION,0,0,0,0,0,0,0.0,0.366,0.0,0.0,0.0,0.0,0.0,0.0,0.0,0.41,112.5,1013.0,20.3,9.0,0.0,0.0,0.0,,0.0,0,0,0,0,0,4.2,0.01,0.0,4495.53,4495.53,0.0,0.0
2026-06-05T07:46:08.919+00:00,275651,7bf0e23b-e546-4171-8243-7b016fd37d6e,,10,FAULT,0x2080,SENSOR_RANGE|PUMP_CAVITATION,0,0,0,0,0,0,0.0,0.0,0.0,0.0,0.0,0.0,0.0,0.0,0.0,0.65,112.5,1013.0,20.3,9.0,0.0,0.0,0.0,,0.0,0,0,0,0,0,4.2,0.01,0.0,4495.53,4495.53,0.0,1.37
2026-06-05T07:46:09.094+00:00,275826,7bf0e23b-e546-4171-8243-7b016fd37d6e,,10,FAULT,0x2080,SENSOR_RANGE|PUMP_CAVITATION,0,0,0,0,0,0,0.0,0.0,0.0,0.0,0.0,0.0,0.0,0.0,0.0,1.88,108.34,1013.0,20.3,9.0,0.0,0.0,0.0,,0.0,0,0,0,0,0,4.2,0.01,0.0,4495.53,4495.53,0.0,7.03
2026-06-05T07:46:09.270+00:00,276001,7bf0e23b-e546-4171-8243-7b016fd37d6e,,10,FAULT,0x2080,SENSOR_RANGE|PUMP_CAVITATION,0,0,0,0,0,0,0.0,1.099,0.0,0.0,0.0,0.0,0.0,0.0,0.0,-0.31,112.5,1013.0,20.3,9.0,0.0,0.0,0.0,,0.0,0,0,0,0,0,4.2,0.01,0.0,4495.53,4495.53,0.0,-12.51
2026-06-05T07:46:09.446+00:00,276177,7bf0e23b-e546-4171-8243-7b016fd37d6e,,10,FAULT,0x2080,SENSOR_RANGE|PUMP_CAVITATION,0,0,0,0,0,0,0.0,0.0,0.0,0.0,0.0,0.0,0.0,0.0,0.0,1.14,107.73,1012.9,20.3,9.0,0.0,0.0,0.0,,0.0,0,0,0,0,0,4.2,0.01,0.0,4495.53,4495.53,0.0,8.24
2026-06-05T07:46:09.622+00:00,276353,7bf0e23b-e546-4171-8243-7b016fd37d6e,,10,FAULT,0x2080,SENSOR_RANGE|PUMP_CAVITATION,0,0,0,0,0,0,0.0,0.953,0.0,0.0,0.0,0.0,0.0,0.0,0.0,-0.8,112.5,1013.0,20.3,9.0,0.0,0.0,0.0,,0.0,0,0,0,0,0,4.2,0.01,0.0,4495.53,4495.53,0.0,-11.02
2026-06-05T07:46:09.798+00:00,276528,7bf0e23b-e546-4171-8243-7b016fd37d6e,,10,FAULT,0x2080,SENSOR_RANGE|PUMP_CAVITATION,0,0,0,0,0,0,0.0,1.246,0.0,0.0,0.0,0.0,0.0,0.0,0.0,-0.8,111.52,1012.9,20.3,9.0,0.0,0.0,0.0,,0.0,0,0,0,0,0,4.2,0.01,0.0,4495.53,4495.53,0.0,0.0
2026-06-05T07:46:09.972+00:00,276704,7bf0e23b-e546-4171-8243-7b016fd37d6e,,10,FAULT,0x2080,SENSOR_RANGE|PUMP_CAVITATION,0,0,0,0,0,0,0.0,0.562,0.0,0.0,0.0,0.0,0.0,0.0,0.0,1.39,112.5,1012.9,20.3,9.0,0.0,0.0,0.0,,0.0,0,0,0,0,0,4.2,0.01,0.0,4495.53,4495.53,0.0,12.44
2026-06-05T07:46:10.148+00:00,276879,7bf0e23b-e546-4171-8243-7b016fd37d6e,,10,FAULT,0x2080,SENSOR_RANGE|PUMP_CAVITATION,0,0,0,0,0,0,0.0,0.953,0.0,0.0,0.0,0.0,0.0,0.0,0.0,-1.05,111.52,1013.0,20.3,9.0,0.0,0.0,0.0,,0.0,0,0,0,0,0,4.2,0.01,0.0,4495.53,4495.53,0.0,-13.94
2026-06-05T07:46:10.323+00:00,277054,7bf0e23b-e546-4171-8243-7b016fd37d6e,,10,FAULT,0x2080,SENSOR_RANGE|PUMP_CAVITATION,0,0,0,0,0,0,0.0,0.513,0.0,0.0,0.0,0.0,0.0,0.0,0.0,-0.31,112.5,1013.0,20.3,9.0,0.0,0.0,0.0,,0.0,0,0,0,0,0,4.2,0.01,0.0,4495.53,4495.53,0.0,4.23
2026-06-05T07:46:10.499+00:00,277230,7bf0e23b-e546-4171-8243-7b016fd37d6e,,10,FAULT,0x2080,SENSOR_RANGE|PUMP_CAVITATION,0,0,0,0,0,0,0.0,0.122,0.0,0.0,0.0,0.0,0.0,0.0,0.0,0.0,109.44,1013.0,20.3,9.0,0.0,0.0,0.0,,0.0,0,0,0,0,0,4.2,0.01,0.0,4495.53,4495.53,0.0,1.76
2026-06-05T07:46:10.675+00:00,277405,7bf0e23b-e546-4171-8243-7b016fd37d6e,,10,FAULT,0x2080,SENSOR_RANGE|PUMP_CAVITATION,0,0,0,0,0,0,0.0,0.0,0.0,0.0,0.0,0.0,0.0,0.0,0.0,0.0,112.5,1013.0,20.3,9.0,0.0,0.0,0.0,,0.0,0,0,0,0,0,4.2,0.01,0.0,4495.53,4495.53,0.0,0.0
2026-06-05T07:46:10.851+00:00,277580,7bf0e23b-e546-4171-8243-7b016fd37d6e,,10,FAULT,0x2080,SENSOR_RANGE|PUMP_CAVITATION,0,0,0,0,0,0,0.0,0.0,0.0,0.0,0.0,0.0,0.0,0.0,0.0,-0.31,107.85,1013.0,20.3,9.0,0.0,0.0,0.0,,0.0,0,0,0,0,0,4.2,0.01,0.0,4495.53,4495.53,0.0,-1.77
2026-06-05T07:46:11.026+00:00,277755,7bf0e23b-e546-4171-8243-7b016fd37d6e,,10,FAULT,0x2080,SENSOR_RANGE|PUMP_CAVITATION,0,0,0,0,0,0,0.0,1.197,0.0,0.0,0.0,0.0,0.0,0.0,0.0,-0.8,112.5,1013.0,20.3,9.0,0.0,0.0,0.0,,0.0,0,0,0,0,0,4.2,0.01,0.0,4495.53,4495.53,0.0,-2.8
2026-06-05T07:46:11.200+00:00,277931,7bf0e23b-e546-4171-8243-7b016fd37d6e,,10,FAULT,0x2080,SENSOR_RANGE|PUMP_CAVITATION,0,0,0,0,0,0,0.0,0.317,0.0,0.0,0.0,0.0,0.0,0.0,0.0,0.65,111.64,1012.9,20.3,9.0,0.0,0.0,0.0,,0.0,0,0,0,0,0,4.2,0.01,0.0,4495.53,4495.53,0.0,8.24
2026-06-05T07:46:11.376+00:00,278107,7bf0e23b-e546-4171-8243-7b016fd37d6e,,10,FAULT,0x2080,SENSOR_RANGE|PUMP_CAVITATION,0,0,0,0,0,0,0.0,0.024,0.0,0.0,0.0,0.0,0.0,0.0,0.0,0.9,111.27,1013.0,20.3,9.0,0.0,0.0,0.0,,0.0,0,0,0,0,0,4.2,0.01,0.0,4495.53,4495.53,0.0,1.42
2026-06-05T07:46:11.552+00:00,278282,7bf0e23b-e546-4171-8243-7b016fd37d6e,,10,FAULT,0x2080,SENSOR_RANGE|PUMP_CAVITATION,0,0,0,0,0,0,0.0,0.0,0.0,0.0,0.0,0.0,0.0,0.0,0.0,0.65,109.2,1012.9,20.3,8.9,0.0,0.0,0.0,,0.0,0,0,0,0,0,4.2,0.01,0.0,4495.53,4495.53,0.0,-1.43
2026-06-05T07:46:11.727+00:00,278457,7bf0e23b-e546-4171-8243-7b016fd37d6e,,10,FAULT,0x2080,SENSOR_RANGE|PUMP_CAVITATION,0,0,0,0,0,0,0.0,0.317,0.0,0.0,0.0,0.0,0.0,0.0,0.0,0.0,111.88,1012.9,20.3,9.0,0.0,0.0,0.0,,0.0,0,0,0,0,0,4.2,0.01,0.0,4495.53,4495.53,0.0,-3.71
2026-06-05T07:46:11.904+00:00,278632,7bf0e23b-e546-4171-8243-7b016fd37d6e,,10,FAULT,0x2080,SENSOR_RANGE|PUMP_CAVITATION,0,0,0,0,0,0,0.0,0.659,0.0,0.0,0.0,0.0,0.0,0.0,0.0,-1.78,112.5,1013.0,20.3,9.0,0.0,0.0,0.0,,0.0,0,0,0,0,0,4.2,0.01,0.0,4495.53,4495.53,0.0,-10.17
2026-06-05T07:46:12.079+00:00,278807,7bf0e23b-e546-4171-8243-7b016fd37d6e,,10,FAULT,0x2080,SENSOR_RANGE|PUMP_CAVITATION,0,0,0,0,0,0,0.0,0.122,0.0,0.0,0.0,0.0,0.0,0.0,0.0,0.9,109.93,1013.0,20.3,9.0,0.0,0.0,0.0,,0.0,0,0,0,0,0,4.2,0.01,0.0,4495.53,4495.53,0.0,15.31
2026-06-05T07:46:12.253+00:00,278983,7bf0e23b-e546-4171-8243-7b016fd37d6e,,10,FAULT,0x2080,SENSOR_RANGE|PUMP_CAVITATION,0,0,0,0,0,0,0.0,0.0,0.0,0.0,0.0,0.0,0.0,0.0,0.0,-0.31,112.5,1012.9,20.3,9.0,0.0,0.0,0.0,,0.0,0,0,0,0,0,4.2,0.01,0.0,4495.53,4495.53,0.0,-6.88
2026-06-05T07:46:12.429+00:00,279158,7bf0e23b-e546-4171-8243-7b016fd37d6e,,10,FAULT,0x2080,SENSOR_RANGE|PUMP_CAVITATION,0,0,0,0,0,0,0.0,0.268,0.0,0.0,0.0,0.0,0.0,0.0,0.0,-1.05,108.58,1013.0,20.3,9.0,0.0,0.0,0.0,,0.0,0,0,0,0,0,4.2,0.01,0.0,4495.53,4495.53,0.0,-4.23
2026-06-05T07:46:12.605+00:00,279333,7bf0e23b-e546-4171-8243-7b016fd37d6e,,10,FAULT,0x2080,SENSOR_RANGE|PUMP_CAVITATION,0,0,0,0,0,0,0.0,0.366,0.0,0.0,0.0,0.0,0.0,0.0,0.0,-0.8,112.5,1013.0,20.3,9.0,0.0,0.0,0.0,,0.0,0,0,0,0,0,4.2,0.01,0.0,4495.53,4495.53,0.0,1.43
2026-06-05T07:46:12.780+00:00,279510,7bf0e23b-e546-4171-8243-7b016fd37d6e,,10,FAULT,0x2080,SENSOR_RANGE|PUMP_CAVITATION,0,0,0,0,0,0,0.0,0.0,0.0,0.0,0.0,0.0,0.0,0.0,0.0,0.41,110.42,1013.0,20.3,9.0,0.0,0.0,0.0,,0.0,0,0,0,0,0,4.2,0.01,0.0,4495.53,4495.53,0.0,6.84
2026-06-05T07:46:12.956+00:00,279684,7bf0e23b-e546-4171-8243-7b016fd37d6e,,10,FAULT,0x2080,SENSOR_RANGE|PUMP_CAVITATION,0,0,0,0,0,0,0.0,0.0,0.0,0.0,0.0,0.0,0.0,0.0,0.0,0.0,112.5,1013.0,20.3,9.0,0.0,0.0,0.0,,0.0,0,0,0,0,0,4.2,0.01,0.0,4495.53,4495.53,0.0,-2.36
2026-06-05T07:46:13.132+00:00,279859,7bf0e23b-e546-4171-8243-7b016fd37d6e,,10,FAULT,0x2080,SENSOR_RANGE|PUMP_CAVITATION,0,0,0,0,0,0,0.0,1.197,0.0,0.0,0.0,0.0,0.0,0.0,0.0,0.0,105.77,1012.9,20.3,9.0,0.0,0.0,0.0,,0.0,0,0,0,0,0,4.2,0.01,0.0,4495.53,4495.53,0.0,0.0
2026-06-05T07:46:13.305+00:00,280035,7bf0e23b-e546-4171-8243-7b016fd37d6e,,10,FAULT,0x2080,SENSOR_RANGE|PUMP_CAVITATION,0,0,0,0,0,0,0.0,0.415,0.0,0.0,0.0,0.0,0.0,0.0,0.0,0.0,112.5,1013.0,20.3,9.0,0.0,0.0,0.0,,0.0,0,0,0,0,0,4.2,0.01,0.0,4495.53,4495.53,0.0,0.0
2026-06-05T07:46:13.481+00:00,280210,7bf0e23b-e546-4171-8243-7b016fd37d6e,,10,FAULT,0x2080,SENSOR_RANGE|PUMP_CAVITATION,0,0,0,0,0,0,0.0,0.415,0.0,0.0,0.0,0.0,0.0,0.0,0.0,-0.8,108.83,1012.9,20.3,9.0,0.0,0.0,0.0,,0.0,0,0,0,0,0,4.2,0.01,0.0,4495.53,4495.53,0.0,-4.57
2026-06-05T07:46:13.657+00:00,280385,7bf0e23b-e546-4171-8243-7b016fd37d6e,,10,FAULT,0x2080,SENSOR_RANGE|PUMP_CAVITATION,0,0,0,0,0,0,0.0,0.0,0.0,0.0,0.0,0.0,0.0,0.0,0.0,0.0,112.5,1012.9,20.3,9.0,0.0,0.0,0.0,,0.0,0,0,0,0,0,4.2,0.01,0.0,4495.53,4495.53,0.0,4.57
2026-06-05T07:46:13.833+00:00,280560,7bf0e23b-e546-4171-8243-7b016fd37d6e,,10,FAULT,0x2080,SENSOR_RANGE|PUMP_CAVITATION,0,0,0,0,0,0,0.0,0.024,0.0,0.0,0.0,0.0,0.0,0.0,0.0,-0.56,108.95,1013.0,20.3,9.0,0.0,0.0,0.0,,0.0,0,0,0,0,0,4.2,0.01,0.0,4495.53,4495.53,0.0,-3.2
2026-06-05T07:46:14.009+00:00,280735,7bf0e23b-e546-4171-8243-7b016fd37d6e,,10,FAULT,0x2080,SENSOR_RANGE|PUMP_CAVITATION,0,0,0,0,0,0,0.0,0.0,0.0,0.0,0.0,0.0,0.0,0.0,0.0,-0.56,111.52,1012.9,20.3,9.0,0.0,0.0,0.0,,0.0,0,0,0,0,0,4.2,0.01,0.0,4495.53,4495.53,0.0,0.0
2026-06-05T07:46:14.184+00:00,280911,7bf0e23b-e546-4171-8243-7b016fd37d6e,,10,FAULT,0x2080,SENSOR_RANGE|PUMP_CAVITATION,0,0,0,0,0,0,0.0,0.415,0.0,0.0,0.0,0.0,0.0,0.0,0.0,-0.31,111.4,1012.9,20.3,9.0,0.0,0.0,0.0,,0.0,0,0,0,0,0,4.2,0.01,0.0,4495.53,4495.53,0.0,1.42
2026-06-05T07:46:14.360+00:00,281086,7bf0e23b-e546-4171-8243-7b016fd37d6e,,10,FAULT,0x2080,SENSOR_RANGE|PUMP_CAVITATION,0,0,0,0,0,0,0.0,0.659,0.0,0.0,0.0,0.0,0.0,0.0,0.0,-2.02,112.5,1013.0,20.3,9.0,0.0,0.0,0.0,,0.0,0,0,0,0,0,4.2,0.01,0.0,4495.53,4495.53,0.0,-9.77
2026-06-05T07:46:14.534+00:00,281262,7bf0e23b-e546-4171-8243-7b016fd37d6e,,10,FAULT,0x2080,SENSOR_RANGE|PUMP_CAVITATION,0,0,0,0,0,0,0.0,0.708,0.0,0.0,0.0,0.0,0.0,0.0,0.0,0.0,112.5,1012.9,20.3,9.0,0.0,0.0,0.0,,0.0,0,0,0,0,0,4.2,0.01,0.0,4495.53,4495.53,0.0,11.48
2026-06-05T07:46:14.710+00:00,281437,7bf0e23b-e546-4171-8243-7b016fd37d6e,,10,FAULT,0x2080,SENSOR_RANGE|PUMP_CAVITATION,0,0,0,0,0,0,0.0,0.0,0.0,0.0,0.0,0.0,0.0,0.0,0.0,0.41,112.37,1013.0,20.3,9.0,0.0,0.0,0.0,,0.0,0,0,0,0,0,4.2,0.01,0.0,4495.53,4495.53,0.0,2.34
2026-06-05T07:46:14.886+00:00,281612,7bf0e23b-e546-4171-8243-7b016fd37d6e,,10,FAULT,0x2080,SENSOR_RANGE|PUMP_CAVITATION,0,0,0,0,0,0,0.0,0.122,0.0,0.0,0.0,0.0,0.0,0.0,0.0,-1.05,112.01,1012.9,20.3,9.0,0.0,0.0,0.0,,0.0,0,0,0,0,0,4.2,0.01,0.0,4495.53,4495.53,0.0,-8.34
2026-06-05T07:46:15.062+00:00,281788,7bf0e23b-e546-4171-8243-7b016fd37d6e,,10,FAULT,0x2080,SENSOR_RANGE|PUMP_CAVITATION,0,0,0,0,0,0,0.0,0.562,0.0,0.0,0.0,0.0,0.0,0.0,0.0,-1.53,109.32,1013.0,20.3,9.0,0.0,0.0,0.0,,0.0,0,0,0,0,0,4.2,0.01,0.0,4495.53,4495.53,0.0,-2.73
2026-06-05T07:46:15.237+00:00,281963,7bf0e23b-e546-4171-8243-7b016fd37d6e,,10,FAULT,0x2080,SENSOR_RANGE|PUMP_CAVITATION,0,0,0,0,0,0,0.0,0.0,0.0,0.0,0.0,0.0,0.0,0.0,0.0,0.0,112.5,1012.9,20.3,9.0,0.0,0.0,0.0,,0.0,0,0,0,0,0,4.2,0.01,0.0,4495.53,4495.53,0.0,8.74
2026-06-05T07:46:15.413+00:00,282138,7bf0e23b-e546-4171-8243-7b016fd37d6e,,10,FAULT,0x2080,SENSOR_RANGE|PUMP_CAVITATION,0,0,0,0,0,0,0.0,0.0,0.0,0.0,0.0,0.0,0.0,0.0,0.0,0.9,106.26,1013.0,20.3,9.0,0.0,0.0,0.0,,0.0,0,0,0,0,0,4.2,0.01,0.0,4495.53,4495.53,0.0,5.14
2026-06-05T07:46:15.587+00:00,282313,7bf0e23b-e546-4171-8243-7b016fd37d6e,,10,FAULT,0x2080,SENSOR_RANGE|PUMP_CAVITATION,0,0,0,0,0,0,0.0,1.148,0.0,0.0,0.0,0.0,0.0,0.0,0.0,1.39,112.01,1012.9,20.3,9.0,0.0,0.0,0.0,,0.0,0,0,0,0,0,4.2,0.01,0.0,4495.53,4495.53,0.0,2.8
2026-06-05T07:46:15.762+00:00,282489,7bf0e23b-e546-4171-8243-7b016fd37d6e,,10,FAULT,0x2080,SENSOR_RANGE|PUMP_CAVITATION,0,0,0,0,0,0,0.0,0.0,0.0,0.0,0.0,0.0,0.0,0.0,0.0,0.41,107.0,1012.9,20.3,9.0,0.0,0.0,0.0,,0.0,0,0,0,0,0,4.2,0.01,0.0,4495.53,4495.53,0.0,-5.57
2026-06-05T07:46:15.938+00:00,282664,7bf0e23b-e546-4171-8243-7b016fd37d6e,,10,FAULT,0x2080,SENSOR_RANGE|PUMP_CAVITATION,0,0,0,0,0,0,0.0,1.05,0.0,0.0,0.0,0.0,0.0,0.0,0.0,-1.53,112.5,1012.9,20.3,9.0,0.0,0.0,0.0,,0.0,0,0,0,0,0,4.2,0.01,0.0,4495.53,4495.53,0.0,-11.09
2026-06-05T07:46:16.114+00:00,282840,7bf0e23b-e546-4171-8243-7b016fd37d6e,,10,FAULT,0x2080,SENSOR_RANGE|PUMP_CAVITATION,0,0,0,0,0,0,0.0,1.001,0.0,0.0,0.0,0.0,0.0,0.0,0.0,0.65,112.13,1013.0,20.3,9.0,0.0,0.0,0.0,,0.0,0,0,0,0,0,4.2,0.01,0.0,4495.53,4495.53,0.0,12.39
2026-06-05T07:46:16.290+00:00,283016,7bf0e23b-e546-4171-8243-7b016fd37d6e,,10,FAULT,0x2080,SENSOR_RANGE|PUMP_CAVITATION,0,0,0,0,0,0,0.0,1.001,0.0,0.0,0.0,0.0,0.0,0.0,0.0,0.65,112.5,1013.0,20.3,9.0,0.0,0.0,0.0,,0.0,0,0,0,0,0,4.2,0.01,0.0,4495.53,4495.53,0.0,0.0
2026-06-05T07:46:16.466+00:00,283191,7bf0e23b-e546-4171-8243-7b016fd37d6e,,10,FAULT,0x2080,SENSOR_RANGE|PUMP_CAVITATION,0,0,0,0,0,0,0.0,0.757,0.0,0.0,0.0,0.0,0.0,0.0,0.0,-0.56,110.91,1012.9,20.3,9.0,0.0,0.0,0.0,,0.0,0,0,0,0,0,4.2,0.01,0.0,4495.53,4495.53,0.0,-6.91
2026-06-05T07:46:16.642+00:00,283366,7bf0e23b-e546-4171-8243-7b016fd37d6e,,10,FAULT,0x2080,SENSOR_RANGE|PUMP_CAVITATION,0,0,0,0,0,0,0.0,0.464,0.0,0.0,0.0,0.0,0.0,0.0,0.0,-1.53,112.5,1013.0,20.3,9.0,0.0,0.0,0.0,,0.0,0,0,0,0,0,4.2,0.01,0.0,4495.53,4495.53,0.0,-5.54
2026-06-05T07:46:16.818+00:00,283542,7bf0e23b-e546-4171-8243-7b016fd37d6e,,10,FAULT,0x2080,SENSOR_RANGE|PUMP_CAVITATION,0,0,0,0,0,0,0.0,1.295,0.0,0.0,0.0,0.0,0.0,0.0,0.0,0.0,106.39,1013.0,20.3,9.0,0.0,0.0,0.0,,0.0,0,0,0,0,0,4.2,0.01,0.0,4495.53,4495.53,0.0,8.69
2026-06-05T07:46:16.992+00:00,283717,7bf0e23b-e546-4171-8243-7b016fd37d6e,,10,FAULT,0x2080,SENSOR_RANGE|PUMP_CAVITATION,0,0,0,0,0,0,0.0,1.148,0.0,0.0,0.0,0.0,0.0,0.0,0.0,-0.31,112.5,1013.0,20.3,9.0,0.0,0.0,0.0,,0.0,0,0,0,0,0,4.2,0.01,0.0,4495.53,4495.53,0.0,-1.77
2026-06-05T07:46:17.167+00:00,283892,7bf0e23b-e546-4171-8243-7b016fd37d6e,,10,FAULT,0x2080,SENSOR_RANGE|PUMP_CAVITATION,0,0,0,0,0,0,0.0,0.806,0.0,0.0,0.0,0.0,0.0,0.0,0.0,0.0,112.5,1012.9,20.3,9.0,0.0,0.0,0.0,,0.0,0,0,0,0,0,4.2,0.01,0.0,4495.53,4495.53,0.0,1.77
2026-06-05T07:46:17.343+00:00,284067,7bf0e23b-e546-4171-8243-7b016fd37d6e,,10,FAULT,0x2080,SENSOR_RANGE|PUMP_CAVITATION,0,0,0,0,0,0,0.0,0.513,0.0,0.0,0.0,0.0,0.0,0.0,0.0,0.0,112.5,1013.0,20.3,9.0,0.0,0.0,0.0,,0.0,0,0,0,0,0,4.2,0.01,0.0,4495.53,4495.53,0.0,0.0
2026-06-05T07:46:17.519+00:00,284243,7bf0e23b-e546-4171-8243-7b016fd37d6e,,10,FAULT,0x2080,SENSOR_RANGE|PUMP_CAVITATION,0,0,0,0,0,0,0.0,0.562,0.0,0.0,0.0,0.0,0.0,0.0,0.0,-1.53,112.5,1013.0,20.3,9.0,0.0,0.0,0.0,,0.0,0,0,0,0,0,4.2,0.01,0.0,4495.53,4495.53,0.0,-8.69
2026-06-05T07:46:17.695+00:00,284419,7bf0e23b-e546-4171-8243-7b016fd37d6e,,10,FAULT,0x2080,SENSOR_RANGE|PUMP_CAVITATION,0,0,0,0,0,0,0.0,0.415,0.0,0.0,0.0,0.0,0.0,0.0,0.0,0.0,112.13,1013.0,20.3,9.0,0.0,0.0,0.0,,0.0,0,0,0,0,0,4.2,0.01,0.0,4495.53,4495.53,0.0,8.69
2026-06-05T07:46:17.871+00:00,284594,7bf0e23b-e546-4171-8243-7b016fd37d6e,,10,FAULT,0x2080,SENSOR_RANGE|PUMP_CAVITATION,0,0,0,0,0,0,0.0,0.904,0.0,0.0,0.0,0.0,0.0,0.0,0.0,-1.05,112.5,1012.9,20.3,9.0,0.0,0.0,0.0,,0.0,0,0,0,0,0,4.2,0.01,0.0,4495.53,4495.53,0.0,-6.0
2026-06-05T07:46:18.047+00:00,284770,7bf0e23b-e546-4171-8243-7b016fd37d6e,,10,FAULT,0x2080,SENSOR_RANGE|PUMP_CAVITATION,0,0,0,0,0,0,0.0,0.464,0.0,0.0,0.0,0.0,0.0,0.0,0.0,1.14,109.44,1013.0,20.3,9.0,0.0,0.0,0.0,,0.0,0,0,0,0,0,4.2,0.01,0.0,4495.53,4495.53,0.0,12.44
2026-06-05T07:46:18.220+00:00,284945,7bf0e23b-e546-4171-8243-7b016fd37d6e,,10,FAULT,0x2080,SENSOR_RANGE|PUMP_CAVITATION,0,0,0,0,0,0,0.0,0.0,0.0,0.0,0.0,0.0,0.0,0.0,0.0,2.12,111.4,1013.0,20.3,9.0,0.0,0.0,0.0,,0.0,0,0,0,0,0,4.2,0.01,0.0,4495.53,4495.53,0.0,5.6
2026-06-05T07:46:18.396+00:00,285120,7bf0e23b-e546-4171-8243-7b016fd37d6e,,10,FAULT,0x2080,SENSOR_RANGE|PUMP_CAVITATION,0,0,0,0,0,0,0.0,0.562,0.0,0.0,0.0,0.0,0.0,0.0,0.0,0.41,111.27,1012.9,20.3,9.0,0.0,0.0,0.0,,0.0,0,0,0,0,0,4.2,0.01,0.0,4495.53,4495.53,0.0,-9.77
2026-06-05T07:46:18.572+00:00,285295,7bf0e23b-e546-4171-8243-7b016fd37d6e,,10,FAULT,0x2080,SENSOR_RANGE|PUMP_CAVITATION,0,0,0,0,0,0,0.0,0.219,0.0,0.0,0.0,0.0,0.0,0.0,0.0,0.41,112.5,1013.0,20.3,9.0,0.0,0.0,0.0,,0.0,0,0,0,0,0,4.2,0.01,0.0,4495.53,4495.53,0.0,0.0
2026-06-05T07:46:18.748+00:00,285471,7bf0e23b-e546-4171-8243-7b016fd37d6e,,10,FAULT,0x2080,SENSOR_RANGE|PUMP_CAVITATION,0,0,0,0,0,0,0.0,0.708,0.0,0.0,0.0,0.0,0.0,0.0,0.0,0.0,111.27,1013.0,20.3,9.0,0.0,0.0,0.0,,0.0,0,0,0,0,0,4.2,0.01,0.0,4495.53,4495.53,0.0,-2.33
2026-06-05T07:46:18.923+00:00,285646,7bf0e23b-e546-4171-8243-7b016fd37d6e,,10,FAULT,0x2080,SENSOR_RANGE|PUMP_CAVITATION,0,0,0,0,0,0,0.0,0.0,0.0,0.0,0.0,0.0,0.0,0.0,0.0,0.41,112.5,1013.0,20.3,9.0,0.0,0.0,0.0,,0.0,0,0,0,0,0,4.2,0.01,0.0,4495.53,4495.53,0.0,2.34
2026-06-05T07:46:19.099+00:00,285821,7bf0e23b-e546-4171-8243-7b016fd37d6e,,10,FAULT,0x2080,SENSOR_RANGE|PUMP_CAVITATION,0,0,0,0,0,0,0.0,0.953,0.0,0.0,0.0,0.0,0.0,0.0,0.0,0.0,111.64,1013.0,20.3,9.0,0.0,0.0,0.0,,0.0,0,0,0,0,0,4.2,0.01,0.0,4495.53,4495.53,0.0,-2.34
2026-06-05T07:46:19.273+00:00,285997,7bf0e23b-e546-4171-8243-7b016fd37d6e,,10,FAULT,0x2080,SENSOR_RANGE|PUMP_CAVITATION,0,0,0,0,0,0,0.0,0.317,0.0,0.0,0.0,0.0,0.0,0.0,0.0,-0.8,112.5,1013.0,20.3,9.0,0.0,0.0,0.0,,0.0,0,0,0,0,0,4.2,0.01,0.0,4495.53,4495.53,0.0,-4.55
2026-06-05T07:46:19.449+00:00,286172,7bf0e23b-e546-4171-8243-7b016fd37d6e,,10,FAULT,0x2080,SENSOR_RANGE|PUMP_CAVITATION,0,0,0,0,0,0,0.0,0.659,0.0,0.0,0.0,0.0,0.0,0.0,0.0,-0.8,109.32,1013.0,20.3,9.0,0.0,0.0,0.0,,0.0,0,0,0,0,0,4.2,0.01,0.0,4495.53,4495.53,0.0,0.0
2026-06-05T07:46:19.624+00:00,286348,7bf0e23b-e546-4171-8243-7b016fd37d6e,,10,FAULT,0x2080,SENSOR_RANGE|PUMP_CAVITATION,0,0,0,0,0,0,0.0,0.024,0.0,0.0,0.0,0.0,0.0,0.0,0.0,0.0,112.5,1012.9,20.3,9.0,0.0,0.0,0.0,,0.0,0,0,0,0,0,4.2,0.01,0.0,4495.53,4495.53,0.0,4.55
2026-06-05T07:46:19.800+00:00,286523,7bf0e23b-e546-4171-8243-7b016fd37d6e,,10,FAULT,0x2080,SENSOR_RANGE|PUMP_CAVITATION,0,0,0,0,0,0,0.0,0.464,0.0,0.0,0.0,0.0,0.0,0.0,0.0,-1.29,110.54,1013.0,20.3,9.0,0.0,0.0,0.0,,0.0,0,0,0,0,0,4.2,0.01,0.0,4495.53,4495.53,0.0,-7.37
2026-06-05T07:46:19.976+00:00,286698,7bf0e23b-e546-4171-8243-7b016fd37d6e,,10,FAULT,0x2080,SENSOR_RANGE|PUMP_CAVITATION,0,0,0,0,0,0,0.0,0.268,0.0,0.0,0.0,0.0,0.0,0.0,0.0,-1.05,112.5,1013.0,20.3,9.0,0.0,0.0,0.0,,0.0,0,0,0,0,0,4.2,0.01,0.0,4495.53,4495.53,0.0,1.37
2026-06-05T07:46:20.152+00:00,286874,7bf0e23b-e546-4171-8243-7b016fd37d6e,,10,FAULT,0x2080,SENSOR_RANGE|PUMP_CAVITATION,0,0,0,0,0,0,0.0,0.855,0.0,0.0,0.0,0.0,0.0,0.0,0.0,-1.53,112.37,1012.9,20.3,9.0,0.0,0.0,0.0,,0.0,0,0,0,0,0,4.2,0.01,0.0,4495.53,4495.53,0.0,-2.73
2026-06-05T07:46:20.328+00:00,287049,7bf0e23b-e546-4171-8243-7b016fd37d6e,,10,FAULT,0x2080,SENSOR_RANGE|PUMP_CAVITATION,0,0,0,0,0,0,0.0,1.05,0.0,0.0,0.0,0.0,0.0,0.0,0.0,-1.05,112.5,1012.9,20.3,9.0,0.0,0.0,0.0,,0.0,0,0,0,0,0,4.2,0.01,0.0,4495.53,4495.53,0.0,2.74
2026-06-05T07:46:20.502+00:00,287224,7bf0e23b-e546-4171-8243-7b016fd37d6e,,10,FAULT,0x2080,SENSOR_RANGE|PUMP_CAVITATION,0,0,0,0,0,0,0.0,0.0,0.0,0.0,0.0,0.0,0.0,0.0,0.0,-0.56,111.03,1013.0,20.3,9.0,0.0,0.0,0.0,,0.0,0,0,0,0,0,4.2,0.01,0.0,4495.53,4495.53,0.0,2.8
2026-06-05T07:46:20.678+00:00,287400,7bf0e23b-e546-4171-8243-7b016fd37d6e,,10,FAULT,0x2080,SENSOR_RANGE|PUMP_CAVITATION,0,0,0,0,0,0,0.0,0.0,0.0,0.0,0.0,0.0,0.0,0.0,0.0,1.63,107.61,1013.0,20.3,9.0,0.0,0.0,0.0,,0.0,0,0,0,0,0,4.2,0.01,0.0,4495.53,4495.53,0.0,12.44
2026-06-05T07:46:20.854+00:00,287576,7bf0e23b-e546-4171-8243-7b016fd37d6e,,10,FAULT,0x2080,SENSOR_RANGE|PUMP_CAVITATION,0,0,0,0,0,0,0.0,0.0,0.0,0.0,0.0,0.0,0.0,0.0,0.0,-1.05,111.76,1012.9,20.3,9.0,0.0,0.0,0.0,,0.0,0,0,0,0,0,4.2,0.01,0.0,4495.53,4495.53,0.0,-15.23
2026-06-05T07:46:21.029+00:00,287751,7bf0e23b-e546-4171-8243-7b016fd37d6e,,10,FAULT,0x2080,SENSOR_RANGE|PUMP_CAVITATION,0,0,0,0,0,0,0.0,0.0,0.0,0.0,0.0,0.0,0.0,0.0,0.0,-0.8,106.26,1012.9,20.3,9.0,0.0,0.0,0.0,,0.0,0,0,0,0,0,4.2,0.01,0.0,4495.53,4495.53,0.0,1.43
2026-06-05T07:46:21.205+00:00,287926,7bf0e23b-e546-4171-8243-7b016fd37d6e,,10,FAULT,0x2080,SENSOR_RANGE|PUMP_CAVITATION,0,0,0,0,0,0,0.04,0.757,0.03,0.0,0.0,0.0,0.0,0.0,0.0,1.63,112.5,1013.0,20.3,9.0,0.0,0.0,0.0,,0.0,0,0,0,0,0,4.2,0.02,0.0,4495.53,4495.53,0.0,13.89
2026-06-05T07:46:21.381+00:00,288101,7bf0e23b-e546-4171-8243-7b016fd37d6e,,10,FAULT,0x2080,SENSOR_RANGE|PUMP_CAVITATION,0,0,0,0,0,0,0.0,0.0,0.0,0.0,0.0,0.0,0.0,0.0,0.0,0.65,108.95,1013.0,20.3,9.0,0.0,0.0,0.0,,0.0,0,0,0,0,0,4.2,0.02,0.0,4495.53,4495.53,0.0,-5.6
2026-06-05T07:46:21.554+00:00,288276,7bf0e23b-e546-4171-8243-7b016fd37d6e,,10,FAULT,0x2080,SENSOR_RANGE|PUMP_CAVITATION,0,0,0,0,0,0,0.0,0.0,0.0,0.0,0.0,0.0,0.0,0.0,0.0,0.41,112.5,1013.0,20.3,9.0,0.0,0.0,0.0,,0.0,0,0,0,0,0,4.2,0.02,0.0,4495.53,4495.53,0.0,-1.37
2026-06-05T07:46:21.731+00:00,288452,7bf0e23b-e546-4171-8243-7b016fd37d6e,,10,FAULT,0x2080,SENSOR_RANGE|PUMP_CAVITATION,0,0,0,0,0,0,0.0,0.024,0.0,0.0,0.0,0.0,0.0,0.0,0.0,0.41,107.12,1013.0,20.3,9.0,0.0,0.0,0.0,,0.0,0,0,0,0,0,4.2,0.02,0.0,4495.53,4495.53,0.0,0.0
2026-06-05T07:46:21.906+00:00,288627,7bf0e23b-e546-4171-8243-7b016fd37d6e,,10,FAULT,0x2080,SENSOR_RANGE|PUMP_CAVITATION,0,0,0,0,0,0,0.0,1.001,0.0,0.0,0.0,0.0,0.0,0.0,0.0,-0.8,112.5,1013.0,20.3,9.0,0.0,0.0,0.0,,0.0,0,0,0,0,0,4.2,0.02,0.0,4495.53,4495.53,0.0,-6.91
2026-06-05T07:46:22.082+00:00,288802,7bf0e23b-e546-4171-8243-7b016fd37d6e,,10,FAULT,0x2080,SENSOR_RANGE|PUMP_CAVITATION,0,0,0,0,0,0,0.0,0.0,0.0,0.0,0.0,0.0,0.0,0.0,0.0,-0.56,106.26,1012.9,20.3,9.0,0.0,0.0,0.0,,0.0,0,0,0,0,0,4.2,0.02,0.0,4495.53,4495.53,0.0,1.37
2026-06-05T07:46:22.258+00:00,288977,7bf0e23b-e546-4171-8243-7b016fd37d6e,,10,FAULT,0x2080,SENSOR_RANGE|PUMP_CAVITATION,0,0,0,0,0,0,0.0,0.024,0.0,0.0,0.0,0.0,0.0,0.0,0.0,-0.8,112.5,1013.0,20.3,9.0,0.0,0.0,0.0,,0.0,0,0,0,0,0,4.2,0.02,0.0,4495.53,4495.53,0.0,-1.37
2026-06-05T07:46:22.434+00:00,289153,7bf0e23b-e546-4171-8243-7b016fd37d6e,,10,FAULT,0x2080,SENSOR_RANGE|PUMP_CAVITATION,0,0,0,0,0,0,0.0,0.0,0.0,0.0,0.0,0.0,0.0,0.0,0.0,0.41,107.0,1012.9,20.3,9.0,0.0,0.0,0.0,,0.0,0,0,0,0,0,4.2,0.02,0.0,4495.53,4495.53,0.0,6.88
2026-06-05T07:46:22.607+00:00,289328,7bf0e23b-e546-4171-8243-7b016fd37d6e,,10,FAULT,0x2080,SENSOR_RANGE|PUMP_CAVITATION,0,0,0,0,0,0,0.0,1.05,0.0,0.0,0.0,0.0,0.0,0.0,0.0,0.41,112.37,1013.0,20.3,9.0,0.0,0.0,0.0,,0.0,0,0,0,0,0,4.2,0.02,0.0,4495.53,4495.53,0.0,0.0
2026-06-05T07:46:22.783+00:00,289504,7bf0e23b-e546-4171-8243-7b016fd37d6e,,10,FAULT,0x2080,SENSOR_RANGE|PUMP_CAVITATION,0,0,0,0,0,0,0.0,0.0,0.0,0.0,0.0,0.0,0.0,0.0,0.0,0.9,110.05,1013.0,20.3,9.0,0.0,0.0,0.0,,0.0,0,0,0,0,0,4.2,0.02,0.0,4495.53,4495.53,0.0,2.78
2026-06-05T07:46:22.959+00:00,289679,7bf0e23b-e546-4171-8243-7b016fd37d6e,,10,FAULT,0x2080,SENSOR_RANGE|PUMP_CAVITATION,0,0,0,0,0,0,0.0,0.0,0.0,0.0,0.0,0.0,0.0,0.0,0.0,0.9,111.52,1013.0,20.3,9.0,0.0,0.0,0.0,,0.0,0,0,0,0,0,4.2,0.02,0.0,4495.53,4495.53,0.0,0.0
2026-06-05T07:46:23.134+00:00,289854,7bf0e23b-e546-4171-8243-7b016fd37d6e,,10,FAULT,0x2080,SENSOR_RANGE|PUMP_CAVITATION,0,0,0,0,0,0,0.0,0.708,0.0,0.0,0.0,0.0,0.0,0.0,0.0,1.39,112.5,1012.9,20.3,8.9,0.0,0.0,0.0,,0.0,0,0,0,0,0,4.2,0.02,0.0,4495.53,4495.53,0.0,2.8
2026-06-05T07:46:23.310+00:00,290029,7bf0e23b-e546-4171-8243-7b016fd37d6e,,10,FAULT,0x2080,SENSOR_RANGE|PUMP_CAVITATION,0,0,0,0,0,0,0.0,0.562,0.0,0.0,0.0,0.0,0.0,0.0,0.0,0.9,112.5,1013.0,20.3,9.0,0.0,0.0,0.0,,0.0,0,0,0,0,0,4.2,0.02,0.0,4495.53,4495.53,0.0,-2.8
2026-06-05T07:46:23.486+00:00,290204,7bf0e23b-e546-4171-8243-7b016fd37d6e,,10,FAULT,0x2080,SENSOR_RANGE|PUMP_CAVITATION,0,0,0,0,0,0,0.0,0.855,0.0,0.0,0.0,0.0,0.0,0.0,0.0,-1.05,112.5,1012.9,20.3,9.0,0.0,0.0,0.0,,0.0,0,0,0,0,0,4.2,0.02,0.0,4495.53,4495.53,0.0,-11.14
2026-06-05T07:46:23.662+00:00,290380,7bf0e23b-e546-4171-8243-7b016fd37d6e,,10,FAULT,0x2080,SENSOR_RANGE|PUMP_CAVITATION,0,0,0,0,0,0,0.0,1.099,0.0,0.0,0.0,0.0,0.0,0.0,0.0,0.0,112.5,1012.9,20.3,9.0,0.0,0.0,0.0,,0.0,0,0,0,0,0,4.2,0.02,0.0,4495.53,4495.53,0.0,5.97
2026-06-05T07:46:23.835+00:00,290555,7bf0e23b-e546-4171-8243-7b016fd37d6e,,10,FAULT,0x2080,SENSOR_RANGE|PUMP_CAVITATION,0,0,0,0,0,0,0.0,0.0,0.0,0.0,0.0,0.0,0.0,0.0,0.0,-0.56,112.5,1012.9,20.3,9.0,0.0,0.0,0.0,,0.0,0,0,0,0,0,4.2,0.02,0.0,4495.53,4495.53,0.0,-3.2
2026-06-05T07:46:24.012+00:00,290731,7bf0e23b-e546-4171-8243-7b016fd37d6e,,10,FAULT,0x2080,SENSOR_RANGE|PUMP_CAVITATION,0,0,0,0,0,0,0.0,0.219,0.0,0.0,0.0,0.0,0.0,0.0,0.0,-1.29,110.3,1013.0,20.3,9.0,0.0,0.0,0.0,,0.0,0,0,0,0,0,4.2,0.02,0.0,4495.53,4495.53,0.0,-4.15
2026-06-05T07:46:24.188+00:00,290907,7bf0e23b-e546-4171-8243-7b016fd37d6e,,10,FAULT,0x2080,SENSOR_RANGE|PUMP_CAVITATION,0,0,0,0,0,0,0.04,0.317,0.01,0.0,0.0,0.0,0.0,0.0,0.0,1.39,112.5,1013.0,20.3,9.0,0.0,0.0,0.0,,0.0,0,0,0,0,0,4.2,0.02,0.0,4495.53,4495.53,0.0,15.23
2026-06-05T07:46:24.363+00:00,291082,7bf0e23b-e546-4171-8243-7b016fd37d6e,,10,FAULT,0x2080,SENSOR_RANGE|PUMP_CAVITATION,0,0,0,0,0,0,0.0,0.024,0.0,0.0,0.0,0.0,0.0,0.0,0.0,-0.8,106.63,1013.0,20.3,9.0,0.0,0.0,0.0,,0.0,0,0,0,0,0,4.2,0.02,0.0,4495.53,4495.53,0.0,-12.51
2026-06-05T07:46:24.539+00:00,291257,7bf0e23b-e546-4171-8243-7b016fd37d6e,,10,FAULT,0x2080,SENSOR_RANGE|PUMP_CAVITATION,0,0,0,0,0,0,0.0,0.0,0.0,0.0,0.0,0.0,0.0,0.0,0.0,0.0,112.5,1012.9,20.3,9.0,0.0,0.0,0.0,,0.0,0,0,0,0,0,4.2,0.02,0.0,4495.53,4495.53,0.0,4.57
2026-06-05T07:46:24.715+00:00,291432,7bf0e23b-e546-4171-8243-7b016fd37d6e,,10,FAULT,0x2080,SENSOR_RANGE|PUMP_CAVITATION,0,0,0,0,0,0,0.0,0.0,0.0,0.0,0.0,0.0,0.0,0.0,0.0,-0.31,107.49,1013.0,20.3,9.0,0.0,0.0,0.0,,0.0,0,0,0,0,0,4.2,0.02,0.0,4495.53,4495.53,0.0,-1.77
2026-06-05T07:46:24.889+00:00,291608,7bf0e23b-e546-4171-8243-7b016fd37d6e,,10,FAULT,0x2080,SENSOR_RANGE|PUMP_CAVITATION,0,0,0,0,0,0,0.0,0.855,0.0,0.0,0.0,0.0,0.0,0.0,0.0,-0.31,112.5,1013.0,20.3,9.0,0.0,0.0,0.0,,0.0,0,0,0,0,0,4.2,0.02,0.0,4495.53,4495.53,0.0,0.0
2026-06-05T07:46:25.064+00:00,291783,7bf0e23b-e546-4171-8243-7b016fd37d6e,,10,FAULT,0x2080,SENSOR_RANGE|PUMP_CAVITATION,0,0,0,0,0,0,0.0,0.415,0.0,0.0,0.0,0.0,0.0,0.0,0.0,0.0,110.78,1013.0,20.3,9.0,0.0,0.0,0.0,,0.0,0,0,0,0,0,4.2,0.02,0.0,4495.53,4495.53,0.0,1.77
2026-06-05T07:46:25.240+00:00,291958,7bf0e23b-e546-4171-8243-7b016fd37d6e,,10,FAULT,0x2080,SENSOR_RANGE|PUMP_CAVITATION,0,0,0,0,0,0,0.0,0.464,0.0,0.0,0.0,0.0,0.0,0.0,0.0,0.65,112.5,1012.9,20.3,9.0,0.0,0.0,0.0,,0.0,0,0,0,0,0,4.2,0.02,0.0,4495.53,4495.53,0.0,3.71
2026-06-05T07:46:25.416+00:00,292133,7bf0e23b-e546-4171-8243-7b016fd37d6e,,10,FAULT,0x2080,SENSOR_RANGE|PUMP_CAVITATION,0,0,0,0,0,0,0.0,0.366,0.0,0.0,0.0,0.0,0.0,0.0,0.0,0.0,109.2,1012.9,20.3,9.0,0.0,0.0,0.0,,0.0,0,0,0,0,0,4.2,0.02,0.0,4495.53,4495.53,0.0,-3.71
2026-06-05T07:46:25.591+00:00,292308,7bf0e23b-e546-4171-8243-7b016fd37d6e,,10,FAULT,0x2080,SENSOR_RANGE|PUMP_CAVITATION,0,0,0,0,0,0,0.0,0.0,0.0,0.0,0.0,0.0,0.0,0.0,0.0,0.41,112.5,1012.9,20.3,9.0,0.0,0.0,0.0,,0.0,0,0,0,0,0,4.2,0.02,0.0,4495.53,4495.53,0.0,2.34
2026-06-05T07:46:25.767+00:00,292484,7bf0e23b-e546-4171-8243-7b016fd37d6e,,10,FAULT,0x2080,SENSOR_RANGE|PUMP_CAVITATION,0,0,0,0,0,0,0.0,0.317,0.0,0.0,0.0,0.0,0.0,0.0,0.0,-0.56,111.03,1013.0,20.3,9.0,0.0,0.0,0.0,,0.0,0,0,0,0,0,4.2,0.02,0.0,4495.53,4495.53,0.0,-5.51
2026-06-05T07:46:25.943+00:00,292660,7bf0e23b-e546-4171-8243-7b016fd37d6e,,10,FAULT,0x2080,SENSOR_RANGE|PUMP_CAVITATION,0,0,0,0,0,0,0.0,0.708,0.0,0.0,0.0,0.0,0.0,0.0,0.0,0.9,112.5,1013.0,20.3,9.0,0.0,0.0,0.0,,0.0,0,0,0,0,0,4.2,0.02,0.0,4495.53,4495.53,0.0,8.3
2026-06-05T07:46:26.117+00:00,292835,7bf0e23b-e546-4171-8243-7b016fd37d6e,,10,FAULT,0x2080,SENSOR_RANGE|PUMP_CAVITATION,0,0,0,0,0,0,0.0,0.953,0.0,0.0,0.0,0.0,0.0,0.0,0.0,0.41,109.56,1012.9,20.3,9.0,0.0,0.0,0.0,,0.0,0,0,0,0,0,4.2,0.02,0.0,4495.53,4495.53,0.0,-2.8
2026-06-05T07:46:26.293+00:00,293010,7bf0e23b-e546-4171-8243-7b016fd37d6e,,10,FAULT,0x2080,SENSOR_RANGE|PUMP_CAVITATION,0,0,0,0,0,0,0.0,0.953,0.0,0.0,0.0,0.0,0.0,0.0,0.0,-0.8,109.68,1013.0,20.3,9.0,0.0,0.0,0.0,,0.0,0,0,0,0,0,4.2,0.02,0.0,4495.53,4495.53,0.0,-6.91
2026-06-05T07:46:26.468+00:00,293185,7bf0e23b-e546-4171-8243-7b016fd37d6e,,10,FAULT,0x2080,SENSOR_RANGE|PUMP_CAVITATION,0,0,0,0,0,0,0.0,0.0,0.0,0.0,0.0,0.0,0.0,0.0,0.0,0.9,110.42,1013.0,20.3,9.0,0.0,0.0,0.0,,0.0,0,0,0,0,0,4.2,0.02,0.0,4495.53,4495.53,0.0,9.71
2026-06-05T07:46:26.644+00:00,293360,7bf0e23b-e546-4171-8243-7b016fd37d6e,,10,FAULT,0x2080,SENSOR_RANGE|PUMP_CAVITATION,0,0,0,0,0,0,0.0,0.0,0.0,0.0,0.0,0.0,0.0,0.0,0.0,0.41,109.68,1013.0,20.3,9.0,0.0,0.0,0.0,,0.0,0,0,0,0,0,4.2,0.02,0.0,4495.53,4495.53,0.0,-2.8
2026-06-05T07:46:26.820+00:00,293536,7bf0e23b-e546-4171-8243-7b016fd37d6e,,10,FAULT,0x2080,SENSOR_RANGE|PUMP_CAVITATION,0,0,0,0,0,0,0.0,0.904,0.0,0.0,0.0,0.0,0.0,0.0,0.0,-1.05,110.17,1013.0,20.3,9.0,0.0,0.0,0.0,,0.0,0,0,0,0,0,4.2,0.02,0.0,4495.53,4495.53,0.0,-8.3
2026-06-05T07:46:26.996+00:00,293711,7bf0e23b-e546-4171-8243-7b016fd37d6e,,10,FAULT,0x2080,SENSOR_RANGE|PUMP_CAVITATION,0,0,0,0,0,0,0.0,0.0,0.0,0.0,0.0,0.0,0.0,0.0,0.0,0.9,109.2,1013.0,20.3,9.0,0.0,0.0,0.0,,0.0,0,0,0,0,0,4.2,0.02,0.0,4495.53,4495.53,0.0,11.14
2026-06-05T07:46:27.170+00:00,293886,7bf0e23b-e546-4171-8243-7b016fd37d6e,,10,FAULT,0x2080,SENSOR_RANGE|PUMP_CAVITATION,0,0,0,0,0,0,0.0,0.415,0.0,0.0,0.0,0.0,0.0,0.0,0.0,-1.78,112.5,1013.0,20.3,9.0,0.0,0.0,0.0,,0.0,0,0,0,0,0,4.2,0.02,0.0,4495.53,4495.53,0.0,-15.31
2026-06-05T07:46:27.346+00:00,294062,7bf0e23b-e546-4171-8243-7b016fd37d6e,,10,FAULT,0x2080,SENSOR_RANGE|PUMP_CAVITATION,0,0,0,0,0,0,0.0,0.513,0.0,0.0,0.0,0.0,0.0,0.0,0.0,0.41,112.5,1013.0,20.3,9.0,0.0,0.0,0.0,,0.0,0,0,0,0,0,4.2,0.02,0.0,4495.53,4495.53,0.0,12.44
2026-06-05T07:46:27.521+00:00,294238,7bf0e23b-e546-4171-8243-7b016fd37d6e,,10,FAULT,0x2080,SENSOR_RANGE|PUMP_CAVITATION,0,0,0,0,0,0,0.0,0.0,0.0,0.0,0.0,0.0,0.0,0.0,0.0,0.41,111.64,1013.0,20.3,9.0,0.0,0.0,0.0,,0.0,0,0,0,0,0,4.2,0.02,0.0,4495.53,4495.53,0.0,0.0
2026-06-05T07:46:27.697+00:00,294413,7bf0e23b-e546-4171-8243-7b016fd37d6e,,10,FAULT,0x2080,SENSOR_RANGE|PUMP_CAVITATION,0,0,0,0,0,0,0.0,0.0,0.0,0.0,0.0,0.0,0.0,0.0,0.0,3.1,106.14,1013.0,20.3,9.0,0.0,0.0,0.0,,0.0,0,0,0,0,0,4.2,0.02,0.0,4495.53,4495.53,0.0,15.37
2026-06-05T07:46:27.873+00:00,294588,7bf0e23b-e546-4171-8243-7b016fd37d6e,,10,FAULT,0x2080,SENSOR_RANGE|PUMP_CAVITATION,0,0,0,0,0,0,0.0,0.171,0.0,0.0,0.0,0.0,0.0,0.0,0.0,-1.78,112.5,1012.9,20.3,9.0,0.0,0.0,0.0,,0.0,0,0,0,0,0,4.2,0.02,0.0,4495.53,4495.53,0.0,-27.89
2026-06-05T07:46:28.049+00:00,294763,7bf0e23b-e546-4171-8243-7b016fd37d6e,,10,FAULT,0x2080,SENSOR_RANGE|PUMP_CAVITATION,0,0,0,0,0,0,0.0,0.415,0.0,0.0,0.0,0.0,0.0,0.0,0.0,0.65,110.3,1012.9,20.3,9.0,0.0,0.0,0.0,,0.0,0,0,0,0,0,4.2,0.02,0.0,4495.53,4495.53,0.0,13.89
2026-06-05T07:46:28.222+00:00,294939,7bf0e23b-e546-4171-8243-7b016fd37d6e,,10,FAULT,0x2080,SENSOR_RANGE|PUMP_CAVITATION,0,0,0,0,0,0,0.0,0.0,0.0,0.0,0.0,0.0,0.0,0.0,0.0,-0.31,112.5,1012.9,20.3,9.0,0.0,0.0,0.0,,0.0,0,0,0,0,0,4.2,0.02,0.0,4495.53,4495.53,0.0,-5.45
2026-06-05T07:46:28.398+00:00,295114,7bf0e23b-e546-4171-8243-7b016fd37d6e,,10,FAULT,0x2080,SENSOR_RANGE|PUMP_CAVITATION,0,0,0,0,0,0,0.0,0.024,0.0,0.0,0.0,0.0,0.0,0.0,0.0,-1.78,109.44,1013.0,20.3,9.0,0.0,0.0,0.0,,0.0,0,0,0,0,0,4.2,0.02,0.0,4495.53,4495.53,0.0,-8.4
2026-06-05T07:46:28.574+00:00,295289,7bf0e23b-e546-4171-8243-7b016fd37d6e,,10,FAULT,0x2080,SENSOR_RANGE|PUMP_CAVITATION,0,0,0,0,0,0,0.0,1.295,0.0,0.0,0.0,0.0,0.0,0.0,0.0,-0.8,112.5,1013.0,20.3,9.0,0.0,0.0,0.0,,0.0,0,0,0,0,0,4.2,0.02,0.0,4495.53,4495.53,0.0,5.6
2026-06-05T07:46:28.750+00:00,295465,7bf0e23b-e546-4171-8243-7b016fd37d6e,,10,FAULT,0x2080,SENSOR_RANGE|PUMP_CAVITATION,0,0,0,0,0,0,0.0,0.415,0.0,0.0,0.0,0.0,0.0,0.0,0.0,0.0,111.64,1012.9,20.3,9.0,0.0,0.0,0.0,,0.0,0,0,0,0,0,4.2,0.02,0.0,4495.53,4495.53,0.0,4.55
2026-06-05T07:46:28.926+00:00,295641,7bf0e23b-e546-4171-8243-7b016fd37d6e,,10,FAULT,0x2080,SENSOR_RANGE|PUMP_CAVITATION,0,0,0,0,0,0,0.0,0.953,0.0,0.0,0.0,0.0,0.0,0.0,0.0,-1.05,112.5,1013.0,20.3,9.0,0.0,0.0,0.0,,0.0,0,0,0,0,0,4.2,0.02,0.0,4495.53,4495.53,0.0,-5.97
2026-06-05T07:46:29.102+00:00,295816,7bf0e23b-e546-4171-8243-7b016fd37d6e,,10,FAULT,0x2080,SENSOR_RANGE|PUMP_CAVITATION,0,0,0,0,0,0,0.0,0.0,0.0,0.0,0.0,0.0,0.0,0.0,0.0,0.0,109.93,1013.0,20.3,9.0,0.0,0.0,0.0,,0.0,0,0,0,0,0,4.2,0.02,0.0,4495.53,4495.53,0.0,6.0
2026-06-05T07:46:29.277+00:00,295991,7bf0e23b-e546-4171-8243-7b016fd37d6e,,10,FAULT,0x2080,SENSOR_RANGE|PUMP_CAVITATION,0,0,0,0,0,0,0.0,0.0,0.0,0.0,0.0,0.0,0.0,0.0,0.0,1.14,111.4,1012.9,20.3,9.0,0.0,0.0,0.0,,0.0,0,0,0,0,0,4.2,0.02,0.0,4495.53,4495.53,0.0,6.51
2026-06-05T07:46:29.451+00:00,296166,7bf0e23b-e546-4171-8243-7b016fd37d6e,,10,FAULT,0x2080,SENSOR_RANGE|PUMP_CAVITATION,0,0,0,0,0,0,0.0,0.0,0.0,0.0,0.0,0.0,0.0,0.0,0.0,-1.29,110.54,1012.9,20.3,9.0,0.0,0.0,0.0,,0.0,0,0,0,0,0,4.2,0.02,0.0,4495.53,4495.53,0.0,-13.89
2026-06-05T07:46:29.627+00:00,296341,7bf0e23b-e546-4171-8243-7b016fd37d6e,,10,FAULT,0x2080,SENSOR_RANGE|PUMP_CAVITATION,0,0,0,0,0,0,0.0,1.05,0.0,0.0,0.0,0.0,0.0,0.0,0.0,-0.8,112.5,1012.9,20.3,9.0,0.0,0.0,0.0,,0.0,0,0,0,0,0,4.2,0.02,0.0,4495.53,4495.53,0.0,2.8
2026-06-05T07:46:29.803+00:00,296517,7bf0e23b-e546-4171-8243-7b016fd37d6e,,10,FAULT,0x2080,SENSOR_RANGE|PUMP_CAVITATION,0,0,0,0,0,0,0.0,0.317,0.0,0.0,0.0,0.0,0.0,0.0,0.0,-1.05,112.5,1013.0,20.3,9.0,0.0,0.0,0.0,,0.0,0,0,0,0,0,4.2,0.02,0.0,4495.53,4495.53,0.0,-1.42
2026-06-05T07:46:29.979+00:00,296692,7bf0e23b-e546-4171-8243-7b016fd37d6e,,10,FAULT,0x2080,SENSOR_RANGE|PUMP_CAVITATION,0,0,0,0,0,0,0.0,0.659,0.0,0.0,0.0,0.0,0.0,0.0,0.0,1.14,107.49,1012.9,20.3,9.0,0.0,0.0,0.0,,0.0,0,0,0,0,0,4.2,0.02,0.0,4495.53,4495.53,0.0,12.51
2026-06-05T07:46:30.154+00:00,296867,7bf0e23b-e546-4171-8243-7b016fd37d6e,,10,FAULT,0x2080,SENSOR_RANGE|PUMP_CAVITATION,0,0,0,0,0,0,0.0,0.0,0.0,0.0,0.0,0.0,0.0,0.0,0.0,0.0,112.5,1012.9,20.3,9.0,0.0,0.0,0.0,,0.0,0,0,0,0,0,4.2,0.02,0.0,4495.53,4495.53,0.0,-6.51
2026-06-05T07:46:30.330+00:00,297042,7bf0e23b-e546-4171-8243-7b016fd37d6e,,10,FAULT,0x2080,SENSOR_RANGE|PUMP_CAVITATION,0,0,0,0,0,0,0.0,0.415,0.0,0.0,0.0,0.0,0.0,0.0,0.0,-1.29,109.2,1013.0,20.3,9.0,0.0,0.0,0.0,,0.0,0,0,0,0,0,4.2,0.02,0.0,4495.53,4495.53,0.0,-7.37
2026-06-05T07:46:30.506+00:00,297219,7bf0e23b-e546-4171-8243-7b016fd37d6e,,10,FAULT,0x2080,SENSOR_RANGE|PUMP_CAVITATION,0,0,0,0,0,0,0.0,0.757,0.0,0.0,0.0,0.0,0.0,0.0,0.0,1.39,112.25,1012.9,20.3,9.0,0.0,0.0,0.0,,0.0,0,0,0,0,0,4.2,0.02,0.0,4495.53,4495.53,0.0,15.14
2026-06-05T07:46:30.680+00:00,297394,7bf0e23b-e546-4171-8243-7b016fd37d6e,,10,FAULT,0x2080,SENSOR_RANGE|PUMP_CAVITATION,0,0,0,0,0,0,0.0,0.171,0.0,0.0,0.0,0.0,0.0,0.0,0.0,-1.53,108.58,1012.9,20.3,9.0,0.0,0.0,0.0,,0.0,0,0,0,0,0,4.2,0.02,0.0,4495.53,4495.53,0.0,-16.69
2026-06-05T07:46:30.856+00:00,297570,7bf0e23b-e546-4171-8243-7b016fd37d6e,,10,FAULT,0x2080,SENSOR_RANGE|PUMP_CAVITATION,0,0,0,0,0,0,0.0,0.219,0.0,0.0,0.0,0.0,0.0,0.0,0.0,0.41,112.5,1012.9,20.3,9.0,0.0,0.0,0.0,,0.0,0,0,0,0,0,4.2,0.02,0.0,4495.53,4495.53,0.0,11.02
2026-06-05T07:46:31.032+00:00,297745,7bf0e23b-e546-4171-8243-7b016fd37d6e,,10,FAULT,0x2080,SENSOR_RANGE|PUMP_CAVITATION,0,0,0,0,0,0,0.0,0.0,0.0,0.0,0.0,0.0,0.0,0.0,0.0,0.41,108.22,1013.0,20.3,9.0,0.0,0.0,0.0,,0.0,0,0,0,0,0,4.2,0.02,0.0,4495.53,4495.53,0.0,0.0
2026-06-05T07:46:31.207+00:00,297920,7bf0e23b-e546-4171-8243-7b016fd37d6e,,10,FAULT,0x2080,SENSOR_RANGE|PUMP_CAVITATION,0,0,0,0,0,0,0.0,0.0,0.0,0.0,0.0,0.0,0.0,0.0,0.0,0.0,112.5,1012.9,20.3,9.0,0.0,0.0,0.0,,0.0,0,0,0,0,0,4.2,0.02,0.0,4495.53,4495.53,0.0,-2.34
2026-06-05T07:46:31.383+00:00,298095,7bf0e23b-e546-4171-8243-7b016fd37d6e,,10,FAULT,0x2080,SENSOR_RANGE|PUMP_CAVITATION,0,0,0,0,0,0,0.0,0.0,0.0,0.0,0.0,0.0,0.0,0.0,0.0,-0.56,108.1,1013.0,20.3,9.0,0.0,0.0,0.0,,0.0,0,0,0,0,0,4.2,0.02,0.0,4495.53,4495.53,0.0,-3.2
2026-06-05T07:46:31.559+00:00,298270,7bf0e23b-e546-4171-8243-7b016fd37d6e,,10,FAULT,0x2080,SENSOR_RANGE|PUMP_CAVITATION,0,0,0,0,0,0,0.0,0.219,0.0,0.0,0.0,0.0,0.0,0.0,0.0,-1.05,112.5,1012.9,20.3,9.0,0.0,0.0,0.0,,0.0,0,0,0,0,0,4.2,0.02,0.0,4495.53,4495.53,0.0,-2.8
2026-06-05T07:46:31.732+00:00,298446,7bf0e23b-e546-4171-8243-7b016fd37d6e,,10,FAULT,0x2080,SENSOR_RANGE|PUMP_CAVITATION,0,0,0,0,0,0,0.0,0.513,0.0,0.0,0.0,0.0,0.0,0.0,0.0,1.14,107.73,1012.9,20.3,9.0,0.0,0.0,0.0,,0.0,0,0,0,0,0,4.2,0.02,0.0,4495.53,4495.53,0.0,12.44
2026-06-05T07:46:31.908+00:00,298621,7bf0e23b-e546-4171-8243-7b016fd37d6e,,10,FAULT,0x2080,SENSOR_RANGE|PUMP_CAVITATION,0,0,0,0,0,0,0.0,0.268,0.0,0.0,0.0,0.0,0.0,0.0,0.0,0.9,112.5,1013.0,20.3,9.0,0.0,0.0,0.0,,0.0,0,0,0,0,0,4.2,0.02,0.0,4495.53,4495.53,0.0,-1.37
2026-06-05T07:46:32.084+00:00,298797,7bf0e23b-e546-4171-8243-7b016fd37d6e,,10,FAULT,0x2080,SENSOR_RANGE|PUMP_CAVITATION,0,0,0,0,0,0,0.0,0.0,0.0,0.0,0.0,0.0,0.0,0.0,0.0,-0.31,109.07,1012.9,20.3,9.0,0.0,0.0,0.0,,0.0,0,0,0,0,0,4.2,0.02,0.0,4495.53,4495.53,0.0,-6.88
2026-06-05T07:46:32.260+00:00,298972,7bf0e23b-e546-4171-8243-7b016fd37d6e,,10,FAULT,0x2080,SENSOR_RANGE|PUMP_CAVITATION,0,0,0,0,0,0,0.0,0.415,0.0,0.0,0.0,0.0,0.0,0.0,0.0,0.0,112.5,1012.9,20.3,9.0,0.0,0.0,0.0,,0.0,0,0,0,0,0,4.2,0.02,0.0,4495.53,4495.53,0.0,1.77
2026-06-05T07:46:32.436+00:00,299147,7bf0e23b-e546-4171-8243-7b016fd37d6e,,10,FAULT,0x2080,SENSOR_RANGE|PUMP_CAVITATION,0,0,0,0,0,0,0.0,0.61,0.0,0.0,0.0,0.0,0.0,0.0,0.0,-0.8,112.5,1013.0,20.3,9.0,0.0,0.0,0.0,,0.0,0,0,0,0,0,4.2,0.02,0.0,4495.53,4495.53,0.0,-4.57
2026-06-05T07:46:32.611+00:00,299323,7bf0e23b-e546-4171-8243-7b016fd37d6e,,10,FAULT,0x2080,SENSOR_RANGE|PUMP_CAVITATION,0,0,0,0,0,0,0.0,0.0,0.0,0.0,0.0,0.0,0.0,0.0,0.0,0.9,109.32,1012.9,20.3,9.0,0.0,0.0,0.0,,0.0,0,0,0,0,0,4.2,0.02,0.0,4495.53,4495.53,0.0,9.66
2026-06-05T07:46:32.787+00:00,299498,7bf0e23b-e546-4171-8243-7b016fd37d6e,,10,FAULT,0x2080,SENSOR_RANGE|PUMP_CAVITATION,0,0,0,0,0,0,0.0,0.366,0.0,0.0,0.0,0.0,0.0,0.0,0.0,-0.56,112.5,1012.9,20.3,9.0,0.0,0.0,0.0,,0.0,0,0,0,0,0,4.2,0.02,0.0,4495.53,4495.53,0.0,-8.34
2026-06-05T07:46:32.961+00:00,299673,7bf0e23b-e546-4171-8243-7b016fd37d6e,,10,FAULT,0x2080,SENSOR_RANGE|PUMP_CAVITATION,0,0,0,0,0,0,0.0,0.0,0.0,0.0,0.0,0.0,0.0,0.0,0.0,0.9,112.5,1012.9,20.3,9.0,0.0,0.0,0.0,,0.0,0,0,0,0,0,4.2,0.02,0.0,4495.53,4495.53,0.0,8.34
2026-06-05T07:46:33.137+00:00,299848,7bf0e23b-e546-4171-8243-7b016fd37d6e,,10,FAULT,0x2080,SENSOR_RANGE|PUMP_CAVITATION,0,0,0,0,0,0,0.0,0.0,0.0,0.0,0.0,0.0,0.0,0.0,0.0,1.14,111.76,1013.0,20.3,9.0,0.0,0.0,0.0,,0.0,0,0,0,0,0,4.2,0.02,0.0,4495.53,4495.53,0.0,1.37
2026-06-05T07:46:33.312+00:00,300023,7bf0e23b-e546-4171-8243-7b016fd37d6e,,10,FAULT,0x2080,SENSOR_RANGE|PUMP_CAVITATION,0,0,0,0,0,0,0.0,0.0,0.0,0.0,0.0,0.0,0.0,0.0,0.0,0.0,107.73,1012.9,20.3,9.0,0.0,0.0,0.0,,0.0,0,0,0,0,0,4.2,0.02,0.0,4495.53,4495.53,0.0,-6.51
2026-06-05T07:46:33.488+00:00,300198,7bf0e23b-e546-4171-8243-7b016fd37d6e,,10,FAULT,0x2080,SENSOR_RANGE|PUMP_CAVITATION,0,0,0,0,0,0,0.0,0.806,0.0,0.0,0.0,0.0,0.0,0.0,0.0,-1.78,112.5,1012.9,20.3,9.0,0.0,0.0,0.0,,0.0,0,0,0,0,0,4.2,0.02,0.0,4495.53,4495.53,0.0,-10.17
2026-06-05T07:46:33.664+00:00,300374,7bf0e23b-e546-4171-8243-7b016fd37d6e,,10,FAULT,0x2080,SENSOR_RANGE|PUMP_CAVITATION,0,0,0,0,0,0,0.0,0.024,0.0,0.0,0.0,0.0,0.0,0.0,0.0,-0.56,107.85,1012.9,20.3,9.0,0.0,0.0,0.0,,0.0,0,0,0,0,0,4.2,0.02,0.0,4495.53,4495.53,0.0,6.93
2026-06-05T07:46:33.840+00:00,300550,7bf0e23b-e546-4171-8243-7b016fd37d6e,,10,FAULT,0x2080,SENSOR_RANGE|PUMP_CAVITATION,0,0,0,0,0,0,0.0,1.05,0.0,0.0,0.0,0.0,0.0,0.0,0.0,-0.56,112.37,1012.9,20.3,9.0,0.0,0.0,0.0,,0.0,0,0,0,0,0,4.2,0.02,0.0,4495.53,4495.53,0.0,0.0
2026-06-05T07:46:34.014+00:00,300725,7bf0e23b-e546-4171-8243-7b016fd37d6e,,10,FAULT,0x2080,SENSOR_RANGE|PUMP_CAVITATION,0,0,0,0,0,0,0.0,0.659,0.0,0.0,0.0,0.0,0.0,0.0,0.0,-0.56,109.56,1012.9,20.3,9.0,0.0,0.0,0.0,,0.0,0,0,0,0,0,4.2,0.02,0.0,4495.53,4495.53,0.0,0.0
2026-06-05T07:46:34.189+00:00,300900,7bf0e23b-e546-4171-8243-7b016fd37d6e,,10,FAULT,0x2080,SENSOR_RANGE|PUMP_CAVITATION,0,0,0,0,0,0,0.0,0.0,0.0,0.0,0.0,0.0,0.0,0.0,0.0,0.0,111.76,1013.0,20.3,9.0,0.0,0.0,0.0,,0.0,0,0,0,0,0,4.2,0.02,0.0,4495.53,4495.53,0.0,3.2
2026-06-05T07:46:34.365+00:00,301075,7bf0e23b-e546-4171-8243-7b016fd37d6e,,10,FAULT,0x2080,SENSOR_RANGE|PUMP_CAVITATION,0,0,0,0,0,0,0.0,0.268,0.0,0.0,0.0,0.0,0.0,0.0,0.0,0.65,107.49,1013.0,20.3,9.0,0.0,0.0,0.0,,0.0,0,0,0,0,0,4.2,0.02,0.0,4495.53,4495.53,0.0,3.71
2026-06-05T07:46:34.541+00:00,301251,7bf0e23b-e546-4171-8243-7b016fd37d6e,,10,FAULT,0x2080,SENSOR_RANGE|PUMP_CAVITATION,0,0,0,0,0,0,0.0,0.757,0.0,0.0,0.0,0.0,0.0,0.0,0.0,-0.31,112.5,1013.0,20.3,9.0,0.0,0.0,0.0,,0.0,0,0,0,0,0,4.2,0.02,0.0,4495.53,4495.53,0.0,-5.45
2026-06-05T07:46:34.717+00:00,301426,7bf0e23b-e546-4171-8243-7b016fd37d6e,,10,FAULT,0x2080,SENSOR_RANGE|PUMP_CAVITATION,0,0,0,0,0,0,0.0,0.0,0.0,0.0,0.0,0.0,0.0,0.0,0.0,0.41,109.81,1013.0,20.3,9.0,0.0,0.0,0.0,,0.0,0,0,0,0,0,4.2,0.02,0.0,4495.53,4495.53,0.0,4.11
2026-06-05T07:46:34.893+00:00,301601,7bf0e23b-e546-4171-8243-7b016fd37d6e,,10,FAULT,0x2080,SENSOR_RANGE|PUMP_CAVITATION,0,0,0,0,0,0,0.0,0.708,0.0,0.0,0.0,0.0,0.0,0.0,0.0,0.0,112.13,1012.9,20.3,9.0,0.0,0.0,0.0,,0.0,0,0,0,0,0,4.2,0.02,0.0,4495.53,4495.53,0.0,-2.34
2026-06-05T07:46:35.066+00:00,301776,7bf0e23b-e546-4171-8243-7b016fd37d6e,,10,FAULT,0x2080,SENSOR_RANGE|PUMP_CAVITATION,0,0,0,0,0,0,0.0,0.0,0.0,0.0,0.0,0.0,0.0,0.0,0.0,-1.29,108.83,1013.0,20.3,9.0,0.0,0.0,0.0,,0.0,0,0,0,0,0,4.2,0.02,0.0,4495.53,4495.53,0.0,-7.37
2026-06-05T07:46:35.242+00:00,301952,7bf0e23b-e546-4171-8243-7b016fd37d6e,,10,FAULT,0x2080,SENSOR_RANGE|PUMP_CAVITATION,0,0,0,0,0,0,0.0,1.197,0.0,0.0,0.0,0.0,0.0,0.0,0.0,-0.56,112.5,1013.0,20.3,9.0,0.0,0.0,0.0,,0.0,0,0,0,0,0,4.2,0.02,0.0,4495.53,4495.53,0.0,4.15
2026-06-05T07:46:35.418+00:00,302128,7bf0e23b-e546-4171-8243-7b016fd37d6e,,10,FAULT,0x2080,SENSOR_RANGE|PUMP_CAVITATION,0,0,0,0,0,0,0.0,0.415,0.0,0.0,0.0,0.0,0.0,0.0,0.0,-1.78,111.88,1013.0,20.3,9.0,0.0,0.0,0.0,,0.0,0,0,0,0,0,4.2,0.02,0.0,4495.53,4495.53,0.0,-6.93
2026-06-05T07:46:35.594+00:00,302303,7bf0e23b-e546-4171-8243-7b016fd37d6e,,10,FAULT,0x2080,SENSOR_RANGE|PUMP_CAVITATION,0,0,0,0,0,0,0.0,1.001,0.0,0.0,0.0,0.0,0.0,0.0,0.0,0.65,109.68,1012.9,20.3,9.0,0.0,0.0,0.0,,0.0,0,0,0,0,0,4.2,0.02,0.0,4495.53,4495.53,0.0,13.89
2026-06-05T07:46:35.770+00:00,302479,7bf0e23b-e546-4171-8243-7b016fd37d6e,,10,FAULT,0x2080,SENSOR_RANGE|PUMP_CAVITATION,0,0,0,0,0,0,0.0,0.953,0.0,0.0,0.0,0.0,0.0,0.0,0.0,-0.56,112.5,1012.9,20.3,9.0,0.0,0.0,0.0,,0.0,0,0,0,0,0,4.2,0.02,0.0,4495.53,4495.53,0.0,-6.88
2026-06-05T07:46:35.946+00:00,302654,7bf0e23b-e546-4171-8243-7b016fd37d6e,,10,FAULT,0x2080,SENSOR_RANGE|PUMP_CAVITATION,0,0,0,0,0,0,0.0,0.073,0.0,0.0,0.0,0.0,0.0,0.0,0.0,-1.53,108.71,1013.0,20.3,9.0,0.0,0.0,0.0,,0.0,0,0,0,0,0,4.2,0.02,0.0,4495.53,4495.53,0.0,-5.54
2026-06-05T07:46:36.122+00:00,302829,7bf0e23b-e546-4171-8243-7b016fd37d6e,,10,FAULT,0x2080,SENSOR_RANGE|PUMP_CAVITATION,0,0,0,0,0,0,0.0,0.513,0.0,0.0,0.0,0.0,0.0,0.0,0.0,-0.56,112.5,1012.9,20.3,9.0,0.0,0.0,0.0,,0.0,0,0,0,0,0,4.2,0.02,0.0,4495.53,4495.53,0.0,5.54
2026-06-05T07:46:36.295+00:00,303005,7bf0e23b-e546-4171-8243-7b016fd37d6e,,10,FAULT,0x2080,SENSOR_RANGE|PUMP_CAVITATION,0,0,0,0,0,0,0.0,0.073,0.0,0.0,0.0,0.0,0.0,0.0,0.0,-0.31,109.2,1013.0,20.3,9.0,0.0,0.0,0.0,,0.0,0,0,0,0,0,4.2,0.02,0.0,4495.53,4495.53,0.0,1.42
2026-06-05T07:46:36.471+00:00,303180,7bf0e23b-e546-4171-8243-7b016fd37d6e,,10,FAULT,0x2080,SENSOR_RANGE|PUMP_CAVITATION,0,0,0,0,0,0,0.0,0.0,0.0,0.0,0.0,0.0,0.0,0.0,0.0,-0.8,112.5,1012.9,20.3,8.9,0.0,0.0,0.0,,0.0,0,0,0,0,0,4.2,0.02,0.0,4495.53,4495.53,0.0,-2.8
2026-06-05T07:46:36.647+00:00,303355,7bf0e23b-e546-4171-8243-7b016fd37d6e,,10,FAULT,0x2080,SENSOR_RANGE|PUMP_CAVITATION,0,0,0,0,0,0,0.0,0.806,0.0,0.0,0.0,0.0,0.0,0.0,0.0,0.0,112.25,1012.9,20.3,9.0,0.0,0.0,0.0,,0.0,0,0,0,0,0,4.2,0.02,0.0,4495.53,4495.53,0.0,4.57
2026-06-05T07:46:36.823+00:00,303531,7bf0e23b-e546-4171-8243-7b016fd37d6e,,10,FAULT,0x2080,SENSOR_RANGE|PUMP_CAVITATION,0,0,0,0,0,0,0.0,0.415,0.0,0.0,0.0,0.0,0.0,0.0,0.0,-2.51,112.5,1013.0,20.3,9.0,0.0,0.0,0.0,,0.0,0,0,0,0,0,4.2,0.02,0.0,4495.53,4495.53,0.0,-14.26
2026-06-05T07:46:36.999+00:00,303706,7bf0e23b-e546-4171-8243-7b016fd37d6e,,10,FAULT,0x2080,SENSOR_RANGE|PUMP_CAVITATION,0,0,0,0,0,0,0.0,0.171,0.0,0.0,0.0,0.0,0.0,0.0,0.0,-1.53,107.24,1012.9,20.3,9.0,0.0,0.0,0.0,,0.0,0,0,0,0,0,4.2,0.02,0.0,4495.53,4495.53,0.0,5.6
2026-06-05T07:46:37.175+00:00,303882,7bf0e23b-e546-4171-8243-7b016fd37d6e,,10,FAULT,0x2080,SENSOR_RANGE|PUMP_CAVITATION,0,0,0,0,0,0,0.0,1.392,0.0,0.0,0.0,0.0,0.0,0.0,0.0,-1.05,112.01,1013.0,20.3,9.0,0.0,0.0,0.0,,0.0,0,0,0,0,0,4.2,0.02,0.0,4495.53,4495.53,0.0,2.73
2026-06-05T07:46:37.350+00:00,304057,7bf0e23b-e546-4171-8243-7b016fd37d6e,,10,FAULT,0x2080,SENSOR_RANGE|PUMP_CAVITATION,0,0,0,0,0,0,0.0,0.61,0.0,0.0,0.0,0.0,0.0,0.0,0.0,-1.53,110.78,1013.0,20.3,9.0,0.0,0.0,0.0,,0.0,0,0,0,0,0,4.2,0.02,0.0,4495.53,4495.53,0.0,-2.74
2026-06-05T07:46:37.526+00:00,304233,7bf0e23b-e546-4171-8243-7b016fd37d6e,,10,FAULT,0x2080,SENSOR_RANGE|PUMP_CAVITATION,0,0,0,0,0,0,0.0,0.464,0.0,0.0,0.0,0.0,0.0,0.0,0.0,-1.05,112.5,1012.9,20.3,9.0,0.0,0.0,0.0,,0.0,0,0,0,0,0,4.2,0.02,0.0,4495.53,4495.53,0.0,2.73
2026-06-05T07:46:37.701+00:00,304408,7bf0e23b-e546-4171-8243-7b016fd37d6e,,10,FAULT,0x2080,SENSOR_RANGE|PUMP_CAVITATION,0,0,0,0,0,0,0.0,0.024,0.0,0.0,0.0,0.0,0.0,0.0,0.0,-0.56,108.58,1012.9,20.3,8.9,0.0,0.0,0.0,,0.0,0,0,0,0,0,4.2,0.02,0.0,4495.53,4495.53,0.0,2.8
2026-06-05T07:46:37.876+00:00,304584,7bf0e23b-e546-4171-8243-7b016fd37d6e,,10,FAULT,0x2080,SENSOR_RANGE|PUMP_CAVITATION,0,0,0,0,0,0,0.0,0.122,0.0,0.0,0.0,0.0,0.0,0.0,0.0,-1.29,111.52,1012.9,20.3,9.0,0.0,0.0,0.0,,0.0,0,0,0,0,0,4.2,0.02,0.0,4495.53,4495.53,0.0,-4.15
2026-06-05T07:46:38.052+00:00,304759,7bf0e23b-e546-4171-8243-7b016fd37d6e,,10,FAULT,0x2080,SENSOR_RANGE|PUMP_CAVITATION,0,0,0,0,0,0,0.0,0.0,0.0,0.0,0.0,0.0,0.0,0.0,0.0,0.0,109.56,1013.0,20.3,9.0,0.0,0.0,0.0,,0.0,0,0,0,0,0,4.2,0.02,0.0,4495.53,4495.53,0.0,7.37
2026-06-05T07:46:38.227+00:00,304934,7bf0e23b-e546-4171-8243-7b016fd37d6e,,10,FAULT,0x2080,SENSOR_RANGE|PUMP_CAVITATION,0,0,0,0,0,0,0.0,0.073,0.0,0.0,0.0,0.0,0.0,0.0,0.0,0.0,111.76,1012.9,20.3,9.0,0.0,0.0,0.0,,0.0,0,0,0,0,0,4.2,0.02,0.0,4495.53,4495.53,0.0,0.0
2026-06-05T07:46:38.403+00:00,305110,7bf0e23b-e546-4171-8243-7b016fd37d6e,,10,FAULT,0x2080,SENSOR_RANGE|PUMP_CAVITATION,0,0,0,0,0,0,0.0,1.05,0.0,0.0,0.0,0.0,0.0,0.0,0.0,1.88,112.5,1013.0,20.3,9.0,0.0,0.0,0.0,,0.0,0,0,0,0,0,4.2,0.02,0.0,4495.53,4495.53,0.0,10.68
2026-06-05T07:46:38.579+00:00,305285,7bf0e23b-e546-4171-8243-7b016fd37d6e,,10,FAULT,0x2080,SENSOR_RANGE|PUMP_CAVITATION,0,0,0,0,0,0,0.0,0.464,0.0,0.0,0.0,0.0,0.0,0.0,0.0,-1.78,112.5,1013.0,20.3,9.0,0.0,0.0,0.0,,0.0,0,0,0,0,0,4.2,0.02,0.0,4495.53,4495.53,0.0,-20.91
2026-06-05T07:46:38.755+00:00,305461,7bf0e23b-e546-4171-8243-7b016fd37d6e,,10,FAULT,0x2080,SENSOR_RANGE|PUMP_CAVITATION,0,0,0,0,0,0,0.0,1.001,0.0,0.0,0.0,0.0,0.0,0.0,0.0,-0.31,112.25,1012.9,20.3,9.0,0.0,0.0,0.0,,0.0,0,0,0,0,0,4.2,0.02,0.0,4495.53,4495.53,0.0,8.35
2026-06-05T07:46:38.931+00:00,305636,7bf0e23b-e546-4171-8243-7b016fd37d6e,,10,FAULT,0x2080,SENSOR_RANGE|PUMP_CAVITATION,0,0,0,0,0,0,0.0,0.562,0.0,0.0,0.0,0.0,0.0,0.0,0.0,-1.78,112.13,1012.9,20.3,8.9,0.0,0.0,0.0,,0.0,0,0,0,0,0,4.2,0.02,0.0,4495.53,4495.53,0.0,-8.4
2026-06-05T07:46:39.105+00:00,305812,7bf0e23b-e546-4171-8243-7b016fd37d6e,,10,FAULT,0x2080,SENSOR_RANGE|PUMP_CAVITATION,0,0,0,0,0,0,0.0,0.415,0.0,0.0,0.0,0.0,0.0,0.0,0.0,-0.8,112.5,1012.9,20.3,9.0,0.0,0.0,0.0,,0.0,0,0,0,0,0,4.2,0.02,0.0,4495.53,4495.53,0.0,5.57
2026-06-05T07:46:39.281+00:00,305987,7bf0e23b-e546-4171-8243-7b016fd37d6e,,10,FAULT,0x2080,SENSOR_RANGE|PUMP_CAVITATION,0,0,0,0,0,0,0.0,0.171,0.0,0.0,0.0,0.0,0.0,0.0,0.0,-0.31,107.97,1013.0,20.3,9.0,0.0,0.0,0.0,,0.0,0,0,0,0,0,4.2,0.02,0.0,4495.53,4495.53,0.0,2.8
2026-06-05T07:46:39.456+00:00,306162,7bf0e23b-e546-4171-8243-7b016fd37d6e,,10,FAULT,0x2080,SENSOR_RANGE|PUMP_CAVITATION,0,0,0,0,0,0,0.0,0.0,0.0,0.0,0.0,0.0,0.0,0.0,0.0,1.39,112.5,1012.9,20.3,9.0,0.0,0.0,0.0,,0.0,0,0,0,0,0,4.2,0.02,0.0,4495.53,4495.53,0.0,9.71
2026-06-05T07:46:39.633+00:00,306337,7bf0e23b-e546-4171-8243-7b016fd37d6e,,10,FAULT,0x2080,SENSOR_RANGE|PUMP_CAVITATION,0,0,0,0,0,0,0.0,0.757,0.0,0.0,0.0,0.0,0.0,0.0,0.0,-1.78,112.37,1012.9,20.3,9.0,0.0,0.0,0.0,,0.0,0,0,0,0,0,4.2,0.02,0.0,4495.53,4495.53,0.0,-18.11
2026-06-05T07:46:39.808+00:00,306513,7bf0e23b-e546-4171-8243-7b016fd37d6e,,10,FAULT,0x2080,SENSOR_RANGE|PUMP_CAVITATION,0,0,0,0,0,0,0.0,0.659,0.0,0.0,0.0,0.0,0.0,0.0,0.0,0.0,112.5,1013.0,20.3,9.0,0.0,0.0,0.0,,0.0,0,0,0,0,0,4.2,0.02,0.0,4495.53,4495.53,0.0,10.11
2026-06-05T07:46:39.984+00:00,306689,7bf0e23b-e546-4171-8243-7b016fd37d6e,,10,FAULT,0x2080,SENSOR_RANGE|PUMP_CAVITATION,0,0,0,0,0,0,0.0,0.171,0.0,0.0,0.0,0.0,0.0,0.0,0.0,-0.56,110.3,1012.9,20.3,9.0,0.0,0.0,0.0,,0.0,0,0,0,0,0,4.2,0.02,0.0,4495.53,4495.53,0.0,-3.18
2026-06-05T07:46:40.158+00:00,306864,7bf0e23b-e546-4171-8243-7b016fd37d6e,,10,FAULT,0x2080,SENSOR_RANGE|PUMP_CAVITATION,0,0,0,0,0,0,0.0,0.0,0.0,0.0,0.0,0.0,0.0,0.0,0.0,1.39,110.66,1013.0,20.3,9.0,0.0,0.0,0.0,,0.0,0,0,0,0,0,4.2,0.02,0.0,4495.53,4495.53,0.0,11.14
2026-06-05T07:46:40.333+00:00,307039,7bf0e23b-e546-4171-8243-7b016fd37d6e,,10,FAULT,0x2080,SENSOR_RANGE|PUMP_CAVITATION,0,0,0,0,0,0,0.0,0.415,0.0,0.0,0.0,0.0,0.0,0.0,0.0,-1.53,112.5,1012.9,20.3,9.0,0.0,0.0,0.0,,0.0,0,0,0,0,0,4.2,0.02,0.0,4495.53,4495.53,0.0,-16.69
2026-06-05T07:46:40.509+00:00,307215,7bf0e23b-e546-4171-8243-7b016fd37d6e,,10,FAULT,0x2080,SENSOR_RANGE|PUMP_CAVITATION,0,0,0,0,0,0,0.0,0.171,0.0,0.0,0.0,0.0,0.0,0.0,0.0,0.41,112.5,1012.9,20.3,9.0,0.0,0.0,0.0,,0.0,0,0,0,0,0,4.2,0.02,0.0,4495.53,4495.53,0.0,11.02
2026-06-05T07:46:40.685+00:00,307390,7bf0e23b-e546-4171-8243-7b016fd37d6e,,10,FAULT,0x2080,SENSOR_RANGE|PUMP_CAVITATION,0,0,0,0,0,0,0.0,0.0,0.0,0.0,0.0,0.0,0.0,0.0,0.0,0.9,110.66,1012.9,20.3,9.0,0.0,0.0,0.0,,0.0,0,0,0,0,0,4.2,0.02,0.0,4495.53,4495.53,0.0,2.8
2026-06-05T07:46:40.861+00:00,307565,7bf0e23b-e546-4171-8243-7b016fd37d6e,,10,FAULT,0x2080,SENSOR_RANGE|PUMP_CAVITATION,0,0,0,0,0,0,0.0,0.464,0.0,0.0,0.0,0.0,0.0,0.0,0.0,1.88,107.97,1012.9,20.3,8.9,0.0,0.0,0.0,,0.0,0,0,0,0,0,4.2,0.02,0.0,4495.53,4495.53,0.0,5.6
2026-06-05T07:46:41.037+00:00,307741,7bf0e23b-e546-4171-8243-7b016fd37d6e,,10,FAULT,0x2080,SENSOR_RANGE|PUMP_CAVITATION,0,0,0,0,0,0,0.0,0.708,0.0,0.0,0.0,0.0,0.0,0.0,0.0,-0.8,112.5,1012.9,20.3,9.0,0.0,0.0,0.0,,0.0,0,0,0,0,0,4.2,0.02,0.0,4495.53,4495.53,0.0,-15.23
2026-06-05T07:46:41.213+00:00,307916,7bf0e23b-e546-4171-8243-7b016fd37d6e,,10,FAULT,0x2080,SENSOR_RANGE|PUMP_CAVITATION,0,0,0,0,0,0,0.0,0.122,0.0,0.0,0.0,0.0,0.0,0.0,0.0,-0.31,111.03,1013.0,20.3,9.0,0.0,0.0,0.0,,0.0,0,0,0,0,0,4.2,0.02,0.0,4495.53,4495.53,0.0,2.8
2026-06-05T07:46:41.387+00:00,308091,7bf0e23b-e546-4171-8243-7b016fd37d6e,,10,FAULT,0x2080,SENSOR_RANGE|PUMP_CAVITATION,0,0,0,0,0,0,0.0,0.0,0.0,0.0,0.0,0.0,0.0,0.0,0.0,-0.31,112.5,1013.0,20.3,9.0,0.0,0.0,0.0,,0.0,0,0,0,0,0,4.2,0.02,0.0,4495.53,4495.53,0.0,0.0
2026-06-05T07:46:41.562+00:00,308267,7bf0e23b-e546-4171-8243-7b016fd37d6e,,10,FAULT,0x2080,SENSOR_RANGE|PUMP_CAVITATION,0,0,0,0,0,0,0.0,0.0,0.0,0.0,0.0,0.0,0.0,0.0,0.0,1.88,107.49,1012.9,20.3,9.0,0.0,0.0,0.0,,0.0,0,0,0,0,0,4.2,0.02,0.0,4495.53,4495.53,0.0,12.44
2026-06-05T07:46:41.738+00:00,308443,7bf0e23b-e546-4171-8243-7b016fd37d6e,,10,FAULT,0x2080,SENSOR_RANGE|PUMP_CAVITATION,0,0,0,0,0,0,0.0,0.61,0.0,0.0,0.0,0.0,0.0,0.0,0.0,0.41,112.5,1012.9,20.3,8.9,0.0,0.0,0.0,,0.0,0,0,0,0,0,4.2,0.02,0.0,4495.53,4495.53,0.0,-8.35
2026-06-05T07:46:41.914+00:00,308618,7bf0e23b-e546-4171-8243-7b016fd37d6e,,10,FAULT,0x2080,SENSOR_RANGE|PUMP_CAVITATION,0,0,0,0,0,0,0.0,0.562,0.0,0.0,0.0,0.0,0.0,0.0,0.0,-0.31,110.54,1012.9,20.3,9.0,0.0,0.0,0.0,,0.0,0,0,0,0,0,4.2,0.02,0.0,4495.53,4495.53,0.0,-4.11
2026-06-05T07:46:42.090+00:00,308793,7bf0e23b-e546-4171-8243-7b016fd37d6e,,10,FAULT,0x2080,SENSOR_RANGE|PUMP_CAVITATION,0,0,0,0,0,0,0.0,0.708,0.0,0.0,0.0,0.0,0.0,0.0,0.0,-2.02,112.5,1012.9,20.3,8.9,0.0,0.0,0.0,,0.0,0,0,0,0,0,4.2,0.02,0.0,4495.53,4495.53,0.0,-9.77
2026-06-05T07:46:42.266+00:00,308968,7bf0e23b-e546-4171-8243-7b016fd37d6e,,10,FAULT,0x2080,SENSOR_RANGE|PUMP_CAVITATION,0,0,0,0,0,0,0.0,0.0,0.0,0.0,0.0,0.0,0.0,0.0,0.0,-1.05,107.97,1012.9,20.3,9.0,0.0,0.0,0.0,,0.0,0,0,0,0,0,4.2,0.02,0.0,4495.53,4495.53,0.0,5.54
2026-06-05T07:46:42.441+00:00,309144,7bf0e23b-e546-4171-8243-7b016fd37d6e,,10,FAULT,0x2080,SENSOR_RANGE|PUMP_CAVITATION,0,0,0,0,0,0,0.0,0.219,0.0,0.0,0.0,0.0,0.0,0.0,0.0,1.63,112.5,1013.0,20.3,9.0,0.0,0.0,0.0,,0.0,0,0,0,0,0,4.2,0.02,0.0,4495.53,4495.53,0.0,15.23
2026-06-05T07:46:42.617+00:00,309319,7bf0e23b-e546-4171-8243-7b016fd37d6e,,10,FAULT,0x2080,SENSOR_RANGE|PUMP_CAVITATION,0,0,0,0,0,0,0.0,0.171,0.0,0.0,0.0,0.0,0.0,0.0,0.0,0.65,106.87,1013.0,20.3,9.0,0.0,0.0,0.0,,0.0,0,0,0,0,0,4.2,0.02,0.0,4495.53,4495.53,0.0,-5.6
2026-06-05T07:46:42.791+00:00,309494,7bf0e23b-e546-4171-8243-7b016fd37d6e,,10,FAULT,0x2080,SENSOR_RANGE|PUMP_CAVITATION,0,0,0,0,0,0,0.0,0.806,0.0,0.0,0.0,0.0,0.0,0.0,0.0,-1.78,112.5,1012.9,20.3,9.0,0.0,0.0,0.0,,0.0,0,0,0,0,0,4.2,0.02,0.0,4495.53,4495.53,0.0,-13.89
2026-06-05T07:46:42.967+00:00,309670,7bf0e23b-e546-4171-8243-7b016fd37d6e,,10,FAULT,0x2080,SENSOR_RANGE|PUMP_CAVITATION,0,0,0,0,0,0,0.0,1.001,0.0,0.0,0.0,0.0,0.0,0.0,0.0,-0.8,112.5,1012.9,20.3,8.9,0.0,0.0,0.0,,0.0,0,0,0,0,0,4.2,0.02,0.0,4495.53,4495.53,0.0,5.57
2026-06-05T07:46:43.143+00:00,309846,7bf0e23b-e546-4171-8243-7b016fd37d6e,,10,FAULT,0x2080,SENSOR_RANGE|PUMP_CAVITATION,0,0,0,0,0,0,0.0,0.073,0.0,0.0,0.0,0.0,0.0,0.0,0.0,-1.29,111.15,1012.9,20.3,9.0,0.0,0.0,0.0,,0.0,0,0,0,0,0,4.2,0.02,0.0,4495.53,4495.53,0.0,-2.78
2026-06-05T07:46:43.319+00:00,310021,7bf0e23b-e546-4171-8243-7b016fd37d6e,,10,FAULT,0x2080,SENSOR_RANGE|PUMP_CAVITATION,0,0,0,0,0,0,0.0,0.0,0.0,0.0,0.0,0.0,0.0,0.0,0.0,2.61,111.15,1013.0,20.3,9.0,0.0,0.0,0.0,,0.0,0,0,0,0,0,4.2,0.02,0.0,4495.53,4495.53,0.0,22.29
2026-06-05T07:46:43.494+00:00,310196,7bf0e23b-e546-4171-8243-7b016fd37d6e,,10,FAULT,0x2080,SENSOR_RANGE|PUMP_CAVITATION,0,0,0,0,0,0,0.0,1.05,0.0,0.0,0.0,0.0,0.0,0.0,0.0,-0.56,112.5,1012.9,20.3,9.0,0.0,0.0,0.0,,0.0,0,0,0,0,0,4.2,0.02,0.0,4495.53,4495.53,0.0,-18.11
2026-06-05T07:46:43.670+00:00,310372,7bf0e23b-e546-4171-8243-7b016fd37d6e,,10,FAULT,0x2080,SENSOR_RANGE|PUMP_CAVITATION,0,0,0,0,0,0,0.0,0.659,0.0,0.0,0.0,0.0,0.0,0.0,0.0,-2.51,112.5,1012.9,20.3,9.0,0.0,0.0,0.0,,0.0,0,0,0,0,0,4.2,0.02,0.0,4495.53,4495.53,0.0,-11.08
2026-06-05T07:46:43.846+00:00,310547,7bf0e23b-e546-4171-8243-7b016fd37d6e,,10,FAULT,0x2080,SENSOR_RANGE|PUMP_CAVITATION,0,0,0,0,0,0,0.0,0.855,0.0,0.0,0.0,0.0,0.0,0.0,0.0,-1.29,110.42,1012.9,20.3,9.0,0.0,0.0,0.0,,0.0,0,0,0,0,0,4.2,0.02,0.0,4495.53,4495.53,0.0,6.97
2026-06-05T07:46:44.022+00:00,310723,7bf0e23b-e546-4171-8243-7b016fd37d6e,,10,FAULT,0x2080,SENSOR_RANGE|PUMP_CAVITATION,0,0,0,0,0,0,0.0,0.415,0.0,0.0,0.0,0.0,0.0,0.0,0.0,-0.56,112.5,1013.0,20.3,9.0,0.0,0.0,0.0,,0.0,0,0,0,0,0,4.2,0.02,0.0,4495.53,4495.53,0.0,4.15
2026-06-05T07:46:44.196+00:00,310898,7bf0e23b-e546-4171-8243-7b016fd37d6e,,10,FAULT,0x2080,SENSOR_RANGE|PUMP_CAVITATION,0,0,0,0,0,0,0.0,1.05,0.0,0.0,0.0,0.0,0.0,0.0,0.0,0.0,105.9,1012.9,20.3,9.0,0.0,0.0,0.0,,0.0,0,0,0,0,0,4.2,0.02,0.0,4495.53,4495.53,0.0,3.2
2026-06-05T07:46:44.372+00:00,311073,7bf0e23b-e546-4171-8243-7b016fd37d6e,,10,FAULT,0x2080,SENSOR_RANGE|PUMP_CAVITATION,0,0,0,0,0,0,0.0,0.415,0.0,0.0,0.0,0.0,0.0,0.0,0.0,-1.53,112.5,1012.9,20.3,9.0,0.0,0.0,0.0,,0.0,0,0,0,0,0,4.2,0.02,0.0,4495.53,4495.53,0.0,-8.74
2026-06-05T07:46:44.548+00:00,311249,7bf0e23b-e546-4171-8243-7b016fd37d6e,,10,FAULT,0x2080,SENSOR_RANGE|PUMP_CAVITATION,0,0,0,0,0,0,0.0,0.317,0.0,0.0,0.0,0.0,0.0,0.0,0.0,-1.53,109.32,1012.9,20.3,9.0,0.0,0.0,0.0,,0.0,0,0,0,0,0,4.2,0.02,0.0,4495.53,4495.53,0.0,0.0
2026-06-05T07:46:44.723+00:00,311425,7bf0e23b-e546-4171-8243-7b016fd37d6e,,10,FAULT,0x2080,SENSOR_RANGE|PUMP_CAVITATION,0,0,0,0,0,0,0.0,0.0,0.0,0.0,0.0,0.0,0.0,0.0,0.0,1.39,112.5,1012.9,20.3,9.0,0.0,0.0,0.0,,0.0,0,0,0,0,0,4.2,0.02,0.0,4495.53,4495.53,0.0,16.59
2026-06-05T07:46:44.899+00:00,311600,7bf0e23b-e546-4171-8243-7b016fd37d6e,,10,FAULT,0x2080,SENSOR_RANGE|PUMP_CAVITATION,0,0,0,0,0,0,0.0,0.562,0.0,0.0,0.0,0.0,0.0,0.0,0.0,0.65,107.49,1012.9,20.3,9.0,0.0,0.0,0.0,,0.0,0,0,0,0,0,4.2,0.02,0.0,4495.53,4495.53,0.0,-4.23
2026-06-05T07:46:45.075+00:00,311776,7bf0e23b-e546-4171-8243-7b016fd37d6e,,10,FAULT,0x2080,SENSOR_RANGE|PUMP_CAVITATION,0,0,0,0,0,0,0.0,0.317,0.0,0.0,0.0,0.0,0.0,0.0,0.0,-0.56,112.5,1012.9,20.3,9.0,0.0,0.0,0.0,,0.0,0,0,0,0,0,4.2,0.02,0.0,4495.53,4495.53,0.0,-6.88
2026-06-05T07:46:45.251+00:00,311951,7bf0e23b-e546-4171-8243-7b016fd37d6e,,10,FAULT,0x2080,SENSOR_RANGE|PUMP_CAVITATION,0,0,0,0,0,0,0.0,0.562,0.0,0.0,0.0,0.0,0.0,0.0,0.0,-0.8,112.5,1012.9,20.3,9.0,0.0,0.0,0.0,,0.0,0,0,0,0,0,4.2,0.02,0.0,4495.53,4495.53,0.0,-1.37
2026-06-05T07:46:45.424+00:00,312126,7bf0e23b-e546-4171-8243-7b016fd37d6e,,10,FAULT,0x2080,SENSOR_RANGE|PUMP_CAVITATION,0,0,0,0,0,0,0.0,0.0,0.0,0.0,0.0,0.0,0.0,0.0,0.0,0.9,110.66,1012.9,20.3,9.0,0.0,0.0,0.0,,0.0,0,0,0,0,0,4.2,0.02,0.0,4495.53,4495.53,0.0,9.71
2026-06-05T07:46:45.600+00:00,312301,7bf0e23b-e546-4171-8243-7b016fd37d6e,,10,FAULT,0x2080,SENSOR_RANGE|PUMP_CAVITATION,0,0,0,0,0,0,0.0,0.513,0.0,0.0,0.0,0.0,0.0,0.0,0.0,-0.31,112.5,1013.0,20.3,9.0,0.0,0.0,0.0,,0.0,0,0,0,0,0,4.2,0.02,0.0,4495.53,4495.53,0.0,-6.91
2026-06-05T07:46:45.776+00:00,312477,7bf0e23b-e546-4171-8243-7b016fd37d6e,,10,FAULT,0x2080,SENSOR_RANGE|PUMP_CAVITATION,0,0,0,0,0,0,0.0,0.0,0.0,0.0,0.0,0.0,0.0,0.0,0.0,0.41,106.63,1012.9,20.3,9.0,0.0,0.0,0.0,,0.0,0,0,0,0,0,4.2,0.02,0.0,4495.53,4495.53,0.0,4.09
2026-06-05T07:46:45.952+00:00,312652,7bf0e23b-e546-4171-8243-7b016fd37d6e,,10,FAULT,0x2080,SENSOR_RANGE|PUMP_CAVITATION,0,0,0,0,0,0,0.0,0.708,0.0,0.0,0.0,0.0,0.0,0.0,0.0,0.65,112.5,1012.9,20.3,9.0,0.0,0.0,0.0,,0.0,0,0,0,0,0,4.2,0.02,0.0,4495.53,4495.53,0.0,1.37
2026-06-05T07:46:46.128+00:00,312827,7bf0e23b-e546-4171-8243-7b016fd37d6e,,10,FAULT,0x2080,SENSOR_RANGE|PUMP_CAVITATION,0,0,0,0,0,0,0.0,0.219,0.0,0.0,0.0,0.0,0.0,0.0,0.0,-1.29,108.95,1012.9,20.3,8.9,0.0,0.0,0.0,,0.0,0,0,0,0,0,4.2,0.02,0.0,4495.53,4495.53,0.0,-11.09
2026-06-05T07:46:46.304+00:00,313003,7bf0e23b-e546-4171-8243-7b016fd37d6e,,10,FAULT,0x2080,SENSOR_RANGE|PUMP_CAVITATION,0,0,0,0,0,0,0.0,0.0,0.0,0.0,0.0,0.0,0.0,0.0,0.0,-0.31,112.5,1013.0,20.3,9.0,0.0,0.0,0.0,,0.0,0,0,0,0,0,4.2,0.02,0.0,4495.53,4495.53,0.0,5.57
2026-06-05T07:46:46.477+00:00,313178,7bf0e23b-e546-4171-8243-7b016fd37d6e,,10,FAULT,0x2080,SENSOR_RANGE|PUMP_CAVITATION,0,0,0,0,0,0,0.0,0.0,0.0,0.0,0.0,0.0,0.0,0.0,0.0,0.9,107.24,1012.9,20.3,8.9,0.0,0.0,0.0,,0.0,0,0,0,0,0,4.2,0.02,0.0,4495.53,4495.53,0.0,6.91
2026-06-05T07:46:46.653+00:00,313353,7bf0e23b-e546-4171-8243-7b016fd37d6e,,10,FAULT,0x2080,SENSOR_RANGE|PUMP_CAVITATION,0,0,0,0,0,0,0.0,0.171,0.0,0.0,0.0,0.0,0.0,0.0,0.0,-0.56,112.5,1012.9,20.3,9.0,0.0,0.0,0.0,,0.0,0,0,0,0,0,4.2,0.02,0.0,4495.53,4495.53,0.0,-8.34
2026-06-05T07:46:46.829+00:00,313529,7bf0e23b-e546-4171-8243-7b016fd37d6e,,10,FAULT,0x2080,SENSOR_RANGE|PUMP_CAVITATION,0,0,0,0,0,0,0.0,0.171,0.0,0.0,0.0,0.0,0.0,0.0,0.0,0.0,109.68,1012.9,20.3,9.0,0.0,0.0,0.0,,0.0,0,0,0,0,0,4.2,0.02,0.0,4495.53,4495.53,0.0,3.18
2026-06-05T07:46:47.005+00:00,313704,7bf0e23b-e546-4171-8243-7b016fd37d6e,,10,FAULT,0x2080,SENSOR_RANGE|PUMP_CAVITATION,0,0,0,0,0,0,0.0,0.024,0.0,0.0,0.0,0.0,0.0,0.0,0.0,-0.31,112.5,1012.9,20.3,9.0,0.0,0.0,0.0,,0.0,0,0,0,0,0,4.2,0.02,0.0,4495.53,4495.53,0.0,-1.77
2026-06-05T07:46:47.181+00:00,313879,7bf0e23b-e546-4171-8243-7b016fd37d6e,,10,FAULT,0x2080,SENSOR_RANGE|PUMP_CAVITATION,0,0,0,0,0,0,0.0,0.366,0.0,0.0,0.0,0.0,0.0,0.0,0.0,-0.31,112.25,1012.9,20.3,8.9,0.0,0.0,0.0,,0.0,0,0,0,0,0,4.2,0.02,0.0,4495.53,4495.53,0.0,0.0
2026-06-05T07:46:47.356+00:00,314055,7bf0e23b-e546-4171-8243-7b016fd37d6e,,10,FAULT,0x2080,SENSOR_RANGE|PUMP_CAVITATION,0,0,0,0,0,0,0.0,0.464,0.0,0.0,0.0,0.0,0.0,0.0,0.0,-0.31,112.5,1012.9,20.3,9.0,0.0,0.0,0.0,,0.0,0,0,0,0,0,4.2,0.02,0.0,4495.53,4495.53,0.0,0.0
2026-06-05T07:46:47.530+00:00,314230,7bf0e23b-e546-4171-8243-7b016fd37d6e,,10,FAULT,0x2080,SENSOR_RANGE|PUMP_CAVITATION,0,0,0,0,0,0,0.0,0.0,0.0,0.0,0.0,0.0,0.0,0.0,0.0,-0.31,109.2,1012.9,20.3,9.0,0.0,0.0,0.0,,0.0,0,0,0,0,0,4.2,0.02,0.0,4495.53,4495.53,0.0,0.0
2026-06-05T07:46:47.707+00:00,314405,7bf0e23b-e546-4171-8243-7b016fd37d6e,,10,FAULT,0x2080,SENSOR_RANGE|PUMP_CAVITATION,0,0,0,0,0,0,0.0,0.953,0.0,0.0,0.0,0.0,0.0,0.0,0.0,0.41,112.5,1012.9,20.3,9.0,0.0,0.0,0.0,,0.0,0,0,0,0,0,4.2,0.02,0.0,4495.53,4495.53,0.0,4.11
2026-06-05T07:46:47.882+00:00,314580,7bf0e23b-e546-4171-8243-7b016fd37d6e,,10,FAULT,0x2080,SENSOR_RANGE|PUMP_CAVITATION,0,0,0,0,0,0,0.0,0.415,0.0,0.0,0.0,0.0,0.0,0.0,0.0,-0.31,112.5,1012.9,20.3,8.9,0.0,0.0,0.0,,0.0,0,0,0,0,0,4.2,0.02,0.0,4495.53,4495.53,0.0,-4.11
2026-06-05T07:46:48.058+00:00,314757,7bf0e23b-e546-4171-8243-7b016fd37d6e,,10,FAULT,0x2080,SENSOR_RANGE|PUMP_CAVITATION,0,0,0,0,0,0,0.0,0.464,0.0,0.0,0.0,0.0,0.0,0.0,0.0,-1.53,112.5,1012.9,20.3,9.0,0.0,0.0,0.0,,0.0,0,0,0,0,0,4.2,0.02,0.0,4495.53,4495.53,0.0,-6.89
2026-06-05T07:46:48.234+00:00,314932,7bf0e23b-e546-4171-8243-7b016fd37d6e,,10,FAULT,0x2080,SENSOR_RANGE|PUMP_CAVITATION,0,0,0,0,0,0,0.0,0.317,0.0,0.0,0.0,0.0,0.0,0.0,0.0,1.39,112.5,1012.9,20.3,9.0,0.0,0.0,0.0,,0.0,0,0,0,0,0,4.2,0.02,0.0,4495.53,4495.53,0.0,16.69
2026-06-05T07:46:48.409+00:00,315107,7bf0e23b-e546-4171-8243-7b016fd37d6e,,10,FAULT,0x2080,SENSOR_RANGE|PUMP_CAVITATION,0,0,0,0,0,0,0.0,0.0,0.0,0.0,0.0,0.0,0.0,0.0,0.0,0.65,109.07,1012.9,20.3,9.0,0.0,0.0,0.0,,0.0,0,0,0,0,0,4.2,0.02,0.0,4495.53,4495.53,0.0,-4.23
2026-06-05T07:46:48.585+00:00,315282,7bf0e23b-e546-4171-8243-7b016fd37d6e,,10,FAULT,0x2080,SENSOR_RANGE|PUMP_CAVITATION,0,0,0,0,0,0,0.0,0.513,0.0,0.0,0.0,0.0,0.0,0.0,0.0,0.0,112.5,1012.9,20.3,9.0,0.0,0.0,0.0,,0.0,0,0,0,0,0,4.2,0.02,0.0,4495.53,4495.53,0.0,-3.71
2026-06-05T07:46:48.761+00:00,315458,7bf0e23b-e546-4171-8243-7b016fd37d6e,,10,FAULT,0x2080,SENSOR_RANGE|PUMP_CAVITATION,0,0,0,0,0,0,0.0,0.513,0.0,0.0,0.0,0.0,0.0,0.0,0.0,-0.8,106.14,1013.0,20.3,9.0,0.0,0.0,0.0,,0.0,0,0,0,0,0,4.2,0.02,0.0,4495.53,4495.53,0.0,-4.55
2026-06-05T07:46:48.936+00:00,315633,7bf0e23b-e546-4171-8243-7b016fd37d6e,,10,FAULT,0x2080,SENSOR_RANGE|PUMP_CAVITATION,0,0,0,0,0,0,0.0,0.708,0.0,0.0,0.0,0.0,0.0,0.0,0.0,0.9,112.5,1012.9,20.3,9.0,0.0,0.0,0.0,,0.0,0,0,0,0,0,4.2,0.02,0.0,4495.53,4495.53,0.0,9.71
2026-06-05T07:46:49.111+00:00,315808,7bf0e23b-e546-4171-8243-7b016fd37d6e,,10,FAULT,0x2080,SENSOR_RANGE|PUMP_CAVITATION,0,0,0,0,0,0,0.0,0.708,0.0,0.0,0.0,0.0,0.0,0.0,0.0,-0.8,109.68,1012.9,20.3,9.0,0.0,0.0,0.0,,0.0,0,0,0,0,0,4.2,0.02,0.0,4495.53,4495.53,0.0,-9.71
2026-06-05T07:46:49.287+00:00,315983,7bf0e23b-e546-4171-8243-7b016fd37d6e,,10,FAULT,0x2080,SENSOR_RANGE|PUMP_CAVITATION,0,0,0,0,0,0,0.0,0.171,0.0,0.0,0.0,0.0,0.0,0.0,0.0,-0.56,112.5,1012.9,20.3,9.0,0.0,0.0,0.0,,0.0,0,0,0,0,0,4.2,0.02,0.0,4495.53,4495.53,0.0,1.37
2026-06-05T07:46:49.462+00:00,316160,7bf0e23b-e546-4171-8243-7b016fd37d6e,,10,FAULT,0x2080,SENSOR_RANGE|PUMP_CAVITATION,0,0,0,0,0,0,0.0,0.0,0.0,0.0,0.0,0.0,0.0,0.0,0.0,0.0,108.34,1012.9,20.3,8.9,0.0,0.0,0.0,,0.0,0,0,0,0,0,4.2,0.02,0.0,4495.53,4495.53,0.0,3.16
2026-06-05T07:46:49.638+00:00,316335,7bf0e23b-e546-4171-8243-7b016fd37d6e,,10,FAULT,0x2080,SENSOR_RANGE|PUMP_CAVITATION,0,0,0,0,0,0,0.0,0.0,0.0,0.0,0.0,0.0,0.0,0.0,0.0,0.65,112.37,1012.9,20.3,9.0,0.0,0.0,0.0,,0.0,0,0,0,0,0,4.2,0.02,0.0,4495.53,4495.53,0.0,3.71
2026-06-05T07:46:49.814+00:00,316510,7bf0e23b-e546-4171-8243-7b016fd37d6e,,10,FAULT,0x2080,SENSOR_RANGE|PUMP_CAVITATION,0,0,0,0,0,0,0.0,0.757,0.0,0.0,0.0,0.0,0.0,0.0,0.0,1.14,112.5,1012.9,20.3,9.0,0.0,0.0,0.0,,0.0,0,0,0,0,0,4.2,0.02,0.0,4495.53,4495.53,0.0,2.8
2026-06-05T07:46:49.988+00:00,316685,7bf0e23b-e546-4171-8243-7b016fd37d6e,,10,FAULT,0x2080,SENSOR_RANGE|PUMP_CAVITATION,0,0,0,0,0,0,0.0,0.953,0.0,0.0,0.0,0.0,0.0,0.0,0.0,0.41,112.5,1012.9,20.3,9.0,0.0,0.0,0.0,,0.0,0,0,0,0,0,4.2,0.02,0.0,4495.53,4495.53,0.0,-4.17
2026-06-05T07:46:50.163+00:00,316860,7bf0e23b-e546-4171-8243-7b016fd37d6e,,10,FAULT,0x2080,SENSOR_RANGE|PUMP_CAVITATION,0,0,0,0,0,0,0.0,0.317,0.0,0.0,0.0,0.0,0.0,0.0,0.0,-1.53,112.5,1012.9,20.3,8.9,0.0,0.0,0.0,,0.0,0,0,0,0,0,4.2,0.02,0.0,4495.53,4495.53,0.0,-11.09
2026-06-05T07:46:50.339+00:00,317036,7bf0e23b-e546-4171-8243-7b016fd37d6e,,10,FAULT,0x2080,SENSOR_RANGE|PUMP_CAVITATION,0,0,0,0,0,0,0.0,0.904,0.0,0.0,0.0,0.0,0.0,0.0,0.0,-0.56,112.5,1012.9,20.3,9.0,0.0,0.0,0.0,,0.0,0,0,0,0,0,4.2,0.02,0.0,4495.53,4495.53,0.0,5.51
2026-06-05T07:46:50.515+00:00,317211,7bf0e23b-e546-4171-8243-7b016fd37d6e,,10,FAULT,0x2080,SENSOR_RANGE|PUMP_CAVITATION,0,0,0,0,0,0,0.0,0.366,0.0,0.0,0.0,0.0,0.0,0.0,0.0,-0.56,112.5,1012.9,20.3,9.0,0.0,0.0,0.0,,0.0,0,0,0,0,0,4.2,0.02,0.0,4495.53,4495.53,0.0,0.0
2026-06-05T07:46:50.691+00:00,317387,7bf0e23b-e546-4171-8243-7b016fd37d6e,,10,FAULT,0x2080,SENSOR_RANGE|PUMP_CAVITATION,0,0,0,0,0,0,0.0,0.708,0.0,0.0,0.0,0.0,0.0,0.0,0.0,-1.05,112.5,1012.9,20.3,9.0,0.0,0.0,0.0,,0.0,0,0,0,0,0,4.2,0.02,0.0,4495.53,4495.53,0.0,-2.78
2026-06-05T07:46:50.867+00:00,317562,7bf0e23b-e546-4171-8243-7b016fd37d6e,,10,FAULT,0x2080,SENSOR_RANGE|PUMP_CAVITATION,0,0,0,0,0,0,0.0,0.0,0.0,0.0,0.0,0.0,0.0,0.0,0.0,0.41,110.78,1012.9,20.3,9.0,0.0,0.0,0.0,,0.0,0,0,0,0,0,4.2,0.02,0.0,4495.53,4495.53,0.0,8.34
2026-06-05T07:46:51.043+00:00,317737,7bf0e23b-e546-4171-8243-7b016fd37d6e,,10,FAULT,0x2080,SENSOR_RANGE|PUMP_CAVITATION,0,0,0,0,0,0,0.0,0.562,0.0,0.0,0.0,0.0,0.0,0.0,0.0,-1.05,110.91,1012.9,20.3,8.9,0.0,0.0,0.0,,0.0,0,0,0,0,0,4.2,0.02,0.0,4495.53,4495.53,0.0,-8.34
2026-06-05T07:46:51.216+00:00,317913,7bf0e23b-e546-4171-8243-7b016fd37d6e,,10,FAULT,0x2080,SENSOR_RANGE|PUMP_CAVITATION,0,0,0,0,0,0,0.0,0.268,0.0,0.0,0.0,0.0,0.0,0.0,0.0,0.0,112.5,1012.9,20.3,9.0,0.0,0.0,0.0,,0.0,0,0,0,0,0,4.2,0.02,0.0,4495.53,4495.53,0.0,5.97
2026-06-05T07:46:51.392+00:00,318088,7bf0e23b-e546-4171-8243-7b016fd37d6e,,10,FAULT,0x2080,SENSOR_RANGE|PUMP_CAVITATION,0,0,0,0,0,0,0.0,0.0,0.0,0.0,0.0,0.0,0.0,0.0,0.0,2.85,106.26,1013.0,20.3,9.0,0.0,0.0,0.0,,0.0,0,0,0,0,0,4.2,0.02,0.0,4495.53,4495.53,0.0,16.29
2026-06-05T07:46:51.568+00:00,318264,7bf0e23b-e546-4171-8243-7b016fd37d6e,,10,FAULT,0x2080,SENSOR_RANGE|PUMP_CAVITATION,0,0,0,0,0,0,0.0,0.0,0.0,0.0,0.0,0.0,0.0,0.0,0.0,2.61,111.76,1012.9,20.3,9.0,0.0,0.0,0.0,,0.0,0,0,0,0,0,4.2,0.02,0.0,4495.53,4495.53,0.0,-1.36
2026-06-05T07:46:51.744+00:00,318439,7bf0e23b-e546-4171-8243-7b016fd37d6e,,10,FAULT,0x2080,SENSOR_RANGE|PUMP_CAVITATION,0,0,0,0,0,0,0.0,0.513,0.0,0.0,0.0,0.0,0.0,0.0,0.0,0.65,112.01,1012.9,20.3,9.0,0.0,0.0,0.0,,0.0,0,0,0,0,0,4.2,0.02,0.0,4495.53,4495.53,0.0,-11.2
2026-06-05T07:46:51.920+00:00,318614,7bf0e23b-e546-4171-8243-7b016fd37d6e,,10,FAULT,0x2080,SENSOR_RANGE|PUMP_CAVITATION,0,0,0,0,0,0,0.0,0.659,0.0,0.0,0.0,0.0,0.0,0.0,0.0,-0.8,112.5,1012.9,20.3,9.0,0.0,0.0,0.0,,0.0,0,0,0,0,0,4.2,0.02,0.0,4495.53,4495.53,0.0,-8.29
2026-06-05T07:46:52.095+00:00,318789,7bf0e23b-e546-4171-8243-7b016fd37d6e,,10,FAULT,0x2080,SENSOR_RANGE|PUMP_CAVITATION,0,0,0,0,0,0,0.0,0.513,0.0,0.0,0.0,0.0,0.0,0.0,0.0,-0.8,111.76,1012.9,20.3,9.0,0.0,0.0,0.0,,0.0,0,0,0,0,0,4.2,0.02,0.0,4495.53,4495.53,0.0,0.0
2026-06-05T07:46:52.271+00:00,318965,7bf0e23b-e546-4171-8243-7b016fd37d6e,,10,FAULT,0x2080,SENSOR_RANGE|PUMP_CAVITATION,0,0,0,0,0,0,0.0,0.562,0.0,0.0,0.0,0.0,0.0,0.0,0.0,-2.02,112.5,1013.0,20.3,9.0,0.0,0.0,0.0,,0.0,0,0,0,0,0,4.2,0.02,0.0,4495.53,4495.53,0.0,-6.93
2026-06-05T07:46:52.445+00:00,319140,7bf0e23b-e546-4171-8243-7b016fd37d6e,,10,FAULT,0x2080,SENSOR_RANGE|PUMP_CAVITATION,0,0,0,0,0,0,0.0,0.0,0.0,0.0,0.0,0.0,0.0,0.0,0.0,1.88,106.87,1012.9,20.3,9.0,0.0,0.0,0.0,,0.0,0,0,0,0,0,4.2,0.02,0.0,4495.53,4495.53,0.0,22.29
2026-06-05T07:46:52.621+00:00,319315,7bf0e23b-e546-4171-8243-7b016fd37d6e,,10,FAULT,0x2080,SENSOR_RANGE|PUMP_CAVITATION,0,0,0,0,0,0,0.0,1.099,0.0,0.0,0.0,0.0,0.0,0.0,0.0,-1.05,112.5,1012.9,20.3,9.0,0.0,0.0,0.0,,0.0,0,0,0,0,0,4.2,0.02,0.0,4495.53,4495.53,0.0,-16.74
2026-06-05T07:46:52.797+00:00,319492,7bf0e23b-e546-4171-8243-7b016fd37d6e,,10,FAULT,0x2080,SENSOR_RANGE|PUMP_CAVITATION,0,0,0,0,0,0,0.0,0.0,0.0,0.0,0.0,0.0,0.0,0.0,0.0,-0.8,110.3,1012.9,20.3,9.0,0.0,0.0,0.0,,0.0,0,0,0,0,0,4.2,0.02,0.0,4495.53,4495.53,0.0,1.41
2026-06-05T07:46:52.972+00:00,319667,7bf0e23b-e546-4171-8243-7b016fd37d6e,,10,FAULT,0x2080,SENSOR_RANGE|PUMP_CAVITATION,0,0,0,0,0,0,0.0,0.806,0.0,0.0,0.0,0.0,0.0,0.0,0.0,-1.05,112.5,1012.9,20.3,9.0,0.0,0.0,0.0,,0.0,0,0,0,0,0,4.2,0.02,0.0,4495.53,4495.53,0.0,-1.43
2026-06-05T07:46:53.149+00:00,319842,7bf0e23b-e546-4171-8243-7b016fd37d6e,,10,FAULT,0x2080,SENSOR_RANGE|PUMP_CAVITATION,0,0,0,0,0,0,0.0,0.366,0.0,0.0,0.0,0.0,0.0,0.0,0.0,-0.56,112.5,1012.9,20.3,9.0,0.0,0.0,0.0,,0.0,0,0,0,0,0,4.2,0.02,0.0,4495.53,4495.53,0.0,2.8
2026-06-05T07:46:53.324+00:00,320018,7bf0e23b-e546-4171-8243-7b016fd37d6e,,10,FAULT,0x2080,SENSOR_RANGE|PUMP_CAVITATION,0,0,0,0,0,0,0.0,0.464,0.0,0.0,0.0,0.0,0.0,0.0,0.0,0.0,111.88,1012.9,20.3,9.0,0.0,0.0,0.0,,0.0,0,0,0,0,0,4.2,0.02,0.0,4495.53,4495.53,0.0,3.18
2026-06-05T07:46:53.500+00:00,320193,7bf0e23b-e546-4171-8243-7b016fd37d6e,,10,FAULT,0x2080,SENSOR_RANGE|PUMP_CAVITATION,0,0,0,0,0,0,0.0,0.757,0.0,0.0,0.0,0.0,0.0,0.0,0.0,-1.78,112.5,1012.9,20.3,9.0,0.0,0.0,0.0,,0.0,0,0,0,0,0,4.2,0.02,0.0,4495.53,4495.53,0.0,-10.17
2026-06-05T07:46:53.674+00:00,320368,7bf0e23b-e546-4171-8243-7b016fd37d6e,,10,FAULT,0x2080,SENSOR_RANGE|PUMP_CAVITATION,0,0,0,0,0,0,0.0,1.001,0.0,0.0,0.0,0.0,0.0,0.0,0.0,-1.05,111.88,1012.9,20.3,9.0,0.0,0.0,0.0,,0.0,0,0,0,0,0,4.2,0.02,0.0,4495.53,4495.53,0.0,4.17
2026-06-05T07:46:53.850+00:00,320544,7bf0e23b-e546-4171-8243-7b016fd37d6e,,10,FAULT,0x2080,SENSOR_RANGE|PUMP_CAVITATION,0,0,0,0,0,0,0.0,0.0,0.0,0.0,0.0,0.0,0.0,0.0,0.0,1.14,112.5,1012.9,20.3,9.0,0.0,0.0,0.0,,0.0,0,0,0,0,0,4.2,0.02,0.0,4495.53,4495.53,0.0,12.44
2026-06-05T07:46:54.025+00:00,320719,7bf0e23b-e546-4171-8243-7b016fd37d6e,,10,FAULT,0x2080,SENSOR_RANGE|PUMP_CAVITATION,0,0,0,0,0,0,0.0,0.0,0.0,0.0,0.0,0.0,0.0,0.0,0.0,1.63,106.51,1012.9,20.3,8.9,0.0,0.0,0.0,,0.0,0,0,0,0,0,4.2,0.02,0.0,4495.53,4495.53,0.0,2.8
2026-06-05T07:46:54.201+00:00,320894,7bf0e23b-e546-4171-8243-7b016fd37d6e,,10,FAULT,0x2080,SENSOR_RANGE|PUMP_CAVITATION,0,0,0,0,0,0,0.0,0.806,0.0,0.0,0.0,0.0,0.0,0.0,0.0,-0.31,112.5,1012.9,20.3,9.0,0.0,0.0,0.0,,0.0,0,0,0,0,0,4.2,0.02,0.0,4495.53,4495.53,0.0,-11.09
2026-06-05T07:46:54.377+00:00,321070,7bf0e23b-e546-4171-8243-7b016fd37d6e,,10,FAULT,0x2080,SENSOR_RANGE|PUMP_CAVITATION,0,0,0,0,0,0,0.0,0.953,0.0,0.0,0.0,0.0,0.0,0.0,0.0,0.9,111.4,1012.9,20.3,9.0,0.0,0.0,0.0,,0.0,0,0,0,0,0,4.2,0.02,0.0,4495.53,4495.53,0.0,6.88
2026-06-05T07:46:54.553+00:00,321245,7bf0e23b-e546-4171-8243-7b016fd37d6e,,10,FAULT,0x2080,SENSOR_RANGE|PUMP_CAVITATION,0,0,0,0,0,0,0.0,0.61,0.0,0.0,0.0,0.0,0.0,0.0,0.0,0.41,112.5,1012.9,20.3,9.0,0.0,0.0,0.0,,0.0,0,0,0,0,0,4.2,0.02,0.0,4495.53,4495.53,0.0,-2.8
2026-06-05T07:46:54.729+00:00,321421,7bf0e23b-e546-4171-8243-7b016fd37d6e,,10,FAULT,0x2080,SENSOR_RANGE|PUMP_CAVITATION,0,0,0,0,0,0,0.0,0.073,0.0,0.0,0.0,0.0,0.0,0.0,0.0,0.0,108.83,1012.9,20.3,9.0,0.0,0.0,0.0,,0.0,0,0,0,0,0,4.2,0.02,0.0,4495.53,4495.53,0.0,-2.33
2026-06-05T07:46:54.902+00:00,321596,7bf0e23b-e546-4171-8243-7b016fd37d6e,,10,FAULT,0x2080,SENSOR_RANGE|PUMP_CAVITATION,0,0,0,0,0,0,0.0,0.0,0.0,0.0,0.0,0.0,0.0,0.0,0.0,0.0,111.88,1012.9,20.3,9.0,0.0,0.0,0.0,,0.0,0,0,0,0,0,4.2,0.02,0.0,4495.53,4495.53,0.0,0.0
2026-06-05T07:46:55.079+00:00,321771,7bf0e23b-e546-4171-8243-7b016fd37d6e,,10,FAULT,0x2080,SENSOR_RANGE|PUMP_CAVITATION,0,0,0,0,0,0,0.0,0.855,0.0,0.0,0.0,0.0,0.0,0.0,0.0,0.65,108.71,1012.9,20.3,9.0,0.0,0.0,0.0,,0.0,0,0,0,0,0,4.2,0.02,0.0,4495.53,4495.53,0.0,3.71
2026-06-05T07:46:55.254+00:00,321946,7bf0e23b-e546-4171-8243-7b016fd37d6e,,10,FAULT,0x2080,SENSOR_RANGE|PUMP_CAVITATION,0,0,0,0,0,0,0.0,1.197,0.0,0.0,0.0,0.0,0.0,0.0,0.0,1.14,109.68,1012.9,20.3,9.0,0.0,0.0,0.0,,0.0,0,0,0,0,0,4.2,0.02,0.0,4495.53,4495.53,0.0,2.8
2026-06-05T07:46:55.430+00:00,322121,7bf0e23b-e546-4171-8243-7b016fd37d6e,,10,FAULT,0x2080,SENSOR_RANGE|PUMP_CAVITATION,0,0,0,0,0,0,0.0,0.806,0.0,0.0,0.0,0.0,0.0,0.0,0.0,0.0,112.5,1012.9,20.3,9.0,0.0,0.0,0.0,,0.0,0,0,0,0,0,4.2,0.02,0.0,4495.53,4495.53,0.0,-6.51
2026-06-05T07:46:55.606+00:00,322296,7bf0e23b-e546-4171-8243-7b016fd37d6e,,10,FAULT,0x2080,SENSOR_RANGE|PUMP_CAVITATION,0,0,0,0,0,0,0.0,0.806,0.0,0.0,0.0,0.0,0.0,0.0,0.0,0.0,112.5,1012.9,20.3,8.9,0.0,0.0,0.0,,0.0,0,0,0,0,0,4.2,0.02,0.0,4495.53,4495.53,0.0,0.0
2026-06-05T07:46:55.781+00:00,322472,7bf0e23b-e546-4171-8243-7b016fd37d6e,,10,FAULT,0x2080,SENSOR_RANGE|PUMP_CAVITATION,0,0,0,0,0,0,0.0,0.61,0.0,0.0,0.0,0.0,0.0,0.0,0.0,-0.56,112.5,1012.9,20.3,9.0,0.0,0.0,0.0,,0.0,0,0,0,0,0,4.2,0.02,0.0,4495.53,4495.53,0.0,-3.18
2026-06-05T07:46:55.955+00:00,322648,7bf0e23b-e546-4171-8243-7b016fd37d6e,,10,FAULT,0x2080,SENSOR_RANGE|PUMP_CAVITATION,0,0,0,0,0,0,0.0,0.562,0.0,0.0,0.0,0.0,0.0,0.0,0.0,-0.31,112.5,1012.9,20.3,9.0,0.0,0.0,0.0,,0.0,0,0,0,0,0,4.2,0.02,0.0,4495.53,4495.53,0.0,1.42
2026-06-05T07:46:56.131+00:00,322823,7bf0e23b-e546-4171-8243-7b016fd37d6e,,10,FAULT,0x2080,SENSOR_RANGE|PUMP_CAVITATION,0,0,0,0,0,0,0.0,0.708,0.0,0.0,0.0,0.0,0.0,0.0,0.0,0.0,112.5,1012.9,20.3,8.9,0.0,0.0,0.0,,0.0,0,0,0,0,0,4.2,0.02,0.0,4495.53,4495.53,0.0,1.77
2026-06-05T07:46:56.307+00:00,322999,7bf0e23b-e546-4171-8243-7b016fd37d6e,,10,FAULT,0x2080,SENSOR_RANGE|PUMP_CAVITATION,0,0,0,0,0,0,0.0,0.708,0.0,0.0,0.0,0.0,0.0,0.0,0.0,-1.53,111.15,1012.9,20.3,8.9,0.0,0.0,0.0,,0.0,0,0,0,0,0,4.2,0.02,0.0,4495.53,4495.53,0.0,-8.69
2026-06-05T07:46:56.482+00:00,323174,7bf0e23b-e546-4171-8243-7b016fd37d6e,,10,FAULT,0x2080,SENSOR_RANGE|PUMP_CAVITATION,0,0,0,0,0,0,0.0,0.562,0.0,0.0,0.0,0.0,0.0,0.0,0.0,-1.29,112.5,1013.0,20.3,9.0,0.0,0.0,0.0,,0.0,0,0,0,0,0,4.2,0.02,0.0,4495.53,4495.53,0.0,1.37
2026-06-05T07:46:56.659+00:00,323349,7bf0e23b-e546-4171-8243-7b016fd37d6e,,10,FAULT,0x2080,SENSOR_RANGE|PUMP_CAVITATION,0,0,0,0,0,0,0.0,0.415,0.0,0.0,0.0,0.0,0.0,0.0,0.0,-1.05,112.25,1013.0,20.3,9.0,0.0,0.0,0.0,,0.0,0,0,0,0,0,4.2,0.02,0.0,4495.53,4495.53,0.0,1.37
2026-06-05T07:46:56.835+00:00,323525,7bf0e23b-e546-4171-8243-7b016fd37d6e,,10,FAULT,0x2080,SENSOR_RANGE|PUMP_CAVITATION,0,0,0,0,0,0,0.0,0.415,0.0,0.0,0.0,0.0,0.0,0.0,0.0,0.65,112.5,1012.9,20.3,9.0,0.0,0.0,0.0,,0.0,0,0,0,0,0,4.2,0.02,0.0,4495.53,4495.53,0.0,9.66
2026-06-05T07:46:57.010+00:00,323700,7bf0e23b-e546-4171-8243-7b016fd37d6e,,10,FAULT,0x2080,SENSOR_RANGE|PUMP_CAVITATION,0,0,0,0,0,0,0.0,0.024,0.0,0.0,0.0,0.0,0.0,0.0,0.0,0.0,105.9,1012.9,20.3,8.9,0.0,0.0,0.0,,0.0,0,0,0,0,0,4.2,0.02,0.0,4495.53,4495.53,0.0,-3.71
2026-06-05T07:46:57.184+00:00,323875,7bf0e23b-e546-4171-8243-7b016fd37d6e,,10,FAULT,0x2080,SENSOR_RANGE|PUMP_CAVITATION,0,0,0,0,0,0,0.0,0.855,0.0,0.0,0.0,0.0,0.0,0.0,0.0,0.41,111.76,1012.9,20.3,8.9,0.0,0.0,0.0,,0.0,0,0,0,0,0,4.2,0.02,0.0,4495.53,4495.53,0.0,2.34
2026-06-05T07:46:57.360+00:00,324050,7bf0e23b-e546-4171-8243-7b016fd37d6e,,10,FAULT,0x2080,SENSOR_RANGE|PUMP_CAVITATION,0,0,0,0,0,0,0.0,1.05,0.0,0.0,0.0,0.0,0.0,0.0,0.0,0.41,112.5,1012.9,20.3,9.0,0.0,0.0,0.0,,0.0,0,0,0,0,0,4.2,0.02,0.0,4495.53,4495.53,0.0,0.0
2026-06-05T07:46:57.535+00:00,324227,7bf0e23b-e546-4171-8243-7b016fd37d6e,,10,FAULT,0x2080,SENSOR_RANGE|PUMP_CAVITATION,0,0,0,0,0,0,0.0,1.05,0.0,0.0,0.0,0.0,0.0,0.0,0.0,0.65,112.5,1012.9,20.3,9.0,0.0,0.0,0.0,,0.0,0,0,0,0,0,4.2,0.02,0.0,4495.53,4495.53,0.0,1.36
2026-06-05T07:46:57.712+00:00,324402,7bf0e23b-e546-4171-8243-7b016fd37d6e,,10,FAULT,0x2080,SENSOR_RANGE|PUMP_CAVITATION,0,0,0,0,0,0,0.0,1.05,0.0,0.0,0.0,0.0,0.0,0.0,0.0,-0.31,112.5,1012.9,20.3,8.9,0.0,0.0,0.0,,0.0,0,0,0,0,0,4.2,0.02,0.0,4495.53,4495.53,0.0,-5.49
2026-06-05T07:46:57.887+00:00,324578,7bf0e23b-e546-4171-8243-7b016fd37d6e,,10,FAULT,0x2080,SENSOR_RANGE|PUMP_CAVITATION,0,0,0,0,0,0,0.0,0.073,0.0,0.0,0.0,0.0,0.0,0.0,0.0,-1.29,110.78,1012.9,20.3,9.0,0.0,0.0,0.0,,0.0,0,0,0,0,0,4.2,0.02,0.0,4495.53,4495.53,0.0,-5.57
2026-06-05T07:46:58.063+00:00,324753,7bf0e23b-e546-4171-8243-7b016fd37d6e,,10,FAULT,0x2080,SENSOR_RANGE|PUMP_CAVITATION,0,0,0,0,0,0,0.0,0.0,0.0,0.0,0.0,0.0,0.0,0.0,0.0,-1.53,110.42,1012.9,20.3,8.9,0.0,0.0,0.0,,0.0,0,0,0,0,0,4.2,0.02,0.0,4495.53,4495.53,0.0,-1.37
2026-06-05T07:46:58.239+00:00,324928,7bf0e23b-e546-4171-8243-7b016fd37d6e,,10,FAULT,0x2080,SENSOR_RANGE|PUMP_CAVITATION,0,0,0,0,0,0,0.0,0.0,0.0,0.0,0.0,0.0,0.0,0.0,0.0,0.9,109.2,1012.9,20.3,9.0,0.0,0.0,0.0,,0.0,0,0,0,0,0,4.2,0.02,0.0,4495.53,4495.53,0.0,13.89
2026-06-05T07:46:58.413+00:00,325103,7bf0e23b-e546-4171-8243-7b016fd37d6e,,10,FAULT,0x2080,SENSOR_RANGE|PUMP_CAVITATION,0,0,0,0,0,0,0.0,0.806,0.0,0.0,0.0,0.0,0.0,0.0,0.0,-0.8,112.5,1012.9,20.3,9.0,0.0,0.0,0.0,,0.0,0,0,0,0,0,4.2,0.02,0.0,4495.53,4495.53,0.0,-9.71
2026-06-05T07:46:58.588+00:00,325278,7bf0e23b-e546-4171-8243-7b016fd37d6e,,10,FAULT,0x2080,SENSOR_RANGE|PUMP_CAVITATION,0,0,0,0,0,0,0.0,0.0,0.0,0.0,0.0,0.0,0.0,0.0,0.0,1.88,107.12,1012.9,20.3,9.0,0.0,0.0,0.0,,0.0,0,0,0,0,0,4.2,0.02,0.0,4495.53,4495.53,0.0,15.31
2026-06-05T07:46:58.764+00:00,325454,7bf0e23b-e546-4171-8243-7b016fd37d6e,,10,FAULT,0x2080,SENSOR_RANGE|PUMP_CAVITATION,0,0,0,0,0,0,0.0,0.855,0.0,0.0,0.0,0.0,0.0,0.0,0.0,0.41,111.15,1012.9,20.3,9.0,0.0,0.0,0.0,,0.0,0,0,0,0,0,4.2,0.02,0.0,4495.53,4495.53,0.0,-8.35
2026-06-05T07:46:58.940+00:00,325629,7bf0e23b-e546-4171-8243-7b016fd37d6e,,10,FAULT,0x2080,SENSOR_RANGE|PUMP_CAVITATION,0,0,0,0,0,0,0.0,0.904,0.0,0.0,0.0,0.0,0.0,0.0,0.0,0.65,112.01,1013.0,20.3,9.0,0.0,0.0,0.0,,0.0,0,0,0,0,0,4.2,0.02,0.0,4495.53,4495.53,0.0,1.37
2026-06-05T07:46:59.116+00:00,325805,7bf0e23b-e546-4171-8243-7b016fd37d6e,,10,FAULT,0x2080,SENSOR_RANGE|PUMP_CAVITATION,0,0,0,0,0,0,0.0,0.268,0.0,0.0,0.0,0.0,0.0,0.0,0.0,-0.31,112.5,1012.9,20.3,8.9,0.0,0.0,0.0,,0.0,0,0,0,0,0,4.2,0.02,0.0,4495.53,4495.53,0.0,-5.45
2026-06-05T07:46:59.292+00:00,325980,7bf0e23b-e546-4171-8243-7b016fd37d6e,,10,FAULT,0x2080,SENSOR_RANGE|PUMP_CAVITATION,0,0,0,0,0,0,0.0,0.171,0.0,0.0,0.0,0.0,0.0,0.0,0.0,-0.8,108.1,1012.9,20.3,9.0,0.0,0.0,0.0,,0.0,0,0,0,0,0,4.2,0.02,0.0,4495.53,4495.53,0.0,-2.8
2026-06-05T07:46:59.465+00:00,326156,7bf0e23b-e546-4171-8243-7b016fd37d6e,,10,FAULT,0x2080,SENSOR_RANGE|PUMP_CAVITATION,0,0,0,0,0,0,0.0,0.0,0.0,0.0,0.0,0.0,0.0,0.0,0.0,0.0,112.5,1013.0,20.3,9.0,0.0,0.0,0.0,,0.0,0,0,0,0,0,4.2,0.02,0.0,4495.53,4495.53,0.0,4.55
2026-06-05T07:46:59.641+00:00,326331,7bf0e23b-e546-4171-8243-7b016fd37d6e,,10,FAULT,0x2080,SENSOR_RANGE|PUMP_CAVITATION,0,0,0,0,0,0,0.0,0.0,0.0,0.0,0.0,0.0,0.0,0.0,0.0,-0.8,107.85,1012.9,20.3,9.0,0.0,0.0,0.0,,0.0,0,0,0,0,0,4.2,0.02,0.0,4495.53,4495.53,0.0,-4.57
2026-06-05T07:46:59.817+00:00,326506,7bf0e23b-e546-4171-8243-7b016fd37d6e,,10,FAULT,0x2080,SENSOR_RANGE|PUMP_CAVITATION,0,0,0,0,0,0,0.0,0.953,0.0,0.0,0.0,0.0,0.0,0.0,0.0,-0.8,112.5,1012.9,20.3,8.9,0.0,0.0,0.0,,0.0,0,0,0,0,0,4.2,0.02,0.0,4495.53,4495.53,0.0,0.0
2026-06-05T07:46:59.993+00:00,326681,7bf0e23b-e546-4171-8243-7b016fd37d6e,,10,FAULT,0x2080,SENSOR_RANGE|PUMP_CAVITATION,0,0,0,0,0,0,0.0,0.415,0.0,0.0,0.0,0.0,0.0,0.0,0.0,-0.31,112.01,1012.9,20.3,9.0,0.0,0.0,0.0,,0.0,0,0,0,0,0,4.2,0.02,0.0,4495.53,4495.53,0.0,2.8
2026-06-05T07:47:00.169+00:00,326856,7bf0e23b-e546-4171-8243-7b016fd37d6e,,10,FAULT,0x2080,SENSOR_RANGE|PUMP_CAVITATION,0,0,0,0,0,0,0.0,0.0,0.0,0.0,0.0,0.0,0.0,0.0,0.0,-2.02,112.5,1013.0,20.3,9.0,0.0,0.0,0.0,,0.0,0,0,0,0,0,4.2,0.02,0.0,4495.53,4495.53,0.0,-9.77
2026-06-05T07:47:00.344+00:00,327032,7bf0e23b-e546-4171-8243-7b016fd37d6e,,10,FAULT,0x2080,SENSOR_RANGE|PUMP_CAVITATION,0,0,0,0,0,0,0.0,0.171,0.0,0.0,0.0,0.0,0.0,0.0,0.0,-1.05,112.37,1013.0,20.3,9.0,0.0,0.0,0.0,,0.0,0,0,0,0,0,4.2,0.02,0.0,4495.53,4495.53,0.0,5.51
2026-06-05T07:47:00.520+00:00,327207,7bf0e23b-e546-4171-8243-7b016fd37d6e,,10,FAULT,0x2080,SENSOR_RANGE|PUMP_CAVITATION,0,0,0,0,0,0,0.0,0.708,0.0,0.0,0.0,0.0,0.0,0.0,0.0,-0.8,112.5,1012.9,20.3,8.9,0.0,0.0,0.0,,0.0,0,0,0,0,0,4.2,0.02,0.0,4495.53,4495.53,0.0,1.43
2026-06-05T07:47:00.696+00:00,327384,7bf0e23b-e546-4171-8243-7b016fd37d6e,,10,FAULT,0x2080,SENSOR_RANGE|PUMP_CAVITATION,0,0,0,0,0,0,0.0,0.0,0.0,0.0,0.0,0.0,0.0,0.0,0.0,0.65,109.07,1012.9,20.3,9.0,0.0,0.0,0.0,,0.0,0,0,0,0,0,4.2,0.02,0.0,4495.53,4495.53,0.0,8.19
2026-06-05T07:47:00.870+00:00,327559,7bf0e23b-e546-4171-8243-7b016fd37d6e,,10,FAULT,0x2080,SENSOR_RANGE|PUMP_CAVITATION,0,0,0,0,0,0,0.0,0.904,0.0,0.0,0.0,0.0,0.0,0.0,0.0,0.41,112.5,1012.9,20.3,9.0,0.0,0.0,0.0,,0.0,0,0,0,0,0,4.2,0.02,0.0,4495.53,4495.53,0.0,-1.37
2026-06-05T07:47:01.046+00:00,327734,7bf0e23b-e546-4171-8243-7b016fd37d6e,,10,FAULT,0x2080,SENSOR_RANGE|PUMP_CAVITATION,0,0,0,0,0,0,0.0,0.855,0.0,0.0,0.0,0.0,0.0,0.0,0.0,0.65,112.5,1012.9,20.3,9.0,0.0,0.0,0.0,,0.0,0,0,0,0,0,4.2,0.02,0.0,4495.53,4495.53,0.0,1.37
2026-06-05T07:47:01.221+00:00,327909,7bf0e23b-e546-4171-8243-7b016fd37d6e,,10,FAULT,0x2080,SENSOR_RANGE|PUMP_CAVITATION,0,0,0,0,0,0,0.0,0.0,0.0,0.0,0.0,0.0,0.0,0.0,0.0,1.14,107.61,1013.0,20.3,9.0,0.0,0.0,0.0,,0.0,0,0,0,0,0,4.2,0.02,0.0,4495.53,4495.53,0.0,2.8
2026-06-05T07:47:01.397+00:00,328084,7bf0e23b-e546-4171-8243-7b016fd37d6e,,10,FAULT,0x2080,SENSOR_RANGE|PUMP_CAVITATION,0,0,0,0,0,0,0.0,0.0,0.0,0.0,0.0,0.0,0.0,0.0,0.0,1.14,111.88,1012.9,20.3,9.0,0.0,0.0,0.0,,0.0,0,0,0,0,0,4.2,0.02,0.0,4495.53,4495.53,0.0,0.0
2026-06-05T07:47:01.573+00:00,328259,7bf0e23b-e546-4171-8243-7b016fd37d6e,,10,FAULT,0x2080,SENSOR_RANGE|PUMP_CAVITATION,0,0,0,0,0,0,0.0,0.0,0.0,0.0,0.0,0.0,0.0,0.0,0.0,-2.02,108.71,1012.9,20.3,9.0,0.0,0.0,0.0,,0.0,0,0,0,0,0,4.2,0.02,0.0,4495.53,4495.53,0.0,-18.06
2026-06-05T07:47:01.749+00:00,328435,7bf0e23b-e546-4171-8243-7b016fd37d6e,,10,FAULT,0x2080,SENSOR_RANGE|PUMP_CAVITATION,0,0,0,0,0,0,0.0,0.024,0.0,0.0,0.0,0.0,0.0,0.0,0.0,1.88,112.37,1012.9,20.3,9.0,0.0,0.0,0.0,,0.0,0,0,0,0,0,4.2,0.02,0.0,4495.53,4495.53,0.0,22.16
2026-06-05T07:47:01.923+00:00,328610,7bf0e23b-e546-4171-8243-7b016fd37d6e,,10,FAULT,0x2080,SENSOR_RANGE|PUMP_CAVITATION,0,0,0,0,0,0,0.0,0.219,0.0,0.0,0.0,0.0,0.0,0.0,0.0,0.41,108.71,1013.0,20.3,9.0,0.0,0.0,0.0,,0.0,0,0,0,0,0,4.2,0.02,0.0,4495.53,4495.53,0.0,-8.4
2026-06-05T07:47:02.098+00:00,328785,7bf0e23b-e546-4171-8243-7b016fd37d6e,,10,FAULT,0x2080,SENSOR_RANGE|PUMP_CAVITATION,0,0,0,0,0,0,0.0,0.513,0.0,0.0,0.0,0.0,0.0,0.0,0.0,0.0,112.5,1012.9,20.3,9.0,0.0,0.0,0.0,,0.0,0,0,0,0,0,4.2,0.02,0.0,4495.53,4495.53,0.0,-2.34
2026-06-05T07:47:02.275+00:00,328961,7bf0e23b-e546-4171-8243-7b016fd37d6e,,10,FAULT,0x2080,SENSOR_RANGE|PUMP_CAVITATION,0,0,0,0,0,0,0.0,0.562,0.0,0.0,0.0,0.0,0.0,0.0,0.0,-1.05,109.56,1012.9,20.3,9.0,0.0,0.0,0.0,,0.0,0,0,0,0,0,4.2,0.02,0.0,4495.53,4495.53,0.0,-5.97
2026-06-05T07:47:02.450+00:00,329136,7bf0e23b-e546-4171-8243-7b016fd37d6e,,10,FAULT,0x2080,SENSOR_RANGE|PUMP_CAVITATION,0,0,0,0,0,0,0.0,1.05,0.0,0.0,0.0,0.0,0.0,0.0,0.0,0.0,111.64,1012.9,20.3,8.9,0.0,0.0,0.0,,0.0,0,0,0,0,0,4.2,0.02,0.0,4495.53,4495.53,0.0,6.0
2026-06-05T07:47:02.626+00:00,329312,7bf0e23b-e546-4171-8243-7b016fd37d6e,,10,FAULT,0x2080,SENSOR_RANGE|PUMP_CAVITATION,0,0,0,0,0,0,0.0,0.0,0.0,0.0,0.0,0.0,0.0,0.0,0.0,0.9,107.85,1013.0,20.3,9.0,0.0,0.0,0.0,,0.0,0,0,0,0,0,4.2,0.02,0.0,4495.53,4495.53,0.0,5.11
2026-06-05T07:47:02.802+00:00,329487,7bf0e23b-e546-4171-8243-7b016fd37d6e,,10,FAULT,0x2080,SENSOR_RANGE|PUMP_CAVITATION,0,0,0,0,0,0,0.0,0.855,0.0,0.0,0.0,0.0,0.0,0.0,0.0,-0.8,112.5,1012.9,20.3,8.9,0.0,0.0,0.0,,0.0,0,0,0,0,0,4.2,0.02,0.0,4495.53,4495.53,0.0,-9.71
2026-06-05T07:47:02.975+00:00,329662,7bf0e23b-e546-4171-8243-7b016fd37d6e,,10,FAULT,0x2080,SENSOR_RANGE|PUMP_CAVITATION,0,0,0,0,0,0,0.0,0.806,0.0,0.0,0.0,0.0,0.0,0.0,0.0,0.0,112.5,1012.9,20.3,8.9,0.0,0.0,0.0,,0.0,0,0,0,0,0,4.2,0.02,0.0,4495.53,4495.53,0.0,4.57
2026-06-05T07:47:03.151+00:00,329837,7bf0e23b-e546-4171-8243-7b016fd37d6e,,10,FAULT,0x2080,SENSOR_RANGE|PUMP_CAVITATION,0,0,0,0,0,0,0.0,0.562,0.0,0.0,0.0,0.0,0.0,0.0,0.0,0.41,112.5,1012.9,20.3,9.0,0.0,0.0,0.0,,0.0,0,0,0,0,0,4.2,0.02,0.0,4495.53,4495.53,0.0,2.34
2026-06-05T07:47:03.327+00:00,330012,7bf0e23b-e546-4171-8243-7b016fd37d6e,,10,FAULT,0x2080,SENSOR_RANGE|PUMP_CAVITATION,0,0,0,0,0,0,0.0,0.268,0.0,0.0,0.0,0.0,0.0,0.0,0.0,-1.53,112.5,1012.9,20.3,9.0,0.0,0.0,0.0,,0.0,0,0,0,0,0,4.2,0.02,0.0,4495.53,4495.53,0.0,-11.09
2026-06-05T07:47:03.503+00:00,330188,7bf0e23b-e546-4171-8243-7b016fd37d6e,,10,FAULT,0x2080,SENSOR_RANGE|PUMP_CAVITATION,0,0,0,0,0,0,0.0,0.0,0.0,0.0,0.0,0.0,0.0,0.0,0.0,0.0,110.3,1012.9,20.3,8.9,0.0,0.0,0.0,,0.0,0,0,0,0,0,4.2,0.02,0.0,4495.53,4495.53,0.0,8.69
2026-06-05T07:47:03.678+00:00,330363,7bf0e23b-e546-4171-8243-7b016fd37d6e,,10,FAULT,0x2080,SENSOR_RANGE|PUMP_CAVITATION,0,0,0,0,0,0,0.0,0.0,0.0,0.0,0.0,0.0,0.0,0.0,0.0,1.63,109.68,1012.9,20.3,9.0,0.0,0.0,0.0,,0.0,0,0,0,0,0,4.2,0.02,0.0,4495.53,4495.53,0.0,9.31
2026-06-05T07:47:03.854+00:00,330539,7bf0e23b-e546-4171-8243-7b016fd37d6e,,10,FAULT,0x2080,SENSOR_RANGE|PUMP_CAVITATION,0,0,0,0,0,0,0.0,0.513,0.0,0.0,0.0,0.0,0.0,0.0,0.0,-2.02,112.5,1012.9,20.3,9.0,0.0,0.0,0.0,,0.0,0,0,0,0,0,4.2,0.02,0.0,4495.53,4495.53,0.0,-20.74
2026-06-05T07:47:04.030+00:00,330714,7bf0e23b-e546-4171-8243-7b016fd37d6e,,10,FAULT,0x2080,SENSOR_RANGE|PUMP_CAVITATION,0,0,0,0,0,0,0.0,1.197,0.0,0.0,0.0,0.0,0.0,0.0,0.0,-0.56,111.52,1012.9,20.3,8.9,0.0,0.0,0.0,,0.0,0,0,0,0,0,4.2,0.02,0.0,4495.53,4495.53,0.0,8.34
2026-06-05T07:47:04.204+00:00,330890,7bf0e23b-e546-4171-8243-7b016fd37d6e,,10,FAULT,0x2080,SENSOR_RANGE|PUMP_CAVITATION,0,0,0,0,0,0,0.0,0.0,0.0,0.0,0.0,0.0,0.0,0.0,0.0,0.65,107.61,1013.0,20.3,9.0,0.0,0.0,0.0,,0.0,0,0,0,0,0,4.2,0.02,0.0,4495.53,4495.53,0.0,6.88
2026-06-05T07:47:04.380+00:00,331065,7bf0e23b-e546-4171-8243-7b016fd37d6e,,10,FAULT,0x2080,SENSOR_RANGE|PUMP_CAVITATION,0,0,0,0,0,0,0.0,0.219,0.0,0.0,0.0,0.0,0.0,0.0,0.0,1.14,112.5,1012.9,20.3,9.0,0.0,0.0,0.0,,0.0,0,0,0,0,0,4.2,0.02,0.0,4495.53,4495.53,0.0,2.8
2026-06-05T07:47:04.555+00:00,331240,7bf0e23b-e546-4171-8243-7b016fd37d6e,,10,FAULT,0x2080,SENSOR_RANGE|PUMP_CAVITATION,0,0,0,0,0,0,0.0,0.0,0.0,0.0,0.0,0.0,0.0,0.0,0.0,-0.56,107.24,1012.9,20.3,9.0,0.0,0.0,0.0,,0.0,0,0,0,0,0,4.2,0.02,0.0,4495.53,4495.53,0.0,-9.71
2026-06-05T07:47:04.732+00:00,331415,7bf0e23b-e546-4171-8243-7b016fd37d6e,,10,FAULT,0x2080,SENSOR_RANGE|PUMP_CAVITATION,0,0,0,0,0,0,0.0,0.806,0.0,0.0,0.0,0.0,0.0,0.0,0.0,0.41,112.5,1012.9,20.3,9.0,0.0,0.0,0.0,,0.0,0,0,0,0,0,4.2,0.02,0.0,4495.53,4495.53,0.0,5.54
2026-06-05T07:47:04.908+00:00,331591,7bf0e23b-e546-4171-8243-7b016fd37d6e,,10,FAULT,0x2080,SENSOR_RANGE|PUMP_CAVITATION,0,0,0,0,0,0,0.0,1.099,0.0,0.0,0.0,0.0,0.0,0.0,0.0,-0.31,112.37,1012.9,20.3,9.0,0.0,0.0,0.0,,0.0,0,0,0,0,0,4.2,0.02,0.0,4495.53,4495.53,0.0,-4.09
2026-06-05T07:47:05.083+00:00,331766,7bf0e23b-e546-4171-8243-7b016fd37d6e,,10,FAULT,0x2080,SENSOR_RANGE|PUMP_CAVITATION,0,0,0,0,0,0,0.0,0.122,0.0,0.0,0.0,0.0,0.0,0.0,0.0,0.65,112.5,1012.9,20.3,9.0,0.0,0.0,0.0,,0.0,0,0,0,0,0,4.2,0.02,0.0,4495.53,4495.53,0.0,5.49
2026-06-05T07:47:05.257+00:00,331941,7bf0e23b-e546-4171-8243-7b016fd37d6e,,10,FAULT,0x2080,SENSOR_RANGE|PUMP_CAVITATION,0,0,0,0,0,0,0.0,0.366,0.0,0.0,0.0,0.0,0.0,0.0,0.0,-0.31,108.22,1012.9,20.3,8.9,0.0,0.0,0.0,,0.0,0,0,0,0,0,4.2,0.02,0.0,4495.53,4495.53,0.0,-5.49
2026-06-05T07:47:05.434+00:00,332116,7bf0e23b-e546-4171-8243-7b016fd37d6e,,10,FAULT,0x2080,SENSOR_RANGE|PUMP_CAVITATION,0,0,0,0,0,0,0.0,0.317,0.0,0.0,0.0,0.0,0.0,0.0,0.0,-1.29,112.5,1013.0,20.3,9.0,0.0,0.0,0.0,,0.0,0,0,0,0,0,4.2,0.02,0.0,4495.53,4495.53,0.0,-5.6
2026-06-05T07:47:05.608+00:00,332293,7bf0e23b-e546-4171-8243-7b016fd37d6e,,10,FAULT,0x2080,SENSOR_RANGE|PUMP_CAVITATION,0,0,0,0,0,0,0.0,0.0,0.0,0.0,0.0,0.0,0.0,0.0,0.0,1.39,107.12,1012.9,20.3,9.0,0.0,0.0,0.0,,0.0,0,0,0,0,0,4.2,0.02,0.0,4495.53,4495.53,0.0,15.14
2026-06-05T07:47:05.784+00:00,332468,7bf0e23b-e546-4171-8243-7b016fd37d6e,,10,FAULT,0x2080,SENSOR_RANGE|PUMP_CAVITATION,0,0,0,0,0,0,0.0,0.0,0.0,0.0,0.0,0.0,0.0,0.0,0.0,0.65,111.88,1012.9,20.3,9.0,0.0,0.0,0.0,,0.0,0,0,0,0,0,4.2,0.02,0.0,4495.53,4495.53,0.0,-4.23
2026-06-05T07:47:05.960+00:00,332643,7bf0e23b-e546-4171-8243-7b016fd37d6e,,10,FAULT,0x2080,SENSOR_RANGE|PUMP_CAVITATION,0,0,0,0,0,0,0.0,0.024,0.0,0.0,0.0,0.0,0.0,0.0,0.0,-0.31,108.46,1013.0,20.3,9.0,0.0,0.0,0.0,,0.0,0,0,0,0,0,4.2,0.02,0.0,4495.53,4495.53,0.0,-5.49
2026-06-05T07:47:06.136+00:00,332818,7bf0e23b-e546-4171-8243-7b016fd37d6e,,10,FAULT,0x2080,SENSOR_RANGE|PUMP_CAVITATION,0,0,0,0,0,0,0.0,0.0,0.0,0.0,0.0,0.0,0.0,0.0,0.0,-0.31,112.01,1012.9,20.3,8.9,0.0,0.0,0.0,,0.0,0,0,0,0,0,4.2,0.02,0.0,4495.53,4495.53,0.0,0.0
2026-06-05T07:47:06.312+00:00,332994,7bf0e23b-e546-4171-8243-7b016fd37d6e,,10,FAULT,0x2080,SENSOR_RANGE|PUMP_CAVITATION,0,0,0,0,0,0,0.0,0.366,0.0,0.0,0.0,0.0,0.0,0.0,0.0,-0.56,112.5,1012.9,20.3,8.9,0.0,0.0,0.0,,0.0,0,0,0,0,0,4.2,0.02,0.0,4495.53,4495.53,0.0,-1.42
2026-06-05T07:47:06.485+00:00,333169,7bf0e23b-e546-4171-8243-7b016fd37d6e,,10,FAULT,0x2080,SENSOR_RANGE|PUMP_CAVITATION,0,0,0,0,0,0,0.0,0.513,0.0,0.0,0.0,0.0,0.0,0.0,0.0,-0.31,112.5,1013.0,20.3,9.0,0.0,0.0,0.0,,0.0,0,0,0,0,0,4.2,0.02,0.0,4495.53,4495.53,0.0,1.43
2026-06-05T07:47:06.662+00:00,333344,7bf0e23b-e546-4171-8243-7b016fd37d6e,,10,FAULT,0x2080,SENSOR_RANGE|PUMP_CAVITATION,0,0,0,0,0,0,0.0,0.219,0.0,0.0,0.0,0.0,0.0,0.0,0.0,-1.05,111.4,1012.9,20.3,9.0,0.0,0.0,0.0,,0.0,0,0,0,0,0,4.2,0.02,0.0,4495.53,4495.53,0.0,-4.23
2026-06-05T07:47:06.837+00:00,333520,7bf0e23b-e546-4171-8243-7b016fd37d6e,,10,FAULT,0x2080,SENSOR_RANGE|PUMP_CAVITATION,0,0,0,0,0,0,0.0,0.562,0.0,0.0,0.0,0.0,0.0,0.0,0.0,0.41,112.37,1013.0,20.3,9.0,0.0,0.0,0.0,,0.0,0,0,0,0,0,4.2,0.02,0.0,4495.53,4495.53,0.0,8.3
2026-06-05T07:47:07.013+00:00,333696,7bf0e23b-e546-4171-8243-7b016fd37d6e,,10,FAULT,0x2080,SENSOR_RANGE|PUMP_CAVITATION,0,0,0,0,0,0,0.0,0.855,0.0,0.0,0.0,0.0,0.0,0.0,0.0,-1.05,112.5,1013.0,20.3,9.0,0.0,0.0,0.0,,0.0,0,0,0,0,0,4.2,0.02,0.0,4495.53,4495.53,0.0,-8.3
2026-06-05T07:47:07.189+00:00,333871,7bf0e23b-e546-4171-8243-7b016fd37d6e,,10,FAULT,0x2080,SENSOR_RANGE|PUMP_CAVITATION,0,0,0,0,0,0,0.0,0.0,0.0,0.0,0.0,0.0,0.0,0.0,0.0,-0.8,106.75,1012.9,20.3,9.0,0.0,0.0,0.0,,0.0,0,0,0,0,0,4.2,0.02,0.0,4495.53,4495.53,0.0,1.43
2026-06-05T07:47:07.365+00:00,334046,7bf0e23b-e546-4171-8243-7b016fd37d6e,,10,FAULT,0x2080,SENSOR_RANGE|PUMP_CAVITATION,0,0,0,0,0,0,0.0,0.904,0.0,0.0,0.0,0.0,0.0,0.0,0.0,0.41,111.76,1012.9,20.3,9.0,0.0,0.0,0.0,,0.0,0,0,0,0,0,4.2,0.02,0.0,4495.53,4495.53,0.0,6.91
2026-06-05T07:47:07.540+00:00,334222,7bf0e23b-e546-4171-8243-7b016fd37d6e,,10,FAULT,0x2080,SENSOR_RANGE|PUMP_CAVITATION,0,0,0,0,0,0,0.0,0.0,0.0,0.0,0.0,0.0,0.0,0.0,0.0,-0.56,107.36,1013.0,20.3,9.0,0.0,0.0,0.0,,0.0,0,0,0,0,0,4.2,0.02,0.0,4495.53,4495.53,0.0,-5.51
2026-06-05T07:47:07.714+00:00,334397,7bf0e23b-e546-4171-8243-7b016fd37d6e,,10,FAULT,0x2080,SENSOR_RANGE|PUMP_CAVITATION,0,0,0,0,0,0,0.0,0.415,0.0,0.0,0.0,0.0,0.0,0.0,0.0,-0.8,112.5,1013.0,20.3,9.0,0.0,0.0,0.0,,0.0,0,0,0,0,0,4.2,0.02,0.0,4495.53,4495.53,0.0,-1.37
2026-06-05T07:47:07.890+00:00,334572,7bf0e23b-e546-4171-8243-7b016fd37d6e,,10,FAULT,0x2080,SENSOR_RANGE|PUMP_CAVITATION,0,0,0,0,0,0,0.0,0.0,0.0,0.0,0.0,0.0,0.0,0.0,0.0,0.41,106.75,1012.9,20.3,9.0,0.0,0.0,0.0,,0.0,0,0,0,0,0,4.2,0.02,0.0,4495.53,4495.53,0.0,6.91
2026-06-05T07:47:08.066+00:00,334747,7bf0e23b-e546-4171-8243-7b016fd37d6e,,10,FAULT,0x2080,SENSOR_RANGE|PUMP_CAVITATION,0,0,0,0,0,0,0.0,0.268,0.0,0.0,0.0,0.0,0.0,0.0,0.0,-1.05,112.5,1012.9,20.3,9.0,0.0,0.0,0.0,,0.0,0,0,0,0,0,4.2,0.02,0.0,4495.53,4495.53,0.0,-8.34
2026-06-05T07:47:08.242+00:00,334923,7bf0e23b-e546-4171-8243-7b016fd37d6e,,10,FAULT,0x2080,SENSOR_RANGE|PUMP_CAVITATION,0,0,0,0,0,0,0.0,0.464,0.0,0.0,0.0,0.0,0.0,0.0,0.0,0.65,111.88,1012.9,20.3,9.0,0.0,0.0,0.0,,0.0,0,0,0,0,0,4.2,0.02,0.0,4495.53,4495.53,0.0,9.66
2026-06-05T07:47:08.417+00:00,335098,7bf0e23b-e546-4171-8243-7b016fd37d6e,,10,FAULT,0x2080,SENSOR_RANGE|PUMP_CAVITATION,0,0,0,0,0,0,0.0,0.268,0.0,0.0,0.0,0.0,0.0,0.0,0.0,0.0,112.5,1012.9,20.3,9.0,0.0,0.0,0.0,,0.0,0,0,0,0,0,4.2,0.02,0.0,4495.53,4495.53,0.0,-3.71
2026-06-05T07:47:08.593+00:00,335273,7bf0e23b-e546-4171-8243-7b016fd37d6e,,10,FAULT,0x2080,SENSOR_RANGE|PUMP_CAVITATION,0,0,0,0,0,0,0.0,0.757,0.0,0.0,0.0,0.0,0.0,0.0,0.0,-0.8,110.91,1012.9,20.3,8.9,0.0,0.0,0.0,,0.0,0,0,0,0,0,4.2,0.02,0.0,4495.53,4495.53,0.0,-4.57
2026-06-05T07:47:08.769+00:00,335449,7bf0e23b-e546-4171-8243-7b016fd37d6e,,10,FAULT,0x2080,SENSOR_RANGE|PUMP_CAVITATION,0,0,0,0,0,0,0.0,0.61,0.0,0.0,0.0,0.0,0.0,0.0,0.0,-1.78,112.5,1012.9,20.3,9.0,0.0,0.0,0.0,,0.0,0,0,0,0,0,4.2,0.02,0.0,4495.53,4495.53,0.0,-5.57
2026-06-05T07:47:08.943+00:00,335625,7bf0e23b-e546-4171-8243-7b016fd37d6e,,10,FAULT,0x2080,SENSOR_RANGE|PUMP_CAVITATION,0,0,0,0,0,0,0.0,0.073,0.0,0.0,0.0,0.0,0.0,0.0,0.0,-1.05,110.66,1013.0,20.3,9.0,0.0,0.0,0.0,,0.0,0,0,0,0,0,4.2,0.02,0.0,4495.53,4495.53,0.0,4.15
2026-06-05T07:47:09.119+00:00,335800,7bf0e23b-e546-4171-8243-7b016fd37d6e,,10,FAULT,0x2080,SENSOR_RANGE|PUMP_CAVITATION,0,0,0,0,0,0,0.0,0.024,0.0,0.0,0.0,0.0,0.0,0.0,0.0,1.63,110.42,1012.9,20.3,9.0,0.0,0.0,0.0,,0.0,0,0,0,0,0,4.2,0.02,0.0,4495.53,4495.53,0.0,15.31
2026-06-05T07:47:09.294+00:00,335975,7bf0e23b-e546-4171-8243-7b016fd37d6e,,10,FAULT,0x2080,SENSOR_RANGE|PUMP_CAVITATION,0,0,0,0,0,0,0.0,0.0,0.0,0.0,0.0,0.0,0.0,0.0,0.0,-0.31,110.78,1012.9,20.3,9.0,0.0,0.0,0.0,,0.0,0,0,0,0,0,4.2,0.02,0.0,4495.53,4495.53,0.0,-11.09
2026-06-05T07:47:09.470+00:00,336150,7bf0e23b-e546-4171-8243-7b016fd37d6e,,10,FAULT,0x2080,SENSOR_RANGE|PUMP_CAVITATION,0,0,0,0,0,0,0.0,0.0,0.0,0.0,0.0,0.0,0.0,0.0,0.0,-1.05,110.17,1013.0,20.3,9.0,0.0,0.0,0.0,,0.0,0,0,0,0,0,4.2,0.02,0.0,4495.53,4495.53,0.0,-4.23
2026-06-05T07:47:09.646+00:00,336326,7bf0e23b-e546-4171-8243-7b016fd37d6e,,10,FAULT,0x2080,SENSOR_RANGE|PUMP_CAVITATION,0,0,0,0,0,0,0.0,0.073,0.0,0.0,0.0,0.0,0.0,0.0,0.0,-1.05,112.5,1012.9,20.3,8.9,0.0,0.0,0.0,,0.0,0,0,0,0,0,4.2,0.02,0.0,4495.53,4495.53,0.0,0.0
2026-06-05T07:47:09.822+00:00,336501,7bf0e23b-e546-4171-8243-7b016fd37d6e,,10,FAULT,0x2080,SENSOR_RANGE|PUMP_CAVITATION,0,0,0,0,0,0,0.0,0.855,0.0,0.0,0.0,0.0,0.0,0.0,0.0,1.39,107.61,1012.9,20.3,9.0,0.0,0.0,0.0,,0.0,0,0,0,0,0,4.2,0.02,0.0,4495.53,4495.53,0.0,13.94
2026-06-05T07:47:09.996+00:00,336676,7bf0e23b-e546-4171-8243-7b016fd37d6e,,10,FAULT,0x2080,SENSOR_RANGE|PUMP_CAVITATION,0,0,0,0,0,0,0.0,0.0,0.0,0.0,0.0,0.0,0.0,0.0,0.0,0.0,111.76,1012.9,20.3,8.9,0.0,0.0,0.0,,0.0,0,0,0,0,0,4.2,0.02,0.0,4495.53,4495.53,0.0,-7.94
2026-06-05T07:47:10.171+00:00,336851,7bf0e23b-e546-4171-8243-7b016fd37d6e,,10,FAULT,0x2080,SENSOR_RANGE|PUMP_CAVITATION,0,0,0,0,0,0,0.0,0.0,0.0,0.0,0.0,0.0,0.0,0.0,0.0,0.0,105.53,1012.9,20.3,8.9,0.0,0.0,0.0,,0.0,0,0,0,0,0,4.2,0.02,0.0,4495.53,4495.53,0.0,0.0
2026-06-05T07:47:10.347+00:00,337027,7bf0e23b-e546-4171-8243-7b016fd37d6e,,10,FAULT,0x2080,SENSOR_RANGE|PUMP_CAVITATION,0,0,0,0,0,0,0.0,0.0,0.0,0.0,0.0,0.0,0.0,0.0,0.0,0.9,112.5,1012.9,20.3,9.0,0.0,0.0,0.0,,0.0,0,0,0,0,0,4.2,0.02,0.0,4495.53,4495.53,0.0,5.11
2026-06-05T07:47:10.523+00:00,337202,7bf0e23b-e546-4171-8243-7b016fd37d6e,,10,FAULT,0x2080,SENSOR_RANGE|PUMP_CAVITATION,0,0,0,0,0,0,0.0,0.171,0.0,0.0,0.0,0.0,0.0,0.0,0.0,1.88,106.26,1012.9,20.3,9.0,0.0,0.0,0.0,,0.0,0,0,0,0,0,4.2,0.02,0.0,4495.53,4495.53,0.0,5.6
2026-06-05T07:47:10.699+00:00,337378,7bf0e23b-e546-4171-8243-7b016fd37d6e,,10,FAULT,0x2080,SENSOR_RANGE|PUMP_CAVITATION,0,0,0,0,0,0,0.0,0.122,0.0,0.0,0.0,0.0,0.0,0.0,0.0,-1.53,112.5,1013.0,20.3,9.0,0.0,0.0,0.0,,0.0,0,0,0,0,0,4.2,0.02,0.0,4495.53,4495.53,0.0,-19.38
2026-06-05T07:47:10.875+00:00,337553,7bf0e23b-e546-4171-8243-7b016fd37d6e,,10,FAULT,0x2080,SENSOR_RANGE|PUMP_CAVITATION,0,0,0,0,0,0,0.0,0.268,0.0,0.0,0.0,0.0,0.0,0.0,0.0,-0.56,108.71,1012.9,20.3,9.0,0.0,0.0,0.0,,0.0,0,0,0,0,0,4.2,0.02,0.0,4495.53,4495.53,0.0,5.54
2026-06-05T07:47:11.050+00:00,337728,7bf0e23b-e546-4171-8243-7b016fd37d6e,,10,FAULT,0x2080,SENSOR_RANGE|PUMP_CAVITATION,0,0,0,0,0,0,0.0,0.0,0.0,0.0,0.0,0.0,0.0,0.0,0.0,-2.51,112.5,1012.9,20.3,9.0,0.0,0.0,0.0,,0.0,0,0,0,0,0,4.2,0.02,0.0,4495.53,4495.53,0.0,-11.14
2026-06-05T07:47:11.224+00:00,337904,7bf0e23b-e546-4171-8243-7b016fd37d6e,,10,FAULT,0x2080,SENSOR_RANGE|PUMP_CAVITATION,0,0,0,0,0,0,0.0,0.513,0.0,0.0,0.0,0.0,0.0,0.0,0.0,-1.05,111.15,1012.9,20.3,8.9,0.0,0.0,0.0,,0.0,0,0,0,0,0,4.2,0.02,0.0,4495.53,4495.53,0.0,8.3
2026-06-05T07:47:11.400+00:00,338079,7bf0e23b-e546-4171-8243-7b016fd37d6e,,10,FAULT,0x2080,SENSOR_RANGE|PUMP_CAVITATION,0,0,0,0,0,0,0.0,0.0,0.0,0.0,0.0,0.0,0.0,0.0,0.0,1.88,111.64,1013.0,20.3,9.0,0.0,0.0,0.0,,0.0,0,0,0,0,0,4.2,0.02,0.0,4495.53,4495.53,0.0,16.74
2026-06-05T07:47:11.576+00:00,338254,7bf0e23b-e546-4171-8243-7b016fd37d6e,,10,FAULT,0x2080,SENSOR_RANGE|PUMP_CAVITATION,0,0,0,0,0,0,0.0,0.024,0.0,0.0,0.0,0.0,0.0,0.0,0.0,-0.8,110.54,1012.9,20.3,9.0,0.0,0.0,0.0,,0.0,0,0,0,0,0,4.2,0.02,0.0,4495.53,4495.53,0.0,-15.31
2026-06-05T07:47:11.752+00:00,338429,7bf0e23b-e546-4171-8243-7b016fd37d6e,,10,FAULT,0x2080,SENSOR_RANGE|PUMP_CAVITATION,0,0,0,0,0,0,0.0,0.904,0.0,0.0,0.0,0.0,0.0,0.0,0.0,0.0,112.5,1013.0,20.3,9.0,0.0,0.0,0.0,,0.0,0,0,0,0,0,4.2,0.02,0.0,4495.53,4495.53,0.0,4.57
2026-06-05T07:47:11.927+00:00,338606,7bf0e23b-e546-4171-8243-7b016fd37d6e,,10,FAULT,0x2080,SENSOR_RANGE|PUMP_CAVITATION,0,0,0,0,0,0,0.0,0.0,0.0,0.0,0.0,0.0,0.0,0.0,0.0,0.0,108.58,1012.9,20.3,9.0,0.0,0.0,0.0,,0.0,0,0,0,0,0,4.2,0.02,0.0,4495.53,4495.53,0.0,0.0
2026-06-05T07:47:12.103+00:00,338780,7bf0e23b-e546-4171-8243-7b016fd37d6e,,10,FAULT,0x2080,SENSOR_RANGE|PUMP_CAVITATION,0,0,0,0,0,0,0.0,0.0,0.0,0.0,0.0,0.0,0.0,0.0,0.0,1.63,110.05,1013.0,20.3,9.0,0.0,0.0,0.0,,0.0,0,0,0,0,0,4.2,0.02,0.0,4495.53,4495.53,0.0,9.37
2026-06-05T07:47:12.277+00:00,338956,7bf0e23b-e546-4171-8243-7b016fd37d6e,,10,FAULT,0x2080,SENSOR_RANGE|PUMP_CAVITATION,0,0,0,0,0,0,0.0,0.415,0.0,0.0,0.0,0.0,0.0,0.0,0.0,-0.56,112.5,1012.9,20.3,8.9,0.0,0.0,0.0,,0.0,0,0,0,0,0,4.2,0.02,0.0,4495.53,4495.53,0.0,-12.44
2026-06-05T07:47:12.452+00:00,339131,7bf0e23b-e546-4171-8243-7b016fd37d6e,,10,FAULT,0x2080,SENSOR_RANGE|PUMP_CAVITATION,0,0,0,0,0,0,0.0,1.099,0.0,0.0,0.0,0.0,0.0,0.0,0.0,1.39,112.5,1013.0,20.3,9.0,0.0,0.0,0.0,,0.0,0,0,0,0,0,4.2,0.02,0.0,4495.53,4495.53,0.0,11.14
2026-06-05T07:47:12.628+00:00,339306,7bf0e23b-e546-4171-8243-7b016fd37d6e,,10,FAULT,0x2080,SENSOR_RANGE|PUMP_CAVITATION,0,0,0,0,0,0,0.0,0.0,0.0,0.0,0.0,0.0,0.0,0.0,0.0,-0.31,112.5,1012.9,20.3,8.9,0.0,0.0,0.0,,0.0,0,0,0,0,0,4.2,0.02,0.0,4495.53,4495.53,0.0,-9.71
2026-06-05T07:47:12.804+00:00,339482,7bf0e23b-e546-4171-8243-7b016fd37d6e,,10,FAULT,0x2080,SENSOR_RANGE|PUMP_CAVITATION,0,0,0,0,0,0,0.0,0.464,0.0,0.0,0.0,0.0,0.0,0.0,0.0,0.0,110.78,1012.9,20.3,9.0,0.0,0.0,0.0,,0.0,0,0,0,0,0,4.2,0.02,0.0,4495.53,4495.53,0.0,1.76
2026-06-05T07:47:12.980+00:00,339657,7bf0e23b-e546-4171-8243-7b016fd37d6e,,10,FAULT,0x2080,SENSOR_RANGE|PUMP_CAVITATION,0,0,0,0,0,0,0.0,0.513,0.0,0.0,0.0,0.0,0.0,0.0,0.0,0.0,112.5,1012.9,20.3,9.0,0.0,0.0,0.0,,0.0,0,0,0,0,0,4.2,0.02,0.0,4495.53,4495.53,0.0,0.0
2026-06-05T07:47:13.156+00:00,339832,7bf0e23b-e546-4171-8243-7b016fd37d6e,,10,FAULT,0x2080,SENSOR_RANGE|PUMP_CAVITATION,0,0,0,0,0,0,0.0,0.562,0.0,0.0,0.0,0.0,0.0,0.0,0.0,-1.05,110.66,1012.9,20.3,9.0,0.0,0.0,0.0,,0.0,0,0,0,0,0,4.2,0.02,0.0,4495.53,4495.53,0.0,-6.0
2026-06-05T07:47:13.332+00:00,340007,7bf0e23b-e546-4171-8243-7b016fd37d6e,,10,FAULT,0x2080,SENSOR_RANGE|PUMP_CAVITATION,0,0,0,0,0,0,0.0,1.344,0.0,0.0,0.0,0.0,0.0,0.0,0.0,0.65,112.5,1012.9,20.3,9.0,0.0,0.0,0.0,,0.0,0,0,0,0,0,4.2,0.02,0.0,4495.53,4495.53,0.0,9.71
2026-06-05T07:47:13.505+00:00,340183,7bf0e23b-e546-4171-8243-7b016fd37d6e,,10,FAULT,0x2080,SENSOR_RANGE|PUMP_CAVITATION,0,0,0,0,0,0,0.0,0.0,0.0,0.0,0.0,0.0,0.0,0.0,0.0,2.37,106.14,1012.9,20.3,8.9,0.0,0.0,0.0,,0.0,0,0,0,0,0,4.2,0.02,0.0,4495.53,4495.53,0.0,9.77
2026-06-05T07:47:13.681+00:00,340359,7bf0e23b-e546-4171-8243-7b016fd37d6e,,10,FAULT,0x2080,SENSOR_RANGE|PUMP_CAVITATION,0,0,0,0,0,0,0.0,0.122,0.0,0.0,0.0,0.0,0.0,0.0,0.0,0.9,112.5,1012.9,20.3,9.0,0.0,0.0,0.0,,0.0,0,0,0,0,0,4.2,0.02,0.0,4495.53,4495.53,0.0,-8.35
2026-06-05T07:47:13.857+00:00,340534,7bf0e23b-e546-4171-8243-7b016fd37d6e,,10,FAULT,0x2080,SENSOR_RANGE|PUMP_CAVITATION,0,0,0,0,0,0,0.0,0.61,0.0,0.0,0.0,0.0,0.0,0.0,0.0,-0.56,112.01,1012.9,20.3,9.0,0.0,0.0,0.0,,0.0,0,0,0,0,0,4.2,0.02,0.0,4495.53,4495.53,0.0,-8.34
2026-06-05T07:47:14.033+00:00,340709,7bf0e23b-e546-4171-8243-7b016fd37d6e,,10,FAULT,0x2080,SENSOR_RANGE|PUMP_CAVITATION,0,0,0,0,0,0,0.0,0.0,0.0,0.0,0.0,0.0,0.0,0.0,0.0,0.41,112.5,1012.9,20.3,9.0,0.0,0.0,0.0,,0.0,0,0,0,0,0,4.2,0.02,0.0,4495.53,4495.53,0.0,5.54
2026-06-05T07:47:14.208+00:00,340884,7bf0e23b-e546-4171-8243-7b016fd37d6e,,10,FAULT,0x2080,SENSOR_RANGE|PUMP_CAVITATION,0,0,0,0,0,0,0.0,0.0,0.0,0.0,0.0,0.0,0.0,0.0,0.0,0.0,107.36,1013.0,20.3,9.0,0.0,0.0,0.0,,0.0,0,0,0,0,0,4.2,0.02,0.0,4495.53,4495.53,0.0,-2.34
2026-06-05T07:47:14.382+00:00,341059,7bf0e23b-e546-4171-8243-7b016fd37d6e,,10,FAULT,0x2080,SENSOR_RANGE|PUMP_CAVITATION,0,0,0,0,0,0,0.0,0.0,0.0,0.0,0.0,0.0,0.0,0.0,0.0,-0.31,112.5,1012.9,20.3,8.9,0.0,0.0,0.0,,0.0,0,0,0,0,0,4.2,0.02,0.0,4495.53,4495.53,0.0,-1.77
2026-06-05T07:47:14.558+00:00,341234,7bf0e23b-e546-4171-8243-7b016fd37d6e,,10,FAULT,0x2080,SENSOR_RANGE|PUMP_CAVITATION,0,0,0,0,0,0,0.0,0.0,0.0,0.0,0.0,0.0,0.0,0.0,0.0,0.41,108.58,1012.9,20.3,9.0,0.0,0.0,0.0,,0.0,0,0,0,0,0,4.2,0.02,0.0,4495.53,4495.53,0.0,4.11
2026-06-05T07:47:14.733+00:00,341409,7bf0e23b-e546-4171-8243-7b016fd37d6e,,10,FAULT,0x2080,SENSOR_RANGE|PUMP_CAVITATION,0,0,0,0,0,0,0.0,0.415,0.0,0.0,0.0,0.0,0.0,0.0,0.0,-0.56,112.5,1012.9,20.3,9.0,0.0,0.0,0.0,,0.0,0,0,0,0,0,4.2,0.02,0.0,4495.53,4495.53,0.0,-5.54
2026-06-05T07:47:14.909+00:00,341585,7bf0e23b-e546-4171-8243-7b016fd37d6e,,10,FAULT,0x2080,SENSOR_RANGE|PUMP_CAVITATION,0,0,0,0,0,0,0.0,0.024,0.0,0.0,0.0,0.0,0.0,0.0,0.0,0.0,112.5,1012.9,20.3,9.0,0.0,0.0,0.0,,0.0,0,0,0,0,0,4.2,0.02,0.0,4495.53,4495.53,0.0,3.18
2026-06-05T07:47:15.085+00:00,341761,7bf0e23b-e546-4171-8243-7b016fd37d6e,,10,FAULT,0x2080,SENSOR_RANGE|PUMP_CAVITATION,0,0,0,0,0,0,0.0,1.295,0.0,0.0,0.0,0.0,0.0,0.0,0.0,-0.31,111.76,1012.9,20.3,9.0,0.0,0.0,0.0,,0.0,0,0,0,0,0,4.2,0.02,0.0,4495.53,4495.53,0.0,-1.76
2026-06-05T07:47:15.261+00:00,341936,7bf0e23b-e546-4171-8243-7b016fd37d6e,,10,FAULT,0x2080,SENSOR_RANGE|PUMP_CAVITATION,0,0,0,0,0,0,0.0,0.268,0.0,0.0,0.0,0.0,0.0,0.0,0.0,-1.53,112.01,1012.9,20.3,8.9,0.0,0.0,0.0,,0.0,0,0,0,0,0,4.2,0.02,0.0,4495.53,4495.53,0.0,-6.97
2026-06-05T07:47:15.437+00:00,342111,7bf0e23b-e546-4171-8243-7b016fd37d6e,,10,FAULT,0x2080,SENSOR_RANGE|PUMP_CAVITATION,0,0,0,0,0,0,0.0,0.464,0.0,0.0,0.0,0.0,0.0,0.0,0.0,-1.05,112.5,1013.0,20.3,9.0,0.0,0.0,0.0,,0.0,0,0,0,0,0,4.2,0.02,0.0,4495.53,4495.53,0.0,2.74
2026-06-05T07:47:15.611+00:00,342287,7bf0e23b-e546-4171-8243-7b016fd37d6e,,10,FAULT,0x2080,SENSOR_RANGE|PUMP_CAVITATION,0,0,0,0,0,0,0.0,0.806,0.0,0.0,0.0,0.0,0.0,0.0,0.0,1.14,112.5,1012.9,20.3,9.0,0.0,0.0,0.0,,0.0,0,0,0,0,0,4.2,0.02,0.0,4495.53,4495.53,0.0,12.44
2026-06-05T07:47:15.787+00:00,342462,7bf0e23b-e546-4171-8243-7b016fd37d6e,,10,FAULT,0x2080,SENSOR_RANGE|PUMP_CAVITATION,0,0,0,0,0,0,0.0,0.073,0.0,0.0,0.0,0.0,0.0,0.0,0.0,-0.56,108.71,1012.9,20.3,9.0,0.0,0.0,0.0,,0.0,0,0,0,0,0,4.2,0.02,0.0,4495.53,4495.53,0.0,-9.71
2026-06-05T07:47:15.962+00:00,342638,7bf0e23b-e546-4171-8243-7b016fd37d6e,,10,FAULT,0x2080,SENSOR_RANGE|PUMP_CAVITATION,0,0,0,0,0,0,0.0,0.366,0.0,0.0,0.0,0.0,0.0,0.0,0.0,0.41,112.5,1013.0,20.3,9.0,0.0,0.0,0.0,,0.0,0,0,0,0,0,4.2,0.02,0.0,4495.53,4495.53,0.0,5.51
2026-06-05T07:47:16.138+00:00,342813,7bf0e23b-e546-4171-8243-7b016fd37d6e,,10,FAULT,0x2080,SENSOR_RANGE|PUMP_CAVITATION,0,0,0,0,0,0,0.0,0.513,0.0,0.0,0.0,0.0,0.0,0.0,0.0,-1.29,109.32,1012.9,20.3,8.9,0.0,0.0,0.0,,0.0,0,0,0,0,0,4.2,0.02,0.0,4495.53,4495.53,0.0,-9.71
2026-06-05T07:47:16.314+00:00,342988,7bf0e23b-e546-4171-8243-7b016fd37d6e,,10,FAULT,0x2080,SENSOR_RANGE|PUMP_CAVITATION,0,0,0,0,0,0,0.0,0.904,0.0,0.0,0.0,0.0,0.0,0.0,0.0,-0.56,111.27,1012.9,20.3,9.0,0.0,0.0,0.0,,0.0,0,0,0,0,0,4.2,0.02,0.0,4495.53,4495.53,0.0,4.17
2026-06-05T07:47:16.491+00:00,343164,7bf0e23b-e546-4171-8243-7b016fd37d6e,,10,FAULT,0x2080,SENSOR_RANGE|PUMP_CAVITATION,0,0,0,0,0,0,0.0,0.219,0.0,0.0,0.0,0.0,0.0,0.0,0.0,0.41,108.1,1012.9,20.3,9.0,0.0,0.0,0.0,,0.0,0,0,0,0,0,4.2,0.02,0.0,4495.53,4495.53,0.0,5.51
2026-06-05T07:47:16.666+00:00,343340,7bf0e23b-e546-4171-8243-7b016fd37d6e,,10,FAULT,0x2080,SENSOR_RANGE|PUMP_CAVITATION,0,0,0,0,0,0,0.0,0.317,0.0,0.0,0.0,0.0,0.0,0.0,0.0,-2.27,112.5,1012.9,20.3,9.0,0.0,0.0,0.0,,0.0,0,0,0,0,0,4.2,0.02,0.0,4495.53,4495.53,0.0,-15.23
2026-06-05T07:47:16.840+00:00,343515,7bf0e23b-e546-4171-8243-7b016fd37d6e,,10,FAULT,0x2080,SENSOR_RANGE|PUMP_CAVITATION,0,0,0,0,0,0,0.0,0.024,0.0,0.0,0.0,0.0,0.0,0.0,0.0,0.0,107.49,1013.0,20.3,9.0,0.0,0.0,0.0,,0.0,0,0,0,0,0,4.2,0.02,0.0,4495.53,4495.53,0.0,12.97
2026-06-05T07:47:17.016+00:00,343690,7bf0e23b-e546-4171-8243-7b016fd37d6e,,10,FAULT,0x2080,SENSOR_RANGE|PUMP_CAVITATION,0,0,0,0,0,0,0.0,0.219,0.0,0.0,0.0,0.0,0.0,0.0,0.0,-1.05,112.5,1013.0,20.3,9.0,0.0,0.0,0.0,,0.0,0,0,0,0,0,4.2,0.02,0.0,4495.53,4495.53,0.0,-6.0
2026-06-05T07:47:17.191+00:00,343866,7bf0e23b-e546-4171-8243-7b016fd37d6e,,10,FAULT,0x2080,SENSOR_RANGE|PUMP_CAVITATION,0,0,0,0,0,0,0.0,0.855,0.0,0.0,0.0,0.0,0.0,0.0,0.0,-0.31,111.88,1012.9,20.3,8.9,0.0,0.0,0.0,,0.0,0,0,0,0,0,4.2,0.02,0.0,4495.53,4495.53,0.0,4.2
2026-06-05T07:47:17.367+00:00,344041,7bf0e23b-e546-4171-8243-7b016fd37d6e,,10,FAULT,0x2080,SENSOR_RANGE|PUMP_CAVITATION,0,0,0,0,0,0,0.0,0.0,0.0,0.0,0.0,0.0,0.0,0.0,0.0,-0.56,112.5,1012.9,20.3,8.9,0.0,0.0,0.0,,0.0,0,0,0,0,0,4.2,0.02,0.0,4495.53,4495.53,0.0,-1.43
2026-06-05T07:47:17.543+00:00,344216,7bf0e23b-e546-4171-8243-7b016fd37d6e,,10,FAULT,0x2080,SENSOR_RANGE|PUMP_CAVITATION,0,0,0,0,0,0,0.0,0.513,0.0,0.0,0.0,0.0,0.0,0.0,0.0,-0.31,109.2,1012.9,20.3,9.0,0.0,0.0,0.0,,0.0,0,0,0,0,0,4.2,0.02,0.0,4495.53,4495.53,0.0,1.43
2026-06-05T07:47:17.719+00:00,344392,7bf0e23b-e546-4171-8243-7b016fd37d6e,,10,FAULT,0x2080,SENSOR_RANGE|PUMP_CAVITATION,0,0,0,0,0,0,0.0,0.659,0.0,0.0,0.0,0.0,0.0,0.0,0.0,-0.8,112.5,1013.0,20.3,9.0,0.0,0.0,0.0,,0.0,0,0,0,0,0,4.2,0.02,0.0,4495.53,4495.53,0.0,-2.78
2026-06-05T07:47:17.895+00:00,344567,7bf0e23b-e546-4171-8243-7b016fd37d6e,,10,FAULT,0x2080,SENSOR_RANGE|PUMP_CAVITATION,0,0,0,0,0,0,0.0,0.0,0.0,0.0,0.0,0.0,0.0,0.0,0.0,-1.53,111.27,1012.9,20.3,8.9,0.0,0.0,0.0,,0.0,0,0,0,0,0,4.2,0.02,0.0,4495.53,4495.53,0.0,-4.17
2026-06-05T07:47:18.070+00:00,344742,7bf0e23b-e546-4171-8243-7b016fd37d6e,,10,FAULT,0x2080,SENSOR_RANGE|PUMP_CAVITATION,0,0,0,0,0,0,0.0,0.415,0.0,0.0,0.0,0.0,0.0,0.0,0.0,-0.8,112.5,1012.9,20.3,9.0,0.0,0.0,0.0,,0.0,0,0,0,0,0,4.2,0.02,0.0,4495.53,4495.53,0.0,4.17
2026-06-05T07:47:18.244+00:00,344918,7bf0e23b-e546-4171-8243-7b016fd37d6e,,10,FAULT,0x2080,SENSOR_RANGE|PUMP_CAVITATION,0,0,0,0,0,0,0.0,0.0,0.0,0.0,0.0,0.0,0.0,0.0,0.0,0.0,110.17,1013.0,20.3,9.0,0.0,0.0,0.0,,0.0,0,0,0,0,0,4.2,0.02,0.0,4495.53,4495.53,0.0,4.55
2026-06-05T07:47:18.420+00:00,345093,7bf0e23b-e546-4171-8243-7b016fd37d6e,,10,FAULT,0x2080,SENSOR_RANGE|PUMP_CAVITATION,0,0,0,0,0,0,0.0,0.0,0.0,0.0,0.0,0.0,0.0,0.0,0.0,-0.56,110.05,1012.9,20.3,9.0,0.0,0.0,0.0,,0.0,0,0,0,0,0,4.2,0.02,0.0,4495.53,4495.53,0.0,-3.2
2026-06-05T07:47:18.596+00:00,345268,7bf0e23b-e546-4171-8243-7b016fd37d6e,,10,FAULT,0x2080,SENSOR_RANGE|PUMP_CAVITATION,0,0,0,0,0,0,0.0,0.122,0.0,0.0,0.0,0.0,0.0,0.0,0.0,-1.29,111.64,1012.9,20.3,9.0,0.0,0.0,0.0,,0.0,0,0,0,0,0,4.2,0.02,0.0,4495.53,4495.53,0.0,-4.17
2026-06-05T07:47:18.772+00:00,345444,7bf0e23b-e546-4171-8243-7b016fd37d6e,,10,FAULT,0x2080,SENSOR_RANGE|PUMP_CAVITATION,0,0,0,0,0,0,0.0,0.855,0.0,0.0,0.0,0.0,0.0,0.0,0.0,-0.8,112.5,1012.9,20.3,9.0,0.0,0.0,0.0,,0.0,0,0,0,0,0,4.2,0.02,0.0,4495.53,4495.53,0.0,2.78
2026-06-05T07:47:18.948+00:00,345619,7bf0e23b-e546-4171-8243-7b016fd37d6e,,10,FAULT,0x2080,SENSOR_RANGE|PUMP_CAVITATION,0,0,0,0,0,0,0.0,0.708,0.0,0.0,0.0,0.0,0.0,0.0,0.0,-0.8,112.5,1012.9,20.3,8.9,0.0,0.0,0.0,,0.0,0,0,0,0,0,4.2,0.02,0.0,4495.53,4495.53,0.0,0.0
2026-06-05T07:47:19.123+00:00,345795,7bf0e23b-e546-4171-8243-7b016fd37d6e,,10,FAULT,0x2080,SENSOR_RANGE|PUMP_CAVITATION,0,0,0,0,0,0,0.0,1.099,0.0,0.0,0.0,0.0,0.0,0.0,0.0,0.41,112.37,1012.9,20.3,8.9,0.0,0.0,0.0,,0.0,0,0,0,0,0,4.2,0.02,0.0,4495.53,4495.53,0.0,6.88
2026-06-05T07:47:19.297+00:00,345970,7bf0e23b-e546-4171-8243-7b016fd37d6e,,10,FAULT,0x2080,SENSOR_RANGE|PUMP_CAVITATION,0,0,0,0,0,0,0.0,0.0,0.0,0.0,0.0,0.0,0.0,0.0,0.0,2.12,112.5,1012.9,20.3,9.0,0.0,0.0,0.0,,0.0,0,0,0,0,0,4.2,0.02,0.0,4495.53,4495.53,0.0,9.77
2026-06-05T07:47:19.473+00:00,346145,7bf0e23b-e546-4171-8243-7b016fd37d6e,,10,FAULT,0x2080,SENSOR_RANGE|PUMP_CAVITATION,0,0,0,0,0,0,0.0,0.0,0.0,0.0,0.0,0.0,0.0,0.0,0.0,0.0,109.56,1013.0,20.3,9.0,0.0,0.0,0.0,,0.0,0,0,0,0,0,4.2,0.02,0.0,4495.53,4495.53,0.0,-12.11
2026-06-05T07:47:19.648+00:00,346320,7bf0e23b-e546-4171-8243-7b016fd37d6e,,10,FAULT,0x2080,SENSOR_RANGE|PUMP_CAVITATION,0,0,0,0,0,0,0.0,0.073,0.0,0.0,0.0,0.0,0.0,0.0,0.0,-1.29,112.5,1013.0,20.3,9.0,0.0,0.0,0.0,,0.0,0,0,0,0,0,4.2,0.02,0.0,4495.53,4495.53,0.0,-7.37
2026-06-05T07:47:19.824+00:00,346496,7bf0e23b-e546-4171-8243-7b016fd37d6e,,10,FAULT,0x2080,SENSOR_RANGE|PUMP_CAVITATION,0,0,0,0,0,0,0.0,0.122,0.0,0.0,0.0,0.0,0.0,0.0,0.0,0.0,105.9,1013.0,20.3,9.0,0.0,0.0,0.0,,0.0,0,0,0,0,0,4.2,0.02,0.0,4495.53,4495.53,0.0,7.33
2026-06-05T07:47:20.000+00:00,346671,7bf0e23b-e546-4171-8243-7b016fd37d6e,,10,FAULT,0x2080,SENSOR_RANGE|PUMP_CAVITATION,0,0,0,0,0,0,0.0,0.219,0.0,0.0,0.0,0.0,0.0,0.0,0.0,-0.56,112.5,1012.9,20.3,9.0,0.0,0.0,0.0,,0.0,0,0,0,0,0,4.2,0.02,0.0,4495.53,4495.53,0.0,-3.2
2026-06-05T07:47:20.177+00:00,346847,7bf0e23b-e546-4171-8243-7b016fd37d6e,,10,FAULT,0x2080,SENSOR_RANGE|PUMP_CAVITATION,0,0,0,0,0,0,0.0,0.806,0.0,0.0,0.0,0.0,0.0,0.0,0.0,0.0,110.3,1012.9,20.3,9.0,0.0,0.0,0.0,,0.0,0,0,0,0,0,4.2,0.02,0.0,4495.53,4495.53,0.0,3.18
2026-06-05T07:47:20.353+00:00,347022,7bf0e23b-e546-4171-8243-7b016fd37d6e,,10,FAULT,0x2080,SENSOR_RANGE|PUMP_CAVITATION,0,0,0,0,0,0,0.0,1.001,0.0,0.0,0.0,0.0,0.0,0.0,0.0,-0.31,112.5,1012.9,20.3,8.9,0.0,0.0,0.0,,0.0,0,0,0,0,0,4.2,0.02,0.0,4495.53,4495.53,0.0,-1.77
2026-06-05T07:47:20.526+00:00,347197,7bf0e23b-e546-4171-8243-7b016fd37d6e,,10,FAULT,0x2080,SENSOR_RANGE|PUMP_CAVITATION,0,0,0,0,0,0,0.0,0.415,0.0,0.0,0.0,0.0,0.0,0.0,0.0,-0.56,110.17,1012.9,20.3,9.0,0.0,0.0,0.0,,0.0,0,0,0,0,0,4.2,0.02,0.0,4495.53,4495.53,0.0,-1.43
2026-06-05T07:47:20.702+00:00,347373,7bf0e23b-e546-4171-8243-7b016fd37d6e,,10,FAULT,0x2080,SENSOR_RANGE|PUMP_CAVITATION,0,0,0,0,0,0,0.0,0.073,0.0,0.0,0.0,0.0,0.0,0.0,0.0,-0.31,112.5,1012.9,20.3,9.0,0.0,0.0,0.0,,0.0,0,0,0,0,0,4.2,0.02,0.0,4495.53,4495.53,0.0,1.42
2026-06-05T07:47:20.877+00:00,347548,7bf0e23b-e546-4171-8243-7b016fd37d6e,,10,FAULT,0x2080,SENSOR_RANGE|PUMP_CAVITATION,0,0,0,0,0,0,0.0,0.659,0.0,0.0,0.0,0.0,0.0,0.0,0.0,-1.29,112.5,1013.0,20.3,9.0,0.0,0.0,0.0,,0.0,0,0,0,0,0,4.2,0.02,0.0,4495.53,4495.53,0.0,-5.6
2026-06-05T07:47:21.053+00:00,347723,7bf0e23b-e546-4171-8243-7b016fd37d6e,,10,FAULT,0x2080,SENSOR_RANGE|PUMP_CAVITATION,0,0,0,0,0,0,0.0,0.0,0.0,0.0,0.0,0.0,0.0,0.0,0.0,1.88,109.44,1012.9,20.3,8.9,0.0,0.0,0.0,,0.0,0,0,0,0,0,4.2,0.02,0.0,4495.53,4495.53,0.0,18.11
2026-06-05T07:47:21.229+00:00,347898,7bf0e23b-e546-4171-8243-7b016fd37d6e,,10,FAULT,0x2080,SENSOR_RANGE|PUMP_CAVITATION,0,0,0,0,0,0,0.0,0.122,0.0,0.0,0.0,0.0,0.0,0.0,0.0,-0.8,112.5,1012.9,20.3,9.0,0.0,0.0,0.0,,0.0,0,0,0,0,0,4.2,0.02,0.0,4495.53,4495.53,0.0,-15.31
2026-06-05T07:47:21.405+00:00,348075,7bf0e23b-e546-4171-8243-7b016fd37d6e,,10,FAULT,0x2080,SENSOR_RANGE|PUMP_CAVITATION,0,0,0,0,0,0,0.0,0.855,0.0,0.0,0.0,0.0,0.0,0.0,0.0,-0.31,112.5,1012.9,20.3,9.0,0.0,0.0,0.0,,0.0,0,0,0,0,0,4.2,0.02,0.0,4495.53,4495.53,0.0,2.77
2026-06-05T07:47:21.581+00:00,348250,7bf0e23b-e546-4171-8243-7b016fd37d6e,,10,FAULT,0x2080,SENSOR_RANGE|PUMP_CAVITATION,0,0,0,0,0,0,0.0,0.122,0.0,0.0,0.0,0.0,0.0,0.0,0.0,-0.8,112.5,1013.0,20.3,9.0,0.0,0.0,0.0,,0.0,0,0,0,0,0,4.2,0.02,0.0,4495.53,4495.53,0.0,-2.8
2026-06-05T07:47:21.754+00:00,348426,7bf0e23b-e546-4171-8243-7b016fd37d6e,,10,FAULT,0x2080,SENSOR_RANGE|PUMP_CAVITATION,0,0,0,0,0,0,0.0,0.0,0.0,0.0,0.0,0.0,0.0,0.0,0.0,0.65,106.75,1012.9,20.3,9.0,0.0,0.0,0.0,,0.0,0,0,0,0,0,4.2,0.02,0.0,4495.53,4495.53,0.0,8.24
2026-06-05T07:47:21.930+00:00,348601,7bf0e23b-e546-4171-8243-7b016fd37d6e,,10,FAULT,0x2080,SENSOR_RANGE|PUMP_CAVITATION,0,0,0,0,0,0,0.0,0.268,0.0,0.0,0.0,0.0,0.0,0.0,0.0,-0.8,112.5,1012.9,20.3,9.0,0.0,0.0,0.0,,0.0,0,0,0,0,0,4.2,0.02,0.0,4495.53,4495.53,0.0,-8.29
2026-06-05T07:47:22.106+00:00,348776,7bf0e23b-e546-4171-8243-7b016fd37d6e,,10,FAULT,0x2080,SENSOR_RANGE|PUMP_CAVITATION,0,0,0,0,0,0,0.0,0.0,0.0,0.0,0.0,0.0,0.0,0.0,0.0,0.65,106.02,1012.9,20.3,9.0,0.0,0.0,0.0,,0.0,0,0,0,0,0,4.2,0.02,0.0,4495.53,4495.53,0.0,8.29
2026-06-05T07:47:22.282+00:00,348951,7bf0e23b-e546-4171-8243-7b016fd37d6e,,10,FAULT,0x2080,SENSOR_RANGE|PUMP_CAVITATION,0,0,0,0,0,0,0.0,0.171,0.0,0.0,0.0,0.0,0.0,0.0,0.0,-1.78,112.5,1012.9,20.3,8.9,0.0,0.0,0.0,,0.0,0,0,0,0,0,4.2,0.02,0.0,4495.53,4495.53,0.0,-13.89
2026-06-05T07:47:22.457+00:00,349126,7bf0e23b-e546-4171-8243-7b016fd37d6e,,10,FAULT,0x2080,SENSOR_RANGE|PUMP_CAVITATION,0,0,0,0,0,0,0.0,0.0,0.0,0.0,0.0,0.0,0.0,0.0,0.0,0.0,106.75,1012.9,20.3,9.0,0.0,0.0,0.0,,0.0,0,0,0,0,0,4.2,0.02,0.0,4495.53,4495.53,0.0,10.17
2026-06-05T07:47:22.634+00:00,349301,7bf0e23b-e546-4171-8243-7b016fd37d6e,,10,FAULT,0x2080,SENSOR_RANGE|PUMP_CAVITATION,0,0,0,0,0,0,0.0,0.366,0.0,0.0,0.0,0.0,0.0,0.0,0.0,-1.78,112.5,1012.9,20.3,8.9,0.0,0.0,0.0,,0.0,0,0,0,0,0,4.2,0.02,0.0,4495.53,4495.53,0.0,-10.17
2026-06-05T07:47:22.807+00:00,349477,7bf0e23b-e546-4171-8243-7b016fd37d6e,,10,FAULT,0x2080,SENSOR_RANGE|PUMP_CAVITATION,0,0,0,0,0,0,0.0,0.0,0.0,0.0,0.0,0.0,0.0,0.0,0.0,-1.05,109.07,1012.9,20.3,9.0,0.0,0.0,0.0,,0.0,0,0,0,0,0,4.2,0.02,0.0,4495.53,4495.53,0.0,4.15
2026-06-05T07:47:22.983+00:00,349652,7bf0e23b-e546-4171-8243-7b016fd37d6e,,10,FAULT,0x2080,SENSOR_RANGE|PUMP_CAVITATION,0,0,0,0,0,0,0.0,0.855,0.0,0.0,0.0,0.0,0.0,0.0,0.0,-0.8,112.5,1012.9,20.3,9.0,0.0,0.0,0.0,,0.0,0,0,0,0,0,4.2,0.02,0.0,4495.53,4495.53,0.0,1.43
2026-06-05T07:47:23.159+00:00,349828,7bf0e23b-e546-4171-8243-7b016fd37d6e,,10,FAULT,0x2080,SENSOR_RANGE|PUMP_CAVITATION,0,0,0,0,0,0,0.0,0.366,0.0,0.0,0.0,0.0,0.0,0.0,0.0,-0.56,109.81,1012.9,20.3,9.0,0.0,0.0,0.0,,0.0,0,0,0,0,0,4.2,0.02,0.0,4495.53,4495.53,0.0,1.36
2026-06-05T07:47:23.334+00:00,350004,7bf0e23b-e546-4171-8243-7b016fd37d6e,,10,FAULT,0x2080,SENSOR_RANGE|PUMP_CAVITATION,0,0,0,0,0,0,0.0,0.953,0.0,0.0,0.0,0.0,0.0,0.0,0.0,0.0,112.5,1012.9,20.3,8.9,0.0,0.0,0.0,,0.0,0,0,0,0,0,4.2,0.02,0.0,4495.53,4495.53,0.0,3.18
2026-06-05T07:47:23.510+00:00,350179,7bf0e23b-e546-4171-8243-7b016fd37d6e,,10,FAULT,0x2080,SENSOR_RANGE|PUMP_CAVITATION,0,0,0,0,0,0,0.0,0.0,0.0,0.0,0.0,0.0,0.0,0.0,0.0,-1.53,108.83,1012.9,20.3,9.0,0.0,0.0,0.0,,0.0,0,0,0,0,0,4.2,0.02,0.0,4495.53,4495.53,0.0,-8.74
2026-06-05T07:47:23.686+00:00,350354,7bf0e23b-e546-4171-8243-7b016fd37d6e,,10,FAULT,0x2080,SENSOR_RANGE|PUMP_CAVITATION,0,0,0,0,0,0,0.0,0.757,0.0,0.0,0.0,0.0,0.0,0.0,0.0,0.41,112.5,1013.0,20.3,9.0,0.0,0.0,0.0,,0.0,0,0,0,0,0,4.2,0.02,0.0,4495.53,4495.53,0.0,11.09
2026-06-05T07:47:23.862+00:00,350529,7bf0e23b-e546-4171-8243-7b016fd37d6e,,10,FAULT,0x2080,SENSOR_RANGE|PUMP_CAVITATION,0,0,0,0,0,0,0.0,0.219,0.0,0.0,0.0,0.0,0.0,0.0,0.0,-2.02,112.5,1013.0,20.3,9.0,0.0,0.0,0.0,,0.0,0,0,0,0,0,4.2,0.02,0.0,4495.53,4495.53,0.0,-13.89
2026-06-05T07:47:24.036+00:00,350705,7bf0e23b-e546-4171-8243-7b016fd37d6e,,10,FAULT,0x2080,SENSOR_RANGE|PUMP_CAVITATION,0,0,0,0,0,0,0.0,0.562,0.0,0.0,0.0,0.0,0.0,0.0,0.0,0.0,109.07,1012.9,20.3,8.9,0.0,0.0,0.0,,0.0,0,0,0,0,0,4.2,0.02,0.0,4495.53,4495.53,0.0,11.48
2026-06-05T07:47:24.212+00:00,350880,7bf0e23b-e546-4171-8243-7b016fd37d6e,,10,FAULT,0x2080,SENSOR_RANGE|PUMP_CAVITATION,0,0,0,0,0,0,0.0,0.317,0.0,0.0,0.0,0.0,0.0,0.0,0.0,-1.29,111.64,1012.9,20.3,8.9,0.0,0.0,0.0,,0.0,0,0,0,0,0,4.2,0.02,0.0,4495.53,4495.53,0.0,-7.37
2026-06-05T07:47:24.388+00:00,351055,7bf0e23b-e546-4171-8243-7b016fd37d6e,,10,FAULT,0x2080,SENSOR_RANGE|PUMP_CAVITATION,0,0,0,0,0,0,0.0,1.099,0.0,0.0,0.0,0.0,0.0,0.0,0.0,0.9,107.0,1012.9,20.3,9.0,0.0,0.0,0.0,,0.0,0,0,0,0,0,4.2,0.02,0.0,4495.53,4495.53,0.0,12.51
2026-06-05T07:47:24.563+00:00,351230,7bf0e23b-e546-4171-8243-7b016fd37d6e,,10,FAULT,0x2080,SENSOR_RANGE|PUMP_CAVITATION,0,0,0,0,0,0,0.0,0.171,0.0,0.0,0.0,0.0,0.0,0.0,0.0,-1.29,112.5,1012.9,20.3,8.9,0.0,0.0,0.0,,0.0,0,0,0,0,0,4.2,0.02,0.0,4495.53,4495.53,0.0,-12.51
2026-06-05T07:47:24.739+00:00,351407,7bf0e23b-e546-4171-8243-7b016fd37d6e,,10,FAULT,0x2080,SENSOR_RANGE|PUMP_CAVITATION,0,0,0,0,0,0,0.0,0.0,0.0,0.0,0.0,0.0,0.0,0.0,0.0,0.41,107.36,1012.9,20.3,9.0,0.0,0.0,0.0,,0.0,0,0,0,0,0,4.2,0.02,0.0,4495.53,4495.53,0.0,9.6
2026-06-05T07:47:24.915+00:00,351582,7bf0e23b-e546-4171-8243-7b016fd37d6e,,10,FAULT,0x2080,SENSOR_RANGE|PUMP_CAVITATION,0,0,0,0,0,0,0.0,0.562,0.0,0.0,0.0,0.0,0.0,0.0,0.0,-0.56,112.5,1012.9,20.3,9.0,0.0,0.0,0.0,,0.0,0,0,0,0,0,4.2,0.02,0.0,4495.53,4495.53,0.0,-5.54
2026-06-05T07:47:25.091+00:00,351757,7bf0e23b-e546-4171-8243-7b016fd37d6e,,10,FAULT,0x2080,SENSOR_RANGE|PUMP_CAVITATION,0,0,0,0,0,0,0.0,0.0,0.0,0.0,0.0,0.0,0.0,0.0,0.0,-0.56,107.61,1012.9,20.3,9.0,0.0,0.0,0.0,,0.0,0,0,0,0,0,4.2,0.02,0.0,4495.53,4495.53,0.0,0.0
2026-06-05T07:47:25.265+00:00,351932,7bf0e23b-e546-4171-8243-7b016fd37d6e,,10,FAULT,0x2080,SENSOR_RANGE|PUMP_CAVITATION,0,0,0,0,0,0,0.0,1.001,0.0,0.0,0.0,0.0,0.0,0.0,0.0,0.9,112.5,1012.9,20.3,8.9,0.0,0.0,0.0,,0.0,0,0,0,0,0,4.2,0.02,0.0,4495.53,4495.53,0.0,8.34
2026-06-05T07:47:25.440+00:00,352108,7bf0e23b-e546-4171-8243-7b016fd37d6e,,10,FAULT,0x2080,SENSOR_RANGE|PUMP_CAVITATION,0,0,0,0,0,0,0.0,0.0,0.0,0.0,0.0,0.0,0.0,0.0,0.0,-1.05,108.95,1012.9,20.3,9.0,0.0,0.0,0.0,,0.0,0,0,0,0,0,4.2,0.02,0.0,4495.53,4495.53,0.0,-11.08
2026-06-05T07:47:25.616+00:00,352283,7bf0e23b-e546-4171-8243-7b016fd37d6e,,10,FAULT,0x2080,SENSOR_RANGE|PUMP_CAVITATION,0,0,0,0,0,0,0.0,0.415,0.0,0.0,0.0,0.0,0.0,0.0,0.0,0.41,112.5,1012.9,20.3,8.9,0.0,0.0,0.0,,0.0,0,0,0,0,0,4.2,0.02,0.0,4495.53,4495.53,0.0,8.34
2026-06-05T07:47:25.792+00:00,352458,7bf0e23b-e546-4171-8243-7b016fd37d6e,,10,FAULT,0x2080,SENSOR_RANGE|PUMP_CAVITATION,0,0,0,0,0,0,0.0,0.0,0.0,0.0,0.0,0.0,0.0,0.0,0.0,2.12,106.26,1012.9,20.3,8.9,0.0,0.0,0.0,,0.0,0,0,0,0,0,4.2,0.02,0.0,4495.53,4495.53,0.0,9.77
2026-06-05T07:47:25.968+00:00,352633,7bf0e23b-e546-4171-8243-7b016fd37d6e,,10,FAULT,0x2080,SENSOR_RANGE|PUMP_CAVITATION,0,0,0,0,0,0,0.0,0.562,0.0,0.0,0.0,0.0,0.0,0.0,0.0,0.0,112.5,1012.9,20.3,8.9,0.0,0.0,0.0,,0.0,0,0,0,0,0,4.2,0.02,0.0,4495.53,4495.53,0.0,-12.11
2026-06-05T07:47:26.143+00:00,352808,7bf0e23b-e546-4171-8243-7b016fd37d6e,,10,FAULT,0x2080,SENSOR_RANGE|PUMP_CAVITATION,0,0,0,0,0,0,0.0,0.0,0.0,0.0,0.0,0.0,0.0,0.0,0.0,0.0,107.36,1012.9,20.3,8.9,0.0,0.0,0.0,,0.0,0,0,0,0,0,4.2,0.02,0.0,4495.53,4495.53,0.0,0.0
2026-06-05T07:47:26.317+00:00,352984,7bf0e23b-e546-4171-8243-7b016fd37d6e,,10,FAULT,0x2080,SENSOR_RANGE|PUMP_CAVITATION,0,0,0,0,0,0,0.0,0.562,0.0,0.0,0.0,0.0,0.0,0.0,0.0,0.65,112.5,1013.0,20.3,9.0,0.0,0.0,0.0,,0.0,0,0,0,0,0,4.2,0.02,0.0,4495.53,4495.53,0.0,3.69
2026-06-05T07:47:26.493+00:00,353160,7bf0e23b-e546-4171-8243-7b016fd37d6e,,10,FAULT,0x2080,SENSOR_RANGE|PUMP_CAVITATION,0,0,0,0,0,0,0.0,0.0,0.0,0.0,0.0,0.0,0.0,0.0,0.0,-1.78,110.05,1012.9,20.3,8.9,0.0,0.0,0.0,,0.0,0,0,0,0,0,4.2,0.02,0.0,4495.53,4495.53,0.0,-13.81
2026-06-05T07:47:26.669+00:00,353335,7bf0e23b-e546-4171-8243-7b016fd37d6e,,10,FAULT,0x2080,SENSOR_RANGE|PUMP_CAVITATION,0,0,0,0,0,0,0.0,0.61,0.0,0.0,0.0,0.0,0.0,0.0,0.0,-1.78,112.5,1013.0,20.3,9.0,0.0,0.0,0.0,,0.0,0,0,0,0,0,4.2,0.02,0.0,4495.53,4495.53,0.0,0.0
2026-06-05T07:47:26.845+00:00,353510,7bf0e23b-e546-4171-8243-7b016fd37d6e,,10,FAULT,0x2080,SENSOR_RANGE|PUMP_CAVITATION,0,0,0,0,0,0,0.0,0.904,0.0,0.0,0.0,0.0,0.0,0.0,0.0,-0.56,112.5,1013.0,20.3,9.0,0.0,0.0,0.0,,0.0,0,0,0,0,0,4.2,0.02,0.0,4495.53,4495.53,0.0,6.97
2026-06-05T07:47:27.020+00:00,353686,7bf0e23b-e546-4171-8243-7b016fd37d6e,,10,FAULT,0x2080,SENSOR_RANGE|PUMP_CAVITATION,0,0,0,0,0,0,0.0,0.122,0.0,0.0,0.0,0.0,0.0,0.0,0.0,0.0,112.13,1012.9,20.3,9.0,0.0,0.0,0.0,,0.0,0,0,0,0,0,4.2,0.02,0.0,4495.53,4495.53,0.0,3.18
2026-06-05T07:47:27.196+00:00,353861,7bf0e23b-e546-4171-8243-7b016fd37d6e,,10,FAULT,0x2080,SENSOR_RANGE|PUMP_CAVITATION,0,0,0,0,0,0,0.0,0.0,0.0,0.0,0.0,0.0,0.0,0.0,0.0,1.39,110.78,1012.9,20.3,9.0,0.0,0.0,0.0,,0.0,0,0,0,0,0,4.2,0.02,0.0,4495.53,4495.53,0.0,7.94
2026-06-05T07:47:27.370+00:00,354036,7bf0e23b-e546-4171-8243-7b016fd37d6e,,10,FAULT,0x2080,SENSOR_RANGE|PUMP_CAVITATION,0,0,0,0,0,0,0.0,0.268,0.0,0.0,0.0,0.0,0.0,0.0,0.0,-2.02,111.52,1013.0,20.3,9.0,0.0,0.0,0.0,,0.0,0,0,0,0,0,4.2,0.02,0.0,4495.53,4495.53,0.0,-19.49
2026-06-05T07:47:27.546+00:00,354211,7bf0e23b-e546-4171-8243-7b016fd37d6e,,10,FAULT,0x2080,SENSOR_RANGE|PUMP_CAVITATION,0,0,0,0,0,0,0.0,0.562,0.0,0.0,0.0,0.0,0.0,0.0,0.0,0.41,112.5,1012.9,20.3,9.0,0.0,0.0,0.0,,0.0,0,0,0,0,0,4.2,0.02,0.0,4495.53,4495.53,0.0,13.89
2026-06-05T07:47:27.722+00:00,354387,7bf0e23b-e546-4171-8243-7b016fd37d6e,,10,FAULT,0x2080,SENSOR_RANGE|PUMP_CAVITATION,0,0,0,0,0,0,0.0,0.0,0.0,0.0,0.0,0.0,0.0,0.0,0.0,0.0,106.63,1013.0,20.3,9.0,0.0,0.0,0.0,,0.0,0,0,0,0,0,4.2,0.02,0.0,4495.53,4495.53,0.0,-2.33
2026-06-05T07:47:27.897+00:00,354562,7bf0e23b-e546-4171-8243-7b016fd37d6e,,10,FAULT,0x2080,SENSOR_RANGE|PUMP_CAVITATION,0,0,0,0,0,0,0.0,0.562,0.0,0.0,0.0,0.0,0.0,0.0,0.0,-2.51,112.5,1012.9,20.3,9.0,0.0,0.0,0.0,,0.0,0,0,0,0,0,4.2,0.02,0.0,4495.53,4495.53,0.0,-14.34
2026-06-05T07:47:28.074+00:00,354738,7bf0e23b-e546-4171-8243-7b016fd37d6e,,10,FAULT,0x2080,SENSOR_RANGE|PUMP_CAVITATION,0,0,0,0,0,0,0.0,0.61,0.0,0.0,0.0,0.0,0.0,0.0,0.0,-1.05,111.03,1012.9,20.3,9.0,0.0,0.0,0.0,,0.0,0,0,0,0,0,4.2,0.02,0.0,4495.53,4495.53,0.0,8.3
2026-06-05T07:47:28.249+00:00,354913,7bf0e23b-e546-4171-8243-7b016fd37d6e,,10,FAULT,0x2080,SENSOR_RANGE|PUMP_CAVITATION,0,0,0,0,0,0,0.0,0.366,0.0,0.0,0.0,0.0,0.0,0.0,0.0,0.9,112.5,1012.9,20.3,9.0,0.0,0.0,0.0,,0.0,0,0,0,0,0,4.2,0.02,0.0,4495.53,4495.53,0.0,11.14
2026-06-05T07:47:28.425+00:00,355088,7bf0e23b-e546-4171-8243-7b016fd37d6e,,10,FAULT,0x2080,SENSOR_RANGE|PUMP_CAVITATION,0,0,0,0,0,0,0.0,0.0,0.0,0.0,0.0,0.0,0.0,0.0,0.0,0.65,106.26,1012.9,20.3,8.9,0.0,0.0,0.0,,0.0,0,0,0,0,0,4.2,0.02,0.0,4495.53,4495.53,0.0,-1.43
2026-06-05T07:47:28.599+00:00,355263,7bf0e23b-e546-4171-8243-7b016fd37d6e,,10,FAULT,0x2080,SENSOR_RANGE|PUMP_CAVITATION,0,0,0,0,0,0,0.0,0.464,0.0,0.0,0.0,0.0,0.0,0.0,0.0,0.65,112.5,1012.9,20.3,9.0,0.0,0.0,0.0,,0.0,0,0,0,0,0,4.2,0.02,0.0,4495.53,4495.53,0.0,0.0
2026-06-05T07:47:28.774+00:00,355439,7bf0e23b-e546-4171-8243-7b016fd37d6e,,10,FAULT,0x2080,SENSOR_RANGE|PUMP_CAVITATION,0,0,0,0,0,0,0.0,0.0,0.0,0.0,0.0,0.0,0.0,0.0,0.0,1.39,106.75,1012.9,20.3,9.0,0.0,0.0,0.0,,0.0,0,0,0,0,0,4.2,0.02,0.0,4495.53,4495.53,0.0,4.2
2026-06-05T07:47:28.950+00:00,355614,7bf0e23b-e546-4171-8243-7b016fd37d6e,,10,FAULT,0x2080,SENSOR_RANGE|PUMP_CAVITATION,0,0,0,0,0,0,0.0,0.464,0.0,0.0,0.0,0.0,0.0,0.0,0.0,-0.31,112.5,1012.9,20.3,8.9,0.0,0.0,0.0,,0.0,0,0,0,0,0,4.2,0.02,0.0,4495.53,4495.53,0.0,-9.71
2026-06-05T07:47:29.126+00:00,355789,7bf0e23b-e546-4171-8243-7b016fd37d6e,,10,FAULT,0x2080,SENSOR_RANGE|PUMP_CAVITATION,0,0,0,0,0,0,0.0,0.0,0.0,0.0,0.0,0.0,0.0,0.0,0.0,-0.31,108.95,1012.9,20.3,9.0,0.0,0.0,0.0,,0.0,0,0,0,0,0,4.2,0.02,0.0,4495.53,4495.53,0.0,0.0
2026-06-05T07:47:29.302+00:00,355964,7bf0e23b-e546-4171-8243-7b016fd37d6e,,10,FAULT,0x2080,SENSOR_RANGE|PUMP_CAVITATION,0,0,0,0,0,0,0.0,1.148,0.0,0.0,0.0,0.0,0.0,0.0,0.0,1.14,112.5,1012.9,20.3,9.0,0.0,0.0,0.0,,0.0,0,0,0,0,0,4.2,0.02,0.0,4495.53,4495.53,0.0,8.29
2026-06-05T07:47:29.478+00:00,356141,7bf0e23b-e546-4171-8243-7b016fd37d6e,,10,FAULT,0x2080,SENSOR_RANGE|PUMP_CAVITATION,0,0,0,0,0,0,0.0,0.562,0.0,0.0,0.0,0.0,0.0,0.0,0.0,-1.53,111.15,1012.9,20.3,9.0,0.0,0.0,0.0,,0.0,0,0,0,0,0,4.2,0.02,0.0,4495.53,4495.53,0.0,-15.08
2026-06-05T07:47:29.651+00:00,356316,7bf0e23b-e546-4171-8243-7b016fd37d6e,,10,FAULT,0x2080,SENSOR_RANGE|PUMP_CAVITATION,0,0,0,0,0,0,0.0,0.0,0.0,0.0,0.0,0.0,0.0,0.0,0.0,-0.56,111.4,1012.9,20.3,9.0,0.0,0.0,0.0,,0.0,0,0,0,0,0,4.2,0.02,0.0,4495.53,4495.53,0.0,5.54
2026-06-05T07:47:29.827+00:00,356491,7bf0e23b-e546-4171-8243-7b016fd37d6e,,10,FAULT,0x2080,SENSOR_RANGE|PUMP_CAVITATION,0,0,0,0,0,0,0.0,0.073,0.0,0.0,0.0,0.0,0.0,0.0,0.0,0.0,110.42,1012.9,20.3,9.0,0.0,0.0,0.0,,0.0,0,0,0,0,0,4.2,0.02,0.0,4495.53,4495.53,0.0,3.2
2026-06-05T07:47:30.003+00:00,356666,7bf0e23b-e546-4171-8243-7b016fd37d6e,,10,FAULT,0x2080,SENSOR_RANGE|PUMP_CAVITATION,0,0,0,0,0,0,0.0,0.366,0.0,0.0,0.0,0.0,0.0,0.0,0.0,-0.31,111.27,1013.0,20.3,9.0,0.0,0.0,0.0,,0.0,0,0,0,0,0,4.2,0.02,0.0,4495.53,4495.53,0.0,-1.77
2026-06-05T07:47:30.179+00:00,356842,7bf0e23b-e546-4171-8243-7b016fd37d6e,,10,FAULT,0x2080,SENSOR_RANGE|PUMP_CAVITATION,0,0,0,0,0,0,0.0,0.0,0.0,0.0,0.0,0.0,0.0,0.0,0.0,0.65,112.13,1012.9,20.3,8.9,0.0,0.0,0.0,,0.0,0,0,0,0,0,4.2,0.02,0.0,4495.53,4495.53,0.0,5.45
2026-06-05T07:47:30.355+00:00,357017,7bf0e23b-e546-4171-8243-7b016fd37d6e,,10,FAULT,0x2080,SENSOR_RANGE|PUMP_CAVITATION,0,0,0,0,0,0,0.0,0.562,0.0,0.0,0.0,0.0,0.0,0.0,0.0,-1.29,111.76,1013.0,20.3,9.0,0.0,0.0,0.0,,0.0,0,0,0,0,0,4.2,0.02,0.0,4495.53,4495.53,0.0,-11.09
2026-06-05T07:47:30.531+00:00,357192,7bf0e23b-e546-4171-8243-7b016fd37d6e,,10,FAULT,0x2080,SENSOR_RANGE|PUMP_CAVITATION,0,0,0,0,0,0,0.0,0.317,0.0,0.0,0.0,0.0,0.0,0.0,0.0,-0.31,112.5,1013.0,20.3,9.0,0.0,0.0,0.0,,0.0,0,0,0,0,0,4.2,0.02,0.0,4495.53,4495.53,0.0,5.6
2026-06-05T07:47:30.706+00:00,357368,7bf0e23b-e546-4171-8243-7b016fd37d6e,,10,FAULT,0x2080,SENSOR_RANGE|PUMP_CAVITATION,0,0,0,0,0,0,0.0,0.953,0.0,0.0,0.0,0.0,0.0,0.0,0.0,-0.56,112.5,1012.9,20.3,8.9,0.0,0.0,0.0,,0.0,0,0,0,0,0,4.2,0.02,0.0,4495.53,4495.53,0.0,-1.42
2026-06-05T07:47:30.882+00:00,357543,7bf0e23b-e546-4171-8243-7b016fd37d6e,,10,FAULT,0x2080,SENSOR_RANGE|PUMP_CAVITATION,0,0,0,0,0,0,0.0,0.855,0.0,0.0,0.0,0.0,0.0,0.0,0.0,-0.31,112.5,1012.9,20.3,8.9,0.0,0.0,0.0,,0.0,0,0,0,0,0,4.2,0.02,0.0,4495.53,4495.53,0.0,1.43
2026-06-05T07:47:31.056+00:00,357719,7bf0e23b-e546-4171-8243-7b016fd37d6e,,10,FAULT,0x2080,SENSOR_RANGE|PUMP_CAVITATION,0,0,0,0,0,0,0.0,1.05,0.0,0.0,0.0,0.0,0.0,0.0,0.0,1.63,110.3,1012.9,20.3,8.9,0.0,0.0,0.0,,0.0,0,0,0,0,0,4.2,0.02,0.0,4495.53,4495.53,0.0,11.02
2026-06-05T07:47:31.232+00:00,357895,7bf0e23b-e546-4171-8243-7b016fd37d6e,,10,FAULT,0x2080,SENSOR_RANGE|PUMP_CAVITATION,0,0,0,0,0,0,0.0,0.219,0.0,0.0,0.0,0.0,0.0,0.0,0.0,0.0,112.5,1012.9,20.3,9.0,0.0,0.0,0.0,,0.0,0,0,0,0,0,4.2,0.02,0.0,4495.53,4495.53,0.0,-9.26
2026-06-05T07:47:31.408+00:00,358070,7bf0e23b-e546-4171-8243-7b016fd37d6e,,10,FAULT,0x2080,SENSOR_RANGE|PUMP_CAVITATION,0,0,0,0,0,0,0.0,1.197,0.0,0.0,0.0,0.0,0.0,0.0,0.0,-0.56,112.13,1012.9,20.3,8.9,0.0,0.0,0.0,,0.0,0,0,0,0,0,4.2,0.02,0.0,4495.53,4495.53,0.0,-3.2
2026-06-05T07:47:31.583+00:00,358245,7bf0e23b-e546-4171-8243-7b016fd37d6e,,10,FAULT,0x2080,SENSOR_RANGE|PUMP_CAVITATION,0,0,0,0,0,0,0.0,0.757,0.0,0.0,0.0,0.0,0.0,0.0,0.0,-0.31,112.5,1012.9,20.3,9.0,0.0,0.0,0.0,,0.0,0,0,0,0,0,4.2,0.02,0.0,4495.53,4495.53,0.0,1.43
2026-06-05T07:47:31.759+00:00,358421,7bf0e23b-e546-4171-8243-7b016fd37d6e,,10,FAULT,0x2080,SENSOR_RANGE|PUMP_CAVITATION,0,0,0,0,0,0,0.0,0.562,0.0,0.0,0.0,0.0,0.0,0.0,0.0,0.0,109.81,1012.9,20.3,9.0,0.0,0.0,0.0,,0.0,0,0,0,0,0,4.2,0.02,0.0,4495.53,4495.53,0.0,1.76
2026-06-05T07:47:31.935+00:00,358596,7bf0e23b-e546-4171-8243-7b016fd37d6e,,10,FAULT,0x2080,SENSOR_RANGE|PUMP_CAVITATION,0,0,0,0,0,0,0.0,0.0,0.0,0.0,0.0,0.0,0.0,0.0,0.0,-0.56,111.52,1012.9,20.3,9.0,0.0,0.0,0.0,,0.0,0,0,0,0,0,4.2,0.02,0.0,4495.53,4495.53,0.0,-3.2
2026-06-05T07:47:32.111+00:00,358771,7bf0e23b-e546-4171-8243-7b016fd37d6e,,10,FAULT,0x2080,SENSOR_RANGE|PUMP_CAVITATION,0,0,0,0,0,0,0.0,0.904,0.0,0.0,0.0,0.0,0.0,0.0,0.0,1.39,112.5,1012.9,20.3,9.0,0.0,0.0,0.0,,0.0,0,0,0,0,0,4.2,0.02,0.0,4495.53,4495.53,0.0,11.14
2026-06-05T07:47:32.285+00:00,358946,7bf0e23b-e546-4171-8243-7b016fd37d6e,,10,FAULT,0x2080,SENSOR_RANGE|PUMP_CAVITATION,0,0,0,0,0,0,0.0,0.073,0.0,0.0,0.0,0.0,0.0,0.0,0.0,0.0,112.37,1012.9,20.3,9.0,0.0,0.0,0.0,,0.0,0,0,0,0,0,4.2,0.02,0.0,4495.53,4495.53,0.0,-7.94
2026-06-05T07:47:32.461+00:00,359121,7bf0e23b-e546-4171-8243-7b016fd37d6e,,10,FAULT,0x2080,SENSOR_RANGE|PUMP_CAVITATION,0,0,0,0,0,0,0.0,1.148,0.0,0.0,0.0,0.0,0.0,0.0,0.0,1.63,112.5,1012.9,20.3,9.0,0.0,0.0,0.0,,0.0,0,0,0,0,0,4.2,0.02,0.0,4495.53,4495.53,0.0,9.31
2026-06-05T07:47:32.636+00:00,359297,7bf0e23b-e546-4171-8243-7b016fd37d6e,,10,FAULT,0x2080,SENSOR_RANGE|PUMP_CAVITATION,0,0,0,0,0,0,0.0,0.708,0.0,0.0,0.0,0.0,0.0,0.0,0.0,-0.8,112.5,1013.0,20.3,9.0,0.0,0.0,0.0,,0.0,0,0,0,0,0,4.2,0.02,0.0,4495.53,4495.53,0.0,-13.81
2026-06-05T07:47:32.812+00:00,359473,7bf0e23b-e546-4171-8243-7b016fd37d6e,,10,FAULT,0x2080,SENSOR_RANGE|PUMP_CAVITATION,0,0,0,0,0,0,0.0,0.708,0.0,0.0,0.0,0.0,0.0,0.0,0.0,-0.31,112.5,1013.0,20.3,9.0,0.0,0.0,0.0,,0.0,0,0,0,0,0,4.2,0.02,0.0,4495.53,4495.53,0.0,2.78
2026-06-05T07:47:32.988+00:00,359648,7bf0e23b-e546-4171-8243-7b016fd37d6e,,10,FAULT,0x2080,SENSOR_RANGE|PUMP_CAVITATION,0,0,0,0,0,0,0.0,0.757,0.0,0.0,0.0,0.0,0.0,0.0,0.0,0.41,111.03,1012.9,20.3,9.0,0.0,0.0,0.0,,0.0,0,0,0,0,0,4.2,0.02,0.0,4495.53,4495.53,0.0,4.11
2026-06-05T07:47:33.164+00:00,359824,7bf0e23b-e546-4171-8243-7b016fd37d6e,,10,FAULT,0x2080,SENSOR_RANGE|PUMP_CAVITATION,0,0,0,0,0,0,0.0,0.366,0.0,0.0,0.0,0.0,0.0,0.0,0.0,0.65,112.5,1012.9,20.3,9.0,0.0,0.0,0.0,,0.0,0,0,0,0,0,4.2,0.02,0.0,4495.53,4495.53,0.0,1.36
2026-06-05T07:47:33.340+00:00,359999,7bf0e23b-e546-4171-8243-7b016fd37d6e,,10,FAULT,0x2080,SENSOR_RANGE|PUMP_CAVITATION,0,0,0,0,0,0,0.0,0.708,0.0,0.0,0.0,0.0,0.0,0.0,0.0,-0.8,112.5,1012.9,20.3,9.0,0.0,0.0,0.0,,0.0,0,0,0,0,0,4.2,0.02,0.0,4495.53,4495.53,0.0,-8.29
2026-06-05T07:47:33.513+00:00,360174,7bf0e23b-e546-4171-8243-7b016fd37d6e,,10,FAULT,0x2080,SENSOR_RANGE|PUMP_CAVITATION,0,0,0,0,0,0,0.0,0.904,0.0,0.0,0.0,0.0,0.0,0.0,0.0,-0.31,112.5,1012.9,20.3,8.9,0.0,0.0,0.0,,0.0,0,0,0,0,0,4.2,0.02,0.0,4495.53,4495.53,0.0,2.8
2026-06-05T07:47:33.690+00:00,360349,7bf0e23b-e546-4171-8243-7b016fd37d6e,,10,FAULT,0x2080,SENSOR_RANGE|PUMP_CAVITATION,0,0,0,0,0,0,0.0,0.0,0.0,0.0,0.0,0.0,0.0,0.0,0.0,-0.8,109.93,1012.9,20.3,9.0,0.0,0.0,0.0,,0.0,0,0,0,0,0,4.2,0.02,0.0,4495.53,4495.53,0.0,-2.8
2026-06-05T07:47:33.865+00:00,360525,7bf0e23b-e546-4171-8243-7b016fd37d6e,,10,FAULT,0x2080,SENSOR_RANGE|PUMP_CAVITATION,0,0,0,0,0,0,0.0,0.61,0.0,0.0,0.0,0.0,0.0,0.0,0.0,0.0,112.5,1013.0,20.3,9.0,0.0,0.0,0.0,,0.0,0,0,0,0,0,4.2,0.02,0.0,4495.53,4495.53,0.0,4.55
2026-06-05T07:47:34.041+00:00,360700,7bf0e23b-e546-4171-8243-7b016fd37d6e,,10,FAULT,0x2080,SENSOR_RANGE|PUMP_CAVITATION,0,0,0,0,0,0,0.0,0.024,0.0,0.0,0.0,0.0,0.0,0.0,0.0,-0.8,110.3,1012.9,20.3,8.9,0.0,0.0,0.0,,0.0,0,0,0,0,0,4.2,0.02,0.0,4495.53,4495.53,0.0,-4.57
2026-06-05T07:47:34.217+00:00,360876,7bf0e23b-e546-4171-8243-7b016fd37d6e,,10,FAULT,0x2080,SENSOR_RANGE|PUMP_CAVITATION,0,0,0,0,0,0,0.0,0.317,0.0,0.0,0.0,0.0,0.0,0.0,0.0,-0.56,112.5,1012.9,20.3,9.0,0.0,0.0,0.0,,0.0,0,0,0,0,0,4.2,0.02,0.0,4495.53,4495.53,0.0,1.36
2026-06-05T07:47:34.392+00:00,361051,7bf0e23b-e546-4171-8243-7b016fd37d6e,,10,FAULT,0x2080,SENSOR_RANGE|PUMP_CAVITATION,0,0,0,0,0,0,0.0,1.441,0.0,0.0,0.0,0.0,0.0,0.0,0.0,0.41,112.5,1012.9,20.3,9.0,0.0,0.0,0.0,,0.0,0,0,0,0,0,4.2,0.02,0.0,4495.53,4495.53,0.0,5.54
2026-06-05T07:47:34.566+00:00,361226,7bf0e23b-e546-4171-8243-7b016fd37d6e,,10,FAULT,0x2080,SENSOR_RANGE|PUMP_CAVITATION,0,0,0,0,0,0,0.0,0.464,0.0,0.0,0.0,0.0,0.0,0.0,0.0,-0.56,112.5,1012.9,20.3,9.0,0.0,0.0,0.0,,0.0,0,0,0,0,0,4.2,0.02,0.0,4495.53,4495.53,0.0,-5.54
2026-06-05T07:47:34.742+00:00,361402,7bf0e23b-e546-4171-8243-7b016fd37d6e,,10,FAULT,0x2080,SENSOR_RANGE|PUMP_CAVITATION,0,0,0,0,0,0,0.0,0.219,0.0,0.0,0.0,0.0,0.0,0.0,0.0,-1.05,109.2,1012.9,20.3,9.0,0.0,0.0,0.0,,0.0,0,0,0,0,0,4.2,0.02,0.0,4495.53,4495.53,0.0,-2.78
2026-06-05T07:47:34.918+00:00,361577,7bf0e23b-e546-4171-8243-7b016fd37d6e,,10,FAULT,0x2080,SENSOR_RANGE|PUMP_CAVITATION,0,0,0,0,0,0,0.0,0.415,0.0,0.0,0.0,0.0,0.0,0.0,0.0,0.65,112.5,1012.9,20.3,9.0,0.0,0.0,0.0,,0.0,0,0,0,0,0,4.2,0.02,0.0,4495.53,4495.53,0.0,9.71
2026-06-05T07:47:35.094+00:00,361753,7bf0e23b-e546-4171-8243-7b016fd37d6e,,10,FAULT,0x2080,SENSOR_RANGE|PUMP_CAVITATION,0,0,0,0,0,0,0.0,0.757,0.0,0.0,0.0,0.0,0.0,0.0,0.0,-1.05,112.5,1013.0,20.3,9.0,0.0,0.0,0.0,,0.0,0,0,0,0,0,4.2,0.02,0.0,4495.53,4495.53,0.0,-9.66
2026-06-05T07:47:35.270+00:00,361928,7bf0e23b-e546-4171-8243-7b016fd37d6e,,10,FAULT,0x2080,SENSOR_RANGE|PUMP_CAVITATION,0,0,0,0,0,0,0.0,0.562,0.0,0.0,0.0,0.0,0.0,0.0,0.0,0.0,112.5,1012.9,20.3,9.0,0.0,0.0,0.0,,0.0,0,0,0,0,0,4.2,0.02,0.0,4495.53,4495.53,0.0,6.0
2026-06-05T07:47:35.445+00:00,362103,7bf0e23b-e546-4171-8243-7b016fd37d6e,,10,FAULT,0x2080,SENSOR_RANGE|PUMP_CAVITATION,0,0,0,0,0,0,0.0,0.0,0.0,0.0,0.0,0.0,0.0,0.0,0.0,0.65,109.81,1012.9,20.3,9.0,0.0,0.0,0.0,,0.0,0,0,0,0,0,4.2,0.02,0.0,4495.53,4495.53,0.0,3.71
2026-06-05T07:47:35.621+00:00,362278,7bf0e23b-e546-4171-8243-7b016fd37d6e,,10,FAULT,0x2080,SENSOR_RANGE|PUMP_CAVITATION,0,0,0,0,0,0,0.0,0.904,0.0,0.0,0.0,0.0,0.0,0.0,0.0,0.9,112.5,1012.9,20.3,8.9,0.0,0.0,0.0,,0.0,0,0,0,0,0,4.2,0.02,0.0,4495.53,4495.53,0.0,1.43
2026-06-05T07:47:35.795+00:00,362454,7bf0e23b-e546-4171-8243-7b016fd37d6e,,10,FAULT,0x2080,SENSOR_RANGE|PUMP_CAVITATION,0,0,0,0,0,0,0.0,0.171,0.0,0.0,0.0,0.0,0.0,0.0,0.0,-0.31,112.5,1012.9,20.3,9.0,0.0,0.0,0.0,,0.0,0,0,0,0,0,4.2,0.02,0.0,4495.53,4495.53,0.0,-6.88
2026-06-05T07:47:35.971+00:00,362630,7bf0e23b-e546-4171-8243-7b016fd37d6e,,10,FAULT,0x2080,SENSOR_RANGE|PUMP_CAVITATION,0,0,0,0,0,0,0.0,0.219,0.0,0.0,0.0,0.0,0.0,0.0,0.0,-0.56,108.95,1012.9,20.3,9.0,0.0,0.0,0.0,,0.0,0,0,0,0,0,4.2,0.02,0.0,4495.53,4495.53,0.0,-1.42
2026-06-05T07:47:36.147+00:00,362805,7bf0e23b-e546-4171-8243-7b016fd37d6e,,10,FAULT,0x2080,SENSOR_RANGE|PUMP_CAVITATION,0,0,0,0,0,0,0.0,0.415,0.0,0.0,0.0,0.0,0.0,0.0,0.0,0.41,112.5,1012.9,20.3,9.0,0.0,0.0,0.0,,0.0,0,0,0,0,0,4.2,0.02,0.0,4495.53,4495.53,0.0,5.54
2026-06-05T07:47:36.322+00:00,362980,7bf0e23b-e546-4171-8243-7b016fd37d6e,,10,FAULT,0x2080,SENSOR_RANGE|PUMP_CAVITATION,0,0,0,0,0,0,0.0,0.0,0.0,0.0,0.0,0.0,0.0,0.0,0.0,1.39,105.77,1012.9,20.3,8.9,0.0,0.0,0.0,,0.0,0,0,0,0,0,4.2,0.02,0.0,4495.53,4495.53,0.0,5.6
2026-06-05T07:47:36.498+00:00,363155,7bf0e23b-e546-4171-8243-7b016fd37d6e,,10,FAULT,0x2080,SENSOR_RANGE|PUMP_CAVITATION,0,0,0,0,0,0,0.0,0.513,0.0,0.0,0.0,0.0,0.0,0.0,0.0,0.0,112.5,1012.9,20.3,8.9,0.0,0.0,0.0,,0.0,0,0,0,0,0,4.2,0.02,0.0,4495.53,4495.53,0.0,-7.94
2026-06-05T07:47:36.674+00:00,363330,7bf0e23b-e546-4171-8243-7b016fd37d6e,,10,FAULT,0x2080,SENSOR_RANGE|PUMP_CAVITATION,0,0,0,0,0,0,0.0,0.073,0.0,0.0,0.0,0.0,0.0,0.0,0.0,1.39,107.49,1012.9,20.3,9.0,0.0,0.0,0.0,,0.0,0,0,0,0,0,4.2,0.02,0.0,4495.53,4495.53,0.0,7.94
2026-06-05T07:47:36.850+00:00,363506,7bf0e23b-e546-4171-8243-7b016fd37d6e,,10,FAULT,0x2080,SENSOR_RANGE|PUMP_CAVITATION,0,0,0,0,0,0,0.0,0.024,0.0,0.0,0.0,0.0,0.0,0.0,0.0,1.63,112.5,1013.0,20.3,9.0,0.0,0.0,0.0,,0.0,0,0,0,0,0,4.2,0.02,0.0,4495.53,4495.53,0.0,1.36
2026-06-05T07:47:37.024+00:00,363681,7bf0e23b-e546-4171-8243-7b016fd37d6e,,10,FAULT,0x2080,SENSOR_RANGE|PUMP_CAVITATION,0,0,0,0,0,0,0.0,1.001,0.0,0.0,0.0,0.0,0.0,0.0,0.0,1.14,112.13,1012.9,20.3,9.0,0.0,0.0,0.0,,0.0,0,0,0,0,0,4.2,0.02,0.0,4495.53,4495.53,0.0,-2.8
2026-06-05T07:47:37.199+00:00,363856,7bf0e23b-e546-4171-8243-7b016fd37d6e,,10,FAULT,0x2080,SENSOR_RANGE|PUMP_CAVITATION,0,0,0,0,0,0,0.0,0.122,0.0,0.0,0.0,0.0,0.0,0.0,0.0,0.0,112.5,1012.9,20.3,9.0,0.0,0.0,0.0,,0.0,0,0,0,0,0,4.2,0.02,0.0,4495.53,4495.53,0.0,-6.51
2026-06-05T07:47:37.375+00:00,364032,7bf0e23b-e546-4171-8243-7b016fd37d6e,,10,FAULT,0x2080,SENSOR_RANGE|PUMP_CAVITATION,0,0,0,0,0,0,0.0,1.05,0.0,0.0,0.0,0.0,0.0,0.0,0.0,0.0,112.5,1012.9,20.3,9.0,0.0,0.0,0.0,,0.0,0,0,0,0,0,4.2,0.02,0.0,4495.53,4495.53,0.0,0.0
2026-06-05T07:47:37.551+00:00,364208,7bf0e23b-e546-4171-8243-7b016fd37d6e,,10,FAULT,0x2080,SENSOR_RANGE|PUMP_CAVITATION,0,0,0,0,0,0,0.0,0.904,0.0,0.0,0.0,0.0,0.0,0.0,0.0,1.39,112.5,1012.9,20.3,8.9,0.0,0.0,0.0,,0.0,0,0,0,0,0,4.2,0.02,0.0,4495.53,4495.53,0.0,7.9
2026-06-05T07:47:37.727+00:00,364383,7bf0e23b-e546-4171-8243-7b016fd37d6e,,10,FAULT,0x2080,SENSOR_RANGE|PUMP_CAVITATION,0,0,0,0,0,0,0.0,0.0,0.0,0.0,0.0,0.0,0.0,0.0,0.0,-1.78,110.66,1012.9,20.3,9.0,0.0,0.0,0.0,,0.0,0,0,0,0,0,4.2,0.02,0.0,4495.53,4495.53,0.0,-18.11
2026-06-05T07:47:37.903+00:00,364558,7bf0e23b-e546-4171-8243-7b016fd37d6e,,10,FAULT,0x2080,SENSOR_RANGE|PUMP_CAVITATION,0,0,0,0,0,0,0.0,0.0,0.0,0.0,0.0,0.0,0.0,0.0,0.0,0.0,110.66,1012.9,20.3,9.0,0.0,0.0,0.0,,0.0,0,0,0,0,0,4.2,0.02,0.0,4495.53,4495.53,0.0,10.17
2026-06-05T07:47:38.076+00:00,364733,7bf0e23b-e546-4171-8243-7b016fd37d6e,,10,FAULT,0x2080,SENSOR_RANGE|PUMP_CAVITATION,0,0,0,0,0,0,0.0,0.855,0.0,0.0,0.0,0.0,0.0,0.0,0.0,-1.05,112.5,1012.9,20.3,9.0,0.0,0.0,0.0,,0.0,0,0,0,0,0,4.2,0.02,0.0,4495.53,4495.53,0.0,-6.0
2026-06-05T07:47:38.252+00:00,364909,7bf0e23b-e546-4171-8243-7b016fd37d6e,,10,FAULT,0x2080,SENSOR_RANGE|PUMP_CAVITATION,0,0,0,0,0,0,0.0,0.659,0.0,0.0,0.0,0.0,0.0,0.0,0.0,-1.29,112.5,1012.9,20.3,9.0,0.0,0.0,0.0,,0.0,0,0,0,0,0,4.2,0.02,0.0,4495.53,4495.53,0.0,-1.36
2026-06-05T07:47:38.428+00:00,365084,7bf0e23b-e546-4171-8243-7b016fd37d6e,,10,FAULT,0x2080,SENSOR_RANGE|PUMP_CAVITATION,0,0,0,0,0,0,0.0,0.757,0.0,0.0,0.0,0.0,0.0,0.0,0.0,0.41,112.5,1012.9,20.3,8.9,0.0,0.0,0.0,,0.0,0,0,0,0,0,4.2,0.02,0.0,4495.53,4495.53,0.0,9.71
2026-06-05T07:47:38.604+00:00,365259,7bf0e23b-e546-4171-8243-7b016fd37d6e,,10,FAULT,0x2080,SENSOR_RANGE|PUMP_CAVITATION,0,0,0,0,0,0,0.0,0.219,0.0,0.0,0.0,0.0,0.0,0.0,0.0,0.41,109.2,1012.9,20.3,8.9,0.0,0.0,0.0,,0.0,0,0,0,0,0,4.2,0.02,0.0,4495.53,4495.53,0.0,0.0
2026-06-05T07:47:38.780+00:00,365435,7bf0e23b-e546-4171-8243-7b016fd37d6e,,10,FAULT,0x2080,SENSOR_RANGE|PUMP_CAVITATION,0,0,0,0,0,0,0.0,0.562,0.0,0.0,0.0,0.0,0.0,0.0,0.0,-0.56,112.5,1013.0,20.3,9.0,0.0,0.0,0.0,,0.0,0,0,0,0,0,4.2,0.02,0.0,4495.53,4495.53,0.0,-5.51
2026-06-05T07:47:38.956+00:00,365611,7bf0e23b-e546-4171-8243-7b016fd37d6e,,10,FAULT,0x2080,SENSOR_RANGE|PUMP_CAVITATION,0,0,0,0,0,0,0.0,0.415,0.0,0.0,0.0,0.0,0.0,0.0,0.0,-2.02,112.01,1012.9,20.3,9.0,0.0,0.0,0.0,,0.0,0,0,0,0,0,4.2,0.02,0.0,4495.53,4495.53,0.0,-8.3
2026-06-05T07:47:39.132+00:00,365786,7bf0e23b-e546-4171-8243-7b016fd37d6e,,10,FAULT,0x2080,SENSOR_RANGE|PUMP_CAVITATION,0,0,0,0,0,0,0.0,0.268,0.0,0.0,0.0,0.0,0.0,0.0,0.0,0.0,112.5,1012.9,20.3,9.0,0.0,0.0,0.0,,0.0,0,0,0,0,0,4.2,0.02,0.0,4495.53,4495.53,0.0,11.54
2026-06-05T07:47:39.305+00:00,365961,7bf0e23b-e546-4171-8243-7b016fd37d6e,,10,FAULT,0x2080,SENSOR_RANGE|PUMP_CAVITATION,0,0,0,0,0,0,0.0,0.513,0.0,0.0,0.0,0.0,0.0,0.0,0.0,-0.56,106.39,1012.9,20.3,8.9,0.0,0.0,0.0,,0.0,0,0,0,0,0,4.2,0.02,0.0,4495.53,4495.53,0.0,-3.2
2026-06-05T07:47:39.481+00:00,366137,7bf0e23b-e546-4171-8243-7b016fd37d6e,,10,FAULT,0x2080,SENSOR_RANGE|PUMP_CAVITATION,0,0,0,0,0,0,0.0,0.562,0.0,0.0,0.0,0.0,0.0,0.0,0.0,-1.29,112.5,1012.9,20.3,9.0,0.0,0.0,0.0,,0.0,0,0,0,0,0,4.2,0.02,0.0,4495.53,4495.53,0.0,-4.15
2026-06-05T07:47:39.657+00:00,366312,7bf0e23b-e546-4171-8243-7b016fd37d6e,,10,FAULT,0x2080,SENSOR_RANGE|PUMP_CAVITATION,0,0,0,0,0,0,0.0,0.659,0.0,0.0,0.0,0.0,0.0,0.0,0.0,-1.78,112.25,1012.9,20.3,9.0,0.0,0.0,0.0,,0.0,0,0,0,0,0,4.2,0.02,0.0,4495.53,4495.53,0.0,-2.8
2026-06-05T07:47:39.834+00:00,366488,7bf0e23b-e546-4171-8243-7b016fd37d6e,,10,FAULT,0x2080,SENSOR_RANGE|PUMP_CAVITATION,0,0,0,0,0,0,0.0,0.024,0.0,0.0,0.0,0.0,0.0,0.0,0.0,0.0,112.5,1012.9,20.3,9.0,0.0,0.0,0.0,,0.0,0,0,0,0,0,4.2,0.02,0.0,4495.53,4495.53,0.0,10.11
2026-06-05T07:47:40.008+00:00,366663,7bf0e23b-e546-4171-8243-7b016fd37d6e,,10,FAULT,0x2080,SENSOR_RANGE|PUMP_CAVITATION,0,0,0,0,0,0,0.0,0.953,0.0,0.0,0.0,0.0,0.0,0.0,0.0,-0.56,112.25,1012.9,20.3,9.0,0.0,0.0,0.0,,0.0,0,0,0,0,0,4.2,0.02,0.0,4495.53,4495.53,0.0,-3.2
2026-06-05T07:47:40.184+00:00,366838,7bf0e23b-e546-4171-8243-7b016fd37d6e,,10,FAULT,0x2080,SENSOR_RANGE|PUMP_CAVITATION,0,0,0,0,0,0,0.0,0.659,0.0,0.0,0.0,0.0,0.0,0.0,0.0,-0.31,112.5,1012.9,20.3,9.0,0.0,0.0,0.0,,0.0,0,0,0,0,0,4.2,0.02,0.0,4495.53,4495.53,0.0,1.43
2026-06-05T07:47:40.360+00:00,367013,7bf0e23b-e546-4171-8243-7b016fd37d6e,,10,FAULT,0x2080,SENSOR_RANGE|PUMP_CAVITATION,0,0,0,0,0,0,0.0,0.219,0.0,0.0,0.0,0.0,0.0,0.0,0.0,-2.51,112.5,1012.9,20.3,9.0,0.0,0.0,0.0,,0.0,0,0,0,0,0,4.2,0.02,0.0,4495.53,4495.53,0.0,-12.57
2026-06-05T07:47:40.536+00:00,367190,7bf0e23b-e546-4171-8243-7b016fd37d6e,,10,FAULT,0x2080,SENSOR_RANGE|PUMP_CAVITATION,0,0,0,0,0,0,0.0,0.366,0.0,0.0,0.0,0.0,0.0,0.0,0.0,-1.78,112.5,1012.9,20.3,9.0,0.0,0.0,0.0,,0.0,0,0,0,0,0,4.2,0.02,0.0,4495.53,4495.53,0.0,4.12
2026-06-05T07:47:40.712+00:00,367365,7bf0e23b-e546-4171-8243-7b016fd37d6e,,10,FAULT,0x2080,SENSOR_RANGE|PUMP_CAVITATION,0,0,0,0,0,0,0.0,0.464,0.0,0.0,0.0,0.0,0.0,0.0,0.0,-1.78,112.5,1012.9,20.3,9.0,0.0,0.0,0.0,,0.0,0,0,0,0,0,4.2,0.02,0.0,4495.53,4495.53,0.0,0.0
2026-06-05T07:47:40.886+00:00,367541,7bf0e23b-e546-4171-8243-7b016fd37d6e,,10,FAULT,0x2080,SENSOR_RANGE|PUMP_CAVITATION,0,0,0,0,0,0,0.0,0.0,0.0,0.0,0.0,0.0,0.0,0.0,0.0,-0.31,106.87,1012.9,20.3,8.9,0.0,0.0,0.0,,0.0,0,0,0,0,0,4.2,0.02,0.0,4495.53,4495.53,0.0,8.35
2026-06-05T07:47:41.062+00:00,367716,7bf0e23b-e546-4171-8243-7b016fd37d6e,,10,FAULT,0x2080,SENSOR_RANGE|PUMP_CAVITATION,0,0,0,0,0,0,0.0,0.122,0.0,0.0,0.0,0.0,0.0,0.0,0.0,0.65,112.5,1012.9,20.3,9.0,0.0,0.0,0.0,,0.0,0,0,0,0,0,4.2,0.02,0.0,4495.53,4495.53,0.0,5.49
2026-06-05T07:47:41.237+00:00,367891,7bf0e23b-e546-4171-8243-7b016fd37d6e,,10,FAULT,0x2080,SENSOR_RANGE|PUMP_CAVITATION,0,0,0,0,0,0,0.0,0.464,0.0,0.0,0.0,0.0,0.0,0.0,0.0,-0.8,110.91,1012.9,20.3,9.0,0.0,0.0,0.0,,0.0,0,0,0,0,0,4.2,0.02,0.0,4495.53,4495.53,0.0,-8.29
2026-06-05T07:47:41.413+00:00,368066,7bf0e23b-e546-4171-8243-7b016fd37d6e,,10,FAULT,0x2080,SENSOR_RANGE|PUMP_CAVITATION,0,0,0,0,0,0,0.0,0.464,0.0,0.0,0.0,0.0,0.0,0.0,0.0,0.0,112.5,1012.9,20.3,9.0,0.0,0.0,0.0,,0.0,0,0,0,0,0,4.2,0.02,0.0,4495.53,4495.53,0.0,4.57
2026-06-05T07:47:41.589+00:00,368241,7bf0e23b-e546-4171-8243-7b016fd37d6e,,10,FAULT,0x2080,SENSOR_RANGE|PUMP_CAVITATION,0,0,0,0,0,0,0.0,1.246,0.0,0.0,0.0,0.0,0.0,0.0,0.0,-0.31,106.39,1013.0,20.3,9.0,0.0,0.0,0.0,,0.0,0,0,0,0,0,4.2,0.02,0.0,4495.53,4495.53,0.0,-1.77
2026-06-05T07:47:41.765+00:00,368417,7bf0e23b-e546-4171-8243-7b016fd37d6e,,10,FAULT,0x2080,SENSOR_RANGE|PUMP_CAVITATION,0,0,0,0,0,0,0.0,1.05,0.0,0.0,0.0,0.0,0.0,0.0,0.0,0.41,112.25,1012.9,20.3,8.9,0.0,0.0,0.0,,0.0,0,0,0,0,0,4.2,0.02,0.0,4495.53,4495.53,0.0,4.09
2026-06-05T07:47:41.939+00:00,368592,7bf0e23b-e546-4171-8243-7b016fd37d6e,,10,FAULT,0x2080,SENSOR_RANGE|PUMP_CAVITATION,0,0,0,0,0,0,0.0,0.0,0.0,0.0,0.0,0.0,0.0,0.0,0.0,0.41,107.0,1012.9,20.3,8.9,0.0,0.0,0.0,,0.0,0,0,0,0,0,4.2,0.02,0.0,4495.53,4495.53,0.0,0.0
2026-06-05T07:47:42.115+00:00,368768,7bf0e23b-e546-4171-8243-7b016fd37d6e,,10,FAULT,0x2080,SENSOR_RANGE|PUMP_CAVITATION,0,0,0,0,0,0,0.0,0.464,0.0,0.0,0.0,0.0,0.0,0.0,0.0,-0.8,112.5,1012.9,20.3,9.0,0.0,0.0,0.0,,0.0,0,0,0,0,0,4.2,0.02,0.0,4495.53,4495.53,0.0,-6.88
2026-06-05T07:47:42.291+00:00,368944,7bf0e23b-e546-4171-8243-7b016fd37d6e,,10,FAULT,0x2080,SENSOR_RANGE|PUMP_CAVITATION,0,0,0,0,0,0,0.0,0.562,0.0,0.0,0.0,0.0,0.0,0.0,0.0,-0.56,110.78,1012.9,20.3,8.9,0.0,0.0,0.0,,0.0,0,0,0,0,0,4.2,0.02,0.0,4495.53,4495.53,0.0,1.36
2026-06-05T07:47:42.466+00:00,369119,7bf0e23b-e546-4171-8243-7b016fd37d6e,,10,FAULT,0x2080,SENSOR_RANGE|PUMP_CAVITATION,0,0,0,0,0,0,0.0,0.122,0.0,0.0,0.0,0.0,0.0,0.0,0.0,-0.8,112.5,1012.9,20.3,9.0,0.0,0.0,0.0,,0.0,0,0,0,0,0,4.2,0.02,0.0,4495.53,4495.53,0.0,-1.37
2026-06-05T07:47:42.642+00:00,369294,7bf0e23b-e546-4171-8243-7b016fd37d6e,,10,FAULT,0x2080,SENSOR_RANGE|PUMP_CAVITATION,0,0,0,0,0,0,0.0,0.0,0.0,0.0,0.0,0.0,0.0,0.0,0.0,-2.02,111.27,1012.9,20.3,9.0,0.0,0.0,0.0,,0.0,0,0,0,0,0,4.2,0.02,0.0,4495.53,4495.53,0.0,-6.97
2026-06-05T07:47:42.818+00:00,369470,7bf0e23b-e546-4171-8243-7b016fd37d6e,,10,FAULT,0x2080,SENSOR_RANGE|PUMP_CAVITATION,0,0,0,0,0,0,0.0,0.562,0.0,0.0,0.0,0.0,0.0,0.0,0.0,-0.56,112.5,1012.9,20.3,9.0,0.0,0.0,0.0,,0.0,0,0,0,0,0,4.2,0.02,0.0,4495.53,4495.53,0.0,8.3
2026-06-05T07:47:42.994+00:00,369645,7bf0e23b-e546-4171-8243-7b016fd37d6e,,10,FAULT,0x2080,SENSOR_RANGE|PUMP_CAVITATION,0,0,0,0,0,0,0.0,1.001,0.0,0.0,0.0,0.0,0.0,0.0,0.0,1.39,109.44,1012.9,20.3,9.0,0.0,0.0,0.0,,0.0,0,0,0,0,0,4.2,0.02,0.0,4495.53,4495.53,0.0,11.14
2026-06-05T07:47:43.170+00:00,369820,7bf0e23b-e546-4171-8243-7b016fd37d6e,,10,FAULT,0x2080,SENSOR_RANGE|PUMP_CAVITATION,0,0,0,0,0,0,0.0,0.659,0.0,0.0,0.0,0.0,0.0,0.0,0.0,-1.78,112.5,1012.9,20.3,8.9,0.0,0.0,0.0,,0.0,0,0,0,0,0,4.2,0.02,0.0,4495.53,4495.53,0.0,-18.11
2026-06-05T07:47:43.343+00:00,369996,7bf0e23b-e546-4171-8243-7b016fd37d6e,,10,FAULT,0x2080,SENSOR_RANGE|PUMP_CAVITATION,0,0,0,0,0,0,0.0,0.855,0.0,0.0,0.0,0.0,0.0,0.0,0.0,0.0,112.5,1012.9,20.3,9.0,0.0,0.0,0.0,,0.0,0,0,0,0,0,4.2,0.02,0.0,4495.53,4495.53,0.0,10.11
2026-06-05T07:47:43.520+00:00,370171,7bf0e23b-e546-4171-8243-7b016fd37d6e,,10,FAULT,0x2080,SENSOR_RANGE|PUMP_CAVITATION,0,0,0,0,0,0,0.0,0.953,0.0,0.0,0.0,0.0,0.0,0.0,0.0,0.0,110.91,1013.0,20.3,9.0,0.0,0.0,0.0,,0.0,0,0,0,0,0,4.2,0.02,0.0,4495.53,4495.53,0.0,0.0
2026-06-05T07:47:43.695+00:00,370347,7bf0e23b-e546-4171-8243-7b016fd37d6e,,10,FAULT,0x2080,SENSOR_RANGE|PUMP_CAVITATION,0,0,0,0,0,0,0.0,0.073,0.0,0.0,0.0,0.0,0.0,0.0,0.0,-2.02,112.5,1012.9,20.3,8.9,0.0,0.0,0.0,,0.0,0,0,0,0,0,4.2,0.02,0.0,4495.53,4495.53,0.0,-11.48
2026-06-05T07:47:43.871+00:00,370522,7bf0e23b-e546-4171-8243-7b016fd37d6e,,10,FAULT,0x2080,SENSOR_RANGE|PUMP_CAVITATION,0,0,0,0,0,0,0.0,0.464,0.0,0.0,0.0,0.0,0.0,0.0,0.0,0.9,109.07,1012.9,20.3,9.0,0.0,0.0,0.0,,0.0,0,0,0,0,0,4.2,0.02,0.0,4495.53,4495.53,0.0,16.69
2026-06-05T07:47:44.047+00:00,370698,7bf0e23b-e546-4171-8243-7b016fd37d6e,,10,FAULT,0x2080,SENSOR_RANGE|PUMP_CAVITATION,0,0,0,0,0,0,0.0,0.073,0.0,0.0,0.0,0.0,0.0,0.0,0.0,0.9,112.5,1012.9,20.3,9.0,0.0,0.0,0.0,,0.0,0,0,0,0,0,4.2,0.02,0.0,4495.53,4495.53,0.0,0.0
2026-06-05T07:47:44.222+00:00,370873,7bf0e23b-e546-4171-8243-7b016fd37d6e,,10,FAULT,0x2080,SENSOR_RANGE|PUMP_CAVITATION,0,0,0,0,0,0,0.0,0.757,0.0,0.0,0.0,0.0,0.0,0.0,0.0,-0.56,112.25,1012.9,20.3,8.9,0.0,0.0,0.0,,0.0,0,0,0,0,0,4.2,0.02,0.0,4495.53,4495.53,0.0,-8.34
2026-06-05T07:47:44.398+00:00,371048,7bf0e23b-e546-4171-8243-7b016fd37d6e,,10,FAULT,0x2080,SENSOR_RANGE|PUMP_CAVITATION,0,0,0,0,0,0,0.0,1.295,0.0,0.0,0.0,0.0,0.0,0.0,0.0,0.9,112.5,1012.9,20.3,9.0,0.0,0.0,0.0,,0.0,0,0,0,0,0,4.2,0.02,0.0,4495.53,4495.53,0.0,8.34
2026-06-05T07:47:44.572+00:00,371223,7bf0e23b-e546-4171-8243-7b016fd37d6e,,10,FAULT,0x2080,SENSOR_RANGE|PUMP_CAVITATION,0,0,0,0,0,0,0.0,0.855,0.0,0.0,0.0,0.0,0.0,0.0,0.0,0.0,110.66,1012.9,20.3,9.0,0.0,0.0,0.0,,0.0,0,0,0,0,0,4.2,0.02,0.0,4495.53,4495.53,0.0,-5.14
2026-06-05T07:47:44.749+00:00,371399,7bf0e23b-e546-4171-8243-7b016fd37d6e,,10,FAULT,0x2080,SENSOR_RANGE|PUMP_CAVITATION,0,0,0,0,0,0,0.0,0.61,0.0,0.0,0.0,0.0,0.0,0.0,0.0,0.0,112.5,1013.0,20.3,9.0,0.0,0.0,0.0,,0.0,0,0,0,0,0,4.2,0.02,0.0,4495.53,4495.53,0.0,0.0
2026-06-05T07:47:44.923+00:00,371574,7bf0e23b-e546-4171-8243-7b016fd37d6e,,10,FAULT,0x2080,SENSOR_RANGE|PUMP_CAVITATION,0,0,0,0,0,0,0.0,0.0,0.0,0.0,0.0,0.0,0.0,0.0,0.0,-1.53,109.32,1012.9,20.3,9.0,0.0,0.0,0.0,,0.0,0,0,0,0,0,4.2,0.02,0.0,4495.53,4495.53,0.0,-8.74
2026-06-05T07:47:45.099+00:00,371749,7bf0e23b-e546-4171-8243-7b016fd37d6e,,10,FAULT,0x2080,SENSOR_RANGE|PUMP_CAVITATION,0,0,0,0,0,0,0.0,0.0,0.0,0.0,0.0,0.0,0.0,0.0,0.0,1.14,110.05,1012.9,20.3,9.0,0.0,0.0,0.0,,0.0,0,0,0,0,0,4.2,0.02,0.0,4495.53,4495.53,0.0,15.26
2026-06-05T07:47:45.275+00:00,371924,7bf0e23b-e546-4171-8243-7b016fd37d6e,,10,FAULT,0x2080,SENSOR_RANGE|PUMP_CAVITATION,0,0,0,0,0,0,0.0,0.0,0.0,0.0,0.0,0.0,0.0,0.0,0.0,0.65,107.97,1013.0,20.3,9.0,0.0,0.0,0.0,,0.0,0,0,0,0,0,4.2,0.02,0.0,4495.53,4495.53,0.0,-2.8
2026-06-05T07:47:45.449+00:00,372100,7bf0e23b-e546-4171-8243-7b016fd37d6e,,10,FAULT,0x2080,SENSOR_RANGE|PUMP_CAVITATION,0,0,0,0,0,0,0.0,0.953,0.0,0.0,0.0,0.0,0.0,0.0,0.0,-0.56,112.5,1012.9,20.3,9.0,0.0,0.0,0.0,,0.0,0,0,0,0,0,4.2,0.02,0.0,4495.53,4495.53,0.0,-6.88
2026-06-05T07:47:45.625+00:00,372275,7bf0e23b-e546-4171-8243-7b016fd37d6e,,10,FAULT,0x2080,SENSOR_RANGE|PUMP_CAVITATION,0,0,0,0,0,0,0.0,0.953,0.0,0.0,0.0,0.0,0.0,0.0,0.0,0.41,112.5,1012.9,20.3,9.0,0.0,0.0,0.0,,0.0,0,0,0,0,0,4.2,0.02,0.0,4495.53,4495.53,0.0,5.54
2026-06-05T07:47:45.800+00:00,372451,7bf0e23b-e546-4171-8243-7b016fd37d6e,,10,FAULT,0x2080,SENSOR_RANGE|PUMP_CAVITATION,0,0,0,0,0,0,0.0,0.0,0.0,0.0,0.0,0.0,0.0,0.0,0.0,1.88,108.71,1012.9,20.3,9.0,0.0,0.0,0.0,,0.0,0,0,0,0,0,4.2,0.02,0.0,4495.53,4495.53,0.0,8.35
2026-06-05T07:47:45.978+00:00,372626,7bf0e23b-e546-4171-8243-7b016fd37d6e,,10,FAULT,0x2080,SENSOR_RANGE|PUMP_CAVITATION,0,0,0,0,0,0,0.0,1.344,0.0,0.0,0.0,0.0,0.0,0.0,0.0,0.41,112.5,1012.9,20.3,8.9,0.0,0.0,0.0,,0.0,0,0,0,0,0,4.2,0.02,0.0,4495.53,4495.53,0.0,-8.4
2026-06-05T07:47:46.152+00:00,372801,7bf0e23b-e546-4171-8243-7b016fd37d6e,,10,FAULT,0x2080,SENSOR_RANGE|PUMP_CAVITATION,0,0,0,0,0,0,0.0,0.317,0.0,0.0,0.0,0.0,0.0,0.0,0.0,-2.27,112.01,1012.9,20.3,9.0,0.0,0.0,0.0,,0.0,0,0,0,0,0,4.2,0.02,0.0,4495.53,4495.53,0.0,-15.31
2026-06-05T07:47:46.328+00:00,372977,7bf0e23b-e546-4171-8243-7b016fd37d6e,,10,FAULT,0x2080,SENSOR_RANGE|PUMP_CAVITATION,0,0,0,0,0,0,0.0,0.562,0.0,0.0,0.0,0.0,0.0,0.0,0.0,-1.78,112.5,1012.9,20.3,8.9,0.0,0.0,0.0,,0.0,0,0,0,0,0,4.2,0.02,0.0,4495.53,4495.53,0.0,2.78
2026-06-05T07:47:46.504+00:00,373152,7bf0e23b-e546-4171-8243-7b016fd37d6e,,10,FAULT,0x2080,SENSOR_RANGE|PUMP_CAVITATION,0,0,0,0,0,0,0.0,0.953,0.0,0.0,0.0,0.0,0.0,0.0,0.0,1.14,110.78,1013.0,20.3,9.0,0.0,0.0,0.0,,0.0,0,0,0,0,0,4.2,0.02,0.0,4495.53,4495.53,0.0,16.69
2026-06-05T07:47:46.680+00:00,373327,7bf0e23b-e546-4171-8243-7b016fd37d6e,,10,FAULT,0x2080,SENSOR_RANGE|PUMP_CAVITATION,0,0,0,0,0,0,0.0,0.806,0.0,0.0,0.0,0.0,0.0,0.0,0.0,0.65,112.5,1012.9,20.3,9.0,0.0,0.0,0.0,,0.0,0,0,0,0,0,4.2,0.02,0.0,4495.53,4495.53,0.0,-2.8
2026-06-05T07:47:46.853+00:00,373504,7bf0e23b-e546-4171-8243-7b016fd37d6e,,10,FAULT,0x2080,SENSOR_RANGE|PUMP_CAVITATION,0,0,0,0,0,0,0.0,0.953,0.0,0.0,0.0,0.0,0.0,0.0,0.0,1.39,111.64,1012.9,20.3,9.0,0.0,0.0,0.0,,0.0,0,0,0,0,0,4.2,0.02,0.0,4495.53,4495.53,0.0,4.18
2026-06-05T07:47:47.029+00:00,373679,7bf0e23b-e546-4171-8243-7b016fd37d6e,,10,FAULT,0x2080,SENSOR_RANGE|PUMP_CAVITATION,0,0,0,0,0,0,0.0,0.659,0.0,0.0,0.0,0.0,0.0,0.0,0.0,1.39,112.5,1012.9,20.3,8.9,0.0,0.0,0.0,,0.0,0,0,0,0,0,4.2,0.02,0.0,4495.53,4495.53,0.0,0.0
2026-06-05T07:47:47.206+00:00,373854,7bf0e23b-e546-4171-8243-7b016fd37d6e,,10,FAULT,0x2080,SENSOR_RANGE|PUMP_CAVITATION,0,0,0,0,0,0,0.0,0.219,0.0,0.0,0.0,0.0,0.0,0.0,0.0,-0.31,111.15,1012.9,20.3,8.9,0.0,0.0,0.0,,0.0,0,0,0,0,0,4.2,0.02,0.0,4495.53,4495.53,0.0,-9.71
2026-06-05T07:47:47.381+00:00,374030,7bf0e23b-e546-4171-8243-7b016fd37d6e,,10,FAULT,0x2080,SENSOR_RANGE|PUMP_CAVITATION,0,0,0,0,0,0,0.0,0.855,0.0,0.0,0.0,0.0,0.0,0.0,0.0,-0.56,112.5,1012.9,20.3,9.0,0.0,0.0,0.0,,0.0,0,0,0,0,0,4.2,0.02,0.0,4495.53,4495.53,0.0,-1.42
2026-06-05T07:47:47.557+00:00,374205,7bf0e23b-e546-4171-8243-7b016fd37d6e,,10,FAULT,0x2080,SENSOR_RANGE|PUMP_CAVITATION,0,0,0,0,0,0,0.0,0.708,0.0,0.0,0.0,0.0,0.0,0.0,0.0,-0.56,112.5,1013.0,20.3,9.0,0.0,0.0,0.0,,0.0,0,0,0,0,0,4.2,0.02,0.0,4495.53,4495.53,0.0,0.0
2026-06-05T07:47:47.733+00:00,374380,7bf0e23b-e546-4171-8243-7b016fd37d6e,,10,FAULT,0x2080,SENSOR_RANGE|PUMP_CAVITATION,0,0,0,0,0,0,0.0,0.0,0.0,0.0,0.0,0.0,0.0,0.0,0.0,-0.56,112.5,1012.9,20.3,9.0,0.0,0.0,0.0,,0.0,0,0,0,0,0,4.2,0.02,0.0,4495.53,4495.53,0.0,0.0
2026-06-05T07:47:47.909+00:00,374555,7bf0e23b-e546-4171-8243-7b016fd37d6e,,10,FAULT,0x2080,SENSOR_RANGE|PUMP_CAVITATION,0,0,0,0,0,0,0.0,0.0,0.0,0.0,0.0,0.0,0.0,0.0,0.0,-1.29,112.13,1013.0,20.3,9.0,0.0,0.0,0.0,,0.0,0,0,0,0,0,4.2,0.02,0.0,4495.53,4495.53,0.0,-4.17
2026-06-05T07:47:48.082+00:00,374731,7bf0e23b-e546-4171-8243-7b016fd37d6e,,10,FAULT,0x2080,SENSOR_RANGE|PUMP_CAVITATION,0,0,0,0,0,0,0.0,0.415,0.0,0.0,0.0,0.0,0.0,0.0,0.0,0.0,112.13,1012.9,20.3,9.0,0.0,0.0,0.0,,0.0,0,0,0,0,0,4.2,0.02,0.0,4495.53,4495.53,0.0,7.33
2026-06-05T07:47:48.258+00:00,374906,7bf0e23b-e546-4171-8243-7b016fd37d6e,,10,FAULT,0x2080,SENSOR_RANGE|PUMP_CAVITATION,0,0,0,0,0,0,0.0,0.0,0.0,0.0,0.0,0.0,0.0,0.0,0.0,-2.02,112.5,1012.9,20.3,8.9,0.0,0.0,0.0,,0.0,0,0,0,0,0,4.2,0.02,0.0,4495.53,4495.53,0.0,-11.54
2026-06-05T07:47:48.434+00:00,375081,7bf0e23b-e546-4171-8243-7b016fd37d6e,,10,FAULT,0x2080,SENSOR_RANGE|PUMP_CAVITATION,0,0,0,0,0,0,0.0,0.366,0.0,0.0,0.0,0.0,0.0,0.0,0.0,-1.29,110.3,1012.9,20.3,8.9,0.0,0.0,0.0,,0.0,0,0,0,0,0,4.2,0.02,0.0,4495.53,4495.53,0.0,4.17
2026-06-05T07:47:48.610+00:00,375257,7bf0e23b-e546-4171-8243-7b016fd37d6e,,10,FAULT,0x2080,SENSOR_RANGE|PUMP_CAVITATION,0,0,0,0,0,0,0.0,0.904,0.0,0.0,0.0,0.0,0.0,0.0,0.0,0.0,112.5,1012.9,20.3,9.0,0.0,0.0,0.0,,0.0,0,0,0,0,0,4.2,0.02,0.0,4495.53,4495.53,0.0,7.33
2026-06-05T07:47:48.786+00:00,375433,7bf0e23b-e546-4171-8243-7b016fd37d6e,,10,FAULT,0x2080,SENSOR_RANGE|PUMP_CAVITATION,0,0,0,0,0,0,0.0,0.806,0.0,0.0,0.0,0.0,0.0,0.0,0.0,-0.31,110.3,1012.9,20.3,8.9,0.0,0.0,0.0,,0.0,0,0,0,0,0,4.2,0.02,0.0,4495.53,4495.53,0.0,-1.76
2026-06-05T07:47:48.962+00:00,375608,7bf0e23b-e546-4171-8243-7b016fd37d6e,,10,FAULT,0x2080,SENSOR_RANGE|PUMP_CAVITATION,0,0,0,0,0,0,0.0,0.171,0.0,0.0,0.0,0.0,0.0,0.0,0.0,2.12,112.5,1012.9,20.3,8.9,0.0,0.0,0.0,,0.0,0,0,0,0,0,4.2,0.02,0.0,4495.53,4495.53,0.0,13.89
2026-06-05T07:47:49.137+00:00,375783,7bf0e23b-e546-4171-8243-7b016fd37d6e,,10,FAULT,0x2080,SENSOR_RANGE|PUMP_CAVITATION,0,0,0,0,0,0,0.0,0.268,0.0,0.0,0.0,0.0,0.0,0.0,0.0,0.65,107.24,1012.9,20.3,9.0,0.0,0.0,0.0,,0.0,0,0,0,0,0,4.2,0.02,0.0,4495.53,4495.53,0.0,-8.4
2026-06-05T07:47:49.311+00:00,375958,7bf0e23b-e546-4171-8243-7b016fd37d6e,,10,FAULT,0x2080,SENSOR_RANGE|PUMP_CAVITATION,0,0,0,0,0,0,0.0,0.0,0.0,0.0,0.0,0.0,0.0,0.0,0.0,-0.8,112.5,1012.9,20.3,9.0,0.0,0.0,0.0,,0.0,0,0,0,0,0,4.2,0.02,0.0,4495.53,4495.53,0.0,-8.29
2026-06-05T07:47:49.487+00:00,376134,7bf0e23b-e546-4171-8243-7b016fd37d6e,,10,FAULT,0x2080,SENSOR_RANGE|PUMP_CAVITATION,0,0,0,0,0,0,0.0,0.0,0.0,0.0,0.0,0.0,0.0,0.0,0.0,0.41,107.0,1012.9,20.3,9.0,0.0,0.0,0.0,,0.0,0,0,0,0,0,4.2,0.02,0.0,4495.53,4495.53,0.0,6.88
2026-06-05T07:47:49.663+00:00,376308,7bf0e23b-e546-4171-8243-7b016fd37d6e,,10,FAULT,0x2080,SENSOR_RANGE|PUMP_CAVITATION,0,0,0,0,0,0,0.0,0.122,0.0,0.0,0.0,0.0,0.0,0.0,0.0,1.14,112.5,1012.9,20.3,9.0,0.0,0.0,0.0,,0.0,0,0,0,0,0,4.2,0.02,0.0,4495.53,4495.53,0.0,4.2
2026-06-05T07:47:49.838+00:00,376484,7bf0e23b-e546-4171-8243-7b016fd37d6e,,10,FAULT,0x2080,SENSOR_RANGE|PUMP_CAVITATION,0,0,0,0,0,0,0.0,0.073,0.0,0.0,0.0,0.0,0.0,0.0,0.0,-0.31,111.03,1012.9,20.3,9.0,0.0,0.0,0.0,,0.0,0,0,0,0,0,4.2,0.02,0.0,4495.53,4495.53,0.0,-8.24
2026-06-05T07:47:50.014+00:00,376659,7bf0e23b-e546-4171-8243-7b016fd37d6e,,10,FAULT,0x2080,SENSOR_RANGE|PUMP_CAVITATION,0,0,0,0,0,0,0.0,0.757,0.0,0.0,0.0,0.0,0.0,0.0,0.0,-0.56,112.5,1012.9,20.3,9.0,0.0,0.0,0.0,,0.0,0,0,0,0,0,4.2,0.02,0.0,4495.53,4495.53,0.0,-1.43
2026-06-05T07:47:50.191+00:00,376835,7bf0e23b-e546-4171-8243-7b016fd37d6e,,10,FAULT,0x2080,SENSOR_RANGE|PUMP_CAVITATION,0,0,0,0,0,0,0.0,1.001,0.0,0.0,0.0,0.0,0.0,0.0,0.0,-1.29,112.5,1012.9,20.3,9.0,0.0,0.0,0.0,,0.0,0,0,0,0,0,4.2,0.02,0.0,4495.53,4495.53,0.0,-4.15
2026-06-05T07:47:50.364+00:00,377011,7bf0e23b-e546-4171-8243-7b016fd37d6e,,10,FAULT,0x2080,SENSOR_RANGE|PUMP_CAVITATION,0,0,0,0,0,0,0.0,0.953,0.0,0.0,0.0,0.0,0.0,0.0,0.0,0.0,108.71,1013.0,20.3,9.0,0.0,0.0,0.0,,0.0,0,0,0,0,0,4.2,0.02,0.0,4495.53,4495.53,0.0,7.33
2026-06-05T07:47:50.540+00:00,377186,7bf0e23b-e546-4171-8243-7b016fd37d6e,,10,FAULT,0x2080,SENSOR_RANGE|PUMP_CAVITATION,0,0,0,0,0,0,0.0,0.0,0.0,0.0,0.0,0.0,0.0,0.0,0.0,1.14,109.07,1012.9,20.3,9.0,0.0,0.0,0.0,,0.0,0,0,0,0,0,4.2,0.02,0.0,4495.53,4495.53,0.0,6.51
2026-06-05T07:47:50.715+00:00,377361,7bf0e23b-e546-4171-8243-7b016fd37d6e,,10,FAULT,0x2080,SENSOR_RANGE|PUMP_CAVITATION,0,0,0,0,0,0,0.0,0.0,0.0,0.0,0.0,0.0,0.0,0.0,0.0,2.37,107.49,1013.0,20.3,9.0,0.0,0.0,0.0,,0.0,0,0,0,0,0,4.2,0.02,0.0,4495.53,4495.53,0.0,7.03
2026-06-05T07:47:50.892+00:00,377537,7bf0e23b-e546-4171-8243-7b016fd37d6e,,10,FAULT,0x2080,SENSOR_RANGE|PUMP_CAVITATION,0,0,0,0,0,0,0.0,0.268,0.0,0.0,0.0,0.0,0.0,0.0,0.0,-0.56,112.5,1012.9,20.3,8.9,0.0,0.0,0.0,,0.0,0,0,0,0,0,4.2,0.02,0.0,4495.53,4495.53,0.0,-16.65
2026-06-05T07:47:51.067+00:00,377712,7bf0e23b-e546-4171-8243-7b016fd37d6e,,10,FAULT,0x2080,SENSOR_RANGE|PUMP_CAVITATION,0,0,0,0,0,0,0.0,0.562,0.0,0.0,0.0,0.0,0.0,0.0,0.0,-1.05,112.5,1012.9,20.3,9.0,0.0,0.0,0.0,,0.0,0,0,0,0,0,4.2,0.02,0.0,4495.53,4495.53,0.0,-2.8
2026-06-05T07:47:51.243+00:00,377887,7bf0e23b-e546-4171-8243-7b016fd37d6e,,10,FAULT,0x2080,SENSOR_RANGE|PUMP_CAVITATION,0,0,0,0,0,0,0.0,0.0,0.0,0.0,0.0,0.0,0.0,0.0,0.0,1.88,112.13,1012.9,20.3,8.9,0.0,0.0,0.0,,0.0,0,0,0,0,0,4.2,0.02,0.0,4495.53,4495.53,0.0,16.74
2026-06-05T07:47:51.419+00:00,378062,7bf0e23b-e546-4171-8243-7b016fd37d6e,,10,FAULT,0x2080,SENSOR_RANGE|PUMP_CAVITATION,0,0,0,0,0,0,0.0,0.317,0.0,0.0,0.0,0.0,0.0,0.0,0.0,-1.05,109.32,1012.9,20.3,8.9,0.0,0.0,0.0,,0.0,0,0,0,0,0,4.2,0.02,0.0,4495.53,4495.53,0.0,-16.74
2026-06-05T07:47:51.593+00:00,378238,7bf0e23b-e546-4171-8243-7b016fd37d6e,,10,FAULT,0x2080,SENSOR_RANGE|PUMP_CAVITATION,0,0,0,0,0,0,0.0,0.61,0.0,0.0,0.0,0.0,0.0,0.0,0.0,-0.56,112.5,1012.9,20.3,9.0,0.0,0.0,0.0,,0.0,0,0,0,0,0,4.2,0.02,0.0,4495.53,4495.53,0.0,2.78
2026-06-05T07:47:51.768+00:00,378414,7bf0e23b-e546-4171-8243-7b016fd37d6e,,10,FAULT,0x2080,SENSOR_RANGE|PUMP_CAVITATION,0,0,0,0,0,0,0.0,0.0,0.0,0.0,0.0,0.0,0.0,0.0,0.0,-0.56,105.29,1012.9,20.3,8.9,0.0,0.0,0.0,,0.0,0,0,0,0,0,4.2,0.02,0.0,4495.53,4495.53,0.0,0.0
2026-06-05T07:47:51.944+00:00,378589,7bf0e23b-e546-4171-8243-7b016fd37d6e,,10,FAULT,0x2080,SENSOR_RANGE|PUMP_CAVITATION,0,0,0,0,0,0,0.0,0.0,0.0,0.0,0.0,0.0,0.0,0.0,0.0,-2.27,112.5,1012.9,20.3,8.9,0.0,0.0,0.0,,0.0,0,0,0,0,0,4.2,0.02,0.0,4495.53,4495.53,0.0,-9.77
2026-06-05T07:47:52.120+00:00,378764,7bf0e23b-e546-4171-8243-7b016fd37d6e,,10,FAULT,0x2080,SENSOR_RANGE|PUMP_CAVITATION,0,0,0,0,0,0,0.0,0.806,0.0,0.0,0.0,0.0,0.0,0.0,0.0,-1.05,112.5,1012.9,20.3,8.9,0.0,0.0,0.0,,0.0,0,0,0,0,0,4.2,0.02,0.0,4495.53,4495.53,0.0,6.97
2026-06-05T07:47:52.296+00:00,378940,7bf0e23b-e546-4171-8243-7b016fd37d6e,,10,FAULT,0x2080,SENSOR_RANGE|PUMP_CAVITATION,0,0,0,0,0,0,0.0,0.708,0.0,0.0,0.0,0.0,0.0,0.0,0.0,0.41,111.64,1012.9,20.3,9.0,0.0,0.0,0.0,,0.0,0,0,0,0,0,4.2,0.02,0.0,4495.53,4495.53,0.0,8.3
2026-06-05T07:47:52.472+00:00,379115,7bf0e23b-e546-4171-8243-7b016fd37d6e,,10,FAULT,0x2080,SENSOR_RANGE|PUMP_CAVITATION,0,0,0,0,0,0,0.0,1.441,0.0,0.0,0.0,0.0,0.0,0.0,0.0,0.41,106.63,1012.9,20.3,8.9,0.0,0.0,0.0,,0.0,0,0,0,0,0,4.2,0.02,0.0,4495.53,4495.53,0.0,0.0
2026-06-05T07:47:52.648+00:00,379290,7bf0e23b-e546-4171-8243-7b016fd37d6e,,10,FAULT,0x2080,SENSOR_RANGE|PUMP_CAVITATION,0,0,0,0,0,0,0.0,0.0,0.0,0.0,0.0,0.0,0.0,0.0,0.0,0.41,110.17,1012.9,20.3,9.0,0.0,0.0,0.0,,0.0,0,0,0,0,0,4.2,0.02,0.0,4495.53,4495.53,0.0,0.0
2026-06-05T07:47:52.823+00:00,379466,7bf0e23b-e546-4171-8243-7b016fd37d6e,,10,FAULT,0x2080,SENSOR_RANGE|PUMP_CAVITATION,0,0,0,0,0,0,0.0,0.268,0.0,0.0,0.0,0.0,0.0,0.0,0.0,-1.78,111.4,1013.0,20.3,9.0,0.0,0.0,0.0,,0.0,0,0,0,0,0,4.2,0.02,0.0,4495.53,4495.53,0.0,-12.44
2026-06-05T07:47:52.997+00:00,379641,7bf0e23b-e546-4171-8243-7b016fd37d6e,,10,FAULT,0x2080,SENSOR_RANGE|PUMP_CAVITATION,0,0,0,0,0,0,0.0,1.246,0.0,0.0,0.0,0.0,0.0,0.0,0.0,0.0,112.5,1012.9,20.3,9.0,0.0,0.0,0.0,,0.0,0,0,0,0,0,4.2,0.02,0.0,4495.53,4495.53,0.0,10.17
2026-06-05T07:47:53.173+00:00,379816,7bf0e23b-e546-4171-8243-7b016fd37d6e,,10,FAULT,0x2080,SENSOR_RANGE|PUMP_CAVITATION,0,0,0,0,0,0,0.0,1.295,0.0,0.0,0.0,0.0,0.0,0.0,0.0,0.41,109.56,1012.9,20.3,9.0,0.0,0.0,0.0,,0.0,0,0,0,0,0,4.2,0.02,0.0,4495.53,4495.53,0.0,2.34
2026-06-05T07:47:53.349+00:00,379992,7bf0e23b-e546-4171-8243-7b016fd37d6e,,10,FAULT,0x2080,SENSOR_RANGE|PUMP_CAVITATION,0,0,0,0,0,0,0.0,0.0,0.0,0.0,0.0,0.0,0.0,0.0,0.0,0.41,108.34,1012.9,20.3,9.0,0.0,0.0,0.0,,0.0,0,0,0,0,0,4.2,0.02,0.0,4495.53,4495.53,0.0,0.0
2026-06-05T07:47:53.524+00:00,380167,7bf0e23b-e546-4171-8243-7b016fd37d6e,,10,FAULT,0x2080,SENSOR_RANGE|PUMP_CAVITATION,0,0,0,0,0,0,0.0,0.0,0.0,0.0,0.0,0.0,0.0,0.0,0.0,0.9,111.27,1012.9,20.3,9.0,0.0,0.0,0.0,,0.0,0,0,0,0,0,4.2,0.02,0.0,4495.53,4495.53,0.0,2.8
2026-06-05T07:47:53.700+00:00,380342,7bf0e23b-e546-4171-8243-7b016fd37d6e,,10,FAULT,0x2080,SENSOR_RANGE|PUMP_CAVITATION,0,0,0,0,0,0,0.0,0.0,0.0,0.0,0.0,0.0,0.0,0.0,0.0,-0.8,107.85,1012.9,20.3,9.0,0.0,0.0,0.0,,0.0,0,0,0,0,0,4.2,0.02,0.0,4495.53,4495.53,0.0,-9.71
2026-06-05T07:47:53.876+00:00,380518,7bf0e23b-e546-4171-8243-7b016fd37d6e,,10,FAULT,0x2080,SENSOR_RANGE|PUMP_CAVITATION,0,0,0,0,0,0,0.0,0.904,0.0,0.0,0.0,0.0,0.0,0.0,0.0,0.41,112.5,1012.9,20.3,9.0,0.0,0.0,0.0,,0.0,0,0,0,0,0,4.2,0.02,0.0,4495.53,4495.53,0.0,6.88
2026-06-05T07:47:54.050+00:00,380693,7bf0e23b-e546-4171-8243-7b016fd37d6e,,10,FAULT,0x2080,SENSOR_RANGE|PUMP_CAVITATION,0,0,0,0,0,0,0.0,1.148,0.0,0.0,0.0,0.0,0.0,0.0,0.0,-0.8,112.5,1012.9,20.3,9.0,0.0,0.0,0.0,,0.0,0,0,0,0,0,4.2,0.02,0.0,4495.53,4495.53,0.0,-6.91
2026-06-05T07:47:54.226+00:00,380868,7bf0e23b-e546-4171-8243-7b016fd37d6e,,10,FAULT,0x2080,SENSOR_RANGE|PUMP_CAVITATION,0,0,0,0,0,0,0.0,0.219,0.0,0.0,0.0,0.0,0.0,0.0,0.0,0.65,112.5,1012.9,20.3,9.0,0.0,0.0,0.0,,0.0,0,0,0,0,0,4.2,0.02,0.0,4495.53,4495.53,0.0,8.29
2026-06-05T07:47:54.402+00:00,381044,7bf0e23b-e546-4171-8243-7b016fd37d6e,,10,FAULT,0x2080,SENSOR_RANGE|PUMP_CAVITATION,0,0,0,0,0,0,0.0,0.219,0.0,0.0,0.0,0.0,0.0,0.0,0.0,0.41,107.0,1012.9,20.3,9.0,0.0,0.0,0.0,,0.0,0,0,0,0,0,4.2,0.02,0.0,4495.53,4495.53,0.0,-1.36
2026-06-05T07:47:54.578+00:00,381219,7bf0e23b-e546-4171-8243-7b016fd37d6e,,10,FAULT,0x2080,SENSOR_RANGE|PUMP_CAVITATION,0,0,0,0,0,0,0.0,0.219,0.0,0.0,0.0,0.0,0.0,0.0,0.0,-1.29,112.5,1012.9,20.3,9.0,0.0,0.0,0.0,,0.0,0,0,0,0,0,4.2,0.02,0.0,4495.53,4495.53,0.0,-9.71
2026-06-05T07:47:54.753+00:00,381394,7bf0e23b-e546-4171-8243-7b016fd37d6e,,10,FAULT,0x2080,SENSOR_RANGE|PUMP_CAVITATION,0,0,0,0,0,0,0.0,0.464,0.0,0.0,0.0,0.0,0.0,0.0,0.0,-1.53,111.27,1012.9,20.3,9.0,0.0,0.0,0.0,,0.0,0,0,0,0,0,4.2,0.02,0.0,4495.53,4495.53,0.0,-1.37
2026-06-05T07:47:54.929+00:00,381571,7bf0e23b-e546-4171-8243-7b016fd37d6e,,10,FAULT,0x2080,SENSOR_RANGE|PUMP_CAVITATION,0,0,0,0,0,0,0.0,0.0,0.0,0.0,0.0,0.0,0.0,0.0,0.0,1.63,112.5,1012.9,20.3,9.0,0.0,0.0,0.0,,0.0,0,0,0,0,0,4.2,0.02,0.0,4495.53,4495.53,0.0,17.85
2026-06-05T07:47:55.105+00:00,381746,7bf0e23b-e546-4171-8243-7b016fd37d6e,,10,FAULT,0x2080,SENSOR_RANGE|PUMP_CAVITATION,0,0,0,0,0,0,0.0,0.0,0.0,0.0,0.0,0.0,0.0,0.0,0.0,1.14,107.97,1012.9,20.3,9.0,0.0,0.0,0.0,,0.0,0,0,0,0,0,4.2,0.02,0.0,4495.53,4495.53,0.0,-2.8
2026-06-05T07:47:55.278+00:00,381921,7bf0e23b-e546-4171-8243-7b016fd37d6e,,10,FAULT,0x2080,SENSOR_RANGE|PUMP_CAVITATION,0,0,0,0,0,0,0.0,0.0,0.0,0.0,0.0,0.0,0.0,0.0,0.0,-1.53,112.13,1012.9,20.3,9.0,0.0,0.0,0.0,,0.0,0,0,0,0,0,4.2,0.02,0.0,4495.53,4495.53,0.0,-15.26
2026-06-05T07:47:55.454+00:00,382096,7bf0e23b-e546-4171-8243-7b016fd37d6e,,10,FAULT,0x2080,SENSOR_RANGE|PUMP_CAVITATION,0,0,0,0,0,0,0.0,0.122,0.0,0.0,0.0,0.0,0.0,0.0,0.0,-2.27,111.15,1013.0,20.3,9.0,0.0,0.0,0.0,,0.0,0,0,0,0,0,4.2,0.02,0.0,4495.53,4495.53,0.0,-4.23
2026-06-05T07:47:55.630+00:00,382272,7bf0e23b-e546-4171-8243-7b016fd37d6e,,10,FAULT,0x2080,SENSOR_RANGE|PUMP_CAVITATION,0,0,0,0,0,0,0.0,0.757,0.0,0.0,0.0,0.0,0.0,0.0,0.0,0.41,112.5,1012.9,20.3,9.0,0.0,0.0,0.0,,0.0,0,0,0,0,0,4.2,0.02,0.0,4495.53,4495.53,0.0,15.23
2026-06-05T07:47:55.807+00:00,382447,7bf0e23b-e546-4171-8243-7b016fd37d6e,,10,FAULT,0x2080,SENSOR_RANGE|PUMP_CAVITATION,0,0,0,0,0,0,0.0,0.0,0.0,0.0,0.0,0.0,0.0,0.0,0.0,-1.53,111.76,1013.0,20.3,9.0,0.0,0.0,0.0,,0.0,0,0,0,0,0,4.2,0.02,0.0,4495.53,4495.53,0.0,-11.09
2026-06-05T07:47:55.982+00:00,382622,7bf0e23b-e546-4171-8243-7b016fd37d6e,,10,FAULT,0x2080,SENSOR_RANGE|PUMP_CAVITATION,0,0,0,0,0,0,0.0,0.659,0.0,0.0,0.0,0.0,0.0,0.0,0.0,0.0,112.5,1013.0,20.3,9.0,0.0,0.0,0.0,,0.0,0,0,0,0,0,4.2,0.02,0.0,4495.53,4495.53,0.0,8.74
2026-06-05T07:47:56.158+00:00,382797,7bf0e23b-e546-4171-8243-7b016fd37d6e,,10,FAULT,0x2080,SENSOR_RANGE|PUMP_CAVITATION,0,0,0,0,0,0,0.0,0.855,0.0,0.0,0.0,0.0,0.0,0.0,0.0,-0.31,112.5,1012.9,20.3,9.0,0.0,0.0,0.0,,0.0,0,0,0,0,0,4.2,0.02,0.0,4495.53,4495.53,0.0,-1.77
2026-06-05T07:47:56.332+00:00,382973,7bf0e23b-e546-4171-8243-7b016fd37d6e,,10,FAULT,0x2080,SENSOR_RANGE|PUMP_CAVITATION,0,0,0,0,0,0,0.0,0.0,0.0,0.0,0.0,0.0,0.0,0.0,0.0,0.65,107.49,1012.9,20.3,9.0,0.0,0.0,0.0,,0.0,0,0,0,0,0,4.2,0.02,0.0,4495.53,4495.53,0.0,5.45
2026-06-05T07:47:56.507+00:00,383149,7bf0e23b-e546-4171-8243-7b016fd37d6e,,10,FAULT,0x2080,SENSOR_RANGE|PUMP_CAVITATION,0,0,0,0,0,0,0.0,0.0,0.0,0.0,0.0,0.0,0.0,0.0,0.0,-0.56,112.5,1013.0,20.3,9.0,0.0,0.0,0.0,,0.0,0,0,0,0,0,4.2,0.02,0.0,4495.53,4495.53,0.0,-6.88
2026-06-05T07:47:56.683+00:00,383324,7bf0e23b-e546-4171-8243-7b016fd37d6e,,10,FAULT,0x2080,SENSOR_RANGE|PUMP_CAVITATION,0,0,0,0,0,0,0.0,0.122,0.0,0.0,0.0,0.0,0.0,0.0,0.0,-0.31,109.81,1012.9,20.3,9.0,0.0,0.0,0.0,,0.0,0,0,0,0,0,4.2,0.02,0.0,4495.53,4495.53,0.0,1.43
2026-06-05T07:47:56.859+00:00,383499,7bf0e23b-e546-4171-8243-7b016fd37d6e,,10,FAULT,0x2080,SENSOR_RANGE|PUMP_CAVITATION,0,0,0,0,0,0,0.0,0.268,0.0,0.0,0.0,0.0,0.0,0.0,0.0,1.63,112.5,1012.9,20.3,9.0,0.0,0.0,0.0,,0.0,0,0,0,0,0,4.2,0.02,0.0,4495.53,4495.53,0.0,11.09
2026-06-05T07:47:57.035+00:00,383674,7bf0e23b-e546-4171-8243-7b016fd37d6e,,10,FAULT,0x2080,SENSOR_RANGE|PUMP_CAVITATION,0,0,0,0,0,0,0.0,0.219,0.0,0.0,0.0,0.0,0.0,0.0,0.0,1.39,107.24,1013.0,20.3,9.0,0.0,0.0,0.0,,0.0,0,0,0,0,0,4.2,0.02,0.0,4495.53,4495.53,0.0,-1.37
2026-06-05T07:47:57.210+00:00,383850,7bf0e23b-e546-4171-8243-7b016fd37d6e,,10,FAULT,0x2080,SENSOR_RANGE|PUMP_CAVITATION,0,0,0,0,0,0,0.0,0.562,0.0,0.0,0.0,0.0,0.0,0.0,0.0,0.41,112.5,1013.0,20.3,9.0,0.0,0.0,0.0,,0.0,0,0,0,0,0,4.2,0.02,0.0,4495.53,4495.53,0.0,-5.57
2026-06-05T07:47:57.386+00:00,384025,7bf0e23b-e546-4171-8243-7b016fd37d6e,,10,FAULT,0x2080,SENSOR_RANGE|PUMP_CAVITATION,0,0,0,0,0,0,0.0,0.855,0.0,0.0,0.0,0.0,0.0,0.0,0.0,-0.56,111.15,1012.9,20.3,9.0,0.0,0.0,0.0,,0.0,0,0,0,0,0,4.2,0.02,0.0,4495.53,4495.53,0.0,-5.54
2026-06-05T07:47:57.560+00:00,384200,7bf0e23b-e546-4171-8243-7b016fd37d6e,,10,FAULT,0x2080,SENSOR_RANGE|PUMP_CAVITATION,0,0,0,0,0,0,0.0,0.0,0.0,0.0,0.0,0.0,0.0,0.0,0.0,0.41,112.5,1012.9,20.3,9.0,0.0,0.0,0.0,,0.0,0,0,0,0,0,4.2,0.02,0.0,4495.53,4495.53,0.0,5.54
2026-06-05T07:47:57.736+00:00,384375,7bf0e23b-e546-4171-8243-7b016fd37d6e,,10,FAULT,0x2080,SENSOR_RANGE|PUMP_CAVITATION,0,0,0,0,0,0,0.0,0.0,0.0,0.0,0.0,0.0,0.0,0.0,0.0,0.0,107.24,1012.9,20.3,8.9,0.0,0.0,0.0,,0.0,0,0,0,0,0,4.2,0.02,0.0,4495.53,4495.53,0.0,-2.34
2026-06-05T07:47:57.912+00:00,384550,7bf0e23b-e546-4171-8243-7b016fd37d6e,,10,FAULT,0x2080,SENSOR_RANGE|PUMP_CAVITATION,0,0,0,0,0,0,0.0,0.268,0.0,0.0,0.0,0.0,0.0,0.0,0.0,-0.31,112.5,1012.9,20.3,9.0,0.0,0.0,0.0,,0.0,0,0,0,0,0,4.2,0.02,0.0,4495.53,4495.53,0.0,-1.77
2026-06-05T07:47:58.087+00:00,384727,7bf0e23b-e546-4171-8243-7b016fd37d6e,,10,FAULT,0x2080,SENSOR_RANGE|PUMP_CAVITATION,0,0,0,0,0,0,0.0,0.415,0.0,0.0,0.0,0.0,0.0,0.0,0.0,-1.29,112.13,1013.0,20.3,9.0,0.0,0.0,0.0,,0.0,0,0,0,0,0,4.2,0.02,0.0,4495.53,4495.53,0.0,-5.54
2026-06-05T07:47:58.263+00:00,384902,7bf0e23b-e546-4171-8243-7b016fd37d6e,,10,FAULT,0x2080,SENSOR_RANGE|PUMP_CAVITATION,0,0,0,0,0,0,0.0,0.659,0.0,0.0,0.0,0.0,0.0,0.0,0.0,0.65,111.03,1013.0,20.3,9.0,0.0,0.0,0.0,,0.0,0,0,0,0,0,4.2,0.02,0.0,4495.53,4495.53,0.0,11.09
2026-06-05T07:47:58.439+00:00,385077,7bf0e23b-e546-4171-8243-7b016fd37d6e,,10,FAULT,0x2080,SENSOR_RANGE|PUMP_CAVITATION,0,0,0,0,0,0,0.0,0.0,0.0,0.0,0.0,0.0,0.0,0.0,0.0,-1.53,108.95,1012.9,20.3,9.0,0.0,0.0,0.0,,0.0,0,0,0,0,0,4.2,0.02,0.0,4495.53,4495.53,0.0,-12.46
2026-06-05T07:47:58.613+00:00,385252,7bf0e23b-e546-4171-8243-7b016fd37d6e,,10,FAULT,0x2080,SENSOR_RANGE|PUMP_CAVITATION,0,0,0,0,0,0,0.0,0.0,0.0,0.0,0.0,0.0,0.0,0.0,0.0,-1.29,112.5,1012.9,20.3,9.0,0.0,0.0,0.0,,0.0,0,0,0,0,0,4.2,0.02,0.0,4495.53,4495.53,0.0,1.37
2026-06-05T07:47:58.789+00:00,385428,7bf0e23b-e546-4171-8243-7b016fd37d6e,,10,FAULT,0x2080,SENSOR_RANGE|PUMP_CAVITATION,0,0,0,0,0,0,0.0,1.099,0.0,0.0,0.0,0.0,0.0,0.0,0.0,1.14,112.5,1012.9,20.3,9.0,0.0,0.0,0.0,,0.0,0,0,0,0,0,4.2,0.02,0.0,4495.53,4495.53,0.0,13.81
2026-06-05T07:47:58.964+00:00,385603,7bf0e23b-e546-4171-8243-7b016fd37d6e,,10,FAULT,0x2080,SENSOR_RANGE|PUMP_CAVITATION,0,0,0,0,0,0,0.0,0.0,0.0,0.0,0.0,0.0,0.0,0.0,0.0,0.65,110.17,1012.9,20.3,9.0,0.0,0.0,0.0,,0.0,0,0,0,0,0,4.2,0.02,0.0,4495.53,4495.53,0.0,-2.8
2026-06-05T07:47:59.140+00:00,385778,7bf0e23b-e546-4171-8243-7b016fd37d6e,,10,FAULT,0x2080,SENSOR_RANGE|PUMP_CAVITATION,0,0,0,0,0,0,0.0,0.317,0.0,0.0,0.0,0.0,0.0,0.0,0.0,-0.56,112.5,1012.9,20.3,9.0,0.0,0.0,0.0,,0.0,0,0,0,0,0,4.2,0.02,0.0,4495.53,4495.53,0.0,-6.91
2026-06-05T07:47:59.316+00:00,385953,7bf0e23b-e546-4171-8243-7b016fd37d6e,,10,FAULT,0x2080,SENSOR_RANGE|PUMP_CAVITATION,0,0,0,0,0,0,0.0,0.513,0.0,0.0,0.0,0.0,0.0,0.0,0.0,-2.02,112.5,1012.9,20.3,9.0,0.0,0.0,0.0,,0.0,0,0,0,0,0,4.2,0.02,0.0,4495.53,4495.53,0.0,-8.34
2026-06-05T07:47:59.492+00:00,386129,7bf0e23b-e546-4171-8243-7b016fd37d6e,,10,FAULT,0x2080,SENSOR_RANGE|PUMP_CAVITATION,0,0,0,0,0,0,0.0,1.344,0.0,0.0,0.0,0.0,0.0,0.0,0.0,0.9,111.15,1012.9,20.3,9.0,0.0,0.0,0.0,,0.0,0,0,0,0,0,4.2,0.02,0.0,4495.53,4495.53,0.0,16.59
2026-06-05T07:47:59.668+00:00,386305,7bf0e23b-e546-4171-8243-7b016fd37d6e,,10,FAULT,0x2080,SENSOR_RANGE|PUMP_CAVITATION,0,0,0,0,0,0,0.0,0.0,0.0,0.0,0.0,0.0,0.0,0.0,0.0,1.14,106.63,1012.9,20.3,8.9,0.0,0.0,0.0,,0.0,0,0,0,0,0,4.2,0.02,0.0,4495.53,4495.53,0.0,1.36
2026-06-05T07:47:59.842+00:00,386480,7bf0e23b-e546-4171-8243-7b016fd37d6e,,10,FAULT,0x2080,SENSOR_RANGE|PUMP_CAVITATION,0,0,0,0,0,0,0.0,0.317,0.0,0.0,0.0,0.0,0.0,0.0,0.0,-0.31,112.5,1012.9,20.3,9.0,0.0,0.0,0.0,,0.0,0,0,0,0,0,4.2,0.02,0.0,4495.53,4495.53,0.0,-8.29
2026-06-05T07:48:00.018+00:00,386656,7bf0e23b-e546-4171-8243-7b016fd37d6e,,10,FAULT,0x2080,SENSOR_RANGE|PUMP_CAVITATION,0,0,0,0,0,0,0.0,0.122,0.0,0.0,0.0,0.0,0.0,0.0,0.0,-0.56,109.93,1012.9,20.3,9.0,0.0,0.0,0.0,,0.0,0,0,0,0,0,4.2,0.02,0.0,4495.53,4495.53,0.0,-1.42
2026-06-05T07:48:00.193+00:00,386831,7bf0e23b-e546-4171-8243-7b016fd37d6e,,10,FAULT,0x2080,SENSOR_RANGE|PUMP_CAVITATION,0,0,0,0,0,0,0.0,0.513,0.0,0.0,0.0,0.0,0.0,0.0,0.0,-1.29,112.5,1012.9,20.3,9.0,0.0,0.0,0.0,,0.0,0,0,0,0,0,4.2,0.02,0.0,4495.53,4495.53,0.0,-4.17
2026-06-05T07:48:00.369+00:00,387006,7bf0e23b-e546-4171-8243-7b016fd37d6e,,10,FAULT,0x2080,SENSOR_RANGE|PUMP_CAVITATION,0,0,0,0,0,0,0.0,0.0,0.0,0.0,0.0,0.0,0.0,0.0,0.0,-0.56,107.0,1012.9,20.3,9.0,0.0,0.0,0.0,,0.0,0,0,0,0,0,4.2,0.02,0.0,4495.53,4495.53,0.0,4.17
2026-06-05T07:48:00.545+00:00,387182,7bf0e23b-e546-4171-8243-7b016fd37d6e,,10,FAULT,0x2080,SENSOR_RANGE|PUMP_CAVITATION,0,0,0,0,0,0,0.0,0.0,0.0,0.0,0.0,0.0,0.0,0.0,0.0,-0.56,112.5,1012.9,20.3,9.0,0.0,0.0,0.0,,0.0,0,0,0,0,0,4.2,0.02,0.0,4495.53,4495.53,0.0,0.0
2026-06-05T07:48:00.721+00:00,387357,7bf0e23b-e546-4171-8243-7b016fd37d6e,,10,FAULT,0x2080,SENSOR_RANGE|PUMP_CAVITATION,0,0,0,0,0,0,0.0,0.122,0.0,0.0,0.0,0.0,0.0,0.0,0.0,-0.56,107.85,1012.9,20.3,9.0,0.0,0.0,0.0,,0.0,0,0,0,0,0,4.2,0.02,0.0,4495.53,4495.53,0.0,0.0
2026-06-05T07:48:00.897+00:00,387532,7bf0e23b-e546-4171-8243-7b016fd37d6e,,10,FAULT,0x2080,SENSOR_RANGE|PUMP_CAVITATION,0,0,0,0,0,0,0.0,0.562,0.0,0.0,0.0,0.0,0.0,0.0,0.0,-1.78,112.5,1012.9,20.3,8.9,0.0,0.0,0.0,,0.0,0,0,0,0,0,4.2,0.02,0.0,4495.53,4495.53,0.0,-6.97
2026-06-05T07:48:01.072+00:00,387708,7bf0e23b-e546-4171-8243-7b016fd37d6e,,10,FAULT,0x2080,SENSOR_RANGE|PUMP_CAVITATION,0,0,0,0,0,0,0.0,0.659,0.0,0.0,0.0,0.0,0.0,0.0,0.0,-0.8,112.5,1012.9,20.3,8.9,0.0,0.0,0.0,,0.0,0,0,0,0,0,4.2,0.02,0.0,4495.53,4495.53,0.0,5.57
2026-06-05T07:48:01.246+00:00,387884,7bf0e23b-e546-4171-8243-7b016fd37d6e,,10,FAULT,0x2080,SENSOR_RANGE|PUMP_CAVITATION,0,0,0,0,0,0,0.0,0.0,0.0,0.0,0.0,0.0,0.0,0.0,0.0,1.39,109.56,1012.9,20.3,8.9,0.0,0.0,0.0,,0.0,0,0,0,0,0,4.2,0.02,0.0,4495.53,4495.53,0.0,12.44
2026-06-05T07:48:01.422+00:00,388059,7bf0e23b-e546-4171-8243-7b016fd37d6e,,10,FAULT,0x2080,SENSOR_RANGE|PUMP_CAVITATION,0,0,0,0,0,0,0.0,0.0,0.0,0.0,0.0,0.0,0.0,0.0,0.0,0.65,108.34,1012.9,20.3,9.0,0.0,0.0,0.0,,0.0,0,0,0,0,0,4.2,0.02,0.0,4495.53,4495.53,0.0,-4.23
2026-06-05T07:48:01.597+00:00,388234,7bf0e23b-e546-4171-8243-7b016fd37d6e,,10,FAULT,0x2080,SENSOR_RANGE|PUMP_CAVITATION,0,0,0,0,0,0,0.0,0.0,0.0,0.0,0.0,0.0,0.0,0.0,0.0,0.41,112.5,1012.9,20.3,9.0,0.0,0.0,0.0,,0.0,0,0,0,0,0,4.2,0.02,0.0,4495.53,4495.53,0.0,-1.37
2026-06-05T07:48:01.773+00:00,388409,7bf0e23b-e546-4171-8243-7b016fd37d6e,,10,FAULT,0x2080,SENSOR_RANGE|PUMP_CAVITATION,0,0,0,0,0,0,0.0,0.708,0.0,0.0,0.0,0.0,0.0,0.0,0.0,0.0,112.5,1012.9,20.3,9.0,0.0,0.0,0.0,,0.0,0,0,0,0,0,4.2,0.02,0.0,4495.53,4495.53,0.0,-2.34
2026-06-05T07:48:01.949+00:00,388584,7bf0e23b-e546-4171-8243-7b016fd37d6e,,10,FAULT,0x2080,SENSOR_RANGE|PUMP_CAVITATION,0,0,0,0,0,0,0.0,0.0,0.0,0.0,0.0,0.0,0.0,0.0,0.0,-0.56,109.56,1012.9,20.3,9.0,0.0,0.0,0.0,,0.0,0,0,0,0,0,4.2,0.02,0.0,4495.53,4495.53,0.0,-3.2
2026-06-05T07:48:02.123+00:00,388759,7bf0e23b-e546-4171-8243-7b016fd37d6e,,10,FAULT,0x2080,SENSOR_RANGE|PUMP_CAVITATION,0,0,0,0,0,0,0.0,0.0,0.0,0.0,0.0,0.0,0.0,0.0,0.0,-0.8,111.76,1012.9,20.3,8.9,0.0,0.0,0.0,,0.0,0,0,0,0,0,4.2,0.02,0.0,4495.53,4495.53,0.0,-1.37
2026-06-05T07:48:02.299+00:00,388934,7bf0e23b-e546-4171-8243-7b016fd37d6e,,10,FAULT,0x2080,SENSOR_RANGE|PUMP_CAVITATION,0,0,0,0,0,0,0.0,0.562,0.0,0.0,0.0,0.0,0.0,0.0,0.0,-0.31,107.36,1012.9,20.3,8.9,0.0,0.0,0.0,,0.0,0,0,0,0,0,4.2,0.02,0.0,4495.53,4495.53,0.0,2.8
2026-06-05T07:48:02.474+00:00,389110,7bf0e23b-e546-4171-8243-7b016fd37d6e,,10,FAULT,0x2080,SENSOR_RANGE|PUMP_CAVITATION,0,0,0,0,0,0,0.0,0.0,0.0,0.0,0.0,0.0,0.0,0.0,0.0,0.41,112.5,1012.9,20.3,9.0,0.0,0.0,0.0,,0.0,0,0,0,0,0,4.2,0.02,0.0,4495.53,4495.53,0.0,4.09
2026-06-05T07:48:02.650+00:00,389285,7bf0e23b-e546-4171-8243-7b016fd37d6e,,10,FAULT,0x2080,SENSOR_RANGE|PUMP_CAVITATION,0,0,0,0,0,0,0.0,0.0,0.0,0.0,0.0,0.0,0.0,0.0,0.0,1.39,107.36,1012.9,20.3,9.0,0.0,0.0,0.0,,0.0,0,0,0,0,0,4.2,0.02,0.0,4495.53,4495.53,0.0,5.6
2026-06-05T07:48:02.826+00:00,389460,7bf0e23b-e546-4171-8243-7b016fd37d6e,,10,FAULT,0x2080,SENSOR_RANGE|PUMP_CAVITATION,0,0,0,0,0,0,0.0,0.0,0.0,0.0,0.0,0.0,0.0,0.0,0.0,-1.29,112.5,1012.9,20.3,9.0,0.0,0.0,0.0,,0.0,0,0,0,0,0,4.2,0.02,0.0,4495.53,4495.53,0.0,-15.31
2026-06-05T07:48:03.002+00:00,389636,7bf0e23b-e546-4171-8243-7b016fd37d6e,,10,FAULT,0x2080,SENSOR_RANGE|PUMP_CAVITATION,0,0,0,0,0,0,0.0,0.757,0.0,0.0,0.0,0.0,0.0,0.0,0.0,-1.05,112.37,1012.9,20.3,8.9,0.0,0.0,0.0,,0.0,0,0,0,0,0,4.2,0.02,0.0,4495.53,4495.53,0.0,1.36
2026-06-05T07:48:03.176+00:00,389812,7bf0e23b-e546-4171-8243-7b016fd37d6e,,10,FAULT,0x2080,SENSOR_RANGE|PUMP_CAVITATION,0,0,0,0,0,0,0.0,0.073,0.0,0.0,0.0,0.0,0.0,0.0,0.0,1.39,112.5,1012.9,20.3,9.0,0.0,0.0,0.0,,0.0,0,0,0,0,0,4.2,0.02,0.0,4495.53,4495.53,0.0,13.86
2026-06-05T07:48:03.351+00:00,389987,7bf0e23b-e546-4171-8243-7b016fd37d6e,,10,FAULT,0x2080,SENSOR_RANGE|PUMP_CAVITATION,0,0,0,0,0,0,0.0,0.0,0.0,0.0,0.0,0.0,0.0,0.0,0.0,-0.31,106.02,1012.9,20.3,9.0,0.0,0.0,0.0,,0.0,0,0,0,0,0,4.2,0.02,0.0,4495.53,4495.53,0.0,-9.71
2026-06-05T07:48:03.527+00:00,390162,7bf0e23b-e546-4171-8243-7b016fd37d6e,,10,FAULT,0x2080,SENSOR_RANGE|PUMP_CAVITATION,0,0,0,0,0,0,0.0,0.0,0.0,0.0,0.0,0.0,0.0,0.0,0.0,-2.02,112.5,1013.0,20.3,9.0,0.0,0.0,0.0,,0.0,0,0,0,0,0,4.2,0.02,0.0,4495.53,4495.53,0.0,-9.77
2026-06-05T07:48:03.703+00:00,390337,7bf0e23b-e546-4171-8243-7b016fd37d6e,,10,FAULT,0x2080,SENSOR_RANGE|PUMP_CAVITATION,0,0,0,0,0,0,0.0,0.0,0.0,0.0,0.0,0.0,0.0,0.0,0.0,-1.78,109.56,1012.9,20.3,9.0,0.0,0.0,0.0,,0.0,0,0,0,0,0,4.2,0.02,0.0,4495.53,4495.53,0.0,1.37
2026-06-05T07:48:03.879+00:00,390513,7bf0e23b-e546-4171-8243-7b016fd37d6e,,10,FAULT,0x2080,SENSOR_RANGE|PUMP_CAVITATION,0,0,0,0,0,0,0.0,0.122,0.0,0.0,0.0,0.0,0.0,0.0,0.0,-1.29,112.5,1013.0,20.3,9.0,0.0,0.0,0.0,,0.0,0,0,0,0,0,4.2,0.02,0.0,4495.53,4495.53,0.0,2.78
2026-06-05T07:48:04.055+00:00,390688,7bf0e23b-e546-4171-8243-7b016fd37d6e,,10,FAULT,0x2080,SENSOR_RANGE|PUMP_CAVITATION,0,0,0,0,0,0,0.0,0.904,0.0,0.0,0.0,0.0,0.0,0.0,0.0,-0.56,112.5,1012.9,20.3,9.0,0.0,0.0,0.0,,0.0,0,0,0,0,0,4.2,0.02,0.0,4495.53,4495.53,0.0,4.17
2026-06-05T07:48:04.230+00:00,390863,7bf0e23b-e546-4171-8243-7b016fd37d6e,,10,FAULT,0x2080,SENSOR_RANGE|PUMP_CAVITATION,0,0,0,0,0,0,0.0,1.148,0.0,0.0,0.0,0.0,0.0,0.0,0.0,0.0,112.5,1012.9,20.3,8.9,0.0,0.0,0.0,,0.0,0,0,0,0,0,4.2,0.02,0.0,4495.53,4495.53,0.0,3.2
2026-06-05T07:48:04.405+00:00,391038,7bf0e23b-e546-4171-8243-7b016fd37d6e,,10,FAULT,0x2080,SENSOR_RANGE|PUMP_CAVITATION,0,0,0,0,0,0,0.0,0.904,0.0,0.0,0.0,0.0,0.0,0.0,0.0,-0.56,112.5,1012.9,20.3,9.0,0.0,0.0,0.0,,0.0,0,0,0,0,0,4.2,0.02,0.0,4495.53,4495.53,0.0,-3.2
2026-06-05T07:48:04.580+00:00,391215,7bf0e23b-e546-4171-8243-7b016fd37d6e,,10,FAULT,0x2080,SENSOR_RANGE|PUMP_CAVITATION,0,0,0,0,0,0,0.0,0.0,0.0,0.0,0.0,0.0,0.0,0.0,0.0,-0.31,111.03,1012.9,20.3,9.0,0.0,0.0,0.0,,0.0,0,0,0,0,0,4.2,0.02,0.0,4495.53,4495.53,0.0,1.41
2026-06-05T07:48:04.756+00:00,391390,7bf0e23b-e546-4171-8243-7b016fd37d6e,,10,FAULT,0x2080,SENSOR_RANGE|PUMP_CAVITATION,0,0,0,0,0,0,0.0,0.0,0.0,0.0,0.0,0.0,0.0,0.0,0.0,-1.29,110.17,1012.9,20.3,9.0,0.0,0.0,0.0,,0.0,0,0,0,0,0,4.2,0.02,0.0,4495.53,4495.53,0.0,-5.6
2026-06-05T07:48:04.933+00:00,391565,7bf0e23b-e546-4171-8243-7b016fd37d6e,,10,FAULT,0x2080,SENSOR_RANGE|PUMP_CAVITATION,0,0,0,0,0,0,0.0,0.904,0.0,0.0,0.0,0.0,0.0,0.0,0.0,-0.8,112.5,1012.9,20.3,9.0,0.0,0.0,0.0,,0.0,0,0,0,0,0,4.2,0.02,0.0,4495.53,4495.53,0.0,2.8
2026-06-05T07:48:05.108+00:00,391741,7bf0e23b-e546-4171-8243-7b016fd37d6e,,10,FAULT,0x2080,SENSOR_RANGE|PUMP_CAVITATION,0,0,0,0,0,0,0.0,1.197,0.0,0.0,0.0,0.0,0.0,0.0,0.0,0.41,112.5,1012.9,20.3,9.0,0.0,0.0,0.0,,0.0,0,0,0,0,0,4.2,0.02,0.0,4495.53,4495.53,0.0,6.88
2026-06-05T07:48:05.283+00:00,391916,7bf0e23b-e546-4171-8243-7b016fd37d6e,,10,FAULT,0x2080,SENSOR_RANGE|PUMP_CAVITATION,0,0,0,0,0,0,0.0,0.0,0.0,0.0,0.0,0.0,0.0,0.0,0.0,0.0,107.73,1012.9,20.3,9.0,0.0,0.0,0.0,,0.0,0,0,0,0,0,4.2,0.02,0.0,4495.53,4495.53,0.0,-2.34
2026-06-05T07:48:05.459+00:00,392091,7bf0e23b-e546-4171-8243-7b016fd37d6e,,10,FAULT,0x2080,SENSOR_RANGE|PUMP_CAVITATION,0,0,0,0,0,0,0.0,0.757,0.0,0.0,0.0,0.0,0.0,0.0,0.0,-0.56,112.5,1012.9,20.3,9.0,0.0,0.0,0.0,,0.0,0,0,0,0,0,4.2,0.02,0.0,4495.53,4495.53,0.0,-3.2
2026-06-05T07:48:05.633+00:00,392266,7bf0e23b-e546-4171-8243-7b016fd37d6e,,10,FAULT,0x2080,SENSOR_RANGE|PUMP_CAVITATION,0,0,0,0,0,0,0.0,0.073,0.0,0.0,0.0,0.0,0.0,0.0,0.0,2.37,107.61,1012.9,20.3,9.0,0.0,0.0,0.0,,0.0,0,0,0,0,0,4.2,0.02,0.0,4495.53,4495.53,0.0,16.74
2026-06-05T07:48:05.809+00:00,392442,7bf0e23b-e546-4171-8243-7b016fd37d6e,,10,FAULT,0x2080,SENSOR_RANGE|PUMP_CAVITATION,0,0,0,0,0,0,0.0,0.513,0.0,0.0,0.0,0.0,0.0,0.0,0.0,-0.56,112.5,1012.9,20.3,8.9,0.0,0.0,0.0,,0.0,0,0,0,0,0,4.2,0.02,0.0,4495.53,4495.53,0.0,-16.65
2026-06-05T07:48:05.985+00:00,392617,7bf0e23b-e546-4171-8243-7b016fd37d6e,,10,FAULT,0x2080,SENSOR_RANGE|PUMP_CAVITATION,0,0,0,0,0,0,0.0,0.904,0.0,0.0,0.0,0.0,0.0,0.0,0.0,1.88,105.77,1012.9,20.3,9.0,0.0,0.0,0.0,,0.0,0,0,0,0,0,4.2,0.02,0.0,4495.53,4495.53,0.0,13.94
2026-06-05T07:48:06.160+00:00,392793,7bf0e23b-e546-4171-8243-7b016fd37d6e,,10,FAULT,0x2080,SENSOR_RANGE|PUMP_CAVITATION,0,0,0,0,0,0,0.0,0.0,0.0,0.0,0.0,0.0,0.0,0.0,0.0,1.39,112.5,1012.9,20.3,9.0,0.0,0.0,0.0,,0.0,0,0,0,0,0,4.2,0.02,0.0,4495.53,4495.53,0.0,-2.78
2026-06-05T07:48:06.336+00:00,392968,7bf0e23b-e546-4171-8243-7b016fd37d6e,,10,FAULT,0x2080,SENSOR_RANGE|PUMP_CAVITATION,0,0,0,0,0,0,0.0,0.0,0.0,0.0,0.0,0.0,0.0,0.0,0.0,0.9,106.87,1012.9,20.3,9.0,0.0,0.0,0.0,,0.0,0,0,0,0,0,4.2,0.02,0.0,4495.53,4495.53,0.0,-2.8
2026-06-05T07:48:06.512+00:00,393143,7bf0e23b-e546-4171-8243-7b016fd37d6e,,10,FAULT,0x2080,SENSOR_RANGE|PUMP_CAVITATION,0,0,0,0,0,0,0.0,0.0,0.0,0.0,0.0,0.0,0.0,0.0,0.0,0.0,112.5,1012.9,20.3,9.0,0.0,0.0,0.0,,0.0,0,0,0,0,0,4.2,0.02,0.0,4495.53,4495.53,0.0,-5.14
2026-06-05T07:48:06.685+00:00,393318,7bf0e23b-e546-4171-8243-7b016fd37d6e,,10,FAULT,0x2080,SENSOR_RANGE|PUMP_CAVITATION,0,0,0,0,0,0,0.0,0.0,0.0,0.0,0.0,0.0,0.0,0.0,0.0,1.14,107.0,1012.9,20.3,9.0,0.0,0.0,0.0,,0.0,0,0,0,0,0,4.2,0.02,0.0,4495.53,4495.53,0.0,6.51
2026-06-05T07:48:06.862+00:00,393493,7bf0e23b-e546-4171-8243-7b016fd37d6e,,10,FAULT,0x2080,SENSOR_RANGE|PUMP_CAVITATION,0,0,0,0,0,0,0.0,0.122,0.0,0.0,0.0,0.0,0.0,0.0,0.0,-1.29,112.5,1012.9,20.3,8.9,0.0,0.0,0.0,,0.0,0,0,0,0,0,4.2,0.02,0.0,4495.53,4495.53,0.0,-13.89
2026-06-05T07:48:07.037+00:00,393669,7bf0e23b-e546-4171-8243-7b016fd37d6e,,10,FAULT,0x2080,SENSOR_RANGE|PUMP_CAVITATION,0,0,0,0,0,0,0.0,0.317,0.0,0.0,0.0,0.0,0.0,0.0,0.0,0.0,109.93,1012.9,20.3,8.9,0.0,0.0,0.0,,0.0,0,0,0,0,0,4.2,0.02,0.0,4495.53,4495.53,0.0,7.33
2026-06-05T07:48:07.213+00:00,393844,7bf0e23b-e546-4171-8243-7b016fd37d6e,,10,FAULT,0x2080,SENSOR_RANGE|PUMP_CAVITATION,0,0,0,0,0,0,0.0,0.562,0.0,0.0,0.0,0.0,0.0,0.0,0.0,-1.05,112.5,1012.9,20.3,9.0,0.0,0.0,0.0,,0.0,0,0,0,0,0,4.2,0.02,0.0,4495.53,4495.53,0.0,-6.0
2026-06-05T07:48:07.389+00:00,394019,7bf0e23b-e546-4171-8243-7b016fd37d6e,,10,FAULT,0x2080,SENSOR_RANGE|PUMP_CAVITATION,0,0,0,0,0,0,0.0,0.0,0.0,0.0,0.0,0.0,0.0,0.0,0.0,0.41,107.85,1012.9,20.3,9.0,0.0,0.0,0.0,,0.0,0,0,0,0,0,4.2,0.02,0.0,4495.53,4495.53,0.0,8.34
2026-06-05T07:48:07.564+00:00,394194,7bf0e23b-e546-4171-8243-7b016fd37d6e,,10,FAULT,0x2080,SENSOR_RANGE|PUMP_CAVITATION,0,0,0,0,0,0,0.0,0.708,0.0,0.0,0.0,0.0,0.0,0.0,0.0,-0.56,112.5,1012.9,20.3,9.0,0.0,0.0,0.0,,0.0,0,0,0,0,0,4.2,0.02,0.0,4495.53,4495.53,0.0,-5.54
2026-06-05T07:48:07.740+00:00,394371,7bf0e23b-e546-4171-8243-7b016fd37d6e,,10,FAULT,0x2080,SENSOR_RANGE|PUMP_CAVITATION,0,0,0,0,0,0,0.0,0.0,0.0,0.0,0.0,0.0,0.0,0.0,0.0,1.63,108.83,1012.9,20.3,9.0,0.0,0.0,0.0,,0.0,0,0,0,0,0,4.2,0.02,0.0,4495.53,4495.53,0.0,12.37
2026-06-05T07:48:07.914+00:00,394546,7bf0e23b-e546-4171-8243-7b016fd37d6e,,10,FAULT,0x2080,SENSOR_RANGE|PUMP_CAVITATION,0,0,0,0,0,0,0.0,0.219,0.0,0.0,0.0,0.0,0.0,0.0,0.0,-0.56,112.5,1012.9,20.3,8.9,0.0,0.0,0.0,,0.0,0,0,0,0,0,4.2,0.02,0.0,4495.53,4495.53,0.0,-12.51
2026-06-05T07:48:08.090+00:00,394721,7bf0e23b-e546-4171-8243-7b016fd37d6e,,10,FAULT,0x2080,SENSOR_RANGE|PUMP_CAVITATION,0,0,0,0,0,0,0.0,0.0,0.0,0.0,0.0,0.0,0.0,0.0,0.0,0.0,112.5,1012.9,20.3,9.0,0.0,0.0,0.0,,0.0,0,0,0,0,0,4.2,0.02,0.0,4495.53,4495.53,0.0,3.2
2026-06-05T07:48:08.265+00:00,394896,7bf0e23b-e546-4171-8243-7b016fd37d6e,,10,FAULT,0x2080,SENSOR_RANGE|PUMP_CAVITATION,0,0,0,0,0,0,0.0,0.024,0.0,0.0,0.0,0.0,0.0,0.0,0.0,1.14,108.95,1012.9,20.3,9.0,0.0,0.0,0.0,,0.0,0,0,0,0,0,4.2,0.02,0.0,4495.53,4495.53,0.0,6.51
2026-06-05T07:48:08.441+00:00,395071,7bf0e23b-e546-4171-8243-7b016fd37d6e,,10,FAULT,0x2080,SENSOR_RANGE|PUMP_CAVITATION,0,0,0,0,0,0,0.0,0.0,0.0,0.0,0.0,0.0,0.0,0.0,0.0,-0.56,111.64,1012.9,20.3,9.0,0.0,0.0,0.0,,0.0,0,0,0,0,0,4.2,0.02,0.0,4495.53,4495.53,0.0,-9.71
2026-06-05T07:48:08.617+00:00,395246,7bf0e23b-e546-4171-8243-7b016fd37d6e,,10,FAULT,0x2080,SENSOR_RANGE|PUMP_CAVITATION,0,0,0,0,0,0,0.0,0.268,0.0,0.0,0.0,0.0,0.0,0.0,0.0,-0.56,110.66,1013.0,20.3,9.0,0.0,0.0,0.0,,0.0,0,0,0,0,0,4.2,0.02,0.0,4495.53,4495.53,0.0,0.0
2026-06-05T07:48:08.793+00:00,395422,7bf0e23b-e546-4171-8243-7b016fd37d6e,,10,FAULT,0x2080,SENSOR_RANGE|PUMP_CAVITATION,0,0,0,0,0,0,0.0,0.904,0.0,0.0,0.0,0.0,0.0,0.0,0.0,0.65,112.5,1012.9,20.3,9.0,0.0,0.0,0.0,,0.0,0,0,0,0,0,4.2,0.02,0.0,4495.53,4495.53,0.0,6.88
2026-06-05T07:48:08.967+00:00,395597,7bf0e23b-e546-4171-8243-7b016fd37d6e,,10,FAULT,0x2080,SENSOR_RANGE|PUMP_CAVITATION,0,0,0,0,0,0,0.04,0.953,0.04,0.0,0.0,0.0,0.0,0.0,0.0,-0.31,108.95,1012.9,20.3,9.0,0.0,0.0,0.0,,0.0,0,0,0,0,0,4.2,0.03,0.0,4495.53,4495.53,0.0,-5.49
2026-06-05T07:48:09.142+00:00,395772,7bf0e23b-e546-4171-8243-7b016fd37d6e,,10,FAULT,0x2080,SENSOR_RANGE|PUMP_CAVITATION,0,0,0,0,0,0,0.0,0.0,0.0,0.0,0.0,0.0,0.0,0.0,0.0,1.14,112.5,1012.9,20.3,9.0,0.0,0.0,0.0,,0.0,0,0,0,0,0,4.2,0.03,0.0,4495.53,4495.53,0.0,8.29
2026-06-05T07:48:09.319+00:00,395949,7bf0e23b-e546-4171-8243-7b016fd37d6e,,10,FAULT,0x2080,SENSOR_RANGE|PUMP_CAVITATION,0,0,0,0,0,0,0.0,0.0,0.0,0.0,0.0,0.0,0.0,0.0,0.0,0.41,108.58,1012.9,20.3,9.0,0.0,0.0,0.0,,0.0,0,0,0,0,0,4.2,0.03,0.0,4495.53,4495.53,0.0,-4.12
2026-06-05T07:48:09.494+00:00,396124,7bf0e23b-e546-4171-8243-7b016fd37d6e,,10,FAULT,0x2080,SENSOR_RANGE|PUMP_CAVITATION,0,0,0,0,0,0,0.0,0.0,0.0,0.0,0.0,0.0,0.0,0.0,0.0,1.88,112.37,1012.9,20.3,8.9,0.0,0.0,0.0,,0.0,0,0,0,0,0,4.2,0.03,0.0,4495.53,4495.53,0.0,8.4
2026-06-05T07:48:09.670+00:00,396299,7bf0e23b-e546-4171-8243-7b016fd37d6e,,10,FAULT,0x2080,SENSOR_RANGE|PUMP_CAVITATION,0,0,0,0,0,0,0.0,0.0,0.0,0.0,0.0,0.0,0.0,0.0,0.0,0.0,107.97,1013.0,20.3,9.0,0.0,0.0,0.0,,0.0,0,0,0,0,0,4.2,0.03,0.0,4495.53,4495.53,0.0,-10.74
2026-06-05T07:48:09.844+00:00,396474,7bf0e23b-e546-4171-8243-7b016fd37d6e,,10,FAULT,0x2080,SENSOR_RANGE|PUMP_CAVITATION,0,0,0,0,0,0,0.0,0.757,0.0,0.0,0.0,0.0,0.0,0.0,0.0,1.39,112.5,1012.9,20.3,8.9,0.0,0.0,0.0,,0.0,0,0,0,0,0,4.2,0.03,0.0,4495.53,4495.53,0.0,7.94
2026-06-05T07:48:10.019+00:00,396649,7bf0e23b-e546-4171-8243-7b016fd37d6e,,10,FAULT,0x2080,SENSOR_RANGE|PUMP_CAVITATION,0,0,0,0,0,0,0.0,1.001,0.0,0.0,0.0,0.0,0.0,0.0,0.0,1.63,105.41,1013.0,20.3,9.0,0.0,0.0,0.0,,0.0,0,0,0,0,0,4.2,0.03,0.0,4495.53,4495.53,0.0,1.37
2026-06-05T07:48:10.195+00:00,396824,7bf0e23b-e546-4171-8243-7b016fd37d6e,,10,FAULT,0x2080,SENSOR_RANGE|PUMP_CAVITATION,0,0,0,0,0,0,0.0,0.0,0.0,0.0,0.0,0.0,0.0,0.0,0.0,1.39,112.5,1012.9,20.3,8.9,0.0,0.0,0.0,,0.0,0,0,0,0,0,4.2,0.03,0.0,4495.53,4495.53,0.0,-1.37
2026-06-05T07:48:10.371+00:00,397000,7bf0e23b-e546-4171-8243-7b016fd37d6e,,10,FAULT,0x2080,SENSOR_RANGE|PUMP_CAVITATION,0,0,0,0,0,0,0.0,0.0,0.0,0.0,0.0,0.0,0.0,0.0,0.0,-1.53,109.56,1012.9,20.3,9.0,0.0,0.0,0.0,,0.0,0,0,0,0,0,4.2,0.03,0.0,4495.53,4495.53,0.0,-16.59
2026-06-05T07:48:10.547+00:00,397175,7bf0e23b-e546-4171-8243-7b016fd37d6e,,10,FAULT,0x2080,SENSOR_RANGE|PUMP_CAVITATION,0,0,0,0,0,0,0.0,0.366,0.0,0.0,0.0,0.0,0.0,0.0,0.0,0.0,112.5,1012.9,20.3,9.0,0.0,0.0,0.0,,0.0,0,0,0,0,0,4.2,0.03,0.0,4495.53,4495.53,0.0,8.74
2026-06-05T07:48:10.723+00:00,397350,7bf0e23b-e546-4171-8243-7b016fd37d6e,,10,FAULT,0x2080,SENSOR_RANGE|PUMP_CAVITATION,0,0,0,0,0,0,0.0,1.001,0.0,0.0,0.0,0.0,0.0,0.0,0.0,-0.31,112.5,1012.9,20.3,8.9,0.0,0.0,0.0,,0.0,0,0,0,0,0,4.2,0.03,0.0,4495.53,4495.53,0.0,-1.77
2026-06-05T07:48:10.898+00:00,397526,7bf0e23b-e546-4171-8243-7b016fd37d6e,,10,FAULT,0x2080,SENSOR_RANGE|PUMP_CAVITATION,0,0,0,0,0,0,0.0,0.708,0.0,0.0,0.0,0.0,0.0,0.0,0.0,-0.8,112.5,1012.9,20.3,8.9,0.0,0.0,0.0,,0.0,0,0,0,0,0,4.2,0.03,0.0,4495.53,4495.53,0.0,-2.78
2026-06-05T07:48:11.074+00:00,397702,7bf0e23b-e546-4171-8243-7b016fd37d6e,,10,FAULT,0x2080,SENSOR_RANGE|PUMP_CAVITATION,0,0,0,0,0,0,0.0,0.855,0.0,0.0,0.0,0.0,0.0,0.0,0.0,-0.8,112.5,1012.9,20.3,9.0,0.0,0.0,0.0,,0.0,0,0,0,0,0,4.2,0.03,0.0,4495.53,4495.53,0.0,0.0
2026-06-05T07:48:11.248+00:00,397877,7bf0e23b-e546-4171-8243-7b016fd37d6e,,10,FAULT,0x2080,SENSOR_RANGE|PUMP_CAVITATION,0,0,0,0,0,0,0.0,0.0,0.0,0.0,0.0,0.0,0.0,0.0,0.0,1.88,109.07,1013.0,20.3,9.0,0.0,0.0,0.0,,0.0,0,0,0,0,0,4.2,0.03,0.0,4495.53,4495.53,0.0,15.31
2026-06-05T07:48:11.424+00:00,398052,7bf0e23b-e546-4171-8243-7b016fd37d6e,,10,FAULT,0x2080,SENSOR_RANGE|PUMP_CAVITATION,0,0,0,0,0,0,0.0,0.317,0.0,0.0,0.0,0.0,0.0,0.0,0.0,0.0,112.5,1012.9,20.3,9.0,0.0,0.0,0.0,,0.0,0,0,0,0,0,4.2,0.03,0.0,4495.53,4495.53,0.0,-10.74
2026-06-05T07:48:11.600+00:00,398227,7bf0e23b-e546-4171-8243-7b016fd37d6e,,10,FAULT,0x2080,SENSOR_RANGE|PUMP_CAVITATION,0,0,0,0,0,0,0.0,0.806,0.0,0.0,0.0,0.0,0.0,0.0,0.0,0.0,111.52,1013.0,20.3,9.0,0.0,0.0,0.0,,0.0,0,0,0,0,0,4.2,0.03,0.0,4495.53,4495.53,0.0,0.0
2026-06-05T07:48:11.776+00:00,398403,7bf0e23b-e546-4171-8243-7b016fd37d6e,,10,FAULT,0x2080,SENSOR_RANGE|PUMP_CAVITATION,0,0,0,0,0,0,0.0,0.0,0.0,0.0,0.0,0.0,0.0,0.0,0.0,0.41,112.5,1012.9,20.3,9.0,0.0,0.0,0.0,,0.0,0,0,0,0,0,4.2,0.03,0.0,4495.53,4495.53,0.0,2.33
2026-06-05T07:48:11.951+00:00,398578,7bf0e23b-e546-4171-8243-7b016fd37d6e,,10,FAULT,0x2080,SENSOR_RANGE|PUMP_CAVITATION,0,0,0,0,0,0,0.0,0.366,0.0,0.0,0.0,0.0,0.0,0.0,0.0,0.65,109.44,1012.9,20.3,8.9,0.0,0.0,0.0,,0.0,0,0,0,0,0,4.2,0.03,0.0,4495.53,4495.53,0.0,1.37
2026-06-05T07:48:12.127+00:00,398753,7bf0e23b-e546-4171-8243-7b016fd37d6e,,10,FAULT,0x2080,SENSOR_RANGE|PUMP_CAVITATION,0,0,0,0,0,0,0.0,0.757,0.0,0.0,0.0,0.0,0.0,0.0,0.0,-1.78,112.5,1012.9,20.3,8.9,0.0,0.0,0.0,,0.0,0,0,0,0,0,4.2,0.03,0.0,4495.53,4495.53,0.0,-13.89
2026-06-05T07:48:12.302+00:00,398928,7bf0e23b-e546-4171-8243-7b016fd37d6e,,10,FAULT,0x2080,SENSOR_RANGE|PUMP_CAVITATION,0,0,0,0,0,0,0.0,0.0,0.0,0.0,0.0,0.0,0.0,0.0,0.0,1.14,106.02,1012.9,20.3,9.0,0.0,0.0,0.0,,0.0,0,0,0,0,0,4.2,0.03,0.0,4495.53,4495.53,0.0,16.69
2026-06-05T07:48:12.476+00:00,399104,7bf0e23b-e546-4171-8243-7b016fd37d6e,,10,FAULT,0x2080,SENSOR_RANGE|PUMP_CAVITATION,0,0,0,0,0,0,0.0,0.0,0.0,0.0,0.0,0.0,0.0,0.0,0.0,-1.53,112.5,1013.0,20.3,9.0,0.0,0.0,0.0,,0.0,0,0,0,0,0,4.2,0.03,0.0,4495.53,4495.53,0.0,-15.17
2026-06-05T07:48:12.652+00:00,399279,7bf0e23b-e546-4171-8243-7b016fd37d6e,,10,FAULT,0x2080,SENSOR_RANGE|PUMP_CAVITATION,0,0,0,0,0,0,0.0,0.855,0.0,0.0,0.0,0.0,0.0,0.0,0.0,-0.8,106.39,1013.0,20.3,9.0,0.0,0.0,0.0,,0.0,0,0,0,0,0,4.2,0.03,0.0,4495.53,4495.53,0.0,4.17
2026-06-05T07:48:12.828+00:00,399455,7bf0e23b-e546-4171-8243-7b016fd37d6e,,10,FAULT,0x2080,SENSOR_RANGE|PUMP_CAVITATION,0,0,0,0,0,0,0.0,0.708,0.0,0.0,0.0,0.0,0.0,0.0,0.0,-0.31,112.5,1012.9,20.3,8.9,0.0,0.0,0.0,,0.0,0,0,0,0,0,4.2,0.03,0.0,4495.53,4495.53,0.0,2.78
2026-06-05T07:48:13.004+00:00,399630,7bf0e23b-e546-4171-8243-7b016fd37d6e,,10,FAULT,0x2080,SENSOR_RANGE|PUMP_CAVITATION,0,0,0,0,0,0,0.0,0.0,0.0,0.0,0.0,0.0,0.0,0.0,0.0,0.9,107.0,1012.9,20.3,8.9,0.0,0.0,0.0,,0.0,0,0,0,0,0,4.2,0.03,0.0,4495.53,4495.53,0.0,6.91
2026-06-05T07:48:13.180+00:00,399805,7bf0e23b-e546-4171-8243-7b016fd37d6e,,10,FAULT,0x2080,SENSOR_RANGE|PUMP_CAVITATION,0,0,0,0,0,0,0.0,0.562,0.0,0.0,0.0,0.0,0.0,0.0,0.0,-0.56,112.5,1012.9,20.3,8.9,0.0,0.0,0.0,,0.0,0,0,0,0,0,4.2,0.03,0.0,4495.53,4495.53,0.0,-8.34
2026-06-05T07:48:13.353+00:00,399981,7bf0e23b-e546-4171-8243-7b016fd37d6e,,10,FAULT,0x2080,SENSOR_RANGE|PUMP_CAVITATION,0,0,0,0,0,0,0.0,0.0,0.0,0.0,0.0,0.0,0.0,0.0,0.0,2.37,105.9,1012.9,20.3,8.9,0.0,0.0,0.0,,0.0,0,0,0,0,0,4.2,0.03,0.0,4495.53,4495.53,0.0,16.65
2026-06-05T07:48:13.530+00:00,400156,7bf0e23b-e546-4171-8243-7b016fd37d6e,,10,FAULT,0x2080,SENSOR_RANGE|PUMP_CAVITATION,0,0,0,0,0,0,0.0,0.317,0.0,0.0,0.0,0.0,0.0,0.0,0.0,-1.29,112.5,1013.0,20.3,9.0,0.0,0.0,0.0,,0.0,0,0,0,0,0,4.2,0.03,0.0,4495.53,4495.53,0.0,-20.91
2026-06-05T07:48:13.705+00:00,400331,7bf0e23b-e546-4171-8243-7b016fd37d6e,,10,FAULT,0x2080,SENSOR_RANGE|PUMP_CAVITATION,0,0,0,0,0,0,0.0,0.904,0.0,0.0,0.0,0.0,0.0,0.0,0.0,-0.31,112.5,1012.9,20.3,8.9,0.0,0.0,0.0,,0.0,0,0,0,0,0,4.2,0.03,0.0,4495.53,4495.53,0.0,5.6
2026-06-05T07:48:13.881+00:00,400506,7bf0e23b-e546-4171-8243-7b016fd37d6e,,10,FAULT,0x2080,SENSOR_RANGE|PUMP_CAVITATION,0,0,0,0,0,0,0.0,0.464,0.0,0.0,0.0,0.0,0.0,0.0,0.0,-1.05,112.5,1012.9,20.3,8.9,0.0,0.0,0.0,,0.0,0,0,0,0,0,4.2,0.03,0.0,4495.53,4495.53,0.0,-4.23
2026-06-05T07:48:14.057+00:00,400683,7bf0e23b-e546-4171-8243-7b016fd37d6e,,10,FAULT,0x2080,SENSOR_RANGE|PUMP_CAVITATION,0,0,0,0,0,0,0.0,0.0,0.0,0.0,0.0,0.0,0.0,0.0,0.0,-1.29,109.2,1012.9,20.3,9.0,0.0,0.0,0.0,,0.0,0,0,0,0,0,4.2,0.03,0.0,4495.53,4495.53,0.0,-1.36
2026-06-05T07:48:14.233+00:00,400858,7bf0e23b-e546-4171-8243-7b016fd37d6e,,10,FAULT,0x2080,SENSOR_RANGE|PUMP_CAVITATION,0,0,0,0,0,0,0.0,0.366,0.0,0.0,0.0,0.0,0.0,0.0,0.0,-0.31,111.76,1012.9,20.3,9.0,0.0,0.0,0.0,,0.0,0,0,0,0,0,4.2,0.03,0.0,4495.53,4495.53,0.0,5.6
2026-06-05T07:48:14.408+00:00,401033,7bf0e23b-e546-4171-8243-7b016fd37d6e,,10,FAULT,0x2080,SENSOR_RANGE|PUMP_CAVITATION,0,0,0,0,0,0,0.0,0.757,0.0,0.0,0.0,0.0,0.0,0.0,0.0,-0.56,112.5,1013.0,20.3,9.0,0.0,0.0,0.0,,0.0,0,0,0,0,0,4.2,0.03,0.0,4495.53,4495.53,0.0,-1.43
2026-06-05T07:48:14.584+00:00,401209,7bf0e23b-e546-4171-8243-7b016fd37d6e,,10,FAULT,0x2080,SENSOR_RANGE|PUMP_CAVITATION,0,0,0,0,0,0,0.0,0.122,0.0,0.0,0.0,0.0,0.0,0.0,0.0,-1.05,108.58,1012.9,20.3,9.0,0.0,0.0,0.0,,0.0,0,0,0,0,0,4.2,0.03,0.0,4495.53,4495.53,0.0,-2.78
2026-06-05T07:48:14.759+00:00,401384,7bf0e23b-e546-4171-8243-7b016fd37d6e,,10,FAULT,0x2080,SENSOR_RANGE|PUMP_CAVITATION,0,0,0,0,0,0,0.0,0.61,0.0,0.0,0.0,0.0,0.0,0.0,0.0,-2.02,112.5,1012.9,20.3,9.0,0.0,0.0,0.0,,0.0,0,0,0,0,0,4.2,0.03,0.0,4495.53,4495.53,0.0,-5.54
2026-06-05T07:48:14.934+00:00,401560,7bf0e23b-e546-4171-8243-7b016fd37d6e,,10,FAULT,0x2080,SENSOR_RANGE|PUMP_CAVITATION,0,0,0,0,0,0,0.0,0.415,0.0,0.0,0.0,0.0,0.0,0.0,0.0,0.9,108.83,1012.9,20.3,8.9,0.0,0.0,0.0,,0.0,0,0,0,0,0,4.2,0.03,0.0,4495.53,4495.53,0.0,16.59
2026-06-05T07:48:15.110+00:00,401735,7bf0e23b-e546-4171-8243-7b016fd37d6e,,10,FAULT,0x2080,SENSOR_RANGE|PUMP_CAVITATION,0,0,0,0,0,0,0.0,0.513,0.0,0.0,0.0,0.0,0.0,0.0,0.0,-2.02,112.5,1012.9,20.3,9.0,0.0,0.0,0.0,,0.0,0,0,0,0,0,4.2,0.03,0.0,4495.53,4495.53,0.0,-16.69
2026-06-05T07:48:15.286+00:00,401910,7bf0e23b-e546-4171-8243-7b016fd37d6e,,10,FAULT,0x2080,SENSOR_RANGE|PUMP_CAVITATION,0,0,0,0,0,0,0.0,0.0,0.0,0.0,0.0,0.0,0.0,0.0,0.0,-0.31,107.97,1013.0,20.3,9.0,0.0,0.0,0.0,,0.0,0,0,0,0,0,4.2,0.03,0.0,4495.53,4495.53,0.0,9.77
2026-06-05T07:48:15.462+00:00,402085,7bf0e23b-e546-4171-8243-7b016fd37d6e,,10,FAULT,0x2080,SENSOR_RANGE|PUMP_CAVITATION,0,0,0,0,0,0,0.04,0.219,0.01,0.0,0.0,0.0,0.0,0.0,0.0,-1.78,112.5,1012.9,20.3,8.9,0.0,0.0,0.0,,0.0,0,0,0,0,0,4.2,0.03,0.0,4495.53,4495.53,0.0,-8.4
2026-06-05T07:48:15.637+00:00,402262,7bf0e23b-e546-4171-8243-7b016fd37d6e,,10,FAULT,0x2080,SENSOR_RANGE|PUMP_CAVITATION,0,0,0,0,0,0,0.0,0.122,0.0,0.0,0.0,0.0,0.0,0.0,0.0,0.0,110.17,1013.0,20.3,9.0,0.0,0.0,0.0,,0.0,0,0,0,0,0,4.2,0.03,0.0,4495.53,4495.53,0.0,10.06
2026-06-05T07:48:15.813+00:00,402437,7bf0e23b-e546-4171-8243-7b016fd37d6e,,10,FAULT,0x2080,SENSOR_RANGE|PUMP_CAVITATION,0,0,0,0,0,0,0.0,0.855,0.0,0.0,0.0,0.0,0.0,0.0,0.0,1.14,112.5,1012.9,20.3,9.0,0.0,0.0,0.0,,0.0,0,0,0,0,0,4.2,0.03,0.0,4495.53,4495.53,0.0,6.51
2026-06-05T07:48:15.990+00:00,402613,7bf0e23b-e546-4171-8243-7b016fd37d6e,,10,FAULT,0x2080,SENSOR_RANGE|PUMP_CAVITATION,0,0,0,0,0,0,0.0,0.268,0.0,0.0,0.0,0.0,0.0,0.0,0.0,0.41,110.3,1012.9,20.3,9.0,0.0,0.0,0.0,,0.0,0,0,0,0,0,4.2,0.03,0.0,4495.53,4495.53,0.0,-4.15
2026-06-05T07:48:16.163+00:00,402788,7bf0e23b-e546-4171-8243-7b016fd37d6e,,10,FAULT,0x2080,SENSOR_RANGE|PUMP_CAVITATION,0,0,0,0,0,0,0.04,0.268,0.01,0.0,0.0,0.0,0.0,0.0,0.0,0.0,112.5,1012.9,20.3,9.0,0.0,0.0,0.0,,0.0,0,0,0,0,0,4.2,0.03,0.0,4495.53,4495.53,0.0,-2.34
2026-06-05T07:48:16.339+00:00,402963,7bf0e23b-e546-4171-8243-7b016fd37d6e,,10,FAULT,0x2080,SENSOR_RANGE|PUMP_CAVITATION,0,0,0,0,0,0,0.0,0.757,0.0,0.0,0.0,0.0,0.0,0.0,0.0,0.0,112.5,1012.9,20.3,8.9,0.0,0.0,0.0,,0.0,0,0,0,0,0,4.2,0.03,0.0,4495.53,4495.53,0.0,0.0
2026-06-05T07:48:16.515+00:00,403138,7bf0e23b-e546-4171-8243-7b016fd37d6e,,10,FAULT,0x2080,SENSOR_RANGE|PUMP_CAVITATION,0,0,0,0,0,0,0.0,0.806,0.0,0.0,0.0,0.0,0.0,0.0,0.0,1.63,107.85,1012.9,20.3,9.0,0.0,0.0,0.0,,0.0,0,0,0,0,0,4.2,0.03,0.0,4495.53,4495.53,0.0,9.31
2026-06-05T07:48:16.691+00:00,403313,7bf0e23b-e546-4171-8243-7b016fd37d6e,,10,FAULT,0x2080,SENSOR_RANGE|PUMP_CAVITATION,0,0,0,0,0,0,0.0,0.659,0.0,0.0,0.0,0.0,0.0,0.0,0.0,-0.31,112.5,1012.9,20.3,9.0,0.0,0.0,0.0,,0.0,0,0,0,0,0,4.2,0.03,0.0,4495.53,4495.53,0.0,-11.09
2026-06-05T07:48:16.866+00:00,403489,7bf0e23b-e546-4171-8243-7b016fd37d6e,,10,FAULT,0x2080,SENSOR_RANGE|PUMP_CAVITATION,0,0,0,0,0,0,0.0,0.0,0.0,0.0,0.0,0.0,0.0,0.0,0.0,0.65,108.71,1012.9,20.3,9.0,0.0,0.0,0.0,,0.0,0,0,0,0,0,4.2,0.03,0.0,4495.53,4495.53,0.0,5.45
2026-06-05T07:48:17.042+00:00,403664,7bf0e23b-e546-4171-8243-7b016fd37d6e,,10,FAULT,0x2080,SENSOR_RANGE|PUMP_CAVITATION,0,0,0,0,0,0,0.0,0.415,0.0,0.0,0.0,0.0,0.0,0.0,0.0,0.0,112.5,1012.9,20.3,8.9,0.0,0.0,0.0,,0.0,0,0,0,0,0,4.2,0.03,0.0,4495.53,4495.53,0.0,-3.71
2026-06-05T07:48:17.217+00:00,403840,7bf0e23b-e546-4171-8243-7b016fd37d6e,,10,FAULT,0x2080,SENSOR_RANGE|PUMP_CAVITATION,0,0,0,0,0,0,0.0,0.219,0.0,0.0,0.0,0.0,0.0,0.0,0.0,-0.8,111.76,1012.9,20.3,9.0,0.0,0.0,0.0,,0.0,0,0,0,0,0,4.2,0.03,0.0,4495.53,4495.53,0.0,-4.55
2026-06-05T07:48:17.392+00:00,404015,7bf0e23b-e546-4171-8243-7b016fd37d6e,,10,FAULT,0x2080,SENSOR_RANGE|PUMP_CAVITATION,0,0,0,0,0,0,0.0,0.0,0.0,0.0,0.0,0.0,0.0,0.0,0.0,1.14,112.5,1012.9,20.3,9.0,0.0,0.0,0.0,,0.0,0,0,0,0,0,4.2,0.03,0.0,4495.53,4495.53,0.0,11.09
2026-06-05T07:48:17.567+00:00,404190,7bf0e23b-e546-4171-8243-7b016fd37d6e,,10,FAULT,0x2080,SENSOR_RANGE|PUMP_CAVITATION,0,0,0,0,0,0,0.0,0.0,0.0,0.0,0.0,0.0,0.0,0.0,0.0,0.0,106.39,1012.9,20.3,9.0,0.0,0.0,0.0,,0.0,0,0,0,0,0,4.2,0.03,0.0,4495.53,4495.53,0.0,-6.51
2026-06-05T07:48:17.743+00:00,404365,7bf0e23b-e546-4171-8243-7b016fd37d6e,,10,FAULT,0x2080,SENSOR_RANGE|PUMP_CAVITATION,0,0,0,0,0,0,0.0,0.122,0.0,0.0,0.0,0.0,0.0,0.0,0.0,-1.78,112.5,1012.9,20.3,9.0,0.0,0.0,0.0,,0.0,0,0,0,0,0,4.2,0.03,0.0,4495.53,4495.53,0.0,-10.17
2026-06-05T07:48:17.919+00:00,404541,7bf0e23b-e546-4171-8243-7b016fd37d6e,,10,FAULT,0x2080,SENSOR_RANGE|PUMP_CAVITATION,0,0,0,0,0,0,0.0,0.122,0.0,0.0,0.0,0.0,0.0,0.0,0.0,-1.53,108.1,1012.9,20.3,8.9,0.0,0.0,0.0,,0.0,0,0,0,0,0,4.2,0.03,0.0,4495.53,4495.53,0.0,1.42
2026-06-05T07:48:18.095+00:00,404716,7bf0e23b-e546-4171-8243-7b016fd37d6e,,10,FAULT,0x2080,SENSOR_RANGE|PUMP_CAVITATION,0,0,0,0,0,0,0.0,1.001,0.0,0.0,0.0,0.0,0.0,0.0,0.0,0.41,112.5,1012.9,20.3,9.0,0.0,0.0,0.0,,0.0,0,0,0,0,0,4.2,0.03,0.0,4495.53,4495.53,0.0,11.09
2026-06-05T07:48:18.268+00:00,404891,7bf0e23b-e546-4171-8243-7b016fd37d6e,,10,FAULT,0x2080,SENSOR_RANGE|PUMP_CAVITATION,0,0,0,0,0,0,0.0,0.0,0.0,0.0,0.0,0.0,0.0,0.0,0.0,0.65,107.73,1012.9,20.3,9.0,0.0,0.0,0.0,,0.0,0,0,0,0,0,4.2,0.03,0.0,4495.53,4495.53,0.0,1.37
2026-06-05T07:48:18.445+00:00,405066,7bf0e23b-e546-4171-8243-7b016fd37d6e,,10,FAULT,0x2080,SENSOR_RANGE|PUMP_CAVITATION,0,0,0,0,0,0,0.0,0.122,0.0,0.0,0.0,0.0,0.0,0.0,0.0,-0.31,112.5,1012.9,20.3,8.9,0.0,0.0,0.0,,0.0,0,0,0,0,0,4.2,0.03,0.0,4495.53,4495.53,0.0,-5.49
2026-06-05T07:48:18.620+00:00,405242,7bf0e23b-e546-4171-8243-7b016fd37d6e,,10,FAULT,0x2080,SENSOR_RANGE|PUMP_CAVITATION,0,0,0,0,0,0,0.0,0.0,0.0,0.0,0.0,0.0,0.0,0.0,0.0,1.63,107.73,1012.9,20.3,8.9,0.0,0.0,0.0,,0.0,0,0,0,0,0,4.2,0.03,0.0,4495.53,4495.53,0.0,11.02
2026-06-05T07:48:18.796+00:00,405417,7bf0e23b-e546-4171-8243-7b016fd37d6e,,10,FAULT,0x2080,SENSOR_RANGE|PUMP_CAVITATION,0,0,0,0,0,0,0.0,0.757,0.0,0.0,0.0,0.0,0.0,0.0,0.0,-0.56,112.5,1012.9,20.3,8.9,0.0,0.0,0.0,,0.0,0,0,0,0,0,4.2,0.03,0.0,4495.53,4495.53,0.0,-12.51
2026-06-05T07:48:18.972+00:00,405593,7bf0e23b-e546-4171-8243-7b016fd37d6e,,10,FAULT,0x2080,SENSOR_RANGE|PUMP_CAVITATION,0,0,0,0,0,0,0.0,0.0,0.0,0.0,0.0,0.0,0.0,0.0,0.0,-1.05,109.93,1012.9,20.3,9.0,0.0,0.0,0.0,,0.0,0,0,0,0,0,4.2,0.03,0.0,4495.53,4495.53,0.0,-2.78
2026-06-05T07:48:19.148+00:00,405769,7bf0e23b-e546-4171-8243-7b016fd37d6e,,10,FAULT,0x2080,SENSOR_RANGE|PUMP_CAVITATION,0,0,0,0,0,0,0.0,0.464,0.0,0.0,0.0,0.0,0.0,0.0,0.0,0.0,112.5,1013.0,20.3,9.0,0.0,0.0,0.0,,0.0,0,0,0,0,0,4.2,0.03,0.0,4495.53,4495.53,0.0,5.97
2026-06-05T07:48:19.321+00:00,405944,7bf0e23b-e546-4171-8243-7b016fd37d6e,,10,FAULT,0x2080,SENSOR_RANGE|PUMP_CAVITATION,0,0,0,0,0,0,0.0,0.0,0.0,0.0,0.0,0.0,0.0,0.0,0.0,-0.8,110.05,1012.9,20.3,9.0,0.0,0.0,0.0,,0.0,0,0,0,0,0,4.2,0.03,0.0,4495.53,4495.53,0.0,-4.57
2026-06-05T07:48:19.497+00:00,406119,7bf0e23b-e546-4171-8243-7b016fd37d6e,,10,FAULT,0x2080,SENSOR_RANGE|PUMP_CAVITATION,0,0,0,0,0,0,0.0,0.366,0.0,0.0,0.0,0.0,0.0,0.0,0.0,-0.31,110.78,1012.9,20.3,8.9,0.0,0.0,0.0,,0.0,0,0,0,0,0,4.2,0.03,0.0,4495.53,4495.53,0.0,2.8
2026-06-05T07:48:19.673+00:00,406294,7bf0e23b-e546-4171-8243-7b016fd37d6e,,10,FAULT,0x2080,SENSOR_RANGE|PUMP_CAVITATION,0,0,0,0,0,0,0.0,1.148,0.0,0.0,0.0,0.0,0.0,0.0,0.0,0.9,112.5,1012.9,20.3,9.0,0.0,0.0,0.0,,0.0,0,0,0,0,0,4.2,0.03,0.0,4495.53,4495.53,0.0,6.91
2026-06-05T07:48:19.849+00:00,406469,7bf0e23b-e546-4171-8243-7b016fd37d6e,,10,FAULT,0x2080,SENSOR_RANGE|PUMP_CAVITATION,0,0,0,0,0,0,0.0,0.366,0.0,0.0,0.0,0.0,0.0,0.0,0.0,-1.29,109.68,1013.0,20.3,9.0,0.0,0.0,0.0,,0.0,0,0,0,0,0,4.2,0.03,0.0,4495.53,4495.53,0.0,-12.51
2026-06-05T07:48:20.025+00:00,406645,7bf0e23b-e546-4171-8243-7b016fd37d6e,,10,FAULT,0x2080,SENSOR_RANGE|PUMP_CAVITATION,0,0,0,0,0,0,0.0,0.953,0.0,0.0,0.0,0.0,0.0,0.0,0.0,-0.8,112.5,1012.9,20.3,9.0,0.0,0.0,0.0,,0.0,0,0,0,0,0,4.2,0.03,0.0,4495.53,4495.53,0.0,2.78
2026-06-05T07:48:20.200+00:00,406820,7bf0e23b-e546-4171-8243-7b016fd37d6e,,10,FAULT,0x2080,SENSOR_RANGE|PUMP_CAVITATION,0,0,0,0,0,0,0.0,0.0,0.0,0.0,0.0,0.0,0.0,0.0,0.0,0.65,106.39,1012.9,20.3,9.0,0.0,0.0,0.0,,0.0,0,0,0,0,0,4.2,0.03,0.0,4495.53,4495.53,0.0,8.29
2026-06-05T07:48:20.376+00:00,406995,7bf0e23b-e546-4171-8243-7b016fd37d6e,,10,FAULT,0x2080,SENSOR_RANGE|PUMP_CAVITATION,0,0,0,0,0,0,0.0,0.0,0.0,0.0,0.0,0.0,0.0,0.0,0.0,1.14,112.5,1012.9,20.3,8.9,0.0,0.0,0.0,,0.0,0,0,0,0,0,4.2,0.03,0.0,4495.53,4495.53,0.0,2.8
2026-06-05T07:48:20.549+00:00,407171,7bf0e23b-e546-4171-8243-7b016fd37d6e,,10,FAULT,0x2080,SENSOR_RANGE|PUMP_CAVITATION,0,0,0,0,0,0,0.0,0.073,0.0,0.0,0.0,0.0,0.0,0.0,0.0,0.0,108.46,1012.9,20.3,9.0,0.0,0.0,0.0,,0.0,0,0,0,0,0,4.2,0.03,0.0,4495.53,4495.53,0.0,-6.48
2026-06-05T07:48:20.725+00:00,407346,7bf0e23b-e546-4171-8243-7b016fd37d6e,,10,FAULT,0x2080,SENSOR_RANGE|PUMP_CAVITATION,0,0,0,0,0,0,0.0,0.757,0.0,0.0,0.0,0.0,0.0,0.0,0.0,0.0,112.5,1012.9,20.3,9.0,0.0,0.0,0.0,,0.0,0,0,0,0,0,4.2,0.03,0.0,4495.53,4495.53,0.0,0.0
2026-06-05T07:48:20.902+00:00,407522,7bf0e23b-e546-4171-8243-7b016fd37d6e,,10,FAULT,0x2080,SENSOR_RANGE|PUMP_CAVITATION,0,0,0,0,0,0,0.0,0.0,0.0,0.0,0.0,0.0,0.0,0.0,0.0,-0.31,106.63,1012.9,20.3,8.9,0.0,0.0,0.0,,0.0,0,0,0,0,0,4.2,0.03,0.0,4495.53,4495.53,0.0,-1.76
2026-06-05T07:48:21.077+00:00,407697,7bf0e23b-e546-4171-8243-7b016fd37d6e,,10,FAULT,0x2080,SENSOR_RANGE|PUMP_CAVITATION,0,0,0,0,0,0,0.0,0.953,0.0,0.0,0.0,0.0,0.0,0.0,0.0,-0.8,112.5,1012.9,20.3,9.0,0.0,0.0,0.0,,0.0,0,0,0,0,0,4.2,0.03,0.0,4495.53,4495.53,0.0,-2.8
2026-06-05T07:48:21.253+00:00,407872,7bf0e23b-e546-4171-8243-7b016fd37d6e,,10,FAULT,0x2080,SENSOR_RANGE|PUMP_CAVITATION,0,0,0,0,0,0,0.0,0.0,0.0,0.0,0.0,0.0,0.0,0.0,0.0,-0.56,107.61,1012.9,20.3,8.9,0.0,0.0,0.0,,0.0,0,0,0,0,0,4.2,0.03,0.0,4495.53,4495.53,0.0,1.37
2026-06-05T07:48:21.429+00:00,408047,7bf0e23b-e546-4171-8243-7b016fd37d6e,,10,FAULT,0x2080,SENSOR_RANGE|PUMP_CAVITATION,0,0,0,0,0,0,0.0,0.464,0.0,0.0,0.0,0.0,0.0,0.0,0.0,0.41,112.5,1012.9,20.3,8.9,0.0,0.0,0.0,,0.0,0,0,0,0,0,4.2,0.03,0.0,4495.53,4495.53,0.0,5.54
2026-06-05T07:48:21.603+00:00,408222,7bf0e23b-e546-4171-8243-7b016fd37d6e,,10,FAULT,0x2080,SENSOR_RANGE|PUMP_CAVITATION,0,0,0,0,0,0,0.0,1.295,0.0,0.0,0.0,0.0,0.0,0.0,0.0,-0.56,112.5,1012.9,20.3,9.0,0.0,0.0,0.0,,0.0,0,0,0,0,0,4.2,0.03,0.0,4495.53,4495.53,0.0,-5.54
2026-06-05T07:48:21.778+00:00,408398,7bf0e23b-e546-4171-8243-7b016fd37d6e,,10,FAULT,0x2080,SENSOR_RANGE|PUMP_CAVITATION,0,0,0,0,0,0,0.0,0.757,0.0,0.0,0.0,0.0,0.0,0.0,0.0,-1.05,112.5,1012.9,20.3,8.9,0.0,0.0,0.0,,0.0,0,0,0,0,0,4.2,0.03,0.0,4495.53,4495.53,0.0,-2.78
2026-06-05T07:48:21.954+00:00,408573,7bf0e23b-e546-4171-8243-7b016fd37d6e,,10,FAULT,0x2080,SENSOR_RANGE|PUMP_CAVITATION,0,0,0,0,0,0,0.0,0.219,0.0,0.0,0.0,0.0,0.0,0.0,0.0,-0.8,111.52,1012.9,20.3,9.0,0.0,0.0,0.0,,0.0,0,0,0,0,0,4.2,0.03,0.0,4495.53,4495.53,0.0,1.43
2026-06-05T07:48:22.130+00:00,408749,7bf0e23b-e546-4171-8243-7b016fd37d6e,,10,FAULT,0x2080,SENSOR_RANGE|PUMP_CAVITATION,0,0,0,0,0,0,0.0,1.148,0.0,0.0,0.0,0.0,0.0,0.0,0.0,1.14,112.5,1012.9,20.3,9.0,0.0,0.0,0.0,,0.0,0,0,0,0,0,4.2,0.03,0.0,4495.53,4495.53,0.0,11.02
2026-06-05T07:48:22.306+00:00,408925,7bf0e23b-e546-4171-8243-7b016fd37d6e,,10,FAULT,0x2080,SENSOR_RANGE|PUMP_CAVITATION,0,0,0,0,0,0,0.0,0.708,0.0,0.0,0.0,0.0,0.0,0.0,0.0,-1.78,112.5,1013.0,20.3,9.0,0.0,0.0,0.0,,0.0,0,0,0,0,0,4.2,0.03,0.0,4495.53,4495.53,0.0,-16.59
2026-06-05T07:48:22.482+00:00,409100,7bf0e23b-e546-4171-8243-7b016fd37d6e,,10,FAULT,0x2080,SENSOR_RANGE|PUMP_CAVITATION,0,0,0,0,0,0,0.0,0.366,0.0,0.0,0.0,0.0,0.0,0.0,0.0,-1.05,111.15,1013.0,20.3,9.0,0.0,0.0,0.0,,0.0,0,0,0,0,0,4.2,0.03,0.0,4495.53,4495.53,0.0,4.17
2026-06-05T07:48:22.658+00:00,409276,7bf0e23b-e546-4171-8243-7b016fd37d6e,,10,FAULT,0x2080,SENSOR_RANGE|PUMP_CAVITATION,0,0,0,0,0,0,0.0,0.904,0.0,0.0,0.0,0.0,0.0,0.0,0.0,0.65,112.5,1012.9,20.3,9.0,0.0,0.0,0.0,,0.0,0,0,0,0,0,4.2,0.03,0.0,4495.53,4495.53,0.0,9.66
2026-06-05T07:48:22.834+00:00,409451,7bf0e23b-e546-4171-8243-7b016fd37d6e,,10,FAULT,0x2080,SENSOR_RANGE|PUMP_CAVITATION,0,0,0,0,0,0,0.0,1.05,0.0,0.0,0.0,0.0,0.0,0.0,0.0,0.0,111.76,1012.9,20.3,9.0,0.0,0.0,0.0,,0.0,0,0,0,0,0,4.2,0.03,0.0,4495.53,4495.53,0.0,-3.71
2026-06-05T07:48:23.009+00:00,409626,7bf0e23b-e546-4171-8243-7b016fd37d6e,,10,FAULT,0x2080,SENSOR_RANGE|PUMP_CAVITATION,0,0,0,0,0,0,0.0,0.757,0.0,0.0,0.0,0.0,0.0,0.0,0.0,-0.8,112.5,1012.9,20.3,9.0,0.0,0.0,0.0,,0.0,0,0,0,0,0,4.2,0.03,0.0,4495.53,4495.53,0.0,-4.57
2026-06-05T07:48:23.183+00:00,409802,7bf0e23b-e546-4171-8243-7b016fd37d6e,,10,FAULT,0x2080,SENSOR_RANGE|PUMP_CAVITATION,0,0,0,0,0,0,0.0,0.122,0.0,0.0,0.0,0.0,0.0,0.0,0.0,1.63,106.14,1012.9,20.3,8.9,0.0,0.0,0.0,,0.0,0,0,0,0,0,4.2,0.03,0.0,4495.53,4495.53,0.0,13.81
2026-06-05T07:48:23.359+00:00,409977,7bf0e23b-e546-4171-8243-7b016fd37d6e,,10,FAULT,0x2080,SENSOR_RANGE|PUMP_CAVITATION,0,0,0,0,0,0,0.0,1.441,0.0,0.0,0.0,0.0,0.0,0.0,0.0,0.9,112.5,1012.9,20.3,9.0,0.0,0.0,0.0,,0.0,0,0,0,0,0,4.2,0.03,0.0,4495.53,4495.53,0.0,-4.17
2026-06-05T07:48:23.535+00:00,410152,7bf0e23b-e546-4171-8243-7b016fd37d6e,,10,FAULT,0x2080,SENSOR_RANGE|PUMP_CAVITATION,0,0,0,0,0,0,0.0,0.0,0.0,0.0,0.0,0.0,0.0,0.0,0.0,-1.29,112.5,1012.9,20.3,8.9,0.0,0.0,0.0,,0.0,0,0,0,0,0,4.2,0.03,0.0,4495.53,4495.53,0.0,-12.51
2026-06-05T07:48:23.711+00:00,410328,7bf0e23b-e546-4171-8243-7b016fd37d6e,,10,FAULT,0x2080,SENSOR_RANGE|PUMP_CAVITATION,0,0,0,0,0,0,0.0,1.001,0.0,0.0,0.0,0.0,0.0,0.0,0.0,-0.8,112.5,1012.9,20.3,9.0,0.0,0.0,0.0,,0.0,0,0,0,0,0,4.2,0.03,0.0,4495.53,4495.53,0.0,2.78
2026-06-05T07:48:23.887+00:00,410504,7bf0e23b-e546-4171-8243-7b016fd37d6e,,10,FAULT,0x2080,SENSOR_RANGE|PUMP_CAVITATION,0,0,0,0,0,0,0.0,0.0,0.0,0.0,0.0,0.0,0.0,0.0,0.0,-0.56,110.05,1012.9,20.3,8.9,0.0,0.0,0.0,,0.0,0,0,0,0,0,4.2,0.03,0.0,4495.53,4495.53,0.0,1.36
2026-06-05T07:48:24.062+00:00,410679,7bf0e23b-e546-4171-8243-7b016fd37d6e,,10,FAULT,0x2080,SENSOR_RANGE|PUMP_CAVITATION,0,0,0,0,0,0,0.0,0.0,0.0,0.0,0.0,0.0,0.0,0.0,0.0,0.41,110.3,1012.9,20.3,9.0,0.0,0.0,0.0,,0.0,0,0,0,0,0,4.2,0.03,0.0,4495.53,4495.53,0.0,5.54
