timestamp_iso,timestamp_ms,session_id,test_id,state,state_name,fault_flags_hex,fault_list,estop,arm,mode_air,mode_water,charge,discharge,v_alt_V,i_load_A,power_alt_W,i_pump_A,i_comp_A,power_pump_W,power_comp_W,p1_vessel_psi,p2_motor_psi,p_hydro_mbar,temp_water_C,depth_cm,rpm_alt,rpm_water,water_valve_cmd_pct,water_valve_fb_pct,air_pulse_hz,compressor_on,pump_on,air_arm_open,water_valve_open,air_pulsing,v_setpoint_V,energy_alt_J,energy_pump_J,energy_comp_J,energy_input_J,eta_round_trip_pct,dp1_dt_psi_per_s
2026-06-04T21:22:23.501+00:00,338,c73b8aee-e184-4449-b355-58d5694dddce,,10,FAULT,0x0480,SENSOR_RANGE|SELFTEST,0,1,0,0,0,0,0.0,0.0,0.0,0.0,0.0,0.0,0.0,58.82,31.12,1005.6,22.7,-1.2,0.0,0.0,0.0,,0.0,0,0,0,0,0,8.0,0.0,0.0,0.0,0.0,0.0,0.0
2026-06-04T21:22:23.673+00:00,510,c73b8aee-e184-4449-b355-58d5694dddce,,10,FAULT,0x0480,SENSOR_RANGE|SELFTEST,0,1,0,0,0,0,0.0,0.0,0.0,0.0,0.0,0.0,0.0,-19.86,-12.5,1005.6,22.7,-1.2,0.0,0.0,0.0,,0.0,0,0,0,0,0,8.0,0.0,0.0,0.0,0.0,0.0,-457.44
2026-06-04T21:22:23.844+00:00,683,c73b8aee-e184-4449-b355-58d5694dddce,,10,FAULT,0x0C80,SENSOR_RANGE|SELFTEST|OVERPRESSURE,0,1,0,0,0,0,0.0,0.0,0.0,0.0,0.0,0.0,0.0,181.74,112.5,1005.6,22.8,-1.2,0.0,0.0,0.0,,0.0,0,0,0,0,0,8.0,0.0,0.0,0.0,0.0,0.0,1165.32
2026-06-04T21:22:24.016+00:00,854,c73b8aee-e184-4449-b355-58d5694dddce,,10,FAULT,0x0C80,SENSOR_RANGE|SELFTEST|OVERPRESSURE,0,1,0,0,0,0,0.0,0.0,0.0,0.0,0.0,0.0,0.0,107.69,57.75,1005.6,22.8,-1.2,0.0,0.0,0.0,,0.0,0,0,0,0,0,8.0,0.0,0.0,0.0,0.0,0.0,-433.04
2026-06-04T21:22:24.188+00:00,1026,c73b8aee-e184-4449-b355-58d5694dddce,,10,FAULT,0x0C80,SENSOR_RANGE|SELFTEST|OVERPRESSURE,0,1,0,0,0,0,0.0,0.0,0.0,0.0,0.0,0.0,0.0,-20.84,-12.5,1005.6,22.8,-1.2,0.0,0.0,0.0,,0.0,0,0,0,0,0,8.0,0.0,0.0,0.0,0.0,0.0,-747.27
2026-06-04T21:22:24.360+00:00,1198,c73b8aee-e184-4449-b355-58d5694dddce,,10,FAULT,0x0C80,SENSOR_RANGE|SELFTEST|OVERPRESSURE,0,1,0,0,0,0,0.0,0.0,0.0,0.0,0.0,0.0,0.0,180.03,107.97,1005.6,22.8,-1.2,0.0,0.0,0.0,,0.0,0,0,0,0,0,8.0,0.0,0.0,0.0,0.0,0.0,1167.85
2026-06-04T21:22:24.532+00:00,1370,c73b8aee-e184-4449-b355-58d5694dddce,,10,FAULT,0x0C80,SENSOR_RANGE|SELFTEST|OVERPRESSURE,0,1,0,0,0,0,0.0,0.0,0.0,0.0,0.0,0.0,0.0,134.09,75.1,1005.6,22.8,-1.2,0.0,0.0,0.0,,0.0,0,0,0,0,0,8.0,0.0,0.0,0.0,0.0,0.0,-267.09
2026-06-04T21:22:24.705+00:00,1541,c73b8aee-e184-4449-b355-58d5694dddce,,10,FAULT,0x0C80,SENSOR_RANGE|SELFTEST|OVERPRESSURE,0,1,0,0,0,0,0.0,0.0,0.0,0.0,0.0,0.0,0.0,-22.31,-12.5,1005.6,22.8,-1.2,0.0,0.0,0.0,,0.0,0,0,0,0,0,8.0,0.0,0.0,0.0,0.0,0.0,-914.62
2026-06-04T21:22:24.876+00:00,1713,c73b8aee-e184-4449-b355-58d5694dddce,,10,FAULT,0x0C80,SENSOR_RANGE|SELFTEST|OVERPRESSURE,0,1,0,0,0,0,0.0,0.0,0.0,0.0,0.0,0.0,0.0,157.3,94.41,1005.6,22.8,-1.2,0.0,0.0,0.0,,0.0,0,0,0,0,0,8.0,0.0,0.0,0.0,0.0,0.0,1044.24
2026-06-04T21:22:25.048+00:00,1885,c73b8aee-e184-4449-b355-58d5694dddce,,10,FAULT,0x0C80,SENSOR_RANGE|SELFTEST|OVERPRESSURE,0,1,0,0,0,0,0.0,0.0,0.0,0.0,0.0,0.0,0.0,152.41,88.42,1005.6,22.8,-1.2,0.0,0.0,0.0,,0.0,0,0,0,0,0,8.0,0.0,0.0,0.0,0.0,0.0,-28.43
2026-06-04T21:22:25.221+00:00,2056,c73b8aee-e184-4449-b355-58d5694dddce,,10,FAULT,0x0C80,SENSOR_RANGE|SELFTEST|OVERPRESSURE,0,1,0,0,0,0,0.0,0.0,0.0,0.0,0.0,0.0,0.0,-25.0,-12.5,1005.6,22.8,-1.2,0.0,0.0,0.0,,0.0,0,0,0,0,0,8.0,0.0,0.0,0.0,0.0,0.0,-1037.49
2026-06-04T21:22:25.396+00:00,2228,c73b8aee-e184-4449-b355-58d5694dddce,,10,FAULT,0x0C80,SENSOR_RANGE|SELFTEST|OVERPRESSURE,0,1,0,0,0,0,0.0,0.0,0.0,0.0,0.0,0.0,0.0,127.49,78.65,1005.6,22.8,-1.2,0.0,0.0,0.0,,0.0,0,0,0,0,0,8.0,0.0,0.0,0.0,0.0,0.0,886.57
2026-06-04T21:22:25.568+00:00,2400,c73b8aee-e184-4449-b355-58d5694dddce,,10,FAULT,0x0C80,SENSOR_RANGE|SELFTEST|OVERPRESSURE,0,1,0,0,0,0,0.0,0.0,0.0,0.0,0.0,0.0,0.0,170.5,98.93,1005.6,22.8,-1.2,0.0,0.0,0.0,,0.0,0,0,0,0,0,8.0,0.0,0.0,0.0,0.0,0.0,250.06
2026-06-04T21:22:25.740+00:00,2572,c73b8aee-e184-4449-b355-58d5694dddce,,10,FAULT,0x0C80,SENSOR_RANGE|SELFTEST|OVERPRESSURE,0,1,0,0,0,0,0.0,0.0,0.0,0.0,0.0,0.0,0.0,-25.0,-12.5,1005.6,22.8,-1.2,0.0,0.0,0.0,,0.0,0,0,0,0,0,8.0,0.0,0.0,0.0,0.0,0.0,-1136.63
2026-06-04T21:22:25.912+00:00,2743,c73b8aee-e184-4449-b355-58d5694dddce,,10,FAULT,0x0C80,SENSOR_RANGE|SELFTEST|OVERPRESSURE,0,1,0,0,0,0,0.0,0.0,0.0,0.0,0.0,0.0,0.0,94.01,59.71,1005.6,22.8,-1.2,0.0,0.0,0.0,,0.0,0,0,0,0,0,8.0,0.0,0.0,0.0,0.0,0.0,695.96
2026-06-04T21:22:26.084+00:00,2915,c73b8aee-e184-4449-b355-58d5694dddce,,10,FAULT,0x0C80,SENSOR_RANGE|SELFTEST|OVERPRESSURE,0,1,0,0,0,0,0.0,0.0,0.0,0.0,0.0,0.0,0.0,173.43,105.77,1005.6,22.8,-1.2,0.0,0.0,0.0,,0.0,0,0,0,0,0,8.0,0.0,0.0,0.0,0.0,0.0,461.74
2026-06-04T21:22:26.256+00:00,3087,c73b8aee-e184-4449-b355-58d5694dddce,,10,FAULT,0x0C80,SENSOR_RANGE|SELFTEST|OVERPRESSURE,0,1,0,0,0,0,0.0,0.0,0.0,0.0,0.0,0.0,0.0,-25.0,-12.5,1005.6,22.8,-1.2,0.0,0.0,0.0,,0.0,0,0,0,0,0,8.0,0.0,0.0,0.0,0.0,0.0,-1153.66
2026-06-04T21:22:26.428+00:00,3259,c73b8aee-e184-4449-b355-58d5694dddce,,10,FAULT,0x0C80,SENSOR_RANGE|SELFTEST|OVERPRESSURE,0,1,0,0,0,0,0.0,0.0,0.0,0.0,0.0,0.0,0.0,63.22,42.97,1005.6,22.8,-1.2,0.0,0.0,0.0,,0.0,0,0,0,0,0,8.0,0.0,0.0,0.0,0.0,0.0,512.91
2026-06-04T21:22:26.600+00:00,3430,c73b8aee-e184-4449-b355-58d5694dddce,,10,FAULT,0x0C80,SENSOR_RANGE|SELFTEST|OVERPRESSURE,0,1,0,0,0,0,0.0,0.0,0.0,0.0,0.0,0.0,0.0,174.65,107.24,1005.6,22.8,-1.2,0.0,0.0,0.0,,0.0,0,0,0,0,0,8.0,0.0,0.0,0.0,0.0,0.0,651.64
2026-06-04T21:22:26.772+00:00,3602,c73b8aee-e184-4449-b355-58d5694dddce,,10,FAULT,0x0C80,SENSOR_RANGE|SELFTEST|OVERPRESSURE,0,1,0,0,0,0,0.0,0.0,0.0,0.0,0.0,0.0,0.0,-25.0,-12.5,1005.6,22.8,-1.2,0.0,0.0,0.0,,0.0,0,0,0,0,0,8.0,0.0,0.0,0.0,0.0,0.0,-1160.76
2026-06-04T21:22:26.944+00:00,3774,c73b8aee-e184-4449-b355-58d5694dddce,,10,FAULT,0x0C80,SENSOR_RANGE|SELFTEST|OVERPRESSURE,0,1,0,0,0,0,0.0,0.0,0.0,0.0,0.0,0.0,0.0,29.98,23.79,1005.6,22.8,-1.2,0.0,0.0,0.0,,0.0,0,0,0,0,0,8.0,0.0,0.0,0.0,0.0,0.0,319.65
2026-06-04T21:22:27.116+00:00,3945,c73b8aee-e184-4449-b355-58d5694dddce,,10,FAULT,0x0C80,SENSOR_RANGE|SELFTEST|OVERPRESSURE,0,1,0,0,0,0,0.0,0.0,0.0,0.0,0.0,0.0,0.0,175.14,108.46,1005.6,22.8,-1.2,0.0,0.0,0.0,,0.0,0,0,0,0,0,8.0,0.0,0.0,0.0,0.0,0.0,848.89
2026-06-04T21:22:27.288+00:00,4117,c73b8aee-e184-4449-b355-58d5694dddce,,10,FAULT,0x0C80,SENSOR_RANGE|SELFTEST|OVERPRESSURE,0,1,0,0,0,0,0.0,0.0,0.0,0.0,0.0,0.0,0.0,-10.33,-7.0,1005.6,22.8,-1.2,0.0,0.0,0.0,,0.0,0,0,0,0,0,8.0,0.0,0.0,0.0,0.0,0.0,-1078.31
2026-06-04T21:22:27.460+00:00,4289,c73b8aee-e184-4449-b355-58d5694dddce,,10,FAULT,0x0C80,SENSOR_RANGE|SELFTEST|OVERPRESSURE,0,1,0,0,0,0,0.0,0.0,0.0,0.0,0.0,0.0,0.0,8.96,7.29,1005.6,22.8,-1.2,0.0,0.0,0.0,,0.0,0,0,0,0,0,8.0,0.0,0.0,0.0,0.0,0.0,112.15
2026-06-04T21:22:27.632+00:00,4460,c73b8aee-e184-4449-b355-58d5694dddce,,10,FAULT,0x0C80,SENSOR_RANGE|SELFTEST|OVERPRESSURE,0,1,0,0,0,0,0.0,0.0,0.0,0.0,0.0,0.0,0.0,181.01,112.5,1005.6,22.8,-1.2,0.0,0.0,0.0,,0.0,0,0,0,0,0,8.0,0.0,0.0,0.0,0.0,0.0,1006.14
2026-06-04T21:22:27.804+00:00,4632,c73b8aee-e184-4449-b355-58d5694dddce,,10,FAULT,0x0C80,SENSOR_RANGE|SELFTEST|OVERPRESSURE,0,1,0,0,0,0,0.0,0.0,0.0,0.0,0.0,0.0,0.0,34.38,17.43,1005.6,22.8,-1.2,0.0,0.0,0.0,,0.0,0,0,0,0,0,8.0,0.0,0.0,0.0,0.0,0.0,-852.5
2026-06-04T21:22:27.976+00:00,4804,c73b8aee-e184-4449-b355-58d5694dddce,,10,FAULT,0x0C80,SENSOR_RANGE|SELFTEST|OVERPRESSURE,0,1,0,0,0,0,0.0,0.0,0.0,0.0,0.0,0.0,0.0,-18.15,-9.56,1005.6,22.8,-1.2,0.0,0.0,0.0,,0.0,0,0,0,0,0,8.0,0.0,0.0,0.0,0.0,0.0,-305.41
2026-06-04T21:22:28.148+00:00,4975,c73b8aee-e184-4449-b355-58d5694dddce,,10,FAULT,0x0C80,SENSOR_RANGE|SELFTEST|OVERPRESSURE,0,1,0,0,0,0,0.0,0.0,0.0,0.0,0.0,0.0,0.0,181.25,112.5,1005.6,22.8,-1.2,0.0,0.0,0.0,,0.0,0,0,0,0,0,8.0,0.0,0.0,0.0,0.0,0.0,1166.08
2026-06-04T21:22:28.320+00:00,5147,c73b8aee-e184-4449-b355-58d5694dddce,,10,FAULT,0x0C80,SENSOR_RANGE|SELFTEST|OVERPRESSURE,0,1,0,0,0,0,0.0,0.0,0.0,0.0,0.0,0.0,0.0,71.04,37.84,1005.6,22.8,-1.2,0.0,0.0,0.0,,0.0,0,0,0,0,0,8.0,0.0,0.0,0.0,0.0,0.0,-640.76
2026-06-04T21:22:28.492+00:00,5319,c73b8aee-e184-4449-b355-58d5694dddce,,10,FAULT,0x0C80,SENSOR_RANGE|SELFTEST|OVERPRESSURE,0,1,0,0,0,0,0.0,0.0,0.0,0.0,0.0,0.0,0.0,-20.11,-12.5,1005.6,22.8,-1.2,0.0,0.0,0.0,,0.0,0,0,0,0,0,8.0,0.0,0.0,0.0,0.0,0.0,-529.94
2026-06-04T21:22:28.665+00:00,5491,c73b8aee-e184-4449-b355-58d5694dddce,,10,FAULT,0x0C80,SENSOR_RANGE|SELFTEST|OVERPRESSURE,0,1,0,0,0,0,0.0,0.0,0.0,0.0,0.0,0.0,0.0,182.23,112.5,1005.6,22.8,-1.2,0.0,0.0,0.0,,0.0,0,0,0,0,0,8.0,0.0,0.0,0.0,0.0,0.0,1176.4
2026-06-04T21:22:28.837+00:00,5662,c73b8aee-e184-4449-b355-58d5694dddce,,10,FAULT,0x0C80,SENSOR_RANGE|SELFTEST|OVERPRESSURE,0,1,0,0,0,0,0.0,0.0,0.0,0.0,0.0,0.0,0.0,106.47,57.27,1005.6,22.8,-1.2,0.0,0.0,0.0,,0.0,0,0,0,0,0,8.0,0.0,0.0,0.0,0.0,0.0,-443.04
2026-06-04T21:22:29.009+00:00,5834,c73b8aee-e184-4449-b355-58d5694dddce,,10,FAULT,0x0C80,SENSOR_RANGE|SELFTEST|OVERPRESSURE,0,1,0,0,0,0,0.0,0.0,0.0,0.0,0.0,0.0,0.0,-21.08,-12.5,1005.6,22.8,-1.2,0.0,0.0,0.0,,0.0,0,0,0,0,0,8.0,0.0,0.0,0.0,0.0,0.0,-741.57
2026-06-04T21:22:29.181+00:00,6006,c73b8aee-e184-4449-b355-58d5694dddce,,10,FAULT,0x0C80,SENSOR_RANGE|SELFTEST|OVERPRESSURE,0,1,0,0,0,0,0.0,0.0,0.0,0.0,0.0,0.0,0.0,182.23,109.32,1005.6,22.8,-1.2,0.0,0.0,0.0,,0.0,0,0,0,0,0,8.0,0.0,0.0,0.0,0.0,0.0,1182.03
2026-06-04T21:22:29.353+00:00,6178,c73b8aee-e184-4449-b355-58d5694dddce,,10,FAULT,0x0C80,SENSOR_RANGE|SELFTEST|OVERPRESSURE,0,1,0,0,0,0,0.0,0.0,0.0,0.0,0.0,0.0,0.0,131.89,73.39,1005.6,22.8,-1.2,0.0,0.0,0.0,,0.0,0,0,0,0,0,8.0,0.0,0.0,0.0,0.0,0.0,-292.67
2026-06-04T21:22:29.525+00:00,6349,c73b8aee-e184-4449-b355-58d5694dddce,,10,FAULT,0x0C80,SENSOR_RANGE|SELFTEST|OVERPRESSURE,0,1,0,0,0,0,0.0,0.0,0.0,0.0,0.0,0.0,0.0,-22.31,-12.5,1005.6,22.8,-1.2,0.0,0.0,0.0,,0.0,0,0,0,0,0,8.0,0.0,0.0,0.0,0.0,0.0,-901.75
2026-06-04T21:22:29.697+00:00,6521,c73b8aee-e184-4449-b355-58d5694dddce,,10,FAULT,0x0C80,SENSOR_RANGE|SELFTEST|OVERPRESSURE,0,1,0,0,0,0,0.0,0.0,0.0,0.0,0.0,0.0,0.0,156.08,93.92,1005.6,22.8,-1.2,0.0,0.0,0.0,,0.0,0,0,0,0,0,8.0,0.0,0.0,0.0,0.0,0.0,1037.15
2026-06-04T21:22:29.870+00:00,6693,c73b8aee-e184-4449-b355-58d5694dddce,,10,FAULT,0x0C80,SENSOR_RANGE|SELFTEST|OVERPRESSURE,0,1,0,0,0,0,0.0,0.0,0.0,0.0,0.0,0.0,0.0,153.39,89.03,1005.6,22.8,-1.2,0.0,0.0,0.0,,0.0,0,0,0,0,0,8.0,0.0,0.0,0.0,0.0,0.0,-15.64
2026-06-04T21:22:30.041+00:00,6865,c73b8aee-e184-4449-b355-58d5694dddce,,10,FAULT,0x0C80,SENSOR_RANGE|SELFTEST|OVERPRESSURE,0,1,0,0,0,0,0.0,0.0,0.0,0.0,0.0,0.0,0.0,-25.0,-12.5,1005.6,22.8,-1.2,0.0,0.0,0.0,,0.0,0,0,0,0,0,8.0,0.0,0.0,0.0,0.0,0.0,-1037.15
2026-06-04T21:22:30.213+00:00,7036,c73b8aee-e184-4449-b355-58d5694dddce,,10,FAULT,0x0C80,SENSOR_RANGE|SELFTEST|OVERPRESSURE,0,1,0,0,0,0,0.0,0.0,0.0,0.0,0.0,0.0,0.0,124.8,77.06,1005.6,22.8,-1.2,0.0,0.0,0.0,,0.0,0,0,0,0,0,8.0,0.0,0.0,0.0,0.0,0.0,876.02
2026-06-04T21:22:30.385+00:00,7208,c73b8aee-e184-4449-b355-58d5694dddce,,10,FAULT,0x0C80,SENSOR_RANGE|SELFTEST|OVERPRESSURE,0,1,0,0,0,0,0.0,0.0,0.0,0.0,0.0,0.0,0.0,171.23,99.91,1005.6,22.8,-1.2,0.0,0.0,0.0,,0.0,0,0,0,0,0,8.0,0.0,0.0,0.0,0.0,0.0,269.94
2026-06-04T21:22:30.557+00:00,7380,c73b8aee-e184-4449-b355-58d5694dddce,,10,FAULT,0x0C80,SENSOR_RANGE|SELFTEST|OVERPRESSURE,0,1,0,0,0,0,0.0,0.0,0.0,0.0,0.0,0.0,0.0,-25.0,-12.5,1005.6,22.8,-1.2,0.0,0.0,0.0,,0.0,0,0,0,0,0,8.0,0.0,0.0,0.0,0.0,0.0,-1140.87
2026-06-04T21:22:30.729+00:00,7552,c73b8aee-e184-4449-b355-58d5694dddce,,10,FAULT,0x0C80,SENSOR_RANGE|SELFTEST|OVERPRESSURE,0,1,0,0,0,0,0.0,0.0,0.0,0.0,0.0,0.0,0.0,89.36,56.78,1005.6,22.8,-1.2,0.0,0.0,0.0,,0.0,0,0,0,0,0,8.0,0.0,0.0,0.0,0.0,0.0,664.88
2026-06-04T21:22:30.901+00:00,7724,c73b8aee-e184-4449-b355-58d5694dddce,,10,FAULT,0x0C80,SENSOR_RANGE|SELFTEST|OVERPRESSURE,0,1,0,0,0,0,0.0,0.0,0.0,0.0,0.0,0.0,0.0,173.92,106.14,1005.6,22.8,-1.2,0.0,0.0,0.0,,0.0,0,0,0,0,0,8.0,0.0,0.0,0.0,0.0,0.0,491.63
2026-06-04T21:22:31.073+00:00,7896,c73b8aee-e184-4449-b355-58d5694dddce,,10,FAULT,0x0C80,SENSOR_RANGE|SELFTEST|OVERPRESSURE,0,1,0,0,0,0,0.0,0.0,0.0,0.0,0.0,0.0,0.0,-25.0,-12.5,1005.6,22.8,-1.2,0.0,0.0,0.0,,0.0,0,0,0,0,0,8.0,0.0,0.0,0.0,0.0,0.0,-1156.51
2026-06-04T21:22:31.245+00:00,8068,c73b8aee-e184-4449-b355-58d5694dddce,,10,FAULT,0x0C80,SENSOR_RANGE|SELFTEST|OVERPRESSURE,0,1,0,0,0,0,0.0,0.0,0.0,0.0,0.0,0.0,0.0,56.62,39.3,1005.6,22.8,-1.2,0.0,0.0,0.0,,0.0,0,0,0,0,0,8.0,0.0,0.0,0.0,0.0,0.0,474.53
2026-06-04T21:22:31.418+00:00,8239,c73b8aee-e184-4449-b355-58d5694dddce,,10,FAULT,0x0C80,SENSOR_RANGE|SELFTEST|OVERPRESSURE,0,1,0,0,0,0,0.0,0.0,0.0,0.0,0.0,0.0,0.0,174.65,107.61,1005.6,22.8,-1.2,0.0,0.0,0.0,,0.0,0,0,0,0,0,8.0,0.0,0.0,0.0,0.0,0.0,690.23
2026-06-04T21:22:31.589+00:00,8411,c73b8aee-e184-4449-b355-58d5694dddce,,10,FAULT,0x0C80,SENSOR_RANGE|SELFTEST|OVERPRESSURE,0,1,0,0,0,0,0.0,0.0,0.0,0.0,0.0,0.0,0.0,-25.0,-12.5,1005.6,22.8,-1.2,0.0,0.0,0.0,,0.0,0,0,0,0,0,8.0,0.0,0.0,0.0,0.0,0.0,-1160.76
2026-06-04T21:22:31.765+00:00,8584,c73b8aee-e184-4449-b355-58d5694dddce,,10,FAULT,0x0C80,SENSOR_RANGE|SELFTEST|OVERPRESSURE,0,1,0,0,0,0,0.0,0.0,0.0,14.372,8.089,1724.64,970.68,23.63,19.39,1005.6,22.8,-1.2,0.0,0.0,0.0,,0.0,0,0,0,0,0,8.0,0.0,298.36,167.93,466.29,0.0,281.1
2026-06-04T21:22:31.941+00:00,8760,c73b8aee-e184-4449-b355-58d5694dddce,,10,FAULT,0x0C80,SENSOR_RANGE|SELFTEST|OVERPRESSURE,0,1,0,0,0,0,0.0,0.0,0.0,14.347,8.074,1721.64,968.88,73.97,39.67,1005.6,22.8,-1.2,0.0,0.0,0.0,,0.0,0,0,0,0,0,8.0,0.0,601.37,338.45,939.82,0.0,286.02
2026-06-04T21:22:32.117+00:00,8936,c73b8aee-e184-4449-b355-58d5694dddce,,10,FAULT,0x0C80,SENSOR_RANGE|SELFTEST|OVERPRESSURE,0,1,0,0,0,0,0.0,0.0,0.0,14.376,8.099,1725.12,971.88,142.39,84.88,1005.6,22.8,-1.2,0.0,0.0,0.0,,0.0,0,0,0,0,0,8.0,0.0,904.99,509.5,1414.49,0.0,388.75
2026-06-04T21:22:32.293+00:00,9111,c73b8aee-e184-4449-b355-58d5694dddce,,10,FAULT,0x0C80,SENSOR_RANGE|SELFTEST|OVERPRESSURE,0,1,0,0,0,0,0.0,0.0,0.0,14.379,8.109,1725.48,973.08,-25.0,-12.5,1005.6,22.8,-1.2,0.0,0.0,0.0,,0.0,0,0,0,0,0,8.0,0.0,1206.95,679.79,1886.74,0.0,-956.51
2026-06-04T21:22:32.470+00:00,9287,c73b8aee-e184-4449-b355-58d5694dddce,,10,FAULT,0x0C80,SENSOR_RANGE|SELFTEST|OVERPRESSURE,0,1,0,0,0,0,0.0,0.0,0.0,14.395,8.089,1727.4,970.68,182.23,112.5,1005.6,22.8,-1.2,0.0,0.0,0.0,,0.0,0,0,0,0,0,8.0,0.0,1510.97,850.63,2361.6,0.0,1177.44
2026-06-04T21:22:32.646+00:00,9463,c73b8aee-e184-4449-b355-58d5694dddce,,10,FAULT,0x0C80,SENSOR_RANGE|SELFTEST|OVERPRESSURE,0,1,0,0,0,0,0.0,0.0,0.0,14.358,8.039,1722.96,964.68,-21.08,-12.5,1005.6,22.8,-1.2,0.0,0.0,0.0,,0.0,0,0,0,0,0,8.0,0.0,1814.21,1020.41,2834.63,0.0,-1155.17
2026-06-04T21:22:32.822+00:00,9639,c73b8aee-e184-4449-b355-58d5694dddce,,10,FAULT,0x0C80,SENSOR_RANGE|SELFTEST|OVERPRESSURE,0,1,0,0,0,0,0.0,0.0,0.0,14.234,8.012,1708.08,961.44,171.48,102.96,1005.6,22.8,-1.2,0.0,0.0,0.0,,0.0,0,0,0,0,0,8.0,0.0,2114.84,1189.63,3304.46,0.0,1094.09
2026-06-04T21:22:32.998+00:00,9816,c73b8aee-e184-4449-b355-58d5694dddce,,10,FAULT,0x0C80,SENSOR_RANGE|SELFTEST|OVERPRESSURE,0,1,0,0,0,0,0.0,0.0,0.0,14.213,8.032,1705.56,963.84,16.3,13.28,1005.6,22.8,-1.2,0.0,0.0,0.0,,0.0,0,0,0,0,0,8.0,0.0,2416.72,1360.23,3776.95,0.0,-876.72
2026-06-04T21:22:33.174+00:00,9991,c73b8aee-e184-4449-b355-58d5694dddce,,10,FAULT,0x0C80,SENSOR_RANGE|SELFTEST|OVERPRESSURE,0,1,0,0,0,0,0.0,0.0,0.0,14.243,8.08,1709.16,969.6,87.41,47.0,1005.6,22.8,-1.2,0.0,0.0,0.0,,0.0,0,0,0,0,0,8.0,0.0,2715.82,1529.91,4245.73,0.0,406.34
2026-06-04T21:22:33.350+00:00,10167,c73b8aee-e184-4449-b355-58d5694dddce,,10,FAULT,0x0C80,SENSOR_RANGE|SELFTEST|OVERPRESSURE,0,1,0,0,0,0,0.0,0.0,0.0,14.275,8.128,1713.0,975.36,129.44,78.77,1005.6,22.8,-1.2,0.0,0.0,0.0,,0.0,0,0,0,0,0,8.0,0.0,3017.31,1701.57,4718.88,0.0,238.81
2026-06-04T21:22:33.526+00:00,10343,c73b8aee-e184-4449-b355-58d5694dddce,,10,FAULT,0x0C80,SENSOR_RANGE|SELFTEST|OVERPRESSURE,0,1,0,0,0,0,0.0,0.0,0.0,14.33,8.135,1719.6,976.2,-25.0,-12.5,1005.6,22.8,-1.2,0.0,0.0,0.0,,0.0,0,0,0,0,0,8.0,0.0,3319.96,1873.38,5193.34,0.0,-877.5
2026-06-04T21:22:33.703+00:00,10519,c73b8aee-e184-4449-b355-58d5694dddce,,10,FAULT,0x0C80,SENSOR_RANGE|SELFTEST|OVERPRESSURE,0,1,0,0,0,0,0.0,0.0,0.0,14.347,8.143,1721.64,977.16,182.23,112.5,1005.6,22.8,-1.2,0.0,0.0,0.0,,0.0,0,0,0,0,0,8.0,0.0,3622.97,2045.36,5668.33,0.0,1177.44
2026-06-04T21:22:33.879+00:00,10695,c73b8aee-e184-4449-b355-58d5694dddce,,10,FAULT,0x0C80,SENSOR_RANGE|SELFTEST|OVERPRESSURE,0,1,0,0,0,0,0.0,0.0,0.0,14.308,8.118,1716.96,974.16,-20.84,-12.5,1005.6,22.8,-1.2,0.0,0.0,0.0,,0.0,0,0,0,0,0,8.0,0.0,3925.16,2216.81,6141.97,0.0,-1153.81
2026-06-04T21:22:34.055+00:00,10871,c73b8aee-e184-4449-b355-58d5694dddce,,10,FAULT,0x0C80,SENSOR_RANGE|SELFTEST|OVERPRESSURE,0,1,0,0,0,0,0.0,0.0,0.0,14.238,8.09,1708.56,970.8,170.74,100.15,1005.6,22.8,-1.2,0.0,0.0,0.0,,0.0,0,0,0,0,0,8.0,0.0,4225.86,2387.67,6613.54,0.0,1088.52
2026-06-04T21:22:34.232+00:00,11047,c73b8aee-e184-4449-b355-58d5694dddce,,10,FAULT,0x0C80,SENSOR_RANGE|SELFTEST|OVERPRESSURE,0,1,0,0,0,0,0.0,0.0,0.0,14.224,8.148,1706.88,977.76,26.31,21.1,1005.6,22.8,-1.2,0.0,0.0,0.0,,0.0,0,0,0,0,0,8.0,0.0,4526.27,2559.76,7086.03,0.0,-820.63
2026-06-04T21:22:34.408+00:00,11223,c73b8aee-e184-4449-b355-58d5694dddce,,10,FAULT,0x0C80,SENSOR_RANGE|SELFTEST|OVERPRESSURE,0,1,0,0,0,0,0.0,0.0,0.0,14.258,8.194,1710.96,983.28,66.64,35.52,1005.6,22.8,-1.2,0.0,0.0,0.0,,0.0,0,0,0,0,0,8.0,0.0,4827.4,2732.82,7560.22,0.0,229.15
2026-06-04T21:22:34.584+00:00,11399,c73b8aee-e184-4449-b355-58d5694dddce,,10,FAULT,0x0C80,SENSOR_RANGE|SELFTEST|OVERPRESSURE,0,1,0,0,0,0,0.0,0.0,0.0,14.338,8.239,1720.56,988.68,153.15,90.87,1005.6,22.8,-1.2,0.0,0.0,0.0,,0.0,0,0,0,0,0,8.0,0.0,5130.22,2906.83,8037.05,0.0,491.53
2026-06-04T21:22:34.760+00:00,11575,c73b8aee-e184-4449-b355-58d5694dddce,,10,FAULT,0x0C80,SENSOR_RANGE|SELFTEST|OVERPRESSURE,0,1,0,0,0,0,0.0,0.0,0.0,14.37,8.267,1724.4,992.04,-25.0,-12.5,1005.6,22.8,-1.2,0.0,0.0,0.0,,0.0,0,0,0,0,0,8.0,0.0,5433.71,3081.42,8515.14,0.0,-1012.22
2026-06-04T21:22:34.936+00:00,11751,c73b8aee-e184-4449-b355-58d5694dddce,,10,FAULT,0x0C80,SENSOR_RANGE|SELFTEST|OVERPRESSURE,0,1,0,0,0,0,0.0,0.0,0.0,14.347,8.241,1721.64,988.92,180.27,112.5,1005.5,22.8,-1.2,0.0,0.0,0.0,,0.0,0,0,0,0,0,8.0,0.0,5736.72,3255.47,8992.2,0.0,1166.31
2026-06-04T21:22:35.113+00:00,11927,c73b8aee-e184-4449-b355-58d5694dddce,,10,FAULT,0x0C80,SENSOR_RANGE|SELFTEST|OVERPRESSURE,0,1,0,0,0,0,0.0,0.0,0.0,14.309,8.21,1717.08,985.2,-20.35,-12.5,1005.6,22.8,-1.2,0.0,0.0,0.0,,0.0,0,0,0,0,0,8.0,0.0,6038.93,3428.87,9467.8,0.0,-1139.89
2026-06-04T21:22:35.289+00:00,12103,c73b8aee-e184-4449-b355-58d5694dddce,,10,FAULT,0x0C80,SENSOR_RANGE|SELFTEST|OVERPRESSURE,0,1,0,0,0,0,0.0,0.0,0.0,14.226,8.217,1707.12,986.04,160.72,93.31,1005.6,22.8,-1.2,0.0,0.0,0.0,,0.0,0,0,0,0,0,8.0,0.0,6339.38,3602.41,9941.79,0.0,1028.81
2026-06-04T21:22:35.465+00:00,12278,c73b8aee-e184-4449-b355-58d5694dddce,,10,FAULT,0x0C80,SENSOR_RANGE|SELFTEST|OVERPRESSURE,0,1,0,0,0,0,0.0,0.0,0.0,14.244,8.264,1709.28,991.68,42.2,31.48,1005.6,22.8,-1.2,0.0,0.0,0.0,,0.0,0,0,0,0,0,8.0,0.0,6638.51,3775.96,10414.46,0.0,-677.26
2026-06-04T21:22:35.641+00:00,12454,c73b8aee-e184-4449-b355-58d5694dddce,,10,FAULT,0x0C80,SENSOR_RANGE|SELFTEST|OVERPRESSURE,0,1,0,0,0,0,0.0,0.0,0.0,14.284,8.298,1714.08,995.76,50.02,26.23,1005.6,22.8,-1.2,0.0,0.0,0.0,,0.0,0,0,0,0,0,8.0,0.0,6940.18,3951.21,10891.39,0.0,44.43
2026-06-04T21:22:35.819+00:00,12631,c73b8aee-e184-4449-b355-58d5694dddce,,10,FAULT,0x0C80,SENSOR_RANGE|SELFTEST|OVERPRESSURE,0,1,0,0,0,0,0.0,0.0,0.0,14.343,8.349,1721.16,1001.88,165.61,99.79,1005.6,22.8,-1.2,0.0,0.0,0.0,,0.0,0,0,0,0,0,8.0,0.0,7244.83,4128.54,11373.37,0.0,653.05
2026-06-04T21:22:35.996+00:00,12807,c73b8aee-e184-4449-b355-58d5694dddce,,10,FAULT,0x0C80,SENSOR_RANGE|SELFTEST|OVERPRESSURE,0,1,0,0,0,0,0.0,0.0,0.0,14.383,8.35,1725.96,1002.0,-25.0,-12.5,1005.6,22.8,-1.2,0.0,0.0,0.0,,0.0,0,0,0,0,0,8.0,0.0,7548.6,4304.89,11853.49,0.0,-1083.01
2026-06-04T21:22:36.172+00:00,12983,c73b8aee-e184-4449-b355-58d5694dddce,,10,FAULT,0x0C80,SENSOR_RANGE|SELFTEST|OVERPRESSURE,0,1,0,0,0,0,0.0,0.0,0.0,14.321,8.31,1718.52,997.2,179.3,111.27,1005.6,22.8,-1.2,0.0,0.0,0.0,,0.0,0,0,0,0,0,8.0,0.0,7851.06,4480.4,12331.46,0.0,1160.8
2026-06-04T21:22:36.348+00:00,13159,c73b8aee-e184-4449-b355-58d5694dddce,,10,FAULT,0x0C80,SENSOR_RANGE|SELFTEST|OVERPRESSURE,0,1,0,0,0,0,0.0,0.0,0.0,14.265,8.283,1711.8,993.96,-19.86,-12.5,1005.6,22.8,-1.2,0.0,0.0,0.0,,0.0,0,0,0,0,0,8.0,0.0,8152.34,4655.34,12807.67,0.0,-1131.59
2026-06-04T21:22:36.525+00:00,13335,c73b8aee-e184-4449-b355-58d5694dddce,,10,FAULT,0x0C80,SENSOR_RANGE|SELFTEST|OVERPRESSURE,0,1,0,0,0,0,0.0,0.0,0.0,14.203,8.266,1704.36,991.92,151.44,88.3,1005.6,22.8,-1.2,0.0,0.0,0.0,,0.0,0,0,0,0,0,8.0,0.0,8452.3,4829.92,13282.22,0.0,973.3
2026-06-04T21:22:36.700+00:00,13510,c73b8aee-e184-4449-b355-58d5694dddce,,10,FAULT,0x0C80,SENSOR_RANGE|SELFTEST|OVERPRESSURE,0,1,0,0,0,0,0.0,0.0,0.0,14.173,8.309,1700.76,997.08,61.02,41.5,1005.6,22.8,-1.2,0.0,0.0,0.0,,0.0,0,0,0,0,0,8.0,0.0,8749.94,5004.41,13754.34,0.0,-516.69
2026-06-04T21:22:36.877+00:00,13686,c73b8aee-e184-4449-b355-58d5694dddce,,10,FAULT,0x0C80,SENSOR_RANGE|SELFTEST|OVERPRESSURE,0,1,0,0,0,0,0.0,0.0,0.0,14.222,8.338,1706.64,1000.56,31.94,16.33,1005.6,22.8,-1.2,0.0,0.0,0.0,,0.0,0,0,0,0,0,8.0,0.0,9050.3,5180.5,14230.81,0.0,-165.23
2026-06-04T21:22:37.053+00:00,13862,c73b8aee-e184-4449-b355-58d5694dddce,,10,FAULT,0x0C80,SENSOR_RANGE|SELFTEST|OVERPRESSURE,0,1,0,0,0,0,0.0,0.0,0.0,14.289,8.356,1714.68,1002.72,182.47,108.71,1005.6,22.8,-1.2,0.0,0.0,0.0,,0.0,0,0,0,0,0,8.0,0.0,9352.09,5356.98,14709.07,0.0,855.28
2026-06-04T21:22:37.230+00:00,14039,c73b8aee-e184-4449-b355-58d5694dddce,,10,FAULT,0x0C80,SENSOR_RANGE|SELFTEST|OVERPRESSURE,0,1,0,0,0,0,0.0,0.0,0.0,14.242,8.332,1709.04,999.84,-25.0,-12.5,1005.6,22.8,-1.2,0.0,0.0,0.0,,0.0,0,0,0,0,0,8.0,0.0,9654.59,5533.96,15188.54,0.0,-1172.15
2026-06-04T21:22:37.405+00:00,14215,c73b8aee-e184-4449-b355-58d5694dddce,,10,FAULT,0x0C80,SENSOR_RANGE|SELFTEST|OVERPRESSURE,0,1,0,0,0,0,0.0,0.0,0.0,14.192,8.296,1703.04,995.52,174.65,108.34,1005.6,22.8,-1.2,0.0,0.0,0.0,,0.0,0,0,0,0,0,8.0,0.0,9954.32,5709.17,15663.49,0.0,1134.38
2026-06-04T21:22:37.582+00:00,14391,c73b8aee-e184-4449-b355-58d5694dddce,,10,FAULT,0x0C80,SENSOR_RANGE|SELFTEST|OVERPRESSURE,0,0,0,0,0,0,0.0,0.0,0.0,14.137,8.255,1696.44,990.6,-18.15,-10.91,1005.6,22.8,-1.2,0.0,0.0,0.0,,0.0,0,0,0,0,0,8.0,0.0,10252.9,5883.51,16136.41,0.0,-1095.45
2026-06-04T21:22:37.758+00:00,14567,c73b8aee-e184-4449-b355-58d5694dddce,,10,FAULT,0x0C80,SENSOR_RANGE|SELFTEST|OVERPRESSURE,0,0,0,0,0,0,0.0,0.0,0.0,14.054,8.28,1686.48,993.6,135.55,76.82,1005.6,22.8,-1.2,0.0,0.0,0.0,,0.0,0,0,0,0,0,8.0,0.0,10549.72,6058.39,16608.1,0.0,873.3
2026-06-04T21:22:37.934+00:00,14742,c73b8aee-e184-4449-b355-58d5694dddce,,10,FAULT,0x0C80,SENSOR_RANGE|SELFTEST|OVERPRESSURE,0,0,0,0,0,0,0.0,0.0,0.0,14.074,8.306,1688.88,996.72,88.14,56.17,1005.6,22.8,-1.2,0.0,0.0,0.0,,0.0,0,0,0,0,0,8.0,0.0,10845.27,6232.81,17078.08,0.0,-270.91
2026-06-04T21:22:38.110+00:00,14918,c73b8aee-e184-4449-b355-58d5694dddce,,10,FAULT,0x0C80,SENSOR_RANGE|SELFTEST|OVERPRESSURE,0,0,0,0,0,0,0.0,0.0,0.0,14.183,8.372,1701.96,1004.64,5.54,3.87,1005.6,22.8,-1.2,0.0,0.0,0.0,,0.0,0,0,0,0,0,8.0,0.0,11144.82,6409.63,17554.44,0.0,-469.32
2026-06-04T21:22:38.287+00:00,15094,c73b8aee-e184-4449-b355-58d5694dddce,,10,FAULT,0x0C80,SENSOR_RANGE|SELFTEST|OVERPRESSURE,0,0,0,0,0,0,0.0,0.0,0.0,14.174,8.367,1700.88,1004.04,183.94,112.5,1005.6,22.8,-1.2,0.0,0.0,0.0,,0.0,0,0,0,0,0,8.0,0.0,11444.17,6586.34,18030.51,0.0,1013.64
2026-06-04T21:22:38.463+00:00,15270,c73b8aee-e184-4449-b355-58d5694dddce,,10,FAULT,0x0C80,SENSOR_RANGE|SELFTEST|OVERPRESSURE,0,0,0,0,0,0,0.0,0.0,0.0,14.217,8.364,1706.04,1003.68,-25.0,-12.5,1005.6,22.8,-1.2,0.0,0.0,0.0,,0.0,0,0,0,0,0,8.0,0.0,11744.43,6762.99,18507.42,0.0,-1187.16
2026-06-04T21:22:38.639+00:00,15447,c73b8aee-e184-4449-b355-58d5694dddce,,10,FAULT,0x0C80,SENSOR_RANGE|SELFTEST|OVERPRESSURE,0,0,0,0,0,0,0.0,0.0,0.0,14.156,8.366,1698.72,1003.92,173.92,107.85,1005.6,22.8,-1.2,0.0,0.0,0.0,,0.0,0,0,0,0,0,8.0,0.0,12045.11,6940.68,18985.79,0.0,1123.84
2026-06-04T21:22:38.815+00:00,15622,c73b8aee-e184-4449-b355-58d5694dddce,,10,FAULT,0x0C80,SENSOR_RANGE|SELFTEST|OVERPRESSURE,0,0,0,0,0,0,0.0,0.0,0.0,14.082,8.331,1689.84,999.72,-17.42,-6.87,1005.6,22.8,-1.2,0.0,0.0,0.0,,0.0,0,0,0,0,0,8.0,0.0,12340.83,7115.63,19456.46,0.0,-1093.37
2026-06-04T21:22:38.992+00:00,15798,c73b8aee-e184-4449-b355-58d5694dddce,,10,FAULT,0x0C80,SENSOR_RANGE|SELFTEST|OVERPRESSURE,0,0,0,0,0,0,0.0,0.0,0.0,14.079,8.375,1689.48,1005.0,131.4,73.52,1005.6,22.8,-1.2,0.0,0.0,0.0,,0.0,0,0,0,0,0,8.0,0.0,12638.18,7292.51,19930.69,0.0,845.57
2026-06-04T21:22:39.167+00:00,15974,c73b8aee-e184-4449-b355-58d5694dddce,,10,FAULT,0x0C80,SENSOR_RANGE|SELFTEST|OVERPRESSURE,0,0,0,0,0,0,0.0,0.0,0.0,14.085,8.417,1690.2,1010.04,94.5,60.08,1005.5,22.8,-1.2,0.0,0.0,0.0,,0.0,0,0,0,0,0,8.0,0.0,12935.65,7470.28,20405.93,0.0,-209.66
2026-06-04T21:22:39.344+00:00,16150,c73b8aee-e184-4449-b355-58d5694dddce,,10,FAULT,0x0C80,SENSOR_RANGE|SELFTEST|OVERPRESSURE,0,0,0,0,0,0,0.0,0.0,0.0,14.206,8.499,1704.72,1019.88,-0.31,0.32,1005.6,22.8,-1.2,0.0,0.0,0.0,,0.0,0,0,0,0,0,8.0,0.0,13235.68,7649.78,20885.46,0.0,-538.69
2026-06-04T21:22:39.520+00:00,16325,c73b8aee-e184-4449-b355-58d5694dddce,,10,FAULT,0x0C80,SENSOR_RANGE|SELFTEST|OVERPRESSURE,0,0,0,0,0,0,0.0,0.0,0.0,14.231,8.482,1707.72,1017.84,183.69,112.5,1005.6,22.8,-1.2,0.0,0.0,0.0,,0.0,0,0,0,0,0,8.0,0.0,13534.53,7827.9,21362.43,0.0,1051.43
2026-06-04T21:22:39.696+00:00,16501,c73b8aee-e184-4449-b355-58d5694dddce,,10,FAULT,0x0C80,SENSOR_RANGE|SELFTEST|OVERPRESSURE,0,0,0,0,0,0,0.0,0.0,0.0,14.269,8.515,1712.28,1021.8,-25.0,-12.5,1005.6,22.8,-1.2,0.0,0.0,0.0,,0.0,0,0,0,0,0,8.0,0.0,13835.9,8007.74,21843.63,0.0,-1185.74
2026-06-04T21:22:39.874+00:00,16677,c73b8aee-e184-4449-b355-58d5694dddce,,10,FAULT,0x0C80,SENSOR_RANGE|SELFTEST|OVERPRESSURE,0,0,0,0,0,0,0.0,0.0,0.0,14.211,8.507,1705.32,1020.84,173.19,107.61,1005.6,22.8,-1.2,0.0,0.0,0.0,,0.0,0,0,0,0,0,8.0,0.0,14136.03,8187.4,22323.44,0.0,1126.08
2026-06-04T21:22:40.051+00:00,16854,c73b8aee-e184-4449-b355-58d5694dddce,,10,FAULT,0x0C80,SENSOR_RANGE|SELFTEST|OVERPRESSURE,0,0,0,0,0,0,0.0,0.0,0.0,14.154,8.462,1698.48,1015.44,-17.66,-7.24,1005.6,22.8,-1.2,0.0,0.0,0.0,,0.0,0,0,0,0,0,8.0,0.0,14436.66,8367.14,22803.8,0.0,-1078.25
2026-06-04T21:22:40.227+00:00,17030,c73b8aee-e184-4449-b355-58d5694dddce,,10,FAULT,0x0C80,SENSOR_RANGE|SELFTEST|OVERPRESSURE,0,0,0,0,0,0,0.0,0.0,0.0,14.126,8.532,1695.12,1023.84,130.91,73.39,1005.6,22.8,-1.2,0.0,0.0,0.0,,0.0,0,0,0,0,0,8.0,0.0,14735.0,8547.33,23282.34,0.0,844.15
2026-06-04T21:22:40.403+00:00,17206,c73b8aee-e184-4449-b355-58d5694dddce,,10,FAULT,0x0C80,SENSOR_RANGE|SELFTEST|OVERPRESSURE,0,0,0,0,0,0,0.0,0.0,0.0,14.154,8.559,1698.48,1027.08,94.01,59.83,1005.6,22.8,-1.2,0.0,0.0,0.0,,0.0,0,0,0,0,0,8.0,0.0,15033.94,8728.1,23762.04,0.0,-209.66
2026-06-04T21:22:40.579+00:00,17381,c73b8aee-e184-4449-b355-58d5694dddce,,10,FAULT,0x0C80,SENSOR_RANGE|SELFTEST|OVERPRESSURE,0,0,0,0,0,0,0.0,0.0,0.0,14.254,8.617,1710.48,1034.04,1.14,1.42,1005.6,22.8,-1.2,0.0,0.0,0.0,,0.0,0,0,0,0,0,8.0,0.0,15333.27,8909.06,24242.33,0.0,-530.69
2026-06-04T21:22:40.755+00:00,17557,c73b8aee-e184-4449-b355-58d5694dddce,,10,FAULT,0x0C80,SENSOR_RANGE|SELFTEST|OVERPRESSURE,0,0,0,0,0,0,0.0,0.0,0.0,14.274,8.594,1712.88,1031.28,183.21,112.5,1005.6,22.8,-1.2,0.0,0.0,0.0,,0.0,0,0,0,0,0,8.0,0.0,15634.74,9090.56,24725.3,0.0,1034.49
2026-06-04T21:22:40.932+00:00,17733,c73b8aee-e184-4449-b355-58d5694dddce,,10,FAULT,0x0C80,SENSOR_RANGE|SELFTEST|OVERPRESSURE,0,0,0,0,0,0,0.0,0.0,0.0,14.22,8.52,1706.4,1022.4,-25.0,-12.5,1005.6,22.8,-1.2,0.0,0.0,0.0,,0.0,0,0,0,0,0,8.0,0.0,15935.06,9270.5,25205.57,0.0,-1183.01
2026-06-04T21:22:41.108+00:00,17909,c73b8aee-e184-4449-b355-58d5694dddce,,10,FAULT,0x0C80,SENSOR_RANGE|SELFTEST|OVERPRESSURE,0,0,0,0,0,0,0.0,0.0,0.0,14.113,8.508,1693.56,1020.96,172.94,107.24,1005.6,22.8,-1.2,0.0,0.0,0.0,,0.0,0,0,0,0,0,8.0,0.0,16233.13,9450.19,25683.32,0.0,1124.66
2026-06-04T21:22:41.284+00:00,18085,c73b8aee-e184-4449-b355-58d5694dddce,,10,FAULT,0x0C80,SENSOR_RANGE|SELFTEST|OVERPRESSURE,0,0,0,0,0,0,0.0,0.0,0.0,14.035,8.485,1684.2,1018.2,-14.49,-5.04,1005.6,22.8,-1.2,0.0,0.0,0.0,,0.0,0,0,0,0,0,8.0,0.0,16529.55,9629.4,26158.95,0.0,-1064.94
2026-06-04T21:22:41.460+00:00,18262,c73b8aee-e184-4449-b355-58d5694dddce,,11,ESTOP,0x0C81,ESTOP|SENSOR_RANGE|SELFTEST|OVERPRESSURE,1,0,0,0,0,0,0.0,0.0,0.0,14.089,8.573,1690.68,1028.76,114.29,61.42,1005.6,22.8,-1.2,0.0,0.0,0.0,,0.0,0,0,0,0,0,8.0,0.0,16828.8,9811.49,26640.29,0.0,727.57
2026-06-04T21:22:41.637+00:00,18438,c73b8aee-e184-4449-b355-58d5694dddce,,11,ESTOP,0x0C81,ESTOP|SENSOR_RANGE|SELFTEST|OVERPRESSURE,1,0,0,0,0,0,0.0,0.0,0.0,14.173,8.614,1700.76,1033.68,113.8,71.32,1005.6,22.8,-1.2,0.0,0.0,0.0,,0.0,0,0,0,0,0,8.0,0.0,17128.13,9993.41,27121.55,0.0,-2.78
2026-06-04T21:22:41.813+00:00,18614,c73b8aee-e184-4449-b355-58d5694dddce,,11,ESTOP,0x0C81,ESTOP|SENSOR_RANGE|SELFTEST|OVERPRESSURE,1,0,0,0,0,0,0.0,0.0,0.0,14.285,8.63,1714.2,1035.6,-24.51,-12.5,1005.6,22.8,-1.2,0.0,0.0,0.0,,0.0,0,0,0,0,0,8.0,0.0,17429.83,10175.68,27605.51,0.0,-785.85
2026-06-04T21:22:41.989+00:00,18789,c73b8aee-e184-4449-b355-58d5694dddce,,11,ESTOP,0x0C81,ESTOP|SENSOR_RANGE|SELFTEST|OVERPRESSURE,1,0,0,0,0,0,0.0,0.0,0.0,14.289,8.595,1714.68,1031.4,182.23,112.5,1005.6,22.8,-1.2,0.0,0.0,0.0,,0.0,0,0,0,0,0,8.0,0.0,17729.9,10356.17,28086.08,0.0,1181.37
2026-06-04T21:22:42.166+00:00,18965,c73b8aee-e184-4449-b355-58d5694dddce,,11,ESTOP,0x0C81,ESTOP|SENSOR_RANGE|SELFTEST|OVERPRESSURE,1,0,0,0,0,0,0.0,0.0,0.0,14.186,8.497,1702.32,1019.64,-22.06,-12.5,1005.5,22.8,-1.3,0.0,0.0,0.0,,0.0,0,0,0,0,0,8.0,0.0,18029.51,10535.63,28565.14,0.0,-1160.74
2026-06-04T21:22:42.341+00:00,19141,c73b8aee-e184-4449-b355-58d5694dddce,,11,ESTOP,0x0C81,ESTOP|SENSOR_RANGE|SELFTEST|OVERPRESSURE,1,0,0,0,0,0,0.0,0.0,0.0,14.096,8.509,1691.52,1021.08,170.74,104.8,1005.6,22.8,-1.2,0.0,0.0,0.0,,0.0,0,0,0,0,0,8.0,0.0,18327.22,10715.34,29042.56,0.0,1095.45
2026-06-04T21:22:42.518+00:00,19317,c73b8aee-e184-4449-b355-58d5694dddce,,11,ESTOP,0x0C81,ESTOP|SENSOR_RANGE|SELFTEST|OVERPRESSURE,1,0,0,0,0,0,0.0,0.0,0.0,14.027,8.508,1683.24,1020.96,12.87,10.47,1005.6,22.8,-1.2,0.0,0.0,0.0,,0.0,0,0,0,0,0,8.0,0.0,18623.47,10895.03,29518.5,0.0,-896.99
2026-06-04T21:22:42.694+00:00,19493,c73b8aee-e184-4449-b355-58d5694dddce,,11,ESTOP,0x0C81,ESTOP|SENSOR_RANGE|SELFTEST|OVERPRESSURE,1,0,0,0,0,0,0.0,0.0,0.0,14.107,8.592,1692.84,1031.04,87.41,47.0,1005.6,22.8,-1.2,0.0,0.0,0.0,,0.0,0,0,0,0,0,8.0,0.0,18921.41,11076.49,29997.9,0.0,423.52
2026-06-04T21:22:42.870+00:00,19670,c73b8aee-e184-4449-b355-58d5694dddce,,11,ESTOP,0x0C81,ESTOP|SENSOR_RANGE|SELFTEST|OVERPRESSURE,1,0,0,0,0,0,0.0,0.0,0.0,14.212,8.648,1705.44,1037.76,132.86,81.46,1005.6,22.8,-1.2,0.0,0.0,0.0,,0.0,0,0,0,0,0,8.0,0.0,19223.27,11260.18,30483.45,0.0,256.78
2026-06-04T21:22:43.046+00:00,19845,c73b8aee-e184-4449-b355-58d5694dddce,,11,ESTOP,0x0C81,ESTOP|SENSOR_RANGE|SELFTEST|OVERPRESSURE,1,0,0,0,0,0,0.0,0.0,0.0,14.299,8.631,1715.88,1035.72,-25.0,-12.5,1005.6,22.8,-1.2,0.0,0.0,0.0,,0.0,0,0,0,0,0,8.0,0.0,19523.55,11441.43,30964.98,0.0,-902.06
2026-06-04T21:22:43.225+00:00,20021,c73b8aee-e184-4449-b355-58d5694dddce,,11,ESTOP,0x0C81,ESTOP|SENSOR_RANGE|SELFTEST|OVERPRESSURE,1,0,0,0,0,0,0.0,0.0,0.0,14.282,8.595,1713.84,1031.4,181.01,112.5,1005.5,22.8,-1.2,0.0,0.0,0.0,,0.0,0,0,0,0,0,8.0,0.0,19825.19,11622.95,31448.14,0.0,1170.51
2026-06-04T21:22:43.401+00:00,20197,c73b8aee-e184-4449-b355-58d5694dddce,,11,ESTOP,0x0C81,ESTOP|SENSOR_RANGE|SELFTEST|OVERPRESSURE,1,0,0,0,0,0,0.0,0.0,0.0,14.149,8.486,1697.88,1018.32,-21.57,-12.5,1005.6,22.8,-1.2,0.0,0.0,0.0,,0.0,0,0,0,0,0,8.0,0.0,20124.01,11802.18,31926.19,0.0,-1151.02
2026-06-04T21:22:43.577+00:00,20373,c73b8aee-e184-4449-b355-58d5694dddce,,11,ESTOP,0x0C81,ESTOP|SENSOR_RANGE|SELFTEST|OVERPRESSURE,1,0,0,0,0,0,0.0,0.0,0.0,14.082,8.511,1689.84,1021.32,168.79,99.54,1005.6,22.8,-1.2,0.0,0.0,0.0,,0.0,0,0,0,0,0,8.0,0.0,20421.42,11981.93,32403.36,0.0,1081.59
2026-06-04T21:22:43.753+00:00,20549,c73b8aee-e184-4449-b355-58d5694dddce,,11,ESTOP,0x0C81,ESTOP|SENSOR_RANGE|SELFTEST|OVERPRESSURE,1,0,0,0,0,0,0.0,0.0,0.0,14.057,8.536,1686.84,1024.32,21.43,17.43,1005.6,22.8,-1.2,0.0,0.0,0.0,,0.0,0,0,0,0,0,8.0,0.0,20718.31,12162.21,32880.52,0.0,-837.27
2026-06-04T21:22:43.929+00:00,20725,c73b8aee-e184-4449-b355-58d5694dddce,,11,ESTOP,0x0C81,ESTOP|SENSOR_RANGE|SELFTEST|OVERPRESSURE,1,0,0,0,0,0,0.0,0.0,0.0,14.163,8.613,1699.56,1033.56,73.48,39.3,1005.6,22.8,-1.2,0.0,0.0,0.0,,0.0,0,0,0,0,0,8.0,0.0,21017.43,12344.12,33361.55,0.0,295.74
2026-06-04T21:22:44.106+00:00,20901,c73b8aee-e184-4449-b355-58d5694dddce,,11,ESTOP,0x0C81,ESTOP|SENSOR_RANGE|SELFTEST|OVERPRESSURE,1,0,0,0,0,0,0.0,0.0,0.0,14.287,8.677,1714.44,1041.24,144.84,86.71,1005.6,22.8,-1.2,0.0,0.0,0.0,,0.0,0,0,0,0,0,8.0,0.0,21319.17,12527.38,33846.55,0.0,405.45
2026-06-04T21:22:44.282+00:00,21076,c73b8aee-e184-4449-b355-58d5694dddce,,11,ESTOP,0x0C81,ESTOP|SENSOR_RANGE|SELFTEST|OVERPRESSURE,1,0,0,0,0,0,0.0,0.0,0.0,14.322,8.629,1718.64,1035.48,-25.0,-12.5,1005.6,22.8,-1.2,0.0,0.0,0.0,,0.0,0,0,0,0,0,8.0,0.0,21619.93,12708.59,34328.52,0.0,-970.51
2026-06-04T21:22:44.458+00:00,21253,c73b8aee-e184-4449-b355-58d5694dddce,,11,ESTOP,0x0C81,ESTOP|SENSOR_RANGE|SELFTEST|OVERPRESSURE,1,0,0,0,0,0,0.0,0.0,0.0,14.295,8.596,1715.4,1031.52,179.78,112.5,1005.6,22.8,-1.2,0.0,0.0,0.0,,0.0,0,0,0,0,0,8.0,0.0,21923.56,12891.16,34814.72,0.0,1156.95
2026-06-04T21:22:44.635+00:00,21429,c73b8aee-e184-4449-b355-58d5694dddce,,11,ESTOP,0x0C81,ESTOP|SENSOR_RANGE|SELFTEST|OVERPRESSURE,1,0,0,0,0,0,0.0,0.0,0.0,14.136,8.48,1696.32,1017.6,-21.33,-12.5,1005.6,22.8,-1.2,0.0,0.0,0.0,,0.0,0,0,0,0,0,8.0,0.0,22222.11,13070.26,35292.37,0.0,-1142.67
2026-06-04T21:22:44.811+00:00,21605,c73b8aee-e184-4449-b355-58d5694dddce,,11,ESTOP,0x0C81,ESTOP|SENSOR_RANGE|SELFTEST|OVERPRESSURE,1,0,0,0,0,0,0.0,0.0,0.0,14.09,8.516,1690.8,1021.92,166.34,96.49,1005.6,22.8,-1.2,0.0,0.0,0.0,,0.0,0,0,0,0,0,8.0,0.0,22519.69,13250.12,35769.81,0.0,1066.31
2026-06-04T21:22:44.987+00:00,21781,c73b8aee-e184-4449-b355-58d5694dddce,,11,ESTOP,0x0C81,ESTOP|SENSOR_RANGE|SELFTEST|OVERPRESSURE,1,0,0,0,0,0,0.0,0.0,0.0,14.087,8.555,1690.44,1026.6,29.49,23.79,1005.6,22.8,-1.2,0.0,0.0,0.0,,0.0,0,0,0,0,0,8.0,0.0,22817.21,13430.8,36248.01,0.0,-777.56
2026-06-04T21:22:45.163+00:00,21957,c73b8aee-e184-4449-b355-58d5694dddce,,11,ESTOP,0x0C81,ESTOP|SENSOR_RANGE|SELFTEST|OVERPRESSURE,1,0,0,0,0,0,0.0,0.0,0.0,14.186,8.613,1702.32,1033.56,61.75,33.19,1005.6,22.8,-1.2,0.0,0.0,0.0,,0.0,0,0,0,0,0,8.0,0.0,23116.82,13612.71,36729.53,0.0,183.3
2026-06-04T21:22:45.339+00:00,22132,c73b8aee-e184-4449-b355-58d5694dddce,,11,ESTOP,0x0C81,ESTOP|SENSOR_RANGE|SELFTEST|OVERPRESSURE,0,0,0,0,0,0,0.0,0.0,0.0,14.324,8.681,1718.88,1041.72,155.1,91.36,1005.6,22.8,-1.2,0.0,0.0,0.0,,0.0,0,0,0,0,0,8.0,0.0,23417.62,13795.01,37212.63,0.0,533.43
2026-06-04T21:22:45.515+00:00,22308,c73b8aee-e184-4449-b355-58d5694dddce,,11,ESTOP,0x0C81,ESTOP|SENSOR_RANGE|SELFTEST|OVERPRESSURE,0,0,0,0,0,0,0.0,0.0,0.0,14.312,8.603,1717.44,1032.36,-25.0,-12.5,1005.6,22.8,-1.2,0.0,0.0,0.0,,0.0,0,0,0,0,0,8.0,0.0,23719.89,13976.7,37696.6,0.0,-1023.3
2026-06-04T21:22:45.692+00:00,22484,c73b8aee-e184-4449-b355-58d5694dddce,,11,ESTOP,0x0C81,ESTOP|SENSOR_RANGE|SELFTEST|OVERPRESSURE,0,0,0,0,0,0,0.0,0.0,0.0,14.268,8.569,1712.16,1028.28,179.78,112.5,1005.6,22.8,-1.2,0.0,0.0,0.0,,0.0,0,0,0,0,0,8.0,0.0,24021.23,14157.68,38178.91,0.0,1163.52
2026-06-04T21:22:45.868+00:00,22661,c73b8aee-e184-4449-b355-58d5694dddce,,11,ESTOP,0x0C81,ESTOP|SENSOR_RANGE|SELFTEST|OVERPRESSURE,0,0,0,0,0,0,0.0,0.0,0.0,14.075,8.442,1689.0,1013.04,-20.84,-12.5,1005.6,22.8,-1.2,0.0,0.0,0.0,,0.0,0,0,0,0,0,8.0,0.0,24320.19,14336.99,38657.18,0.0,-1133.45
2026-06-04T21:22:46.044+00:00,22837,c73b8aee-e184-4449-b355-58d5694dddce,,11,ESTOP,0x0C81,ESTOP|SENSOR_RANGE|SELFTEST|OVERPRESSURE,0,0,0,0,0,0,0.0,0.0,0.0,14.053,8.483,1686.36,1017.96,158.04,92.33,1005.6,22.8,-1.2,0.0,0.0,0.0,,0.0,0,0,0,0,0,8.0,0.0,24616.98,14516.15,39133.14,0.0,1016.36
2026-06-04T21:22:46.220+00:00,23013,c73b8aee-e184-4449-b355-58d5694dddce,,11,ESTOP,0x0C81,ESTOP|SENSOR_RANGE|SELFTEST|OVERPRESSURE,0,0,0,0,0,0,0.0,0.0,0.0,14.076,8.533,1689.12,1023.96,44.89,32.83,1005.6,22.8,-1.2,0.0,0.0,0.0,,0.0,0,0,0,0,0,8.0,0.0,24914.27,14696.37,39610.64,0.0,-642.9
2026-06-04T21:22:46.396+00:00,23189,c73b8aee-e184-4449-b355-58d5694dddce,,11,ESTOP,0x0C81,ESTOP|SENSOR_RANGE|SELFTEST|OVERPRESSURE,0,0,0,0,0,0,0.0,0.0,0.0,14.17,8.573,1700.4,1028.76,44.64,24.52,1005.6,22.8,-1.2,0.0,0.0,0.0,,0.0,0,0,0,0,0,8.0,0.0,25213.54,14877.43,40090.97,0.0,-1.42
2026-06-04T21:22:46.573+00:00,23364,c73b8aee-e184-4449-b355-58d5694dddce,,11,ESTOP,0x0C81,ESTOP|SENSOR_RANGE|SELFTEST|OVERPRESSURE,0,0,0,0,0,0,0.0,0.0,0.0,14.294,8.62,1715.28,1034.4,167.57,99.79,1005.6,22.8,-1.2,0.0,0.0,0.0,,0.0,0,0,0,0,0,8.0,0.0,25513.71,15058.45,40572.16,0.0,702.46
2026-06-04T21:22:46.749+00:00,23540,c73b8aee-e184-4449-b355-58d5694dddce,,11,ESTOP,0x0C81,ESTOP|SENSOR_RANGE|SELFTEST|OVERPRESSURE,0,0,0,0,0,0,0.0,0.0,0.0,14.253,8.541,1710.36,1024.92,-25.0,-12.5,1005.6,22.8,-1.2,0.0,0.0,0.0,,0.0,0,0,0,0,0,8.0,0.0,25814.74,15238.84,41053.57,0.0,-1094.15
2026-06-04T21:22:46.925+00:00,23716,c73b8aee-e184-4449-b355-58d5694dddce,,11,ESTOP,0x0C81,ESTOP|SENSOR_RANGE|SELFTEST|OVERPRESSURE,0,0,0,0,0,0,0.0,0.0,0.0,14.165,8.492,1699.8,1019.04,177.34,110.3,1005.6,22.8,-1.2,0.0,0.0,0.0,,0.0,0,0,0,0,0,8.0,0.0,26113.9,15418.19,41532.09,0.0,1149.66
2026-06-04T21:22:47.103+00:00,23892,c73b8aee-e184-4449-b355-58d5694dddce,,11,ESTOP,0x0C81,ESTOP|SENSOR_RANGE|SELFTEST|OVERPRESSURE,0,0,0,0,0,0,0.0,0.0,0.0,14.014,8.409,1681.68,1009.08,-19.86,-12.5,1005.6,22.8,-1.2,0.0,0.0,0.0,,0.0,0,0,0,0,0,8.0,0.0,26409.88,15595.78,42005.66,0.0,-1120.45
2026-06-04T21:22:47.280+00:00,24069,c73b8aee-e184-4449-b355-58d5694dddce,,11,ESTOP,0x0C81,ESTOP|SENSOR_RANGE|SELFTEST|OVERPRESSURE,0,0,0,0,0,0,0.0,0.0,0.0,13.965,8.44,1675.8,1012.8,148.5,87.2,1005.5,22.8,-1.2,0.0,0.0,0.0,,0.0,0,0,0,0,0,8.0,0.0,26706.49,15775.05,42481.54,0.0,951.19
2026-06-04T21:22:47.456+00:00,24245,c73b8aee-e184-4449-b355-58d5694dddce,,11,ESTOP,0x0C81,ESTOP|SENSOR_RANGE|SELFTEST|OVERPRESSURE,0,0,0,0,0,0,0.0,0.0,0.0,14.044,8.508,1685.28,1020.96,63.22,42.24,1005.5,22.8,-1.3,0.0,0.0,0.0,,0.0,0,0,0,0,0,8.0,0.0,27003.1,15954.74,42957.84,0.0,-484.55
2026-06-04T21:22:47.632+00:00,24420,c73b8aee-e184-4449-b355-58d5694dddce,,11,ESTOP,0x0C81,ESTOP|SENSOR_RANGE|SELFTEST|OVERPRESSURE,0,0,0,0,0,0,0.0,0.0,0.0,14.148,8.551,1697.76,1026.12,29.0,16.45,1005.6,22.8,-1.2,0.0,0.0,0.0,,0.0,0,0,0,0,0,8.0,0.0,27300.21,16134.31,43434.52,0.0,-195.54
2026-06-04T21:22:47.808+00:00,24596,c73b8aee-e184-4449-b355-58d5694dddce,,11,ESTOP,0x0C81,ESTOP|SENSOR_RANGE|SELFTEST|OVERPRESSURE,0,0,0,0,0,0,0.0,0.0,0.0,14.262,8.582,1711.44,1029.84,183.45,108.22,1005.6,22.8,-1.2,0.0,0.0,0.0,,0.0,0,0,0,0,0,8.0,0.0,27601.43,16315.56,43916.99,0.0,877.56
2026-06-04T21:22:47.985+00:00,24772,c73b8aee-e184-4449-b355-58d5694dddce,,11,ESTOP,0x0C81,ESTOP|SENSOR_RANGE|SELFTEST|OVERPRESSURE,0,0,0,0,0,0,0.0,0.0,0.0,14.221,8.51,1706.52,1021.2,-25.0,-12.5,1005.6,22.8,-1.2,0.0,0.0,0.0,,0.0,0,0,0,0,0,8.0,0.0,27901.77,16495.29,44397.07,0.0,-1184.38
2026-06-04T21:22:48.161+00:00,24948,c73b8aee-e184-4449-b355-58d5694dddce,,11,ESTOP,0x0C81,ESTOP|SENSOR_RANGE|SELFTEST|OVERPRESSURE,0,0,0,0,0,0,0.0,0.0,0.0,14.112,8.455,1693.44,1014.6,173.43,107.73,1005.6,22.8,-1.2,0.0,0.0,0.0,,0.0,0,0,0,0,0,8.0,0.0,28199.82,16673.86,44873.68,0.0,1127.44
2026-06-04T21:22:48.337+00:00,25124,c73b8aee-e184-4449-b355-58d5694dddce,,11,ESTOP,0x0C81,ESTOP|SENSOR_RANGE|SELFTEST|OVERPRESSURE,0,0,0,0,0,0,0.0,0.0,0.0,13.968,8.39,1676.16,1006.8,-18.4,-10.42,1005.6,22.8,-1.2,0.0,0.0,0.0,,0.0,0,0,0,0,0,8.0,0.0,28494.82,16851.06,45345.88,0.0,-1089.94
2026-06-04T21:22:48.513+00:00,25300,c73b8aee-e184-4449-b355-58d5694dddce,,11,ESTOP,0x0C81,ESTOP|SENSOR_RANGE|SELFTEST|OVERPRESSURE,0,0,0,0,0,0,0.0,0.0,0.0,13.932,8.43,1671.84,1011.6,132.62,75.59,1005.6,22.8,-1.2,0.0,0.0,0.0,,0.0,0,0,0,0,0,8.0,0.0,28789.07,17029.1,45818.17,0.0,858.07
2026-06-04T21:22:48.689+00:00,25477,c73b8aee-e184-4449-b355-58d5694dddce,,11,ESTOP,0x0C81,ESTOP|SENSOR_RANGE|SELFTEST|OVERPRESSURE,0,0,0,0,0,0,0.0,0.0,0.0,14.033,8.505,1683.96,1020.6,90.59,56.78,1005.6,22.8,-1.2,0.0,0.0,0.0,,0.0,0,0,0,0,0,8.0,0.0,29087.13,17209.75,46296.87,0.0,-237.46
2026-06-04T21:22:48.865+00:00,25652,c73b8aee-e184-4449-b355-58d5694dddce,,11,ESTOP,0x0C81,ESTOP|SENSOR_RANGE|SELFTEST|OVERPRESSURE,0,0,0,0,0,0,0.0,0.0,0.0,14.145,8.547,1697.4,1025.64,2.37,3.75,1005.6,22.8,-1.2,0.0,0.0,0.0,,0.0,0,0,0,0,0,8.0,0.0,29384.17,17389.23,46773.41,0.0,-504.11
2026-06-04T21:22:49.042+00:00,25828,c73b8aee-e184-4449-b355-58d5694dddce,,11,ESTOP,0x0C81,ESTOP|SENSOR_RANGE|SELFTEST|OVERPRESSURE,0,0,0,0,0,0,0.0,0.0,0.0,14.253,8.569,1710.36,1028.28,183.45,111.52,1005.6,22.8,-1.2,0.0,0.0,0.0,,0.0,0,0,0,0,0,8.0,0.0,29685.2,17570.21,47255.41,0.0,1028.86
2026-06-04T21:22:49.218+00:00,26004,c73b8aee-e184-4449-b355-58d5694dddce,,11,ESTOP,0x0C81,ESTOP|SENSOR_RANGE|SELFTEST|OVERPRESSURE,0,0,0,0,0,0,0.0,0.0,0.0,14.2,8.494,1704.0,1019.28,-25.0,-12.5,1005.6,22.8,-1.2,0.0,0.0,0.0,,0.0,0,0,0,0,0,8.0,0.0,29985.1,17749.6,47734.7,0.0,-1184.38
2026-06-04T21:22:49.394+00:00,26180,c73b8aee-e184-4449-b355-58d5694dddce,,11,ESTOP,0x0C81,ESTOP|SENSOR_RANGE|SELFTEST|OVERPRESSURE,0,0,0,0,0,0,0.0,0.0,0.0,14.074,8.438,1688.88,1012.56,172.94,107.36,1005.6,22.8,-1.2,0.0,0.0,0.0,,0.0,0,0,0,0,0,8.0,0.0,30282.34,17927.82,48210.16,0.0,1124.66
2026-06-04T21:22:49.570+00:00,26356,c73b8aee-e184-4449-b355-58d5694dddce,,11,ESTOP,0x0C81,ESTOP|SENSOR_RANGE|SELFTEST|OVERPRESSURE,0,0,0,0,0,0,0.0,0.0,0.0,13.945,8.389,1673.4,1006.68,-14.24,-4.92,1005.6,22.8,-1.2,0.0,0.0,0.0,,0.0,0,0,0,0,0,8.0,0.0,30576.86,18104.99,48681.85,0.0,-1063.52
2026-06-04T21:22:49.748+00:00,26532,c73b8aee-e184-4449-b355-58d5694dddce,,11,ESTOP,0x0C81,ESTOP|SENSOR_RANGE|SELFTEST|OVERPRESSURE,0,0,0,0,0,0,0.0,0.0,0.0,13.923,8.438,1670.76,1012.56,122.36,67.28,1005.5,22.8,-1.3,0.0,0.0,0.0,,0.0,0,0,0,0,0,8.0,0.0,30870.91,18283.2,49154.12,0.0,776.14
2026-06-04T21:22:49.923+00:00,26708,c73b8aee-e184-4449-b355-58d5694dddce,,10,FAULT,0x0C81,ESTOP|SENSOR_RANGE|SELFTEST|OVERPRESSURE,0,1,0,0,0,0,0.0,0.0,0.0,14.066,8.544,1687.92,1025.28,106.72,66.92,1005.6,22.8,-1.2,0.0,0.0,0.0,,0.0,0,0,0,0,0,8.0,0.0,31167.99,18463.65,49631.64,0.0,-88.86
2026-06-04T21:22:50.099+00:00,26884,c73b8aee-e184-4449-b355-58d5694dddce,,10,FAULT,0x0C81,ESTOP|SENSOR_RANGE|SELFTEST|OVERPRESSURE,0,1,0,0,0,0,0.0,0.0,0.0,14.191,8.58,1702.92,1029.6,-25.0,-11.64,1005.6,22.8,-1.2,0.0,0.0,0.0,,0.0,0,0,0,0,0,8.0,0.0,31467.7,18644.86,50112.56,0.0,-748.41
2026-06-04T21:22:50.275+00:00,27060,c73b8aee-e184-4449-b355-58d5694dddce,,10,FAULT,0x0C81,ESTOP|SENSOR_RANGE|SELFTEST|OVERPRESSURE,0,1,0,0,0,0,0.0,0.0,0.0,14.249,8.559,1709.88,1027.08,182.23,112.5,1005.6,22.8,-1.2,0.0,0.0,0.0,,0.0,0,0,0,0,0,8.0,0.0,31768.64,18825.63,50594.27,0.0,1177.44
2026-06-04T21:22:50.454+00:00,27236,c73b8aee-e184-4449-b355-58d5694dddce,,10,FAULT,0x0C81,ESTOP|SENSOR_RANGE|SELFTEST|OVERPRESSURE,0,1,0,0,0,0,0.0,0.0,0.0,14.161,8.482,1699.32,1017.84,-22.06,-12.5,1005.6,22.8,-1.2,0.0,0.0,0.0,,0.0,0,0,0,0,0,8.0,0.0,32067.72,19004.77,51072.49,0.0,-1160.74
2026-06-04T21:22:50.630+00:00,27412,c73b8aee-e184-4449-b355-58d5694dddce,,10,FAULT,0x0C81,ESTOP|SENSOR_RANGE|SELFTEST|OVERPRESSURE,0,1,0,0,0,0,0.0,0.0,0.0,14.04,8.442,1684.8,1013.04,171.23,104.67,1005.6,22.8,-1.2,0.0,0.0,0.0,,0.0,0,0,0,0,0,8.0,0.0,32364.25,19183.06,51547.31,0.0,1098.24
2026-06-04T21:22:50.806+00:00,27588,c73b8aee-e184-4449-b355-58d5694dddce,,10,FAULT,0x0C81,ESTOP|SENSOR_RANGE|SELFTEST|OVERPRESSURE,0,1,0,0,0,0,0.0,0.0,0.0,14.029,8.509,1683.48,1021.08,15.56,12.06,1005.6,22.8,-1.2,0.0,0.0,0.0,,0.0,0,0,0,0,0,8.0,0.0,32660.54,19362.77,52023.31,0.0,-884.49
2026-06-04T21:22:50.982+00:00,27764,c73b8aee-e184-4449-b355-58d5694dddce,,10,FAULT,0x0C81,ESTOP|SENSOR_RANGE|SELFTEST|OVERPRESSURE,0,1,0,0,0,0,0.0,0.0,0.0,14.024,8.523,1682.88,1022.76,82.52,45.41,1005.6,22.8,-1.2,0.0,0.0,0.0,,0.0,0,0,0,0,0,8.0,0.0,32956.73,19542.78,52499.5,0.0,380.45
2026-06-04T21:22:51.159+00:00,27940,c73b8aee-e184-4449-b355-58d5694dddce,,10,FAULT,0x0C81,ESTOP|SENSOR_RANGE|SELFTEST|OVERPRESSURE,0,1,0,0,0,0,0.0,0.0,0.0,14.256,8.674,1710.72,1040.88,138.97,82.56,1005.6,22.8,-1.2,0.0,0.0,0.0,,0.0,0,0,0,0,0,8.0,0.0,33257.81,19725.97,52983.79,0.0,320.74
2026-06-04T21:22:51.335+00:00,28115,c73b8aee-e184-4449-b355-58d5694dddce,,10,FAULT,0x0C81,ESTOP|SENSOR_RANGE|SELFTEST|OVERPRESSURE,0,1,0,0,0,0,0.0,0.0,0.0,14.282,8.628,1713.84,1035.36,-25.0,-12.5,1005.6,22.9,-1.2,0.0,0.0,0.0,,0.0,0,0,0,0,0,8.0,0.0,33557.73,19907.16,53464.9,0.0,-936.97
2026-06-04T21:22:51.511+00:00,28292,c73b8aee-e184-4449-b355-58d5694dddce,,10,FAULT,0x0C81,ESTOP|SENSOR_RANGE|SELFTEST|OVERPRESSURE,0,1,0,0,0,0,0.0,0.0,0.0,14.314,8.599,1717.68,1031.88,181.25,112.5,1005.6,22.8,-1.2,0.0,0.0,0.0,,0.0,0,0,0,0,0,8.0,0.0,33861.76,20089.8,53951.57,0.0,1165.25
2026-06-04T21:22:51.688+00:00,28468,c73b8aee-e184-4449-b355-58d5694dddce,,10,FAULT,0x0C81,ESTOP|SENSOR_RANGE|SELFTEST|OVERPRESSURE,0,1,0,0,0,0,0.0,0.0,0.0,14.202,8.537,1704.24,1024.44,-20.6,-12.5,1005.6,22.8,-1.2,0.0,0.0,0.0,,0.0,0,0,0,0,0,8.0,0.0,34161.71,20270.1,54431.81,0.0,-1146.88
2026-06-04T21:22:51.863+00:00,28644,c73b8aee-e184-4449-b355-58d5694dddce,,10,FAULT,0x0C81,ESTOP|SENSOR_RANGE|SELFTEST|OVERPRESSURE,0,1,0,0,0,0,0.0,0.0,0.0,14.061,8.483,1687.32,1017.96,167.32,96.98,1005.6,22.8,-1.2,0.0,0.0,0.0,,0.0,0,0,0,0,0,8.0,0.0,34458.68,20449.27,54907.94,0.0,1067.73
2026-06-04T21:22:52.040+00:00,28820,c73b8aee-e184-4449-b355-58d5694dddce,,10,FAULT,0x0C81,ESTOP|SENSOR_RANGE|SELFTEST|OVERPRESSURE,0,1,0,0,0,0,0.0,0.0,0.0,14.107,8.59,1692.84,1030.8,31.2,24.03,1005.6,22.8,-1.2,0.0,0.0,0.0,,0.0,0,0,0,0,0,8.0,0.0,34756.62,20630.69,55387.3,0.0,-773.41
2026-06-04T21:22:52.216+00:00,28996,c73b8aee-e184-4449-b355-58d5694dddce,,10,FAULT,0x0C81,ESTOP|SENSOR_RANGE|SELFTEST|OVERPRESSURE,0,1,0,0,0,0,0.0,0.0,0.0,14.119,8.606,1694.28,1032.72,60.77,33.07,1005.6,22.8,-1.2,0.0,0.0,0.0,,0.0,0,0,0,0,0,8.0,0.0,35054.81,20812.44,55867.26,0.0,168.01
2026-06-04T21:22:52.392+00:00,29172,c73b8aee-e184-4449-b355-58d5694dddce,,10,FAULT,0x0C81,ESTOP|SENSOR_RANGE|SELFTEST|OVERPRESSURE,0,1,0,0,0,0,0.0,0.0,0.0,14.334,8.721,1720.08,1046.52,158.52,93.43,1005.6,22.9,-1.2,0.0,0.0,0.0,,0.0,0,0,0,0,0,8.0,0.0,35357.55,20996.63,56354.18,0.0,555.4
2026-06-04T21:22:52.568+00:00,29347,c73b8aee-e184-4449-b355-58d5694dddce,,10,FAULT,0x0C81,ESTOP|SENSOR_RANGE|SELFTEST|OVERPRESSURE,0,1,0,0,0,0,0.0,0.0,0.0,14.356,8.682,1722.72,1041.84,-25.0,-12.5,1005.6,22.8,-1.2,0.0,0.0,0.0,,0.0,0,0,0,0,0,8.0,0.0,35659.02,21178.95,56837.98,0.0,-1048.69
2026-06-04T21:22:52.745+00:00,29523,c73b8aee-e184-4449-b355-58d5694dddce,,10,FAULT,0x0C81,ESTOP|SENSOR_RANGE|SELFTEST|OVERPRESSURE,0,1,0,0,0,0,0.0,0.0,0.0,14.318,8.615,1718.16,1033.8,181.01,112.5,1005.6,22.9,-1.2,0.0,0.0,0.0,,0.0,0,0,0,0,0,8.0,0.0,35961.42,21360.9,57322.32,0.0,1170.51
2026-06-04T21:22:52.921+00:00,29700,c73b8aee-e184-4449-b355-58d5694dddce,,10,FAULT,0x0C81,ESTOP|SENSOR_RANGE|SELFTEST|OVERPRESSURE,0,1,0,0,0,0,0.0,0.0,0.0,14.212,8.566,1705.44,1027.92,-19.86,-12.5,1005.6,22.9,-1.2,0.0,0.0,0.0,,0.0,0,0,0,0,0,8.0,0.0,36263.28,21542.85,57806.13,0.0,-1134.86
2026-06-04T21:22:53.097+00:00,29876,c73b8aee-e184-4449-b355-58d5694dddce,,10,FAULT,0x0C81,ESTOP|SENSOR_RANGE|SELFTEST|OVERPRESSURE,0,1,0,0,0,0,0.0,0.0,0.0,14.07,8.516,1688.4,1021.92,158.04,91.84,1005.6,22.8,-1.2,0.0,0.0,0.0,,0.0,0,0,0,0,0,8.0,0.0,36560.44,21722.7,58283.14,0.0,1010.8
2026-06-04T21:22:53.273+00:00,30052,c73b8aee-e184-4449-b355-58d5694dddce,,10,FAULT,0x0C81,ESTOP|SENSOR_RANGE|SELFTEST|OVERPRESSURE,0,1,0,0,0,0,0.0,0.0,0.0,14.158,8.636,1698.96,1036.32,49.53,35.03,1005.6,22.9,-1.2,0.0,0.0,0.0,,0.0,0,0,0,0,0,8.0,0.0,36859.46,21905.1,58764.55,0.0,-616.53
2026-06-04T21:22:53.449+00:00,30228,c73b8aee-e184-4449-b355-58d5694dddce,,10,FAULT,0x0C81,ESTOP|SENSOR_RANGE|SELFTEST|OVERPRESSURE,0,1,0,0,0,0,0.0,0.0,0.0,14.193,8.66,1703.16,1039.2,40.73,21.95,1005.6,22.8,-1.2,0.0,0.0,0.0,,0.0,0,0,0,0,0,8.0,0.0,37159.21,22087.99,59247.21,0.0,-50.0
2026-06-04T21:22:53.628+00:00,30403,c73b8aee-e184-4449-b355-58d5694dddce,,10,FAULT,0x0C81,ESTOP|SENSOR_RANGE|SELFTEST|OVERPRESSURE,0,1,0,0,0,0,0.0,0.0,0.0,14.391,8.748,1726.92,1049.76,176.12,104.06,1005.6,22.8,-1.2,0.0,0.0,0.0,,0.0,0,0,0,0,0,8.0,0.0,37461.42,22271.7,59733.13,0.0,773.66
2026-06-04T21:22:53.802+00:00,30579,c73b8aee-e184-4449-b355-58d5694dddce,,10,FAULT,0x0C81,ESTOP|SENSOR_RANGE|SELFTEST|OVERPRESSURE,0,1,0,0,0,0,0.0,0.0,0.0,14.405,8.709,1728.6,1045.08,-25.0,-12.5,1005.6,22.8,-1.2,0.0,0.0,0.0,,0.0,0,0,0,0,0,8.0,0.0,37765.66,22455.64,60221.29,0.0,-1142.73
2026-06-04T21:22:53.980+00:00,30755,c73b8aee-e184-4449-b355-58d5694dddce,,10,FAULT,0x0C81,ESTOP|SENSOR_RANGE|SELFTEST|OVERPRESSURE,0,1,0,0,0,0,0.0,0.0,0.0,14.323,8.626,1718.76,1035.12,175.63,108.71,1005.6,22.9,-1.2,0.0,0.0,0.0,,0.0,0,0,0,0,0,8.0,0.0,38068.16,22637.82,60705.98,0.0,1139.94
2026-06-04T21:22:54.156+00:00,30931,c73b8aee-e184-4449-b355-58d5694dddce,,10,FAULT,0x0C81,ESTOP|SENSOR_RANGE|SELFTEST|OVERPRESSURE,0,1,0,0,0,0,0.0,0.0,0.0,14.224,8.593,1706.88,1031.16,-18.4,-12.5,1005.6,22.9,-1.2,0.0,0.0,0.0,,0.0,0,0,0,0,0,8.0,0.0,38368.57,22819.3,61187.87,0.0,-1102.44
2026-06-04T21:22:54.333+00:00,31108,c73b8aee-e184-4449-b355-58d5694dddce,,10,FAULT,0x0C81,ESTOP|SENSOR_RANGE|SELFTEST|OVERPRESSURE,0,1,0,0,0,0,0.0,0.0,0.0,14.088,8.558,1690.56,1026.96,140.44,80.85,1005.5,22.9,-1.3,0.0,0.0,0.0,,0.0,0,0,0,0,0,8.0,0.0,38667.8,23001.07,61668.87,0.0,897.4
2026-06-04T21:22:54.509+00:00,31284,c73b8aee-e184-4449-b355-58d5694dddce,,10,FAULT,0x0C81,ESTOP|SENSOR_RANGE|SELFTEST|OVERPRESSURE,0,1,0,0,0,0,0.0,0.0,0.0,14.23,8.687,1707.6,1042.44,83.01,52.01,1005.6,22.9,-1.2,0.0,0.0,0.0,,0.0,0,0,0,0,0,8.0,0.0,38968.34,23184.54,62152.88,0.0,-326.31
2026-06-04T21:22:54.685+00:00,31460,c73b8aee-e184-4449-b355-58d5694dddce,,10,FAULT,0x0C81,ESTOP|SENSOR_RANGE|SELFTEST|OVERPRESSURE,0,1,0,0,0,0,0.0,0.0,0.0,14.297,8.72,1715.64,1046.4,10.43,7.53,1005.6,22.9,-1.2,0.0,0.0,0.0,,0.0,0,0,0,0,0,8.0,0.0,39270.29,23368.71,62639.0,0.0,-412.39
2026-06-04T21:22:54.861+00:00,31635,c73b8aee-e184-4449-b355-58d5694dddce,,10,FAULT,0x0C81,ESTOP|SENSOR_RANGE|SELFTEST|OVERPRESSURE,0,1,0,0,0,0,0.0,0.0,0.0,14.468,8.774,1736.16,1052.88,184.67,112.13,1005.5,22.9,-1.2,0.0,0.0,0.0,,0.0,0,0,0,0,0,8.0,0.0,39574.12,23552.96,63127.08,0.0,995.66
2026-06-04T21:22:55.037+00:00,31811,c73b8aee-e184-4449-b355-58d5694dddce,,10,FAULT,0x0C81,ESTOP|SENSOR_RANGE|SELFTEST|OVERPRESSURE,0,1,0,0,0,0,0.0,0.0,0.0,14.474,8.741,1736.88,1048.92,-25.0,-12.5,1005.6,22.9,-1.2,0.0,0.0,0.0,,0.0,0,0,0,0,0,8.0,0.0,39879.81,23737.57,63617.38,0.0,-1191.31
2026-06-04T21:22:55.214+00:00,31987,c73b8aee-e184-4449-b355-58d5694dddce,,10,FAULT,0x0C81,ESTOP|SENSOR_RANGE|SELFTEST|OVERPRESSURE,0,1,0,0,0,0,0.0,0.0,0.0,14.348,8.643,1721.76,1037.16,173.92,107.36,1005.6,22.9,-1.2,0.0,0.0,0.0,,0.0,0,0,0,0,0,8.0,0.0,40182.84,23920.11,64102.95,0.0,1130.23
2026-06-04T21:22:55.390+00:00,32163,c73b8aee-e184-4449-b355-58d5694dddce,,10,FAULT,0x0C81,ESTOP|SENSOR_RANGE|SELFTEST|OVERPRESSURE,0,1,0,0,0,0,0.0,0.0,0.0,14.27,8.637,1712.4,1036.44,-14.24,-5.29,1005.6,22.9,-1.2,0.0,0.0,0.0,,0.0,0,0,0,0,0,8.0,0.0,40484.22,24102.53,64586.75,0.0,-1069.09
2026-06-04T21:22:55.566+00:00,32339,c73b8aee-e184-4449-b355-58d5694dddce,,10,FAULT,0x0C81,ESTOP|SENSOR_RANGE|SELFTEST|OVERPRESSURE,0,1,0,0,0,0,0.0,0.0,0.0,14.168,8.62,1700.16,1034.4,125.04,69.0,1005.6,22.9,-1.2,0.0,0.0,0.0,,0.0,0,0,0,0,0,8.0,0.0,40783.45,24284.58,65068.03,0.0,791.36
2026-06-04T21:22:55.742+00:00,32516,c73b8aee-e184-4449-b355-58d5694dddce,,10,FAULT,0x0C81,ESTOP|SENSOR_RANGE|SELFTEST|OVERPRESSURE,0,1,0,0,0,0,0.0,0.0,0.0,14.329,8.744,1719.48,1049.28,105.0,64.84,1005.6,22.9,-1.2,0.0,0.0,0.0,,0.0,0,0,0,0,0,8.0,0.0,41087.8,24470.3,65558.1,0.0,-113.22
2026-06-04T21:22:55.919+00:00,32692,c73b8aee-e184-4449-b355-58d5694dddce,,10,FAULT,0x0C81,ESTOP|SENSOR_RANGE|SELFTEST|OVERPRESSURE,0,1,0,0,0,0,0.0,0.0,0.0,14.415,8.78,1729.8,1053.6,-15.22,-7.97,1005.5,22.9,-1.3,0.0,0.0,0.0,,0.0,0,0,0,0,0,8.0,0.0,41392.24,24655.74,66047.98,0.0,-683.07
2026-06-04T21:22:56.095+00:00,32867,c73b8aee-e184-4449-b355-58d5694dddce,,10,FAULT,0x0C81,ESTOP|SENSOR_RANGE|SELFTEST|OVERPRESSURE,0,1,0,0,0,0,0.0,0.0,0.0,14.515,8.771,1741.8,1052.52,182.72,112.5,1005.6,22.9,-1.2,0.0,0.0,0.0,,0.0,0,0,0,0,0,8.0,0.0,41697.06,24839.93,66536.98,0.0,1131.09
2026-06-04T21:22:56.271+00:00,33043,c73b8aee-e184-4449-b355-58d5694dddce,,10,FAULT,0x0C81,ESTOP|SENSOR_RANGE|SELFTEST|OVERPRESSURE,0,1,0,0,0,0,0.0,0.0,0.0,14.502,8.748,1740.24,1049.76,-22.55,-12.5,1005.6,22.9,-1.2,0.0,0.0,0.0,,0.0,0,0,0,0,0,8.0,0.0,42003.34,25024.69,67028.02,0.0,-1166.31
2026-06-04T21:22:56.447+00:00,33219,c73b8aee-e184-4449-b355-58d5694dddce,,10,FAULT,0x0C81,ESTOP|SENSOR_RANGE|SELFTEST|OVERPRESSURE,0,1,0,0,0,0,0.0,0.0,0.0,14.346,8.652,1721.52,1038.24,172.21,105.41,1005.6,22.9,-1.2,0.0,0.0,0.0,,0.0,0,0,0,0,0,8.0,0.0,42306.33,25207.42,67513.74,0.0,1106.59
2026-06-04T21:22:56.623+00:00,33395,c73b8aee-e184-4449-b355-58d5694dddce,,10,FAULT,0x0C81,ESTOP|SENSOR_RANGE|SELFTEST|OVERPRESSURE,0,1,0,0,0,0,0.0,0.0,0.0,14.306,8.685,1716.72,1042.2,11.65,8.63,1005.6,22.9,-1.2,0.0,0.0,0.0,,0.0,0,0,0,0,0,8.0,0.0,42608.47,25390.84,67999.31,0.0,-912.27
2026-06-04T21:22:56.800+00:00,33571,c73b8aee-e184-4449-b355-58d5694dddce,,10,FAULT,0x0C81,ESTOP|SENSOR_RANGE|SELFTEST|OVERPRESSURE,0,1,0,0,0,0,0.0,0.0,0.0,14.243,8.693,1709.16,1043.16,95.72,52.13,1005.6,22.9,-1.2,0.0,0.0,0.0,,0.0,0,0,0,0,0,8.0,0.0,42909.28,25574.44,68483.72,0.0,477.67
2026-06-04T21:22:56.976+00:00,33747,c73b8aee-e184-4449-b355-58d5694dddce,,10,FAULT,0x0C81,ESTOP|SENSOR_RANGE|SELFTEST|OVERPRESSURE,0,1,0,0,0,0,0.0,0.0,0.0,14.415,8.8,1729.8,1056.0,129.2,77.79,1005.6,22.9,-1.2,0.0,0.0,0.0,,0.0,0,0,0,0,0,8.0,0.0,43213.73,25760.3,68974.02,0.0,190.23
2026-06-04T21:22:57.152+00:00,33923,c73b8aee-e184-4449-b355-58d5694dddce,,10,FAULT,0x0C81,ESTOP|SENSOR_RANGE|SELFTEST|OVERPRESSURE,0,1,0,0,0,0,0.0,0.0,0.0,14.524,8.838,1742.88,1060.56,-25.0,-12.5,1005.6,22.9,-1.2,0.0,0.0,0.0,,0.0,0,0,0,0,0,8.0,0.0,43520.47,25946.95,69467.43,0.0,-876.14
2026-06-04T21:22:57.329+00:00,34099,c73b8aee-e184-4449-b355-58d5694dddce,,10,FAULT,0x0C81,ESTOP|SENSOR_RANGE|SELFTEST|OVERPRESSURE,0,1,0,0,0,0,0.0,0.0,0.0,14.538,8.766,1744.56,1051.92,181.98,112.5,1005.6,22.9,-1.2,0.0,0.0,0.0,,0.0,0,0,0,0,0,8.0,0.0,43827.51,26132.09,69959.61,0.0,1176.02
2026-06-04T21:22:57.504+00:00,34275,c73b8aee-e184-4449-b355-58d5694dddce,,10,FAULT,0x0C81,ESTOP|SENSOR_RANGE|SELFTEST|OVERPRESSURE,0,1,0,0,0,0,0.0,0.0,0.0,14.517,8.747,1742.04,1049.64,-20.6,-12.5,1005.5,22.9,-1.2,0.0,0.0,0.0,,0.0,0,0,0,0,0,8.0,0.0,44134.11,26316.83,70450.94,0.0,-1151.02
2026-06-04T21:22:57.683+00:00,34451,c73b8aee-e184-4449-b355-58d5694dddce,,10,FAULT,0x0C81,ESTOP|SENSOR_RANGE|SELFTEST|OVERPRESSURE,0,1,0,0,0,0,0.0,0.0,0.0,14.335,8.649,1720.2,1037.88,169.52,98.93,1005.6,22.9,-1.2,0.0,0.0,0.0,,0.0,0,0,0,0,0,8.0,0.0,44436.87,26499.5,70936.37,0.0,1080.23
2026-06-04T21:22:57.859+00:00,34627,c73b8aee-e184-4449-b355-58d5694dddce,,10,FAULT,0x0C81,ESTOP|SENSOR_RANGE|SELFTEST|OVERPRESSURE,0,1,0,0,0,0,0.0,0.0,0.0,14.321,8.693,1718.52,1043.16,27.05,20.85,1005.5,22.9,-1.2,0.0,0.0,0.0,,0.0,0,0,0,0,0,8.0,0.0,44739.33,26683.09,71422.42,0.0,-809.49
2026-06-04T21:22:58.035+00:00,34803,c73b8aee-e184-4449-b355-58d5694dddce,,10,FAULT,0x0C81,ESTOP|SENSOR_RANGE|SELFTEST|OVERPRESSURE,0,1,0,0,0,0,0.0,0.0,0.0,14.311,8.719,1717.32,1046.28,64.19,35.52,1005.5,22.9,-1.3,0.0,0.0,0.0,,0.0,0,0,0,0,0,8.0,0.0,45041.58,26867.24,71908.81,0.0,211.02
2026-06-04T21:22:58.211+00:00,34978,c73b8aee-e184-4449-b355-58d5694dddce,,10,FAULT,0x0C81,ESTOP|SENSOR_RANGE|SELFTEST|OVERPRESSURE,0,1,0,0,0,0,0.0,0.0,0.0,14.484,8.798,1738.08,1055.76,156.32,91.6,1005.6,22.9,-1.2,0.0,0.0,0.0,,0.0,0,0,0,0,0,8.0,0.0,45345.74,27052.0,72397.74,0.0,526.46
2026-06-04T21:22:58.388+00:00,35154,c73b8aee-e184-4449-b355-58d5694dddce,,10,FAULT,0x0C81,ESTOP|SENSOR_RANGE|SELFTEST|OVERPRESSURE,0,1,0,0,0,0,0.0,0.0,0.0,14.584,8.828,1750.08,1059.36,-25.0,-12.5,1005.6,22.9,-1.2,0.0,0.0,0.0,,0.0,0,0,0,0,0,8.0,0.0,45653.76,27238.44,72892.2,0.0,-1030.23
2026-06-04T21:22:58.564+00:00,35331,c73b8aee-e184-4449-b355-58d5694dddce,,10,FAULT,0x0C81,ESTOP|SENSOR_RANGE|SELFTEST|OVERPRESSURE,0,1,0,0,0,0,0.0,0.0,0.0,14.525,8.712,1743.0,1045.44,180.76,112.5,1005.6,22.9,-1.2,0.0,0.0,0.0,,0.0,0,0,0,0,0,8.0,0.0,45962.27,27423.49,73385.75,0.0,1162.49
2026-06-04T21:22:58.740+00:00,35507,c73b8aee-e184-4449-b355-58d5694dddce,,10,FAULT,0x0C81,ESTOP|SENSOR_RANGE|SELFTEST|OVERPRESSURE,0,1,0,0,0,0,0.0,0.0,0.0,14.471,8.676,1736.52,1041.12,-19.86,-12.5,1005.5,22.9,-1.3,0.0,0.0,0.0,,0.0,0,0,0,0,0,8.0,0.0,46267.89,27606.72,73874.62,0.0,-1139.89
2026-06-04T21:22:58.916+00:00,35683,c73b8aee-e184-4449-b355-58d5694dddce,,10,FAULT,0x0C81,ESTOP|SENSOR_RANGE|SELFTEST|OVERPRESSURE,0,1,0,0,0,0,0.0,0.0,0.0,14.267,8.588,1712.04,1030.56,156.57,91.23,1005.6,22.9,-1.2,0.0,0.0,0.0,,0.0,0,0,0,0,0,8.0,0.0,46569.21,27788.1,74357.31,0.0,1002.44
2026-06-04T21:22:59.093+00:00,35859,c73b8aee-e184-4449-b355-58d5694dddce,,10,FAULT,0x0C81,ESTOP|SENSOR_RANGE|SELFTEST|OVERPRESSURE,0,1,0,0,0,0,0.0,0.0,0.0,14.299,8.658,1715.88,1038.96,52.71,36.62,1005.6,22.9,-1.2,0.0,0.0,0.0,,0.0,0,0,0,0,0,8.0,0.0,46871.21,27970.96,74842.17,0.0,-590.11
2026-06-04T21:22:59.269+00:00,36035,c73b8aee-e184-4449-b355-58d5694dddce,,10,FAULT,0x0C81,ESTOP|SENSOR_RANGE|SELFTEST|OVERPRESSURE,0,1,0,0,0,0,0.0,0.0,0.0,14.341,8.706,1720.92,1044.72,36.33,19.63,1005.6,22.9,-1.2,0.0,0.0,0.0,,0.0,0,0,0,0,0,8.0,0.0,47174.09,28154.83,75328.92,0.0,-93.07
2026-06-04T21:22:59.445+00:00,36210,c73b8aee-e184-4449-b355-58d5694dddce,,10,FAULT,0x0C81,ESTOP|SENSOR_RANGE|SELFTEST|OVERPRESSURE,0,1,0,0,0,0,0.0,0.0,0.0,14.485,8.749,1738.2,1049.88,180.03,106.14,1005.6,22.9,-1.2,0.0,0.0,0.0,,0.0,0,0,0,0,0,8.0,0.0,47478.27,28338.56,75816.83,0.0,821.14
2026-06-04T21:22:59.621+00:00,36386,c73b8aee-e184-4449-b355-58d5694dddce,,10,FAULT,0x0C81,ESTOP|SENSOR_RANGE|SELFTEST|OVERPRESSURE,0,1,0,0,0,0,0.0,0.0,0.0,14.537,8.731,1744.44,1047.72,-25.0,-12.5,1005.5,22.9,-1.2,0.0,0.0,0.0,,0.0,0,0,0,0,0,8.0,0.0,47785.3,28522.96,76308.25,0.0,-1164.94
2026-06-04T21:22:59.797+00:00,36562,c73b8aee-e184-4449-b355-58d5694dddce,,10,FAULT,0x0C81,ESTOP|SENSOR_RANGE|SELFTEST|OVERPRESSURE,0,1,0,0,0,0,0.0,0.0,0.0,14.456,8.65,1734.72,1038.0,174.9,108.22,1005.5,22.9,-1.3,0.0,0.0,0.0,,0.0,0,0,0,0,0,8.0,0.0,48090.61,28705.64,76796.25,0.0,1135.8
2026-06-04T21:22:59.974+00:00,36739,c73b8aee-e184-4449-b355-58d5694dddce,,10,FAULT,0x0C81,ESTOP|SENSOR_RANGE|SELFTEST|OVERPRESSURE,0,1,0,0,0,0,0.0,0.0,0.0,14.311,8.563,1717.32,1027.56,-17.91,-12.13,1005.5,22.9,-1.3,0.0,0.0,0.0,,0.0,0,0,0,0,0,8.0,0.0,48394.57,28887.52,77282.1,0.0,-1089.32
2026-06-04T21:23:00.150+00:00,36915,c73b8aee-e184-4449-b355-58d5694dddce,,10,FAULT,0x0C81,ESTOP|SENSOR_RANGE|SELFTEST|OVERPRESSURE,0,1,0,0,0,0,0.0,0.0,0.0,14.211,8.57,1705.32,1028.4,135.8,77.06,1005.6,22.9,-1.2,0.0,0.0,0.0,,0.0,0,0,0,0,0,8.0,0.0,48694.71,29068.52,77763.23,0.0,873.35
2026-06-04T21:23:00.326+00:00,37091,c73b8aee-e184-4449-b355-58d5694dddce,,10,FAULT,0x0C81,ESTOP|SENSOR_RANGE|SELFTEST|OVERPRESSURE,0,1,0,0,0,0,0.0,0.0,0.0,14.267,8.646,1712.04,1037.52,90.34,56.41,1005.5,22.9,-1.3,0.0,0.0,0.0,,0.0,0,0,0,0,0,8.0,0.0,48996.03,29251.12,78247.15,0.0,-258.3
2026-06-04T21:23:00.502+00:00,37267,c73b8aee-e184-4449-b355-58d5694dddce,,10,FAULT,0x0C81,ESTOP|SENSOR_RANGE|SELFTEST|OVERPRESSURE,0,1,0,0,0,0,0.0,0.0,0.0,14.368,8.702,1724.16,1044.24,2.37,3.38,1005.6,22.9,-1.2,0.0,0.0,0.0,,0.0,0,0,0,0,0,8.0,0.0,49299.48,29434.91,78734.39,0.0,-499.83
2026-06-04T21:23:00.679+00:00,37442,c73b8aee-e184-4449-b355-58d5694dddce,,10,FAULT,0x0C81,ESTOP|SENSOR_RANGE|SELFTEST|OVERPRESSURE,0,1,0,0,0,0,0.0,0.0,0.0,14.51,8.749,1741.2,1049.88,184.67,112.5,1005.6,22.9,-1.2,0.0,0.0,0.0,,0.0,0,0,0,0,0,8.0,0.0,49604.19,29618.64,79222.83,0.0,1041.71
2026-06-04T21:23:00.855+00:00,37618,c73b8aee-e184-4449-b355-58d5694dddce,,10,FAULT,0x0C81,ESTOP|SENSOR_RANGE|SELFTEST|OVERPRESSURE,0,1,0,0,0,0,0.0,0.0,0.0,14.525,8.703,1743.0,1044.36,-25.0,-12.5,1005.6,22.9,-1.2,0.0,0.0,0.0,,0.0,0,0,0,0,0,8.0,0.0,49910.96,29802.45,79713.41,0.0,-1191.31
2026-06-04T21:23:01.031+00:00,37794,c73b8aee-e184-4449-b355-58d5694dddce,,10,FAULT,0x0C81,ESTOP|SENSOR_RANGE|SELFTEST|OVERPRESSURE,0,1,0,0,0,0,0.0,0.0,0.0,14.423,8.638,1730.76,1036.56,173.92,107.24,1005.6,22.9,-1.2,0.0,0.0,0.0,,0.0,0,0,0,0,0,8.0,0.0,50215.57,29984.88,80200.45,0.0,1130.23
2026-06-04T21:23:01.207+00:00,37970,c73b8aee-e184-4449-b355-58d5694dddce,,10,FAULT,0x0C81,ESTOP|SENSOR_RANGE|SELFTEST|OVERPRESSURE,0,1,0,0,0,0,0.0,0.0,0.0,14.284,8.575,1714.08,1029.0,-10.33,-3.82,1005.6,22.9,-1.2,0.0,0.0,0.0,,0.0,0,0,0,0,0,8.0,0.0,50517.25,30165.99,80683.24,0.0,-1046.88
2026-06-04T21:23:01.385+00:00,38147,c73b8aee-e184-4449-b355-58d5694dddce,,10,FAULT,0x0C81,ESTOP|SENSOR_RANGE|SELFTEST|OVERPRESSURE,0,1,0,0,0,0,0.0,0.0,0.0,14.22,8.602,1706.4,1032.24,120.4,65.57,1005.6,22.9,-1.2,0.0,0.0,0.0,,0.0,0,0,0,0,0,8.0,0.0,50819.28,30348.69,81167.97,0.0,738.59
2026-06-04T21:23:01.562+00:00,38323,c73b8aee-e184-4449-b355-58d5694dddce,,10,FAULT,0x0C81,ESTOP|SENSOR_RANGE|SELFTEST|OVERPRESSURE,0,1,0,0,0,0,0.0,0.0,0.0,14.314,8.692,1717.68,1043.04,109.4,67.41,1005.6,22.9,-1.2,0.0,0.0,0.0,,0.0,0,0,0,0,0,8.0,0.0,51121.59,30532.27,81653.86,0.0,-62.5
2026-06-04T21:23:01.738+00:00,38498,c73b8aee-e184-4449-b355-58d5694dddce,,10,FAULT,0x0C81,ESTOP|SENSOR_RANGE|SELFTEST|OVERPRESSURE,0,1,0,0,0,0,0.0,0.0,0.0,14.425,8.741,1731.0,1048.92,-20.11,-10.17,1005.6,22.9,-1.2,0.0,0.0,0.0,,0.0,0,0,0,0,0,8.0,0.0,51424.52,30715.83,82140.35,0.0,-740.06
2026-06-04T21:23:01.914+00:00,38674,c73b8aee-e184-4449-b355-58d5694dddce,,10,FAULT,0x0C81,ESTOP|SENSOR_RANGE|SELFTEST|OVERPRESSURE,0,1,0,0,0,0,0.0,0.0,0.0,14.514,8.742,1741.68,1049.04,183.21,112.5,1005.6,22.9,-1.2,0.0,0.0,0.0,,0.0,0,0,0,0,0,8.0,0.0,51731.05,30900.46,82631.51,0.0,1155.23
2026-06-04T21:23:02.090+00:00,38850,c73b8aee-e184-4449-b355-58d5694dddce,,10,FAULT,0x0C81,ESTOP|SENSOR_RANGE|SELFTEST|OVERPRESSURE,0,1,0,0,0,0,0.0,0.0,0.0,14.485,8.686,1738.2,1042.32,-21.08,-12.5,1005.5,22.9,-1.3,0.0,0.0,0.0,,0.0,0,0,0,0,0,8.0,0.0,52036.98,31083.91,83120.89,0.0,-1160.74
2026-06-04T21:23:02.267+00:00,39026,c73b8aee-e184-4449-b355-58d5694dddce,,10,FAULT,0x0C81,ESTOP|SENSOR_RANGE|SELFTEST|OVERPRESSURE,0,1,0,0,0,0,0.0,0.0,0.0,14.373,8.637,1724.76,1036.44,171.72,104.55,1005.5,22.9,-1.3,0.0,0.0,0.0,,0.0,0,0,0,0,0,8.0,0.0,52340.54,31266.32,83606.86,0.0,1095.45
2026-06-04T21:23:02.443+00:00,39202,c73b8aee-e184-4449-b355-58d5694dddce,,10,FAULT,0x0C81,ESTOP|SENSOR_RANGE|SELFTEST|OVERPRESSURE,0,1,0,0,0,0,0.0,0.0,0.0,14.266,8.609,1711.92,1033.08,17.76,13.4,1005.5,22.9,-1.2,0.0,0.0,0.0,,0.0,0,0,0,0,0,8.0,0.0,52641.83,31448.14,84089.98,0.0,-874.77
2026-06-04T21:23:02.619+00:00,39378,c73b8aee-e184-4449-b355-58d5694dddce,,10,FAULT,0x0C81,ESTOP|SENSOR_RANGE|SELFTEST|OVERPRESSURE,0,1,0,0,0,0,0.0,0.0,0.0,14.267,8.658,1712.04,1038.96,80.57,44.19,1005.6,22.9,-1.2,0.0,0.0,0.0,,0.0,0,0,0,0,0,8.0,0.0,52943.15,31631.0,84574.15,0.0,356.87
2026-06-04T21:23:02.795+00:00,39555,c73b8aee-e184-4449-b355-58d5694dddce,,10,FAULT,0x0C81,ESTOP|SENSOR_RANGE|SELFTEST|OVERPRESSURE,0,1,0,0,0,0,0.0,0.0,0.0,14.4,8.754,1728.0,1050.48,140.68,82.93,1005.5,22.9,-1.3,0.0,0.0,0.0,,0.0,0,0,0,0,0,8.0,0.0,53249.01,31816.94,85065.94,0.0,339.6
2026-06-04T21:23:02.971+00:00,39730,c73b8aee-e184-4449-b355-58d5694dddce,,10,FAULT,0x0C81,ESTOP|SENSOR_RANGE|SELFTEST|OVERPRESSURE,0,1,0,0,0,0,0.0,0.0,0.0,14.513,8.785,1741.56,1054.2,-25.0,-12.5,1005.6,22.9,-1.2,0.0,0.0,0.0,,0.0,0,0,0,0,0,8.0,0.0,53553.78,32001.42,85555.2,0.0,-946.74
2026-06-04T21:23:03.148+00:00,39906,c73b8aee-e184-4449-b355-58d5694dddce,,10,FAULT,0x0C81,ESTOP|SENSOR_RANGE|SELFTEST|OVERPRESSURE,0,1,0,0,0,0,0.0,0.0,0.0,14.546,8.747,1745.52,1049.64,181.5,112.5,1005.6,22.9,-1.2,0.0,0.0,0.0,,0.0,0,0,0,0,0,8.0,0.0,53860.99,32186.16,86047.15,0.0,1173.3
2026-06-04T21:23:03.324+00:00,40082,c73b8aee-e184-4449-b355-58d5694dddce,,10,FAULT,0x0C81,ESTOP|SENSOR_RANGE|SELFTEST|OVERPRESSURE,0,1,0,0,0,0,0.0,0.0,0.0,14.469,8.678,1736.28,1041.36,-20.35,-12.5,1005.6,22.9,-1.2,0.0,0.0,0.0,,0.0,0,0,0,0,0,8.0,0.0,54166.58,32369.44,86536.01,0.0,-1146.88
2026-06-04T21:23:03.500+00:00,40258,c73b8aee-e184-4449-b355-58d5694dddce,,10,FAULT,0x0C81,ESTOP|SENSOR_RANGE|SELFTEST|OVERPRESSURE,0,1,0,0,0,0,0.0,0.0,0.0,14.346,8.636,1721.52,1036.32,167.32,96.85,1005.5,22.9,-1.2,0.0,0.0,0.0,,0.0,0,0,0,0,0,8.0,0.0,54469.57,32551.83,87021.39,0.0,1066.31
2026-06-04T21:23:03.676+00:00,40434,c73b8aee-e184-4449-b355-58d5694dddce,,10,FAULT,0x0C81,ESTOP|SENSOR_RANGE|SELFTEST|OVERPRESSURE,0,1,0,0,0,0,0.0,0.0,0.0,14.257,8.627,1710.84,1035.24,32.67,24.89,1005.5,22.9,-1.3,0.0,0.0,0.0,,0.0,0,0,0,0,0,8.0,0.0,54770.67,32734.03,87504.7,0.0,-765.06
2026-06-04T21:23:03.853+00:00,40610,c73b8aee-e184-4449-b355-58d5694dddce,,10,FAULT,0x0C81,ESTOP|SENSOR_RANGE|SELFTEST|OVERPRESSURE,0,1,0,0,0,0,0.0,0.0,0.0,14.29,8.685,1714.8,1042.2,60.04,32.71,1005.6,22.9,-1.2,0.0,0.0,0.0,,0.0,0,0,0,0,0,8.0,0.0,55072.48,32917.46,87989.94,0.0,155.51
2026-06-04T21:23:04.029+00:00,40786,c73b8aee-e184-4449-b355-58d5694dddce,,10,FAULT,0x0C81,ESTOP|SENSOR_RANGE|SELFTEST|OVERPRESSURE,0,1,0,0,0,0,0.0,0.0,0.0,14.436,8.769,1732.32,1052.28,159.75,94.29,1005.6,22.9,-1.2,0.0,0.0,0.0,,0.0,0,0,0,0,0,8.0,0.0,55377.37,33102.66,88480.03,0.0,566.53
2026-06-04T21:23:04.205+00:00,40962,c73b8aee-e184-4449-b355-58d5694dddce,,10,FAULT,0x0C81,ESTOP|SENSOR_RANGE|SELFTEST|OVERPRESSURE,0,1,0,0,0,0,0.0,0.0,0.0,14.536,8.781,1744.32,1053.72,-25.0,-12.5,1005.5,22.9,-1.3,0.0,0.0,0.0,,0.0,0,0,0,0,0,8.0,0.0,55684.37,33288.11,88972.48,0.0,-1049.72
2026-06-04T21:23:04.381+00:00,41138,c73b8aee-e184-4449-b355-58d5694dddce,,10,FAULT,0x0C81,ESTOP|SENSOR_RANGE|SELFTEST|OVERPRESSURE,0,1,0,0,0,0,0.0,0.0,0.0,14.518,8.722,1742.16,1046.64,180.03,112.37,1005.6,22.9,-1.2,0.0,0.0,0.0,,0.0,0,0,0,0,0,8.0,0.0,55990.99,33472.32,89463.31,0.0,1164.94
2026-06-04T21:23:04.557+00:00,41314,c73b8aee-e184-4449-b355-58d5694dddce,,10,FAULT,0x0C81,ESTOP|SENSOR_RANGE|SELFTEST|OVERPRESSURE,0,1,0,0,0,0,0.0,0.0,0.0,14.414,8.647,1729.68,1037.64,-19.62,-12.5,1005.5,22.9,-1.2,0.0,0.0,0.0,,0.0,0,0,0,0,0,8.0,0.0,56295.41,33654.95,89950.36,0.0,-1134.38
2026-06-04T21:23:04.734+00:00,41490,c73b8aee-e184-4449-b355-58d5694dddce,,10,FAULT,0x0C81,ESTOP|SENSOR_RANGE|SELFTEST|OVERPRESSURE,0,1,0,0,0,0,0.0,0.0,0.0,14.29,8.62,1714.8,1034.4,154.13,89.89,1005.5,22.9,-1.2,0.0,0.0,0.0,,0.0,0,0,0,0,0,8.0,0.0,56597.22,33837.0,90434.22,0.0,987.22
2026-06-04T21:23:04.912+00:00,41666,c73b8aee-e184-4449-b355-58d5694dddce,,10,FAULT,0x0C81,ESTOP|SENSOR_RANGE|SELFTEST|OVERPRESSURE,0,1,0,0,0,0,0.0,0.0,0.0,14.263,8.654,1711.56,1038.48,57.35,38.81,1005.6,22.9,-1.2,0.0,0.0,0.0,,0.0,0,0,0,0,0,8.0,0.0,56898.45,34019.77,90918.22,0.0,-549.89
2026-06-04T21:23:05.088+00:00,41842,c73b8aee-e184-4449-b355-58d5694dddce,,10,FAULT,0x0C81,ESTOP|SENSOR_RANGE|SELFTEST|OVERPRESSURE,0,1,0,0,0,0,0.0,0.0,0.0,14.333,8.713,1719.96,1045.56,34.87,18.9,1005.6,22.9,-1.2,0.0,0.0,0.0,,0.0,0,0,0,0,0,8.0,0.0,57201.16,34203.79,91404.96,0.0,-127.73
2026-06-04T21:23:05.264+00:00,42017,c73b8aee-e184-4449-b355-58d5694dddce,,10,FAULT,0x0C81,ESTOP|SENSOR_RANGE|SELFTEST|OVERPRESSURE,0,1,0,0,0,0,0.0,0.0,0.0,14.479,8.773,1737.48,1052.76,180.27,106.02,1005.6,22.9,-1.2,0.0,0.0,0.0,,0.0,0,0,0,0,0,8.0,0.0,57505.22,34388.03,91893.25,0.0,830.86
2026-06-04T21:23:05.441+00:00,42193,c73b8aee-e184-4449-b355-58d5694dddce,,10,FAULT,0x0C81,ESTOP|SENSOR_RANGE|SELFTEST|OVERPRESSURE,0,1,0,0,0,0,0.0,0.0,0.0,14.526,8.742,1743.12,1049.04,-25.0,-12.5,1005.6,22.9,-1.2,0.0,0.0,0.0,,0.0,0,0,0,0,0,8.0,0.0,57812.01,34572.66,92384.67,0.0,-1166.31
2026-06-04T21:23:05.617+00:00,42370,c73b8aee-e184-4449-b355-58d5694dddce,,10,FAULT,0x0C81,ESTOP|SENSOR_RANGE|SELFTEST|OVERPRESSURE,0,1,0,0,0,0,0.0,0.0,0.0,14.461,8.676,1735.32,1041.12,175.39,108.58,1005.6,22.9,-1.2,0.0,0.0,0.0,,0.0,0,0,0,0,0,8.0,0.0,58119.16,34756.94,92876.1,0.0,1132.15
2026-06-04T21:23:05.793+00:00,42546,c73b8aee-e184-4449-b355-58d5694dddce,,10,FAULT,0x0C81,ESTOP|SENSOR_RANGE|SELFTEST|OVERPRESSURE,0,1,0,0,0,0,0.0,0.0,0.0,14.332,8.592,1719.84,1031.04,-18.15,-12.5,1005.5,22.9,-1.3,0.0,0.0,0.0,,0.0,0,0,0,0,0,8.0,0.0,58421.86,34938.4,93360.25,0.0,-1099.66
2026-06-04T21:23:05.969+00:00,42722,c73b8aee-e184-4449-b355-58d5694dddce,,10,FAULT,0x0C81,ESTOP|SENSOR_RANGE|SELFTEST|OVERPRESSURE,0,1,0,0,0,0,0.0,0.0,0.0,14.218,8.588,1706.16,1030.56,139.46,80.48,1005.6,22.9,-1.2,0.0,0.0,0.0,,0.0,0,0,0,0,0,8.0,0.0,58722.14,35119.78,93841.92,0.0,895.51
2026-06-04T21:23:06.145+00:00,42898,c73b8aee-e184-4449-b355-58d5694dddce,,10,FAULT,0x0C81,ESTOP|SENSOR_RANGE|SELFTEST|OVERPRESSURE,0,1,0,0,0,0,0.0,0.0,0.0,14.257,8.656,1710.84,1038.72,83.01,52.26,1005.5,22.9,-1.2,0.0,0.0,0.0,,0.0,0,0,0,0,0,8.0,0.0,59023.25,35302.59,94325.84,0.0,-320.74
2026-06-04T21:23:06.322+00:00,43074,c73b8aee-e184-4449-b355-58d5694dddce,,10,FAULT,0x0C81,ESTOP|SENSOR_RANGE|SELFTEST|OVERPRESSURE,0,1,0,0,0,0,0.0,0.0,0.0,14.346,8.713,1721.52,1045.56,9.7,7.41,1005.6,22.9,-1.2,0.0,0.0,0.0,,0.0,0,0,0,0,0,8.0,0.0,59326.23,35486.61,94812.84,0.0,-416.53
2026-06-04T21:23:06.498+00:00,43249,c73b8aee-e184-4449-b355-58d5694dddce,,10,FAULT,0x0C81,ESTOP|SENSOR_RANGE|SELFTEST|OVERPRESSURE,0,1,0,0,0,0,0.0,0.0,0.0,14.497,8.768,1739.64,1052.16,184.43,110.66,1005.6,22.9,-1.2,0.0,0.0,0.0,,0.0,0,0,0,0,0,8.0,0.0,59630.67,35670.74,95301.41,0.0,998.46
2026-06-04T21:23:06.674+00:00,43425,c73b8aee-e184-4449-b355-58d5694dddce,,10,FAULT,0x0C81,ESTOP|SENSOR_RANGE|SELFTEST|OVERPRESSURE,0,1,0,0,0,0,0.0,0.0,0.0,14.521,8.725,1742.52,1047.0,-25.0,-12.5,1005.6,22.9,-1.2,0.0,0.0,0.0,,0.0,0,0,0,0,0,8.0,0.0,59937.36,35855.01,95792.37,0.0,-1189.94
2026-06-04T21:23:06.850+00:00,43601,c73b8aee-e184-4449-b355-58d5694dddce,,10,FAULT,0x0C81,ESTOP|SENSOR_RANGE|SELFTEST|OVERPRESSURE,0,1,0,0,0,0,0.0,0.0,0.0,14.426,8.657,1731.12,1038.84,174.16,107.73,1005.5,22.9,-1.3,0.0,0.0,0.0,,0.0,0,0,0,0,0,8.0,0.0,60242.03,36037.85,96279.88,0.0,1131.59
2026-06-04T21:23:07.027+00:00,43778,c73b8aee-e184-4449-b355-58d5694dddce,,10,FAULT,0x0C81,ESTOP|SENSOR_RANGE|SELFTEST|OVERPRESSURE,0,1,0,0,0,0,0.0,0.0,0.0,14.288,8.588,1714.56,1030.56,-16.44,-7.0,1005.6,22.9,-1.2,0.0,0.0,0.0,,0.0,0,0,0,0,0,8.0,0.0,60545.51,36220.25,96765.76,0.0,-1076.84
2026-06-04T21:23:07.203+00:00,43954,c73b8aee-e184-4449-b355-58d5694dddce,,10,FAULT,0x0C81,ESTOP|SENSOR_RANGE|SELFTEST|OVERPRESSURE,0,1,0,0,0,0,0.0,0.0,0.0,14.211,8.605,1705.32,1032.6,129.69,72.66,1005.6,22.9,-1.2,0.0,0.0,0.0,,0.0,0,0,0,0,0,8.0,0.0,60845.65,36401.99,97247.64,0.0,830.28
2026-06-04T21:23:07.379+00:00,44130,c73b8aee-e184-4449-b355-58d5694dddce,,10,FAULT,0x0C81,ESTOP|SENSOR_RANGE|SELFTEST|OVERPRESSURE,0,1,0,0,0,0,0.0,0.0,0.0,14.298,8.691,1715.76,1042.92,97.67,60.56,1005.6,22.9,-1.2,0.0,0.0,0.0,,0.0,0,0,0,0,0,8.0,0.0,61147.62,36585.55,97733.17,0.0,-181.93
2026-06-04T21:23:07.555+00:00,44305,c73b8aee-e184-4449-b355-58d5694dddce,,10,FAULT,0x0C81,ESTOP|SENSOR_RANGE|SELFTEST|OVERPRESSURE,0,1,0,0,0,0,0.0,0.0,0.0,14.41,8.743,1729.2,1049.16,-3.49,-0.52,1005.5,22.9,-1.3,0.0,0.0,0.0,,0.0,0,0,0,0,0,8.0,0.0,61450.23,36769.15,98219.38,0.0,-578.06
2026-06-04T21:23:07.731+00:00,44481,c73b8aee-e184-4449-b355-58d5694dddce,,10,FAULT,0x0C81,ESTOP|SENSOR_RANGE|SELFTEST|OVERPRESSURE,0,1,0,0,0,0,0.0,0.0,0.0,14.542,8.775,1745.04,1053.0,183.69,112.5,1005.5,22.9,-1.2,0.0,0.0,0.0,,0.0,0,0,0,0,0,8.0,0.0,61757.36,36954.48,98711.83,0.0,1063.52
2026-06-04T21:23:07.907+00:00,44657,c73b8aee-e184-4449-b355-58d5694dddce,,10,FAULT,0x0C81,ESTOP|SENSOR_RANGE|SELFTEST|OVERPRESSURE,0,1,0,0,0,0,0.0,0.0,0.0,14.529,8.718,1743.48,1046.16,-25.0,-12.5,1005.6,22.9,-1.2,0.0,0.0,0.0,,0.0,0,0,0,0,0,8.0,0.0,62064.21,37138.6,99202.81,0.0,-1185.74
2026-06-04T21:23:08.084+00:00,44833,c73b8aee-e184-4449-b355-58d5694dddce,,10,FAULT,0x0C81,ESTOP|SENSOR_RANGE|SELFTEST|OVERPRESSURE,0,1,0,0,0,0,0.0,0.0,0.0,14.414,8.656,1729.68,1038.72,173.43,106.75,1005.6,22.9,-1.2,0.0,0.0,0.0,,0.0,0,0,0,0,0,8.0,0.0,62368.63,37321.42,99690.05,0.0,1127.44
2026-06-04T21:23:08.261+00:00,45009,c73b8aee-e184-4449-b355-58d5694dddce,,10,FAULT,0x0C81,ESTOP|SENSOR_RANGE|SELFTEST|OVERPRESSURE,0,1,0,0,0,0,0.0,0.0,0.0,14.28,8.608,1713.6,1032.96,-5.44,-1.13,1005.5,22.9,-1.2,0.0,0.0,0.0,,0.0,0,0,0,0,0,8.0,0.0,62670.23,37503.22,100173.44,0.0,-1016.31
2026-06-04T21:23:08.436+00:00,45185,c73b8aee-e184-4449-b355-58d5694dddce,,10,FAULT,0x0C81,ESTOP|SENSOR_RANGE|SELFTEST|OVERPRESSURE,0,1,0,0,0,0,0.0,0.0,0.0,14.245,8.642,1709.4,1037.04,121.38,66.31,1005.5,22.9,-1.2,0.0,0.0,0.0,,0.0,0,0,0,0,0,8.0,0.0,62971.08,37685.74,100656.82,0.0,720.57
2026-06-04T21:23:08.612+00:00,45361,c73b8aee-e184-4449-b355-58d5694dddce,,10,FAULT,0x0C81,ESTOP|SENSOR_RANGE|SELFTEST|OVERPRESSURE,0,1,0,0,0,0,0.0,0.0,0.0,14.356,8.728,1722.72,1047.36,107.45,66.31,1005.6,22.9,-1.2,0.0,0.0,0.0,,0.0,0,0,0,0,0,8.0,0.0,63274.28,37870.07,101144.35,0.0,-79.15
2026-06-04T21:23:08.790+00:00,45537,c73b8aee-e184-4449-b355-58d5694dddce,,10,FAULT,0x0C81,ESTOP|SENSOR_RANGE|SELFTEST|OVERPRESSURE,0,1,0,0,0,0,0.0,0.0,0.0,14.481,8.775,1737.72,1053.0,-16.69,-8.71,1005.6,22.9,-1.2,0.0,0.0,0.0,,0.0,0,0,0,0,0,8.0,0.0,63580.12,38055.4,101635.52,0.0,-705.34
2026-06-04T21:23:08.967+00:00,45713,c73b8aee-e184-4449-b355-58d5694dddce,,10,FAULT,0x0C81,ESTOP|SENSOR_RANGE|SELFTEST|OVERPRESSURE,0,1,0,0,0,0,0.0,0.0,0.0,14.564,8.765,1747.68,1051.8,182.47,112.5,1005.6,22.9,-1.2,0.0,0.0,0.0,,0.0,0,0,0,0,0,8.0,0.0,63887.71,38240.52,102128.23,0.0,1131.59
2026-06-04T21:23:09.143+00:00,45889,c73b8aee-e184-4449-b355-58d5694dddce,,10,FAULT,0x0C81,ESTOP|SENSOR_RANGE|SELFTEST|OVERPRESSURE,0,1,0,0,0,0,0.0,0.0,0.0,14.502,8.694,1740.24,1043.28,-22.8,-12.5,1005.6,22.9,-1.2,0.0,0.0,0.0,,0.0,0,0,0,0,0,8.0,0.0,64193.99,38424.13,102618.13,0.0,-1166.31
2026-06-04T21:23:09.319+00:00,46065,c73b8aee-e184-4449-b355-58d5694dddce,,10,FAULT,0x0C81,ESTOP|SENSOR_RANGE|SELFTEST|OVERPRESSURE,0,1,0,0,0,0,0.0,0.0,0.0,14.372,8.645,1724.64,1037.4,172.21,105.29,1005.6,22.9,-1.2,0.0,0.0,0.0,,0.0,0,0,0,0,0,8.0,0.0,64497.53,38606.72,103104.24,0.0,1108.01
2026-06-04T21:23:09.496+00:00,46241,c73b8aee-e184-4449-b355-58d5694dddce,,10,FAULT,0x0C81,ESTOP|SENSOR_RANGE|SELFTEST|OVERPRESSURE,0,1,0,0,0,0,0.0,0.0,0.0,14.265,8.626,1711.8,1035.12,12.63,9.49,1005.6,22.9,-1.2,0.0,0.0,0.0,,0.0,0,0,0,0,0,8.0,0.0,64798.81,38788.9,103587.7,0.0,-906.7
2026-06-04T21:23:09.672+00:00,46416,c73b8aee-e184-4449-b355-58d5694dddce,,10,FAULT,0x0C81,ESTOP|SENSOR_RANGE|SELFTEST|OVERPRESSURE,0,1,0,0,0,0,0.0,0.0,0.0,14.271,8.679,1712.52,1041.48,94.5,51.52,1005.6,22.9,-1.2,0.0,0.0,0.0,,0.0,0,0,0,0,0,8.0,0.0,65098.5,38971.16,104069.65,0.0,467.83
2026-06-04T21:23:09.848+00:00,46593,c73b8aee-e184-4449-b355-58d5694dddce,,10,FAULT,0x0C81,ESTOP|SENSOR_RANGE|SELFTEST|OVERPRESSURE,0,1,0,0,0,0,0.0,0.0,0.0,14.409,8.766,1729.08,1051.92,128.22,77.3,1005.6,22.9,-1.2,0.0,0.0,0.0,,0.0,0,0,0,0,0,8.0,0.0,65404.54,39157.35,104561.89,0.0,190.51
2026-06-04T21:23:10.024+00:00,46769,c73b8aee-e184-4449-b355-58d5694dddce,,10,FAULT,0x0C81,ESTOP|SENSOR_RANGE|SELFTEST|OVERPRESSURE,0,1,0,0,0,0,0.0,0.0,0.0,14.532,8.793,1743.84,1055.16,-25.0,-12.5,1005.5,22.9,-1.2,0.0,0.0,0.0,,0.0,0,0,0,0,0,8.0,0.0,65711.46,39343.05,105054.51,0.0,-870.57
2026-06-04T21:23:10.201+00:00,46945,c73b8aee-e184-4449-b355-58d5694dddce,,10,FAULT,0x0C81,ESTOP|SENSOR_RANGE|SELFTEST|OVERPRESSURE,0,1,0,0,0,0,0.0,0.0,0.0,14.549,8.748,1745.88,1049.76,182.47,112.5,1005.6,22.9,-1.2,0.0,0.0,0.0,,0.0,0,0,0,0,0,8.0,0.0,66018.73,39527.81,105546.55,0.0,1178.81
2026-06-04T21:23:10.377+00:00,47121,c73b8aee-e184-4449-b355-58d5694dddce,,10,FAULT,0x0C81,ESTOP|SENSOR_RANGE|SELFTEST|OVERPRESSURE,0,1,0,0,0,0,0.0,0.0,0.0,14.472,8.675,1736.64,1041.0,-20.84,-12.5,1005.6,22.9,-1.2,0.0,0.0,0.0,,0.0,0,0,0,0,0,8.0,0.0,66324.38,39711.03,106035.41,0.0,-1155.17
2026-06-04T21:23:10.553+00:00,47297,c73b8aee-e184-4449-b355-58d5694dddce,,10,FAULT,0x0C81,ESTOP|SENSOR_RANGE|SELFTEST|OVERPRESSURE,0,1,0,0,0,0,0.0,0.0,0.0,14.342,8.638,1721.04,1036.56,169.77,99.54,1005.6,22.9,-1.2,0.0,0.0,0.0,,0.0,0,0,0,0,0,8.0,0.0,66627.29,39893.46,106520.75,0.0,1083.01
2026-06-04T21:23:10.729+00:00,47473,c73b8aee-e184-4449-b355-58d5694dddce,,10,FAULT,0x0C81,ESTOP|SENSOR_RANGE|SELFTEST|OVERPRESSURE,0,1,0,0,0,0,0.0,0.0,0.0,14.297,8.662,1715.64,1039.44,24.85,19.26,1005.5,22.9,-1.3,0.0,0.0,0.0,,0.0,0,0,0,0,0,8.0,0.0,66929.24,40076.4,107005.64,0.0,-823.41
2026-06-04T21:23:10.905+00:00,47648,c73b8aee-e184-4449-b355-58d5694dddce,,10,FAULT,0x0C81,ESTOP|SENSOR_RANGE|SELFTEST|OVERPRESSURE,0,1,0,0,0,0,0.0,0.0,0.0,14.352,8.721,1722.24,1046.52,68.1,37.23,1005.6,22.9,-1.2,0.0,0.0,0.0,,0.0,0,0,0,0,0,8.0,0.0,67230.63,40259.55,107490.18,0.0,247.14
2026-06-04T21:23:11.081+00:00,47824,c73b8aee-e184-4449-b355-58d5694dddce,,10,FAULT,0x0C81,ESTOP|SENSOR_RANGE|SELFTEST|OVERPRESSURE,0,1,0,0,0,0,0.0,0.0,0.0,14.497,8.789,1739.64,1054.68,152.66,89.28,1005.6,22.9,-1.2,0.0,0.0,0.0,,0.0,0,0,0,0,0,8.0,0.0,67536.81,40445.17,107981.98,0.0,480.45
2026-06-04T21:23:11.257+00:00,48001,c73b8aee-e184-4449-b355-58d5694dddce,,10,FAULT,0x0C81,ESTOP|SENSOR_RANGE|SELFTEST|OVERPRESSURE,0,1,0,0,0,0,0.0,0.0,0.0,14.571,8.775,1748.52,1053.0,-25.0,-12.5,1005.5,22.9,-1.2,0.0,0.0,0.0,,0.0,0,0,0,0,0,8.0,0.0,67846.3,40631.55,108477.85,0.0,-1003.73
2026-06-04T21:23:11.435+00:00,48177,c73b8aee-e184-4449-b355-58d5694dddce,,10,FAULT,0x0C81,ESTOP|SENSOR_RANGE|SELFTEST|OVERPRESSURE,0,1,0,0,0,0,0.0,0.0,0.0,14.513,8.703,1741.56,1044.36,180.52,112.5,1005.6,22.9,-1.2,0.0,0.0,0.0,,0.0,0,0,0,0,0,8.0,0.0,68152.81,40815.36,108968.17,0.0,1167.73
2026-06-04T21:23:11.610+00:00,48353,c73b8aee-e184-4449-b355-58d5694dddce,,10,FAULT,0x0C81,ESTOP|SENSOR_RANGE|SELFTEST|OVERPRESSURE,0,1,0,0,0,0,0.0,0.0,0.0,14.389,8.616,1726.68,1033.92,-20.11,-12.5,1005.6,22.9,-1.2,0.0,0.0,0.0,,0.0,0,0,0,0,0,8.0,0.0,68456.71,40997.33,109454.03,0.0,-1139.94
2026-06-04T21:23:11.786+00:00,48529,c73b8aee-e184-4449-b355-58d5694dddce,,10,FAULT,0x0C81,ESTOP|SENSOR_RANGE|SELFTEST|OVERPRESSURE,0,1,0,0,0,0,0.0,0.0,0.0,14.27,8.603,1712.4,1032.36,159.01,92.46,1005.6,22.9,-1.2,0.0,0.0,0.0,,0.0,0,0,0,0,0,8.0,0.0,68758.09,41179.02,109937.11,0.0,1017.73
2026-06-04T21:23:11.962+00:00,48704,c73b8aee-e184-4449-b355-58d5694dddce,,10,FAULT,0x0C81,ESTOP|SENSOR_RANGE|SELFTEST|OVERPRESSURE,0,1,0,0,0,0,0.0,0.0,0.0,14.291,8.665,1714.92,1039.8,48.31,34.42,1005.6,22.9,-1.2,0.0,0.0,0.0,,0.0,0,0,0,0,0,8.0,0.0,69058.2,41360.99,110419.19,0.0,-632.57
2026-06-04T21:23:12.138+00:00,48880,c73b8aee-e184-4449-b355-58d5694dddce,,10,FAULT,0x0C81,ESTOP|SENSOR_RANGE|SELFTEST|OVERPRESSURE,0,1,0,0,0,0,0.0,0.0,0.0,14.376,8.726,1725.12,1047.12,40.24,21.71,1005.5,22.9,-1.2,0.0,0.0,0.0,,0.0,0,0,0,0,0,8.0,0.0,69361.82,41545.28,110907.1,0.0,-45.85
2026-06-04T21:23:12.315+00:00,49056,c73b8aee-e184-4449-b355-58d5694dddce,,10,FAULT,0x0C81,ESTOP|SENSOR_RANGE|SELFTEST|OVERPRESSURE,0,1,0,0,0,0,0.0,0.0,0.0,14.52,8.781,1742.4,1053.72,175.87,103.82,1005.6,22.9,-1.2,0.0,0.0,0.0,,0.0,0,0,0,0,0,8.0,0.0,69668.48,41730.74,111399.22,0.0,770.62
2026-06-04T21:23:12.491+00:00,49232,c73b8aee-e184-4449-b355-58d5694dddce,,10,FAULT,0x0C81,ESTOP|SENSOR_RANGE|SELFTEST|OVERPRESSURE,0,1,0,0,0,0,0.0,0.0,0.0,14.551,8.744,1746.12,1049.28,-25.0,-12.5,1005.6,22.9,-1.2,0.0,0.0,0.0,,0.0,0,0,0,0,0,8.0,0.0,69975.8,41915.41,111891.21,0.0,-1141.31
2026-06-04T21:23:12.670+00:00,49409,c73b8aee-e184-4449-b355-58d5694dddce,,10,FAULT,0x0C81,ESTOP|SENSOR_RANGE|SELFTEST|OVERPRESSURE,0,1,0,0,0,0,0.0,0.0,0.0,14.457,8.67,1734.84,1040.4,175.14,108.58,1005.6,22.9,-1.2,0.0,0.0,0.0,,0.0,0,0,0,0,0,8.0,0.0,70282.87,42099.56,112382.43,0.0,1130.73
2026-06-04T21:23:12.846+00:00,49585,c73b8aee-e184-4449-b355-58d5694dddce,,10,FAULT,0x0C81,ESTOP|SENSOR_RANGE|SELFTEST|OVERPRESSURE,0,1,0,0,0,0,0.0,0.0,0.0,14.316,8.593,1717.92,1031.16,-17.91,-12.25,1005.5,22.9,-1.3,0.0,0.0,0.0,,0.0,0,0,0,0,0,8.0,0.0,70585.22,42281.04,112866.26,0.0,-1096.88
2026-06-04T21:23:13.022+00:00,49761,c73b8aee-e184-4449-b355-58d5694dddce,,10,FAULT,0x0C81,ESTOP|SENSOR_RANGE|SELFTEST|OVERPRESSURE,0,1,0,0,0,0,0.0,0.0,0.0,14.231,8.609,1707.72,1033.08,136.29,77.55,1005.6,22.9,-1.2,0.0,0.0,0.0,,0.0,0,0,0,0,0,8.0,0.0,70885.78,42462.87,113348.64,0.0,876.14
2026-06-04T21:23:13.198+00:00,49936,c73b8aee-e184-4449-b355-58d5694dddce,,10,FAULT,0x0C81,ESTOP|SENSOR_RANGE|SELFTEST|OVERPRESSURE,0,1,0,0,0,0,0.0,0.0,0.0,14.322,8.698,1718.64,1043.76,91.08,56.78,1005.6,22.9,-1.2,0.0,0.0,0.0,,0.0,0,0,0,0,0,8.0,0.0,71186.54,42645.52,113832.06,0.0,-258.34
2026-06-04T21:23:13.374+00:00,50112,c73b8aee-e184-4449-b355-58d5694dddce,,10,FAULT,0x0C81,ESTOP|SENSOR_RANGE|SELFTEST|OVERPRESSURE,0,1,0,0,0,0,0.0,0.0,0.0,14.439,8.754,1732.68,1050.48,-0.31,1.55,1005.5,22.9,-1.2,0.0,0.0,0.0,,0.0,0,0,0,0,0,8.0,0.0,71491.49,42830.41,114321.9,0.0,-519.26
2026-06-04T21:23:13.550+00:00,50288,c73b8aee-e184-4449-b355-58d5694dddce,,10,FAULT,0x0C81,ESTOP|SENSOR_RANGE|SELFTEST|OVERPRESSURE,0,1,0,0,0,0,0.0,0.0,0.0,14.576,8.794,1749.12,1055.28,184.67,112.5,1005.6,22.9,-1.2,0.0,0.0,0.0,,0.0,0,0,0,0,0,8.0,0.0,71799.34,43016.14,114815.47,0.0,1051.02
2026-06-04T21:23:13.727+00:00,50464,c73b8aee-e184-4449-b355-58d5694dddce,,10,FAULT,0x0C81,ESTOP|SENSOR_RANGE|SELFTEST|OVERPRESSURE,0,1,0,0,0,0,0.0,0.0,0.0,14.567,8.736,1748.04,1048.32,-25.0,-12.5,1005.5,22.9,-1.2,0.0,0.0,0.0,,0.0,0,0,0,0,0,8.0,0.0,72106.99,43200.64,115307.63,0.0,-1191.31
2026-06-04T21:23:13.903+00:00,50639,c73b8aee-e184-4449-b355-58d5694dddce,,10,FAULT,0x0C81,ESTOP|SENSOR_RANGE|SELFTEST|OVERPRESSURE,0,1,0,0,0,0,0.0,0.0,0.0,14.451,8.671,1734.12,1040.52,173.68,107.0,1005.6,22.9,-1.2,0.0,0.0,0.0,,0.0,0,0,0,0,0,8.0,0.0,72410.46,43382.73,115793.2,0.0,1135.31
2026-06-04T21:23:14.079+00:00,50816,c73b8aee-e184-4449-b355-58d5694dddce,,10,FAULT,0x0C81,ESTOP|SENSOR_RANGE|SELFTEST|OVERPRESSURE,0,1,0,0,0,0,0.0,0.0,0.0,14.315,8.618,1717.8,1034.16,-7.89,-2.48,1005.5,22.9,-1.3,0.0,0.0,0.0,,0.0,0,0,0,0,0,8.0,0.0,72714.51,43565.78,116280.29,0.0,-1025.82
2026-06-04T21:23:14.255+00:00,50992,c73b8aee-e184-4449-b355-58d5694dddce,,10,FAULT,0x0C81,ESTOP|SENSOR_RANGE|SELFTEST|OVERPRESSURE,0,1,0,0,0,0,0.0,0.0,0.0,14.278,8.655,1713.36,1038.6,120.65,65.94,1005.6,22.9,-1.2,0.0,0.0,0.0,,0.0,0,0,0,0,0,8.0,0.0,73016.07,43748.57,116764.64,0.0,730.34
2026-06-04T21:23:14.432+00:00,51168,c73b8aee-e184-4449-b355-58d5694dddce,,10,FAULT,0x0C81,ESTOP|SENSOR_RANGE|SELFTEST|OVERPRESSURE,0,1,0,0,0,0,0.0,0.0,0.0,14.393,8.743,1727.16,1049.16,111.85,68.63,1005.5,22.9,-1.3,0.0,0.0,0.0,,0.0,0,0,0,0,0,8.0,0.0,73320.05,43933.22,117253.27,0.0,-50.0
2026-06-04T21:23:14.608+00:00,51344,c73b8aee-e184-4449-b355-58d5694dddce,,10,FAULT,0x0C81,ESTOP|SENSOR_RANGE|SELFTEST|OVERPRESSURE,0,1,0,0,0,0,0.0,0.0,0.0,14.517,8.789,1742.04,1054.68,-24.75,-12.13,1005.5,22.9,-1.3,0.0,0.0,0.0,,0.0,0,0,0,0,0,8.0,0.0,73626.64,44118.85,117745.49,0.0,-776.14
2026-06-04T21:23:14.784+00:00,51520,c73b8aee-e184-4449-b355-58d5694dddce,,10,FAULT,0x0C81,ESTOP|SENSOR_RANGE|SELFTEST|OVERPRESSURE,0,1,0,0,0,0,0.0,0.0,0.0,14.578,8.766,1749.36,1051.92,181.5,112.5,1005.5,22.9,-1.3,0.0,0.0,0.0,,0.0,0,0,0,0,0,8.0,0.0,73934.53,44303.99,118238.52,0.0,1171.88
2026-06-04T21:23:14.960+00:00,51696,c73b8aee-e184-4449-b355-58d5694dddce,,10,FAULT,0x0C81,ESTOP|SENSOR_RANGE|SELFTEST|OVERPRESSURE,0,1,0,0,0,0,0.0,0.0,0.0,14.519,8.701,1742.28,1044.12,-20.84,-12.5,1005.6,22.9,-1.2,0.0,0.0,0.0,,0.0,0,0,0,0,0,8.0,0.0,74241.17,44487.75,118728.92,0.0,-1149.66
2026-06-04T21:23:15.137+00:00,51872,c73b8aee-e184-4449-b355-58d5694dddce,,10,FAULT,0x0C81,ESTOP|SENSOR_RANGE|SELFTEST|OVERPRESSURE,0,1,0,0,0,0,0.0,0.0,0.0,14.394,8.654,1727.28,1038.48,171.23,101.74,1005.6,22.9,-1.2,0.0,0.0,0.0,,0.0,0,0,0,0,0,8.0,0.0,74545.17,44670.52,119215.7,0.0,1091.31
2026-06-04T21:23:15.313+00:00,52048,c73b8aee-e184-4449-b355-58d5694dddce,,10,FAULT,0x0C81,ESTOP|SENSOR_RANGE|SELFTEST|OVERPRESSURE,0,1,0,0,0,0,0.0,0.0,0.0,14.291,8.638,1714.92,1036.56,25.09,19.39,1005.6,22.9,-1.2,0.0,0.0,0.0,,0.0,0,0,0,0,0,8.0,0.0,74847.0,44852.96,119699.96,0.0,-830.34
2026-06-04T21:23:15.489+00:00,52224,c73b8aee-e184-4449-b355-58d5694dddce,,10,FAULT,0x0C81,ESTOP|SENSOR_RANGE|SELFTEST|OVERPRESSURE,0,1,0,0,0,0,0.0,0.0,0.0,14.316,8.695,1717.92,1043.4,66.15,36.25,1005.5,22.9,-1.3,0.0,0.0,0.0,,0.0,0,0,0,0,0,8.0,0.0,75149.35,45036.6,120185.95,0.0,233.3
2026-06-04T21:23:15.665+00:00,52400,c73b8aee-e184-4449-b355-58d5694dddce,,10,FAULT,0x0C81,ESTOP|SENSOR_RANGE|SELFTEST|OVERPRESSURE,0,1,0,0,0,0,0.0,0.0,0.0,14.456,8.777,1734.72,1053.24,155.59,91.48,1005.6,22.9,-1.2,0.0,0.0,0.0,,0.0,0,0,0,0,0,8.0,0.0,75454.67,45221.97,120676.63,0.0,508.18
2026-06-04T21:23:15.842+00:00,52576,c73b8aee-e184-4449-b355-58d5694dddce,,10,FAULT,0x0C81,ESTOP|SENSOR_RANGE|SELFTEST|OVERPRESSURE,0,1,0,0,0,0,0.0,0.0,0.0,14.559,8.794,1747.08,1055.28,-25.0,-12.5,1005.5,22.9,-1.3,0.0,0.0,0.0,,0.0,0,0,0,0,0,8.0,0.0,75762.15,45407.7,121169.85,0.0,-1026.08
2026-06-04T21:23:16.017+00:00,52752,c73b8aee-e184-4449-b355-58d5694dddce,,10,FAULT,0x0C81,ESTOP|SENSOR_RANGE|SELFTEST|OVERPRESSURE,0,1,0,0,0,0,0.0,0.0,0.0,14.55,8.741,1746.0,1048.92,180.76,112.25,1005.6,22.9,-1.2,0.0,0.0,0.0,,0.0,0,0,0,0,0,8.0,0.0,76069.45,45592.31,121661.75,0.0,1169.09
2026-06-04T21:23:16.196+00:00,52928,c73b8aee-e184-4449-b355-58d5694dddce,,10,FAULT,0x0C81,ESTOP|SENSOR_RANGE|SELFTEST|OVERPRESSURE,0,1,0,0,0,0,0.0,0.0,0.0,14.452,8.667,1734.24,1040.04,-19.62,-12.5,1005.5,22.9,-1.3,0.0,0.0,0.0,,0.0,0,0,0,0,0,8.0,0.0,76374.67,45775.35,122150.03,0.0,-1138.52
2026-06-04T21:23:16.372+00:00,53104,c73b8aee-e184-4449-b355-58d5694dddce,,10,FAULT,0x0C81,ESTOP|SENSOR_RANGE|SELFTEST|OVERPRESSURE,0,1,0,0,0,0,0.0,0.0,0.0,14.326,8.638,1719.12,1036.56,153.64,89.28,1005.5,22.9,-1.3,0.0,0.0,0.0,,0.0,0,0,0,0,0,8.0,0.0,76677.24,45957.79,122635.03,0.0,984.43
2026-06-04T21:23:16.548+00:00,53280,c73b8aee-e184-4449-b355-58d5694dddce,,10,FAULT,0x0C81,ESTOP|SENSOR_RANGE|SELFTEST|OVERPRESSURE,0,1,0,0,0,0,0.0,0.0,0.0,14.271,8.646,1712.52,1037.52,61.02,40.89,1005.6,22.9,-1.2,0.0,0.0,0.0,,0.0,0,0,0,0,0,8.0,0.0,76978.64,46140.39,123119.03,0.0,-526.25
2026-06-04T21:23:16.724+00:00,53455,c73b8aee-e184-4449-b355-58d5694dddce,,10,FAULT,0x0C81,ESTOP|SENSOR_RANGE|SELFTEST|OVERPRESSURE,0,1,0,0,0,0,0.0,0.0,0.0,14.328,8.703,1719.36,1044.36,29.25,16.09,1005.6,22.9,-1.2,0.0,0.0,0.0,,0.0,0,0,0,0,0,8.0,0.0,77279.53,46323.15,123602.68,0.0,-181.54
2026-06-04T21:23:16.901+00:00,53632,c73b8aee-e184-4449-b355-58d5694dddce,,10,FAULT,0x0C81,ESTOP|SENSOR_RANGE|SELFTEST|OVERPRESSURE,0,1,0,0,0,0,0.0,0.0,0.0,14.481,8.772,1737.72,1052.64,184.67,109.81,1005.6,22.9,-1.2,0.0,0.0,0.0,,0.0,0,0,0,0,0,8.0,0.0,77587.11,46509.47,124096.58,0.0,878.08
2026-06-04T21:23:17.077+00:00,53808,c73b8aee-e184-4449-b355-58d5694dddce,,10,FAULT,0x0C81,ESTOP|SENSOR_RANGE|SELFTEST|OVERPRESSURE,0,1,0,0,0,0,0.0,0.0,0.0,14.542,8.755,1745.04,1050.6,-25.0,-12.5,1005.6,22.9,-1.2,0.0,0.0,0.0,,0.0,0,0,0,0,0,8.0,0.0,77894.23,46694.38,124588.61,0.0,-1191.31
2026-06-04T21:23:17.253+00:00,53984,c73b8aee-e184-4449-b355-58d5694dddce,,10,FAULT,0x0C81,ESTOP|SENSOR_RANGE|SELFTEST|OVERPRESSURE,0,1,0,0,0,0,0.0,0.0,0.0,14.497,8.702,1739.64,1044.24,174.16,107.61,1005.6,22.9,-1.2,0.0,0.0,0.0,,0.0,0,0,0,0,0,8.0,0.0,78200.41,46878.16,125078.57,0.0,1131.59
2026-06-04T21:23:17.429+00:00,54160,c73b8aee-e184-4449-b355-58d5694dddce,,10,FAULT,0x0C81,ESTOP|SENSOR_RANGE|SELFTEST|OVERPRESSURE,0,1,0,0,0,0,0.0,0.0,0.0,14.388,8.64,1726.56,1036.8,-15.71,-5.77,1005.5,22.9,-1.2,0.0,0.0,0.0,,0.0,0,0,0,0,0,8.0,0.0,78504.29,47060.64,125564.93,0.0,-1078.81
2026-06-04T21:23:17.606+00:00,54336,c73b8aee-e184-4449-b355-58d5694dddce,,10,FAULT,0x0C81,ESTOP|SENSOR_RANGE|SELFTEST|OVERPRESSURE,0,1,0,0,0,0,0.0,0.0,0.0,14.298,8.639,1715.76,1036.68,124.56,68.51,1005.6,22.9,-1.2,0.0,0.0,0.0,,0.0,0,0,0,0,0,8.0,0.0,78806.26,47243.1,126049.35,0.0,796.99
2026-06-04T21:23:17.782+00:00,54512,c73b8aee-e184-4449-b355-58d5694dddce,,10,FAULT,0x0C81,ESTOP|SENSOR_RANGE|SELFTEST|OVERPRESSURE,0,1,0,0,0,0,0.0,0.0,0.0,14.31,8.684,1717.2,1042.08,107.69,66.31,1005.5,22.9,-1.2,0.0,0.0,0.0,,0.0,0,0,0,0,0,8.0,0.0,79108.49,47426.5,126534.99,0.0,-95.85
2026-06-04T21:23:17.958+00:00,54687,c73b8aee-e184-4449-b355-58d5694dddce,,10,FAULT,0x0C81,ESTOP|SENSOR_RANGE|SELFTEST|OVERPRESSURE,0,1,0,0,0,0,0.0,0.0,0.0,14.393,8.733,1727.16,1047.96,-19.37,-9.93,1005.6,22.9,-1.2,0.0,0.0,0.0,,0.0,0,0,0,0,0,8.0,0.0,79410.74,47609.9,127020.63,0.0,-726.06
2026-06-04T21:23:18.134+00:00,54863,c73b8aee-e184-4449-b355-58d5694dddce,,10,FAULT,0x0C81,ESTOP|SENSOR_RANGE|SELFTEST|OVERPRESSURE,0,1,0,0,0,0,0.0,0.0,0.0,14.496,8.751,1739.52,1050.12,182.47,112.5,1005.6,22.9,-1.2,0.0,0.0,0.0,,0.0,0,0,0,0,0,8.0,0.0,79716.89,47794.72,127511.61,0.0,1146.82
2026-06-04T21:23:18.311+00:00,55040,c73b8aee-e184-4449-b355-58d5694dddce,,10,FAULT,0x0C81,ESTOP|SENSOR_RANGE|SELFTEST|OVERPRESSURE,0,1,0,0,0,0,0.0,0.0,0.0,14.504,8.713,1740.48,1045.56,-21.57,-12.5,1005.6,22.9,-1.2,0.0,0.0,0.0,,0.0,0,0,0,0,0,8.0,0.0,80024.96,47979.78,128004.74,0.0,-1152.77
2026-06-04T21:23:18.487+00:00,55216,c73b8aee-e184-4449-b355-58d5694dddce,,10,FAULT,0x0C81,ESTOP|SENSOR_RANGE|SELFTEST|OVERPRESSURE,0,1,0,0,0,0,0.0,0.0,0.0,14.429,8.667,1731.48,1040.04,171.72,104.67,1005.6,22.9,-1.2,0.0,0.0,0.0,,0.0,0,0,0,0,0,8.0,0.0,80329.7,48162.83,128492.53,0.0,1098.24
2026-06-04T21:23:18.663+00:00,55392,c73b8aee-e184-4449-b355-58d5694dddce,,10,FAULT,0x0C81,ESTOP|SENSOR_RANGE|SELFTEST|OVERPRESSURE,0,1,0,0,0,0,0.0,0.0,0.0,14.332,8.628,1719.84,1035.36,18.01,13.89,1005.6,22.9,-1.2,0.0,0.0,0.0,,0.0,0,0,0,0,0,8.0,0.0,80632.39,48345.05,128977.44,0.0,-873.35
2026-06-04T21:23:18.839+00:00,55568,c73b8aee-e184-4449-b355-58d5694dddce,,10,FAULT,0x0C81,ESTOP|SENSOR_RANGE|SELFTEST|OVERPRESSURE,0,1,0,0,0,0,0.0,0.0,0.0,14.294,8.651,1715.28,1038.12,75.19,41.26,1005.6,22.9,-1.2,0.0,0.0,0.0,,0.0,0,0,0,0,0,8.0,0.0,80934.28,48527.76,129462.04,0.0,324.89
2026-06-04T21:23:19.016+00:00,55743,c73b8aee-e184-4449-b355-58d5694dddce,,10,FAULT,0x0C81,ESTOP|SENSOR_RANGE|SELFTEST|OVERPRESSURE,0,1,0,0,0,0,0.0,0.0,0.0,14.373,8.726,1724.76,1047.12,149.48,87.32,1005.5,22.9,-1.3,0.0,0.0,0.0,,0.0,0,0,0,0,0,8.0,0.0,81236.11,48711.01,129947.12,0.0,424.51
2026-06-04T21:23:19.192+00:00,55919,c73b8aee-e184-4449-b355-58d5694dddce,,10,FAULT,0x0C81,ESTOP|SENSOR_RANGE|SELFTEST|OVERPRESSURE,0,1,0,0,0,0,0.0,0.0,0.0,14.449,8.753,1733.88,1050.36,-25.0,-12.5,1005.6,22.9,-1.2,0.0,0.0,0.0,,0.0,0,0,0,0,0,8.0,0.0,81541.28,48895.87,130437.15,0.0,-991.36
2026-06-04T21:23:19.368+00:00,56095,c73b8aee-e184-4449-b355-58d5694dddce,,10,FAULT,0x0C81,ESTOP|SENSOR_RANGE|SELFTEST|OVERPRESSURE,0,1,0,0,0,0,0.0,0.0,0.0,14.481,8.729,1737.72,1047.48,180.76,112.5,1005.6,22.9,-1.2,0.0,0.0,0.0,,0.0,0,0,0,0,0,8.0,0.0,81847.12,49080.23,130927.34,0.0,1169.09
2026-06-04T21:23:19.546+00:00,56271,c73b8aee-e184-4449-b355-58d5694dddce,,10,FAULT,0x0C81,ESTOP|SENSOR_RANGE|SELFTEST|OVERPRESSURE,0,1,0,0,0,0,0.0,0.0,0.0,14.45,8.683,1734.0,1041.96,-20.11,-12.5,1005.5,22.9,-1.3,0.0,0.0,0.0,,0.0,0,0,0,0,0,8.0,0.0,82152.3,49263.61,131415.91,0.0,-1141.31
2026-06-04T21:23:19.723+00:00,56448,c73b8aee-e184-4449-b355-58d5694dddce,,10,FAULT,0x0C81,ESTOP|SENSOR_RANGE|SELFTEST|OVERPRESSURE,0,1,0,0,0,0,0.0,0.0,0.0,14.354,8.643,1722.48,1037.16,157.06,91.23,1005.5,22.9,-1.3,0.0,0.0,0.0,,0.0,0,0,0,0,0,8.0,0.0,82457.18,49447.19,131904.37,0.0,1000.96
2026-06-04T21:23:19.899+00:00,56624,c73b8aee-e184-4449-b355-58d5694dddce,,10,FAULT,0x0C81,ESTOP|SENSOR_RANGE|SELFTEST|OVERPRESSURE,0,1,0,0,0,0,0.0,0.0,0.0,14.281,8.623,1713.72,1034.76,54.17,37.35,1005.6,22.9,-1.2,0.0,0.0,0.0,,0.0,0,0,0,0,0,8.0,0.0,82758.79,49629.31,132388.1,0.0,-584.6
2026-06-04T21:23:20.075+00:00,56800,c73b8aee-e184-4449-b355-58d5694dddce,,10,FAULT,0x0C81,ESTOP|SENSOR_RANGE|SELFTEST|OVERPRESSURE,0,1,0,0,0,0,0.0,0.0,0.0,14.282,8.657,1713.84,1038.84,34.87,18.9,1005.6,22.9,-1.2,0.0,0.0,0.0,,0.0,0,0,0,0,0,8.0,0.0,83060.43,49812.14,132872.57,0.0,-109.66
2026-06-04T21:23:20.251+00:00,56975,c73b8aee-e184-4449-b355-58d5694dddce,,10,FAULT,0x0C81,ESTOP|SENSOR_RANGE|SELFTEST|OVERPRESSURE,0,1,0,0,0,0,0.0,0.0,0.0,14.401,8.737,1728.12,1048.44,182.23,107.0,1005.6,22.9,-1.2,0.0,0.0,0.0,,0.0,0,0,0,0,0,8.0,0.0,83362.85,49995.62,133358.47,0.0,842.06
2026-06-04T21:23:20.427+00:00,57151,c73b8aee-e184-4449-b355-58d5694dddce,,10,FAULT,0x0C81,ESTOP|SENSOR_RANGE|SELFTEST|OVERPRESSURE,0,1,0,0,0,0,0.0,0.0,0.0,14.464,8.747,1735.68,1049.64,-25.0,-12.5,1005.6,22.9,-1.2,0.0,0.0,0.0,,0.0,0,0,0,0,0,8.0,0.0,83668.33,50180.36,133848.69,0.0,-1177.44
2026-06-04T21:23:20.603+00:00,57327,c73b8aee-e184-4449-b355-58d5694dddce,,10,FAULT,0x0C81,ESTOP|SENSOR_RANGE|SELFTEST|OVERPRESSURE,0,1,0,0,0,0,0.0,0.0,0.0,14.471,8.721,1736.52,1046.52,174.41,107.85,1005.6,22.9,-1.2,0.0,0.0,0.0,,0.0,0,0,0,0,0,8.0,0.0,83973.96,50364.54,134338.5,0.0,1133.01
2026-06-04T21:23:20.780+00:00,57503,c73b8aee-e184-4449-b355-58d5694dddce,,10,FAULT,0x0C81,ESTOP|SENSOR_RANGE|SELFTEST|OVERPRESSURE,0,1,0,0,0,0,0.0,0.0,0.0,14.408,8.67,1728.96,1040.4,-17.42,-8.95,1005.5,22.9,-1.2,0.0,0.0,0.0,,0.0,0,0,0,0,0,8.0,0.0,84278.25,50547.65,134825.91,0.0,-1089.94
2026-06-04T21:23:20.956+00:00,57679,c73b8aee-e184-4449-b355-58d5694dddce,,10,FAULT,0x0C81,ESTOP|SENSOR_RANGE|SELFTEST|OVERPRESSURE,0,1,0,0,0,0,0.0,0.0,0.0,14.324,8.647,1718.88,1037.64,133.6,75.59,1005.5,22.9,-1.2,0.0,0.0,0.0,,0.0,0,0,0,0,0,8.0,0.0,84580.78,50730.28,135311.05,0.0,858.07
2026-06-04T21:23:21.132+00:00,57856,c73b8aee-e184-4449-b355-58d5694dddce,,10,FAULT,0x0C81,ESTOP|SENSOR_RANGE|SELFTEST|OVERPRESSURE,0,1,0,0,0,0,0.0,0.0,0.0,14.287,8.651,1714.44,1038.12,95.23,59.22,1005.6,22.9,-1.2,0.0,0.0,0.0,,0.0,0,0,0,0,0,8.0,0.0,84884.23,50914.03,135798.26,0.0,-216.78
2026-06-04T21:23:21.308+00:00,58032,c73b8aee-e184-4449-b355-58d5694dddce,,10,FAULT,0x0C81,ESTOP|SENSOR_RANGE|SELFTEST|OVERPRESSURE,0,1,0,0,0,0,0.0,0.0,0.0,14.331,8.691,1719.72,1042.92,-3.49,-0.4,1005.5,22.9,-1.3,0.0,0.0,0.0,,0.0,0,0,0,0,0,8.0,0.0,85186.9,51097.58,136284.48,0.0,-560.91
2026-06-04T21:23:21.485+00:00,58207,c73b8aee-e184-4449-b355-58d5694dddce,,10,FAULT,0x0C81,ESTOP|SENSOR_RANGE|SELFTEST|OVERPRESSURE,0,1,0,0,0,0,0.0,0.0,0.0,14.459,8.756,1735.08,1050.72,183.45,112.5,1005.5,22.9,-1.3,0.0,0.0,0.0,,0.0,0,0,0,0,0,8.0,0.0,85490.54,51281.45,136772.0,0.0,1068.23
2026-06-04T21:23:21.661+00:00,58383,c73b8aee-e184-4449-b355-58d5694dddce,,10,FAULT,0x0C81,ESTOP|SENSOR_RANGE|SELFTEST|OVERPRESSURE,0,1,0,0,0,0,0.0,0.0,0.0,14.515,8.757,1741.8,1050.84,-25.0,-12.5,1005.6,22.9,-1.2,0.0,0.0,0.0,,0.0,0,0,0,0,0,8.0,0.0,85797.1,51466.4,137263.5,0.0,-1184.38
2026-06-04T21:23:21.837+00:00,58559,c73b8aee-e184-4449-b355-58d5694dddce,,10,FAULT,0x0C81,ESTOP|SENSOR_RANGE|SELFTEST|OVERPRESSURE,0,1,0,0,0,0,0.0,0.0,0.0,14.487,8.719,1738.44,1046.28,173.19,106.39,1005.6,22.9,-1.2,0.0,0.0,0.0,,0.0,0,0,0,0,0,8.0,0.0,86103.07,51650.55,137753.61,0.0,1126.08
2026-06-04T21:23:22.013+00:00,58735,c73b8aee-e184-4449-b355-58d5694dddce,,10,FAULT,0x0C81,ESTOP|SENSOR_RANGE|SELFTEST|OVERPRESSURE,0,1,0,0,0,0,0.0,0.0,0.0,14.395,8.674,1727.4,1040.88,-0.56,1.67,1005.6,22.9,-1.2,0.0,0.0,0.0,,0.0,0,0,0,0,0,8.0,0.0,86407.09,51833.74,138240.83,0.0,-987.22
2026-06-04T21:23:22.189+00:00,58910,c73b8aee-e184-4449-b355-58d5694dddce,,10,FAULT,0x0C81,ESTOP|SENSOR_RANGE|SELFTEST|OVERPRESSURE,0,1,0,0,0,0,0.0,0.0,0.0,14.312,8.66,1717.44,1039.2,121.87,66.67,1005.6,22.9,-1.2,0.0,0.0,0.0,,0.0,0,0,0,0,0,8.0,0.0,86707.64,52015.6,138723.24,0.0,699.6
2026-06-04T21:23:22.365+00:00,59086,c73b8aee-e184-4449-b355-58d5694dddce,,10,FAULT,0x0C81,ESTOP|SENSOR_RANGE|SELFTEST|OVERPRESSURE,0,1,0,0,0,0,0.0,0.0,0.0,14.285,8.673,1714.2,1040.76,109.4,67.28,1005.6,22.9,-1.2,0.0,0.0,0.0,,0.0,0,0,0,0,0,8.0,0.0,87009.34,52198.78,139208.12,0.0,-70.85
2026-06-04T21:23:22.542+00:00,59262,c73b8aee-e184-4449-b355-58d5694dddce,,10,FAULT,0x0C81,ESTOP|SENSOR_RANGE|SELFTEST|OVERPRESSURE,0,1,0,0,0,0,0.0,0.0,0.0,14.347,8.719,1721.64,1046.28,-21.82,-10.91,1005.6,22.9,-1.2,0.0,0.0,0.0,,0.0,0,0,0,0,0,8.0,0.0,87312.35,52382.92,139695.27,0.0,-745.57
2026-06-04T21:23:22.718+00:00,59439,c73b8aee-e184-4449-b355-58d5694dddce,,10,FAULT,0x0C81,ESTOP|SENSOR_RANGE|SELFTEST|OVERPRESSURE,0,1,0,0,0,0,0.0,0.0,0.0,14.436,8.741,1732.32,1048.92,182.72,112.5,1005.6,22.9,-1.2,0.0,0.0,0.0,,0.0,0,0,0,0,0,8.0,0.0,87618.97,52568.58,140187.55,0.0,1155.59
2026-06-04T21:23:22.894+00:00,59615,c73b8aee-e184-4449-b355-58d5694dddce,,10,FAULT,0x0C81,ESTOP|SENSOR_RANGE|SELFTEST|OVERPRESSURE,0,1,0,0,0,0,0.0,0.0,0.0,14.469,8.728,1736.28,1047.36,-21.08,-12.5,1005.6,22.9,-1.2,0.0,0.0,0.0,,0.0,0,0,0,0,0,8.0,0.0,87924.55,52752.92,140677.47,0.0,-1157.95
2026-06-04T21:23:23.071+00:00,59791,c73b8aee-e184-4449-b355-58d5694dddce,,10,FAULT,0x0C81,ESTOP|SENSOR_RANGE|SELFTEST|OVERPRESSURE,0,1,0,0,0,0,0.0,0.0,0.0,14.422,8.693,1730.64,1043.16,171.23,101.86,1005.5,22.9,-1.2,0.0,0.0,0.0,,0.0,0,0,0,0,0,8.0,0.0,88229.15,52936.51,141165.66,0.0,1092.67
2026-06-04T21:23:23.247+00:00,59967,c73b8aee-e184-4449-b355-58d5694dddce,,10,FAULT,0x0C81,ESTOP|SENSOR_RANGE|SELFTEST|OVERPRESSURE,0,1,0,0,0,0,0.0,0.0,0.0,14.349,8.664,1721.88,1039.68,24.85,19.14,1005.5,22.9,-1.3,0.0,0.0,0.0,,0.0,0,0,0,0,0,8.0,0.0,88532.2,53119.5,141651.69,0.0,-831.7
2026-06-04T21:23:23.423+00:00,60143,c73b8aee-e184-4449-b355-58d5694dddce,,10,FAULT,0x0C81,ESTOP|SENSOR_RANGE|SELFTEST|OVERPRESSURE,0,1,0,0,0,0,0.0,0.0,0.0,14.314,8.679,1717.68,1041.48,67.13,36.74,1005.6,22.9,-1.2,0.0,0.0,0.0,,0.0,0,0,0,0,0,8.0,0.0,88834.51,53302.8,142137.3,0.0,240.23
2026-06-04T21:23:23.601+00:00,60318,c73b8aee-e184-4449-b355-58d5694dddce,,10,FAULT,0x0C81,ESTOP|SENSOR_RANGE|SELFTEST|OVERPRESSURE,0,1,0,0,0,0,0.0,0.0,0.0,14.378,8.743,1725.36,1049.16,155.35,91.23,1005.6,22.9,-1.2,0.0,0.0,0.0,,0.0,0,0,0,0,0,8.0,0.0,89136.45,53486.4,142622.85,0.0,504.11
2026-06-04T21:23:23.777+00:00,60494,c73b8aee-e184-4449-b355-58d5694dddce,,10,FAULT,0x0C81,ESTOP|SENSOR_RANGE|SELFTEST|OVERPRESSURE,0,1,0,0,0,0,0.0,0.0,0.0,14.45,8.765,1734.0,1051.8,-25.0,-12.5,1005.6,22.9,-1.2,0.0,0.0,0.0,,0.0,0,0,0,0,0,8.0,0.0,89441.63,53671.52,143113.15,0.0,-1024.72
2026-06-04T21:23:23.954+00:00,60670,c73b8aee-e184-4449-b355-58d5694dddce,,10,FAULT,0x0C81,ESTOP|SENSOR_RANGE|SELFTEST|OVERPRESSURE,0,1,0,0,0,0,0.0,0.0,0.0,14.476,8.74,1737.12,1048.8,181.25,112.5,1005.6,22.9,-1.2,0.0,0.0,0.0,,0.0,0,0,0,0,0,8.0,0.0,89747.36,53856.11,143603.47,0.0,1171.88
2026-06-04T21:23:24.130+00:00,60847,c73b8aee-e184-4449-b355-58d5694dddce,,10,FAULT,0x0C81,ESTOP|SENSOR_RANGE|SELFTEST|OVERPRESSURE,0,1,0,0,0,0,0.0,0.0,0.0,14.442,8.689,1733.04,1042.68,-19.86,-12.5,1005.5,22.9,-1.3,0.0,0.0,0.0,,0.0,0,0,0,0,0,8.0,0.0,90054.11,54040.66,144094.77,0.0,-1136.21
2026-06-04T21:23:24.306+00:00,61023,c73b8aee-e184-4449-b355-58d5694dddce,,10,FAULT,0x0C81,ESTOP|SENSOR_RANGE|SELFTEST|OVERPRESSURE,0,1,0,0,0,0,0.0,0.0,0.0,14.347,8.648,1721.64,1037.76,155.1,90.13,1005.6,22.9,-1.2,0.0,0.0,0.0,,0.0,0,0,0,0,0,8.0,0.0,90357.12,54223.31,144580.43,0.0,994.09
2026-06-04T21:23:24.482+00:00,61199,c73b8aee-e184-4449-b355-58d5694dddce,,10,FAULT,0x0C81,ESTOP|SENSOR_RANGE|SELFTEST|OVERPRESSURE,0,1,0,0,0,0,0.0,0.0,0.0,14.277,8.635,1713.24,1036.2,58.08,39.18,1005.6,22.9,-1.2,0.0,0.0,0.0,,0.0,0,0,0,0,0,8.0,0.0,90658.65,54405.68,145064.33,0.0,-551.25
2026-06-04T21:23:24.659+00:00,61374,c73b8aee-e184-4449-b355-58d5694dddce,,10,FAULT,0x0C81,ESTOP|SENSOR_RANGE|SELFTEST|OVERPRESSURE,0,1,0,0,0,0,0.0,0.0,0.0,14.284,8.671,1714.08,1040.52,31.69,17.31,1005.6,22.9,-1.2,0.0,0.0,0.0,,0.0,0,0,0,0,0,8.0,0.0,90958.61,54587.77,145546.38,0.0,-150.8
2026-06-04T21:23:24.835+00:00,61550,c73b8aee-e184-4449-b355-58d5694dddce,,10,FAULT,0x0C81,ESTOP|SENSOR_RANGE|SELFTEST|OVERPRESSURE,0,1,0,0,0,0,0.0,0.0,0.0,14.406,8.752,1728.72,1050.24,184.43,108.58,1005.6,22.9,-1.2,0.0,0.0,0.0,,0.0,0,0,0,0,0,8.0,0.0,91262.87,54772.61,146035.48,0.0,867.84
2026-06-04T21:23:25.011+00:00,61726,c73b8aee-e184-4449-b355-58d5694dddce,,10,FAULT,0x0C81,ESTOP|SENSOR_RANGE|SELFTEST|OVERPRESSURE,0,1,0,0,0,0,0.0,0.0,0.0,14.471,8.761,1736.52,1051.32,-25.0,-12.5,1005.6,22.9,-1.2,0.0,0.0,0.0,,0.0,0,0,0,0,0,8.0,0.0,91568.5,54957.64,146526.14,0.0,-1189.94
2026-06-04T21:23:25.187+00:00,61902,c73b8aee-e184-4449-b355-58d5694dddce,,10,FAULT,0x0C81,ESTOP|SENSOR_RANGE|SELFTEST|OVERPRESSURE,0,1,0,0,0,0,0.0,0.0,0.0,14.472,8.729,1736.64,1047.48,174.41,107.85,1005.6,22.9,-1.2,0.0,0.0,0.0,,0.0,0,0,0,0,0,8.0,0.0,91874.15,55142.0,147016.14,0.0,1133.01
2026-06-04T21:23:25.364+00:00,62078,c73b8aee-e184-4449-b355-58d5694dddce,,10,FAULT,0x0C81,ESTOP|SENSOR_RANGE|SELFTEST|OVERPRESSURE,0,1,0,0,0,0,0.0,0.0,0.0,14.398,8.672,1727.76,1040.64,-16.93,-7.73,1005.6,22.9,-1.2,0.0,0.0,0.0,,0.0,0,0,0,0,0,8.0,0.0,92178.23,55325.15,147503.38,0.0,-1087.16
2026-06-04T21:23:25.539+00:00,62255,c73b8aee-e184-4449-b355-58d5694dddce,,10,FAULT,0x0C81,ESTOP|SENSOR_RANGE|SELFTEST|OVERPRESSURE,0,1,0,0,0,0,0.0,0.0,0.0,14.31,8.656,1717.2,1038.72,130.66,73.03,1005.6,22.9,-1.2,0.0,0.0,0.0,,0.0,0,0,0,0,0,8.0,0.0,92482.18,55509.0,147991.18,0.0,833.84
2026-06-04T21:23:25.716+00:00,62431,c73b8aee-e184-4449-b355-58d5694dddce,,10,FAULT,0x0C81,ESTOP|SENSOR_RANGE|SELFTEST|OVERPRESSURE,0,1,0,0,0,0,0.0,0.0,0.0,14.273,8.662,1712.76,1039.44,99.63,61.66,1005.5,22.9,-1.2,0.0,0.0,0.0,,0.0,0,0,0,0,0,8.0,0.0,92783.62,55691.95,148475.57,0.0,-176.31
2026-06-04T21:23:25.892+00:00,62606,c73b8aee-e184-4449-b355-58d5694dddce,,10,FAULT,0x0C81,ESTOP|SENSOR_RANGE|SELFTEST|OVERPRESSURE,0,1,0,0,0,0,0.0,0.0,0.0,14.327,8.708,1719.24,1044.96,-7.4,-3.33,1005.6,22.9,-1.2,0.0,0.0,0.0,,0.0,0,0,0,0,0,8.0,0.0,93084.49,55874.81,148959.3,0.0,-611.6
2026-06-04T21:23:26.068+00:00,62782,c73b8aee-e184-4449-b355-58d5694dddce,,10,FAULT,0x0C81,ESTOP|SENSOR_RANGE|SELFTEST|OVERPRESSURE,0,1,0,0,0,0,0.0,0.0,0.0,14.447,8.76,1733.64,1051.2,182.72,112.5,1005.6,22.9,-1.2,0.0,0.0,0.0,,0.0,0,0,0,0,0,8.0,0.0,93389.61,56059.83,149449.43,0.0,1080.23
2026-06-04T21:23:26.245+00:00,62958,c73b8aee-e184-4449-b355-58d5694dddce,,10,FAULT,0x0C81,ESTOP|SENSOR_RANGE|SELFTEST|OVERPRESSURE,0,1,0,0,0,0,0.0,0.0,0.0,14.492,8.749,1739.04,1049.88,-25.0,-12.5,1005.5,22.9,-1.3,0.0,0.0,0.0,,0.0,0,0,0,0,0,8.0,0.0,93695.68,56244.6,149940.28,0.0,-1180.23
2026-06-04T21:23:26.421+00:00,63134,c73b8aee-e184-4449-b355-58d5694dddce,,10,FAULT,0x0C81,ESTOP|SENSOR_RANGE|SELFTEST|OVERPRESSURE,0,1,0,0,0,0,0.0,0.0,0.0,14.448,8.708,1733.76,1044.96,172.7,105.9,1005.5,22.9,-1.2,0.0,0.0,0.0,,0.0,0,0,0,0,0,8.0,0.0,94000.82,56428.52,150429.34,0.0,1123.3
2026-06-04T21:23:26.597+00:00,63310,c73b8aee-e184-4449-b355-58d5694dddce,,10,FAULT,0x0C81,ESTOP|SENSOR_RANGE|SELFTEST|OVERPRESSURE,0,1,0,0,0,0,0.0,0.0,0.0,14.358,8.669,1722.96,1040.28,8.23,6.31,1005.6,22.9,-1.2,0.0,0.0,0.0,,0.0,0,0,0,0,0,8.0,0.0,94304.06,56611.61,150915.67,0.0,-934.49
2026-06-04T21:23:26.773+00:00,63485,c73b8aee-e184-4449-b355-58d5694dddce,,10,FAULT,0x0C81,ESTOP|SENSOR_RANGE|SELFTEST|OVERPRESSURE,0,1,0,0,0,0,0.0,0.0,0.0,14.288,8.667,1714.56,1040.04,107.69,58.36,1005.6,22.9,-1.2,0.0,0.0,0.0,,0.0,0,0,0,0,0,8.0,0.0,94604.11,56793.61,151397.72,0.0,568.34
2026-06-04T21:23:26.949+00:00,63662,c73b8aee-e184-4449-b355-58d5694dddce,,10,FAULT,0x0C81,ESTOP|SENSOR_RANGE|SELFTEST|OVERPRESSURE,0,1,0,0,0,0,0.0,0.0,0.0,14.313,8.721,1717.56,1046.52,122.6,74.62,1005.6,22.9,-1.2,0.0,0.0,0.0,,0.0,0,0,0,0,0,8.0,0.0,94908.12,56978.85,151886.97,0.0,84.24
2026-06-04T21:23:27.126+00:00,63838,c73b8aee-e184-4449-b355-58d5694dddce,,10,FAULT,0x0C81,ESTOP|SENSOR_RANGE|SELFTEST|OVERPRESSURE,0,1,0,0,0,0,0.0,0.0,0.0,14.401,8.761,1728.12,1051.32,-25.0,-12.5,1005.6,22.9,-1.2,0.0,0.0,0.0,,0.0,0,0,0,0,0,8.0,0.0,95212.27,57163.88,152376.15,0.0,-838.64
2026-06-04T21:23:27.304+00:00,64014,c73b8aee-e184-4449-b355-58d5694dddce,,10,FAULT,0x0C81,ESTOP|SENSOR_RANGE|SELFTEST|OVERPRESSURE,0,1,0,0,0,0,0.0,0.0,0.0,14.474,8.756,1736.88,1050.72,182.23,112.5,1005.6,22.9,-1.2,0.0,0.0,0.0,,0.0,0,0,0,0,0,8.0,0.0,95517.96,57348.81,152866.77,0.0,1177.44
2026-06-04T21:23:27.480+00:00,64190,c73b8aee-e184-4449-b355-58d5694dddce,,10,FAULT,0x0C81,ESTOP|SENSOR_RANGE|SELFTEST|OVERPRESSURE,0,1,0,0,0,0,0.0,0.0,0.0,14.474,8.716,1736.88,1045.92,-20.6,-12.5,1005.6,22.9,-1.2,0.0,0.0,0.0,,0.0,0,0,0,0,0,8.0,0.0,95823.65,57532.89,153356.54,0.0,-1152.44
2026-06-04T21:23:27.656+00:00,64366,c73b8aee-e184-4449-b355-58d5694dddce,,10,FAULT,0x0C81,ESTOP|SENSOR_RANGE|SELFTEST|OVERPRESSURE,0,1,0,0,0,0,0.0,0.0,0.0,14.379,8.662,1725.48,1039.44,169.52,99.67,1005.6,22.9,-1.2,0.0,0.0,0.0,,0.0,0,0,0,0,0,8.0,0.0,96127.33,57715.83,153843.16,0.0,1080.23
2026-06-04T21:23:27.833+00:00,64542,c73b8aee-e184-4449-b355-58d5694dddce,,10,FAULT,0x0C81,ESTOP|SENSOR_RANGE|SELFTEST|OVERPRESSURE,0,1,0,0,0,0,0.0,0.0,0.0,14.286,8.629,1714.32,1035.48,25.58,19.75,1005.6,22.9,-1.2,0.0,0.0,0.0,,0.0,0,0,0,0,0,8.0,0.0,96429.05,57898.07,154327.13,0.0,-817.84
2026-06-04T21:23:28.009+00:00,64717,c73b8aee-e184-4449-b355-58d5694dddce,,10,FAULT,0x0C81,ESTOP|SENSOR_RANGE|SELFTEST|OVERPRESSURE,0,1,0,0,0,0,0.0,0.0,0.0,14.271,8.665,1712.52,1039.8,66.15,36.25,1005.6,22.9,-1.2,0.0,0.0,0.0,,0.0,0,0,0,0,0,8.0,0.0,96728.75,58080.04,154808.78,0.0,231.83
2026-06-04T21:23:28.185+00:00,64893,c73b8aee-e184-4449-b355-58d5694dddce,,10,FAULT,0x0C81,ESTOP|SENSOR_RANGE|SELFTEST|OVERPRESSURE,0,1,0,0,0,0,0.0,0.0,0.0,14.385,8.755,1726.2,1050.6,157.06,92.21,1005.5,22.9,-1.2,0.0,0.0,0.0,,0.0,0,0,0,0,0,8.0,0.0,97032.56,58264.94,155297.5,0.0,516.53
2026-06-04T21:23:28.361+00:00,65070,c73b8aee-e184-4449-b355-58d5694dddce,,10,FAULT,0x0C81,ESTOP|SENSOR_RANGE|SELFTEST|OVERPRESSURE,0,1,0,0,0,0,0.0,0.0,0.0,14.48,8.781,1737.6,1053.72,-25.0,-12.5,1005.5,22.9,-1.3,0.0,0.0,0.0,,0.0,0,0,0,0,0,8.0,0.0,97340.11,58451.45,155791.57,0.0,-1028.59
2026-06-04T21:23:28.537+00:00,65246,c73b8aee-e184-4449-b355-58d5694dddce,,10,FAULT,0x0C81,ESTOP|SENSOR_RANGE|SELFTEST|OVERPRESSURE,0,1,0,0,0,0,0.0,0.0,0.0,14.505,8.747,1740.6,1049.64,180.52,112.37,1005.5,22.9,-1.2,0.0,0.0,0.0,,0.0,0,0,0,0,0,8.0,0.0,97646.46,58636.19,156282.65,0.0,1167.73
2026-06-04T21:23:28.713+00:00,65422,c73b8aee-e184-4449-b355-58d5694dddce,,10,FAULT,0x0C81,ESTOP|SENSOR_RANGE|SELFTEST|OVERPRESSURE,0,1,0,0,0,0,0.0,0.0,0.0,14.447,8.685,1733.64,1042.2,-19.62,-12.5,1005.6,22.9,-1.2,0.0,0.0,0.0,,0.0,0,0,0,0,0,8.0,0.0,97951.58,58819.62,156771.2,0.0,-1137.16
2026-06-04T21:23:28.890+00:00,65598,c73b8aee-e184-4449-b355-58d5694dddce,,10,FAULT,0x0C81,ESTOP|SENSOR_RANGE|SELFTEST|OVERPRESSURE,0,1,0,0,0,0,0.0,0.0,0.0,14.334,8.645,1720.08,1037.4,153.88,89.65,1005.6,22.9,-1.2,0.0,0.0,0.0,,0.0,0,0,0,0,0,8.0,0.0,98254.31,59002.2,157256.51,0.0,985.8
2026-06-04T21:23:29.066+00:00,65774,c73b8aee-e184-4449-b355-58d5694dddce,,10,FAULT,0x0C81,ESTOP|SENSOR_RANGE|SELFTEST|OVERPRESSURE,0,1,0,0,0,0,0.0,0.0,0.0,14.264,8.641,1711.68,1036.92,59.79,40.04,1005.6,22.9,-1.2,0.0,0.0,0.0,,0.0,0,0,0,0,0,8.0,0.0,98555.57,59184.7,157740.27,0.0,-534.6
2026-06-04T21:23:29.242+00:00,65949,c73b8aee-e184-4449-b355-58d5694dddce,,10,FAULT,0x0C81,ESTOP|SENSOR_RANGE|SELFTEST|OVERPRESSURE,0,1,0,0,0,0,0.0,0.0,0.0,14.301,8.695,1716.12,1043.4,31.2,17.06,1005.6,22.9,-1.2,0.0,0.0,0.0,,0.0,0,0,0,0,0,8.0,0.0,98855.89,59367.29,158223.18,0.0,-163.37
2026-06-04T21:23:29.418+00:00,66125,c73b8aee-e184-4449-b355-58d5694dddce,,10,FAULT,0x0C81,ESTOP|SENSOR_RANGE|SELFTEST|OVERPRESSURE,0,1,0,0,0,0,0.0,0.0,0.0,14.443,8.771,1733.16,1052.52,184.43,108.58,1005.6,22.9,-1.2,0.0,0.0,0.0,,0.0,0,0,0,0,0,8.0,0.0,99160.93,59552.54,158713.46,0.0,870.63
2026-06-04T21:23:29.595+00:00,66301,c73b8aee-e184-4449-b355-58d5694dddce,,10,FAULT,0x0C81,ESTOP|SENSOR_RANGE|SELFTEST|OVERPRESSURE,0,1,0,0,0,0,0.0,0.0,0.0,14.512,8.773,1741.44,1052.76,-25.0,-12.5,1005.6,22.9,-1.2,0.0,0.0,0.0,,0.0,0,0,0,0,0,8.0,0.0,99467.42,59737.82,159205.24,0.0,-1189.94
2026-06-04T21:23:29.772+00:00,66478,c73b8aee-e184-4449-b355-58d5694dddce,,10,FAULT,0x0C81,ESTOP|SENSOR_RANGE|SELFTEST|OVERPRESSURE,0,1,0,0,0,0,0.0,0.0,0.0,14.488,8.724,1738.56,1046.88,174.16,107.61,1005.6,22.9,-1.2,0.0,0.0,0.0,,0.0,0,0,0,0,0,8.0,0.0,99775.14,59923.12,159698.26,0.0,1125.2
2026-06-04T21:23:29.947+00:00,66654,c73b8aee-e184-4449-b355-58d5694dddce,,10,FAULT,0x0C81,ESTOP|SENSOR_RANGE|SELFTEST|OVERPRESSURE,0,1,0,0,0,0,0.0,0.0,0.0,14.385,8.657,1726.2,1038.84,-16.44,-7.49,1005.6,22.9,-1.2,0.0,0.0,0.0,,0.0,0,0,0,0,0,8.0,0.0,100078.95,60105.96,160184.91,0.0,-1082.95
2026-06-04T21:23:30.123+00:00,66830,c73b8aee-e184-4449-b355-58d5694dddce,,10,FAULT,0x0C81,ESTOP|SENSOR_RANGE|SELFTEST|OVERPRESSURE,0,1,0,0,0,0,0.0,0.0,0.0,14.289,8.645,1714.68,1037.4,129.93,72.54,1005.6,22.9,-1.2,0.0,0.0,0.0,,0.0,0,0,0,0,0,8.0,0.0,100380.74,60288.54,160669.28,0.0,831.65
2026-06-04T21:23:30.300+00:00,67006,c73b8aee-e184-4449-b355-58d5694dddce,,10,FAULT,0x0C81,ESTOP|SENSOR_RANGE|SELFTEST|OVERPRESSURE,0,1,0,0,0,0,0.0,0.0,0.0,14.27,8.667,1712.4,1040.04,100.36,62.15,1005.6,22.9,-1.2,0.0,0.0,0.0,,0.0,0,0,0,0,0,8.0,0.0,100682.12,60471.58,161153.71,0.0,-168.01
2026-06-04T21:23:30.476+00:00,67181,c73b8aee-e184-4449-b355-58d5694dddce,,10,FAULT,0x0C81,ESTOP|SENSOR_RANGE|SELFTEST|OVERPRESSURE,0,1,0,0,0,0,0.0,0.0,0.0,14.338,8.715,1720.56,1045.8,-13.26,-6.87,1005.5,22.9,-1.3,0.0,0.0,0.0,,0.0,0,0,0,0,0,8.0,0.0,100983.22,60654.6,161637.82,0.0,-649.26
2026-06-04T21:23:30.652+00:00,67357,c73b8aee-e184-4449-b355-58d5694dddce,,10,FAULT,0x0C81,ESTOP|SENSOR_RANGE|SELFTEST|OVERPRESSURE,0,1,0,0,0,0,0.0,0.0,0.0,14.454,8.749,1734.48,1049.88,182.47,112.5,1005.5,22.9,-1.3,0.0,0.0,0.0,,0.0,0,0,0,0,0,8.0,0.0,101288.49,60839.38,162127.87,0.0,1112.1
2026-06-04T21:23:30.830+00:00,67533,c73b8aee-e184-4449-b355-58d5694dddce,,10,FAULT,0x0C81,ESTOP|SENSOR_RANGE|SELFTEST|OVERPRESSURE,0,1,0,0,0,0,0.0,0.0,0.0,14.484,8.724,1738.08,1046.88,-23.77,-12.5,1005.5,22.9,-1.3,0.0,0.0,0.0,,0.0,0,0,0,0,0,8.0,0.0,101594.39,61023.63,162618.02,0.0,-1171.82
2026-06-04T21:23:31.007+00:00,67709,c73b8aee-e184-4449-b355-58d5694dddce,,10,FAULT,0x0C81,ESTOP|SENSOR_RANGE|SELFTEST|OVERPRESSURE,0,1,0,0,0,0,0.0,0.0,0.0,14.436,8.69,1732.32,1042.8,171.96,105.29,1005.5,22.9,-1.3,0.0,0.0,0.0,,0.0,0,0,0,0,0,8.0,0.0,101899.28,61207.16,163106.44,0.0,1112.1
2026-06-04T21:23:31.183+00:00,67886,c73b8aee-e184-4449-b355-58d5694dddce,,10,FAULT,0x0C81,ESTOP|SENSOR_RANGE|SELFTEST|OVERPRESSURE,0,1,0,0,0,0,0.0,0.0,0.0,14.353,8.653,1722.36,1038.36,11.65,8.39,1005.6,22.9,-1.2,0.0,0.0,0.0,,0.0,0,0,0,0,0,8.0,0.0,102204.14,61390.95,163595.09,0.0,-905.71
2026-06-04T21:23:31.359+00:00,68062,c73b8aee-e184-4449-b355-58d5694dddce,,10,FAULT,0x0C81,ESTOP|SENSOR_RANGE|SELFTEST|OVERPRESSURE,0,1,0,0,0,0,0.0,0.0,0.0,14.296,8.664,1715.52,1039.68,94.99,51.77,1005.5,22.9,-1.2,0.0,0.0,0.0,,0.0,0,0,0,0,0,8.0,0.0,102506.07,61573.94,164080.0,0.0,473.52
2026-06-04T21:23:31.535+00:00,68237,c73b8aee-e184-4449-b355-58d5694dddce,,10,FAULT,0x0C81,ESTOP|SENSOR_RANGE|SELFTEST|OVERPRESSURE,0,1,0,0,0,0,0.0,0.0,0.0,14.343,8.727,1721.16,1047.24,128.47,77.43,1005.5,22.9,-1.3,0.0,0.0,0.0,,0.0,0,0,0,0,0,8.0,0.0,102807.27,61757.2,164564.47,0.0,191.31
2026-06-04T21:23:31.711+00:00,68413,c73b8aee-e184-4449-b355-58d5694dddce,,10,FAULT,0x0C81,ESTOP|SENSOR_RANGE|SELFTEST|OVERPRESSURE,0,1,0,0,0,0,0.0,0.0,0.0,14.431,8.762,1731.72,1051.44,-25.0,-12.5,1005.6,22.9,-1.2,0.0,0.0,0.0,,0.0,0,0,0,0,0,8.0,0.0,103112.05,61942.26,165054.31,0.0,-871.99
2026-06-04T21:23:31.887+00:00,68589,c73b8aee-e184-4449-b355-58d5694dddce,,10,FAULT,0x0C81,ESTOP|SENSOR_RANGE|SELFTEST|OVERPRESSURE,0,1,0,0,0,0,0.0,0.0,0.0,14.502,8.756,1740.24,1050.72,182.47,112.5,1005.6,22.9,-1.2,0.0,0.0,0.0,,0.0,0,0,0,0,0,8.0,0.0,103418.33,62127.18,165545.52,0.0,1178.81
2026-06-04T21:23:32.064+00:00,68765,c73b8aee-e184-4449-b355-58d5694dddce,,10,FAULT,0x0C81,ESTOP|SENSOR_RANGE|SELFTEST|OVERPRESSURE,0,1,0,0,0,0,0.0,0.0,0.0,14.493,8.71,1739.16,1045.2,-20.6,-12.5,1005.6,22.9,-1.2,0.0,0.0,0.0,,0.0,0,0,0,0,0,8.0,0.0,103724.43,62311.14,166035.57,0.0,-1153.81
2026-06-04T21:23:32.240+00:00,68941,c73b8aee-e184-4449-b355-58d5694dddce,,10,FAULT,0x0C81,ESTOP|SENSOR_RANGE|SELFTEST|OVERPRESSURE,0,1,0,0,0,0,0.0,0.0,0.0,14.395,8.66,1727.4,1039.2,169.28,99.18,1005.6,22.9,-1.2,0.0,0.0,0.0,,0.0,0,0,0,0,0,8.0,0.0,104028.45,62494.04,166522.49,0.0,1078.86
2026-06-04T21:23:32.416+00:00,69117,c73b8aee-e184-4449-b355-58d5694dddce,,10,FAULT,0x0C81,ESTOP|SENSOR_RANGE|SELFTEST|OVERPRESSURE,0,1,0,0,0,0,0.0,0.0,0.0,14.299,8.628,1715.88,1035.36,27.05,20.73,1005.6,22.9,-1.2,0.0,0.0,0.0,,0.0,0,0,0,0,0,8.0,0.0,104330.44,62676.26,167006.71,0.0,-808.12
2026-06-04T21:23:32.592+00:00,69293,c73b8aee-e184-4449-b355-58d5694dddce,,10,FAULT,0x0C81,ESTOP|SENSOR_RANGE|SELFTEST|OVERPRESSURE,0,1,0,0,0,0,0.0,0.0,0.0,14.287,8.667,1714.44,1040.04,64.44,35.15,1005.6,22.9,-1.2,0.0,0.0,0.0,,0.0,0,0,0,0,0,8.0,0.0,104632.19,62859.31,167491.49,0.0,212.44
2026-06-04T21:23:32.768+00:00,69469,c73b8aee-e184-4449-b355-58d5694dddce,,10,FAULT,0x0C81,ESTOP|SENSOR_RANGE|SELFTEST|OVERPRESSURE,0,1,0,0,0,0,0.0,0.0,0.0,14.406,8.756,1728.72,1050.72,157.06,91.97,1005.6,22.9,-1.2,0.0,0.0,0.0,,0.0,0,0,0,0,0,8.0,0.0,104936.44,63044.23,167980.67,0.0,526.25
2026-06-04T21:23:32.945+00:00,69645,c73b8aee-e184-4449-b355-58d5694dddce,,10,FAULT,0x0C81,ESTOP|SENSOR_RANGE|SELFTEST|OVERPRESSURE,0,1,0,0,0,0,0.0,0.0,0.0,14.503,8.785,1740.36,1054.2,-25.0,-12.5,1005.6,22.9,-1.2,0.0,0.0,0.0,,0.0,0,0,0,0,0,8.0,0.0,105242.74,63229.77,168472.52,0.0,-1034.43
2026-06-04T21:23:33.121+00:00,69821,c73b8aee-e184-4449-b355-58d5694dddce,,10,FAULT,0x0C81,ESTOP|SENSOR_RANGE|SELFTEST|OVERPRESSURE,0,1,0,0,0,0,0.0,0.0,0.0,14.523,8.75,1742.76,1050.0,180.52,112.5,1005.6,22.9,-1.2,0.0,0.0,0.0,,0.0,0,0,0,0,0,8.0,0.0,105549.47,63414.57,168964.04,0.0,1167.73
2026-06-04T21:23:33.297+00:00,69997,c73b8aee-e184-4449-b355-58d5694dddce,,10,FAULT,0x0C81,ESTOP|SENSOR_RANGE|SELFTEST|OVERPRESSURE,0,1,0,0,0,0,0.0,0.0,0.0,14.462,8.687,1735.44,1042.44,-19.62,-12.5,1005.5,22.9,-1.2,0.0,0.0,0.0,,0.0,0,0,0,0,0,8.0,0.0,105854.91,63598.04,169452.95,0.0,-1137.16
2026-06-04T21:23:33.473+00:00,70173,c73b8aee-e184-4449-b355-58d5694dddce,,10,FAULT,0x0C81,ESTOP|SENSOR_RANGE|SELFTEST|OVERPRESSURE,0,1,0,0,0,0,0.0,0.0,0.0,14.349,8.648,1721.88,1037.76,154.13,89.65,1005.6,22.9,-1.2,0.0,0.0,0.0,,0.0,0,0,0,0,0,8.0,0.0,106157.96,63780.69,169938.65,0.0,987.22
2026-06-04T21:23:33.651+00:00,70349,c73b8aee-e184-4449-b355-58d5694dddce,,10,FAULT,0x0C81,ESTOP|SENSOR_RANGE|SELFTEST|OVERPRESSURE,0,1,0,0,0,0,0.0,0.0,0.0,14.279,8.641,1713.48,1036.92,57.35,39.06,1005.6,22.9,-1.2,0.0,0.0,0.0,,0.0,0,0,0,0,0,8.0,0.0,106459.53,63963.19,170422.72,0.0,-549.89
2026-06-04T21:23:33.826+00:00,70524,c73b8aee-e184-4449-b355-58d5694dddce,,10,FAULT,0x0C81,ESTOP|SENSOR_RANGE|SELFTEST|OVERPRESSURE,0,1,0,0,0,0,0.0,0.0,0.0,14.315,8.694,1717.8,1043.28,33.4,18.04,1005.5,22.9,-1.3,0.0,0.0,0.0,,0.0,0,0,0,0,0,8.0,0.0,106760.15,64145.76,170905.91,0.0,-136.86
2026-06-04T21:23:34.002+00:00,70701,c73b8aee-e184-4449-b355-58d5694dddce,,10,FAULT,0x0C81,ESTOP|SENSOR_RANGE|SELFTEST|OVERPRESSURE,0,1,0,0,0,0,0.0,0.0,0.0,14.458,8.772,1734.96,1052.64,182.96,107.49,1005.6,22.9,-1.2,0.0,0.0,0.0,,0.0,0,0,0,0,0,8.0,0.0,107067.23,64332.08,171399.31,0.0,844.97
2026-06-04T21:23:34.178+00:00,70877,c73b8aee-e184-4449-b355-58d5694dddce,,10,FAULT,0x0C81,ESTOP|SENSOR_RANGE|SELFTEST|OVERPRESSURE,0,1,0,0,0,0,0.0,0.0,0.0,14.535,8.774,1744.2,1052.88,-25.0,-12.5,1005.5,22.9,-1.2,0.0,0.0,0.0,,0.0,0,0,0,0,0,8.0,0.0,107374.21,64517.38,171891.6,0.0,-1181.59
2026-06-04T21:23:34.355+00:00,71053,c73b8aee-e184-4449-b355-58d5694dddce,,10,FAULT,0x0C81,ESTOP|SENSOR_RANGE|SELFTEST|OVERPRESSURE,0,1,0,0,0,0,0.0,0.0,0.0,14.51,8.722,1741.2,1046.64,174.65,108.1,1005.5,22.9,-1.2,0.0,0.0,0.0,,0.0,0,0,0,0,0,8.0,0.0,107680.66,64701.59,172382.26,0.0,1134.38
2026-06-04T21:23:34.530+00:00,71229,c73b8aee-e184-4449-b355-58d5694dddce,,10,FAULT,0x0C81,ESTOP|SENSOR_RANGE|SELFTEST|OVERPRESSURE,0,1,0,0,0,0,0.0,0.0,0.0,14.402,8.652,1728.24,1038.24,-17.17,-9.93,1005.5,22.9,-1.2,0.0,0.0,0.0,,0.0,0,0,0,0,0,8.0,0.0,107984.83,64884.32,172869.16,0.0,-1089.89
2026-06-04T21:23:34.709+00:00,71405,c73b8aee-e184-4449-b355-58d5694dddce,,10,FAULT,0x0C81,ESTOP|SENSOR_RANGE|SELFTEST|OVERPRESSURE,0,1,0,0,0,0,0.0,0.0,0.0,14.296,8.638,1715.52,1036.56,135.8,77.43,1005.6,22.9,-1.2,0.0,0.0,0.0,,0.0,0,0,0,0,0,8.0,0.0,108286.77,65066.76,173353.52,0.0,869.15
2026-06-04T21:23:34.886+00:00,71580,c73b8aee-e184-4449-b355-58d5694dddce,,10,FAULT,0x0C81,ESTOP|SENSOR_RANGE|SELFTEST|OVERPRESSURE,0,1,0,0,0,0,0.0,0.0,0.0,14.285,8.669,1714.2,1040.28,91.56,57.02,1005.6,22.9,-1.2,0.0,0.0,0.0,,0.0,0,0,0,0,0,8.0,0.0,108586.75,65248.81,173835.56,0.0,-252.8
2026-06-04T21:23:35.061+00:00,71756,c73b8aee-e184-4449-b355-58d5694dddce,,10,FAULT,0x0C81,ESTOP|SENSOR_RANGE|SELFTEST|OVERPRESSURE,0,1,0,0,0,0,0.0,0.0,0.0,14.362,8.719,1723.44,1046.28,0.9,2.52,1005.6,22.9,-1.2,0.0,0.0,0.0,,0.0,0,0,0,0,0,8.0,0.0,108890.08,65432.95,174323.03,0.0,-515.11
2026-06-04T21:23:35.237+00:00,71932,c73b8aee-e184-4449-b355-58d5694dddce,,10,FAULT,0x0C81,ESTOP|SENSOR_RANGE|SELFTEST|OVERPRESSURE,0,1,0,0,0,0,0.0,0.0,0.0,14.511,8.775,1741.32,1053.0,184.92,112.13,1005.6,22.9,-1.2,0.0,0.0,0.0,,0.0,0,0,0,0,0,8.0,0.0,109196.55,65618.28,174814.83,0.0,1045.57
2026-06-04T21:23:35.414+00:00,72109,c73b8aee-e184-4449-b355-58d5694dddce,,10,FAULT,0x0C81,ESTOP|SENSOR_RANGE|SELFTEST|OVERPRESSURE,0,1,0,0,0,0,0.0,0.0,0.0,14.552,8.743,1746.24,1049.16,-25.0,-12.5,1005.6,22.9,-1.2,0.0,0.0,0.0,,0.0,0,0,0,0,0,8.0,0.0,109505.63,65803.98,175309.61,0.0,-1185.99
2026-06-04T21:23:35.590+00:00,72284,c73b8aee-e184-4449-b355-58d5694dddce,,10,FAULT,0x0C81,ESTOP|SENSOR_RANGE|SELFTEST|OVERPRESSURE,0,1,0,0,0,0,0.0,0.0,0.0,14.493,8.691,1739.16,1042.92,173.92,107.12,1005.6,22.9,-1.2,0.0,0.0,0.0,,0.0,0,0,0,0,0,8.0,0.0,109809.99,65986.49,175796.48,0.0,1136.69
2026-06-04T21:23:35.766+00:00,72460,c73b8aee-e184-4449-b355-58d5694dddce,,10,FAULT,0x0C81,ESTOP|SENSOR_RANGE|SELFTEST|OVERPRESSURE,0,1,0,0,0,0,0.0,0.0,0.0,14.376,8.626,1725.12,1035.12,-13.02,-4.67,1005.6,22.9,-1.2,0.0,0.0,0.0,,0.0,0,0,0,0,0,8.0,0.0,110113.61,66168.67,176282.28,0.0,-1062.16
2026-06-04T21:23:35.942+00:00,72636,c73b8aee-e184-4449-b355-58d5694dddce,,10,FAULT,0x0C81,ESTOP|SENSOR_RANGE|SELFTEST|OVERPRESSURE,0,1,0,0,0,0,0.0,0.0,0.0,14.287,8.63,1714.44,1035.6,122.6,67.04,1005.5,22.9,-1.3,0.0,0.0,0.0,,0.0,0,0,0,0,0,8.0,0.0,110415.35,66350.94,176766.29,0.0,770.57
2026-06-04T21:23:36.119+00:00,72812,c73b8aee-e184-4449-b355-58d5694dddce,,10,FAULT,0x0C81,ESTOP|SENSOR_RANGE|SELFTEST|OVERPRESSURE,0,1,0,0,0,0,0.0,0.0,0.0,14.338,8.702,1720.56,1044.24,108.43,66.67,1005.6,22.9,-1.2,0.0,0.0,0.0,,0.0,0,0,0,0,0,8.0,0.0,110718.17,66534.73,177252.89,0.0,-80.51
2026-06-04T21:23:36.295+00:00,72988,c73b8aee-e184-4449-b355-58d5694dddce,,10,FAULT,0x0C81,ESTOP|SENSOR_RANGE|SELFTEST|OVERPRESSURE,0,1,0,0,0,0,0.0,0.0,0.0,14.427,8.747,1731.24,1049.64,-18.89,-9.81,1005.5,22.9,-1.3,0.0,0.0,0.0,,0.0,0,0,0,0,0,8.0,0.0,111022.87,66719.46,177742.33,0.0,-723.41
2026-06-04T21:23:36.471+00:00,73164,c73b8aee-e184-4449-b355-58d5694dddce,,10,FAULT,0x0C81,ESTOP|SENSOR_RANGE|SELFTEST|OVERPRESSURE,0,1,0,0,0,0,0.0,0.0,0.0,14.53,8.764,1743.6,1051.68,182.47,112.5,1005.6,22.9,-1.2,0.0,0.0,0.0,,0.0,0,0,0,0,0,8.0,0.0,111329.74,66904.56,178234.3,0.0,1144.09
2026-06-04T21:23:36.647+00:00,73340,c73b8aee-e184-4449-b355-58d5694dddce,,10,FAULT,0x0C81,ESTOP|SENSOR_RANGE|SELFTEST|OVERPRESSURE,0,1,0,0,0,0,0.0,0.0,0.0,14.523,8.719,1742.76,1046.28,-22.31,-12.5,1005.6,22.9,-1.2,0.0,0.0,0.0,,0.0,0,0,0,0,0,8.0,0.0,111636.46,67088.7,178725.17,0.0,-1163.52
2026-06-04T21:23:36.824+00:00,73517,c73b8aee-e184-4449-b355-58d5694dddce,,10,FAULT,0x0C81,ESTOP|SENSOR_RANGE|SELFTEST|OVERPRESSURE,0,1,0,0,0,0,0.0,0.0,0.0,14.421,8.664,1730.52,1039.68,171.72,105.04,1005.5,22.9,-1.2,0.0,0.0,0.0,,0.0,0,0,0,0,0,8.0,0.0,111942.77,67272.73,179215.49,0.0,1096.21
2026-06-04T21:23:37.000+00:00,73693,c73b8aee-e184-4449-b355-58d5694dddce,,10,FAULT,0x0C81,ESTOP|SENSOR_RANGE|SELFTEST|OVERPRESSURE,0,1,0,0,0,0,0.0,0.0,0.0,14.312,8.627,1717.44,1035.24,14.1,10.22,1005.5,22.9,-1.2,0.0,0.0,0.0,,0.0,0,0,0,0,0,8.0,0.0,112245.04,67454.93,179699.97,0.0,-895.57
2026-06-04T21:23:37.176+00:00,73868,c73b8aee-e184-4449-b355-58d5694dddce,,10,FAULT,0x0C81,ESTOP|SENSOR_RANGE|SELFTEST|OVERPRESSURE,0,1,0,0,0,0,0.0,0.0,0.0,14.284,8.667,1714.08,1040.04,87.17,47.49,1005.5,22.9,-1.2,0.0,0.0,0.0,,0.0,0,0,0,0,0,8.0,0.0,112545.0,67636.94,180181.94,0.0,417.54
2026-06-04T21:23:37.352+00:00,74044,c73b8aee-e184-4449-b355-58d5694dddce,,10,FAULT,0x0C81,ESTOP|SENSOR_RANGE|SELFTEST|OVERPRESSURE,0,1,0,0,0,0,0.0,0.0,0.0,14.4,8.765,1728.0,1051.8,137.02,81.83,1005.5,22.9,-1.2,0.0,0.0,0.0,,0.0,0,0,0,0,0,8.0,0.0,112849.13,67822.05,180671.18,0.0,283.24
2026-06-04T21:23:37.528+00:00,74220,c73b8aee-e184-4449-b355-58d5694dddce,,10,FAULT,0x0C81,ESTOP|SENSOR_RANGE|SELFTEST|OVERPRESSURE,0,1,0,0,0,0,0.0,0.0,0.0,14.51,8.799,1741.2,1055.88,-25.0,-12.5,1005.5,22.9,-1.3,0.0,0.0,0.0,,0.0,0,0,0,0,0,8.0,0.0,113155.58,68007.89,181163.47,0.0,-920.57
2026-06-04T21:23:37.705+00:00,74396,c73b8aee-e184-4449-b355-58d5694dddce,,10,FAULT,0x0C81,ESTOP|SENSOR_RANGE|SELFTEST|OVERPRESSURE,0,1,0,0,0,0,0.0,0.0,0.0,14.562,8.775,1747.44,1053.0,181.5,112.5,1005.5,22.9,-1.2,0.0,0.0,0.0,,0.0,0,0,0,0,0,8.0,0.0,113463.13,68193.22,181656.34,0.0,1173.3
2026-06-04T21:23:37.881+00:00,74572,c73b8aee-e184-4449-b355-58d5694dddce,,10,FAULT,0x0C81,ESTOP|SENSOR_RANGE|SELFTEST|OVERPRESSURE,0,1,0,0,0,0,0.0,0.0,0.0,14.516,8.714,1741.92,1045.68,-20.35,-12.5,1005.5,22.9,-1.3,0.0,0.0,0.0,,0.0,0,0,0,0,0,8.0,0.0,113769.71,68377.26,182146.96,0.0,-1146.88
2026-06-04T21:23:38.057+00:00,74748,c73b8aee-e184-4449-b355-58d5694dddce,,10,FAULT,0x0C81,ESTOP|SENSOR_RANGE|SELFTEST|OVERPRESSURE,0,1,0,0,0,0,0.0,0.0,0.0,14.399,8.664,1727.88,1039.68,168.79,97.71,1005.5,22.9,-1.3,0.0,0.0,0.0,,0.0,0,0,0,0,0,8.0,0.0,114073.81,68560.24,182634.05,0.0,1074.66
2026-06-04T21:23:38.233+00:00,74924,c73b8aee-e184-4449-b355-58d5694dddce,,10,FAULT,0x0C81,ESTOP|SENSOR_RANGE|SELFTEST|OVERPRESSURE,0,1,0,0,0,0,0.0,0.0,0.0,14.301,8.644,1716.12,1037.28,30.96,23.54,1005.5,22.9,-1.3,0.0,0.0,0.0,,0.0,0,0,0,0,0,8.0,0.0,114375.85,68742.8,183118.65,0.0,-783.12
2026-06-04T21:23:38.409+00:00,75100,c73b8aee-e184-4449-b355-58d5694dddce,,10,FAULT,0x0C81,ESTOP|SENSOR_RANGE|SELFTEST|OVERPRESSURE,0,1,0,0,0,0,0.0,0.0,0.0,14.33,8.7,1719.6,1044.0,59.79,32.58,1005.5,22.9,-1.3,0.0,0.0,0.0,,0.0,0,0,0,0,0,8.0,0.0,114678.5,68926.54,183605.04,0.0,163.81
2026-06-04T21:23:38.588+00:00,75276,c73b8aee-e184-4449-b355-58d5694dddce,,10,FAULT,0x0C81,ESTOP|SENSOR_RANGE|SELFTEST|OVERPRESSURE,0,1,0,0,0,0,0.0,0.0,0.0,14.469,8.782,1736.28,1053.84,159.5,93.92,1005.5,22.9,-1.3,0.0,0.0,0.0,,0.0,0,0,0,0,0,8.0,0.0,114984.09,69112.02,184096.11,0.0,566.53
2026-06-04T21:23:38.764+00:00,75452,c73b8aee-e184-4449-b355-58d5694dddce,,10,FAULT,0x0C81,ESTOP|SENSOR_RANGE|SELFTEST|OVERPRESSURE,0,1,0,0,0,0,0.0,0.0,0.0,14.57,8.8,1748.4,1056.0,-25.0,-12.5,1005.5,22.9,-1.3,0.0,0.0,0.0,,0.0,0,0,0,0,0,8.0,0.0,115291.8,69297.88,184589.68,0.0,-1048.3
2026-06-04T21:23:38.940+00:00,75628,c73b8aee-e184-4449-b355-58d5694dddce,,10,FAULT,0x0C81,ESTOP|SENSOR_RANGE|SELFTEST|OVERPRESSURE,0,1,0,0,0,0,0.0,0.0,0.0,14.559,8.744,1747.08,1049.28,180.52,112.5,1005.5,22.9,-1.3,0.0,0.0,0.0,,0.0,0,0,0,0,0,8.0,0.0,115599.29,69482.55,185081.84,0.0,1167.73
2026-06-04T21:23:39.116+00:00,75804,c73b8aee-e184-4449-b355-58d5694dddce,,10,FAULT,0x0C81,ESTOP|SENSOR_RANGE|SELFTEST|OVERPRESSURE,0,1,0,0,0,0,0.0,0.0,0.0,14.46,8.67,1735.2,1040.4,-19.37,-12.5,1005.5,22.9,-1.3,0.0,0.0,0.0,,0.0,0,0,0,0,0,8.0,0.0,115904.69,69665.66,185570.35,0.0,-1135.74
2026-06-04T21:23:39.293+00:00,75979,c73b8aee-e184-4449-b355-58d5694dddce,,10,FAULT,0x0C81,ESTOP|SENSOR_RANGE|SELFTEST|OVERPRESSURE,0,1,0,0,0,0,0.0,0.0,0.0,14.336,8.641,1720.32,1036.92,154.61,89.89,1005.5,22.9,-1.2,0.0,0.0,0.0,,0.0,0,0,0,0,0,8.0,0.0,116205.74,69847.12,186052.86,0.0,994.17
2026-06-04T21:23:39.469+00:00,76155,c73b8aee-e184-4449-b355-58d5694dddce,,10,FAULT,0x0C81,ESTOP|SENSOR_RANGE|SELFTEST|OVERPRESSURE,0,1,0,0,0,0,0.0,0.0,0.0,14.299,8.665,1715.88,1039.8,55.64,38.2,1005.5,22.9,-1.3,0.0,0.0,0.0,,0.0,0,0,0,0,0,8.0,0.0,116507.74,70030.13,186537.86,0.0,-562.33
2026-06-04T21:23:39.645+00:00,76332,c73b8aee-e184-4449-b355-58d5694dddce,,10,FAULT,0x0C81,ESTOP|SENSOR_RANGE|SELFTEST|OVERPRESSURE,0,1,0,0,0,0,0.0,0.0,0.0,14.366,8.723,1723.92,1046.76,35.36,19.14,1005.5,22.9,-1.3,0.0,0.0,0.0,,0.0,0,0,0,0,0,8.0,0.0,116812.87,70215.4,187028.27,0.0,-114.58
2026-06-04T21:23:39.821+00:00,76508,c73b8aee-e184-4449-b355-58d5694dddce,,10,FAULT,0x0C81,ESTOP|SENSOR_RANGE|SELFTEST|OVERPRESSURE,0,1,0,0,0,0,0.0,0.0,0.0,14.511,8.782,1741.32,1053.84,179.54,105.77,1005.5,22.9,-1.3,0.0,0.0,0.0,,0.0,0,0,0,0,0,8.0,0.0,117119.34,70400.88,187520.22,0.0,819.2
2026-06-04T21:23:39.998+00:00,76684,c73b8aee-e184-4449-b355-58d5694dddce,,10,FAULT,0x0C81,ESTOP|SENSOR_RANGE|SELFTEST|OVERPRESSURE,0,1,0,0,0,0,0.0,0.0,0.0,14.562,8.755,1747.44,1050.6,-25.0,-12.5,1005.6,22.9,-1.2,0.0,0.0,0.0,,0.0,0,0,0,0,0,8.0,0.0,117426.89,70585.78,188012.68,0.0,-1162.16
2026-06-04T21:23:40.174+00:00,76860,c73b8aee-e184-4449-b355-58d5694dddce,,10,FAULT,0x0C81,ESTOP|SENSOR_RANGE|SELFTEST|OVERPRESSURE,0,1,0,0,0,0,0.0,0.0,0.0,14.497,8.687,1739.64,1042.44,175.63,108.58,1005.5,22.9,-1.3,0.0,0.0,0.0,,0.0,0,0,0,0,0,8.0,0.0,117733.07,70769.25,188502.32,0.0,1139.94
2026-06-04T21:23:40.350+00:00,77035,c73b8aee-e184-4449-b355-58d5694dddce,,10,FAULT,0x0C81,ESTOP|SENSOR_RANGE|SELFTEST|OVERPRESSURE,0,1,0,0,0,0,0.0,0.0,0.0,14.372,8.604,1724.64,1032.48,-17.91,-12.5,1005.5,22.9,-1.3,0.0,0.0,0.0,,0.0,0,0,0,0,0,8.0,0.0,118034.88,70949.94,188984.82,0.0,-1105.94
2026-06-04T21:23:40.526+00:00,77211,c73b8aee-e184-4449-b355-58d5694dddce,,10,FAULT,0x0C81,ESTOP|SENSOR_RANGE|SELFTEST|OVERPRESSURE,0,1,0,0,0,0,0.0,0.0,0.0,14.261,8.6,1711.32,1032.0,140.2,80.85,1005.5,22.9,-1.3,0.0,0.0,0.0,,0.0,0,0,0,0,0,8.0,0.0,118336.07,71131.57,189467.64,0.0,898.35
2026-06-04T21:23:40.703+00:00,77387,c73b8aee-e184-4449-b355-58d5694dddce,,10,FAULT,0x0C81,ESTOP|SENSOR_RANGE|SELFTEST|OVERPRESSURE,0,1,0,0,0,0,0.0,0.0,0.0,14.292,8.663,1715.04,1039.56,82.28,52.01,1005.5,22.9,-1.3,0.0,0.0,0.0,,0.0,0,0,0,0,0,8.0,0.0,118637.92,71314.53,189952.45,0.0,-329.09
2026-06-04T21:23:40.878+00:00,77563,c73b8aee-e184-4449-b355-58d5694dddce,,10,FAULT,0x0C81,ESTOP|SENSOR_RANGE|SELFTEST|OVERPRESSURE,0,1,0,0,0,0,0.0,0.0,0.0,14.379,8.72,1725.48,1046.4,10.19,7.17,1005.5,22.9,-1.2,0.0,0.0,0.0,,0.0,0,0,0,0,0,8.0,0.0,118941.6,71498.7,190440.3,0.0,-409.6
2026-06-04T21:23:41.055+00:00,77740,c73b8aee-e184-4449-b355-58d5694dddce,,10,FAULT,0x0C81,ESTOP|SENSOR_RANGE|SELFTEST|OVERPRESSURE,0,1,0,0,0,0,0.0,0.0,0.0,14.524,8.769,1742.88,1052.28,184.67,112.5,1005.5,22.9,-1.3,0.0,0.0,0.0,,0.0,0,0,0,0,0,8.0,0.0,119250.09,71684.95,190935.05,0.0,985.76
2026-06-04T21:23:41.231+00:00,77916,c73b8aee-e184-4449-b355-58d5694dddce,,10,FAULT,0x0C81,ESTOP|SENSOR_RANGE|SELFTEST|OVERPRESSURE,0,1,0,0,0,0,0.0,0.0,0.0,14.544,8.725,1745.28,1047.0,-25.0,-12.5,1005.5,22.9,-1.3,0.0,0.0,0.0,,0.0,0,0,0,0,0,8.0,0.0,119557.26,71869.22,191426.49,0.0,-1191.31
2026-06-04T21:23:41.407+00:00,78091,c73b8aee-e184-4449-b355-58d5694dddce,,10,FAULT,0x0C81,ESTOP|SENSOR_RANGE|SELFTEST|OVERPRESSURE,0,1,0,0,0,0,0.0,0.0,0.0,14.447,8.658,1733.64,1038.96,173.92,107.36,1005.6,22.9,-1.2,0.0,0.0,0.0,,0.0,0,0,0,0,0,8.0,0.0,119860.65,72051.04,191911.69,0.0,1136.69
2026-06-04T21:23:41.583+00:00,78267,c73b8aee-e184-4449-b355-58d5694dddce,,10,FAULT,0x0C81,ESTOP|SENSOR_RANGE|SELFTEST|OVERPRESSURE,0,1,0,0,0,0,0.0,0.0,0.0,14.307,8.591,1716.84,1030.92,-15.71,-6.02,1005.5,22.9,-1.3,0.0,0.0,0.0,,0.0,0,0,0,0,0,8.0,0.0,120162.81,72232.48,192395.3,0.0,-1077.44
2026-06-04T21:23:41.759+00:00,78443,c73b8aee-e184-4449-b355-58d5694dddce,,10,FAULT,0x0C81,ESTOP|SENSOR_RANGE|SELFTEST|OVERPRESSURE,0,1,0,0,0,0,0.0,0.0,0.0,14.237,8.61,1708.44,1033.2,127.98,70.95,1005.5,22.9,-1.2,0.0,0.0,0.0,,0.0,0,0,0,0,0,8.0,0.0,120463.5,72414.33,192877.83,0.0,816.42
2026-06-04T21:23:41.938+00:00,78619,c73b8aee-e184-4449-b355-58d5694dddce,,10,FAULT,0x0C81,ESTOP|SENSOR_RANGE|SELFTEST|OVERPRESSURE,0,1,0,0,0,0,0.0,0.0,0.0,14.331,8.701,1719.72,1044.12,101.34,62.76,1005.5,22.9,-1.2,0.0,0.0,0.0,,0.0,0,0,0,0,0,8.0,0.0,120766.17,72598.09,193364.26,0.0,-151.36
2026-06-04T21:23:42.114+00:00,78795,c73b8aee-e184-4449-b355-58d5694dddce,,10,FAULT,0x0C81,ESTOP|SENSOR_RANGE|SELFTEST|OVERPRESSURE,0,1,0,0,0,0,0.0,0.0,0.0,14.445,8.75,1733.4,1050.0,-12.29,-6.26,1005.6,22.9,-1.2,0.0,0.0,0.0,,0.0,0,0,0,0,0,8.0,0.0,121071.25,72782.89,193854.14,0.0,-645.62
2026-06-04T21:23:42.290+00:00,78971,c73b8aee-e184-4449-b355-58d5694dddce,,10,FAULT,0x0C81,ESTOP|SENSOR_RANGE|SELFTEST|OVERPRESSURE,0,1,0,0,0,0,0.0,0.0,0.0,14.552,8.762,1746.24,1051.44,182.47,112.5,1005.6,22.9,-1.2,0.0,0.0,0.0,,0.0,0,0,0,0,0,8.0,0.0,121378.59,72967.95,194346.53,0.0,1106.59
2026-06-04T21:23:42.467+00:00,79148,c73b8aee-e184-4449-b355-58d5694dddce,,10,FAULT,0x0C81,ESTOP|SENSOR_RANGE|SELFTEST|OVERPRESSURE,0,1,0,0,0,0,0.0,0.0,0.0,14.524,8.701,1742.88,1044.12,-25.0,-12.5,1005.6,22.9,-1.2,0.0,0.0,0.0,,0.0,0,0,0,0,0,8.0,0.0,121687.08,73152.75,194839.83,0.0,-1172.15
2026-06-04T21:23:42.643+00:00,79324,c73b8aee-e184-4449-b355-58d5694dddce,,10,FAULT,0x0C81,ESTOP|SENSOR_RANGE|SELFTEST|OVERPRESSURE,0,1,0,0,0,0,0.0,0.0,0.0,14.408,8.647,1728.96,1037.64,172.45,105.65,1005.5,22.9,-1.3,0.0,0.0,0.0,,0.0,0,0,0,0,0,8.0,0.0,121991.37,73335.38,195326.75,0.0,1121.88
2026-06-04T21:23:42.819+00:00,79500,c73b8aee-e184-4449-b355-58d5694dddce,,10,FAULT,0x0C81,ESTOP|SENSOR_RANGE|SELFTEST|OVERPRESSURE,0,1,0,0,0,0,0.0,0.0,0.0,14.288,8.614,1714.56,1033.68,6.52,5.21,1005.6,22.9,-1.2,0.0,0.0,0.0,,0.0,0,0,0,0,0,8.0,0.0,122293.14,73517.31,195810.44,0.0,-942.78
2026-06-04T21:23:42.995+00:00,79675,c73b8aee-e184-4449-b355-58d5694dddce,,10,FAULT,0x0C81,ESTOP|SENSOR_RANGE|SELFTEST|OVERPRESSURE,0,1,0,0,0,0,0.0,0.0,0.0,14.261,8.648,1711.32,1037.76,114.05,62.03,1005.5,22.9,-1.3,0.0,0.0,0.0,,0.0,0,0,0,0,0,8.0,0.0,122592.62,73698.91,196291.53,0.0,614.46
2026-06-04T21:23:43.171+00:00,79851,c73b8aee-e184-4449-b355-58d5694dddce,,10,FAULT,0x0C81,ESTOP|SENSOR_RANGE|SELFTEST|OVERPRESSURE,0,1,0,0,0,0,0.0,0.0,0.0,14.378,8.737,1725.36,1048.44,116.49,70.71,1005.5,22.9,-1.3,0.0,0.0,0.0,,0.0,0,0,0,0,0,8.0,0.0,122896.28,73883.44,196779.72,0.0,13.86
2026-06-04T21:23:43.348+00:00,80027,c73b8aee-e184-4449-b355-58d5694dddce,,10,FAULT,0x0C81,ESTOP|SENSOR_RANGE|SELFTEST|OVERPRESSURE,0,1,0,0,0,0,0.0,0.0,0.0,14.505,8.779,1740.6,1053.48,-24.26,-12.13,1005.5,22.9,-1.2,0.0,0.0,0.0,,0.0,0,0,0,0,0,8.0,0.0,123202.63,74068.85,197271.48,0.0,-799.72
2026-06-04T21:23:43.524+00:00,80203,c73b8aee-e184-4449-b355-58d5694dddce,,10,FAULT,0x0C81,ESTOP|SENSOR_RANGE|SELFTEST|OVERPRESSURE,0,1,0,0,0,0,0.0,0.0,0.0,14.563,8.755,1747.56,1050.6,182.47,112.5,1005.5,22.9,-1.3,0.0,0.0,0.0,,0.0,0,0,0,0,0,8.0,0.0,123510.2,74253.76,197763.95,0.0,1174.6
2026-06-04T21:23:43.700+00:00,80379,c73b8aee-e184-4449-b355-58d5694dddce,,10,FAULT,0x0C81,ESTOP|SENSOR_RANGE|SELFTEST|OVERPRESSURE,0,1,0,0,0,0,0.0,0.0,0.0,14.496,8.686,1739.52,1042.32,-20.84,-12.5,1005.5,22.9,-1.3,0.0,0.0,0.0,,0.0,0,0,0,0,0,8.0,0.0,123816.35,74437.21,198253.56,0.0,-1155.17
2026-06-04T21:23:43.876+00:00,80555,c73b8aee-e184-4449-b355-58d5694dddce,,10,FAULT,0x0C81,ESTOP|SENSOR_RANGE|SELFTEST|OVERPRESSURE,0,1,0,0,0,0,0.0,0.0,0.0,14.367,8.645,1724.04,1037.4,171.23,103.82,1005.5,22.9,-1.3,0.0,0.0,0.0,,0.0,0,0,0,0,0,8.0,0.0,124119.78,74619.79,198739.57,0.0,1091.31
2026-06-04T21:23:44.053+00:00,80731,c73b8aee-e184-4449-b355-58d5694dddce,,10,FAULT,0x0C81,ESTOP|SENSOR_RANGE|SELFTEST|OVERPRESSURE,0,1,1,0,0,0,0.0,0.0,0.0,14.259,8.626,1711.08,1035.12,18.98,14.38,1005.5,22.9,-1.3,0.0,0.0,0.0,,0.0,0,0,0,0,0,8.0,0.0,124420.93,74801.97,199222.9,0.0,-865.06
2026-06-04T21:23:44.284+00:00,80907,c73b8aee-e184-4449-b355-58d5694dddce,,10,FAULT,0x0C81,ESTOP|SENSOR_RANGE|SELFTEST|OVERPRESSURE,0,1,1,0,0,0,0.0,0.0,0.0,14.277,8.679,1713.24,1041.48,76.66,42.24,1005.5,22.9,-1.2,0.0,0.0,0.0,,0.0,0,0,0,0,0,8.0,0.0,124722.46,74985.27,199707.73,0.0,327.73
2026-06-04T21:23:44.406+00:00,81083,c73b8aee-e184-4449-b355-58d5694dddce,,10,FAULT,0x0C81,ESTOP|SENSOR_RANGE|SELFTEST|OVERPRESSURE,0,1,1,0,0,0,0.0,0.0,0.0,14.436,8.774,1732.32,1052.88,144.59,84.76,1005.5,22.9,-1.3,0.0,0.0,0.0,,0.0,0,0,0,0,0,8.0,0.0,125027.35,75170.58,200197.93,0.0,385.97
2026-06-04T21:23:44.581+00:00,81259,c73b8aee-e184-4449-b355-58d5694dddce,,10,FAULT,0x0C81,ESTOP|SENSOR_RANGE|SELFTEST|OVERPRESSURE,0,1,1,0,0,0,0.0,0.0,0.0,14.531,8.782,1743.72,1053.84,-25.0,-12.5,1005.5,22.9,-1.3,0.0,0.0,0.0,,0.0,0,0,0,0,0,8.0,0.0,125334.25,75356.05,200690.3,0.0,-963.58
2026-06-04T21:23:44.835+00:00,81435,c73b8aee-e184-4449-b355-58d5694dddce,,10,FAULT,0x0C81,ESTOP|SENSOR_RANGE|SELFTEST|OVERPRESSURE,0,1,1,0,0,0,0.0,0.0,0.0,14.543,8.734,1745.16,1048.08,181.74,112.5,1005.5,22.9,-1.3,0.0,0.0,0.0,,0.0,0,0,0,0,0,8.0,0.0,125641.39,75540.52,201181.91,0.0,1174.66
2026-06-04T21:23:44.961+00:00,81611,c73b8aee-e184-4449-b355-58d5694dddce,,10,FAULT,0x0C81,ESTOP|SENSOR_RANGE|SELFTEST|OVERPRESSURE,0,1,1,0,0,0,0.0,0.0,0.0,14.446,8.656,1733.52,1038.72,-20.35,-12.5,1005.5,22.9,-1.3,0.0,0.0,0.0,,0.0,0,0,0,0,0,8.0,0.0,125946.49,75723.33,201669.82,0.0,-1148.24
2026-06-04T21:23:45.109+00:00,81786,c73b8aee-e184-4449-b355-58d5694dddce,,10,FAULT,0x0C81,ESTOP|SENSOR_RANGE|SELFTEST|OVERPRESSURE,0,1,1,0,0,0,0.0,0.0,0.0,14.313,8.615,1717.56,1033.8,167.08,96.98,1005.5,22.9,-1.3,0.0,0.0,0.0,,0.0,0,0,0,0,0,8.0,0.0,126247.07,75904.25,202151.31,0.0,1071.03
2026-06-04T21:23:45.285+00:00,81963,c73b8aee-e184-4449-b355-58d5694dddce,,10,FAULT,0x0C81,ESTOP|SENSOR_RANGE|SELFTEST|OVERPRESSURE,0,1,1,0,0,0,0.0,0.0,0.0,14.273,8.646,1712.76,1037.52,31.69,24.27,1005.6,22.9,-1.2,0.0,0.0,0.0,,0.0,0,0,0,0,0,8.0,0.0,126550.23,76087.89,202638.11,0.0,-764.92
2026-06-04T21:23:45.462+00:00,82139,c73b8aee-e184-4449-b355-58d5694dddce,,10,FAULT,0x0C81,ESTOP|SENSOR_RANGE|SELFTEST|OVERPRESSURE,0,1,1,0,0,0,0.0,0.0,0.0,14.319,8.693,1718.28,1043.16,59.31,32.22,1005.5,22.9,-1.3,0.0,0.0,0.0,,0.0,0,0,0,0,0,8.0,0.0,126852.64,76271.48,203124.13,0.0,156.93
2026-06-04T21:23:45.702+00:00,82315,c73b8aee-e184-4449-b355-58d5694dddce,,10,FAULT,0x0C81,ESTOP|SENSOR_RANGE|SELFTEST|OVERPRESSURE,0,1,1,0,0,0,0.0,0.0,0.0,14.476,8.767,1737.12,1052.04,160.72,94.66,1005.5,22.9,-1.3,0.0,0.0,0.0,,0.0,0,0,0,0,0,8.0,0.0,127158.38,76456.64,203615.02,0.0,576.19
2026-06-04T21:23:45.814+00:00,82491,c73b8aee-e184-4449-b355-58d5694dddce,,10,FAULT,0x0C81,ESTOP|SENSOR_RANGE|SELFTEST|OVERPRESSURE,0,1,1,0,0,0,0.0,0.0,0.0,14.534,8.742,1744.08,1049.04,-25.0,-12.5,1005.5,22.9,-1.3,0.0,0.0,0.0,,0.0,0,0,0,0,0,8.0,0.0,127465.33,76641.27,204106.61,0.0,-1055.23
2026-06-04T21:23:45.993+00:00,82666,c73b8aee-e184-4449-b355-58d5694dddce,,10,FAULT,0x0C81,ESTOP|SENSOR_RANGE|SELFTEST|OVERPRESSURE,0,1,1,0,0,0,0.0,0.0,0.0,14.485,8.666,1738.2,1039.92,180.76,112.5,1005.5,22.9,-1.2,0.0,0.0,0.0,,0.0,0,0,0,0,0,8.0,0.0,127769.52,76823.26,204592.78,0.0,1175.77
2026-06-04T21:23:46.250+00:00,82842,c73b8aee-e184-4449-b355-58d5694dddce,,10,FAULT,0x0C81,ESTOP|SENSOR_RANGE|SELFTEST|OVERPRESSURE,0,1,1,0,0,0,0.0,0.0,0.0,14.36,8.586,1723.2,1030.32,-19.13,-12.5,1005.5,22.9,-1.3,0.0,0.0,0.0,,0.0,0,0,0,0,0,8.0,0.0,128072.8,77004.59,205077.4,0.0,-1135.74
2026-06-04T21:23:46.350+00:00,83018,c73b8aee-e184-4449-b355-58d5694dddce,,10,FAULT,0x0C81,ESTOP|SENSOR_RANGE|SELFTEST|OVERPRESSURE,0,1,1,0,0,0,0.0,0.0,0.0,14.232,8.564,1707.84,1027.68,156.08,90.75,1005.5,22.9,-1.3,0.0,0.0,0.0,,0.0,0,0,0,0,0,8.0,0.0,128373.38,77185.47,205558.85,0.0,995.51
2026-06-04T21:23:46.521+00:00,83194,c73b8aee-e184-4449-b355-58d5694dddce,,10,FAULT,0x0C81,ESTOP|SENSOR_RANGE|SELFTEST|OVERPRESSURE,0,1,1,0,0,0,0.0,0.0,0.0,14.255,8.631,1710.6,1035.72,52.22,36.37,1005.5,22.9,-1.3,0.0,0.0,0.0,,0.0,0,0,0,0,0,8.0,0.0,128674.45,77367.75,206042.2,0.0,-590.11
2026-06-04T21:23:46.697+00:00,83371,c73b8aee-e184-4449-b355-58d5694dddce,,10,FAULT,0x0C81,ESTOP|SENSOR_RANGE|SELFTEST|OVERPRESSURE,0,1,1,0,0,0,0.0,0.0,0.0,14.318,8.678,1718.16,1041.36,40.0,21.22,1005.5,22.9,-1.3,0.0,0.0,0.0,,0.0,0,0,0,0,0,8.0,0.0,128978.56,77552.07,206530.64,0.0,-69.04
2026-06-04T21:23:46.874+00:00,83547,c73b8aee-e184-4449-b355-58d5694dddce,,10,FAULT,0x0C81,ESTOP|SENSOR_RANGE|SELFTEST|OVERPRESSURE,0,1,1,0,0,0,0.0,0.0,0.0,14.468,8.739,1736.16,1048.68,176.61,104.06,1005.5,22.9,-1.3,0.0,0.0,0.0,,0.0,0,0,0,0,0,8.0,0.0,129284.13,77736.64,207020.77,0.0,776.19
2026-06-04T21:23:47.081+00:00,83723,c73b8aee-e184-4449-b355-58d5694dddce,,10,FAULT,0x0C81,ESTOP|SENSOR_RANGE|SELFTEST|OVERPRESSURE,0,1,1,0,0,0,0.0,0.0,0.0,14.499,8.702,1739.88,1044.24,-25.0,-12.5,1005.5,22.9,-1.3,0.0,0.0,0.0,,0.0,0,0,0,0,0,8.0,0.0,129590.35,77920.43,207510.77,0.0,-1145.51
2026-06-04T21:23:47.226+00:00,83898,c73b8aee-e184-4449-b355-58d5694dddce,,10,FAULT,0x0C81,ESTOP|SENSOR_RANGE|SELFTEST|OVERPRESSURE,0,1,1,0,0,0,0.0,0.0,0.0,14.406,8.628,1728.72,1035.36,176.12,108.58,1005.5,22.9,-1.3,0.0,0.0,0.0,,0.0,0,0,0,0,0,8.0,0.0,129892.87,78101.62,207994.49,0.0,1149.26
2026-06-04T21:23:47.402+00:00,84074,c73b8aee-e184-4449-b355-58d5694dddce,,10,FAULT,0x0C81,ESTOP|SENSOR_RANGE|SELFTEST|OVERPRESSURE,0,1,1,0,0,0,0.0,0.0,0.0,14.274,8.56,1712.88,1027.2,-17.66,-12.5,1005.5,22.9,-1.3,0.0,0.0,0.0,,0.0,0,0,0,0,0,8.0,0.0,130194.34,78282.4,208476.74,0.0,-1101.02
2026-06-04T21:23:47.578+00:00,84250,c73b8aee-e184-4449-b355-58d5694dddce,,10,FAULT,0x0C81,ESTOP|SENSOR_RANGE|SELFTEST|OVERPRESSURE,0,1,1,0,0,0,0.0,0.0,0.0,14.173,8.559,1700.76,1027.08,141.17,81.34,1005.5,22.9,-1.3,0.0,0.0,0.0,,0.0,0,0,0,0,0,8.0,0.0,130493.67,78463.17,208956.84,0.0,902.44
2026-06-04T21:23:47.813+00:00,84426,c73b8aee-e184-4449-b355-58d5694dddce,,10,FAULT,0x0C81,ESTOP|SENSOR_RANGE|SELFTEST|OVERPRESSURE,0,1,1,0,0,0,0.0,0.0,0.0,14.262,8.652,1711.44,1038.24,80.57,51.03,1005.5,22.9,-1.2,0.0,0.0,0.0,,0.0,0,0,0,0,0,8.0,0.0,130794.89,78645.9,209440.78,0.0,-344.32
2026-06-04T21:23:47.931+00:00,84602,c73b8aee-e184-4449-b355-58d5694dddce,,10,FAULT,0x0C81,ESTOP|SENSOR_RANGE|SELFTEST|OVERPRESSURE,0,1,1,0,0,0,0.0,0.0,0.0,14.357,8.7,1722.84,1044.0,12.87,8.39,1005.5,22.9,-1.3,0.0,0.0,0.0,,0.0,0,0,0,0,0,8.0,0.0,131098.11,78829.64,209927.75,0.0,-384.66
2026-06-04T21:23:48.107+00:00,84779,c73b8aee-e184-4449-b355-58d5694dddce,,10,FAULT,0x0C81,ESTOP|SENSOR_RANGE|SELFTEST|OVERPRESSURE,0,1,1,0,0,0,0.0,0.0,0.0,14.504,8.744,1740.48,1049.28,184.92,111.4,1005.5,22.9,-1.2,0.0,0.0,0.0,,0.0,0,0,0,0,0,8.0,0.0,131406.17,79015.37,210421.54,0.0,972.03
2026-06-04T21:23:48.283+00:00,84954,c73b8aee-e184-4449-b355-58d5694dddce,,10,FAULT,0x0C81,ESTOP|SENSOR_RANGE|SELFTEST|OVERPRESSURE,0,1,1,0,0,0,0.0,0.0,0.0,14.503,8.694,1740.36,1043.28,-25.0,-12.5,1005.5,22.9,-1.3,0.0,0.0,0.0,,0.0,0,0,0,0,0,8.0,0.0,131710.73,79197.94,210908.67,0.0,-1199.54
2026-06-04T21:23:48.492+00:00,85130,c73b8aee-e184-4449-b355-58d5694dddce,,10,FAULT,0x0C81,ESTOP|SENSOR_RANGE|SELFTEST|OVERPRESSURE,0,1,1,0,0,0,0.0,0.0,0.0,14.391,8.623,1726.92,1034.76,174.41,107.49,1005.6,22.9,-1.2,0.0,0.0,0.0,,0.0,0,0,0,0,0,8.0,0.0,132014.67,79380.06,211394.73,0.0,1133.01
2026-06-04T21:23:48.653+00:00,85306,c73b8aee-e184-4449-b355-58d5694dddce,,10,FAULT,0x0C81,ESTOP|SENSOR_RANGE|SELFTEST|OVERPRESSURE,0,1,1,0,0,0,0.0,0.0,0.0,14.262,8.57,1711.44,1028.4,-15.71,-6.39,1005.5,22.9,-1.2,0.0,0.0,0.0,,0.0,0,0,0,0,0,8.0,0.0,132315.88,79561.06,211876.94,0.0,-1080.23
2026-06-04T21:23:48.812+00:00,85482,c73b8aee-e184-4449-b355-58d5694dddce,,10,FAULT,0x0C81,ESTOP|SENSOR_RANGE|SELFTEST|OVERPRESSURE,0,1,1,0,0,0,0.0,0.0,0.0,14.198,8.589,1703.76,1030.68,129.69,72.42,1005.5,22.9,-1.3,0.0,0.0,0.0,,0.0,0,0,0,0,0,8.0,0.0,132615.75,79742.46,212358.2,0.0,826.14
2026-06-04T21:23:48.988+00:00,85658,c73b8aee-e184-4449-b355-58d5694dddce,,10,FAULT,0x0C81,ESTOP|SENSOR_RANGE|SELFTEST|OVERPRESSURE,0,1,1,0,0,0,0.0,0.0,0.0,14.314,8.679,1717.68,1041.48,98.16,60.81,1005.5,22.9,-1.3,0.0,0.0,0.0,,0.0,0,0,0,0,0,8.0,0.0,132918.06,79925.76,212843.81,0.0,-179.15
2026-06-04T21:23:49.203+00:00,85834,c73b8aee-e184-4449-b355-58d5694dddce,,10,FAULT,0x0C81,ESTOP|SENSOR_RANGE|SELFTEST|OVERPRESSURE,0,1,1,0,0,0,0.0,0.0,0.0,14.418,8.727,1730.16,1047.24,-1.78,0.57,1005.5,22.9,-1.3,0.0,0.0,0.0,,0.0,0,0,0,0,0,8.0,0.0,133222.57,80110.07,213332.64,0.0,-567.84
2026-06-04T21:23:49.413+00:00,86009,c73b8aee-e184-4449-b355-58d5694dddce,,10,FAULT,0x0C81,ESTOP|SENSOR_RANGE|SELFTEST|OVERPRESSURE,0,1,1,0,0,0,0.0,0.0,0.0,14.541,8.749,1744.92,1049.88,185.16,112.5,1005.5,22.9,-1.3,0.0,0.0,0.0,,0.0,0,0,0,0,0,8.0,0.0,133527.93,80293.8,213821.73,0.0,1068.23
2026-06-04T21:23:49.516+00:00,86185,c73b8aee-e184-4449-b355-58d5694dddce,,10,FAULT,0x0C81,ESTOP|SENSOR_RANGE|SELFTEST|OVERPRESSURE,0,1,1,0,0,0,0.0,0.0,0.0,14.513,8.687,1741.56,1042.44,-25.0,-12.5,1005.5,22.9,-1.3,0.0,0.0,0.0,,0.0,0,0,0,0,0,8.0,0.0,133834.44,80477.27,214311.71,0.0,-1194.09
2026-06-04T21:23:49.695+00:00,86362,c73b8aee-e184-4449-b355-58d5694dddce,,10,FAULT,0x0C81,ESTOP|SENSOR_RANGE|SELFTEST|OVERPRESSURE,0,1,1,0,0,0,0.0,0.0,0.0,14.388,8.619,1726.56,1034.28,174.41,107.61,1005.5,22.9,-1.3,0.0,0.0,0.0,,0.0,0,0,0,0,0,8.0,0.0,134140.04,80660.34,214800.38,0.0,1126.61
2026-06-04T21:23:49.872+00:00,86538,c73b8aee-e184-4449-b355-58d5694dddce,,10,FAULT,0x0C81,ESTOP|SENSOR_RANGE|SELFTEST|OVERPRESSURE,0,1,1,0,0,0,0.0,0.0,0.0,14.264,8.58,1711.68,1029.6,-14.24,-5.41,1005.5,22.9,-1.3,0.0,0.0,0.0,,0.0,0,0,0,0,0,8.0,0.0,134441.3,80841.55,215282.84,0.0,-1071.88
2026-06-04T21:23:50.078+00:00,86714,c73b8aee-e184-4449-b355-58d5694dddce,,10,FAULT,0x0C81,ESTOP|SENSOR_RANGE|SELFTEST|OVERPRESSURE,0,1,1,0,0,0,0.0,0.0,0.0,14.218,8.613,1706.16,1033.56,126.75,69.97,1005.5,22.9,-1.3,0.0,0.0,0.0,,0.0,0,0,0,0,0,8.0,0.0,134741.58,81023.45,215765.04,0.0,801.08
2026-06-04T21:23:50.224+00:00,86890,c73b8aee-e184-4449-b355-58d5694dddce,,10,FAULT,0x0C81,ESTOP|SENSOR_RANGE|SELFTEST|OVERPRESSURE,0,1,1,0,0,0,0.0,0.0,0.0,14.336,8.692,1720.32,1043.04,101.09,62.4,1005.5,22.9,-1.3,0.0,0.0,0.0,,0.0,0,0,0,0,0,8.0,0.0,135044.36,81207.03,216251.39,0.0,-145.8
2026-06-04T21:23:50.400+00:00,87066,c73b8aee-e184-4449-b355-58d5694dddce,,10,FAULT,0x0C81,ESTOP|SENSOR_RANGE|SELFTEST|OVERPRESSURE,0,1,1,0,0,0,0.0,0.0,0.0,14.454,8.736,1734.48,1048.32,-10.33,-5.29,1005.5,22.9,-1.3,0.0,0.0,0.0,,0.0,0,0,0,0,0,8.0,0.0,135349.63,81391.53,216741.16,0.0,-633.07
2026-06-04T21:23:50.576+00:00,87241,c73b8aee-e184-4449-b355-58d5694dddce,,10,FAULT,0x0C81,ESTOP|SENSOR_RANGE|SELFTEST|OVERPRESSURE,0,1,1,0,0,0,0.0,0.0,0.0,14.525,8.721,1743.0,1046.52,183.21,112.5,1005.5,22.9,-1.3,0.0,0.0,0.0,,0.0,0,0,0,0,0,8.0,0.0,135654.65,81574.67,217229.33,0.0,1105.94
2026-06-04T21:23:50.814+00:00,87417,c73b8aee-e184-4449-b355-58d5694dddce,,10,FAULT,0x0C81,ESTOP|SENSOR_RANGE|SELFTEST|OVERPRESSURE,0,1,1,0,0,0,0.0,0.0,0.0,14.471,8.657,1736.52,1038.84,-24.51,-12.5,1005.5,22.9,-1.3,0.0,0.0,0.0,,0.0,0,0,0,0,0,8.0,0.0,135960.28,81757.51,217717.79,0.0,-1180.23
2026-06-04T21:23:50.929+00:00,87593,c73b8aee-e184-4449-b355-58d5694dddce,,10,FAULT,0x0C81,ESTOP|SENSOR_RANGE|SELFTEST|OVERPRESSURE,0,1,1,0,0,0,0.0,0.0,0.0,14.33,8.608,1719.6,1032.96,173.19,106.02,1005.5,22.9,-1.3,0.0,0.0,0.0,,0.0,0,0,0,0,0,8.0,0.0,136262.93,81939.31,218202.24,0.0,1123.3
2026-06-04T21:23:51.105+00:00,87770,c73b8aee-e184-4449-b355-58d5694dddce,,10,FAULT,0x0C81,ESTOP|SENSOR_RANGE|SELFTEST|OVERPRESSURE,0,1,1,0,0,0,0.0,0.0,0.0,14.257,8.617,1710.84,1034.04,7.01,5.33,1005.5,22.9,-1.3,0.0,0.0,0.0,,0.0,0,0,0,0,0,8.0,0.0,136565.75,82122.33,218688.08,0.0,-938.87
2026-06-04T21:23:51.281+00:00,87946,c73b8aee-e184-4449-b355-58d5694dddce,,10,FAULT,0x0C81,ESTOP|SENSOR_RANGE|SELFTEST|OVERPRESSURE,0,1,1,0,0,0,0.0,0.0,0.0,14.253,8.656,1710.36,1038.72,114.78,62.15,1005.5,22.9,-1.3,0.0,0.0,0.0,,0.0,0,0,0,0,0,8.0,0.0,136866.77,82305.15,219171.92,0.0,612.33
2026-06-04T21:23:51.488+00:00,88122,c73b8aee-e184-4449-b355-58d5694dddce,,10,FAULT,0x0C81,ESTOP|SENSOR_RANGE|SELFTEST|OVERPRESSURE,0,1,1,0,0,0,0.0,0.0,0.0,14.379,8.725,1725.48,1047.0,115.02,70.34,1005.5,22.9,-1.2,0.0,0.0,0.0,,0.0,0,0,0,0,0,8.0,0.0,137170.46,82489.42,219659.88,0.0,1.36
2026-06-04T21:23:51.649+00:00,88297,c73b8aee-e184-4449-b355-58d5694dddce,,10,FAULT,0x0C81,ESTOP|SENSOR_RANGE|SELFTEST|OVERPRESSURE,0,1,1,0,0,0,0.0,0.0,0.0,14.483,8.741,1737.96,1048.92,-22.8,-11.27,1005.5,22.9,-1.3,0.0,0.0,0.0,,0.0,0,0,0,0,0,8.0,0.0,137474.6,82672.98,220147.58,0.0,-787.54
2026-06-04T21:23:51.809+00:00,88473,c73b8aee-e184-4449-b355-58d5694dddce,,10,FAULT,0x0C81,ESTOP|SENSOR_RANGE|SELFTEST|OVERPRESSURE,0,1,1,0,0,0,0.0,0.0,0.0,14.513,8.71,1741.56,1045.2,183.21,112.5,1005.5,22.9,-1.3,0.0,0.0,0.0,,0.0,0,0,0,0,0,8.0,0.0,137781.11,82856.94,220638.05,0.0,1170.51
2026-06-04T21:23:51.986+00:00,88649,c73b8aee-e184-4449-b355-58d5694dddce,,10,FAULT,0x0C81,ESTOP|SENSOR_RANGE|SELFTEST|OVERPRESSURE,0,1,1,0,0,0,0.0,0.0,0.0,14.446,8.647,1733.52,1037.64,-21.08,-12.5,1005.5,22.9,-1.3,0.0,0.0,0.0,,0.0,0,0,0,0,0,8.0,0.0,138086.21,83039.56,221125.78,0.0,-1160.74
2026-06-04T21:23:52.187+00:00,88825,c73b8aee-e184-4449-b355-58d5694dddce,,10,FAULT,0x0C81,ESTOP|SENSOR_RANGE|SELFTEST|OVERPRESSURE,0,1,1,0,0,0,0.0,0.0,0.0,14.295,8.598,1715.4,1031.76,172.21,104.67,1005.5,22.9,-1.3,0.0,0.0,0.0,,0.0,0,0,0,0,0,8.0,0.0,138388.12,83221.15,221609.28,0.0,1098.24
2026-06-04T21:23:52.390+00:00,89001,c73b8aee-e184-4449-b355-58d5694dddce,,10,FAULT,0x0C81,ESTOP|SENSOR_RANGE|SELFTEST|OVERPRESSURE,0,1,1,0,0,0,0.0,0.0,0.0,14.263,8.637,1711.56,1036.44,16.54,12.54,1005.5,22.9,-1.2,0.0,0.0,0.0,,0.0,0,0,0,0,0,8.0,0.0,138689.36,83403.57,222092.92,0.0,-884.49
2026-06-04T21:23:52.514+00:00,89178,c73b8aee-e184-4449-b355-58d5694dddce,,10,FAULT,0x0C81,ESTOP|SENSOR_RANGE|SELFTEST|OVERPRESSURE,0,1,1,0,0,0,0.0,0.0,0.0,14.299,8.688,1715.88,1042.56,83.01,45.66,1005.5,22.9,-1.3,0.0,0.0,0.0,,0.0,0,0,0,0,0,8.0,0.0,138993.07,83588.1,222581.17,0.0,375.54
2026-06-04T21:23:52.690+00:00,89353,c73b8aee-e184-4449-b355-58d5694dddce,,10,FAULT,0x0C81,ESTOP|SENSOR_RANGE|SELFTEST|OVERPRESSURE,0,1,1,0,0,0,0.0,0.0,0.0,14.438,8.756,1732.56,1050.72,139.46,82.31,1005.5,22.9,-1.3,0.0,0.0,0.0,,0.0,0,0,0,0,0,8.0,0.0,139296.27,83771.97,223068.24,0.0,322.57
2026-06-04T21:23:52.931+00:00,89529,c73b8aee-e184-4449-b355-58d5694dddce,,10,FAULT,0x0C81,ESTOP|SENSOR_RANGE|SELFTEST|OVERPRESSURE,0,1,1,0,0,0,0.0,0.0,0.0,14.525,8.754,1743.0,1050.48,-25.0,-12.5,1005.5,22.9,-1.3,0.0,0.0,0.0,,0.0,0,0,0,0,0,8.0,0.0,139603.03,83956.86,223559.89,0.0,-934.43
2026-06-04T21:23:53.128+00:00,89705,c73b8aee-e184-4449-b355-58d5694dddce,,10,FAULT,0x0C81,ESTOP|SENSOR_RANGE|SELFTEST|OVERPRESSURE,0,1,1,0,0,0,0.0,0.0,0.0,14.48,8.683,1737.6,1041.96,181.5,112.5,1005.5,22.9,-1.2,0.0,0.0,0.0,,0.0,0,0,0,0,0,8.0,0.0,139908.85,84140.24,224049.1,0.0,1173.3
2026-06-04T21:23:53.222+00:00,89881,c73b8aee-e184-4449-b355-58d5694dddce,,10,FAULT,0x0C81,ESTOP|SENSOR_RANGE|SELFTEST|OVERPRESSURE,0,1,1,0,0,0,0.0,0.0,0.0,14.371,8.607,1724.52,1032.84,-20.35,-12.5,1005.5,22.9,-1.2,0.0,0.0,0.0,,0.0,0,0,0,0,0,8.0,0.0,140212.37,84322.02,224534.39,0.0,-1146.88
2026-06-04T21:23:53.398+00:00,90057,c73b8aee-e184-4449-b355-58d5694dddce,,10,FAULT,0x0C81,ESTOP|SENSOR_RANGE|SELFTEST|OVERPRESSURE,0,1,1,0,0,0,0.0,0.0,0.0,14.25,8.592,1710.0,1031.04,169.28,97.95,1005.5,22.9,-1.3,0.0,0.0,0.0,,0.0,0,0,0,0,0,8.0,0.0,140513.33,84503.49,225016.81,0.0,1077.44
2026-06-04T21:23:53.574+00:00,90233,c73b8aee-e184-4449-b355-58d5694dddce,,10,FAULT,0x0C81,ESTOP|SENSOR_RANGE|SELFTEST|OVERPRESSURE,0,1,1,0,0,0,0.0,0.0,0.0,14.255,8.647,1710.6,1037.64,28.76,22.56,1005.5,22.9,-1.3,0.0,0.0,0.0,,0.0,0,0,0,0,0,8.0,0.0,140814.39,84686.11,225500.51,0.0,-798.41
2026-06-04T21:23:53.775+00:00,90409,c73b8aee-e184-4449-b355-58d5694dddce,,10,FAULT,0x0C81,ESTOP|SENSOR_RANGE|SELFTEST|OVERPRESSURE,0,1,1,0,0,0,0.0,0.0,0.0,14.326,8.709,1719.12,1045.08,62.97,34.29,1005.6,22.9,-1.2,0.0,0.0,0.0,,0.0,0,0,0,0,0,8.0,0.0,141116.96,84870.05,225987.0,0.0,194.37
2026-06-04T21:23:53.926+00:00,90585,c73b8aee-e184-4449-b355-58d5694dddce,,10,FAULT,0x0C81,ESTOP|SENSOR_RANGE|SELFTEST|OVERPRESSURE,0,1,1,0,0,0,0.0,0.0,0.0,14.478,8.772,1737.36,1052.64,158.04,92.94,1005.5,22.9,-1.2,0.0,0.0,0.0,,0.0,0,0,0,0,0,8.0,0.0,141422.73,85055.31,226478.04,0.0,540.17
2026-06-04T21:23:54.103+00:00,90761,c73b8aee-e184-4449-b355-58d5694dddce,,10,FAULT,0x0C81,ESTOP|SENSOR_RANGE|SELFTEST|OVERPRESSURE,0,1,1,0,0,0,0.0,0.0,0.0,14.545,8.755,1745.4,1050.6,-25.0,-12.5,1005.5,22.9,-1.3,0.0,0.0,0.0,,0.0,0,0,0,0,0,8.0,0.0,141729.92,85240.22,226970.14,0.0,-1040.0
2026-06-04T21:23:54.279+00:00,90937,c73b8aee-e184-4449-b355-58d5694dddce,,10,FAULT,0x0C81,ESTOP|SENSOR_RANGE|SELFTEST|OVERPRESSURE,0,1,1,0,0,0,0.0,0.0,0.0,14.483,8.69,1737.96,1042.8,181.5,112.5,1005.5,22.9,-1.2,0.0,0.0,0.0,,0.0,0,0,0,0,0,8.0,0.0,142035.81,85423.75,227459.55,0.0,1173.3
2026-06-04T21:23:54.515+00:00,91113,c73b8aee-e184-4449-b355-58d5694dddce,,10,FAULT,0x0C81,ESTOP|SENSOR_RANGE|SELFTEST|OVERPRESSURE,0,1,1,0,0,0,0.0,0.0,0.0,14.367,8.624,1724.04,1034.88,-20.11,-12.5,1005.5,22.9,-1.3,0.0,0.0,0.0,,0.0,0,0,0,0,0,8.0,0.0,142339.24,85605.89,227945.12,0.0,-1145.51
2026-06-04T21:23:54.632+00:00,91289,c73b8aee-e184-4449-b355-58d5694dddce,,10,FAULT,0x0C81,ESTOP|SENSOR_RANGE|SELFTEST|OVERPRESSURE,0,1,1,0,0,0,0.0,0.0,0.0,14.262,8.621,1711.44,1034.52,158.77,91.97,1005.5,22.9,-1.3,0.0,0.0,0.0,,0.0,0,0,0,0,0,8.0,0.0,142640.45,85787.96,228428.41,0.0,1016.36
2026-06-04T21:23:54.807+00:00,91465,c73b8aee-e184-4449-b355-58d5694dddce,,10,FAULT,0x0C81,ESTOP|SENSOR_RANGE|SELFTEST|OVERPRESSURE,0,1,1,0,0,0,0.0,0.0,0.0,14.32,8.706,1718.4,1044.72,51.24,36.13,1005.5,22.9,-1.3,0.0,0.0,0.0,,0.0,0,0,0,0,0,8.0,0.0,142942.89,85971.83,228914.72,0.0,-610.97
2026-06-04T21:23:54.984+00:00,91640,c73b8aee-e184-4449-b355-58d5694dddce,,10,FAULT,0x0C81,ESTOP|SENSOR_RANGE|SELFTEST|OVERPRESSURE,0,1,1,0,0,0,0.0,0.0,0.0,14.412,8.76,1729.44,1051.2,38.04,19.63,1005.5,22.9,-1.3,0.0,0.0,0.0,,0.0,0,0,0,0,0,8.0,0.0,143245.54,86155.79,229401.33,0.0,-75.43
2026-06-04T21:23:55.205+00:00,91816,c73b8aee-e184-4449-b355-58d5694dddce,,10,FAULT,0x0C81,ESTOP|SENSOR_RANGE|SELFTEST|OVERPRESSURE,0,1,1,0,0,0,0.0,0.0,0.0,14.578,8.824,1749.36,1058.88,183.94,108.71,1005.5,22.9,-1.3,0.0,0.0,0.0,,0.0,0,0,0,0,0,8.0,0.0,143553.43,86342.16,229895.58,0.0,828.98
2026-06-04T21:23:55.336+00:00,91993,c73b8aee-e184-4449-b355-58d5694dddce,,10,FAULT,0x0C81,ESTOP|SENSOR_RANGE|SELFTEST|OVERPRESSURE,0,1,1,0,0,0,0.0,0.0,0.0,14.61,8.787,1753.2,1054.44,-25.0,-12.5,1005.5,22.9,-1.3,0.0,0.0,0.0,,0.0,0,0,0,0,0,8.0,0.0,143863.74,86528.79,230392.54,0.0,-1180.45
2026-06-04T21:23:55.512+00:00,92169,c73b8aee-e184-4449-b355-58d5694dddce,,10,FAULT,0x0C81,ESTOP|SENSOR_RANGE|SELFTEST|OVERPRESSURE,0,1,1,0,0,0,0.0,0.0,0.0,14.524,8.725,1742.88,1047.0,175.63,108.83,1005.5,22.9,-1.3,0.0,0.0,0.0,,0.0,0,0,0,0,0,8.0,0.0,144170.49,86713.06,230883.56,0.0,1139.94
2026-06-04T21:23:55.688+00:00,92345,c73b8aee-e184-4449-b355-58d5694dddce,,10,FAULT,0x0C81,ESTOP|SENSOR_RANGE|SELFTEST|OVERPRESSURE,0,1,1,0,0,0,0.0,0.0,0.0,14.405,8.673,1728.6,1040.76,-18.4,-12.5,1005.5,22.9,-1.2,0.0,0.0,0.0,,0.0,0,0,0,0,0,8.0,0.0,144474.72,86896.24,231370.96,0.0,-1102.44
2026-06-04T21:23:55.896+00:00,92521,c73b8aee-e184-4449-b355-58d5694dddce,,10,FAULT,0x0C81,ESTOP|SENSOR_RANGE|SELFTEST|OVERPRESSURE,0,1,1,0,0,0,0.0,0.0,0.0,14.331,8.688,1719.72,1042.56,141.17,80.73,1005.5,22.9,-1.3,0.0,0.0,0.0,,0.0,0,0,0,0,0,8.0,0.0,144777.4,87079.73,231857.12,0.0,906.65
2026-06-04T21:23:56.041+00:00,92697,c73b8aee-e184-4449-b355-58d5694dddce,,10,FAULT,0x0C81,ESTOP|SENSOR_RANGE|SELFTEST|OVERPRESSURE,0,1,1,0,0,0,0.0,0.0,0.0,14.441,8.784,1732.92,1054.08,85.7,54.33,1005.5,22.9,-1.3,0.0,0.0,0.0,,0.0,0,0,0,0,0,8.0,0.0,145082.39,87265.25,232347.64,0.0,-315.17
2026-06-04T21:23:56.217+00:00,92872,c73b8aee-e184-4449-b355-58d5694dddce,,10,FAULT,0x0C81,ESTOP|SENSOR_RANGE|SELFTEST|OVERPRESSURE,0,1,1,0,0,0,0.0,0.0,0.0,14.565,8.839,1747.8,1060.68,3.83,3.38,1005.5,22.9,-1.3,0.0,0.0,0.0,,0.0,0,0,0,0,0,8.0,0.0,145388.25,87450.87,232839.12,0.0,-467.83
2026-06-04T21:23:56.403+00:00,93048,c73b8aee-e184-4449-b355-58d5694dddce,,10,FAULT,0x0C81,ESTOP|SENSOR_RANGE|SELFTEST|OVERPRESSURE,0,1,1,0,0,0,0.0,0.0,0.0,14.714,8.881,1765.68,1065.72,186.14,112.5,1005.5,22.9,-1.3,0.0,0.0,0.0,,0.0,0,0,0,0,0,8.0,0.0,145699.01,87638.43,233337.45,0.0,1035.85
2026-06-04T21:23:56.592+00:00,93224,c73b8aee-e184-4449-b355-58d5694dddce,,10,FAULT,0x0C81,ESTOP|SENSOR_RANGE|SELFTEST|OVERPRESSURE,0,1,1,0,0,0,0.0,0.0,0.0,14.698,8.824,1763.76,1058.88,-25.0,-12.5,1005.6,22.9,-1.2,0.0,0.0,0.0,,0.0,0,0,0,0,0,8.0,0.0,146009.44,87824.8,233834.23,0.0,-1199.66
2026-06-04T21:23:56.745+00:00,93401,c73b8aee-e184-4449-b355-58d5694dddce,,10,FAULT,0x0C81,ESTOP|SENSOR_RANGE|SELFTEST|OVERPRESSURE,0,1,1,0,0,0,0.0,0.0,0.0,14.589,8.765,1750.68,1051.8,175.14,108.46,1005.6,22.9,-1.2,0.0,0.0,0.0,,0.0,0,0,0,0,0,8.0,0.0,146319.31,88010.96,234330.27,0.0,1130.73
2026-06-04T21:23:56.921+00:00,93577,c73b8aee-e184-4449-b355-58d5694dddce,,10,FAULT,0x0C81,ESTOP|SENSOR_RANGE|SELFTEST|OVERPRESSURE,0,1,1,0,0,0,0.0,0.0,0.0,14.465,8.726,1735.8,1047.12,-16.44,-6.87,1005.5,22.9,-1.2,0.0,0.0,0.0,,0.0,0,0,0,0,0,8.0,0.0,146624.81,88195.26,234820.06,0.0,-1088.52
2026-06-04T21:23:57.101+00:00,93753,c73b8aee-e184-4449-b355-58d5694dddce,,10,FAULT,0x0C81,ESTOP|SENSOR_RANGE|SELFTEST|OVERPRESSURE,0,1,1,0,0,0,0.0,0.0,0.0,14.419,8.762,1730.28,1051.44,129.93,72.05,1005.5,22.9,-1.3,0.0,0.0,0.0,,0.0,0,0,0,0,0,8.0,0.0,146929.34,88380.31,235309.65,0.0,831.65
2026-06-04T21:23:57.286+00:00,93929,c73b8aee-e184-4449-b355-58d5694dddce,,10,FAULT,0x0C81,ESTOP|SENSOR_RANGE|SELFTEST|OVERPRESSURE,0,1,1,0,0,0,0.0,0.0,0.0,14.552,8.86,1746.24,1063.2,102.81,63.86,1005.5,22.9,-1.3,0.0,0.0,0.0,,0.0,0,0,0,0,0,8.0,0.0,147236.67,88567.43,235804.11,0.0,-154.09
2026-06-04T21:23:57.453+00:00,94104,c73b8aee-e184-4449-b355-58d5694dddce,,10,FAULT,0x0C81,ESTOP|SENSOR_RANGE|SELFTEST|OVERPRESSURE,0,1,1,0,0,0,0.0,0.0,0.0,14.681,8.903,1761.72,1068.36,-17.17,-9.32,1005.5,22.9,-1.2,0.0,0.0,0.0,,0.0,0,0,0,0,0,8.0,0.0,147544.98,88754.4,236299.37,0.0,-685.6
2026-06-04T21:23:57.629+00:00,94280,c73b8aee-e184-4449-b355-58d5694dddce,,10,FAULT,0x0C81,ESTOP|SENSOR_RANGE|SELFTEST|OVERPRESSURE,0,1,1,0,0,0,0.0,0.0,0.0,14.775,8.905,1773.0,1068.6,183.69,112.5,1005.5,22.9,-1.3,0.0,0.0,0.0,,0.0,0,0,0,0,0,8.0,0.0,147857.02,88942.47,236799.49,0.0,1141.25
2026-06-04T21:23:57.805+00:00,94456,c73b8aee-e184-4449-b355-58d5694dddce,,10,FAULT,0x0C81,ESTOP|SENSOR_RANGE|SELFTEST|OVERPRESSURE,0,1,1,0,0,0,0.0,0.0,0.0,14.726,8.846,1767.12,1061.52,-24.75,-12.5,1005.5,22.9,-1.3,0.0,0.0,0.0,,0.0,0,0,0,0,0,8.0,0.0,148168.04,89129.3,237297.33,0.0,-1184.32
2026-06-04T21:23:58.005+00:00,94632,c73b8aee-e184-4449-b355-58d5694dddce,,10,FAULT,0x0C81,ESTOP|SENSOR_RANGE|SELFTEST|OVERPRESSURE,0,1,1,0,0,0,0.0,0.0,0.0,14.602,8.801,1752.24,1056.12,173.43,106.26,1005.6,22.9,-1.2,0.0,0.0,0.0,,0.0,0,0,0,0,0,8.0,0.0,148476.43,89315.18,237791.61,0.0,1126.02
2026-06-04T21:23:58.158+00:00,94809,c73b8aee-e184-4449-b355-58d5694dddce,,10,FAULT,0x0C81,ESTOP|SENSOR_RANGE|SELFTEST|OVERPRESSURE,0,1,1,0,0,0,0.0,0.0,0.0,14.493,8.783,1739.16,1053.96,7.25,5.46,1005.5,22.9,-1.3,0.0,0.0,0.0,,0.0,0,0,0,0,0,8.0,0.0,148784.26,89501.73,238285.99,0.0,-938.87
2026-06-04T21:23:58.334+00:00,94984,c73b8aee-e184-4449-b355-58d5694dddce,,10,FAULT,0x0C81,ESTOP|SENSOR_RANGE|SELFTEST|OVERPRESSURE,0,1,1,0,0,0,0.0,0.0,0.0,14.477,8.826,1737.24,1059.12,112.34,60.81,1005.5,22.9,-1.3,0.0,0.0,0.0,,0.0,0,0,0,0,0,8.0,0.0,149088.28,89687.07,238775.35,0.0,600.51
2026-06-04T21:23:58.563+00:00,95160,c73b8aee-e184-4449-b355-58d5694dddce,,10,FAULT,0x0C81,ESTOP|SENSOR_RANGE|SELFTEST|OVERPRESSURE,0,1,1,0,0,0,0.0,0.0,0.0,14.596,8.905,1751.52,1068.6,118.93,72.54,1005.5,22.9,-1.3,0.0,0.0,0.0,,0.0,0,0,0,0,0,8.0,0.0,149396.55,89875.15,239271.69,0.0,37.44
2026-06-04T21:23:58.759+00:00,95336,c73b8aee-e184-4449-b355-58d5694dddce,,10,FAULT,0x0C81,ESTOP|SENSOR_RANGE|SELFTEST|OVERPRESSURE,0,1,1,0,0,0,0.0,0.0,0.0,14.726,8.944,1767.12,1073.28,-25.0,-12.5,1005.5,22.9,-1.3,0.0,0.0,0.0,,0.0,0,0,0,0,0,8.0,0.0,149707.56,90064.04,239771.6,0.0,-817.78
2026-06-04T21:23:58.862+00:00,95512,c73b8aee-e184-4449-b355-58d5694dddce,,10,FAULT,0x0C81,ESTOP|SENSOR_RANGE|SELFTEST|OVERPRESSURE,0,1,1,0,0,0,0.0,0.0,0.0,14.768,8.912,1772.16,1069.44,182.72,112.5,1005.5,22.9,-1.3,0.0,0.0,0.0,,0.0,0,0,0,0,0,8.0,0.0,150019.46,90252.26,240271.72,0.0,1180.23
2026-06-04T21:23:59.039+00:00,95688,c73b8aee-e184-4449-b355-58d5694dddce,,10,FAULT,0x0C81,ESTOP|SENSOR_RANGE|SELFTEST|OVERPRESSURE,0,1,1,0,0,0,0.0,0.0,0.0,14.71,8.854,1765.2,1062.48,-20.84,-12.5,1005.6,22.9,-1.2,0.0,0.0,0.0,,0.0,0,0,0,0,0,8.0,0.0,150330.13,90439.26,240769.4,0.0,-1156.59
2026-06-04T21:23:59.293+00:00,95864,c73b8aee-e184-4449-b355-58d5694dddce,,10,FAULT,0x0C81,ESTOP|SENSOR_RANGE|SELFTEST|OVERPRESSURE,0,1,1,0,0,0,0.0,0.0,0.0,14.577,8.809,1749.24,1057.08,171.96,103.45,1005.5,22.9,-1.3,0.0,0.0,0.0,,0.0,0,0,0,0,0,8.0,0.0,150638.0,90625.31,241263.31,0.0,1095.45
2026-06-04T21:23:59.503+00:00,96040,c73b8aee-e184-4449-b355-58d5694dddce,,10,FAULT,0x0C81,ESTOP|SENSOR_RANGE|SELFTEST|OVERPRESSURE,0,1,1,0,0,0,0.0,0.0,0.0,14.508,8.817,1740.96,1058.04,20.45,15.84,1005.5,22.9,-1.3,0.0,0.0,0.0,,0.0,0,0,0,0,0,8.0,0.0,150944.41,90811.52,241755.93,0.0,-860.85
2026-06-04T21:23:59.567+00:00,96217,c73b8aee-e184-4449-b355-58d5694dddce,,10,FAULT,0x0C81,ESTOP|SENSOR_RANGE|SELFTEST|OVERPRESSURE,0,1,1,0,0,0,0.0,0.0,0.0,14.54,8.875,1744.8,1065.0,74.21,40.4,1005.5,22.9,-1.3,0.0,0.0,0.0,,0.0,0,0,0,0,0,8.0,0.0,151253.24,91000.03,242253.27,0.0,303.73
2026-06-04T21:23:59.743+00:00,96392,c73b8aee-e184-4449-b355-58d5694dddce,,10,FAULT,0x0C81,ESTOP|SENSOR_RANGE|SELFTEST|OVERPRESSURE,0,1,1,0,0,0,0.0,0.0,0.0,14.682,8.939,1761.84,1072.68,148.26,86.47,1005.5,22.9,-1.3,0.0,0.0,0.0,,0.0,0,0,0,0,0,8.0,0.0,151561.56,91187.75,242749.31,0.0,423.14
2026-06-04T21:23:59.919+00:00,96568,c73b8aee-e184-4449-b355-58d5694dddce,,10,FAULT,0x0C81,ESTOP|SENSOR_RANGE|SELFTEST|OVERPRESSURE,0,1,1,0,0,0,0.0,0.0,0.0,14.779,8.941,1773.48,1072.92,-25.0,-12.5,1005.5,22.9,-1.2,0.0,0.0,0.0,,0.0,0,0,0,0,0,8.0,0.0,151873.69,91376.58,243250.27,0.0,-984.43
2026-06-04T21:24:00.125+00:00,96744,c73b8aee-e184-4449-b355-58d5694dddce,,10,FAULT,0x0C81,ESTOP|SENSOR_RANGE|SELFTEST|OVERPRESSURE,0,1,1,0,0,0,0.0,0.0,0.0,14.759,8.885,1771.08,1066.2,181.01,112.5,1005.5,22.9,-1.3,0.0,0.0,0.0,,0.0,0,0,0,0,0,8.0,0.0,152185.4,91564.23,243749.64,0.0,1170.51
2026-06-04T21:24:00.272+00:00,96920,c73b8aee-e184-4449-b355-58d5694dddce,,10,FAULT,0x0C81,ESTOP|SENSOR_RANGE|SELFTEST|OVERPRESSURE,0,1,1,0,0,0,0.0,0.0,0.0,14.668,8.815,1760.16,1057.8,-20.11,-12.5,1005.5,22.9,-1.2,0.0,0.0,0.0,,0.0,0,0,0,0,0,8.0,0.0,152495.19,91750.4,244245.6,0.0,-1142.73
2026-06-04T21:24:00.448+00:00,97096,c73b8aee-e184-4449-b355-58d5694dddce,,10,FAULT,0x0C81,ESTOP|SENSOR_RANGE|SELFTEST|OVERPRESSURE,0,1,1,0,0,0,0.0,0.0,0.0,14.538,8.783,1744.56,1053.96,161.7,94.04,1005.5,22.9,-1.2,0.0,0.0,0.0,,0.0,0,0,0,0,0,8.0,0.0,152802.23,91935.9,244738.14,0.0,1033.01
2026-06-04T21:24:00.634+00:00,97272,c73b8aee-e184-4449-b355-58d5694dddce,,10,FAULT,0x0C81,ESTOP|SENSOR_RANGE|SELFTEST|OVERPRESSURE,0,1,1,0,0,0,0.0,0.0,0.0,14.506,8.812,1740.72,1057.44,42.2,30.87,1005.5,22.9,-1.2,0.0,0.0,0.0,,0.0,0,0,0,0,0,8.0,0.0,153108.6,92122.01,245230.61,0.0,-678.98
2026-06-04T21:24:00.818+00:00,97447,c73b8aee-e184-4449-b355-58d5694dddce,,10,FAULT,0x0C81,ESTOP|SENSOR_RANGE|SELFTEST|OVERPRESSURE,0,1,1,0,0,0,0.0,0.0,0.0,14.577,8.877,1749.24,1065.24,47.82,25.74,1005.5,22.9,-1.3,0.0,0.0,0.0,,0.0,0,0,0,0,0,8.0,0.0,153414.72,92308.43,245723.15,0.0,32.11
2026-06-04T21:24:00.979+00:00,97624,c73b8aee-e184-4449-b355-58d5694dddce,,10,FAULT,0x0C81,ESTOP|SENSOR_RANGE|SELFTEST|OVERPRESSURE,0,1,1,0,0,0,0.0,0.0,0.0,14.719,8.931,1766.28,1071.72,169.52,100.15,1005.5,22.9,-1.3,0.0,0.0,0.0,,0.0,0,0,0,0,0,8.0,0.0,153727.35,92498.12,246225.47,0.0,687.57
2026-06-04T21:24:01.156+00:00,97800,c73b8aee-e184-4449-b355-58d5694dddce,,10,FAULT,0x0C81,ESTOP|SENSOR_RANGE|SELFTEST|OVERPRESSURE,0,1,1,0,0,0,0.0,0.0,0.0,14.779,8.909,1773.48,1069.08,-25.0,-12.5,1005.5,22.9,-1.3,0.0,0.0,0.0,,0.0,0,0,0,0,0,8.0,0.0,154039.48,92686.28,246725.76,0.0,-1105.23
2026-06-04T21:24:01.332+00:00,97976,c73b8aee-e184-4449-b355-58d5694dddce,,10,FAULT,0x0C81,ESTOP|SENSOR_RANGE|SELFTEST|OVERPRESSURE,0,1,1,0,0,0,0.0,0.0,0.0,14.695,8.829,1763.4,1059.48,177.1,109.68,1005.5,22.9,-1.3,0.0,0.0,0.0,,0.0,0,0,0,0,0,8.0,0.0,154349.84,92872.75,247222.59,0.0,1148.3
2026-06-04T21:24:01.511+00:00,98152,c73b8aee-e184-4449-b355-58d5694dddce,,10,FAULT,0x0C81,ESTOP|SENSOR_RANGE|SELFTEST|OVERPRESSURE,0,1,1,0,0,0,0.0,0.0,0.0,14.573,8.747,1748.76,1049.64,-18.64,-12.5,1005.5,22.9,-1.3,0.0,0.0,0.0,,0.0,0,0,0,0,0,8.0,0.0,154657.62,93057.49,247715.11,0.0,-1112.16
2026-06-04T21:24:01.684+00:00,98328,c73b8aee-e184-4449-b355-58d5694dddce,,10,FAULT,0x0C81,ESTOP|SENSOR_RANGE|SELFTEST|OVERPRESSURE,0,1,1,0,0,0,0.0,0.0,0.0,14.462,8.744,1735.44,1049.28,146.06,84.88,1005.5,22.9,-1.3,0.0,0.0,0.0,,0.0,0,0,0,0,0,8.0,0.0,154963.06,93242.16,248205.22,0.0,935.8
2026-06-04T21:24:01.860+00:00,98504,c73b8aee-e184-4449-b355-58d5694dddce,,10,FAULT,0x0C81,ESTOP|SENSOR_RANGE|SELFTEST|OVERPRESSURE,0,1,1,0,0,0,0.0,0.0,0.0,14.501,8.81,1740.12,1057.2,72.99,46.88,1005.5,22.9,-1.3,0.0,0.0,0.0,,0.0,0,0,0,0,0,8.0,0.0,155269.32,93428.23,248697.55,0.0,-415.17
2026-06-04T21:24:02.098+00:00,98679,c73b8aee-e184-4449-b355-58d5694dddce,,10,FAULT,0x0C81,ESTOP|SENSOR_RANGE|SELFTEST|OVERPRESSURE,0,1,1,0,0,0,0.0,0.0,0.0,14.593,8.873,1751.16,1064.76,20.69,12.06,1005.6,22.9,-1.2,0.0,0.0,0.0,,0.0,0,0,0,0,0,8.0,0.0,155575.77,93614.56,249190.33,0.0,-298.86
2026-06-04T21:24:02.280+00:00,98855,c73b8aee-e184-4449-b355-58d5694dddce,,10,FAULT,0x0C81,ESTOP|SENSOR_RANGE|SELFTEST|OVERPRESSURE,0,1,1,0,0,0,0.0,0.0,0.0,14.736,8.914,1768.32,1069.68,184.92,111.27,1005.5,22.9,-1.3,0.0,0.0,0.0,,0.0,0,0,0,0,0,8.0,0.0,155887.0,93802.82,249689.82,0.0,933.12
2026-06-04T21:24:02.389+00:00,99032,c73b8aee-e184-4449-b355-58d5694dddce,,10,FAULT,0x0C81,ESTOP|SENSOR_RANGE|SELFTEST|OVERPRESSURE,0,1,1,0,0,0,0.0,0.0,0.0,14.768,8.877,1772.16,1065.24,-25.0,-12.5,1005.5,22.9,-1.3,0.0,0.0,0.0,,0.0,0,0,0,0,0,8.0,0.0,156200.67,93991.37,250192.04,0.0,-1185.99
2026-06-04T21:24:02.565+00:00,99208,c73b8aee-e184-4449-b355-58d5694dddce,,10,FAULT,0x0C81,ESTOP|SENSOR_RANGE|SELFTEST|OVERPRESSURE,0,1,1,0,0,0,0.0,0.0,0.0,14.67,8.807,1760.4,1056.84,174.9,108.1,1005.5,22.9,-1.3,0.0,0.0,0.0,,0.0,0,0,0,0,0,8.0,0.0,156510.5,94177.37,250687.88,0.0,1135.8
2026-06-04T21:24:02.819+00:00,99384,c73b8aee-e184-4449-b355-58d5694dddce,,10,FAULT,0x0C81,ESTOP|SENSOR_RANGE|SELFTEST|OVERPRESSURE,0,1,1,0,0,0,0.0,0.0,0.0,14.528,8.734,1743.36,1048.08,-17.17,-7.85,1005.5,22.9,-1.3,0.0,0.0,0.0,,0.0,0,0,0,0,0,8.0,0.0,156817.33,94361.84,251179.17,0.0,-1091.31
2026-06-04T21:24:02.990+00:00,99560,c73b8aee-e184-4449-b355-58d5694dddce,,10,FAULT,0x0C81,ESTOP|SENSOR_RANGE|SELFTEST|OVERPRESSURE,0,1,1,0,0,0,0.0,0.0,0.0,14.436,8.744,1732.32,1049.28,131.4,73.76,1005.5,22.9,-1.3,0.0,0.0,0.0,,0.0,0,0,0,0,0,8.0,0.0,157122.22,94546.51,251668.73,0.0,844.15
2026-06-04T21:24:03.094+00:00,99736,c73b8aee-e184-4449-b355-58d5694dddce,,10,FAULT,0x0C81,ESTOP|SENSOR_RANGE|SELFTEST|OVERPRESSURE,0,1,1,0,0,0,0.0,0.0,0.0,14.51,8.822,1741.2,1058.64,97.18,60.2,1005.5,22.9,-1.3,0.0,0.0,0.0,,0.0,0,0,0,0,0,8.0,0.0,157428.67,94732.83,252161.5,0.0,-194.43
2026-06-04T21:24:03.270+00:00,99911,c73b8aee-e184-4449-b355-58d5694dddce,,10,FAULT,0x0C81,ESTOP|SENSOR_RANGE|SELFTEST|OVERPRESSURE,0,1,1,0,0,0,0.0,0.0,0.0,14.621,8.872,1754.52,1064.64,-2.02,0.69,1005.5,22.9,-1.3,0.0,0.0,0.0,,0.0,0,0,0,0,0,8.0,0.0,157735.71,94919.14,252654.85,0.0,-566.86
2026-06-04T21:24:03.512+00:00,100087,c73b8aee-e184-4449-b355-58d5694dddce,,10,FAULT,0x0C81,ESTOP|SENSOR_RANGE|SELFTEST|OVERPRESSURE,0,1,1,0,0,0,0.0,0.0,0.0,14.753,8.906,1770.36,1068.72,184.92,112.5,1005.5,22.9,-1.2,0.0,0.0,0.0,,0.0,0,0,0,0,0,8.0,0.0,158047.3,95107.24,253154.53,0.0,1062.16
2026-06-04T21:24:03.689+00:00,100263,c73b8aee-e184-4449-b355-58d5694dddce,,10,FAULT,0x0C81,ESTOP|SENSOR_RANGE|SELFTEST|OVERPRESSURE,0,1,1,0,0,0,0.0,0.0,0.0,14.74,8.842,1768.8,1061.04,-25.0,-12.5,1005.6,22.9,-1.2,0.0,0.0,0.0,,0.0,0,0,0,0,0,8.0,0.0,158358.61,95293.98,253652.58,0.0,-1192.73
2026-06-04T21:24:03.798+00:00,100440,c73b8aee-e184-4449-b355-58d5694dddce,,10,FAULT,0x0C81,ESTOP|SENSOR_RANGE|SELFTEST|OVERPRESSURE,0,1,1,0,0,0,0.0,0.0,0.0,14.627,8.787,1755.24,1054.44,173.43,106.51,1005.5,22.9,-1.3,0.0,0.0,0.0,,0.0,0,0,0,0,0,8.0,0.0,158669.28,95480.62,254149.9,0.0,1121.07
2026-06-04T21:24:03.974+00:00,100616,c73b8aee-e184-4449-b355-58d5694dddce,,10,FAULT,0x0C81,ESTOP|SENSOR_RANGE|SELFTEST|OVERPRESSURE,0,1,1,0,0,0,0.0,0.0,0.0,14.476,8.731,1737.12,1047.72,-0.31,1.67,1005.5,22.9,-1.2,0.0,0.0,0.0,,0.0,0,0,0,0,0,8.0,0.0,158975.02,95665.01,254640.03,0.0,-987.16
2026-06-04T21:24:04.221+00:00,100792,c73b8aee-e184-4449-b355-58d5694dddce,,10,FAULT,0x0C81,ESTOP|SENSOR_RANGE|SELFTEST|OVERPRESSURE,0,1,1,0,0,0,0.0,0.0,0.0,14.424,8.756,1730.88,1050.72,121.13,66.06,1005.5,22.9,-1.3,0.0,0.0,0.0,,0.0,0,0,0,0,0,8.0,0.0,159279.65,95849.94,255129.59,0.0,690.0
2026-06-04T21:24:04.347+00:00,100968,c73b8aee-e184-4449-b355-58d5694dddce,,10,FAULT,0x0C81,ESTOP|SENSOR_RANGE|SELFTEST|OVERPRESSURE,0,1,1,0,0,0,0.0,0.0,0.0,14.524,8.839,1742.88,1060.68,115.76,70.71,1005.5,22.9,-1.3,0.0,0.0,0.0,,0.0,0,0,0,0,0,8.0,0.0,159586.4,96036.62,255623.02,0.0,-30.51
2026-06-04T21:24:04.506+00:00,101143,c73b8aee-e184-4449-b355-58d5694dddce,,10,FAULT,0x0C81,ESTOP|SENSOR_RANGE|SELFTEST|OVERPRESSURE,0,1,1,0,0,0,0.0,0.0,0.0,14.639,8.871,1756.68,1064.52,-25.0,-12.5,1005.5,22.9,-1.3,0.0,0.0,0.0,,0.0,0,0,0,0,0,8.0,0.0,159893.82,96222.91,256116.73,0.0,-804.34
2026-06-04T21:24:04.683+00:00,101319,c73b8aee-e184-4449-b355-58d5694dddce,,10,FAULT,0x0C81,ESTOP|SENSOR_RANGE|SELFTEST|OVERPRESSURE,0,1,1,0,0,0,0.0,0.0,0.0,14.686,8.846,1762.32,1061.52,181.74,112.5,1005.5,22.9,-1.3,0.0,0.0,0.0,,0.0,0,0,0,0,0,8.0,0.0,160203.99,96409.74,256613.72,0.0,1174.66
2026-06-04T21:24:04.859+00:00,101495,c73b8aee-e184-4449-b355-58d5694dddce,,10,FAULT,0x0C81,ESTOP|SENSOR_RANGE|SELFTEST|OVERPRESSURE,0,1,1,0,0,0,0.0,0.0,0.0,14.612,8.765,1753.44,1051.8,-20.11,-12.5,1005.5,22.9,-1.3,0.0,0.0,0.0,,0.0,0,0,0,0,0,8.0,0.0,160512.59,96594.86,257107.45,0.0,-1146.88
2026-06-04T21:24:05.093+00:00,101672,c73b8aee-e184-4449-b355-58d5694dddce,,10,FAULT,0x0C81,ESTOP|SENSOR_RANGE|SELFTEST|OVERPRESSURE,0,1,1,0,0,0,0.0,0.0,0.0,14.48,8.722,1737.6,1046.64,169.03,97.59,1005.5,22.9,-1.3,0.0,0.0,0.0,,0.0,0,0,0,0,0,8.0,0.0,160820.15,96780.11,257600.26,0.0,1068.59
2026-06-04T21:24:05.211+00:00,101848,c73b8aee-e184-4449-b355-58d5694dddce,,10,FAULT,0x0C81,ESTOP|SENSOR_RANGE|SELFTEST|OVERPRESSURE,0,1,1,0,0,0,0.0,0.0,0.0,14.361,8.693,1723.32,1043.16,35.6,26.6,1005.5,22.9,-1.3,0.0,0.0,0.0,,0.0,0,0,0,0,0,8.0,0.0,161123.45,96963.71,258087.16,0.0,-758.13
2026-06-04T21:24:05.387+00:00,102024,c73b8aee-e184-4449-b355-58d5694dddce,,10,FAULT,0x0C81,ESTOP|SENSOR_RANGE|SELFTEST|OVERPRESSURE,0,1,1,0,0,0,0.0,0.0,0.0,14.391,8.752,1726.92,1050.24,49.53,26.6,1005.5,22.9,-1.3,0.0,0.0,0.0,,0.0,0,0,0,0,0,8.0,0.0,161427.39,97148.55,258575.94,0.0,79.15
2026-06-04T21:24:05.563+00:00,102200,c73b8aee-e184-4449-b355-58d5694dddce,,10,FAULT,0x0C81,ESTOP|SENSOR_RANGE|SELFTEST|OVERPRESSURE,0,1,1,0,0,0,0.0,0.0,0.0,14.523,8.822,1742.76,1058.64,172.45,101.99,1005.5,22.9,-1.3,0.0,0.0,0.0,,0.0,0,0,0,0,0,8.0,0.0,161734.11,97334.87,259068.98,0.0,698.41
2026-06-04T21:24:05.796+00:00,102376,c73b8aee-e184-4449-b355-58d5694dddce,,10,FAULT,0x0C81,ESTOP|SENSOR_RANGE|SELFTEST|OVERPRESSURE,0,1,1,0,0,0,0.0,0.0,0.0,14.597,8.815,1751.64,1057.8,-25.0,-12.5,1005.5,22.9,-1.3,0.0,0.0,0.0,,0.0,0,0,0,0,0,8.0,0.0,162042.4,97521.04,259563.45,0.0,-1121.88
2026-06-04T21:24:05.916+00:00,102552,c73b8aee-e184-4449-b355-58d5694dddce,,10,FAULT,0x0C81,ESTOP|SENSOR_RANGE|SELFTEST|OVERPRESSURE,0,1,1,0,0,0,0.0,0.0,0.0,14.566,8.76,1747.92,1051.2,175.39,108.22,1005.5,22.9,-1.3,0.0,0.0,0.0,,0.0,0,0,0,0,0,8.0,0.0,162350.04,97706.05,260056.09,0.0,1138.58
2026-06-04T21:24:06.092+00:00,102728,c73b8aee-e184-4449-b355-58d5694dddce,,10,FAULT,0x0C81,ESTOP|SENSOR_RANGE|SELFTEST|OVERPRESSURE,0,1,1,0,0,0,0.0,0.0,0.0,14.431,8.667,1731.72,1040.04,-16.93,-10.17,1005.5,22.9,-1.3,0.0,0.0,0.0,,0.0,0,0,0,0,0,8.0,0.0,162654.82,97889.1,260543.92,0.0,-1092.73
2026-06-04T21:24:06.268+00:00,102904,c73b8aee-e184-4449-b355-58d5694dddce,,10,FAULT,0x0C81,ESTOP|SENSOR_RANGE|SELFTEST|OVERPRESSURE,0,1,1,0,0,0,0.0,0.0,0.0,14.325,8.66,1719.0,1039.2,129.69,72.54,1005.5,22.9,-1.3,0.0,0.0,0.0,,0.0,0,0,0,0,0,8.0,0.0,162957.36,98072.0,261029.36,0.0,833.07
2026-06-04T21:24:06.506+00:00,103080,c73b8aee-e184-4449-b355-58d5694dddce,,10,FAULT,0x0C81,ESTOP|SENSOR_RANGE|SELFTEST|OVERPRESSURE,0,1,1,0,0,0,0.0,0.0,0.0,14.305,8.688,1716.6,1042.56,105.0,64.72,1005.5,22.9,-1.3,0.0,0.0,0.0,,0.0,0,0,0,0,0,8.0,0.0,163259.48,98255.49,261514.98,0.0,-140.28
2026-06-04T21:24:06.624+00:00,103257,c73b8aee-e184-4449-b355-58d5694dddce,,10,FAULT,0x0C81,ESTOP|SENSOR_RANGE|SELFTEST|OVERPRESSURE,0,1,1,0,0,0,0.0,0.0,0.0,14.386,8.733,1726.32,1047.96,-20.6,-10.54,1005.5,22.9,-1.3,0.0,0.0,0.0,,0.0,0,0,0,0,0,8.0,0.0,163565.04,98440.98,262006.02,0.0,-709.6
2026-06-04T21:24:06.800+00:00,103433,c73b8aee-e184-4449-b355-58d5694dddce,,10,FAULT,0x0C81,ESTOP|SENSOR_RANGE|SELFTEST|OVERPRESSURE,0,1,1,0,0,0,0.0,0.0,0.0,14.473,8.743,1736.76,1049.16,183.45,112.5,1005.5,22.9,-1.3,0.0,0.0,0.0,,0.0,0,0,0,0,0,8.0,0.0,163870.71,98625.63,262496.35,0.0,1159.38
2026-06-04T21:24:06.976+00:00,103609,c73b8aee-e184-4449-b355-58d5694dddce,,10,FAULT,0x0C81,ESTOP|SENSOR_RANGE|SELFTEST|OVERPRESSURE,0,1,1,0,0,0,0.0,0.0,0.0,14.489,8.71,1738.68,1045.2,-20.11,-12.5,1005.5,22.9,-1.3,0.0,0.0,0.0,,0.0,0,0,0,0,0,8.0,0.0,164176.72,98809.59,262986.31,0.0,-1156.59
2026-06-04T21:24:07.211+00:00,103785,c73b8aee-e184-4449-b355-58d5694dddce,,10,FAULT,0x0C81,ESTOP|SENSOR_RANGE|SELFTEST|OVERPRESSURE,0,1,1,0,0,0,0.0,0.0,0.0,14.434,8.68,1732.08,1041.6,169.77,99.79,1005.5,22.9,-1.3,0.0,0.0,0.0,,0.0,0,0,0,0,0,8.0,0.0,164481.57,98992.91,263474.48,0.0,1078.86
2026-06-04T21:24:07.328+00:00,103961,c73b8aee-e184-4449-b355-58d5694dddce,,10,FAULT,0x0C81,ESTOP|SENSOR_RANGE|SELFTEST|OVERPRESSURE,0,1,1,0,0,0,0.0,0.0,0.0,14.353,8.644,1722.36,1037.28,29.49,22.2,1005.5,22.9,-1.3,0.0,0.0,0.0,,0.0,0,0,0,0,0,8.0,0.0,164784.7,99175.47,263960.17,0.0,-797.05
2026-06-04T21:24:07.504+00:00,104137,c73b8aee-e184-4449-b355-58d5694dddce,,10,FAULT,0x0C81,ESTOP|SENSOR_RANGE|SELFTEST|OVERPRESSURE,0,1,1,0,0,0,0.0,0.0,0.0,14.32,8.659,1718.4,1039.08,56.13,30.26,1005.5,22.9,-1.3,0.0,0.0,0.0,,0.0,0,0,0,0,0,8.0,0.0,165087.14,99358.35,264445.49,0.0,151.36
2026-06-04T21:24:07.681+00:00,104313,c73b8aee-e184-4449-b355-58d5694dddce,,10,FAULT,0x0C81,ESTOP|SENSOR_RANGE|SELFTEST|OVERPRESSURE,0,1,1,0,0,0,0.0,0.0,0.0,14.378,8.714,1725.36,1045.68,167.08,98.81,1005.5,22.9,-1.3,0.0,0.0,0.0,,0.0,0,0,0,0,0,8.0,0.0,165390.8,99542.39,264933.19,0.0,630.4
2026-06-04T21:24:07.917+00:00,104489,c73b8aee-e184-4449-b355-58d5694dddce,,10,FAULT,0x0C81,ESTOP|SENSOR_RANGE|SELFTEST|OVERPRESSURE,0,1,1,0,0,0,0.0,0.0,0.0,14.437,8.729,1732.44,1047.48,-25.0,-12.5,1005.5,22.9,-1.3,0.0,0.0,0.0,,0.0,0,0,0,0,0,8.0,0.0,165695.71,99726.74,265422.46,0.0,-1091.36
2026-06-04T21:24:08.033+00:00,104666,c73b8aee-e184-4449-b355-58d5694dddce,,10,FAULT,0x0C81,ESTOP|SENSOR_RANGE|SELFTEST|OVERPRESSURE,0,1,1,0,0,0,0.0,0.0,0.0,14.447,8.707,1733.64,1044.84,176.36,109.07,1005.5,22.9,-1.3,0.0,0.0,0.0,,0.0,0,0,0,0,0,8.0,0.0,166002.57,99911.68,265914.25,0.0,1137.63
2026-06-04T21:24:08.209+00:00,104842,c73b8aee-e184-4449-b355-58d5694dddce,,10,FAULT,0x0C81,ESTOP|SENSOR_RANGE|SELFTEST|OVERPRESSURE,0,1,1,0,0,0,0.0,0.0,0.0,14.413,8.665,1729.56,1039.8,-17.66,-12.5,1005.5,22.9,-1.3,0.0,0.0,0.0,,0.0,0,0,0,0,0,8.0,0.0,166306.97,100094.69,266401.66,0.0,-1102.39
2026-06-04T21:24:08.386+00:00,105018,c73b8aee-e184-4449-b355-58d5694dddce,,10,FAULT,0x0C81,ESTOP|SENSOR_RANGE|SELFTEST|OVERPRESSURE,0,1,1,0,0,0,0.0,0.0,0.0,14.347,8.643,1721.64,1037.16,137.26,78.4,1005.5,22.9,-1.3,0.0,0.0,0.0,,0.0,0,0,0,0,0,8.0,0.0,166609.98,100277.23,266887.2,0.0,880.23
2026-06-04T21:24:08.626+00:00,105194,c73b8aee-e184-4449-b355-58d5694dddce,,10,FAULT,0x0C81,ESTOP|SENSOR_RANGE|SELFTEST|OVERPRESSURE,0,1,1,0,0,0,0.0,0.0,0.0,14.304,8.629,1716.48,1035.48,93.27,58.0,1005.5,22.9,-1.3,0.0,0.0,0.0,,0.0,0,0,0,0,0,8.0,0.0,166912.08,100459.47,267371.55,0.0,-249.94
2026-06-04T21:24:08.738+00:00,105369,c73b8aee-e184-4449-b355-58d5694dddce,,10,FAULT,0x0C81,ESTOP|SENSOR_RANGE|SELFTEST|OVERPRESSURE,0,1,1,0,0,0,0.0,0.0,0.0,14.309,8.649,1717.08,1037.88,-3.73,-0.4,1005.5,22.9,-1.3,0.0,0.0,0.0,,0.0,0,0,0,0,0,8.0,0.0,167212.57,100641.1,267853.67,0.0,-554.29
2026-06-04T21:24:08.917+00:00,105545,c73b8aee-e184-4449-b355-58d5694dddce,,10,FAULT,0x0C81,ESTOP|SENSOR_RANGE|SELFTEST|OVERPRESSURE,0,1,1,0,0,0,0.0,0.0,0.0,14.397,8.705,1727.64,1044.6,183.45,112.5,1005.5,22.9,-1.3,0.0,0.0,0.0,,0.0,0,0,0,0,0,8.0,0.0,167516.63,100824.95,268341.58,0.0,1063.52
2026-06-04T21:24:09.093+00:00,105721,c73b8aee-e184-4449-b355-58d5694dddce,,10,FAULT,0x0C81,ESTOP|SENSOR_RANGE|SELFTEST|OVERPRESSURE,0,1,1,0,0,0,0.0,0.0,0.0,14.437,8.709,1732.44,1045.08,-25.0,-12.5,1005.5,22.9,-1.3,0.0,0.0,0.0,,0.0,0,0,0,0,0,8.0,0.0,167821.54,101008.88,268830.43,0.0,-1184.38
2026-06-04T21:24:09.333+00:00,105897,c73b8aee-e184-4449-b355-58d5694dddce,,10,FAULT,0x0C81,ESTOP|SENSOR_RANGE|SELFTEST|OVERPRESSURE,0,1,1,0,0,0,0.0,0.0,0.0,14.437,8.702,1732.44,1044.24,172.7,105.77,1005.5,22.9,-1.3,0.0,0.0,0.0,,0.0,0,0,0,0,0,8.0,0.0,168126.45,101192.67,269319.12,0.0,1123.3
2026-06-04T21:24:09.446+00:00,106074,c73b8aee-e184-4449-b355-58d5694dddce,,10,FAULT,0x0C81,ESTOP|SENSOR_RANGE|SELFTEST|OVERPRESSURE,0,1,1,0,0,0,0.0,0.0,0.0,14.412,8.695,1729.44,1043.4,9.21,6.68,1005.5,22.9,-1.3,0.0,0.0,0.0,,0.0,0,0,0,0,0,8.0,0.0,168432.56,101377.35,269809.91,0.0,-923.67
2026-06-04T21:24:09.622+00:00,106250,c73b8aee-e184-4449-b355-58d5694dddce,,10,FAULT,0x0C81,ESTOP|SENSOR_RANGE|SELFTEST|OVERPRESSURE,0,1,1,0,0,0,0.0,0.0,0.0,14.369,8.682,1724.28,1041.84,102.32,55.43,1005.5,22.9,-1.3,0.0,0.0,0.0,,0.0,0,0,0,0,0,8.0,0.0,168736.04,101560.71,270296.75,0.0,529.03
2026-06-04T21:24:09.798+00:00,106426,c73b8aee-e184-4449-b355-58d5694dddce,,10,FAULT,0x0C81,ESTOP|SENSOR_RANGE|SELFTEST|OVERPRESSURE,0,1,1,0,0,0,0.0,0.0,0.0,14.352,8.687,1722.24,1042.44,133.6,79.99,1005.5,22.9,-1.3,0.0,0.0,0.0,,0.0,0,0,0,0,0,8.0,0.0,169039.15,101744.18,270783.33,0.0,177.73
2026-06-04T21:24:10.050+00:00,106602,c73b8aee-e184-4449-b355-58d5694dddce,,10,FAULT,0x0C81,ESTOP|SENSOR_RANGE|SELFTEST|OVERPRESSURE,0,1,1,0,0,0,0.0,0.0,0.0,14.388,8.711,1726.56,1045.32,-25.0,-12.5,1005.5,22.9,-1.3,0.0,0.0,0.0,,0.0,0,0,0,0,0,8.0,0.0,169343.02,101928.16,271271.19,0.0,-901.14
2026-06-04T21:24:10.163+00:00,106778,c73b8aee-e184-4449-b355-58d5694dddce,,10,FAULT,0x0C81,ESTOP|SENSOR_RANGE|SELFTEST|OVERPRESSURE,0,1,1,0,0,0,0.0,0.0,0.0,14.429,8.722,1731.48,1046.64,181.5,112.5,1005.5,22.9,-1.3,0.0,0.0,0.0,,0.0,0,0,0,0,0,8.0,0.0,169647.77,102112.37,271760.13,0.0,1173.3
2026-06-04T21:24:10.327+00:00,106954,c73b8aee-e184-4449-b355-58d5694dddce,,10,FAULT,0x0C81,ESTOP|SENSOR_RANGE|SELFTEST|OVERPRESSURE,0,1,1,0,0,0,0.0,0.0,0.0,14.441,8.723,1732.92,1046.76,-19.86,-12.5,1005.5,22.9,-1.3,0.0,0.0,0.0,,0.0,0,0,0,0,0,8.0,0.0,169952.76,102296.6,272249.36,0.0,-1144.09
2026-06-04T21:24:10.503+00:00,107130,c73b8aee-e184-4449-b355-58d5694dddce,,10,FAULT,0x0C81,ESTOP|SENSOR_RANGE|SELFTEST|OVERPRESSURE,0,1,1,0,0,0,0.0,0.0,0.0,14.436,8.717,1732.32,1046.04,158.77,92.09,1005.5,22.9,-1.3,0.0,0.0,0.0,,0.0,0,0,0,0,0,8.0,0.0,170257.65,102480.7,272738.35,0.0,1014.94
2026-06-04T21:24:10.695+00:00,107307,c73b8aee-e184-4449-b355-58d5694dddce,,10,FAULT,0x0C81,ESTOP|SENSOR_RANGE|SELFTEST|OVERPRESSURE,0,1,1,0,0,0,0.0,0.0,0.0,14.41,8.709,1729.2,1045.08,53.93,37.23,1005.5,22.9,-1.3,0.0,0.0,0.0,,0.0,0,0,0,0,0,8.0,0.0,170563.72,102665.68,273229.4,0.0,-592.32
2026-06-04T21:24:10.875+00:00,107483,c73b8aee-e184-4449-b355-58d5694dddce,,10,FAULT,0x0C81,ESTOP|SENSOR_RANGE|SELFTEST|OVERPRESSURE,0,1,1,0,0,0,0.0,0.0,0.0,14.4,8.704,1728.0,1044.48,31.2,16.82,1005.5,22.9,-1.3,0.0,0.0,0.0,,0.0,0,0,0,0,0,8.0,0.0,170867.84,102849.51,273717.35,0.0,-129.15
2026-06-04T21:24:11.031+00:00,107658,c73b8aee-e184-4449-b355-58d5694dddce,,10,FAULT,0x0C81,ESTOP|SENSOR_RANGE|SELFTEST|OVERPRESSURE,0,1,1,0,0,0,0.0,0.0,0.0,14.394,8.704,1727.28,1044.48,184.67,109.68,1005.5,22.9,-1.3,0.0,0.0,0.0,,0.0,0,0,0,0,0,8.0,0.0,171170.12,103032.29,274202.41,0.0,876.97
2026-06-04T21:24:11.208+00:00,107834,c73b8aee-e184-4449-b355-58d5694dddce,,10,FAULT,0x0C81,ESTOP|SENSOR_RANGE|SELFTEST|OVERPRESSURE,0,1,1,0,0,0,0.0,0.0,0.0,14.391,8.704,1726.92,1044.48,-25.0,-12.5,1005.5,22.9,-1.3,0.0,0.0,0.0,,0.0,0,0,0,0,0,8.0,0.0,171474.06,103216.12,274690.18,0.0,-1191.31
2026-06-04T21:24:11.400+00:00,108010,c73b8aee-e184-4449-b355-58d5694dddce,,10,FAULT,0x0C81,ESTOP|SENSOR_RANGE|SELFTEST|OVERPRESSURE,0,1,1,0,0,0,0.0,0.0,0.0,14.387,8.708,1726.44,1044.96,173.68,107.24,1005.5,22.9,-1.3,0.0,0.0,0.0,,0.0,0,0,0,0,0,8.0,0.0,171777.91,103400.04,275177.94,0.0,1128.86
2026-06-04T21:24:11.583+00:00,108186,c73b8aee-e184-4449-b355-58d5694dddce,,10,FAULT,0x0C81,ESTOP|SENSOR_RANGE|SELFTEST|OVERPRESSURE,0,1,1,0,0,0,0.0,0.0,0.0,14.395,8.722,1727.4,1046.64,-7.89,-2.6,1005.5,22.9,-1.3,0.0,0.0,0.0,,0.0,0,0,0,0,0,8.0,0.0,172081.93,103584.24,275666.18,0.0,-1031.65
2026-06-04T21:24:11.739+00:00,108362,c73b8aee-e184-4449-b355-58d5694dddce,,10,FAULT,0x0C81,ESTOP|SENSOR_RANGE|SELFTEST|OVERPRESSURE,0,1,1,0,0,0,0.0,0.0,0.0,14.413,8.731,1729.56,1047.72,120.4,65.7,1005.5,22.9,-1.3,0.0,0.0,0.0,,0.0,0,0,0,0,0,8.0,0.0,172386.33,103768.64,276154.98,0.0,728.92
2026-06-04T21:24:11.917+00:00,108538,c73b8aee-e184-4449-b355-58d5694dddce,,10,FAULT,0x0C81,ESTOP|SENSOR_RANGE|SELFTEST|OVERPRESSURE,0,1,1,0,0,0,0.0,0.0,0.0,14.418,8.735,1730.16,1048.2,114.78,70.22,1005.5,22.9,-1.3,0.0,0.0,0.0,,0.0,0,0,0,0,0,8.0,0.0,172690.84,103953.13,276643.97,0.0,-31.93
2026-06-04T21:24:12.110+00:00,108715,c73b8aee-e184-4449-b355-58d5694dddce,,10,FAULT,0x0C81,ESTOP|SENSOR_RANGE|SELFTEST|OVERPRESSURE,0,1,1,0,0,0,0.0,0.0,0.0,14.411,8.719,1729.32,1046.28,-25.0,-12.5,1005.5,22.9,-1.3,0.0,0.0,0.0,,0.0,0,0,0,0,0,8.0,0.0,172996.93,104138.32,277135.25,0.0,-789.72
2026-06-04T21:24:12.290+00:00,108891,c73b8aee-e184-4449-b355-58d5694dddce,,10,FAULT,0x0C81,ESTOP|SENSOR_RANGE|SELFTEST|OVERPRESSURE,0,1,1,0,0,0,0.0,0.0,0.0,14.336,8.666,1720.32,1039.92,182.23,112.5,1005.5,22.9,-1.3,0.0,0.0,0.0,,0.0,0,0,0,0,0,8.0,0.0,173299.71,104321.34,277621.05,0.0,1177.44
2026-06-04T21:24:12.444+00:00,109067,c73b8aee-e184-4449-b355-58d5694dddce,,10,FAULT,0x0C81,ESTOP|SENSOR_RANGE|SELFTEST|OVERPRESSURE,0,1,1,0,0,0,0.0,0.0,0.0,14.315,8.67,1717.8,1040.4,-20.35,-12.5,1005.5,22.9,-1.3,0.0,0.0,0.0,,0.0,0,0,0,0,0,8.0,0.0,173602.04,104504.45,278106.49,0.0,-1151.02
2026-06-04T21:24:12.620+00:00,109243,c73b8aee-e184-4449-b355-58d5694dddce,,10,FAULT,0x0C81,ESTOP|SENSOR_RANGE|SELFTEST|OVERPRESSURE,0,1,1,0,0,0,0.0,0.0,0.0,14.317,8.685,1718.04,1042.2,168.3,97.22,1005.5,22.9,-1.3,0.0,0.0,0.0,,0.0,0,0,0,0,0,8.0,0.0,173904.42,104687.88,278592.3,0.0,1071.88
2026-06-04T21:24:12.822+00:00,109419,c73b8aee-e184-4449-b355-58d5694dddce,,10,FAULT,0x0C81,ESTOP|SENSOR_RANGE|SELFTEST|OVERPRESSURE,0,1,1,0,0,0,0.0,0.0,0.0,14.361,8.707,1723.32,1044.84,37.31,27.57,1005.5,22.9,-1.3,0.0,0.0,0.0,,0.0,0,0,0,0,0,8.0,0.0,174207.72,104871.77,279079.49,0.0,-744.26
2026-06-04T21:24:13.000+00:00,109595,c73b8aee-e184-4449-b355-58d5694dddce,,10,FAULT,0x0C81,ESTOP|SENSOR_RANGE|SELFTEST|OVERPRESSURE,0,1,1,0,0,0,0.0,0.0,0.0,14.425,8.734,1731.0,1048.08,48.06,25.86,1005.5,22.9,-1.3,0.0,0.0,0.0,,0.0,0,0,0,0,0,8.0,0.0,174512.38,105056.23,279568.61,0.0,61.08
2026-06-04T21:24:13.149+00:00,109771,c73b8aee-e184-4449-b355-58d5694dddce,,10,FAULT,0x0C81,ESTOP|SENSOR_RANGE|SELFTEST|OVERPRESSURE,0,1,1,0,0,0,0.0,0.0,0.0,14.44,8.717,1732.8,1046.04,175.63,103.33,1005.5,22.9,-1.3,0.0,0.0,0.0,,0.0,0,0,0,0,0,8.0,0.0,174817.35,105240.34,280057.69,0.0,724.83
2026-06-04T21:24:13.325+00:00,109947,c73b8aee-e184-4449-b355-58d5694dddce,,10,FAULT,0x0C81,ESTOP|SENSOR_RANGE|SELFTEST|OVERPRESSURE,0,1,1,0,0,0,0.0,0.0,0.0,14.389,8.68,1726.68,1041.6,-25.0,-12.5,1005.5,22.9,-1.3,0.0,0.0,0.0,,0.0,0,0,0,0,0,8.0,0.0,175121.25,105423.66,280544.9,0.0,-1139.94
2026-06-04T21:24:13.532+00:00,110124,c73b8aee-e184-4449-b355-58d5694dddce,,10,FAULT,0x0C81,ESTOP|SENSOR_RANGE|SELFTEST|OVERPRESSURE,0,1,1,0,0,0,0.0,0.0,0.0,14.321,8.662,1718.52,1039.44,174.41,107.61,1005.5,22.9,-1.3,0.0,0.0,0.0,,0.0,0,0,0,0,0,8.0,0.0,175425.42,105607.64,281033.06,0.0,1126.61
2026-06-04T21:24:13.713+00:00,110300,c73b8aee-e184-4449-b355-58d5694dddce,,10,FAULT,0x0C81,ESTOP|SENSOR_RANGE|SELFTEST|OVERPRESSURE,0,1,1,0,0,0,0.0,0.0,0.0,14.288,8.669,1714.56,1040.28,-15.22,-6.14,1005.5,22.9,-1.3,0.0,0.0,0.0,,0.0,0,0,0,0,0,8.0,0.0,175727.19,105790.73,281517.92,0.0,-1077.44
2026-06-04T21:24:13.857+00:00,110476,c73b8aee-e184-4449-b355-58d5694dddce,,10,FAULT,0x0C81,ESTOP|SENSOR_RANGE|SELFTEST|OVERPRESSURE,0,1,1,0,0,0,0.0,0.0,0.0,14.332,8.71,1719.84,1045.2,122.11,66.92,1005.5,22.9,-1.3,0.0,0.0,0.0,,0.0,0,0,0,0,0,8.0,0.0,176029.88,105974.68,282004.56,0.0,780.28
2026-06-04T21:24:14.033+00:00,110652,c73b8aee-e184-4449-b355-58d5694dddce,,10,FAULT,0x0C81,ESTOP|SENSOR_RANGE|SELFTEST|OVERPRESSURE,0,1,1,0,0,0,0.0,0.0,0.0,14.406,8.74,1728.72,1048.8,115.76,70.83,1005.5,22.9,-1.3,0.0,0.0,0.0,,0.0,0,0,0,0,0,8.0,0.0,176334.13,106159.27,282493.41,0.0,-36.08
2026-06-04T21:24:14.241+00:00,110828,c73b8aee-e184-4449-b355-58d5694dddce,,10,FAULT,0x0C81,ESTOP|SENSOR_RANGE|SELFTEST|OVERPRESSURE,0,1,1,0,0,0,0.0,0.0,0.0,14.425,8.718,1731.0,1046.16,-25.0,-12.5,1005.5,22.9,-1.3,0.0,0.0,0.0,,0.0,0,0,0,0,0,8.0,0.0,176638.79,106343.4,282982.19,0.0,-799.77
2026-06-04T21:24:14.426+00:00,111004,c73b8aee-e184-4449-b355-58d5694dddce,,10,FAULT,0x0C81,ESTOP|SENSOR_RANGE|SELFTEST|OVERPRESSURE,0,1,1,0,0,0,0.0,0.0,0.0,14.339,8.647,1720.68,1037.64,182.23,112.5,1005.5,22.9,-1.3,0.0,0.0,0.0,,0.0,0,0,0,0,0,8.0,0.0,176941.63,106526.02,283467.65,0.0,1177.44
2026-06-04T21:24:14.562+00:00,111180,c73b8aee-e184-4449-b355-58d5694dddce,,10,FAULT,0x0C81,ESTOP|SENSOR_RANGE|SELFTEST|OVERPRESSURE,0,1,1,0,0,0,0.0,0.0,0.0,14.281,8.634,1713.72,1036.08,-20.11,-12.5,1005.5,22.9,-1.3,0.0,0.0,0.0,,0.0,0,0,0,0,0,8.0,0.0,177243.24,106708.37,283951.62,0.0,-1149.66
2026-06-04T21:24:14.738+00:00,111356,c73b8aee-e184-4449-b355-58d5694dddce,,10,FAULT,0x0C81,ESTOP|SENSOR_RANGE|SELFTEST|OVERPRESSURE,0,1,1,0,0,0,0.0,0.0,0.0,14.275,8.659,1713.0,1039.08,165.86,96.0,1005.5,22.9,-1.3,0.0,0.0,0.0,,0.0,0,0,0,0,0,8.0,0.0,177544.73,106891.25,284435.98,0.0,1056.65
2026-06-04T21:24:14.966+00:00,111533,c73b8aee-e184-4449-b355-58d5694dddce,,10,FAULT,0x0C81,ESTOP|SENSOR_RANGE|SELFTEST|OVERPRESSURE,0,1,1,0,0,0,0.0,0.0,0.0,14.333,8.71,1719.96,1045.2,43.18,31.61,1005.5,22.9,-1.3,0.0,0.0,0.0,,0.0,0,0,0,0,0,8.0,0.0,177849.16,107076.25,284925.41,0.0,-693.11
2026-06-04T21:24:15.177+00:00,111708,c73b8aee-e184-4449-b355-58d5694dddce,,10,FAULT,0x0C81,ESTOP|SENSOR_RANGE|SELFTEST|OVERPRESSURE,0,1,1,0,0,0,0.0,0.0,0.0,14.412,8.728,1729.44,1047.36,40.0,21.34,1005.5,22.9,-1.3,0.0,0.0,0.0,,0.0,0,0,0,0,0,8.0,0.0,178151.82,107259.54,285411.35,0.0,-18.17
2026-06-04T21:24:15.266+00:00,111884,c73b8aee-e184-4449-b355-58d5694dddce,,10,FAULT,0x0C81,ESTOP|SENSOR_RANGE|SELFTEST|OVERPRESSURE,0,1,1,0,0,0,0.0,0.0,0.0,14.447,8.72,1733.64,1046.4,185.16,109.2,1005.5,22.9,-1.3,0.0,0.0,0.0,,0.0,0,0,0,0,0,8.0,0.0,178456.94,107443.71,285900.64,0.0,824.77
2026-06-04T21:24:15.442+00:00,112060,c73b8aee-e184-4449-b355-58d5694dddce,,10,FAULT,0x0C81,ESTOP|SENSOR_RANGE|SELFTEST|OVERPRESSURE,0,1,1,0,0,0,0.0,0.0,0.0,14.398,8.678,1727.76,1041.36,-25.0,-12.5,1005.5,22.9,-1.3,0.0,0.0,0.0,,0.0,0,0,0,0,0,8.0,0.0,178761.02,107626.98,286388.01,0.0,-1194.09
2026-06-04T21:24:15.619+00:00,112236,c73b8aee-e184-4449-b355-58d5694dddce,,10,FAULT,0x0C81,ESTOP|SENSOR_RANGE|SELFTEST|OVERPRESSURE,0,1,1,0,0,0,0.0,0.0,0.0,14.316,8.658,1717.92,1038.96,174.41,107.61,1005.5,22.9,-1.3,0.0,0.0,0.0,,0.0,0,0,0,0,0,8.0,0.0,179063.38,107809.84,286873.22,0.0,1133.01
2026-06-04T21:24:15.800+00:00,112412,c73b8aee-e184-4449-b355-58d5694dddce,,10,FAULT,0x0C81,ESTOP|SENSOR_RANGE|SELFTEST|OVERPRESSURE,0,1,1,0,0,0,0.0,0.0,0.0,14.299,8.68,1715.88,1041.6,-9.84,-3.45,1005.5,22.9,-1.3,0.0,0.0,0.0,,0.0,0,0,0,0,0,8.0,0.0,179365.37,107993.16,287358.53,0.0,-1046.88
2026-06-04T21:24:15.971+00:00,112588,c73b8aee-e184-4449-b355-58d5694dddce,,10,FAULT,0x0C81,ESTOP|SENSOR_RANGE|SELFTEST|OVERPRESSURE,0,1,1,0,0,0,0.0,0.0,0.0,14.349,8.714,1721.88,1045.68,123.33,67.16,1005.5,22.9,-1.3,0.0,0.0,0.0,,0.0,0,0,0,0,0,8.0,0.0,179668.42,108177.2,287845.62,0.0,756.65
2026-06-04T21:24:16.150+00:00,112764,c73b8aee-e184-4449-b355-58d5694dddce,,10,FAULT,0x0C81,ESTOP|SENSOR_RANGE|SELFTEST|OVERPRESSURE,0,1,1,0,0,0,0.0,0.0,0.0,14.455,8.775,1734.6,1053.0,119.42,73.52,1005.5,22.9,-1.3,0.0,0.0,0.0,,0.0,0,0,0,0,0,8.0,0.0,179973.71,108362.53,288336.24,0.0,-22.22
2026-06-04T21:24:16.377+00:00,112941,c73b8aee-e184-4449-b355-58d5694dddce,,10,FAULT,0x0C81,ESTOP|SENSOR_RANGE|SELFTEST|OVERPRESSURE,0,1,1,0,0,0,0.0,0.0,0.0,14.487,8.755,1738.44,1050.6,-25.0,-12.5,1005.5,22.9,-1.3,0.0,0.0,0.0,,0.0,0,0,0,0,0,8.0,0.0,180281.42,108548.49,288829.9,0.0,-815.93
2026-06-04T21:24:16.505+00:00,113117,c73b8aee-e184-4449-b355-58d5694dddce,,10,FAULT,0x0C81,ESTOP|SENSOR_RANGE|SELFTEST|OVERPRESSURE,0,1,1,0,0,0,0.0,0.0,0.0,14.436,8.702,1732.32,1044.24,183.94,112.5,1005.5,22.9,-1.3,0.0,0.0,0.0,,0.0,0,0,0,0,0,8.0,0.0,180586.3,108732.27,289318.58,0.0,1187.16
2026-06-04T21:24:16.679+00:00,113293,c73b8aee-e184-4449-b355-58d5694dddce,,10,FAULT,0x0C81,ESTOP|SENSOR_RANGE|SELFTEST|OVERPRESSURE,0,1,1,0,0,0,0.0,0.0,0.0,14.367,8.689,1724.04,1042.68,-20.6,-12.5,1005.5,22.9,-1.3,0.0,0.0,0.0,,0.0,0,0,0,0,0,8.0,0.0,180889.73,108915.79,289805.52,0.0,-1162.16
2026-06-04T21:24:16.855+00:00,113469,c73b8aee-e184-4449-b355-58d5694dddce,,10,FAULT,0x0C81,ESTOP|SENSOR_RANGE|SELFTEST|OVERPRESSURE,0,1,1,0,0,0,0.0,0.0,0.0,14.357,8.717,1722.84,1046.04,161.95,94.04,1005.5,22.9,-1.3,0.0,0.0,0.0,,0.0,0,0,0,0,0,8.0,0.0,181192.95,109099.89,290292.84,0.0,1037.22
2026-06-04T21:24:17.031+00:00,113645,c73b8aee-e184-4449-b355-58d5694dddce,,10,FAULT,0x0C81,ESTOP|SENSOR_RANGE|SELFTEST|OVERPRESSURE,0,1,1,0,0,0,0.0,0.0,0.0,14.427,8.783,1731.24,1053.96,53.44,37.1,1005.5,22.9,-1.3,0.0,0.0,0.0,,0.0,0,0,0,0,0,8.0,0.0,181497.65,109285.39,290783.04,0.0,-616.53
2026-06-04T21:24:17.208+00:00,113821,c73b8aee-e184-4449-b355-58d5694dddce,,10,FAULT,0x0C81,ESTOP|SENSOR_RANGE|SELFTEST|OVERPRESSURE,0,1,1,0,0,0,0.0,0.0,0.0,14.535,8.81,1744.2,1057.2,25.34,13.28,1005.5,22.9,-1.3,0.0,0.0,0.0,,0.0,0,0,0,0,0,8.0,0.0,181804.63,109471.45,291276.08,0.0,-159.66
2026-06-04T21:24:17.384+00:00,113997,c73b8aee-e184-4449-b355-58d5694dddce,,10,FAULT,0x0C81,ESTOP|SENSOR_RANGE|SELFTEST|OVERPRESSURE,0,1,1,0,0,0,0.0,0.0,0.0,14.594,8.814,1751.28,1057.68,185.16,112.5,1005.5,22.9,-1.3,0.0,0.0,0.0,,0.0,0,0,0,0,0,8.0,0.0,182112.86,109657.6,291770.46,0.0,908.07
2026-06-04T21:24:17.560+00:00,114173,c73b8aee-e184-4449-b355-58d5694dddce,,10,FAULT,0x0C81,ESTOP|SENSOR_RANGE|SELFTEST|OVERPRESSURE,0,1,1,0,0,0,0.0,0.0,0.0,14.538,8.764,1744.56,1051.68,-25.0,-12.5,1005.5,22.9,-1.3,0.0,0.0,0.0,,0.0,0,0,0,0,0,8.0,0.0,182419.9,109842.7,292262.6,0.0,-1194.09
2026-06-04T21:24:17.765+00:00,114350,c73b8aee-e184-4449-b355-58d5694dddce,,10,FAULT,0x0C81,ESTOP|SENSOR_RANGE|SELFTEST|OVERPRESSURE,0,1,1,0,0,0,0.0,0.0,0.0,14.412,8.719,1729.44,1046.28,173.92,107.0,1005.5,22.9,-1.3,0.0,0.0,0.0,,0.0,0,0,0,0,0,8.0,0.0,182726.01,110027.89,292753.9,0.0,1123.84
2026-06-04T21:24:17.915+00:00,114526,c73b8aee-e184-4449-b355-58d5694dddce,,10,FAULT,0x0C81,ESTOP|SENSOR_RANGE|SELFTEST|OVERPRESSURE,0,1,1,0,0,0,0.0,0.0,0.0,14.377,8.75,1725.24,1050.0,-0.56,1.67,1005.5,22.9,-1.3,0.0,0.0,0.0,,0.0,0,0,0,0,0,8.0,0.0,183029.65,110212.69,293242.34,0.0,-991.36
2026-06-04T21:24:18.088+00:00,114701,c73b8aee-e184-4449-b355-58d5694dddce,,10,FAULT,0x0C81,ESTOP|SENSOR_RANGE|SELFTEST|OVERPRESSURE,0,1,1,0,0,0,0.0,0.0,0.0,14.431,8.788,1731.72,1054.56,116.25,62.64,1005.5,22.9,-1.3,0.0,0.0,0.0,,0.0,0,0,0,0,0,8.0,0.0,183332.7,110397.24,293729.94,0.0,667.49
2026-06-04T21:24:18.265+00:00,114877,c73b8aee-e184-4449-b355-58d5694dddce,,10,FAULT,0x0C81,ESTOP|SENSOR_RANGE|SELFTEST|OVERPRESSURE,0,1,1,0,0,0,0.0,0.0,0.0,14.546,8.844,1745.52,1061.28,127.49,77.67,1005.5,22.9,-1.3,0.0,0.0,0.0,,0.0,0,0,0,0,0,8.0,0.0,183639.92,110584.02,294223.94,0.0,63.86
2026-06-04T21:24:18.441+00:00,115053,c73b8aee-e184-4449-b355-58d5694dddce,,10,FAULT,0x0C81,ESTOP|SENSOR_RANGE|SELFTEST|OVERPRESSURE,0,1,1,0,0,0,0.0,0.0,0.0,14.609,8.826,1753.08,1059.12,-25.0,-12.5,1005.5,22.9,-1.3,0.0,0.0,0.0,,0.0,0,0,0,0,0,8.0,0.0,183948.46,110770.43,294718.89,0.0,-866.42
2026-06-04T21:24:18.620+00:00,115229,c73b8aee-e184-4449-b355-58d5694dddce,,10,FAULT,0x0C81,ESTOP|SENSOR_RANGE|SELFTEST|OVERPRESSURE,0,1,1,0,0,0,0.0,0.0,0.0,14.546,8.752,1745.52,1050.24,181.98,112.5,1005.5,22.9,-1.3,0.0,0.0,0.0,,0.0,0,0,0,0,0,8.0,0.0,184255.67,110955.27,295210.94,0.0,1176.02
2026-06-04T21:24:18.796+00:00,115405,c73b8aee-e184-4449-b355-58d5694dddce,,10,FAULT,0x0C81,ESTOP|SENSOR_RANGE|SELFTEST|OVERPRESSURE,0,1,1,0,0,0,0.0,0.0,0.0,14.439,8.72,1732.68,1046.4,-19.86,-12.5,1005.5,22.9,-1.3,0.0,0.0,0.0,,0.0,0,0,0,0,0,8.0,0.0,184560.62,111139.44,295700.06,0.0,-1146.82
2026-06-04T21:24:18.972+00:00,115581,c73b8aee-e184-4449-b355-58d5694dddce,,10,FAULT,0x0C81,ESTOP|SENSOR_RANGE|SELFTEST|OVERPRESSURE,0,1,1,0,0,0,0.0,0.0,0.0,14.397,8.752,1727.64,1050.24,154.86,89.77,1005.5,22.9,-1.3,0.0,0.0,0.0,,0.0,0,0,0,0,0,8.0,0.0,184864.69,111324.28,296188.97,0.0,992.73
2026-06-04T21:24:19.216+00:00,115758,c73b8aee-e184-4449-b355-58d5694dddce,,10,FAULT,0x0C81,ESTOP|SENSOR_RANGE|SELFTEST|OVERPRESSURE,0,1,1,0,0,0,0.0,0.0,0.0,14.471,8.83,1736.52,1059.6,68.84,45.17,1005.5,22.9,-1.3,0.0,0.0,0.0,,0.0,0,0,0,0,0,8.0,0.0,185172.05,111511.83,296683.88,0.0,-485.99
2026-06-04T21:24:19.326+00:00,115934,c73b8aee-e184-4449-b355-58d5694dddce,,10,FAULT,0x0C81,ESTOP|SENSOR_RANGE|SELFTEST|OVERPRESSURE,0,1,1,0,0,0,0.0,0.0,0.0,14.591,8.863,1750.92,1063.56,11.16,6.56,1005.5,22.9,-1.3,0.0,0.0,0.0,,0.0,0,0,0,0,0,8.0,0.0,185480.21,111699.02,297179.23,0.0,-327.73
2026-06-04T21:24:19.501+00:00,116110,c73b8aee-e184-4449-b355-58d5694dddce,,10,FAULT,0x0C81,ESTOP|SENSOR_RANGE|SELFTEST|OVERPRESSURE,0,1,1,0,0,0,0.0,0.0,0.0,14.68,8.876,1761.6,1065.12,185.41,112.5,1005.5,22.9,-1.3,0.0,0.0,0.0,,0.0,0,0,0,0,0,8.0,0.0,185790.25,111886.48,297676.73,0.0,990.06
2026-06-04T21:24:19.677+00:00,116286,c73b8aee-e184-4449-b355-58d5694dddce,,10,FAULT,0x0C81,ESTOP|SENSOR_RANGE|SELFTEST|OVERPRESSURE,0,1,1,0,0,0,0.0,0.0,0.0,14.637,8.822,1756.44,1058.64,-25.0,-12.5,1005.5,22.9,-1.3,0.0,0.0,0.0,,0.0,0,0,0,0,0,8.0,0.0,186099.39,112072.8,298172.18,0.0,-1195.51
2026-06-04T21:24:19.885+00:00,116462,c73b8aee-e184-4449-b355-58d5694dddce,,10,FAULT,0x0C81,ESTOP|SENSOR_RANGE|SELFTEST|OVERPRESSURE,0,1,1,0,0,0,0.0,0.0,0.0,14.502,8.772,1740.24,1052.64,173.68,106.63,1005.5,22.9,-1.3,0.0,0.0,0.0,,0.0,0,0,0,0,0,8.0,0.0,186405.67,112258.06,298663.73,0.0,1128.86
2026-06-04T21:24:20.057+00:00,116638,c73b8aee-e184-4449-b355-58d5694dddce,,10,FAULT,0x0C81,ESTOP|SENSOR_RANGE|SELFTEST|OVERPRESSURE,0,1,1,0,0,0,0.0,0.0,0.0,14.469,8.813,1736.28,1057.56,7.74,6.07,1005.5,22.9,-1.3,0.0,0.0,0.0,,0.0,0,0,0,0,0,8.0,0.0,186711.25,112444.19,299155.45,0.0,-942.84
2026-06-04T21:24:20.206+00:00,116813,c73b8aee-e184-4449-b355-58d5694dddce,,10,FAULT,0x0C81,ESTOP|SENSOR_RANGE|SELFTEST|OVERPRESSURE,0,1,1,0,0,0,0.0,0.0,0.0,14.543,8.879,1745.16,1065.48,101.58,54.7,1005.5,22.9,-1.3,0.0,0.0,0.0,,0.0,0,0,0,0,0,8.0,0.0,187016.66,112630.65,299647.31,0.0,536.23
2026-06-04T21:24:20.382+00:00,116989,c73b8aee-e184-4449-b355-58d5694dddce,,10,FAULT,0x0C81,ESTOP|SENSOR_RANGE|SELFTEST|OVERPRESSURE,0,1,1,0,0,0,0.0,0.0,0.0,14.685,8.949,1762.2,1073.88,141.91,85.0,1005.5,22.9,-1.3,0.0,0.0,0.0,,0.0,0,0,0,0,0,8.0,0.0,187326.8,112819.66,300146.46,0.0,229.15
2026-06-04T21:24:20.559+00:00,117166,c73b8aee-e184-4449-b355-58d5694dddce,,10,FAULT,0x0C81,ESTOP|SENSOR_RANGE|SELFTEST|OVERPRESSURE,0,1,1,0,0,0,0.0,0.0,0.0,14.756,8.928,1770.72,1071.36,-25.0,-12.5,1005.5,22.9,-1.3,0.0,0.0,0.0,,0.0,0,0,0,0,0,8.0,0.0,187640.22,113009.29,300649.51,0.0,-942.99
2026-06-04T21:24:20.773+00:00,117342,c73b8aee-e184-4449-b355-58d5694dddce,,10,FAULT,0x0C81,ESTOP|SENSOR_RANGE|SELFTEST|OVERPRESSURE,0,1,1,0,0,0,0.0,0.0,0.0,14.686,8.849,1762.32,1061.88,181.25,112.5,1005.5,22.9,-1.3,0.0,0.0,0.0,,0.0,0,0,0,0,0,8.0,0.0,187950.39,113196.18,301146.57,0.0,1171.88
2026-06-04T21:24:20.911+00:00,117518,c73b8aee-e184-4449-b355-58d5694dddce,,10,FAULT,0x0C81,ESTOP|SENSOR_RANGE|SELFTEST|OVERPRESSURE,0,1,1,0,0,0,0.0,0.0,0.0,14.575,8.812,1749.0,1057.44,-19.13,-12.5,1005.5,22.9,-1.3,0.0,0.0,0.0,,0.0,0,0,0,0,0,8.0,0.0,188258.21,113382.29,301640.5,0.0,-1138.52
2026-06-04T21:24:21.087+00:00,117694,c73b8aee-e184-4449-b355-58d5694dddce,,10,FAULT,0x0C81,ESTOP|SENSOR_RANGE|SELFTEST|OVERPRESSURE,0,1,1,0,0,0,0.0,0.0,0.0,14.522,8.84,1742.64,1060.8,147.77,86.22,1005.5,22.9,-1.3,0.0,0.0,0.0,,0.0,0,0,0,0,0,8.0,0.0,188564.92,113568.99,302133.91,0.0,948.3
2026-06-04T21:24:21.266+00:00,117870,c73b8aee-e184-4449-b355-58d5694dddce,,10,FAULT,0x0C81,ESTOP|SENSOR_RANGE|SELFTEST|OVERPRESSURE,0,1,1,0,0,0,0.0,0.0,0.0,14.596,8.927,1751.52,1071.24,83.26,52.74,1005.5,22.9,-1.3,0.0,0.0,0.0,,0.0,0,0,0,0,0,8.0,0.0,188873.19,113757.53,302630.71,0.0,-366.53
2026-06-04T21:24:21.481+00:00,118046,c73b8aee-e184-4449-b355-58d5694dddce,,10,FAULT,0x0C81,ESTOP|SENSOR_RANGE|SELFTEST|OVERPRESSURE,0,1,1,0,0,0,0.0,0.0,0.0,14.73,8.965,1767.6,1075.8,-2.76,0.0,1005.5,22.9,-1.3,0.0,0.0,0.0,,0.0,0,0,0,0,0,8.0,0.0,189184.28,113946.87,303131.15,0.0,-488.75
2026-06-04T21:24:21.618+00:00,118222,c73b8aee-e184-4449-b355-58d5694dddce,,10,FAULT,0x0C81,ESTOP|SENSOR_RANGE|SELFTEST|OVERPRESSURE,0,1,1,0,0,0,0.0,0.0,0.0,14.823,8.981,1778.76,1077.72,185.65,112.5,1005.5,22.9,-1.3,0.0,0.0,0.0,,0.0,0,0,0,0,0,8.0,0.0,189497.35,114136.54,303633.89,0.0,1070.51
2026-06-04T21:24:21.795+00:00,118398,c73b8aee-e184-4449-b355-58d5694dddce,,10,FAULT,0x0C81,ESTOP|SENSOR_RANGE|SELFTEST|OVERPRESSURE,0,1,1,0,0,0,0.0,0.0,0.0,14.773,8.914,1772.76,1069.68,-25.0,-12.5,1005.5,22.9,-1.3,0.0,0.0,0.0,,0.0,0,0,0,0,0,8.0,0.0,189809.35,114324.81,304134.16,0.0,-1196.88
2026-06-04T21:24:21.971+00:00,118575,c73b8aee-e184-4449-b355-58d5694dddce,,10,FAULT,0x0C81,ESTOP|SENSOR_RANGE|SELFTEST|OVERPRESSURE,0,1,1,0,0,0,0.0,0.0,0.0,14.643,8.864,1757.16,1063.68,173.68,106.51,1005.5,22.9,-1.3,0.0,0.0,0.0,,0.0,0,0,0,0,0,8.0,0.0,190120.37,114513.08,304633.45,0.0,1122.49
2026-06-04T21:24:22.184+00:00,118751,c73b8aee-e184-4449-b355-58d5694dddce,,10,FAULT,0x0C81,ESTOP|SENSOR_RANGE|SELFTEST|OVERPRESSURE,0,1,1,0,0,0,0.0,0.0,0.0,14.593,8.897,1751.16,1067.64,8.72,6.43,1005.5,22.9,-1.3,0.0,0.0,0.0,,0.0,0,0,0,0,0,8.0,0.0,190428.57,114700.98,305129.56,0.0,-937.27
2026-06-04T21:24:22.323+00:00,118926,c73b8aee-e184-4449-b355-58d5694dddce,,10,FAULT,0x0C81,ESTOP|SENSOR_RANGE|SELFTEST|OVERPRESSURE,0,1,1,0,0,0,0.0,0.0,0.0,14.67,8.972,1760.4,1076.64,99.38,53.23,1005.5,22.9,-1.3,0.0,0.0,0.0,,0.0,0,0,0,0,0,8.0,0.0,190736.64,114889.4,305626.04,0.0,518.06
2026-06-04T21:24:22.500+00:00,119102,c73b8aee-e184-4449-b355-58d5694dddce,,10,FAULT,0x0C81,ESTOP|SENSOR_RANGE|SELFTEST|OVERPRESSURE,0,1,1,0,0,0,0.0,0.0,0.0,14.82,9.056,1778.4,1086.72,139.71,83.9,1005.5,22.9,-1.3,0.0,0.0,0.0,,0.0,0,0,0,0,0,8.0,0.0,191049.64,115080.66,306130.3,0.0,229.15
2026-06-04T21:24:22.675+00:00,119278,c73b8aee-e184-4449-b355-58d5694dddce,,10,FAULT,0x0C81,ESTOP|SENSOR_RANGE|SELFTEST|OVERPRESSURE,0,1,1,0,0,0,0.0,0.0,0.0,14.901,9.034,1788.12,1084.08,-25.0,-12.5,1005.5,22.9,-1.3,0.0,0.0,0.0,,0.0,0,0,0,0,0,8.0,0.0,191364.35,115271.46,306635.81,0.0,-935.85
2026-06-04T21:24:22.884+00:00,119454,c73b8aee-e184-4449-b355-58d5694dddce,,10,FAULT,0x0C81,ESTOP|SENSOR_RANGE|SELFTEST|OVERPRESSURE,0,1,1,0,0,0,0.0,0.0,0.0,14.825,8.955,1779.0,1074.6,181.25,112.5,1005.5,22.9,-1.3,0.0,0.0,0.0,,0.0,0,0,0,0,0,8.0,0.0,191677.45,115460.59,307138.04,0.0,1171.88
2026-06-04T21:24:23.028+00:00,119630,c73b8aee-e184-4449-b355-58d5694dddce,,10,FAULT,0x0C81,ESTOP|SENSOR_RANGE|SELFTEST|OVERPRESSURE,0,1,1,0,0,0,0.0,0.0,0.0,14.711,8.914,1765.32,1069.68,-19.37,-12.5,1005.5,22.9,-1.3,0.0,0.0,0.0,,0.0,0,0,0,0,0,8.0,0.0,191988.15,115648.85,307637.0,0.0,-1139.89
2026-06-04T21:24:23.204+00:00,119806,c73b8aee-e184-4449-b355-58d5694dddce,,10,FAULT,0x0C81,ESTOP|SENSOR_RANGE|SELFTEST|OVERPRESSURE,0,1,1,0,0,0,0.0,0.0,0.0,14.662,8.942,1759.44,1073.04,148.26,86.1,1005.5,22.9,-1.3,0.0,0.0,0.0,,0.0,0,0,0,0,0,8.0,0.0,192297.81,115837.71,308135.52,0.0,952.44
2026-06-04T21:24:23.380+00:00,119983,c73b8aee-e184-4449-b355-58d5694dddce,,10,FAULT,0x0C81,ESTOP|SENSOR_RANGE|SELFTEST|OVERPRESSURE,0,1,1,0,0,0,0.0,0.0,0.0,14.742,9.025,1769.04,1083.0,84.23,53.23,1005.5,22.9,-1.3,0.0,0.0,0.0,,0.0,0,0,0,0,0,8.0,0.0,192610.93,116029.4,308640.33,0.0,-361.75
2026-06-04T21:24:23.591+00:00,120159,c73b8aee-e184-4449-b355-58d5694dddce,,10,FAULT,0x0C81,ESTOP|SENSOR_RANGE|SELFTEST|OVERPRESSURE,0,1,1,0,0,0,0.0,0.0,0.0,14.885,9.067,1786.2,1088.04,-3.49,-0.52,1005.5,22.9,-1.3,0.0,0.0,0.0,,0.0,0,0,0,0,0,8.0,0.0,192925.3,116220.89,309146.19,0.0,-498.41
2026-06-04T21:24:23.733+00:00,120334,c73b8aee-e184-4449-b355-58d5694dddce,,10,FAULT,0x0C81,ESTOP|SENSOR_RANGE|SELFTEST|OVERPRESSURE,0,1,1,0,0,0,0.0,0.0,0.0,14.974,9.079,1796.88,1089.48,184.67,112.5,1005.5,22.9,-1.3,0.0,0.0,0.0,,0.0,0,0,0,0,0,8.0,0.0,193239.76,116411.55,309651.31,0.0,1075.2
2026-06-04T21:24:23.909+00:00,120510,c73b8aee-e184-4449-b355-58d5694dddce,,10,FAULT,0x0C81,ESTOP|SENSOR_RANGE|SELFTEST|OVERPRESSURE,0,1,1,0,0,0,0.0,0.0,0.0,14.922,9.019,1790.64,1082.28,-25.0,-12.5,1005.5,22.9,-1.3,0.0,0.0,0.0,,0.0,0,0,0,0,0,8.0,0.0,193554.91,116602.03,310156.94,0.0,-1191.31
2026-06-04T21:24:24.088+00:00,120686,c73b8aee-e184-4449-b355-58d5694dddce,,10,FAULT,0x0C81,ESTOP|SENSOR_RANGE|SELFTEST|OVERPRESSURE,0,1,1,0,0,0,0.0,0.0,0.0,14.787,8.97,1774.44,1076.4,173.19,105.9,1005.5,22.9,-1.3,0.0,0.0,0.0,,0.0,0,0,0,0,0,8.0,0.0,193867.21,116791.48,310658.69,0.0,1126.08
2026-06-04T21:24:24.290+00:00,120863,c73b8aee-e184-4449-b355-58d5694dddce,,10,FAULT,0x0C81,ESTOP|SENSOR_RANGE|SELFTEST|OVERPRESSURE,0,1,1,0,0,0,0.0,0.0,0.0,14.734,9.0,1768.08,1080.0,14.83,10.96,1005.5,22.9,-1.3,0.0,0.0,0.0,,0.0,0,0,0,0,0,8.0,0.0,194180.16,116982.64,311162.8,0.0,-894.69
2026-06-04T21:24:24.440+00:00,121038,c73b8aee-e184-4449-b355-58d5694dddce,,10,FAULT,0x0C81,ESTOP|SENSOR_RANGE|SELFTEST|OVERPRESSURE,0,1,1,0,0,0,0.0,0.0,0.0,14.839,9.075,1780.68,1089.0,73.24,39.3,1005.5,22.9,-1.3,0.0,0.0,0.0,,0.0,0,0,0,0,0,8.0,0.0,194491.78,117173.21,311664.99,0.0,333.77
2026-06-04T21:24:24.616+00:00,121214,c73b8aee-e184-4449-b355-58d5694dddce,,10,FAULT,0x0C81,ESTOP|SENSOR_RANGE|SELFTEST|OVERPRESSURE,0,1,1,0,0,0,0.0,0.0,0.0,14.968,9.132,1796.16,1095.84,160.72,94.53,1005.5,22.9,-1.3,0.0,0.0,0.0,,0.0,0,0,0,0,0,8.0,0.0,194807.9,117366.08,312173.99,0.0,497.05
2026-06-04T21:24:24.801+00:00,121391,c73b8aee-e184-4449-b355-58d5694dddce,,10,FAULT,0x0C81,ESTOP|SENSOR_RANGE|SELFTEST|OVERPRESSURE,0,1,1,0,0,0,0.0,0.0,0.0,15.03,9.107,1803.6,1092.84,-25.0,-12.5,1005.5,22.9,-1.3,0.0,0.0,0.0,,0.0,0,0,0,0,0,8.0,0.0,195127.14,117559.51,312686.66,0.0,-1049.27
2026-06-04T21:24:24.993+00:00,121567,c73b8aee-e184-4449-b355-58d5694dddce,,10,FAULT,0x0C81,ESTOP|SENSOR_RANGE|SELFTEST|OVERPRESSURE,0,1,1,0,0,0,0.0,0.0,0.0,14.904,8.996,1788.48,1079.52,180.03,111.27,1005.5,22.9,-1.3,0.0,0.0,0.0,,0.0,0,0,0,0,0,8.0,0.0,195441.91,117749.51,313191.42,0.0,1164.94
2026-06-04T21:24:25.145+00:00,121743,c73b8aee-e184-4449-b355-58d5694dddce,,10,FAULT,0x0C81,ESTOP|SENSOR_RANGE|SELFTEST|OVERPRESSURE,0,1,1,0,0,0,0.0,0.0,0.0,14.77,8.949,1772.4,1073.88,-18.15,-12.5,1005.5,22.9,-1.3,0.0,0.0,0.0,,0.0,0,0,0,0,0,8.0,0.0,195753.86,117938.51,313692.37,0.0,-1126.02
2026-06-04T21:24:25.321+00:00,121919,c73b8aee-e184-4449-b355-58d5694dddce,,10,FAULT,0x0C81,ESTOP|SENSOR_RANGE|SELFTEST|OVERPRESSURE,0,1,1,0,0,0,0.0,0.0,0.0,14.708,8.974,1764.96,1076.88,136.77,77.79,1005.5,22.9,-1.3,0.0,0.0,0.0,,0.0,0,0,0,0,0,8.0,0.0,196064.49,118128.04,314192.53,0.0,880.23
2026-06-04T21:24:25.505+00:00,122095,c73b8aee-e184-4449-b355-58d5694dddce,,10,FAULT,0x0C81,ESTOP|SENSOR_RANGE|SELFTEST|OVERPRESSURE,0,1,1,0,0,0,0.0,0.0,0.0,14.791,9.052,1774.92,1086.24,101.34,63.01,1005.5,22.9,-1.3,0.0,0.0,0.0,,0.0,0,0,0,0,0,8.0,0.0,196376.88,118319.22,314696.1,0.0,-201.31
2026-06-04T21:24:25.730+00:00,122271,c73b8aee-e184-4449-b355-58d5694dddce,,10,FAULT,0x0C81,ESTOP|SENSOR_RANGE|SELFTEST|OVERPRESSURE,0,1,1,0,0,0,0.0,0.0,0.0,14.934,9.085,1792.08,1090.2,-22.8,-12.01,1005.5,22.9,-1.3,0.0,0.0,0.0,,0.0,0,0,0,0,0,8.0,0.0,196692.28,118511.1,315203.38,0.0,-705.34
2026-06-04T21:24:25.850+00:00,122447,c73b8aee-e184-4449-b355-58d5694dddce,,10,FAULT,0x0C81,ESTOP|SENSOR_RANGE|SELFTEST|OVERPRESSURE,0,1,1,0,0,0,0.0,0.0,0.0,14.953,9.044,1794.36,1085.28,183.45,112.5,1005.5,22.9,-1.3,0.0,0.0,0.0,,0.0,0,0,0,0,0,8.0,0.0,197008.09,118702.11,315710.19,0.0,1171.88
2026-06-04T21:24:26.026+00:00,122624,c73b8aee-e184-4449-b355-58d5694dddce,,10,FAULT,0x0C81,ESTOP|SENSOR_RANGE|SELFTEST|OVERPRESSURE,0,1,1,0,0,0,0.0,0.0,0.0,14.867,8.981,1784.04,1077.72,-20.11,-12.5,1005.4,22.9,-1.3,0.0,0.0,0.0,,0.0,0,0,0,0,0,8.0,0.0,197323.86,118892.86,316216.73,0.0,-1150.06
2026-06-04T21:24:26.202+00:00,122800,c73b8aee-e184-4449-b355-58d5694dddce,,10,FAULT,0x0C81,ESTOP|SENSOR_RANGE|SELFTEST|OVERPRESSURE,0,1,1,0,0,0,0.0,0.0,0.0,14.712,8.934,1765.44,1072.08,169.03,97.47,1005.5,22.9,-1.3,0.0,0.0,0.0,,0.0,0,0,0,0,0,8.0,0.0,197634.58,119081.55,316716.13,0.0,1074.66
2026-06-04T21:24:26.435+00:00,122976,c73b8aee-e184-4449-b355-58d5694dddce,,10,FAULT,0x0C81,ESTOP|SENSOR_RANGE|SELFTEST|OVERPRESSURE,0,1,1,0,0,0,0.0,0.0,0.0,14.7,8.987,1764.0,1078.44,41.47,30.75,1005.5,22.9,-1.3,0.0,0.0,0.0,,0.0,0,0,0,0,0,8.0,0.0,197945.05,119271.35,317216.4,0.0,-724.77
2026-06-04T21:24:26.558+00:00,123152,c73b8aee-e184-4449-b355-58d5694dddce,,10,FAULT,0x0C81,ESTOP|SENSOR_RANGE|SELFTEST|OVERPRESSURE,0,1,1,0,0,0,0.0,0.0,0.0,14.817,9.049,1778.04,1085.88,37.07,19.02,1005.5,22.9,-1.3,0.0,0.0,0.0,,0.0,0,0,0,0,0,8.0,0.0,198257.98,119462.47,317720.45,0.0,-25.0
2026-06-04T21:24:26.734+00:00,123328,c73b8aee-e184-4449-b355-58d5694dddce,,10,FAULT,0x0C81,ESTOP|SENSOR_RANGE|SELFTEST|OVERPRESSURE,0,1,1,0,0,0,0.0,0.0,0.0,14.945,9.088,1793.4,1090.56,185.65,111.76,1005.5,22.9,-1.3,0.0,0.0,0.0,,0.0,0,0,0,0,0,8.0,0.0,198573.62,119654.41,318228.03,0.0,844.2
2026-06-04T21:24:26.910+00:00,123504,c73b8aee-e184-4449-b355-58d5694dddce,,10,FAULT,0x0C81,ESTOP|SENSOR_RANGE|SELFTEST|OVERPRESSURE,0,1,1,0,0,0,0.0,0.0,0.0,14.973,9.047,1796.76,1085.64,-25.0,-12.5,1005.5,22.9,-1.3,0.0,0.0,0.0,,0.0,0,0,0,0,0,8.0,0.0,198889.85,119845.48,318735.33,0.0,-1196.88
2026-06-04T21:24:27.143+00:00,123680,c73b8aee-e184-4449-b355-58d5694dddce,,10,FAULT,0x0C81,ESTOP|SENSOR_RANGE|SELFTEST|OVERPRESSURE,0,1,1,0,0,0,0.0,0.0,0.0,14.84,8.961,1780.8,1075.32,174.41,107.49,1005.5,22.9,-1.3,0.0,0.0,0.0,,0.0,0,0,0,0,0,8.0,0.0,199203.27,120034.74,319238.01,0.0,1133.01
2026-06-04T21:24:27.263+00:00,123856,c73b8aee-e184-4449-b355-58d5694dddce,,10,FAULT,0x0C81,ESTOP|SENSOR_RANGE|SELFTEST|OVERPRESSURE,0,1,1,0,0,0,0.0,0.0,0.0,14.721,8.952,1766.52,1074.24,-3.73,-0.15,1005.5,22.9,-1.3,0.0,0.0,0.0,,0.0,0,0,0,0,0,8.0,0.0,199514.18,120223.8,319737.98,0.0,-1012.16
2026-06-04T21:24:27.439+00:00,124032,c73b8aee-e184-4449-b355-58d5694dddce,,10,FAULT,0x0C81,ESTOP|SENSOR_RANGE|SELFTEST|OVERPRESSURE,0,1,1,0,0,0,0.0,0.0,0.0,14.724,9.01,1766.88,1081.2,116.25,62.64,1005.5,22.9,-1.3,0.0,0.0,0.0,,0.0,0,0,0,0,0,8.0,0.0,199825.15,120414.09,320239.24,0.0,681.7
2026-06-04T21:24:27.615+00:00,124208,c73b8aee-e184-4449-b355-58d5694dddce,,10,FAULT,0x0C81,ESTOP|SENSOR_RANGE|SELFTEST|OVERPRESSURE,0,1,1,0,0,0,0.0,0.0,0.0,14.837,9.095,1780.44,1091.4,128.95,78.16,1005.5,22.9,-1.3,0.0,0.0,0.0,,0.0,0,0,0,0,0,8.0,0.0,200138.51,120606.18,320744.68,0.0,72.16
2026-06-04T21:24:27.847+00:00,124384,c73b8aee-e184-4449-b355-58d5694dddce,,10,FAULT,0x0C81,ESTOP|SENSOR_RANGE|SELFTEST|OVERPRESSURE,0,1,1,0,0,0,0.0,0.0,0.0,14.973,9.109,1796.76,1093.08,-25.0,-12.5,1005.5,22.9,-1.3,0.0,0.0,0.0,,0.0,0,0,0,0,0,8.0,0.0,200454.73,120798.56,321253.3,0.0,-874.72
2026-06-04T21:24:27.968+00:00,124560,c73b8aee-e184-4449-b355-58d5694dddce,,10,FAULT,0x0C81,ESTOP|SENSOR_RANGE|SELFTEST|OVERPRESSURE,0,1,1,0,0,0,0.0,0.0,0.0,14.934,9.034,1792.08,1084.08,181.5,112.5,1005.5,22.9,-1.3,0.0,0.0,0.0,,0.0,0,0,0,0,0,8.0,0.0,200770.14,120989.36,321759.5,0.0,1173.3
2026-06-04T21:24:28.144+00:00,124736,c73b8aee-e184-4449-b355-58d5694dddce,,10,FAULT,0x0C81,ESTOP|SENSOR_RANGE|SELFTEST|OVERPRESSURE,0,1,1,0,0,0,0.0,0.0,0.0,14.835,8.977,1780.2,1077.24,-19.62,-12.5,1005.5,22.9,-1.3,0.0,0.0,0.0,,0.0,0,0,0,0,0,8.0,0.0,201083.46,121178.95,322262.41,0.0,-1142.73
2026-06-04T21:24:28.320+00:00,124912,c73b8aee-e184-4449-b355-58d5694dddce,,10,FAULT,0x0C81,ESTOP|SENSOR_RANGE|SELFTEST|OVERPRESSURE,0,1,1,0,0,0,0.0,0.0,0.0,14.692,8.943,1763.04,1073.16,153.88,89.16,1005.5,22.9,-1.3,0.0,0.0,0.0,,0.0,0,0,0,0,0,8.0,0.0,201393.75,121367.83,322761.58,0.0,985.8
2026-06-04T21:24:28.553+00:00,125088,c73b8aee-e184-4449-b355-58d5694dddce,,10,FAULT,0x0C81,ESTOP|SENSOR_RANGE|SELFTEST|OVERPRESSURE,0,1,1,0,0,0,0.0,0.0,0.0,14.713,9.011,1765.56,1081.32,72.5,47.0,1005.5,22.9,-1.3,0.0,0.0,0.0,,0.0,0,0,0,0,0,8.0,0.0,201704.49,121558.14,323262.63,0.0,-462.39
2026-06-04T21:24:28.672+00:00,125264,c73b8aee-e184-4449-b355-58d5694dddce,,10,FAULT,0x0C81,ESTOP|SENSOR_RANGE|SELFTEST|OVERPRESSURE,0,1,1,0,0,0,0.0,0.0,0.0,14.841,9.056,1780.92,1086.72,6.76,4.6,1005.5,22.9,-1.3,0.0,0.0,0.0,,0.0,0,0,0,0,0,8.0,0.0,202017.93,121749.41,323767.34,0.0,-373.52
2026-06-04T21:24:28.848+00:00,125441,c73b8aee-e184-4449-b355-58d5694dddce,,10,FAULT,0x0C81,ESTOP|SENSOR_RANGE|SELFTEST|OVERPRESSURE,0,1,1,0,0,0,0.0,0.0,0.0,14.949,9.074,1793.88,1088.88,185.41,112.5,1005.5,22.9,-1.3,0.0,0.0,0.0,,0.0,0,0,0,0,0,8.0,0.0,202335.45,121942.14,324277.59,0.0,1009.32
2026-06-04T21:24:29.027+00:00,125617,c73b8aee-e184-4449-b355-58d5694dddce,,10,FAULT,0x0C81,ESTOP|SENSOR_RANGE|SELFTEST|OVERPRESSURE,0,1,1,0,0,0,0.0,0.0,0.0,14.944,9.016,1793.28,1081.92,-25.0,-12.5,1005.5,22.9,-1.3,0.0,0.0,0.0,,0.0,0,0,0,0,0,8.0,0.0,202651.07,122132.56,324783.62,0.0,-1195.51
2026-06-04T21:24:29.258+00:00,125793,c73b8aee-e184-4449-b355-58d5694dddce,,10,FAULT,0x0C81,ESTOP|SENSOR_RANGE|SELFTEST|OVERPRESSURE,0,1,1,0,0,0,0.0,0.0,0.0,14.799,8.935,1775.88,1072.2,173.68,106.63,1005.5,22.9,-1.3,0.0,0.0,0.0,,0.0,0,0,0,0,0,8.0,0.0,202963.62,122321.26,325284.88,0.0,1128.86
2026-06-04T21:24:29.380+00:00,125969,c73b8aee-e184-4449-b355-58d5694dddce,,10,FAULT,0x0C81,ESTOP|SENSOR_RANGE|SELFTEST|OVERPRESSURE,0,1,1,0,0,0,0.0,0.0,0.0,14.709,8.943,1765.08,1073.16,5.3,4.6,1005.5,22.9,-1.3,0.0,0.0,0.0,,0.0,0,0,0,0,0,8.0,0.0,203274.27,122510.14,325784.41,0.0,-956.7
2026-06-04T21:24:29.556+00:00,126145,c73b8aee-e184-4449-b355-58d5694dddce,,10,FAULT,0x0C81,ESTOP|SENSOR_RANGE|SELFTEST|OVERPRESSURE,0,1,1,0,0,0,0.0,0.0,0.0,14.745,9.014,1769.4,1081.68,103.78,55.8,1005.5,22.9,-1.3,0.0,0.0,0.0,,0.0,0,0,0,0,0,8.0,0.0,203585.69,122700.51,326286.2,0.0,559.55
2026-06-04T21:24:29.732+00:00,126321,c73b8aee-e184-4449-b355-58d5694dddce,,10,FAULT,0x0C81,ESTOP|SENSOR_RANGE|SELFTEST|OVERPRESSURE,0,1,1,0,0,0,0.0,0.0,0.0,14.872,9.094,1784.64,1091.28,139.71,83.66,1005.5,22.9,-1.3,0.0,0.0,0.0,,0.0,0,0,0,0,0,8.0,0.0,203899.79,122892.58,326792.37,0.0,204.15
2026-06-04T21:24:29.965+00:00,126496,c73b8aee-e184-4449-b355-58d5694dddce,,10,FAULT,0x0C81,ESTOP|SENSOR_RANGE|SELFTEST|OVERPRESSURE,0,1,1,0,0,0,0.0,0.0,0.0,14.983,9.094,1797.96,1091.28,-25.0,-12.5,1005.5,22.9,-1.3,0.0,0.0,0.0,,0.0,0,0,0,0,0,8.0,0.0,204214.43,123083.55,327297.98,0.0,-941.2
2026-06-04T21:24:30.085+00:00,126672,c73b8aee-e184-4449-b355-58d5694dddce,,10,FAULT,0x0C81,ESTOP|SENSOR_RANGE|SELFTEST|OVERPRESSURE,0,1,1,0,0,0,0.0,0.0,0.0,14.906,8.999,1788.72,1079.88,181.25,112.5,1005.5,22.9,-1.3,0.0,0.0,0.0,,0.0,0,0,0,0,0,8.0,0.0,204529.24,123273.61,327802.86,0.0,1171.88
2026-06-04T21:24:30.261+00:00,126849,c73b8aee-e184-4449-b355-58d5694dddce,,10,FAULT,0x0C81,ESTOP|SENSOR_RANGE|SELFTEST|OVERPRESSURE,0,1,1,0,0,0,0.0,0.0,0.0,14.788,8.944,1774.56,1073.28,-19.13,-12.5,1005.5,22.9,-1.3,0.0,0.0,0.0,,0.0,0,0,0,0,0,8.0,0.0,204843.34,123463.58,328306.92,0.0,-1132.09
2026-06-04T21:24:30.437+00:00,127026,c73b8aee-e184-4449-b355-58d5694dddce,,10,FAULT,0x0C81,ESTOP|SENSOR_RANGE|SELFTEST|OVERPRESSURE,0,1,1,0,0,0,0.0,0.0,0.0,14.656,8.918,1758.72,1070.16,146.55,85.25,1005.5,22.9,-1.3,0.0,0.0,0.0,,0.0,0,0,0,0,0,8.0,0.0,205154.63,123653.0,328807.64,0.0,936.05
2026-06-04T21:24:30.669+00:00,127201,c73b8aee-e184-4449-b355-58d5694dddce,,10,FAULT,0x0C81,ESTOP|SENSOR_RANGE|SELFTEST|OVERPRESSURE,0,1,1,0,0,0,0.0,0.0,0.0,14.703,8.994,1764.36,1079.28,85.21,53.84,1005.5,22.9,-1.3,0.0,0.0,0.0,,0.0,0,0,0,0,0,8.0,0.0,205463.4,123841.88,329305.27,0.0,-350.51
2026-06-04T21:24:30.790+00:00,127377,c73b8aee-e184-4449-b355-58d5694dddce,,10,FAULT,0x0C81,ESTOP|SENSOR_RANGE|SELFTEST|OVERPRESSURE,0,1,1,0,0,0,0.0,0.0,0.0,14.844,9.045,1781.28,1085.4,-3.98,-0.64,1005.5,22.9,-1.3,0.0,0.0,0.0,,0.0,0,0,0,0,0,8.0,0.0,205776.9,124032.91,329809.81,0.0,-506.76
2026-06-04T21:24:30.966+00:00,127553,c73b8aee-e184-4449-b355-58d5694dddce,,10,FAULT,0x0C81,ESTOP|SENSOR_RANGE|SELFTEST|OVERPRESSURE,0,1,1,0,0,0,0.0,0.0,0.0,14.948,9.057,1793.76,1086.84,184.43,112.5,1005.5,22.9,-1.3,0.0,0.0,0.0,,0.0,0,0,0,0,0,8.0,0.0,206092.6,124224.19,330316.79,0.0,1070.51
2026-06-04T21:24:31.142+00:00,127729,c73b8aee-e184-4449-b355-58d5694dddce,,10,FAULT,0x0C81,ESTOP|SENSOR_RANGE|SELFTEST|OVERPRESSURE,0,1,1,0,0,0,0.0,0.0,0.0,14.931,8.994,1791.72,1079.28,-25.0,-12.5,1005.5,22.9,-1.3,0.0,0.0,0.0,,0.0,0,0,0,0,0,8.0,0.0,206407.95,124414.14,330822.09,0.0,-1189.94
2026-06-04T21:24:31.387+00:00,127905,c73b8aee-e184-4449-b355-58d5694dddce,,10,FAULT,0x0C81,ESTOP|SENSOR_RANGE|SELFTEST|OVERPRESSURE,0,1,1,0,0,0,0.0,0.0,0.0,14.781,8.918,1773.72,1070.16,172.94,105.9,1005.5,22.9,-1.3,0.0,0.0,0.0,,0.0,0,0,0,0,0,8.0,0.0,206720.12,124602.49,331322.61,0.0,1124.66
2026-06-04T21:24:31.497+00:00,128081,c73b8aee-e184-4449-b355-58d5694dddce,,10,FAULT,0x0C81,ESTOP|SENSOR_RANGE|SELFTEST|OVERPRESSURE,0,1,1,0,0,0,0.0,0.0,0.0,14.689,8.922,1762.68,1070.64,13.61,9.73,1005.5,22.9,-1.3,0.0,0.0,0.0,,0.0,0,0,0,0,0,8.0,0.0,207030.35,124790.92,331821.28,0.0,-905.28
2026-06-04T21:24:31.673+00:00,128258,c73b8aee-e184-4449-b355-58d5694dddce,,10,FAULT,0x0C81,ESTOP|SENSOR_RANGE|SELFTEST|OVERPRESSURE,0,1,1,0,0,0,0.0,0.0,0.0,14.745,9.0,1769.4,1080.0,82.52,44.8,1005.5,22.9,-1.3,0.0,0.0,0.0,,0.0,0,0,0,0,0,8.0,0.0,207343.54,124982.08,332325.62,0.0,389.32
2026-06-04T21:24:31.850+00:00,128434,c73b8aee-e184-4449-b355-58d5694dddce,,10,FAULT,0x0C81,ESTOP|SENSOR_RANGE|SELFTEST|OVERPRESSURE,0,1,1,0,0,0,0.0,0.0,0.0,14.881,9.081,1785.72,1089.72,153.64,90.13,1005.5,22.9,-1.3,0.0,0.0,0.0,,0.0,0,0,0,0,0,8.0,0.0,207657.82,125173.87,332831.7,0.0,404.09
2026-06-04T21:24:32.026+00:00,128609,c73b8aee-e184-4449-b355-58d5694dddce,,10,FAULT,0x0C81,ESTOP|SENSOR_RANGE|SELFTEST|OVERPRESSURE,0,1,1,0,0,0,0.0,0.0,0.0,14.993,9.082,1799.16,1089.84,-25.0,-12.5,1005.5,22.9,-1.3,0.0,0.0,0.0,,0.0,0,0,0,0,0,8.0,0.0,207972.68,125364.6,333337.27,0.0,-1020.8
2026-06-04T21:24:32.204+00:00,128786,c73b8aee-e184-4449-b355-58d5694dddce,,10,FAULT,0x0C81,ESTOP|SENSOR_RANGE|SELFTEST|OVERPRESSURE,0,1,1,0,0,0,0.0,0.0,0.0,14.904,8.989,1788.48,1078.68,181.01,112.13,1005.5,22.9,-1.3,0.0,0.0,0.0,,0.0,0,0,0,0,0,8.0,0.0,208289.24,125555.52,333844.76,0.0,1163.9
2026-06-04T21:24:32.378+00:00,128962,c73b8aee-e184-4449-b355-58d5694dddce,,10,FAULT,0x0C81,ESTOP|SENSOR_RANGE|SELFTEST|OVERPRESSURE,0,1,1,0,0,0,0.0,0.0,0.0,14.773,8.931,1772.76,1071.72,-18.64,-12.5,1005.5,22.9,-1.3,0.0,0.0,0.0,,0.0,0,0,0,0,0,8.0,0.0,208601.24,125744.15,334345.39,0.0,-1134.38
2026-06-04T21:24:32.554+00:00,129138,c73b8aee-e184-4449-b355-58d5694dddce,,10,FAULT,0x0C81,ESTOP|SENSOR_RANGE|SELFTEST|OVERPRESSURE,0,1,1,0,0,0,0.0,0.0,0.0,14.643,8.908,1757.16,1068.96,141.66,81.46,1005.5,22.9,-1.3,0.0,0.0,0.0,,0.0,0,0,0,0,0,8.0,0.0,208910.5,125932.28,334842.79,0.0,910.8
2026-06-04T21:24:32.731+00:00,129314,c73b8aee-e184-4449-b355-58d5694dddce,,10,FAULT,0x0C81,ESTOP|SENSOR_RANGE|SELFTEST|OVERPRESSURE,0,1,1,0,0,0,0.0,0.0,0.0,14.7,8.986,1764.0,1078.32,93.03,58.24,1005.5,22.9,-1.3,0.0,0.0,0.0,,0.0,0,0,0,0,0,8.0,0.0,209220.97,126122.07,335343.03,0.0,-276.31
2026-06-04T21:24:32.907+00:00,129489,c73b8aee-e184-4449-b355-58d5694dddce,,10,FAULT,0x0C81,ESTOP|SENSOR_RANGE|SELFTEST|OVERPRESSURE,0,1,1,0,0,0,0.0,0.0,0.0,14.844,9.036,1781.28,1084.32,-9.11,-3.94,1005.5,22.9,-1.3,0.0,0.0,0.0,,0.0,0,0,0,0,0,8.0,0.0,209532.69,126311.82,335844.51,0.0,-583.66
2026-06-04T21:24:33.083+00:00,129666,c73b8aee-e184-4449-b355-58d5694dddce,,10,FAULT,0x0C81,ESTOP|SENSOR_RANGE|SELFTEST|OVERPRESSURE,0,1,1,0,0,0,0.0,0.0,0.0,14.931,9.035,1791.72,1084.2,183.45,112.5,1005.5,22.9,-1.3,0.0,0.0,0.0,,0.0,0,0,0,0,0,8.0,0.0,209849.83,126503.73,336353.55,0.0,1087.91
2026-06-04T21:24:33.259+00:00,129842,c73b8aee-e184-4449-b355-58d5694dddce,,10,FAULT,0x0C81,ESTOP|SENSOR_RANGE|SELFTEST|OVERPRESSURE,0,1,1,0,0,0,0.0,0.0,0.0,14.877,8.967,1785.24,1076.04,-23.28,-12.5,1005.5,22.9,-1.3,0.0,0.0,0.0,,0.0,0,0,0,0,0,8.0,0.0,210164.03,126693.11,336857.14,0.0,-1174.6
2026-06-04T21:24:33.436+00:00,130018,c73b8aee-e184-4449-b355-58d5694dddce,,10,FAULT,0x0C81,ESTOP|SENSOR_RANGE|SELFTEST|OVERPRESSURE,0,1,1,0,0,0,0.0,0.0,0.0,14.723,8.898,1766.76,1067.76,172.21,104.92,1005.5,22.9,-1.3,0.0,0.0,0.0,,0.0,0,0,0,0,0,8.0,0.0,210474.98,126881.03,337356.01,0.0,1110.74
2026-06-04T21:24:33.612+00:00,130194,c73b8aee-e184-4449-b355-58d5694dddce,,10,FAULT,0x0C81,ESTOP|SENSOR_RANGE|SELFTEST|OVERPRESSURE,0,1,1,0,0,0,0.0,0.0,0.0,14.653,8.919,1758.36,1070.28,23.14,17.55,1005.5,22.9,-1.3,0.0,0.0,0.0,,0.0,0,0,0,0,0,8.0,0.0,210784.45,127069.4,337853.85,0.0,-846.99
2026-06-04T21:24:33.788+00:00,130370,c73b8aee-e184-4449-b355-58d5694dddce,,10,FAULT,0x0C81,ESTOP|SENSOR_RANGE|SELFTEST|OVERPRESSURE,0,1,1,0,0,0,0.0,0.0,0.0,14.743,8.999,1769.16,1079.88,60.04,32.22,1005.5,22.9,-1.3,0.0,0.0,0.0,,0.0,0,0,0,0,0,8.0,0.0,211095.82,127259.46,338355.28,0.0,209.66
2026-06-04T21:24:33.964+00:00,130546,c73b8aee-e184-4449-b355-58d5694dddce,,10,FAULT,0x0C81,ESTOP|SENSOR_RANGE|SELFTEST|OVERPRESSURE,0,1,1,0,0,0,0.0,0.0,0.0,14.887,9.072,1786.44,1088.64,171.48,101.62,1005.5,22.9,-1.3,0.0,0.0,0.0,,0.0,0,0,0,0,0,8.0,0.0,211410.23,127451.06,338861.3,0.0,633.18
2026-06-04T21:24:34.209+00:00,130722,c73b8aee-e184-4449-b355-58d5694dddce,,10,FAULT,0x0C81,ESTOP|SENSOR_RANGE|SELFTEST|OVERPRESSURE,0,1,1,0,0,0,0.0,0.0,0.0,14.965,9.051,1795.8,1086.12,-25.0,-12.5,1005.5,22.9,-1.3,0.0,0.0,0.0,,0.0,0,0,0,0,0,8.0,0.0,211726.3,127642.22,339368.52,0.0,-1116.36
2026-06-04T21:24:34.320+00:00,130898,c73b8aee-e184-4449-b355-58d5694dddce,,10,FAULT,0x0C81,ESTOP|SENSOR_RANGE|SELFTEST|OVERPRESSURE,0,1,1,0,0,0,0.0,0.0,0.0,14.859,8.962,1783.08,1075.44,175.14,108.46,1005.5,22.9,-1.3,0.0,0.0,0.0,,0.0,0,0,0,0,0,8.0,0.0,212040.12,127831.5,339871.62,0.0,1137.16
2026-06-04T21:24:34.496+00:00,131075,c73b8aee-e184-4449-b355-58d5694dddce,,10,FAULT,0x0C81,ESTOP|SENSOR_RANGE|SELFTEST|OVERPRESSURE,0,1,1,0,0,0,0.0,0.0,0.0,14.727,8.924,1767.24,1070.88,-16.2,-7.24,1005.5,22.9,-1.3,0.0,0.0,0.0,,0.0,0,0,0,0,0,8.0,0.0,212352.92,128021.04,340373.96,0.0,-1081.02
2026-06-04T21:24:34.672+00:00,131251,c73b8aee-e184-4449-b355-58d5694dddce,,10,FAULT,0x0C81,ESTOP|SENSOR_RANGE|SELFTEST|OVERPRESSURE,0,1,1,0,0,0,0.0,0.0,0.0,14.679,8.954,1761.48,1074.48,125.04,69.0,1005.5,22.9,-1.3,0.0,0.0,0.0,,0.0,0,0,0,0,0,8.0,0.0,212662.94,128210.15,340873.09,0.0,802.5
2026-06-04T21:24:34.873+00:00,131427,c73b8aee-e184-4449-b355-58d5694dddce,,10,FAULT,0x0C81,ESTOP|SENSOR_RANGE|SELFTEST|OVERPRESSURE,0,1,1,0,0,0,0.0,0.0,0.0,14.764,9.032,1771.68,1083.84,117.47,72.17,1005.5,22.9,-1.3,0.0,0.0,0.0,,0.0,0,0,0,0,0,8.0,0.0,212974.76,128400.91,341375.66,0.0,-43.01
2026-06-04T21:24:35.025+00:00,131603,c73b8aee-e184-4449-b355-58d5694dddce,,10,FAULT,0x0C81,ESTOP|SENSOR_RANGE|SELFTEST|OVERPRESSURE,0,1,1,0,0,0,0.0,0.0,0.0,14.911,9.066,1789.32,1087.92,-25.0,-12.5,1005.5,22.9,-1.3,0.0,0.0,0.0,,0.0,0,0,0,0,0,8.0,0.0,213289.68,128592.38,341882.06,0.0,-809.49
2026-06-04T21:24:35.200+00:00,131779,c73b8aee-e184-4449-b355-58d5694dddce,,10,FAULT,0x0C81,ESTOP|SENSOR_RANGE|SELFTEST|OVERPRESSURE,0,1,1,0,0,0,0.0,0.0,0.0,14.918,9.016,1790.16,1081.92,182.96,112.5,1005.5,22.9,-1.3,0.0,0.0,0.0,,0.0,0,0,0,0,0,8.0,0.0,213604.74,128782.8,342387.54,0.0,1181.59
2026-06-04T21:24:35.377+00:00,131955,c73b8aee-e184-4449-b355-58d5694dddce,,10,FAULT,0x0C81,ESTOP|SENSOR_RANGE|SELFTEST|OVERPRESSURE,0,1,1,0,0,0,0.0,0.0,0.0,14.834,8.954,1780.08,1074.48,-20.11,-12.5,1005.5,22.9,-1.3,0.0,0.0,0.0,,0.0,0,0,0,0,0,8.0,0.0,213918.04,128971.91,342889.95,0.0,-1153.81
2026-06-04T21:24:35.553+00:00,132131,c73b8aee-e184-4449-b355-58d5694dddce,,10,FAULT,0x0C81,ESTOP|SENSOR_RANGE|SELFTEST|OVERPRESSURE,0,1,1,0,0,0,0.0,0.0,0.0,14.684,8.907,1762.08,1068.84,160.48,93.07,1005.5,22.9,-1.3,0.0,0.0,0.0,,0.0,0,0,0,0,0,8.0,0.0,214228.16,129160.02,343388.19,0.0,1026.08
2026-06-04T21:24:35.729+00:00,132307,c73b8aee-e184-4449-b355-58d5694dddce,,10,FAULT,0x0C81,ESTOP|SENSOR_RANGE|SELFTEST|OVERPRESSURE,0,1,1,0,0,0,0.0,0.0,0.0,14.672,8.961,1760.64,1075.32,56.62,39.06,1005.5,22.9,-1.3,0.0,0.0,0.0,,0.0,0,0,0,0,0,8.0,0.0,214538.04,129349.28,343887.32,0.0,-590.11
2026-06-04T21:24:35.906+00:00,132483,c73b8aee-e184-4449-b355-58d5694dddce,,10,FAULT,0x0C81,ESTOP|SENSOR_RANGE|SELFTEST|OVERPRESSURE,0,1,1,0,0,0,0.0,0.0,0.0,14.794,9.023,1775.28,1082.76,22.65,11.93,1005.5,22.9,-1.3,0.0,0.0,0.0,,0.0,0,0,0,0,0,8.0,0.0,214850.49,129539.85,344390.33,0.0,-193.01
2026-06-04T21:24:36.082+00:00,132659,c73b8aee-e184-4449-b355-58d5694dddce,,10,FAULT,0x0C81,ESTOP|SENSOR_RANGE|SELFTEST|OVERPRESSURE,0,1,1,0,0,0,0.0,0.0,0.0,14.924,9.051,1790.88,1086.12,185.41,112.5,1005.5,22.9,-1.3,0.0,0.0,0.0,,0.0,0,0,0,0,0,8.0,0.0,215165.68,129731.0,344896.68,0.0,924.77
2026-06-04T21:24:36.296+00:00,132835,c73b8aee-e184-4449-b355-58d5694dddce,,10,FAULT,0x0C81,ESTOP|SENSOR_RANGE|SELFTEST|OVERPRESSURE,0,1,1,0,0,0,0.0,0.0,0.0,14.94,9.002,1792.8,1080.24,-25.0,-12.5,1005.5,22.9,-1.3,0.0,0.0,0.0,,0.0,0,0,0,0,0,8.0,0.0,215481.21,129921.13,345402.34,0.0,-1195.51
2026-06-04T21:24:36.483+00:00,133011,c73b8aee-e184-4449-b355-58d5694dddce,,10,FAULT,0x0C81,ESTOP|SENSOR_RANGE|SELFTEST|OVERPRESSURE,0,1,1,0,0,0,0.0,0.0,0.0,14.801,8.916,1776.12,1069.92,173.92,107.0,1005.5,22.9,-1.3,0.0,0.0,0.0,,0.0,0,0,0,0,0,8.0,0.0,215793.81,130109.43,345903.24,0.0,1130.23
2026-06-04T21:24:36.613+00:00,133187,c73b8aee-e184-4449-b355-58d5694dddce,,10,FAULT,0x0C81,ESTOP|SENSOR_RANGE|SELFTEST|OVERPRESSURE,0,1,1,0,0,0,0.0,0.0,0.0,14.69,8.913,1762.8,1069.56,2.85,3.5,1005.5,22.9,-1.3,0.0,0.0,0.0,,0.0,0,0,0,0,0,8.0,0.0,216104.06,130297.67,346401.74,0.0,-971.99
2026-06-04T21:24:36.789+00:00,133363,c73b8aee-e184-4449-b355-58d5694dddce,,10,FAULT,0x0C81,ESTOP|SENSOR_RANGE|SELFTEST|OVERPRESSURE,0,1,1,0,0,0,0.0,0.0,0.0,14.711,8.976,1765.32,1077.12,109.16,58.49,1005.5,22.9,-1.3,0.0,0.0,0.0,,0.0,0,0,0,0,0,8.0,0.0,216414.76,130487.25,346902.01,0.0,604.03
2026-06-04T21:24:37.015+00:00,133539,c73b8aee-e184-4449-b355-58d5694dddce,,10,FAULT,0x0C81,ESTOP|SENSOR_RANGE|SELFTEST|OVERPRESSURE,0,1,1,0,0,0,0.0,0.0,0.0,14.832,9.063,1779.84,1087.56,135.06,81.58,1005.5,22.9,-1.3,0.0,0.0,0.0,,0.0,0,0,0,0,0,8.0,0.0,216728.01,130678.66,347406.67,0.0,147.16
2026-06-04T21:24:37.200+00:00,133715,c73b8aee-e184-4449-b355-58d5694dddce,,10,FAULT,0x0C81,ESTOP|SENSOR_RANGE|SELFTEST|OVERPRESSURE,0,1,1,0,0,0,0.0,0.0,0.0,14.952,9.07,1794.24,1088.4,-25.0,-12.5,1005.5,22.9,-1.3,0.0,0.0,0.0,,0.0,0,0,0,0,0,8.0,0.0,217043.8,130870.22,347914.01,0.0,-909.43
2026-06-04T21:24:37.318+00:00,133892,c73b8aee-e184-4449-b355-58d5694dddce,,10,FAULT,0x0C81,ESTOP|SENSOR_RANGE|SELFTEST|OVERPRESSURE,0,1,1,0,0,0,0.0,0.0,0.0,14.896,8.987,1787.52,1078.44,181.25,112.5,1005.5,22.9,-1.3,0.0,0.0,0.0,,0.0,0,0,0,0,0,8.0,0.0,217360.19,131061.1,348421.29,0.0,1165.25
2026-06-04T21:24:37.494+00:00,134068,c73b8aee-e184-4449-b355-58d5694dddce,,10,FAULT,0x0C81,ESTOP|SENSOR_RANGE|SELFTEST|OVERPRESSURE,0,1,1,0,0,0,0.0,0.0,0.0,14.788,8.933,1774.56,1071.96,-19.37,-12.5,1005.5,22.9,-1.3,0.0,0.0,0.0,,0.0,0,0,0,0,0,8.0,0.0,217672.51,131249.77,348922.28,0.0,-1139.89
2026-06-04T21:24:37.730+00:00,134244,c73b8aee-e184-4449-b355-58d5694dddce,,10,FAULT,0x0C81,ESTOP|SENSOR_RANGE|SELFTEST|OVERPRESSURE,0,1,1,0,0,0,0.0,0.0,0.0,14.651,8.903,1758.12,1068.36,150.46,87.57,1005.5,22.9,-1.3,0.0,0.0,0.0,,0.0,0,0,0,0,0,8.0,0.0,217981.94,131437.8,349419.74,0.0,964.94
2026-06-04T21:24:37.917+00:00,134420,c73b8aee-e184-4449-b355-58d5694dddce,,10,FAULT,0x0C81,ESTOP|SENSOR_RANGE|SELFTEST|OVERPRESSURE,0,1,1,0,0,0,0.0,0.0,0.0,14.684,8.977,1762.08,1077.24,77.15,49.45,1005.5,22.9,-1.3,0.0,0.0,0.0,,0.0,0,0,0,0,0,8.0,0.0,218292.07,131627.39,349919.46,0.0,-416.53
2026-06-04T21:24:38.022+00:00,134595,c73b8aee-e184-4449-b355-58d5694dddce,,10,FAULT,0x0C81,ESTOP|SENSOR_RANGE|SELFTEST|OVERPRESSURE,0,1,1,0,0,0,0.0,0.0,0.0,14.823,9.035,1778.76,1084.2,2.12,2.77,1005.5,22.9,-1.3,0.0,0.0,0.0,,0.0,0,0,0,0,0,8.0,0.0,218603.35,131817.13,350420.48,0.0,-428.74
2026-06-04T21:24:38.199+00:00,134771,c73b8aee-e184-4449-b355-58d5694dddce,,10,FAULT,0x0C81,ESTOP|SENSOR_RANGE|SELFTEST|OVERPRESSURE,0,1,1,0,0,0,0.0,0.0,0.0,14.928,9.054,1791.36,1086.48,185.65,112.5,1005.5,22.9,-1.3,0.0,0.0,0.0,,0.0,0,0,0,0,0,8.0,0.0,218918.63,132008.35,350926.98,0.0,1042.78
2026-06-04T21:24:38.453+00:00,134947,c73b8aee-e184-4449-b355-58d5694dddce,,10,FAULT,0x0C81,ESTOP|SENSOR_RANGE|SELFTEST|OVERPRESSURE,0,1,1,0,0,0,0.0,0.0,0.0,14.923,8.995,1790.76,1079.4,-25.0,-12.5,1005.5,22.9,-1.3,0.0,0.0,0.0,,0.0,0,0,0,0,0,8.0,0.0,219233.8,132198.32,351432.12,0.0,-1196.88
2026-06-04T21:24:38.619+00:00,135123,c73b8aee-e184-4449-b355-58d5694dddce,,10,FAULT,0x0C81,ESTOP|SENSOR_RANGE|SELFTEST|OVERPRESSURE,0,1,1,0,0,0,0.0,0.0,0.0,14.776,8.917,1773.12,1070.04,173.19,106.39,1005.5,22.9,-1.3,0.0,0.0,0.0,,0.0,0,0,0,0,0,8.0,0.0,219545.87,132386.65,351932.52,0.0,1126.08
2026-06-04T21:24:38.727+00:00,135300,c73b8aee-e184-4449-b355-58d5694dddce,,10,FAULT,0x0C81,ESTOP|SENSOR_RANGE|SELFTEST|OVERPRESSURE,0,1,1,0,0,0,0.0,0.0,0.0,14.687,8.927,1762.44,1071.24,7.99,6.07,1005.5,22.9,-1.3,0.0,0.0,0.0,,0.0,0,0,0,0,0,8.0,0.0,219857.82,132576.26,352434.08,0.0,-933.33
2026-06-04T21:24:38.903+00:00,135476,c73b8aee-e184-4449-b355-58d5694dddce,,10,FAULT,0x0C81,ESTOP|SENSOR_RANGE|SELFTEST|OVERPRESSURE,0,1,1,0,0,0,0.0,0.0,0.0,14.736,9.006,1768.32,1080.72,98.41,52.5,1005.5,22.9,-1.3,0.0,0.0,0.0,,0.0,0,0,0,0,0,8.0,0.0,220169.05,132766.46,352935.51,0.0,513.75
2026-06-04T21:24:39.150+00:00,135652,c73b8aee-e184-4449-b355-58d5694dddce,,10,FAULT,0x0C81,ESTOP|SENSOR_RANGE|SELFTEST|OVERPRESSURE,0,1,1,0,0,0,0.0,0.0,0.0,14.878,9.096,1785.36,1091.52,141.17,84.76,1005.5,22.9,-1.3,0.0,0.0,0.0,,0.0,0,0,0,0,0,8.0,0.0,220483.27,132958.57,353441.84,0.0,242.95
2026-06-04T21:24:39.258+00:00,135828,c73b8aee-e184-4449-b355-58d5694dddce,,10,FAULT,0x0C81,ESTOP|SENSOR_RANGE|SELFTEST|OVERPRESSURE,0,1,1,0,0,0,0.0,0.0,0.0,14.995,9.097,1799.4,1091.64,-25.0,-12.5,1005.5,22.9,-1.3,0.0,0.0,0.0,,0.0,0,0,0,0,0,8.0,0.0,220799.97,133150.7,353950.67,0.0,-944.15
2026-06-04T21:24:39.435+00:00,136004,c73b8aee-e184-4449-b355-58d5694dddce,,10,FAULT,0x0C81,ESTOP|SENSOR_RANGE|SELFTEST|OVERPRESSURE,0,1,1,0,0,0,0.0,0.0,0.0,14.927,9.013,1791.24,1081.56,181.5,112.5,1005.5,22.9,-1.3,0.0,0.0,0.0,,0.0,0,0,0,0,0,8.0,0.0,221115.22,133341.05,354456.28,0.0,1173.3
2026-06-04T21:24:39.611+00:00,136180,c73b8aee-e184-4449-b355-58d5694dddce,,10,FAULT,0x0C81,ESTOP|SENSOR_RANGE|SELFTEST|OVERPRESSURE,0,1,1,0,0,0,0.0,0.0,0.0,14.804,8.958,1776.48,1074.96,-19.62,-12.5,1005.5,22.9,-1.3,0.0,0.0,0.0,,0.0,0,0,0,0,0,8.0,0.0,221427.88,133530.25,354958.13,0.0,-1142.73
2026-06-04T21:24:39.857+00:00,136356,c73b8aee-e184-4449-b355-58d5694dddce,,10,FAULT,0x0C81,ESTOP|SENSOR_RANGE|SELFTEST|OVERPRESSURE,0,1,1,0,0,0,0.0,0.0,0.0,14.672,8.932,1760.64,1071.84,147.77,85.98,1005.5,22.9,-1.3,0.0,0.0,0.0,,0.0,0,0,0,0,0,8.0,0.0,221737.76,133718.89,355456.65,0.0,951.08
2026-06-04T21:24:39.988+00:00,136532,c73b8aee-e184-4449-b355-58d5694dddce,,10,FAULT,0x0C81,ESTOP|SENSOR_RANGE|SELFTEST|OVERPRESSURE,0,1,1,0,0,0,0.0,0.0,0.0,14.722,9.01,1766.64,1081.2,83.01,52.62,1005.5,22.9,-1.3,0.0,0.0,0.0,,0.0,0,0,0,0,0,8.0,0.0,222048.69,133909.18,355957.87,0.0,-367.95
2026-06-04T21:24:40.140+00:00,136708,c73b8aee-e184-4449-b355-58d5694dddce,,10,FAULT,0x0C81,ESTOP|SENSOR_RANGE|SELFTEST|OVERPRESSURE,0,1,1,0,0,0,0.0,0.0,0.0,14.865,9.061,1783.8,1087.32,-2.02,0.2,1005.5,22.9,-1.3,0.0,0.0,0.0,,0.0,0,0,0,0,0,8.0,0.0,222362.63,134100.55,356463.19,0.0,-483.13
2026-06-04T21:24:40.316+00:00,136884,c73b8aee-e184-4449-b355-58d5694dddce,,10,FAULT,0x0C81,ESTOP|SENSOR_RANGE|SELFTEST|OVERPRESSURE,0,1,1,0,0,0,0.0,0.0,0.0,14.977,9.082,1797.24,1089.84,185.41,112.5,1005.5,22.9,-1.3,0.0,0.0,0.0,,0.0,0,0,0,0,0,8.0,0.0,222678.95,134292.36,356971.31,0.0,1064.94
2026-06-04T21:24:40.526+00:00,137060,c73b8aee-e184-4449-b355-58d5694dddce,,10,FAULT,0x0C81,ESTOP|SENSOR_RANGE|SELFTEST|OVERPRESSURE,0,1,1,0,0,0,0.0,0.0,0.0,14.949,9.019,1793.88,1082.28,-25.0,-12.5,1005.5,22.9,-1.3,0.0,0.0,0.0,,0.0,0,0,0,0,0,8.0,0.0,222994.67,134482.84,357477.52,0.0,-1195.51
2026-06-04T21:24:40.674+00:00,137236,c73b8aee-e184-4449-b355-58d5694dddce,,10,FAULT,0x0C81,ESTOP|SENSOR_RANGE|SELFTEST|OVERPRESSURE,0,1,1,0,0,0,0.0,0.0,0.0,14.8,8.944,1776.0,1073.28,173.92,106.75,1005.5,22.9,-1.3,0.0,0.0,0.0,,0.0,0,0,0,0,0,8.0,0.0,223307.25,134671.74,357978.99,0.0,1130.23
2026-06-04T21:24:40.844+00:00,137412,c73b8aee-e184-4449-b355-58d5694dddce,,10,FAULT,0x0C81,ESTOP|SENSOR_RANGE|SELFTEST|OVERPRESSURE,0,1,1,0,0,0,0.0,0.0,0.0,14.715,8.957,1765.8,1074.84,9.94,7.53,1005.5,22.9,-1.3,0.0,0.0,0.0,,0.0,0,0,0,0,0,8.0,0.0,223618.03,134860.91,358478.94,0.0,-931.7
2026-06-04T21:24:41.021+00:00,137588,c73b8aee-e184-4449-b355-58d5694dddce,,10,FAULT,0x0C81,ESTOP|SENSOR_RANGE|SELFTEST|OVERPRESSURE,0,1,1,0,0,0,0.0,0.0,0.0,14.783,9.039,1773.96,1084.68,94.25,50.67,1005.5,22.9,-1.3,0.0,0.0,0.0,,0.0,0,0,0,0,0,8.0,0.0,223930.25,135051.82,358982.06,0.0,479.03
2026-06-04T21:24:41.197+00:00,137764,c73b8aee-e184-4449-b355-58d5694dddce,,10,FAULT,0x0C81,ESTOP|SENSOR_RANGE|SELFTEST|OVERPRESSURE,0,1,1,0,0,0,0.0,0.0,0.0,14.942,9.136,1793.04,1096.32,145.57,87.08,1005.5,22.9,-1.3,0.0,0.0,0.0,,0.0,0,0,0,0,0,8.0,0.0,224245.82,135244.77,359490.59,0.0,291.59
2026-06-04T21:24:41.411+00:00,137939,c73b8aee-e184-4449-b355-58d5694dddce,,10,FAULT,0x0C81,ESTOP|SENSOR_RANGE|SELFTEST|OVERPRESSURE,0,1,1,0,0,0,0.0,0.0,0.0,15.052,9.135,1806.24,1096.2,-25.0,-12.5,1005.5,22.9,-1.3,0.0,0.0,0.0,,0.0,0,0,0,0,0,8.0,0.0,224561.91,135436.6,359998.52,0.0,-974.69
2026-06-04T21:24:41.549+00:00,138116,c73b8aee-e184-4449-b355-58d5694dddce,,10,FAULT,0x0C81,ESTOP|SENSOR_RANGE|SELFTEST|OVERPRESSURE,0,1,1,0,0,0,0.0,0.0,0.0,14.963,9.041,1795.56,1084.92,181.25,112.5,1005.5,22.9,-1.3,0.0,0.0,0.0,,0.0,0,0,0,0,0,8.0,0.0,224879.73,135628.64,360508.36,0.0,1165.25
2026-06-04T21:24:41.726+00:00,138292,c73b8aee-e184-4449-b355-58d5694dddce,,10,FAULT,0x0C81,ESTOP|SENSOR_RANGE|SELFTEST|OVERPRESSURE,0,1,1,0,0,0,0.0,0.0,0.0,14.829,8.981,1779.48,1077.72,-19.37,-12.5,1005.4,22.9,-1.3,0.0,0.0,0.0,,0.0,0,0,0,0,0,8.0,0.0,225192.92,135818.31,361011.23,0.0,-1139.89
2026-06-04T21:24:41.905+00:00,138468,c73b8aee-e184-4449-b355-58d5694dddce,,10,FAULT,0x0C81,ESTOP|SENSOR_RANGE|SELFTEST|OVERPRESSURE,0,1,1,0,0,0,0.0,0.0,0.0,14.715,8.967,1765.8,1076.04,146.06,84.88,1005.5,22.9,-1.3,0.0,0.0,0.0,,0.0,0,0,0,0,0,8.0,0.0,225503.7,136007.7,361511.39,0.0,939.94
2026-06-04T21:24:42.117+00:00,138644,c73b8aee-e184-4449-b355-58d5694dddce,,10,FAULT,0x0C81,ESTOP|SENSOR_RANGE|SELFTEST|OVERPRESSURE,0,1,1,0,0,0,0.0,0.0,0.0,14.765,9.036,1771.8,1084.32,85.45,53.97,1005.5,22.9,-1.3,0.0,0.0,0.0,,0.0,0,0,0,0,0,8.0,0.0,225815.53,136198.54,362014.07,0.0,-344.38
2026-06-04T21:24:42.257+00:00,138820,c73b8aee-e184-4449-b355-58d5694dddce,,10,FAULT,0x0C81,ESTOP|SENSOR_RANGE|SELFTEST|OVERPRESSURE,0,1,1,0,0,0,0.0,0.0,0.0,14.905,9.083,1788.6,1089.96,-2.51,0.32,1005.5,22.9,-1.3,0.0,0.0,0.0,,0.0,0,0,0,0,0,8.0,0.0,226130.33,136390.37,362520.7,0.0,-499.77
2026-06-04T21:24:42.434+00:00,138996,c73b8aee-e184-4449-b355-58d5694dddce,,10,FAULT,0x0C81,ESTOP|SENSOR_RANGE|SELFTEST|OVERPRESSURE,0,1,1,0,0,0,0.0,0.0,0.0,15.006,9.097,1800.72,1091.64,184.43,112.5,1005.5,22.9,-1.3,0.0,0.0,0.0,,0.0,0,0,0,0,0,8.0,0.0,226447.25,136582.5,363029.75,0.0,1062.16
2026-06-04T21:24:42.609+00:00,139172,c73b8aee-e184-4449-b355-58d5694dddce,,10,FAULT,0x0C81,ESTOP|SENSOR_RANGE|SELFTEST|OVERPRESSURE,0,1,1,0,0,0,0.0,0.0,0.0,14.966,9.037,1795.92,1084.44,-25.0,-12.5,1005.5,22.9,-1.3,0.0,0.0,0.0,,0.0,0,0,0,0,0,8.0,0.0,226763.34,136773.36,363536.7,0.0,-1189.94
2026-06-04T21:24:42.822+00:00,139348,c73b8aee-e184-4449-b355-58d5694dddce,,10,FAULT,0x0C81,ESTOP|SENSOR_RANGE|SELFTEST|OVERPRESSURE,0,1,1,0,0,0,0.0,0.0,0.0,14.813,8.973,1777.56,1076.76,173.43,106.51,1005.5,22.9,-1.3,0.0,0.0,0.0,,0.0,0,0,0,0,0,8.0,0.0,227076.19,136962.87,364039.06,0.0,1127.44
2026-06-04T21:24:42.962+00:00,139525,c73b8aee-e184-4449-b355-58d5694dddce,,10,FAULT,0x0C81,ESTOP|SENSOR_RANGE|SELFTEST|OVERPRESSURE,0,1,1,0,0,0,0.0,0.0,0.0,14.744,8.995,1769.28,1079.4,10.92,7.9,1005.5,22.9,-1.3,0.0,0.0,0.0,,0.0,0,0,0,0,0,8.0,0.0,227389.35,137153.92,364543.27,0.0,-918.14
2026-06-04T21:24:43.138+00:00,139701,c73b8aee-e184-4449-b355-58d5694dddce,,10,FAULT,0x0C81,ESTOP|SENSOR_RANGE|SELFTEST|OVERPRESSURE,0,1,1,0,0,0,0.0,0.0,0.0,14.824,9.07,1778.88,1088.4,86.19,46.27,1005.5,22.9,-1.3,0.0,0.0,0.0,,0.0,0,0,0,0,0,8.0,0.0,227702.43,137345.48,365047.91,0.0,427.67
2026-06-04T21:24:43.314+00:00,139877,c73b8aee-e184-4449-b355-58d5694dddce,,10,FAULT,0x0C81,ESTOP|SENSOR_RANGE|SELFTEST|OVERPRESSURE,0,1,1,0,0,0,0.0,0.0,0.0,14.979,9.149,1797.48,1097.88,153.88,90.99,1005.5,22.9,-1.3,0.0,0.0,0.0,,0.0,0,0,0,0,0,8.0,0.0,228018.79,137538.71,365557.5,0.0,384.6
2026-06-04T21:24:43.528+00:00,140052,c73b8aee-e184-4449-b355-58d5694dddce,,10,FAULT,0x0C81,ESTOP|SENSOR_RANGE|SELFTEST|OVERPRESSURE,0,1,1,0,0,0,0.0,0.0,0.0,15.07,9.136,1808.4,1096.32,-25.0,-12.5,1005.5,22.9,-1.3,0.0,0.0,0.0,,0.0,0,0,0,0,0,8.0,0.0,228335.26,137730.57,366065.82,0.0,-1022.17
2026-06-04T21:24:43.667+00:00,140228,c73b8aee-e184-4449-b355-58d5694dddce,,10,FAULT,0x0C81,ESTOP|SENSOR_RANGE|SELFTEST|OVERPRESSURE,0,1,1,0,0,0,0.0,0.0,0.0,14.976,9.047,1797.12,1085.64,181.5,112.5,1005.5,22.9,-1.3,0.0,0.0,0.0,,0.0,0,0,0,0,0,8.0,0.0,228651.55,137921.64,366573.19,0.0,1173.3
2026-06-04T21:24:43.843+00:00,140404,c73b8aee-e184-4449-b355-58d5694dddce,,10,FAULT,0x0C81,ESTOP|SENSOR_RANGE|SELFTEST|OVERPRESSURE,0,1,1,0,0,0,0.0,0.0,0.0,14.855,9.005,1782.6,1080.6,-19.37,-12.5,1005.5,22.9,-1.3,0.0,0.0,0.0,,0.0,0,0,0,0,0,8.0,0.0,228965.29,138111.82,367077.11,0.0,-1141.31
2026-06-04T21:24:44.019+00:00,140580,c73b8aee-e184-4449-b355-58d5694dddce,,10,FAULT,0x0C81,ESTOP|SENSOR_RANGE|SELFTEST|OVERPRESSURE,0,1,1,0,0,0,0.0,0.0,0.0,14.803,9.032,1776.36,1083.84,142.88,82.19,1005.5,22.9,-1.3,0.0,0.0,0.0,,0.0,0,0,0,0,0,8.0,0.0,229277.93,138302.58,367580.51,0.0,921.88
2026-06-04T21:24:44.229+00:00,140756,c73b8aee-e184-4449-b355-58d5694dddce,,10,FAULT,0x0C81,ESTOP|SENSOR_RANGE|SELFTEST|OVERPRESSURE,0,1,1,0,0,0,0.0,0.0,0.0,14.899,9.125,1787.88,1095.0,94.5,59.34,1005.5,22.9,-1.3,0.0,0.0,0.0,,0.0,0,0,0,0,0,8.0,0.0,229592.59,138495.3,368087.89,0.0,-274.89
2026-06-04T21:24:44.371+00:00,140933,c73b8aee-e184-4449-b355-58d5694dddce,,10,FAULT,0x0C81,ESTOP|SENSOR_RANGE|SELFTEST|OVERPRESSURE,0,1,1,0,0,0,0.0,0.0,0.0,15.04,9.153,1804.8,1098.36,-14.0,-7.36,1005.5,22.9,-1.3,0.0,0.0,0.0,,0.0,0,0,0,0,0,8.0,0.0,229912.04,138689.71,368601.75,0.0,-612.99
2026-06-04T21:24:44.551+00:00,141109,c73b8aee-e184-4449-b355-58d5694dddce,,10,FAULT,0x0C81,ESTOP|SENSOR_RANGE|SELFTEST|OVERPRESSURE,0,1,1,0,0,0,0.0,0.0,0.0,15.095,9.14,1811.4,1096.8,184.18,112.5,1005.5,22.9,-1.3,0.0,0.0,0.0,,0.0,0,0,0,0,0,8.0,0.0,230230.85,138882.75,369113.6,0.0,1126.02
2026-06-04T21:24:44.727+00:00,141285,c73b8aee-e184-4449-b355-58d5694dddce,,10,FAULT,0x0C81,ESTOP|SENSOR_RANGE|SELFTEST|OVERPRESSURE,0,1,1,0,0,0,0.0,0.0,0.0,15.021,9.081,1802.52,1089.72,-21.57,-12.5,1005.5,22.9,-1.3,0.0,0.0,0.0,,0.0,0,0,0,0,0,8.0,0.0,230548.09,139074.54,369622.63,0.0,-1169.03
2026-06-04T21:24:44.936+00:00,141461,c73b8aee-e184-4449-b355-58d5694dddce,,10,FAULT,0x0C81,ESTOP|SENSOR_RANGE|SELFTEST|OVERPRESSURE,0,1,1,0,0,0,0.0,0.0,0.0,14.873,9.033,1784.76,1083.96,172.21,102.96,1005.5,22.9,-1.3,0.0,0.0,0.0,,0.0,0,0,0,0,0,8.0,0.0,230862.21,139265.31,370127.53,0.0,1101.02
2026-06-04T21:24:45.079+00:00,141637,c73b8aee-e184-4449-b355-58d5694dddce,,10,FAULT,0x0C81,ESTOP|SENSOR_RANGE|SELFTEST|OVERPRESSURE,0,1,1,0,0,0,0.0,0.0,0.0,14.853,9.081,1782.36,1089.72,29.98,23.05,1005.5,22.9,-1.3,0.0,0.0,0.0,,0.0,0,0,0,0,0,8.0,0.0,231175.91,139457.1,370633.01,0.0,-808.13
2026-06-04T21:24:45.256+00:00,141813,c73b8aee-e184-4449-b355-58d5694dddce,,10,FAULT,0x0C81,ESTOP|SENSOR_RANGE|SELFTEST|OVERPRESSURE,0,1,1,0,0,0,0.0,0.0,0.0,14.969,9.144,1796.28,1097.28,49.29,25.62,1005.5,22.9,-1.3,0.0,0.0,0.0,,0.0,0,0,0,0,0,8.0,0.0,231492.05,139650.23,371142.28,0.0,109.72
2026-06-04T21:24:45.432+00:00,141989,c73b8aee-e184-4449-b355-58d5694dddce,,10,FAULT,0x0C81,ESTOP|SENSOR_RANGE|SELFTEST|OVERPRESSURE,0,1,1,0,0,0,0.0,0.0,0.0,15.098,9.182,1811.76,1101.84,182.96,108.46,1005.5,22.9,-1.3,0.0,0.0,0.0,,0.0,0,0,0,0,0,8.0,0.0,231810.92,139844.15,371655.07,0.0,759.49
2026-06-04T21:24:45.642+00:00,142166,c73b8aee-e184-4449-b355-58d5694dddce,,10,FAULT,0x0C81,ESTOP|SENSOR_RANGE|SELFTEST|OVERPRESSURE,0,1,1,0,0,0,0.0,0.0,0.0,15.121,9.137,1814.52,1096.44,-25.0,-12.5,1005.5,22.9,-1.3,0.0,0.0,0.0,,0.0,0,0,0,0,0,8.0,0.0,232132.09,140038.22,372170.31,0.0,-1174.92
2026-06-04T21:24:45.784+00:00,142342,c73b8aee-e184-4449-b355-58d5694dddce,,10,FAULT,0x0C81,ESTOP|SENSOR_RANGE|SELFTEST|OVERPRESSURE,0,1,1,0,0,0,0.0,0.0,0.0,14.989,9.045,1798.68,1085.4,175.14,108.34,1005.5,22.9,-1.3,0.0,0.0,0.0,,0.0,0,0,0,0,0,8.0,0.0,232448.66,140229.25,372677.91,0.0,1137.16
2026-06-04T21:24:45.960+00:00,142518,c73b8aee-e184-4449-b355-58d5694dddce,,10,FAULT,0x0C81,ESTOP|SENSOR_RANGE|SELFTEST|OVERPRESSURE,0,1,1,0,0,0,0.0,0.0,0.0,14.877,9.033,1785.24,1083.96,-14.49,-5.16,1005.5,22.9,-1.3,0.0,0.0,0.0,,0.0,0,0,0,0,0,8.0,0.0,232762.86,140420.03,373182.89,0.0,-1077.44
2026-06-04T21:24:46.136+00:00,142694,c73b8aee-e184-4449-b355-58d5694dddce,,10,FAULT,0x0C81,ESTOP|SENSOR_RANGE|SELFTEST|OVERPRESSURE,0,1,1,0,0,0,0.0,0.0,0.0,14.891,9.096,1786.92,1091.52,119.67,64.6,1005.5,22.9,-1.3,0.0,0.0,0.0,,0.0,0,0,0,0,0,8.0,0.0,233077.36,140612.13,373689.49,0.0,762.27
2026-06-04T21:24:46.349+00:00,142870,c73b8aee-e184-4449-b355-58d5694dddce,,10,FAULT,0x0C81,ESTOP|SENSOR_RANGE|SELFTEST|OVERPRESSURE,0,1,1,0,0,0,0.0,0.0,0.0,15.017,9.186,1802.04,1102.32,126.27,77.43,1005.5,22.9,-1.3,0.0,0.0,0.0,,0.0,0,0,0,0,0,8.0,0.0,233394.52,140806.14,374200.66,0.0,37.5
2026-06-04T21:24:46.489+00:00,143046,c73b8aee-e184-4449-b355-58d5694dddce,,10,FAULT,0x0C81,ESTOP|SENSOR_RANGE|SELFTEST|OVERPRESSURE,0,1,1,0,0,0,0.0,0.0,0.0,15.149,9.202,1817.88,1104.24,-25.0,-12.5,1005.5,22.9,-1.3,0.0,0.0,0.0,,0.0,0,0,0,0,0,8.0,0.0,233714.47,141000.49,374714.95,0.0,-859.49
2026-06-04T21:24:46.665+00:00,143222,c73b8aee-e184-4449-b355-58d5694dddce,,10,FAULT,0x0C81,ESTOP|SENSOR_RANGE|SELFTEST|OVERPRESSURE,0,1,1,0,0,0,0.0,0.0,0.0,15.121,9.135,1814.52,1096.2,182.23,112.5,1005.5,22.9,-1.3,0.0,0.0,0.0,,0.0,0,0,0,0,0,8.0,0.0,234033.82,141193.42,375227.24,0.0,1177.44
2026-06-04T21:24:46.844+00:00,143398,c73b8aee-e184-4449-b355-58d5694dddce,,10,FAULT,0x0C81,ESTOP|SENSOR_RANGE|SELFTEST|OVERPRESSURE,0,1,1,0,0,0,0.0,0.0,0.0,15.007,9.078,1800.84,1089.36,-19.86,-12.5,1005.5,22.9,-1.3,0.0,0.0,0.0,,0.0,0,0,0,0,0,8.0,0.0,234350.77,141385.15,375735.92,0.0,-1148.24
2026-06-04T21:24:47.088+00:00,143575,c73b8aee-e184-4449-b355-58d5694dddce,,10,FAULT,0x0C81,ESTOP|SENSOR_RANGE|SELFTEST|OVERPRESSURE,0,1,1,0,0,0,0.0,0.0,0.0,14.876,9.047,1785.12,1085.64,159.01,91.97,1005.5,22.9,-1.3,0.0,0.0,0.0,,0.0,0,0,0,0,0,8.0,0.0,234666.74,141577.31,376244.04,0.0,1010.56
2026-06-04T21:24:47.197+00:00,143751,c73b8aee-e184-4449-b355-58d5694dddce,,10,FAULT,0x0C81,ESTOP|SENSOR_RANGE|SELFTEST|OVERPRESSURE,0,1,1,0,0,0,0.0,0.0,0.0,14.891,9.113,1786.92,1093.56,62.97,42.6,1005.5,22.9,-1.3,0.0,0.0,0.0,,0.0,0,0,0,0,0,8.0,0.0,234981.23,141769.77,376751.01,0.0,-545.68
2026-06-04T21:24:47.373+00:00,143926,c73b8aee-e184-4449-b355-58d5694dddce,,10,FAULT,0x0C81,ESTOP|SENSOR_RANGE|SELFTEST|OVERPRESSURE,0,1,1,0,0,0,0.0,0.0,0.0,15.027,9.166,1803.24,1099.92,13.85,7.17,1005.5,22.9,-1.3,0.0,0.0,0.0,,0.0,0,0,0,0,0,8.0,0.0,235296.8,141962.26,377259.06,0.0,-280.69
2026-06-04T21:24:47.549+00:00,144102,c73b8aee-e184-4449-b355-58d5694dddce,,10,FAULT,0x0C81,ESTOP|SENSOR_RANGE|SELFTEST|OVERPRESSURE,0,1,1,0,0,0,0.0,0.0,0.0,15.152,9.195,1818.24,1103.4,185.65,112.5,1005.5,22.9,-1.3,0.0,0.0,0.0,,0.0,0,0,0,0,0,8.0,0.0,235616.81,142156.46,377773.27,0.0,976.14
2026-06-04T21:24:47.796+00:00,144278,c73b8aee-e184-4449-b355-58d5694dddce,,10,FAULT,0x0C81,ESTOP|SENSOR_RANGE|SELFTEST|OVERPRESSURE,0,1,1,0,0,0,0.0,0.0,0.0,15.144,9.132,1817.28,1095.84,-25.0,-12.5,1005.5,22.9,-1.3,0.0,0.0,0.0,,0.0,0,0,0,0,0,8.0,0.0,235936.65,142349.32,378285.98,0.0,-1196.88
2026-06-04T21:24:47.902+00:00,144454,c73b8aee-e184-4449-b355-58d5694dddce,,10,FAULT,0x0C81,ESTOP|SENSOR_RANGE|SELFTEST|OVERPRESSURE,0,1,1,0,0,0,0.0,0.0,0.0,14.993,9.048,1799.16,1085.76,173.92,107.24,1005.5,22.9,-1.3,0.0,0.0,0.0,,0.0,0,0,0,0,0,8.0,0.0,236253.3,142540.42,378793.72,0.0,1130.23
2026-06-04T21:24:48.077+00:00,144630,c73b8aee-e184-4449-b355-58d5694dddce,,10,FAULT,0x0C81,ESTOP|SENSOR_RANGE|SELFTEST|OVERPRESSURE,0,1,1,0,0,0,0.0,0.0,0.0,14.884,9.045,1786.08,1085.4,0.0,2.16,1005.5,22.9,-1.3,0.0,0.0,0.0,,0.0,0,0,0,0,0,8.0,0.0,236567.65,142731.45,379299.1,0.0,-988.18
2026-06-04T21:24:48.254+00:00,144806,c73b8aee-e184-4449-b355-58d5694dddce,,10,FAULT,0x0C81,ESTOP|SENSOR_RANGE|SELFTEST|OVERPRESSURE,0,1,1,0,0,0,0.0,0.0,0.0,14.896,9.098,1787.52,1091.76,124.31,67.65,1005.5,22.9,-1.3,0.0,0.0,0.0,,0.0,0,0,0,0,0,8.0,0.0,236882.26,142923.6,379805.86,0.0,706.31
2026-06-04T21:24:48.506+00:00,144983,c73b8aee-e184-4449-b355-58d5694dddce,,10,FAULT,0x0C81,ESTOP|SENSOR_RANGE|SELFTEST|OVERPRESSURE,0,1,1,0,0,0,0.0,0.0,0.0,15.014,9.185,1801.68,1102.2,120.4,74.01,1005.5,22.9,-1.3,0.0,0.0,0.0,,0.0,0,0,0,0,0,8.0,0.0,237201.16,143118.69,380319.84,0.0,-22.09
2026-06-04T21:24:48.607+00:00,145158,c73b8aee-e184-4449-b355-58d5694dddce,,10,FAULT,0x0C81,ESTOP|SENSOR_RANGE|SELFTEST|OVERPRESSURE,0,1,1,0,0,0,0.0,0.0,0.0,15.157,9.209,1818.84,1105.08,-25.0,-12.5,1005.5,22.9,-1.3,0.0,0.0,0.0,,0.0,0,0,0,0,0,8.0,0.0,237519.45,143312.08,380831.53,0.0,-830.86
2026-06-04T21:24:48.782+00:00,145334,c73b8aee-e184-4449-b355-58d5694dddce,,10,FAULT,0x0C81,ESTOP|SENSOR_RANGE|SELFTEST|OVERPRESSURE,0,1,1,0,0,0,0.0,0.0,0.0,15.128,9.145,1815.36,1097.4,182.96,112.5,1005.5,22.9,-1.3,0.0,0.0,0.0,,0.0,0,0,0,0,0,8.0,0.0,237838.96,143505.22,381344.17,0.0,1181.59
2026-06-04T21:24:48.958+00:00,145511,c73b8aee-e184-4449-b355-58d5694dddce,,10,FAULT,0x0C81,ESTOP|SENSOR_RANGE|SELFTEST|OVERPRESSURE,0,1,1,0,0,0,0.0,0.0,0.0,15.02,9.088,1802.4,1090.56,-20.35,-12.5,1005.5,22.9,-1.3,0.0,0.0,0.0,,0.0,0,0,0,0,0,8.0,0.0,238157.98,143698.25,381856.23,0.0,-1148.64
2026-06-04T21:24:49.135+00:00,145687,c73b8aee-e184-4449-b355-58d5694dddce,,10,FAULT,0x0C81,ESTOP|SENSOR_RANGE|SELFTEST|OVERPRESSURE,0,1,1,0,0,0,0.0,0.0,0.0,14.879,9.051,1785.48,1086.12,161.7,94.04,1005.5,22.9,-1.3,0.0,0.0,0.0,,0.0,0,0,0,0,0,8.0,0.0,238472.22,143889.41,382361.63,0.0,1034.38
2026-06-04T21:24:49.312+00:00,145862,c73b8aee-e184-4449-b355-58d5694dddce,,10,FAULT,0x0C81,ESTOP|SENSOR_RANGE|SELFTEST|OVERPRESSURE,0,1,1,0,0,0,0.0,0.0,0.0,14.887,9.11,1786.44,1093.2,54.17,37.84,1005.5,22.9,-1.3,0.0,0.0,0.0,,0.0,0,0,0,0,0,8.0,0.0,238784.85,144080.72,382865.57,0.0,-614.46
2026-06-04T21:24:49.487+00:00,146038,c73b8aee-e184-4449-b355-58d5694dddce,,10,FAULT,0x0C81,ESTOP|SENSOR_RANGE|SELFTEST|OVERPRESSURE,0,1,1,0,0,0,0.0,0.0,0.0,15.006,9.16,1800.72,1099.2,23.87,12.18,1005.5,22.9,-1.3,0.0,0.0,0.0,,0.0,0,0,0,0,0,8.0,0.0,239101.78,144274.17,383375.95,0.0,-172.16
2026-06-04T21:24:49.666+00:00,146214,c73b8aee-e184-4449-b355-58d5694dddce,,10,FAULT,0x0C81,ESTOP|SENSOR_RANGE|SELFTEST|OVERPRESSURE,0,1,1,0,0,0,0.0,0.0,0.0,15.129,9.187,1815.48,1102.44,185.89,112.5,1005.5,22.9,-1.3,0.0,0.0,0.0,,0.0,0,0,0,0,0,8.0,0.0,239421.3,144468.2,383889.51,0.0,920.57
2026-06-04T21:24:49.843+00:00,146391,c73b8aee-e184-4449-b355-58d5694dddce,,10,FAULT,0x0C81,ESTOP|SENSOR_RANGE|SELFTEST|OVERPRESSURE,0,1,1,0,0,0,0.0,0.0,0.0,15.124,9.128,1814.88,1095.36,-25.0,-12.5,1005.5,22.9,-1.3,0.0,0.0,0.0,,0.0,0,0,0,0,0,8.0,0.0,239742.54,144662.08,384404.62,0.0,-1191.47
2026-06-04T21:24:50.019+00:00,146567,c73b8aee-e184-4449-b355-58d5694dddce,,10,FAULT,0x0C81,ESTOP|SENSOR_RANGE|SELFTEST|OVERPRESSURE,0,1,1,0,0,0,0.0,0.0,0.0,14.967,9.04,1796.04,1084.8,174.16,107.12,1005.5,22.9,-1.3,0.0,0.0,0.0,,0.0,0,0,0,0,0,8.0,0.0,240058.64,144853.01,384911.65,0.0,1131.59
2026-06-04T21:24:50.195+00:00,146743,c73b8aee-e184-4449-b355-58d5694dddce,,10,FAULT,0x0C81,ESTOP|SENSOR_RANGE|SELFTEST|OVERPRESSURE,0,1,1,0,0,0,0.0,0.0,0.0,14.864,9.039,1783.68,1084.68,0.65,2.4,1005.5,22.9,-1.3,0.0,0.0,0.0,,0.0,0,0,0,0,0,8.0,0.0,240372.57,145043.91,385416.48,0.0,-985.85
2026-06-04T21:24:50.371+00:00,146919,c73b8aee-e184-4449-b355-58d5694dddce,,10,FAULT,0x0C81,ESTOP|SENSOR_RANGE|SELFTEST|OVERPRESSURE,0,1,1,0,0,0,0.0,0.0,0.0,14.903,9.105,1788.36,1092.6,118.45,63.74,1005.5,22.9,-1.3,0.0,0.0,0.0,,0.0,0,0,0,0,0,8.0,0.0,240687.32,145236.21,385923.53,0.0,669.32
2026-06-04T21:24:50.551+00:00,147095,c73b8aee-e184-4449-b355-58d5694dddce,,10,FAULT,0x0C81,ESTOP|SENSOR_RANGE|SELFTEST|OVERPRESSURE,0,1,1,0,0,0,0.0,0.0,0.0,15.021,9.193,1802.52,1103.16,127.0,77.43,1005.5,22.9,-1.3,0.0,0.0,0.0,,0.0,0,0,0,0,0,8.0,0.0,241004.56,145430.36,386434.93,0.0,48.58
2026-06-04T21:24:50.732+00:00,147270,c73b8aee-e184-4449-b355-58d5694dddce,,10,FAULT,0x0C81,ESTOP|SENSOR_RANGE|SELFTEST|OVERPRESSURE,0,1,1,0,0,0,0.0,0.0,0.0,15.152,9.204,1818.24,1104.48,-25.0,-12.5,1005.5,22.9,-1.3,0.0,0.0,0.0,,0.0,0,0,0,0,0,8.0,0.0,241322.75,145623.65,386946.4,0.0,-868.57
2026-06-04T21:24:50.900+00:00,147447,c73b8aee-e184-4449-b355-58d5694dddce,,11,ESTOP,0x0C81,ESTOP|SENSOR_RANGE|SELFTEST|OVERPRESSURE,1,1,1,0,0,0,0.0,0.0,0.0,15.115,9.14,1813.8,1096.8,182.23,112.5,1005.5,22.9,-1.3,0.0,0.0,0.0,,0.0,0,0,0,0,0,8.0,0.0,241643.8,145817.78,387461.58,0.0,1170.79
2026-06-04T21:24:51.076+00:00,147623,c73b8aee-e184-4449-b355-58d5694dddce,,11,ESTOP,0x0C81,ESTOP|SENSOR_RANGE|SELFTEST|OVERPRESSURE,1,1,1,0,0,0,0.0,0.0,0.0,15.001,9.079,1800.12,1089.48,-19.86,-12.5,1005.5,22.9,-1.3,0.0,0.0,0.0,,0.0,0,0,0,0,0,8.0,0.0,241960.62,146009.53,387970.15,0.0,-1148.24
2026-06-04T21:24:51.258+00:00,147800,c73b8aee-e184-4449-b355-58d5694dddce,,11,ESTOP,0x0C81,ESTOP|SENSOR_RANGE|SELFTEST|OVERPRESSURE,1,1,1,0,0,0,0.0,0.0,0.0,14.869,9.052,1784.28,1086.24,156.32,90.62,1005.5,22.9,-1.3,0.0,0.0,0.0,,0.0,0,0,0,0,0,8.0,0.0,242276.44,146201.8,388478.23,0.0,995.37
2026-06-04T21:24:51.449+00:00,147976,c73b8aee-e184-4449-b355-58d5694dddce,,11,ESTOP,0x0C81,ESTOP|SENSOR_RANGE|SELFTEST|OVERPRESSURE,1,1,1,0,0,0,0.0,0.0,0.0,14.892,9.119,1787.04,1094.28,66.15,43.82,1005.5,22.9,-1.3,0.0,0.0,0.0,,0.0,0,0,0,0,0,8.0,0.0,242590.95,146394.39,388985.34,0.0,-512.33
2026-06-04T21:24:51.605+00:00,148151,c73b8aee-e184-4449-b355-58d5694dddce,,11,ESTOP,0x0C81,ESTOP|SENSOR_RANGE|SELFTEST|OVERPRESSURE,1,1,1,0,0,0,0.0,0.0,0.0,15.025,9.17,1803.0,1100.4,14.34,7.53,1005.5,22.9,-1.3,0.0,0.0,0.0,,0.0,0,0,0,0,0,8.0,0.0,242906.48,146586.96,389493.44,0.0,-296.06
2026-06-04T21:24:51.781+00:00,148327,c73b8aee-e184-4449-b355-58d5694dddce,,11,ESTOP,0x0C81,ESTOP|SENSOR_RANGE|SELFTEST|OVERPRESSURE,1,1,1,0,0,0,0.0,0.0,0.0,15.14,9.194,1816.8,1103.28,185.65,112.5,1005.5,22.9,-1.3,0.0,0.0,0.0,,0.0,0,0,0,0,0,8.0,0.0,243226.24,146781.14,390007.37,0.0,973.35
2026-06-04T21:24:52.021+00:00,148503,c73b8aee-e184-4449-b355-58d5694dddce,,11,ESTOP,0x0C81,ESTOP|SENSOR_RANGE|SELFTEST|OVERPRESSURE,1,1,1,0,0,0,0.0,0.0,0.0,15.123,9.129,1814.76,1095.48,-25.0,-12.5,1005.5,22.9,-1.3,0.0,0.0,0.0,,0.0,0,0,0,0,0,8.0,0.0,243545.63,146973.94,390519.57,0.0,-1196.88
2026-06-04T21:24:52.210+00:00,148679,c73b8aee-e184-4449-b355-58d5694dddce,,11,ESTOP,0x0C81,ESTOP|SENSOR_RANGE|SELFTEST|OVERPRESSURE,1,1,1,0,0,0,0.0,0.0,0.0,14.967,9.042,1796.04,1085.04,174.16,107.24,1005.5,22.9,-1.3,0.0,0.0,0.0,,0.0,0,0,0,0,0,8.0,0.0,243861.74,147164.91,391026.64,0.0,1131.59
2026-06-04T21:24:52.309+00:00,148855,c73b8aee-e184-4449-b355-58d5694dddce,,11,ESTOP,0x0C81,ESTOP|SENSOR_RANGE|SELFTEST|OVERPRESSURE,1,1,1,0,0,0,0.0,0.0,0.0,14.861,9.042,1783.32,1085.04,-0.56,1.79,1005.5,22.9,-1.3,0.0,0.0,0.0,,0.0,0,0,0,0,0,8.0,0.0,244175.6,147355.87,391531.48,0.0,-992.73
2026-06-04T21:24:52.488+00:00,149031,c73b8aee-e184-4449-b355-58d5694dddce,,11,ESTOP,0x0C81,ESTOP|SENSOR_RANGE|SELFTEST|OVERPRESSURE,1,1,1,0,0,0,0.0,0.0,0.0,14.894,9.107,1787.28,1092.84,115.76,62.03,1005.5,22.9,-1.3,0.0,0.0,0.0,,0.0,0,0,0,0,0,8.0,0.0,244490.16,147548.21,392038.38,0.0,660.91
2026-06-04T21:24:52.746+00:00,149208,c73b8aee-e184-4449-b355-58d5694dddce,,11,ESTOP,0x0C81,ESTOP|SENSOR_RANGE|SELFTEST|OVERPRESSURE,1,1,1,0,0,0,0.0,0.0,0.0,15.016,9.191,1801.92,1102.92,129.69,79.02,1005.5,22.9,-1.3,0.0,0.0,0.0,,0.0,0,0,0,0,0,8.0,0.0,244809.1,147743.43,392552.53,0.0,78.7
2026-06-04T21:24:52.910+00:00,149384,c73b8aee-e184-4449-b355-58d5694dddce,,11,ESTOP,0x0C81,ESTOP|SENSOR_RANGE|SELFTEST|OVERPRESSURE,1,1,1,0,0,0,0.0,0.0,0.0,15.139,9.196,1816.68,1103.52,-25.0,-12.5,1005.5,22.9,-1.3,0.0,0.0,0.0,,0.0,0,0,0,0,0,8.0,0.0,245128.84,147937.65,393066.49,0.0,-878.92
2026-06-04T21:24:53.017+00:00,149560,c73b8aee-e184-4449-b355-58d5694dddce,,11,ESTOP,0x0C81,ESTOP|SENSOR_RANGE|SELFTEST|OVERPRESSURE,1,1,1,0,0,0,0.0,0.0,0.0,15.074,9.105,1808.88,1092.6,182.47,112.5,1005.5,22.9,-1.3,0.0,0.0,0.0,,0.0,0,0,0,0,0,8.0,0.0,245447.2,148129.95,393577.15,0.0,1178.81
2026-06-04T21:24:53.193+00:00,149736,c73b8aee-e184-4449-b355-58d5694dddce,,11,ESTOP,0x0C81,ESTOP|SENSOR_RANGE|SELFTEST|OVERPRESSURE,1,1,1,0,0,0,0.0,0.0,0.0,14.959,9.051,1795.08,1086.12,-20.11,-12.5,1005.5,22.9,-1.3,0.0,0.0,0.0,,0.0,0,0,0,0,0,8.0,0.0,245763.14,148321.11,394084.24,0.0,-1151.02
2026-06-04T21:24:53.426+00:00,149912,c73b8aee-e184-4449-b355-58d5694dddce,,11,ESTOP,0x0C81,ESTOP|SENSOR_RANGE|SELFTEST|OVERPRESSURE,1,1,1,0,0,0,0.0,0.0,0.0,14.843,9.036,1781.16,1084.32,158.04,91.48,1005.5,22.9,-1.3,0.0,0.0,0.0,,0.0,0,0,0,0,0,8.0,0.0,246076.62,148511.95,394588.57,0.0,1012.22
2026-06-04T21:24:53.550+00:00,150088,c73b8aee-e184-4449-b355-58d5694dddce,,11,ESTOP,0x0C81,ESTOP|SENSOR_RANGE|SELFTEST|OVERPRESSURE,1,1,1,0,0,0,0.0,0.0,0.0,14.875,9.098,1785.0,1091.76,62.24,42.36,1005.5,22.9,-1.3,0.0,0.0,0.0,,0.0,0,0,0,0,0,8.0,0.0,246390.78,148704.1,395094.88,0.0,-544.32
2026-06-04T21:24:53.722+00:00,150263,c73b8aee-e184-4449-b355-58d5694dddce,,11,ESTOP,0x0C81,ESTOP|SENSOR_RANGE|SELFTEST|OVERPRESSURE,1,1,1,0,0,0,0.0,0.0,0.0,15.008,9.147,1800.96,1097.64,17.03,8.51,1005.5,22.9,-1.3,0.0,0.0,0.0,,0.0,0,0,0,0,0,8.0,0.0,246705.95,148896.18,395602.13,0.0,-258.34
2026-06-04T21:24:53.898+00:00,150439,c73b8aee-e184-4449-b355-58d5694dddce,,11,ESTOP,0x0C81,ESTOP|SENSOR_RANGE|SELFTEST|OVERPRESSURE,1,1,1,0,0,0,0.0,0.0,0.0,15.099,9.155,1811.88,1098.6,185.89,112.5,1005.5,22.9,-1.3,0.0,0.0,0.0,,0.0,0,0,0,0,0,8.0,0.0,247024.84,149089.54,396114.37,0.0,959.43
2026-06-04T21:24:54.107+00:00,150616,c73b8aee-e184-4449-b355-58d5694dddce,,11,ESTOP,0x0C81,ESTOP|SENSOR_RANGE|SELFTEST|OVERPRESSURE,1,1,1,0,0,0,0.0,0.0,0.0,15.058,9.089,1806.96,1090.68,-25.0,-12.5,1005.5,22.9,-1.3,0.0,0.0,0.0,,0.0,0,0,0,0,0,8.0,0.0,247344.67,149282.59,396627.26,0.0,-1191.47
2026-06-04T21:24:54.256+00:00,150792,c73b8aee-e184-4449-b355-58d5694dddce,,2,ARMED_IDLE,0x0C81,ESTOP|SENSOR_RANGE|SELFTEST|OVERPRESSURE,0,1,1,0,0,0,0.0,0.0,0.0,14.903,9.024,1788.36,1082.88,174.16,107.0,1005.5,22.9,-1.3,0.0,0.0,0.0,,0.0,0,0,0,0,0,8.0,0.0,247659.42,149473.17,397132.6,0.0,1131.59
2026-06-04T21:24:54.426+00:00,150968,c73b8aee-e184-4449-b355-58d5694dddce,,10,FAULT,0x0C81,ESTOP|SENSOR_RANGE|SELFTEST|OVERPRESSURE,0,1,1,0,0,0,0.0,0.0,0.0,14.839,9.057,1780.68,1086.84,5.05,4.11,1005.5,22.9,-1.3,0.0,0.0,0.0,,0.0,0,0,0,0,0,8.0,0.0,247972.82,149664.46,397637.28,0.0,-960.85
2026-06-04T21:24:54.603+00:00,151144,c73b8aee-e184-4449-b355-58d5694dddce,,10,FAULT,0x0C81,ESTOP|SENSOR_RANGE|SELFTEST|OVERPRESSURE,0,1,1,0,0,0,0.0,0.0,0.0,14.902,9.127,1788.24,1095.24,111.6,59.83,1005.5,22.9,-1.3,0.0,0.0,0.0,,0.0,0,0,0,0,0,8.0,0.0,248287.55,149857.22,398144.77,0.0,605.4
2026-06-04T21:24:54.779+00:00,151320,c73b8aee-e184-4449-b355-58d5694dddce,,10,FAULT,0x0C81,ESTOP|SENSOR_RANGE|SELFTEST|OVERPRESSURE,0,1,1,0,0,0,0.0,0.0,0.0,15.039,9.196,1804.68,1103.52,134.33,81.46,1005.5,22.9,-1.3,0.0,0.0,0.0,,0.0,0,0,0,0,0,8.0,0.0,248605.18,150051.44,398656.61,0.0,129.15
2026-06-04T21:24:54.964+00:00,151496,c73b8aee-e184-4449-b355-58d5694dddce,,10,FAULT,0x0C81,ESTOP|SENSOR_RANGE|SELFTEST|OVERPRESSURE,0,1,1,0,0,0,0.0,0.0,0.0,15.126,9.181,1815.12,1101.72,-25.0,-12.5,1005.5,22.9,-1.3,0.0,0.0,0.0,,0.0,0,0,0,0,0,8.0,0.0,248924.64,150245.34,399169.98,0.0,-905.28
2026-06-04T21:24:55.134+00:00,151672,c73b8aee-e184-4449-b355-58d5694dddce,,10,FAULT,0x0C81,ESTOP|SENSOR_RANGE|SELFTEST|OVERPRESSURE,0,1,1,0,0,0,0.0,0.0,0.0,15.031,9.084,1803.72,1090.08,181.98,112.5,1005.5,22.9,-1.3,0.0,0.0,0.0,,0.0,0,0,0,0,0,8.0,0.0,249242.09,150437.2,399679.29,0.0,1176.02
2026-06-04T21:24:55.310+00:00,151848,c73b8aee-e184-4449-b355-58d5694dddce,,10,FAULT,0x0C81,ESTOP|SENSOR_RANGE|SELFTEST|OVERPRESSURE,0,1,1,0,0,0,0.0,0.0,0.0,14.905,9.034,1788.6,1084.08,-19.62,-12.5,1005.5,22.9,-1.3,0.0,0.0,0.0,,0.0,0,0,0,0,0,8.0,0.0,249556.88,150627.99,400184.88,0.0,-1145.45
2026-06-04T21:24:55.487+00:00,152025,c73b8aee-e184-4449-b355-58d5694dddce,,10,FAULT,0x0C81,ESTOP|SENSOR_RANGE|SELFTEST|OVERPRESSURE,0,1,1,0,0,0,0.0,0.0,0.0,14.845,9.058,1781.4,1086.96,156.81,90.5,1005.5,22.9,-1.3,0.0,0.0,0.0,,0.0,0,0,0,0,0,8.0,0.0,249872.19,150820.39,400692.58,0.0,996.78
2026-06-04T21:24:55.671+00:00,152201,c73b8aee-e184-4449-b355-58d5694dddce,,10,FAULT,0x0C81,ESTOP|SENSOR_RANGE|SELFTEST|OVERPRESSURE,0,1,1,0,0,0,0.0,0.0,0.0,14.899,9.123,1787.88,1094.76,65.17,43.7,1005.5,22.9,-1.3,0.0,0.0,0.0,,0.0,0,0,0,0,0,8.0,0.0,250186.86,151013.06,401199.92,0.0,-520.68
2026-06-04T21:24:55.839+00:00,152377,c73b8aee-e184-4449-b355-58d5694dddce,,10,FAULT,0x0C81,ESTOP|SENSOR_RANGE|SELFTEST|OVERPRESSURE,0,1,1,0,0,0,0.0,0.0,0.0,15.027,9.158,1803.24,1098.96,13.61,7.29,1005.5,22.9,-1.3,0.0,0.0,0.0,,0.0,0,0,0,0,0,8.0,0.0,250504.23,151206.48,401710.71,0.0,-292.95
2026-06-04T21:24:56.015+00:00,152552,c73b8aee-e184-4449-b355-58d5694dddce,,10,FAULT,0x0C81,ESTOP|SENSOR_RANGE|SELFTEST|OVERPRESSURE,0,1,1,0,0,0,0.0,0.0,0.0,15.094,9.153,1811.28,1098.36,185.89,112.5,1005.5,22.9,-1.3,0.0,0.0,0.0,,0.0,0,0,0,0,0,8.0,0.0,250821.2,151398.69,402219.9,0.0,984.46
2026-06-04T21:24:56.191+00:00,152728,c73b8aee-e184-4449-b355-58d5694dddce,,10,FAULT,0x0C81,ESTOP|SENSOR_RANGE|SELFTEST|OVERPRESSURE,0,1,1,0,0,0,0.0,0.0,0.0,15.038,9.096,1804.56,1091.52,-25.0,-12.5,1005.5,22.9,-1.3,0.0,0.0,0.0,,0.0,0,0,0,0,0,8.0,0.0,251138.81,151590.8,402729.61,0.0,-1198.24
2026-06-04T21:24:56.377+00:00,152904,c73b8aee-e184-4449-b355-58d5694dddce,,11,ESTOP,0x0C81,ESTOP|SENSOR_RANGE|SELFTEST|OVERPRESSURE,1,1,1,0,0,0,0.0,0.0,0.0,14.886,9.04,1786.32,1084.8,173.92,106.87,1005.5,22.9,-1.3,0.0,0.0,0.0,,0.0,0,0,0,0,0,8.0,0.0,251453.2,151781.73,403234.92,0.0,1130.23
2026-06-04T21:24:56.544+00:00,153080,c73b8aee-e184-4449-b355-58d5694dddce,,11,ESTOP,0x0C81,ESTOP|SENSOR_RANGE|SELFTEST|OVERPRESSURE,1,1,1,0,0,0,0.0,0.0,0.0,14.838,9.072,1780.56,1088.64,3.34,3.99,1005.5,22.9,-1.3,0.0,0.0,0.0,,0.0,0,0,0,0,0,8.0,0.0,251766.58,151973.33,403739.9,0.0,-969.2
2026-06-04T21:24:56.720+00:00,153256,c73b8aee-e184-4449-b355-58d5694dddce,,11,ESTOP,0x0C81,ESTOP|SENSOR_RANGE|SELFTEST|OVERPRESSURE,1,1,1,0,0,0,0.0,0.0,0.0,14.908,9.126,1788.96,1095.12,109.16,58.36,1005.5,22.9,-1.3,0.0,0.0,0.0,,0.0,0,0,0,0,0,8.0,0.0,252081.43,152166.07,404247.5,0.0,601.25
2026-06-04T21:24:56.896+00:00,153433,c73b8aee-e184-4449-b355-58d5694dddce,,11,ESTOP,0x0C81,ESTOP|SENSOR_RANGE|SELFTEST|OVERPRESSURE,1,1,1,0,0,0,0.0,0.0,0.0,15.025,9.179,1803.0,1101.48,134.82,81.83,1005.5,22.9,-1.3,0.0,0.0,0.0,,0.0,0,0,0,0,0,8.0,0.0,252400.57,152361.03,404761.59,0.0,144.97
2026-06-04T21:24:57.117+00:00,153609,c73b8aee-e184-4449-b355-58d5694dddce,,11,ESTOP,0x0C81,ESTOP|SENSOR_RANGE|SELFTEST|OVERPRESSURE,1,1,1,0,0,0,0.0,0.0,0.0,15.114,9.174,1813.68,1100.88,-25.0,-12.5,1005.5,22.9,-1.3,0.0,0.0,0.0,,0.0,0,0,0,0,0,8.0,0.0,252719.77,152554.78,405274.56,0.0,-908.07
2026-06-04T21:24:57.249+00:00,153785,c73b8aee-e184-4449-b355-58d5694dddce,,11,ESTOP,0x0C81,ESTOP|SENSOR_RANGE|SELFTEST|OVERPRESSURE,1,1,1,0,0,0,0.0,0.0,0.0,15.03,9.08,1803.6,1089.6,181.98,112.5,1005.5,22.9,-1.3,0.0,0.0,0.0,,0.0,0,0,0,0,0,8.0,0.0,253037.21,152746.55,405783.76,0.0,1176.02
2026-06-04T21:24:57.428+00:00,153961,c73b8aee-e184-4449-b355-58d5694dddce,,11,ESTOP,0x0C81,ESTOP|SENSOR_RANGE|SELFTEST|OVERPRESSURE,1,1,1,0,0,0,0.0,0.0,0.0,14.906,9.031,1788.72,1083.72,-19.37,-12.5,1005.5,22.9,-1.3,0.0,0.0,0.0,,0.0,0,0,0,0,0,8.0,0.0,253352.02,152937.29,406289.31,0.0,-1144.03
2026-06-04T21:24:57.604+00:00,154137,c73b8aee-e184-4449-b355-58d5694dddce,,11,ESTOP,0x0C81,ESTOP|SENSOR_RANGE|SELFTEST|OVERPRESSURE,1,1,1,0,0,0,0.0,0.0,0.0,14.836,9.049,1780.32,1085.88,155.1,89.65,1005.5,22.9,-1.3,0.0,0.0,0.0,,0.0,0,0,0,0,0,8.0,0.0,253665.36,153128.4,406793.76,0.0,991.31
2026-06-04T21:24:57.823+00:00,154313,c73b8aee-e184-4449-b355-58d5694dddce,,10,FAULT,0x0C81,ESTOP|SENSOR_RANGE|SELFTEST|OVERPRESSURE,0,1,1,0,0,0,0.0,0.0,0.0,14.9,9.127,1788.0,1095.24,71.52,47.37,1005.5,22.9,-1.3,0.0,0.0,0.0,,0.0,0,0,0,0,0,8.0,0.0,253980.05,153321.17,407301.21,0.0,-474.89
2026-06-04T21:24:57.957+00:00,154489,c73b8aee-e184-4449-b355-58d5694dddce,,10,FAULT,0x0C81,ESTOP|SENSOR_RANGE|SELFTEST|OVERPRESSURE,0,1,1,0,0,0,0.0,0.0,0.0,15.04,9.174,1804.8,1100.88,1.88,2.04,1005.5,22.9,-1.3,0.0,0.0,0.0,,0.0,0,0,0,0,0,8.0,0.0,254297.69,153514.92,407812.61,0.0,-395.68
2026-06-04T21:24:58.133+00:00,154665,c73b8aee-e184-4449-b355-58d5694dddce,,10,FAULT,0x0C81,ESTOP|SENSOR_RANGE|SELFTEST|OVERPRESSURE,0,1,1,0,0,0,0.0,0.0,0.0,15.102,9.165,1812.24,1099.8,185.89,112.5,1005.5,22.9,-1.3,0.0,0.0,0.0,,0.0,0,0,0,0,0,8.0,0.0,254616.64,153708.49,408325.13,0.0,1045.51
2026-06-04T21:24:58.309+00:00,154842,c73b8aee-e184-4449-b355-58d5694dddce,,10,FAULT,0x0C81,ESTOP|SENSOR_RANGE|SELFTEST|OVERPRESSURE,0,1,1,0,0,0,0.0,0.0,0.0,15.05,9.109,1806.0,1093.08,-25.0,-12.5,1005.5,22.9,-1.3,0.0,0.0,0.0,,0.0,0,0,0,0,0,8.0,0.0,254936.31,153901.96,408838.27,0.0,-1191.47
2026-06-04T21:24:58.530+00:00,155018,c73b8aee-e184-4449-b355-58d5694dddce,,10,FAULT,0x0C81,ESTOP|SENSOR_RANGE|SELFTEST|OVERPRESSURE,0,1,1,0,0,0,0.0,0.0,0.0,14.894,9.049,1787.28,1085.88,173.68,106.63,1005.5,22.9,-1.3,0.0,0.0,0.0,,0.0,0,0,0,0,0,8.0,0.0,255250.87,154093.08,409343.94,0.0,1128.86
2026-06-04T21:24:58.661+00:00,155194,c73b8aee-e184-4449-b355-58d5694dddce,,10,FAULT,0x0C81,ESTOP|SENSOR_RANGE|SELFTEST|OVERPRESSURE,0,1,1,0,0,0,0.0,0.0,0.0,14.838,9.073,1780.56,1088.76,1.88,3.26,1005.5,22.9,-1.3,0.0,0.0,0.0,,0.0,0,0,0,0,0,8.0,0.0,255564.25,154284.7,409848.94,0.0,-976.14
2026-06-04T21:24:58.837+00:00,155369,c73b8aee-e184-4449-b355-58d5694dddce,,10,FAULT,0x0C81,ESTOP|SENSOR_RANGE|SELFTEST|OVERPRESSURE,0,1,1,0,0,0,0.0,0.0,0.0,14.907,9.127,1788.84,1095.24,112.58,60.2,1005.5,22.9,-1.3,0.0,0.0,0.0,,0.0,0,0,0,0,0,8.0,0.0,255877.29,154476.36,410353.66,0.0,632.57
2026-06-04T21:24:59.013+00:00,155545,c73b8aee-e184-4449-b355-58d5694dddce,,10,FAULT,0x0C81,ESTOP|SENSOR_RANGE|SELFTEST|OVERPRESSURE,0,1,1,0,0,0,0.0,0.0,0.0,15.02,9.179,1802.4,1101.48,132.38,80.48,1005.5,22.9,-1.3,0.0,0.0,0.0,,0.0,0,0,0,0,0,8.0,0.0,256194.52,154670.22,410864.74,0.0,112.5
2026-06-04T21:24:59.234+00:00,155721,c73b8aee-e184-4449-b355-58d5694dddce,,10,FAULT,0x0C81,ESTOP|SENSOR_RANGE|SELFTEST|OVERPRESSURE,0,1,1,0,0,0,0.0,0.0,0.0,15.107,9.174,1812.84,1100.88,-25.0,-12.5,1005.5,22.9,-1.3,0.0,0.0,0.0,,0.0,0,0,0,0,0,8.0,0.0,256513.58,154863.98,411377.56,0.0,-894.2
2026-06-04T21:24:59.366+00:00,155897,c73b8aee-e184-4449-b355-58d5694dddce,,10,FAULT,0x0C81,ESTOP|SENSOR_RANGE|SELFTEST|OVERPRESSURE,0,1,1,0,0,0,0.0,0.0,0.0,15.033,9.087,1803.96,1090.44,182.23,112.5,1005.5,22.9,-1.3,0.0,0.0,0.0,,0.0,0,0,0,0,0,8.0,0.0,256831.07,155055.9,411886.97,0.0,1177.44
2026-06-04T21:24:59.543+00:00,156073,c73b8aee-e184-4449-b355-58d5694dddce,,10,FAULT,0x0C81,ESTOP|SENSOR_RANGE|SELFTEST|OVERPRESSURE,0,1,1,0,0,0,0.0,0.0,0.0,14.921,9.05,1790.52,1086.0,-19.86,-12.5,1005.5,22.9,-1.3,0.0,0.0,0.0,,0.0,0,0,0,0,0,8.0,0.0,257146.2,155247.03,412393.24,0.0,-1148.24
2026-06-04T21:24:59.718+00:00,156250,c73b8aee-e184-4449-b355-58d5694dddce,,10,FAULT,0x0C81,ESTOP|SENSOR_RANGE|SELFTEST|OVERPRESSURE,0,1,1,0,0,0,0.0,0.0,0.0,14.863,9.072,1783.56,1088.64,159.26,92.58,1005.5,22.9,-1.3,0.0,0.0,0.0,,0.0,0,0,0,0,0,8.0,0.0,257461.89,155439.72,412901.62,0.0,1011.98
2026-06-04T21:24:59.939+00:00,156426,c73b8aee-e184-4449-b355-58d5694dddce,,10,FAULT,0x0C81,ESTOP|SENSOR_RANGE|SELFTEST|OVERPRESSURE,0,1,1,0,0,0,0.0,0.0,0.0,14.91,9.131,1789.2,1095.72,57.11,39.55,1005.5,22.9,-1.3,0.0,0.0,0.0,,0.0,0,0,0,0,0,8.0,0.0,257776.79,155632.57,413409.36,0.0,-580.4
2026-06-04T21:25:00.074+00:00,156602,c73b8aee-e184-4449-b355-58d5694dddce,,10,FAULT,0x0C81,ESTOP|SENSOR_RANGE|SELFTEST|OVERPRESSURE,0,1,0,0,0,0,0.0,0.0,0.0,15.032,9.169,1803.84,1100.28,22.16,11.08,1005.5,22.9,-1.3,0.0,0.0,0.0,,0.0,0,0,0,0,0,8.0,0.0,258094.27,155826.22,413920.49,0.0,-198.58
2026-06-04T21:25:00.250+00:00,156778,c73b8aee-e184-4449-b355-58d5694dddce,,10,FAULT,0x0C81,ESTOP|SENSOR_RANGE|SELFTEST|OVERPRESSURE,0,1,0,0,0,0,0.0,0.0,0.0,15.081,9.152,1809.72,1098.24,185.89,112.5,1005.5,22.9,-1.3,0.0,0.0,0.0,,0.0,0,0,0,0,0,8.0,0.0,258412.78,156019.51,414432.29,0.0,930.28
2026-06-04T21:25:00.426+00:00,156954,c73b8aee-e184-4449-b355-58d5694dddce,,10,FAULT,0x0C81,ESTOP|SENSOR_RANGE|SELFTEST|OVERPRESSURE,0,1,0,0,0,0,0.0,0.0,0.0,15.044,9.103,1805.28,1092.36,-25.0,-12.5,1005.5,22.9,-1.3,0.0,0.0,0.0,,0.0,0,0,0,0,0,8.0,0.0,258730.51,156211.76,414942.27,0.0,-1198.24
2026-06-04T21:25:00.602+00:00,157130,c73b8aee-e184-4449-b355-58d5694dddce,,10,FAULT,0x0C81,ESTOP|SENSOR_RANGE|SELFTEST|OVERPRESSURE,0,1,0,0,0,0,0.0,0.0,0.0,14.895,9.05,1787.4,1086.0,174.16,107.0,1005.5,22.9,-1.3,0.0,0.0,0.0,,0.0,0,0,0,0,0,8.0,0.0,259045.09,156402.9,415447.99,0.0,1131.59
2026-06-04T21:25:00.778+00:00,157306,c73b8aee-e184-4449-b355-58d5694dddce,,10,FAULT,0x0C81,ESTOP|SENSOR_RANGE|SELFTEST|OVERPRESSURE,0,1,0,0,0,0,0.0,0.0,0.0,14.844,9.073,1781.28,1088.76,-2.76,0.94,1005.5,22.9,-1.3,0.0,0.0,0.0,,0.0,0,0,0,0,0,8.0,0.0,259358.6,156594.52,415953.12,0.0,-1005.23
2026-06-04T21:25:00.955+00:00,157481,c73b8aee-e184-4449-b355-58d5694dddce,,10,FAULT,0x0C81,ESTOP|SENSOR_RANGE|SELFTEST|OVERPRESSURE,0,1,0,0,0,0,0.0,0.0,0.0,14.908,9.133,1788.96,1095.96,121.38,65.94,1005.5,22.9,-1.3,0.0,0.0,0.0,,0.0,0,0,0,0,0,8.0,0.0,259671.66,156786.31,416457.98,0.0,709.37
2026-06-04T21:25:01.131+00:00,157658,c73b8aee-e184-4449-b355-58d5694dddce,,10,FAULT,0x0C81,ESTOP|SENSOR_RANGE|SELFTEST|OVERPRESSURE,0,1,0,0,0,0,0.0,0.0,0.0,15.002,9.171,1800.24,1100.52,120.89,74.13,1005.5,22.9,-1.3,0.0,0.0,0.0,,0.0,0,0,0,0,0,8.0,0.0,259990.31,156981.11,416971.41,0.0,-2.77
2026-06-04T21:25:01.307+00:00,157834,c73b8aee-e184-4449-b355-58d5694dddce,,10,FAULT,0x0C81,ESTOP|SENSOR_RANGE|SELFTEST|OVERPRESSURE,0,1,0,0,0,0,0.0,0.0,0.0,15.092,9.173,1811.04,1100.76,-25.0,-12.5,1005.5,22.9,-1.3,0.0,0.0,0.0,,0.0,0,0,0,0,0,8.0,0.0,260309.05,157174.84,417483.89,0.0,-828.92
2026-06-04T21:25:01.483+00:00,158010,c73b8aee-e184-4449-b355-58d5694dddce,,10,FAULT,0x0C81,ESTOP|SENSOR_RANGE|SELFTEST|OVERPRESSURE,0,1,0,0,0,0,0.0,0.0,0.0,15.018,9.083,1802.16,1089.96,183.21,112.5,1005.5,22.9,-1.3,0.0,0.0,0.0,,0.0,0,0,0,0,0,8.0,0.0,260626.23,157366.67,417992.9,0.0,1183.01
2026-06-04T21:25:01.660+00:00,158186,c73b8aee-e184-4449-b355-58d5694dddce,,10,FAULT,0x0C81,ESTOP|SENSOR_RANGE|SELFTEST|OVERPRESSURE,0,1,0,0,0,0,0.0,0.0,0.0,14.932,9.051,1791.84,1086.12,-20.6,-12.5,1005.5,22.9,-1.3,0.0,0.0,0.0,,0.0,0,0,0,0,0,8.0,0.0,260941.59,157557.83,418499.42,0.0,-1158.01
2026-06-04T21:25:01.836+00:00,158362,c73b8aee-e184-4449-b355-58d5694dddce,,10,FAULT,0x0C81,ESTOP|SENSOR_RANGE|SELFTEST|OVERPRESSURE,0,1,0,0,0,0,0.0,0.0,0.0,14.878,9.076,1785.36,1089.12,168.3,97.1,1005.5,22.9,-1.3,0.0,0.0,0.0,,0.0,0,0,0,0,0,8.0,0.0,261255.82,157749.52,419005.33,0.0,1073.3
2026-06-04T21:25:02.012+00:00,158538,c73b8aee-e184-4449-b355-58d5694dddce,,10,FAULT,0x0C81,ESTOP|SENSOR_RANGE|SELFTEST|OVERPRESSURE,0,1,0,0,0,0,0.0,0.0,0.0,14.896,9.113,1787.52,1093.56,39.02,29.41,1005.5,22.9,-1.3,0.0,0.0,0.0,,0.0,0,0,0,0,0,8.0,0.0,261570.42,157941.98,419512.4,0.0,-734.55
2026-06-04T21:25:02.190+00:00,158714,c73b8aee-e184-4449-b355-58d5694dddce,,10,FAULT,0x0C81,ESTOP|SENSOR_RANGE|SELFTEST|OVERPRESSURE,0,1,0,0,0,0,0.0,0.0,0.0,15.02,9.162,1802.4,1099.44,40.98,21.34,1005.5,22.9,-1.3,0.0,0.0,0.0,,0.0,0,0,0,0,0,8.0,0.0,261887.64,158135.48,420023.13,0.0,11.14
2026-06-04T21:25:02.365+00:00,158891,c73b8aee-e184-4449-b355-58d5694dddce,,10,FAULT,0x0C81,ESTOP|SENSOR_RANGE|SELFTEST|OVERPRESSURE,0,1,0,0,0,0,0.0,0.0,0.0,15.077,9.157,1809.24,1098.84,185.16,109.44,1005.5,22.9,-1.3,0.0,0.0,0.0,,0.0,0,0,0,0,0,8.0,0.0,262207.88,158329.98,420537.86,0.0,814.58
2026-06-04T21:25:02.544+00:00,159067,c73b8aee-e184-4449-b355-58d5694dddce,,10,FAULT,0x0C81,ESTOP|SENSOR_RANGE|SELFTEST|OVERPRESSURE,0,1,0,0,0,0,0.0,0.0,0.0,15.054,9.118,1806.48,1094.16,-25.0,-12.5,1005.5,22.9,-1.3,0.0,0.0,0.0,,0.0,0,0,0,0,0,8.0,0.0,262525.82,158522.55,421048.37,0.0,-1194.09
2026-06-04T21:25:02.720+00:00,159243,c73b8aee-e184-4449-b355-58d5694dddce,,10,FAULT,0x0C81,ESTOP|SENSOR_RANGE|SELFTEST|OVERPRESSURE,0,1,0,0,0,0,0.0,0.0,0.0,14.909,9.053,1789.08,1086.36,174.9,108.22,1005.5,22.9,-1.3,0.0,0.0,0.0,,0.0,0,0,0,0,0,8.0,0.0,262840.7,158713.75,421554.45,0.0,1135.8
2026-06-04T21:25:02.897+00:00,159419,c73b8aee-e184-4449-b355-58d5694dddce,,10,FAULT,0x0C81,ESTOP|SENSOR_RANGE|SELFTEST|OVERPRESSURE,0,1,0,0,0,0,0.0,0.0,0.0,14.855,9.067,1782.6,1088.04,-15.46,-6.14,1005.5,22.9,-1.3,0.0,0.0,0.0,,0.0,0,0,0,0,0,8.0,0.0,263154.44,158905.24,422059.68,0.0,-1081.59
2026-06-04T21:25:03.072+00:00,159595,c73b8aee-e184-4449-b355-58d5694dddce,,10,FAULT,0x0C81,ESTOP|SENSOR_RANGE|SELFTEST|OVERPRESSURE,0,0,0,0,0,0,0.0,0.0,0.0,14.904,9.115,1788.48,1093.8,126.02,69.12,1005.5,22.9,-1.3,0.0,0.0,0.0,,0.0,0,0,0,0,0,8.0,0.0,263469.21,159097.75,422566.96,0.0,803.86
2026-06-04T21:25:03.249+00:00,159771,c73b8aee-e184-4449-b355-58d5694dddce,,10,FAULT,0x0C81,ESTOP|SENSOR_RANGE|SELFTEST|OVERPRESSURE,0,0,0,0,0,0,0.0,0.0,0.0,14.995,9.145,1799.4,1097.4,114.05,70.58,1005.5,22.9,-1.3,0.0,0.0,0.0,,0.0,0,0,0,0,0,8.0,0.0,263785.9,159290.9,423076.8,0.0,-68.01
2026-06-04T21:25:03.425+00:00,159947,c73b8aee-e184-4449-b355-58d5694dddce,,10,FAULT,0x0C81,ESTOP|SENSOR_RANGE|SELFTEST|OVERPRESSURE,0,0,0,0,0,0,0.0,0.0,0.0,15.075,9.136,1809.0,1096.32,-25.0,-12.5,1005.5,22.9,-1.3,0.0,0.0,0.0,,0.0,0,0,0,0,0,8.0,0.0,264104.29,159483.85,423588.13,0.0,-790.06
2026-06-04T21:25:03.601+00:00,160123,c73b8aee-e184-4449-b355-58d5694dddce,,10,FAULT,0x0C81,ESTOP|SENSOR_RANGE|SELFTEST|OVERPRESSURE,0,0,0,0,0,0,0.0,0.0,0.0,14.989,9.048,1798.68,1085.76,182.96,112.5,1005.5,22.9,-1.3,0.0,0.0,0.0,,0.0,0,0,0,0,0,8.0,0.0,264420.85,159674.94,424095.8,0.0,1181.59
2026-06-04T21:25:03.777+00:00,160300,c73b8aee-e184-4449-b355-58d5694dddce,,10,FAULT,0x0C81,ESTOP|SENSOR_RANGE|SELFTEST|OVERPRESSURE,0,0,0,0,0,0,0.0,0.0,0.0,14.925,9.028,1791.0,1083.36,-21.33,-12.5,1005.5,22.9,-1.3,0.0,0.0,0.0,,0.0,0,0,0,0,0,8.0,0.0,264737.86,159866.7,424604.56,0.0,-1154.18
2026-06-04T21:25:03.954+00:00,160476,c73b8aee-e184-4449-b355-58d5694dddce,,10,FAULT,0x0C81,ESTOP|SENSOR_RANGE|SELFTEST|OVERPRESSURE,0,0,0,0,0,0,0.0,0.0,0.0,14.881,9.069,1785.72,1088.28,170.99,100.52,1005.5,22.9,-1.3,0.0,0.0,0.0,,0.0,0,0,0,0,0,8.0,0.0,265052.15,160058.23,425110.38,0.0,1092.73
2026-06-04T21:25:04.130+00:00,160652,c73b8aee-e184-4449-b355-58d5694dddce,,10,FAULT,0x0C81,ESTOP|SENSOR_RANGE|SELFTEST|OVERPRESSURE,0,0,0,0,0,0,0.0,0.0,0.0,14.892,9.088,1787.04,1090.56,31.2,24.27,1005.5,22.9,-1.3,0.0,0.0,0.0,,0.0,0,0,0,0,0,8.0,0.0,265366.67,160250.17,425616.84,0.0,-794.26
2026-06-04T21:25:04.306+00:00,160828,c73b8aee-e184-4449-b355-58d5694dddce,,10,FAULT,0x0C81,ESTOP|SENSOR_RANGE|SELFTEST|OVERPRESSURE,0,0,0,0,0,0,0.0,0.0,0.0,15.057,9.182,1806.84,1101.84,51.97,27.82,1005.5,22.9,-1.3,0.0,0.0,0.0,,0.0,0,0,0,0,0,8.0,0.0,265684.67,160444.1,426128.77,0.0,118.01
2026-06-04T21:25:04.483+00:00,161003,c73b8aee-e184-4449-b355-58d5694dddce,,10,FAULT,0x0C81,ESTOP|SENSOR_RANGE|SELFTEST|OVERPRESSURE,0,0,0,0,0,0,0.0,0.0,0.0,15.064,9.135,1807.68,1096.2,174.41,103.82,1005.5,22.9,-1.3,0.0,0.0,0.0,,0.0,0,0,0,0,0,8.0,0.0,266001.01,160635.93,426636.95,0.0,699.66
2026-06-04T21:25:04.659+00:00,161179,c73b8aee-e184-4449-b355-58d5694dddce,,10,FAULT,0x0C81,ESTOP|SENSOR_RANGE|SELFTEST|OVERPRESSURE,0,0,0,0,0,0,0.0,0.0,0.0,15.107,9.139,1812.84,1096.68,-25.0,-12.5,1005.5,22.9,-1.3,0.0,0.0,0.0,,0.0,0,0,0,0,0,8.0,0.0,266320.07,160828.95,427149.02,0.0,-1133.01
2026-06-04T21:25:04.838+00:00,161355,c73b8aee-e184-4449-b355-58d5694dddce,,10,FAULT,0x0C81,ESTOP|SENSOR_RANGE|SELFTEST|OVERPRESSURE,0,0,0,0,0,0,0.0,0.0,0.0,14.936,9.064,1792.32,1087.68,175.87,109.56,1005.5,22.9,-1.3,0.0,0.0,0.0,,0.0,0,0,0,0,0,8.0,0.0,266635.52,161020.38,427655.9,0.0,1141.31
2026-06-04T21:25:05.014+00:00,161532,c73b8aee-e184-4449-b355-58d5694dddce,,10,FAULT,0x0C81,ESTOP|SENSOR_RANGE|SELFTEST|OVERPRESSURE,0,0,0,0,0,0,0.0,0.0,0.0,14.886,9.058,1786.32,1086.96,-18.89,-11.88,1005.5,22.9,-1.3,0.0,0.0,0.0,,0.0,0,0,0,0,0,8.0,0.0,266951.7,161212.77,428164.47,0.0,-1100.34
2026-06-04T21:25:05.190+00:00,161709,c73b8aee-e184-4449-b355-58d5694dddce,,10,FAULT,0x0C81,ESTOP|SENSOR_RANGE|SELFTEST|OVERPRESSURE,0,0,0,0,0,0,0.0,0.0,0.0,14.955,9.151,1794.6,1098.12,131.4,73.76,1005.5,22.9,-1.3,0.0,0.0,0.0,,0.0,0,0,0,0,0,8.0,0.0,267269.35,161407.14,428676.48,0.0,849.1
2026-06-04T21:25:05.367+00:00,161885,c73b8aee-e184-4449-b355-58d5694dddce,,10,FAULT,0x0C81,ESTOP|SENSOR_RANGE|SELFTEST|OVERPRESSURE,0,0,0,0,0,0,0.0,0.0,0.0,14.999,9.142,1799.88,1097.04,104.52,65.33,1005.5,22.9,-1.3,0.0,0.0,0.0,,0.0,0,0,0,0,0,8.0,0.0,267586.12,161600.22,429186.34,0.0,-152.73
2026-06-04T21:25:05.543+00:00,162060,c73b8aee-e184-4449-b355-58d5694dddce,,10,FAULT,0x0C81,ESTOP|SENSOR_RANGE|SELFTEST|OVERPRESSURE,0,0,0,0,0,0,0.0,0.0,0.0,15.148,9.196,1817.76,1103.52,-25.0,-12.01,1005.5,22.9,-1.3,0.0,0.0,0.0,,0.0,0,0,0,0,0,8.0,0.0,267904.23,161793.33,429697.57,0.0,-740.11
2026-06-04T21:25:05.719+00:00,162236,c73b8aee-e184-4449-b355-58d5694dddce,,10,FAULT,0x0C81,ESTOP|SENSOR_RANGE|SELFTEST|OVERPRESSURE,0,0,0,0,0,0,0.0,0.0,0.0,15.047,9.096,1805.64,1091.52,183.45,112.5,1005.5,22.9,-1.3,0.0,0.0,0.0,,0.0,0,0,0,0,0,8.0,0.0,268222.03,161985.44,430207.47,0.0,1184.38
2026-06-04T21:25:05.895+00:00,162412,c73b8aee-e184-4449-b355-58d5694dddce,,10,FAULT,0x0C81,ESTOP|SENSOR_RANGE|SELFTEST|OVERPRESSURE,0,0,0,0,0,0,0.0,0.0,0.0,15.012,9.089,1801.44,1090.68,-22.31,-12.5,1005.5,22.9,-1.3,0.0,0.0,0.0,,0.0,0,0,0,0,0,8.0,0.0,268539.08,162177.4,430716.48,0.0,-1169.09
2026-06-04T21:25:06.072+00:00,162589,c73b8aee-e184-4449-b355-58d5694dddce,,10,FAULT,0x0C81,ESTOP|SENSOR_RANGE|SELFTEST|OVERPRESSURE,0,0,0,0,0,0,0.0,0.0,0.0,14.955,9.129,1794.6,1095.48,171.72,102.23,1005.5,22.9,-1.3,0.0,0.0,0.0,,0.0,0,0,0,0,0,8.0,0.0,268856.72,162371.3,431228.02,0.0,1096.21
2026-06-04T21:25:06.247+00:00,162765,c73b8aee-e184-4449-b355-58d5694dddce,,10,FAULT,0x0C81,ESTOP|SENSOR_RANGE|SELFTEST|OVERPRESSURE,0,0,0,0,0,0,0.0,0.0,0.0,14.963,9.136,1795.56,1096.32,26.07,20.73,1005.5,22.9,-1.3,0.0,0.0,0.0,,0.0,0,0,0,0,0,8.0,0.0,269172.74,162564.25,431736.99,0.0,-827.56
2026-06-04T21:25:06.424+00:00,162940,c73b8aee-e184-4449-b355-58d5694dddce,,10,FAULT,0x0C81,ESTOP|SENSOR_RANGE|SELFTEST|OVERPRESSURE,0,0,0,0,0,0,0.0,0.0,0.0,15.126,9.238,1815.12,1108.56,56.86,30.51,1005.5,22.9,-1.3,0.0,0.0,0.0,,0.0,0,0,0,0,0,8.0,0.0,269490.39,162758.25,432248.64,0.0,175.94
2026-06-04T21:25:06.600+00:00,163117,c73b8aee-e184-4449-b355-58d5694dddce,,10,FAULT,0x0C81,ESTOP|SENSOR_RANGE|SELFTEST|OVERPRESSURE,0,0,0,0,0,0,0.0,0.0,0.0,15.104,9.164,1812.48,1099.68,170.74,101.62,1005.5,22.9,-1.3,0.0,0.0,0.0,,0.0,0,0,0,0,0,8.0,0.0,269811.2,162952.89,432764.09,0.0,643.39
2026-06-04T21:25:06.777+00:00,163293,c73b8aee-e184-4449-b355-58d5694dddce,,10,FAULT,0x0C81,ESTOP|SENSOR_RANGE|SELFTEST|OVERPRESSURE,0,0,0,0,0,0,0.0,0.0,0.0,15.149,9.175,1817.88,1101.0,-25.0,-12.5,1005.5,22.9,-1.3,0.0,0.0,0.0,,0.0,0,0,0,0,0,8.0,0.0,270131.14,163146.67,433277.81,0.0,-1112.16
2026-06-04T21:25:06.955+00:00,163469,c73b8aee-e184-4449-b355-58d5694dddce,,10,FAULT,0x0C81,ESTOP|SENSOR_RANGE|SELFTEST|OVERPRESSURE,0,0,0,0,0,0,0.0,0.0,0.0,14.977,9.09,1797.24,1090.8,176.36,109.93,1005.5,22.9,-1.3,0.0,0.0,0.0,,0.0,0,0,0,0,0,8.0,0.0,270447.46,163338.65,433786.11,0.0,1144.09
2026-06-04T21:25:07.131+00:00,163645,c73b8aee-e184-4449-b355-58d5694dddce,,10,FAULT,0x0C81,ESTOP|SENSOR_RANGE|SELFTEST|OVERPRESSURE,0,0,0,0,0,0,0.0,0.0,0.0,14.954,9.094,1794.48,1091.28,-19.62,-12.5,1005.5,22.9,-1.3,0.0,0.0,0.0,,0.0,0,0,0,0,0,8.0,0.0,270763.29,163530.72,434294.0,0.0,-1113.52
2026-06-04T21:25:07.307+00:00,163821,c73b8aee-e184-4449-b355-58d5694dddce,,10,FAULT,0x0C81,ESTOP|SENSOR_RANGE|SELFTEST|OVERPRESSURE,0,0,0,0,0,0,0.0,0.0,0.0,15.0,9.174,1800.0,1100.88,139.22,80.11,1005.5,22.9,-1.3,0.0,0.0,0.0,,0.0,0,0,0,0,0,8.0,0.0,271080.09,163724.47,434804.56,0.0,902.5
2026-06-04T21:25:07.484+00:00,163997,c73b8aee-e184-4449-b355-58d5694dddce,,10,FAULT,0x0C81,ESTOP|SENSOR_RANGE|SELFTEST|OVERPRESSURE,0,0,0,0,0,0,0.0,0.0,0.0,15.033,9.16,1803.96,1099.2,91.56,58.0,1005.5,22.9,-1.3,0.0,0.0,0.0,,0.0,0,0,0,0,0,8.0,0.0,271397.58,163917.93,435315.51,0.0,-270.8
2026-06-04T21:25:07.660+00:00,164173,c73b8aee-e184-4449-b355-58d5694dddce,,10,FAULT,0x0C81,ESTOP|SENSOR_RANGE|SELFTEST|OVERPRESSURE,0,0,0,0,0,0,0.0,0.0,0.0,15.174,9.221,1820.88,1106.52,-9.11,-3.33,1005.5,22.9,-1.3,0.0,0.0,0.0,,0.0,0,0,0,0,0,8.0,0.0,271718.06,164112.68,435830.74,0.0,-571.99
2026-06-04T21:25:07.836+00:00,164349,c73b8aee-e184-4449-b355-58d5694dddce,,10,FAULT,0x0C81,ESTOP|SENSOR_RANGE|SELFTEST|OVERPRESSURE,0,0,0,0,0,0,0.0,0.0,0.0,15.091,9.122,1810.92,1094.64,183.45,112.5,1005.5,22.9,-1.3,0.0,0.0,0.0,,0.0,0,0,0,0,0,8.0,0.0,272036.78,164305.33,436342.11,0.0,1094.09
2026-06-04T21:25:08.012+00:00,164526,c73b8aee-e184-4449-b355-58d5694dddce,,10,FAULT,0x0C81,ESTOP|SENSOR_RANGE|SELFTEST|OVERPRESSURE,0,0,0,0,0,0,0.0,0.0,0.0,15.074,9.121,1808.88,1094.52,-25.0,-12.5,1005.5,22.9,-1.3,0.0,0.0,0.0,,0.0,0,0,0,0,0,8.0,0.0,272356.95,164499.06,436856.02,0.0,-1177.68
2026-06-04T21:25:08.189+00:00,164702,c73b8aee-e184-4449-b355-58d5694dddce,,10,FAULT,0x0C81,ESTOP|SENSOR_RANGE|SELFTEST|OVERPRESSURE,0,0,0,0,0,0,0.0,0.0,0.0,14.985,9.134,1798.2,1096.08,172.7,106.26,1005.5,22.9,-1.3,0.0,0.0,0.0,,0.0,0,0,0,0,0,8.0,0.0,272673.43,164691.97,437365.41,0.0,1123.3
2026-06-04T21:25:08.365+00:00,164878,c73b8aee-e184-4449-b355-58d5694dddce,,10,FAULT,0x0C81,ESTOP|SENSOR_RANGE|SELFTEST|OVERPRESSURE,0,0,0,0,0,0,0.0,0.0,0.0,14.99,9.141,1798.8,1096.92,6.28,5.58,1005.5,22.9,-1.3,0.0,0.0,0.0,,0.0,0,0,0,0,0,8.0,0.0,272990.02,164885.03,437875.06,0.0,-945.57
2026-06-04T21:25:08.541+00:00,165053,c73b8aee-e184-4449-b355-58d5694dddce,,10,FAULT,0x0C81,ESTOP|SENSOR_RANGE|SELFTEST|OVERPRESSURE,0,0,0,0,0,0,0.0,0.0,0.0,15.1,9.236,1812.0,1108.32,104.52,56.17,1005.5,22.9,-1.3,0.0,0.0,0.0,,0.0,0,0,0,0,0,8.0,0.0,273307.12,165078.99,438386.11,0.0,561.37
2026-06-04T21:25:08.718+00:00,165229,c73b8aee-e184-4449-b355-58d5694dddce,,10,FAULT,0x0C81,ESTOP|SENSOR_RANGE|SELFTEST|OVERPRESSURE,0,0,0,0,0,0,0.0,0.0,0.0,15.107,9.192,1812.84,1103.04,135.8,82.44,1005.5,22.9,-1.3,0.0,0.0,0.0,,0.0,0,0,0,0,0,8.0,0.0,273626.18,165273.12,438899.31,0.0,177.73
2026-06-04T21:25:08.893+00:00,165405,c73b8aee-e184-4449-b355-58d5694dddce,,10,FAULT,0x0C81,ESTOP|SENSOR_RANGE|SELFTEST|OVERPRESSURE,0,0,0,0,0,0,0.0,0.0,0.0,15.197,9.227,1823.64,1107.24,-25.0,-12.5,1005.5,22.9,-1.3,0.0,0.0,0.0,,0.0,0,0,0,0,0,8.0,0.0,273947.14,165468.0,439415.14,0.0,-913.64
2026-06-04T21:25:09.070+00:00,165581,c73b8aee-e184-4449-b355-58d5694dddce,,10,FAULT,0x0C81,ESTOP|SENSOR_RANGE|SELFTEST|OVERPRESSURE,0,0,0,0,0,0,0.0,0.0,0.0,15.04,9.12,1804.8,1094.4,181.98,112.5,1005.5,22.9,-1.3,0.0,0.0,0.0,,0.0,0,0,0,0,0,8.0,0.0,274264.79,165660.61,439925.4,0.0,1176.02
2026-06-04T21:25:09.247+00:00,165757,c73b8aee-e184-4449-b355-58d5694dddce,,10,FAULT,0x0C81,ESTOP|SENSOR_RANGE|SELFTEST|OVERPRESSURE,0,0,0,0,0,0,0.0,0.0,0.0,15.028,9.131,1803.36,1095.72,-21.33,-12.5,1005.5,22.9,-1.3,0.0,0.0,0.0,,0.0,0,0,0,0,0,8.0,0.0,274582.18,165853.46,440435.64,0.0,-1155.17
2026-06-04T21:25:09.424+00:00,165934,c73b8aee-e184-4449-b355-58d5694dddce,,10,FAULT,0x0C81,ESTOP|SENSOR_RANGE|SELFTEST|OVERPRESSURE,0,0,0,0,0,0,0.0,0.0,0.0,15.032,9.177,1803.84,1101.24,159.99,93.07,1005.5,22.9,-1.3,0.0,0.0,0.0,,0.0,0,0,0,0,0,8.0,0.0,274901.46,166048.38,440949.84,0.0,1024.41
2026-06-04T21:25:09.601+00:00,166110,c73b8aee-e184-4449-b355-58d5694dddce,,10,FAULT,0x0C81,ESTOP|SENSOR_RANGE|SELFTEST|OVERPRESSURE,0,0,0,0,0,0,0.0,0.0,0.0,15.054,9.162,1806.48,1099.44,53.2,37.59,1005.5,22.9,-1.2,0.0,0.0,0.0,,0.0,0,0,0,0,0,8.0,0.0,275219.4,166241.88,441461.28,0.0,-606.76
2026-06-04T21:25:09.777+00:00,166286,c73b8aee-e184-4449-b355-58d5694dddce,,10,FAULT,0x0C81,ESTOP|SENSOR_RANGE|SELFTEST|OVERPRESSURE,0,0,0,0,0,0,0.0,0.0,0.0,15.175,9.225,1821.0,1107.0,26.07,13.64,1005.5,22.9,-1.3,0.0,0.0,0.0,,0.0,0,0,0,0,0,8.0,0.0,275539.9,166436.71,441976.61,0.0,-154.15
2026-06-04T21:25:09.954+00:00,166462,c73b8aee-e184-4449-b355-58d5694dddce,,10,FAULT,0x0C81,ESTOP|SENSOR_RANGE|SELFTEST|OVERPRESSURE,0,0,0,0,0,0,0.0,0.0,0.0,15.124,9.148,1814.88,1097.76,185.16,112.5,1005.5,22.9,-1.3,0.0,0.0,0.0,,0.0,0,0,0,0,0,8.0,0.0,275859.31,166629.92,442489.23,0.0,903.92
2026-06-04T21:25:10.129+00:00,166638,c73b8aee-e184-4449-b355-58d5694dddce,,10,FAULT,0x0C81,ESTOP|SENSOR_RANGE|SELFTEST|OVERPRESSURE,0,0,0,0,0,0,0.0,0.0,0.0,15.132,9.154,1815.84,1098.48,-25.0,-12.5,1005.5,22.9,-1.3,0.0,0.0,0.0,,0.0,0,0,0,0,0,8.0,0.0,276178.9,166823.25,443002.15,0.0,-1194.09
2026-06-04T21:25:10.306+00:00,166814,c73b8aee-e184-4449-b355-58d5694dddce,,10,FAULT,0x0C81,ESTOP|SENSOR_RANGE|SELFTEST|OVERPRESSURE,0,0,0,0,0,0,0.0,0.0,0.0,15.009,9.12,1801.08,1094.4,173.68,107.73,1005.5,22.9,-1.3,0.0,0.0,0.0,,0.0,0,0,0,0,0,8.0,0.0,276495.89,167015.86,443511.76,0.0,1128.86
2026-06-04T21:25:10.482+00:00,166990,c73b8aee-e184-4449-b355-58d5694dddce,,10,FAULT,0x0C81,ESTOP|SENSOR_RANGE|SELFTEST|OVERPRESSURE,0,0,0,0,0,0,0.0,0.0,0.0,14.997,9.129,1799.64,1095.48,-12.53,-4.19,1005.5,22.9,-1.3,0.0,0.0,0.0,,0.0,0,0,0,0,0,8.0,0.0,276812.63,167208.67,444021.3,0.0,-1058.01
2026-06-04T21:25:10.659+00:00,167166,c73b8aee-e184-4449-b355-58d5694dddce,,10,FAULT,0x0C81,ESTOP|SENSOR_RANGE|SELFTEST|OVERPRESSURE,0,0,0,0,0,0,0.0,0.0,0.0,15.071,9.204,1808.52,1104.48,119.42,64.96,1005.5,22.9,-1.3,0.0,0.0,0.0,,0.0,0,0,0,0,0,8.0,0.0,277130.93,167403.06,444533.99,0.0,749.72
2026-06-04T21:25:10.835+00:00,167343,c73b8aee-e184-4449-b355-58d5694dddce,,10,FAULT,0x0C81,ESTOP|SENSOR_RANGE|SELFTEST|OVERPRESSURE,0,0,0,0,0,0,0.0,0.0,0.0,15.099,9.185,1811.88,1102.2,119.91,73.88,1005.5,22.9,-1.3,0.0,0.0,0.0,,0.0,0,0,0,0,0,8.0,0.0,277451.63,167598.15,445049.78,0.0,2.77
2026-06-04T21:25:11.011+00:00,167519,c73b8aee-e184-4449-b355-58d5694dddce,,10,FAULT,0x0C81,ESTOP|SENSOR_RANGE|SELFTEST|OVERPRESSURE,0,0,0,0,0,0,0.0,0.0,0.0,15.186,9.221,1822.32,1106.52,-25.0,-12.5,1005.5,22.9,-1.3,0.0,0.0,0.0,,0.0,0,0,0,0,0,8.0,0.0,277772.36,167792.89,445565.25,0.0,-823.35
2026-06-04T21:25:11.187+00:00,167695,c73b8aee-e184-4449-b355-58d5694dddce,,10,FAULT,0x0C81,ESTOP|SENSOR_RANGE|SELFTEST|OVERPRESSURE,0,1,0,0,0,0,0.0,0.0,0.0,15.048,9.107,1805.76,1092.84,181.5,112.5,1005.5,22.9,-1.3,0.0,0.0,0.0,,0.0,0,0,0,0,0,8.0,0.0,278090.17,167985.23,446075.41,0.0,1173.3
2026-06-04T21:25:11.363+00:00,167871,c73b8aee-e184-4449-b355-58d5694dddce,,10,FAULT,0x0C81,ESTOP|SENSOR_RANGE|SELFTEST|OVERPRESSURE,0,1,0,0,0,0,0.0,0.0,0.0,15.048,9.124,1805.76,1094.88,-21.57,-12.5,1005.5,22.9,-1.3,0.0,0.0,0.0,,0.0,0,0,0,0,0,8.0,0.0,278407.99,168177.93,446585.92,0.0,-1153.81
2026-06-04T21:25:11.540+00:00,168047,c73b8aee-e184-4449-b355-58d5694dddce,,10,FAULT,0x0C81,ESTOP|SENSOR_RANGE|SELFTEST|OVERPRESSURE,0,1,0,0,0,0,0.0,0.0,0.0,15.02,9.149,1802.4,1097.88,169.03,98.08,1005.5,22.9,-1.3,0.0,0.0,0.0,,0.0,0,0,0,0,0,8.0,0.0,278725.21,168371.16,447096.37,0.0,1082.95
2026-06-04T21:25:11.716+00:00,168223,c73b8aee-e184-4449-b355-58d5694dddce,,10,FAULT,0x0C81,ESTOP|SENSOR_RANGE|SELFTEST|OVERPRESSURE,0,1,0,0,0,0,0.0,0.0,0.0,15.059,9.16,1807.08,1099.2,33.65,26.11,1005.5,22.9,-1.3,0.0,0.0,0.0,,0.0,0,0,0,0,0,8.0,0.0,279043.26,168564.62,447607.88,0.0,-769.2
2026-06-04T21:25:11.894+00:00,168399,c73b8aee-e184-4449-b355-58d5694dddce,,10,FAULT,0x0C81,ESTOP|SENSOR_RANGE|SELFTEST|OVERPRESSURE,0,1,0,0,0,0,0.0,0.0,0.0,15.139,9.202,1816.68,1104.24,46.84,24.64,1005.5,22.9,-1.3,0.0,0.0,0.0,,0.0,0,0,0,0,0,8.0,0.0,279362.99,168758.97,448121.96,0.0,74.94
2026-06-04T21:25:12.071+00:00,168576,c73b8aee-e184-4449-b355-58d5694dddce,,10,FAULT,0x0C81,ESTOP|SENSOR_RANGE|SELFTEST|OVERPRESSURE,0,1,0,0,0,0,0.0,0.0,0.0,15.136,9.155,1816.32,1098.6,179.3,106.26,1005.5,22.9,-1.3,0.0,0.0,0.0,,0.0,0,0,0,0,0,8.0,0.0,279684.48,168953.42,448637.9,0.0,748.36
2026-06-04T21:25:12.247+00:00,168751,c73b8aee-e184-4449-b355-58d5694dddce,,10,FAULT,0x0C81,ESTOP|SENSOR_RANGE|SELFTEST|OVERPRESSURE,0,1,0,0,0,0,0.0,0.0,0.0,15.109,9.142,1813.08,1097.04,-25.0,-12.5,1005.5,22.9,-1.3,0.0,0.0,0.0,,0.0,0,0,0,0,0,8.0,0.0,280001.77,169145.4,449147.17,0.0,-1167.43
2026-06-04T21:25:12.424+00:00,168928,c73b8aee-e184-4449-b355-58d5694dddce,,10,FAULT,0x0C81,ESTOP|SENSOR_RANGE|SELFTEST|OVERPRESSURE,0,1,0,0,0,0,0.0,0.0,0.0,15.018,9.094,1802.16,1091.28,175.87,109.07,1005.5,22.9,-1.3,0.0,0.0,0.0,,0.0,0,0,0,0,0,8.0,0.0,280320.75,169338.56,449659.31,0.0,1134.86
2026-06-04T21:25:12.600+00:00,169104,c73b8aee-e184-4449-b355-58d5694dddce,,10,FAULT,0x0C81,ESTOP|SENSOR_RANGE|SELFTEST|OVERPRESSURE,0,1,0,0,0,0,0.0,0.0,0.0,15.001,9.118,1800.12,1094.16,-18.15,-11.64,1005.5,22.9,-1.3,0.0,0.0,0.0,,0.0,0,0,0,0,0,8.0,0.0,280637.57,169531.13,450168.7,0.0,-1102.39
2026-06-04T21:25:12.776+00:00,169280,c73b8aee-e184-4449-b355-58d5694dddce,,10,FAULT,0x0C81,ESTOP|SENSOR_RANGE|SELFTEST|OVERPRESSURE,0,1,0,0,0,0,0.0,0.0,0.0,15.004,9.124,1800.48,1094.88,132.38,73.88,1005.5,22.9,-1.3,0.0,0.0,0.0,,0.0,0,0,0,0,0,8.0,0.0,280954.46,169723.83,450678.28,0.0,855.28
2026-06-04T21:25:12.952+00:00,169456,c73b8aee-e184-4449-b355-58d5694dddce,,10,FAULT,0x0C81,ESTOP|SENSOR_RANGE|SELFTEST|OVERPRESSURE,0,1,0,0,0,0,0.0,0.0,0.0,15.122,9.193,1814.64,1103.16,104.27,64.96,1005.5,22.9,-1.3,0.0,0.0,0.0,,0.0,0,0,0,0,0,8.0,0.0,281273.83,169917.98,451191.82,0.0,-159.72
2026-06-04T21:25:13.129+00:00,169631,c73b8aee-e184-4449-b355-58d5694dddce,,10,FAULT,0x0C81,ESTOP|SENSOR_RANGE|SELFTEST|OVERPRESSURE,0,1,0,0,0,0,0.0,0.0,0.0,15.106,9.151,1812.72,1098.12,-25.0,-12.25,1005.5,22.9,-1.3,0.0,0.0,0.0,,0.0,0,0,0,0,0,8.0,0.0,281591.06,170110.15,451701.21,0.0,-738.69
2026-06-04T21:25:13.305+00:00,169807,c73b8aee-e184-4449-b355-58d5694dddce,,10,FAULT,0x0C81,ESTOP|SENSOR_RANGE|SELFTEST|OVERPRESSURE,0,1,0,0,0,0,0.0,0.0,0.0,15.101,9.132,1812.12,1095.84,184.43,112.5,1005.5,22.9,-1.3,0.0,0.0,0.0,,0.0,0,0,0,0,0,8.0,0.0,281909.99,170303.02,452213.02,0.0,1189.94
2026-06-04T21:25:13.481+00:00,169984,c73b8aee-e184-4449-b355-58d5694dddce,,10,FAULT,0x0C81,ESTOP|SENSOR_RANGE|SELFTEST|OVERPRESSURE,0,1,0,0,0,0,0.0,0.0,0.0,15.024,9.121,1802.88,1094.52,-21.08,-12.5,1005.5,22.9,-1.3,0.0,0.0,0.0,,0.0,0,0,0,0,0,8.0,0.0,282229.1,170496.75,452725.85,0.0,-1161.07
2026-06-04T21:25:13.657+00:00,170161,c73b8aee-e184-4449-b355-58d5694dddce,,10,FAULT,0x0C81,ESTOP|SENSOR_RANGE|SELFTEST|OVERPRESSURE,0,1,0,0,0,0,0.0,0.0,0.0,15.009,9.121,1801.08,1094.52,171.72,101.74,1005.5,22.9,-1.3,0.0,0.0,0.0,,0.0,0,0,0,0,0,8.0,0.0,282547.89,170690.48,453238.38,0.0,1089.27
2026-06-04T21:25:13.834+00:00,170337,c73b8aee-e184-4449-b355-58d5694dddce,,10,FAULT,0x0C81,ESTOP|SENSOR_RANGE|SELFTEST|OVERPRESSURE,0,1,0,0,0,0,0.0,0.0,0.0,15.084,9.203,1810.08,1104.36,29.49,22.93,1005.5,22.9,-1.3,0.0,0.0,0.0,,0.0,0,0,0,0,0,8.0,0.0,282866.47,170884.85,453751.32,0.0,-808.12
2026-06-04T21:25:14.010+00:00,170512,c73b8aee-e184-4449-b355-58d5694dddce,,10,FAULT,0x0C81,ESTOP|SENSOR_RANGE|SELFTEST|OVERPRESSURE,0,0,0,0,0,0,0.0,0.0,0.0,15.114,9.177,1813.68,1101.24,53.44,28.31,1005.5,22.9,-1.3,0.0,0.0,0.0,,0.0,0,0,0,0,0,8.0,0.0,283183.86,171077.57,454261.43,0.0,136.86
2026-06-04T21:25:14.188+00:00,170688,c73b8aee-e184-4449-b355-58d5694dddce,,10,FAULT,0x0C81,ESTOP|SENSOR_RANGE|SELFTEST|OVERPRESSURE,0,0,0,0,0,0,0.0,0.0,0.0,15.162,9.19,1819.44,1102.8,174.9,103.82,1005.5,22.9,-1.3,0.0,0.0,0.0,,0.0,0,0,0,0,0,8.0,0.0,283504.08,171271.66,454775.74,0.0,690.11
2026-06-04T21:25:14.365+00:00,170864,c73b8aee-e184-4449-b355-58d5694dddce,,10,FAULT,0x0C81,ESTOP|SENSOR_RANGE|SELFTEST|OVERPRESSURE,0,0,0,0,0,0,0.0,0.0,0.0,15.097,9.142,1811.64,1097.04,-25.0,-12.5,1005.5,22.9,-1.3,0.0,0.0,0.0,,0.0,0,0,0,0,0,8.0,0.0,283822.93,171464.74,455287.67,0.0,-1135.8
2026-06-04T21:25:14.541+00:00,171040,c73b8aee-e184-4449-b355-58d5694dddce,,10,FAULT,0x0C81,ESTOP|SENSOR_RANGE|SELFTEST|OVERPRESSURE,0,0,0,0,0,0,0.0,0.0,0.0,15.017,9.11,1802.04,1093.2,175.87,109.2,1005.5,22.9,-1.3,0.0,0.0,0.0,,0.0,0,0,0,0,0,8.0,0.0,284140.09,171657.14,455797.23,0.0,1141.31
2026-06-04T21:25:14.717+00:00,171216,c73b8aee-e184-4449-b355-58d5694dddce,,10,FAULT,0x0C81,ESTOP|SENSOR_RANGE|SELFTEST|OVERPRESSURE,0,0,0,0,0,0,0.0,0.0,0.0,14.977,9.111,1797.24,1093.32,-18.64,-12.5,1005.5,22.9,-1.3,0.0,0.0,0.0,,0.0,0,0,0,0,0,8.0,0.0,284456.41,171849.57,456305.97,0.0,-1105.17
2026-06-04T21:25:14.893+00:00,171393,c73b8aee-e184-4449-b355-58d5694dddce,,10,FAULT,0x0C81,ESTOP|SENSOR_RANGE|SELFTEST|OVERPRESSURE,0,0,0,0,0,0,0.0,0.0,0.0,15.005,9.134,1800.6,1096.08,135.8,77.06,1005.5,22.9,-1.3,0.0,0.0,0.0,,0.0,0,0,0,0,0,8.0,0.0,284775.11,172043.57,456818.68,0.0,872.54
2026-06-04T21:25:15.070+00:00,171569,c73b8aee-e184-4449-b355-58d5694dddce,,10,FAULT,0x0C81,ESTOP|SENSOR_RANGE|SELFTEST|OVERPRESSURE,0,0,0,0,0,0,0.0,0.0,0.0,15.076,9.174,1809.12,1100.88,97.92,61.42,1005.5,22.9,-1.3,0.0,0.0,0.0,,0.0,0,0,0,0,0,8.0,0.0,285093.52,172237.33,457330.84,0.0,-215.23
2026-06-04T21:25:15.246+00:00,171745,c73b8aee-e184-4449-b355-58d5694dddce,,10,FAULT,0x0C81,ESTOP|SENSOR_RANGE|SELFTEST|OVERPRESSURE,0,0,0,0,0,0,0.0,0.0,0.0,15.101,9.156,1812.12,1098.72,-13.51,-6.51,1005.5,22.9,-1.3,0.0,0.0,0.0,,0.0,0,0,0,0,0,8.0,0.0,285412.45,172430.7,457843.15,0.0,-633.13
2026-06-04T21:25:15.422+00:00,171921,c73b8aee-e184-4449-b355-58d5694dddce,,10,FAULT,0x0C81,ESTOP|SENSOR_RANGE|SELFTEST|OVERPRESSURE,0,0,0,0,0,0,0.0,0.0,0.0,15.08,9.126,1809.6,1095.12,183.45,112.5,1005.5,22.9,-1.3,0.0,0.0,0.0,,0.0,0,0,0,0,0,8.0,0.0,285730.94,172623.44,458354.38,0.0,1119.09
2026-06-04T21:25:15.598+00:00,172097,c73b8aee-e184-4449-b355-58d5694dddce,,10,FAULT,0x0C81,ESTOP|SENSOR_RANGE|SELFTEST|OVERPRESSURE,0,0,0,0,0,0,0.0,0.0,0.0,15.016,9.103,1801.92,1092.36,-24.02,-12.5,1005.5,22.9,-1.3,0.0,0.0,0.0,,0.0,0,0,0,0,0,8.0,0.0,286048.08,172815.7,458863.78,0.0,-1178.81
2026-06-04T21:25:15.776+00:00,172273,c73b8aee-e184-4449-b355-58d5694dddce,,10,FAULT,0x0C81,ESTOP|SENSOR_RANGE|SELFTEST|OVERPRESSURE,0,0,0,0,0,0,0.0,0.0,0.0,15.013,9.13,1801.56,1095.6,172.21,105.53,1005.5,22.9,-1.3,0.0,0.0,0.0,,0.0,0,0,0,0,0,8.0,0.0,286365.15,173008.52,459373.68,0.0,1114.94
2026-06-04T21:25:15.951+00:00,172449,c73b8aee-e184-4449-b355-58d5694dddce,,10,FAULT,0x0C81,ESTOP|SENSOR_RANGE|SELFTEST|OVERPRESSURE,0,0,0,0,0,0,0.0,0.0,0.0,15.034,9.166,1804.08,1099.92,16.3,12.91,1005.5,22.9,-1.3,0.0,0.0,0.0,,0.0,0,0,0,0,0,8.0,0.0,286682.67,173202.11,459884.78,0.0,-885.85
2026-06-04T21:25:16.127+00:00,172625,c73b8aee-e184-4449-b355-58d5694dddce,,10,FAULT,0x0C81,ESTOP|SENSOR_RANGE|SELFTEST|OVERPRESSURE,0,0,0,0,0,0,0.0,0.0,0.0,15.116,9.193,1813.92,1103.16,70.79,38.08,1005.5,22.9,-1.3,0.0,0.0,0.0,,0.0,0,0,0,0,0,8.0,0.0,287001.92,173396.27,460398.19,0.0,309.6
2026-06-04T21:25:16.303+00:00,172802,c73b8aee-e184-4449-b355-58d5694dddce,,10,FAULT,0x0C81,ESTOP|SENSOR_RANGE|SELFTEST|OVERPRESSURE,0,0,0,0,0,0,0.0,0.0,0.0,15.155,9.196,1818.6,1103.52,161.46,94.9,1005.5,22.9,-1.3,0.0,0.0,0.0,,0.0,0,0,0,0,0,8.0,0.0,287323.81,173591.59,460915.4,0.0,512.26
2026-06-04T21:25:16.482+00:00,172978,c73b8aee-e184-4449-b355-58d5694dddce,,10,FAULT,0x0C81,ESTOP|SENSOR_RANGE|SELFTEST|OVERPRESSURE,0,0,0,0,0,0,0.0,0.0,0.0,15.131,9.162,1815.72,1099.44,-25.0,-12.5,1005.5,22.9,-1.3,0.0,0.0,0.0,,0.0,0,0,0,0,0,8.0,0.0,287643.38,173785.09,461428.47,0.0,-1059.43
2026-06-04T21:25:16.658+00:00,173154,c73b8aee-e184-4449-b355-58d5694dddce,,10,FAULT,0x0C81,ESTOP|SENSOR_RANGE|SELFTEST|OVERPRESSURE,0,0,0,0,0,0,0.0,0.0,0.0,15.034,9.113,1804.08,1093.56,180.27,112.5,1005.5,22.9,-1.3,0.0,0.0,0.0,,0.0,0,0,0,0,0,8.0,0.0,287960.9,173977.56,461938.45,0.0,1166.31
2026-06-04T21:25:16.834+00:00,173330,c73b8aee-e184-4449-b355-58d5694dddce,,10,FAULT,0x0C81,ESTOP|SENSOR_RANGE|SELFTEST|OVERPRESSURE,0,0,0,0,0,0,0.0,0.0,0.0,14.987,9.11,1798.44,1093.2,-20.11,-12.5,1005.5,22.9,-1.3,0.0,0.0,0.0,,0.0,0,0,0,0,0,8.0,0.0,288277.42,174169.96,462447.38,0.0,-1138.52
2026-06-04T21:25:17.011+00:00,173506,c73b8aee-e184-4449-b355-58d5694dddce,,10,FAULT,0x0C81,ESTOP|SENSOR_RANGE|SELFTEST|OVERPRESSURE,0,0,0,0,0,0,0.0,0.0,0.0,15.013,9.136,1801.56,1096.32,145.33,84.64,1005.5,22.9,-1.3,0.0,0.0,0.0,,0.0,0,0,0,0,0,8.0,0.0,288594.5,174362.91,462957.41,0.0,940.0
2026-06-04T21:25:17.187+00:00,173682,c73b8aee-e184-4449-b355-58d5694dddce,,10,FAULT,0x0C81,ESTOP|SENSOR_RANGE|SELFTEST|OVERPRESSURE,0,0,0,0,0,0,0.0,0.0,0.0,15.08,9.17,1809.6,1100.4,82.03,52.5,1005.5,22.9,-1.3,0.0,0.0,0.0,,0.0,0,0,0,0,0,8.0,0.0,288912.99,174556.58,463469.57,0.0,-359.66
2026-06-04T21:25:17.363+00:00,173857,c73b8aee-e184-4449-b355-58d5694dddce,,10,FAULT,0x0C81,ESTOP|SENSOR_RANGE|SELFTEST|OVERPRESSURE,0,0,0,0,0,0,0.0,0.0,0.0,15.149,9.167,1817.88,1100.04,-1.05,1.06,1005.5,22.9,-1.3,0.0,0.0,0.0,,0.0,0,0,0,0,0,8.0,0.0,289231.12,174749.09,463980.21,0.0,-474.74
2026-06-04T21:25:17.539+00:00,174033,c73b8aee-e184-4449-b355-58d5694dddce,,10,FAULT,0x0C81,ESTOP|SENSOR_RANGE|SELFTEST|OVERPRESSURE,0,0,0,0,0,0,0.0,0.0,0.0,15.145,9.141,1817.4,1096.92,184.43,112.5,1005.5,22.9,-1.3,0.0,0.0,0.0,,0.0,0,0,0,0,0,8.0,0.0,289550.98,174942.15,464493.13,0.0,1053.86
2026-06-04T21:25:17.715+00:00,174210,c73b8aee-e184-4449-b355-58d5694dddce,,10,FAULT,0x0C81,ESTOP|SENSOR_RANGE|SELFTEST|OVERPRESSURE,0,0,0,0,0,0,0.0,0.0,0.0,15.066,9.1,1807.92,1092.0,-25.0,-12.5,1005.5,22.9,-1.3,0.0,0.0,0.0,,0.0,0,0,0,0,0,8.0,0.0,289870.98,175135.43,465006.41,0.0,-1183.22
2026-06-04T21:25:17.892+00:00,174386,c73b8aee-e184-4449-b355-58d5694dddce,,10,FAULT,0x0C81,ESTOP|SENSOR_RANGE|SELFTEST|OVERPRESSURE,0,0,0,0,0,0,0.0,0.0,0.0,15.027,9.123,1803.24,1094.76,173.43,107.24,1005.5,22.9,-1.3,0.0,0.0,0.0,,0.0,0,0,0,0,0,8.0,0.0,290188.35,175328.11,465516.46,0.0,1127.44
2026-06-04T21:25:18.068+00:00,174562,c73b8aee-e184-4449-b355-58d5694dddce,,10,FAULT,0x0C81,ESTOP|SENSOR_RANGE|SELFTEST|OVERPRESSURE,0,0,0,0,0,0,0.0,0.0,0.0,15.02,9.145,1802.4,1097.4,-0.8,1.67,1005.5,22.9,-1.3,0.0,0.0,0.0,,0.0,0,0,0,0,0,8.0,0.0,290505.57,175521.25,466026.82,0.0,-989.94
2026-06-04T21:25:18.244+00:00,174738,c73b8aee-e184-4449-b355-58d5694dddce,,10,FAULT,0x0C81,ESTOP|SENSOR_RANGE|SELFTEST|OVERPRESSURE,0,0,0,0,0,0,0.0,0.0,0.0,15.082,9.18,1809.84,1101.6,116.25,62.64,1005.5,22.9,-1.3,0.0,0.0,0.0,,0.0,0,0,0,0,0,8.0,0.0,290824.1,175715.13,466539.24,0.0,665.06
2026-06-04T21:25:18.420+00:00,174914,c73b8aee-e184-4449-b355-58d5694dddce,,10,FAULT,0x0C81,ESTOP|SENSOR_RANGE|SELFTEST|OVERPRESSURE,0,0,0,0,0,0,0.0,0.0,0.0,15.141,9.207,1816.92,1104.84,124.56,76.94,1005.5,22.9,-1.3,0.0,0.0,0.0,,0.0,0,0,0,0,0,8.0,0.0,291143.88,175909.59,467053.47,0.0,47.22
2026-06-04T21:25:18.597+00:00,175090,c73b8aee-e184-4449-b355-58d5694dddce,,10,FAULT,0x0C81,ESTOP|SENSOR_RANGE|SELFTEST|OVERPRESSURE,0,0,0,0,0,0,0.0,0.0,0.0,15.166,9.189,1819.92,1102.68,-25.0,-12.5,1005.5,22.9,-1.3,0.0,0.0,0.0,,0.0,0,0,0,0,0,8.0,0.0,291464.19,176103.66,467567.85,0.0,-849.77
2026-06-04T21:25:18.773+00:00,175266,c73b8aee-e184-4449-b355-58d5694dddce,,10,FAULT,0x0C81,ESTOP|SENSOR_RANGE|SELFTEST|OVERPRESSURE,0,0,0,0,0,0,0.0,0.0,0.0,15.096,9.14,1811.52,1096.8,182.47,112.5,1005.5,22.9,-1.3,0.0,0.0,0.0,,0.0,0,0,0,0,0,8.0,0.0,291783.02,176296.69,468079.71,0.0,1178.81
2026-06-04T21:25:18.952+00:00,175442,c73b8aee-e184-4449-b355-58d5694dddce,,10,FAULT,0x0C81,ESTOP|SENSOR_RANGE|SELFTEST|OVERPRESSURE,0,0,0,0,0,0,0.0,0.0,0.0,15.043,9.13,1805.16,1095.6,-21.82,-12.5,1005.5,22.9,-1.3,0.0,0.0,0.0,,0.0,0,0,0,0,0,8.0,0.0,292100.72,176489.52,468590.24,0.0,-1160.74
2026-06-04T21:25:19.128+00:00,175619,c73b8aee-e184-4449-b355-58d5694dddce,,10,FAULT,0x0C81,ESTOP|SENSOR_RANGE|SELFTEST|OVERPRESSURE,0,0,0,0,0,0,0.0,0.0,0.0,15.05,9.157,1806.0,1098.84,165.37,96.49,1005.5,22.9,-1.3,0.0,0.0,0.0,,0.0,0,0,0,0,0,8.0,0.0,292420.39,176684.01,469104.4,0.0,1057.57
2026-06-04T21:25:19.304+00:00,175795,c73b8aee-e184-4449-b355-58d5694dddce,,10,FAULT,0x0C81,ESTOP|SENSOR_RANGE|SELFTEST|OVERPRESSURE,0,0,0,0,0,0,0.0,0.0,0.0,15.092,9.187,1811.04,1102.44,40.49,30.63,1005.5,22.9,-1.3,0.0,0.0,0.0,,0.0,0,0,0,0,0,8.0,0.0,292739.13,176878.04,469617.17,0.0,-709.55
2026-06-04T21:25:19.480+00:00,175971,c73b8aee-e184-4449-b355-58d5694dddce,,10,FAULT,0x0C81,ESTOP|SENSOR_RANGE|SELFTEST|OVERPRESSURE,0,0,0,0,0,0,0.0,0.0,0.0,15.163,9.201,1819.56,1104.12,38.78,20.24,1005.5,22.9,-1.3,0.0,0.0,0.0,,0.0,0,0,0,0,0,8.0,0.0,293059.37,177072.37,470131.74,0.0,-9.72
2026-06-04T21:25:19.656+00:00,176146,c73b8aee-e184-4449-b355-58d5694dddce,,10,FAULT,0x0C81,ESTOP|SENSOR_RANGE|SELFTEST|OVERPRESSURE,0,0,0,0,0,0,0.0,0.0,0.0,15.183,9.19,1821.96,1102.8,184.92,110.91,1005.5,22.9,-1.3,0.0,0.0,0.0,,0.0,0,0,0,0,0,8.0,0.0,293378.21,177265.36,470643.57,0.0,835.09
2026-06-04T21:25:19.833+00:00,176322,c73b8aee-e184-4449-b355-58d5694dddce,,10,FAULT,0x0C81,ESTOP|SENSOR_RANGE|SELFTEST|OVERPRESSURE,0,0,0,0,0,0,0.0,0.0,0.0,15.132,9.148,1815.84,1097.76,-25.0,-12.5,1005.5,22.9,-1.3,0.0,0.0,0.0,,0.0,0,0,0,0,0,8.0,0.0,293697.8,177458.56,471156.37,0.0,-1192.73
2026-06-04T21:25:20.009+00:00,176499,c73b8aee-e184-4449-b355-58d5694dddce,,10,FAULT,0x0C81,ESTOP|SENSOR_RANGE|SELFTEST|OVERPRESSURE,0,0,0,0,0,0,0.0,0.0,0.0,15.071,9.147,1808.52,1097.64,174.41,108.58,1005.5,22.9,-1.3,0.0,0.0,0.0,,0.0,0,0,0,0,0,8.0,0.0,294017.91,177652.85,471670.76,0.0,1126.61
2026-06-04T21:25:20.186+00:00,176675,c73b8aee-e184-4449-b355-58d5694dddce,,10,FAULT,0x0C81,ESTOP|SENSOR_RANGE|SELFTEST|OVERPRESSURE,0,0,0,0,0,0,0.0,0.0,0.0,15.038,9.152,1804.56,1098.24,-16.44,-6.51,1005.5,22.9,-1.3,0.0,0.0,0.0,,0.0,0,0,0,0,0,8.0,0.0,294335.51,177846.14,472181.65,0.0,-1084.38
2026-06-04T21:25:20.362+00:00,176850,c73b8aee-e184-4449-b355-58d5694dddce,,10,FAULT,0x0C81,ESTOP|SENSOR_RANGE|SELFTEST|OVERPRESSURE,0,0,0,0,0,0,0.0,0.0,0.0,15.094,9.196,1811.28,1103.52,125.04,68.87,1005.5,22.9,-1.3,0.0,0.0,0.0,,0.0,0,0,0,0,0,8.0,0.0,294652.49,178039.25,472691.74,0.0,808.46
2026-06-04T21:25:20.538+00:00,177027,c73b8aee-e184-4449-b355-58d5694dddce,,10,FAULT,0x0C81,ESTOP|SENSOR_RANGE|SELFTEST|OVERPRESSURE,0,0,0,0,0,0,0.0,0.0,0.0,15.152,9.218,1818.24,1106.16,115.02,71.56,1005.5,22.9,-1.3,0.0,0.0,0.0,,0.0,0,0,0,0,0,8.0,0.0,294974.32,178235.04,473209.36,0.0,-56.61
2026-06-04T21:25:20.714+00:00,177203,c73b8aee-e184-4449-b355-58d5694dddce,,10,FAULT,0x0C81,ESTOP|SENSOR_RANGE|SELFTEST|OVERPRESSURE,0,0,0,0,0,0,0.0,0.0,0.0,15.221,9.23,1826.52,1107.6,-25.0,-12.5,1005.5,22.9,-1.3,0.0,0.0,0.0,,0.0,0,0,0,0,0,8.0,0.0,295295.78,178429.98,473725.76,0.0,-795.57
2026-06-04T21:25:20.893+00:00,177379,c73b8aee-e184-4449-b355-58d5694dddce,,10,FAULT,0x0C81,ESTOP|SENSOR_RANGE|SELFTEST|OVERPRESSURE,0,0,0,0,0,0,0.0,0.0,0.0,15.12,9.15,1814.4,1098.0,181.98,112.5,1005.5,22.9,-1.3,0.0,0.0,0.0,,0.0,0,0,0,0,0,8.0,0.0,295615.12,178623.23,474238.35,0.0,1176.02
2026-06-04T21:25:21.067+00:00,177555,c73b8aee-e184-4449-b355-58d5694dddce,,10,FAULT,0x0C81,ESTOP|SENSOR_RANGE|SELFTEST|OVERPRESSURE,0,0,0,0,0,0,0.0,0.0,0.0,15.118,9.165,1814.16,1099.8,-22.06,-12.5,1005.5,22.9,-1.3,0.0,0.0,0.0,,0.0,0,0,0,0,0,8.0,0.0,295934.41,178816.79,474751.2,0.0,-1159.32
2026-06-04T21:25:21.245+00:00,177731,c73b8aee-e184-4449-b355-58d5694dddce,,10,FAULT,0x0C81,ESTOP|SENSOR_RANGE|SELFTEST|OVERPRESSURE,0,0,0,0,0,0,0.0,0.0,0.0,15.087,9.192,1810.44,1103.04,169.77,99.79,1005.5,22.9,-1.3,0.0,0.0,0.0,,0.0,0,0,0,0,0,8.0,0.0,296253.05,179010.93,475263.98,0.0,1089.94
2026-06-04T21:25:21.422+00:00,177907,c73b8aee-e184-4449-b355-58d5694dddce,,10,FAULT,0x0C81,ESTOP|SENSOR_RANGE|SELFTEST|OVERPRESSURE,0,0,0,0,0,0,0.0,0.0,0.0,15.119,9.205,1814.28,1104.6,28.76,22.93,1005.5,22.9,-1.3,0.0,0.0,0.0,,0.0,0,0,0,0,0,8.0,0.0,296572.36,179205.34,475777.7,0.0,-801.19
2026-06-04T21:25:21.597+00:00,178083,c73b8aee-e184-4449-b355-58d5694dddce,,10,FAULT,0x0C81,ESTOP|SENSOR_RANGE|SELFTEST|OVERPRESSURE,0,0,0,0,0,0,0.0,0.0,0.0,15.24,9.271,1828.8,1112.52,53.2,28.18,1005.5,22.9,-1.3,0.0,0.0,0.0,,0.0,0,0,0,0,0,8.0,0.0,296894.23,179401.14,476295.37,0.0,138.86
2026-06-04T21:25:21.774+00:00,178259,c73b8aee-e184-4449-b355-58d5694dddce,,10,FAULT,0x0C81,ESTOP|SENSOR_RANGE|SELFTEST|OVERPRESSURE,0,0,0,0,0,0,0.0,0.0,0.0,15.2,9.201,1824.0,1104.12,175.63,104.43,1005.5,22.9,-1.3,0.0,0.0,0.0,,0.0,0,0,0,0,0,8.0,0.0,297215.25,179595.47,476810.72,0.0,695.62
2026-06-04T21:25:21.950+00:00,178436,c73b8aee-e184-4449-b355-58d5694dddce,,10,FAULT,0x0C81,ESTOP|SENSOR_RANGE|SELFTEST|OVERPRESSURE,0,0,0,0,0,0,0.0,0.0,0.0,15.229,9.216,1827.48,1105.92,-25.0,-12.5,1005.5,22.9,-1.3,0.0,0.0,0.0,,0.0,0,0,0,0,0,8.0,0.0,297538.72,179791.21,477329.93,0.0,-1133.5
2026-06-04T21:25:22.127+00:00,178612,c73b8aee-e184-4449-b355-58d5694dddce,,10,FAULT,0x0C81,ESTOP|SENSOR_RANGE|SELFTEST|OVERPRESSURE,0,0,0,0,0,0,0.0,0.0,0.0,15.091,9.152,1810.92,1098.24,175.63,109.56,1005.5,22.9,-1.3,0.0,0.0,0.0,,0.0,0,0,0,0,0,8.0,0.0,297857.44,179984.5,477841.94,0.0,1139.94
2026-06-04T21:25:22.303+00:00,178788,c73b8aee-e184-4449-b355-58d5694dddce,,10,FAULT,0x0C81,ESTOP|SENSOR_RANGE|SELFTEST|OVERPRESSURE,0,0,0,0,0,0,0.0,0.0,0.0,15.082,9.153,1809.84,1098.36,-19.13,-12.37,1005.5,22.9,-1.3,0.0,0.0,0.0,,0.0,0,0,0,0,0,8.0,0.0,298175.97,180177.82,478353.79,0.0,-1106.59
2026-06-04T21:25:22.479+00:00,178964,c73b8aee-e184-4449-b355-58d5694dddce,,10,FAULT,0x0C81,ESTOP|SENSOR_RANGE|SELFTEST|OVERPRESSURE,0,0,0,0,0,0,0.0,0.0,0.0,15.125,9.217,1815.0,1106.04,132.86,74.74,1005.5,22.9,-1.3,0.0,0.0,0.0,,0.0,0,0,0,0,0,8.0,0.0,298495.41,180372.48,478867.89,0.0,863.58
2026-06-04T21:25:22.656+00:00,179140,c73b8aee-e184-4449-b355-58d5694dddce,,10,FAULT,0x0C81,ESTOP|SENSOR_RANGE|SELFTEST|OVERPRESSURE,0,0,0,0,0,0,0.0,0.0,0.0,15.158,9.202,1818.96,1104.24,103.29,64.72,1005.5,22.9,-1.3,0.0,0.0,0.0,,0.0,0,0,0,0,0,8.0,0.0,298815.55,180566.83,479382.37,0.0,-168.01
2026-06-04T21:25:22.831+00:00,179316,c73b8aee-e184-4449-b355-58d5694dddce,,10,FAULT,0x0C81,ESTOP|SENSOR_RANGE|SELFTEST|OVERPRESSURE,0,0,0,0,0,0,0.0,0.0,0.0,15.244,9.237,1829.28,1108.44,-25.0,-12.13,1005.5,22.9,-1.3,0.0,0.0,0.0,,0.0,0,0,0,0,0,8.0,0.0,299137.5,180761.91,479899.41,0.0,-728.92
2026-06-04T21:25:23.008+00:00,179492,c73b8aee-e184-4449-b355-58d5694dddce,,10,FAULT,0x0C81,ESTOP|SENSOR_RANGE|SELFTEST|OVERPRESSURE,0,0,0,0,0,0,0.0,0.0,0.0,15.165,9.159,1819.8,1099.08,183.45,112.5,1005.5,22.9,-1.3,0.0,0.0,0.0,,0.0,0,0,0,0,0,8.0,0.0,299457.79,180955.35,480413.13,0.0,1184.38
2026-06-04T21:25:23.184+00:00,179668,c73b8aee-e184-4449-b355-58d5694dddce,,10,FAULT,0x0C81,ESTOP|SENSOR_RANGE|SELFTEST|OVERPRESSURE,0,0,0,0,0,0,0.0,0.0,0.0,15.139,9.166,1816.68,1099.92,-22.55,-12.5,1005.5,22.9,-1.3,0.0,0.0,0.0,,0.0,0,0,0,0,0,8.0,0.0,299777.52,181148.93,480926.46,0.0,-1170.45
2026-06-04T21:25:23.363+00:00,179845,c73b8aee-e184-4449-b355-58d5694dddce,,10,FAULT,0x0C81,ESTOP|SENSOR_RANGE|SELFTEST|OVERPRESSURE,0,0,0,0,0,0,0.0,0.0,0.0,15.119,9.191,1814.28,1102.92,171.23,102.48,1005.5,22.9,-1.3,0.0,0.0,0.0,,0.0,0,0,0,0,0,8.0,0.0,300098.65,181344.15,481442.8,0.0,1094.8
2026-06-04T21:25:23.539+00:00,180021,c73b8aee-e184-4449-b355-58d5694dddce,,10,FAULT,0x0C81,ESTOP|SENSOR_RANGE|SELFTEST|OVERPRESSURE,0,0,0,0,0,0,0.0,0.0,0.0,15.156,9.222,1818.72,1106.64,25.58,20.36,1005.5,22.9,-1.3,0.0,0.0,0.0,,0.0,0,0,0,0,0,8.0,0.0,300418.74,181538.92,481957.66,0.0,-827.56
2026-06-04T21:25:23.715+00:00,180197,c73b8aee-e184-4449-b355-58d5694dddce,,10,FAULT,0x0C81,ESTOP|SENSOR_RANGE|SELFTEST|OVERPRESSURE,0,0,0,0,0,0,0.0,0.0,0.0,15.249,9.258,1829.88,1110.96,57.6,30.75,1005.5,22.9,-1.3,0.0,0.0,0.0,,0.0,0,0,0,0,0,8.0,0.0,300740.8,181734.45,482475.25,0.0,181.93
2026-06-04T21:25:23.891+00:00,180373,c73b8aee-e184-4449-b355-58d5694dddce,,10,FAULT,0x0C81,ESTOP|SENSOR_RANGE|SELFTEST|OVERPRESSURE,0,0,0,0,0,0,0.0,0.0,0.0,15.26,9.234,1831.2,1108.08,169.28,100.64,1005.5,22.9,-1.3,0.0,0.0,0.0,,0.0,0,0,0,0,0,8.0,0.0,301063.09,181929.47,482992.57,0.0,634.55
2026-06-04T21:25:24.068+00:00,180549,c73b8aee-e184-4449-b355-58d5694dddce,,10,FAULT,0x0C81,ESTOP|SENSOR_RANGE|SELFTEST|OVERPRESSURE,0,0,0,0,0,0,0.0,0.0,0.0,15.244,9.216,1829.28,1105.92,-25.0,-12.5,1005.5,22.9,-1.3,0.0,0.0,0.0,,0.0,0,0,0,0,0,8.0,0.0,301385.05,182124.11,483509.16,0.0,-1103.86
2026-06-04T21:25:24.244+00:00,180725,c73b8aee-e184-4449-b355-58d5694dddce,,10,FAULT,0x0C81,ESTOP|SENSOR_RANGE|SELFTEST|OVERPRESSURE,0,0,0,0,0,0,0.0,0.0,0.0,15.134,9.164,1816.08,1099.68,177.1,110.54,1005.5,22.9,-1.3,0.0,0.0,0.0,,0.0,0,0,0,0,0,8.0,0.0,301704.68,182317.66,484022.33,0.0,1148.3
2026-06-04T21:25:24.420+00:00,180901,c73b8aee-e184-4449-b355-58d5694dddce,,10,FAULT,0x0C81,ESTOP|SENSOR_RANGE|SELFTEST|OVERPRESSURE,0,0,0,0,0,0,0.0,0.0,0.0,15.105,9.166,1812.6,1099.92,-20.11,-12.5,1005.5,22.9,-1.3,0.0,0.0,0.0,,0.0,0,0,0,0,0,8.0,0.0,302023.69,182511.24,484534.94,0.0,-1120.51
2026-06-04T21:25:24.597+00:00,181078,c73b8aee-e184-4449-b355-58d5694dddce,,10,FAULT,0x0C81,ESTOP|SENSOR_RANGE|SELFTEST|OVERPRESSURE,0,0,0,0,0,0,0.0,0.0,0.0,15.123,9.195,1814.76,1103.4,141.66,81.83,1005.5,22.9,-1.3,0.0,0.0,0.0,,0.0,0,0,0,0,0,8.0,0.0,302344.91,182706.54,485051.45,0.0,913.95
2026-06-04T21:25:24.773+00:00,181254,c73b8aee-e184-4449-b355-58d5694dddce,,10,FAULT,0x0C81,ESTOP|SENSOR_RANGE|SELFTEST|OVERPRESSURE,0,0,0,0,0,0,0.0,0.0,0.0,15.19,9.224,1822.8,1106.88,86.68,55.31,1005.5,22.9,-1.3,0.0,0.0,0.0,,0.0,0,0,0,0,0,8.0,0.0,302665.72,182901.36,485567.08,0.0,-312.39
2026-06-04T21:25:24.949+00:00,181429,c73b8aee-e184-4449-b355-58d5694dddce,,10,FAULT,0x0C81,ESTOP|SENSOR_RANGE|SELFTEST|OVERPRESSURE,0,0,0,0,0,0,0.0,0.0,0.0,15.229,9.221,1827.48,1106.52,-5.2,-1.01,1005.5,22.9,-1.3,0.0,0.0,0.0,,0.0,0,0,0,0,0,8.0,0.0,302985.53,183095.0,486080.53,0.0,-525.03
2026-06-04T21:25:25.125+00:00,181605,c73b8aee-e184-4449-b355-58d5694dddce,,10,FAULT,0x0C81,ESTOP|SENSOR_RANGE|SELFTEST|OVERPRESSURE,0,0,0,0,0,0,0.0,0.0,0.0,15.213,9.192,1825.56,1103.04,183.94,112.5,1005.5,22.9,-1.3,0.0,0.0,0.0,,0.0,0,0,0,0,0,8.0,0.0,303306.83,183289.13,486595.96,0.0,1074.66
2026-06-04T21:25:25.302+00:00,181781,c73b8aee-e184-4449-b355-58d5694dddce,,10,FAULT,0x0C81,ESTOP|SENSOR_RANGE|SELFTEST|OVERPRESSURE,0,0,0,0,0,0,0.0,0.0,0.0,15.165,9.172,1819.8,1100.64,-25.0,-12.5,1005.5,22.9,-1.3,0.0,0.0,0.0,,0.0,0,0,0,0,0,8.0,0.0,303627.11,183482.84,487109.96,0.0,-1187.16
2026-06-04T21:25:25.478+00:00,181957,c73b8aee-e184-4449-b355-58d5694dddce,,10,FAULT,0x0C81,ESTOP|SENSOR_RANGE|SELFTEST|OVERPRESSURE,0,0,0,0,0,0,0.0,0.0,0.0,15.138,9.193,1816.56,1103.16,173.19,107.0,1005.5,22.9,-1.3,0.0,0.0,0.0,,0.0,0,0,0,0,0,8.0,0.0,303946.83,183677.0,487623.83,0.0,1126.08
2026-06-04T21:25:25.654+00:00,182133,c73b8aee-e184-4449-b355-58d5694dddce,,10,FAULT,0x0C81,ESTOP|SENSOR_RANGE|SELFTEST|OVERPRESSURE,0,0,0,0,0,0,0.0,0.0,0.0,15.153,9.223,1818.36,1106.76,0.41,2.4,1005.5,22.9,-1.3,0.0,0.0,0.0,,0.0,0,0,0,0,0,8.0,0.0,304266.86,183871.79,488138.65,0.0,-981.7
2026-06-04T21:25:25.830+00:00,182309,c73b8aee-e184-4449-b355-58d5694dddce,,10,FAULT,0x0C81,ESTOP|SENSOR_RANGE|SELFTEST|OVERPRESSURE,0,0,0,0,0,0,0.0,0.0,0.0,15.19,9.238,1822.8,1108.56,120.89,65.82,1005.5,22.9,-1.3,0.0,0.0,0.0,,0.0,0,0,0,0,0,8.0,0.0,304587.67,184066.9,488654.57,0.0,684.55
2026-06-04T21:25:26.006+00:00,182486,c73b8aee-e184-4449-b355-58d5694dddce,,10,FAULT,0x0C81,ESTOP|SENSOR_RANGE|SELFTEST|OVERPRESSURE,0,0,0,0,0,0,0.0,0.0,0.0,15.217,9.251,1826.04,1110.12,117.96,73.03,1005.5,22.9,-1.3,0.0,0.0,0.0,,0.0,0,0,0,0,0,8.0,0.0,304910.88,184263.39,489174.27,0.0,-16.55
2026-06-04T21:25:26.185+00:00,182662,c73b8aee-e184-4449-b355-58d5694dddce,,10,FAULT,0x0C81,ESTOP|SENSOR_RANGE|SELFTEST|OVERPRESSURE,0,0,0,0,0,0,0.0,0.0,0.0,15.229,9.243,1827.48,1109.16,-25.0,-12.5,1005.5,22.9,-1.3,0.0,0.0,0.0,,0.0,0,0,0,0,0,8.0,0.0,305232.52,184458.6,489691.12,0.0,-812.27
2026-06-04T21:25:26.361+00:00,182838,c73b8aee-e184-4449-b355-58d5694dddce,,10,FAULT,0x0C81,ESTOP|SENSOR_RANGE|SELFTEST|OVERPRESSURE,0,0,0,0,0,0,0.0,0.0,0.0,15.178,9.201,1821.36,1104.12,181.98,112.5,1005.5,22.9,-1.3,0.0,0.0,0.0,,0.0,0,0,0,0,0,8.0,0.0,305553.08,184652.93,490206.0,0.0,1176.02
2026-06-04T21:25:26.537+00:00,183014,c73b8aee-e184-4449-b355-58d5694dddce,,10,FAULT,0x0C81,ESTOP|SENSOR_RANGE|SELFTEST|OVERPRESSURE,0,0,0,0,0,0,0.0,0.0,0.0,15.161,9.207,1819.32,1104.84,-22.06,-12.5,1005.5,22.9,-1.3,0.0,0.0,0.0,,0.0,0,0,0,0,0,8.0,0.0,305873.28,184847.38,490720.65,0.0,-1159.32
2026-06-04T21:25:26.713+00:00,183190,c73b8aee-e184-4449-b355-58d5694dddce,,10,FAULT,0x0C81,ESTOP|SENSOR_RANGE|SELFTEST|OVERPRESSURE,0,0,0,0,0,0,0.0,0.0,0.0,15.16,9.214,1819.2,1105.68,170.01,100.03,1005.5,22.9,-1.3,0.0,0.0,0.0,,0.0,0,0,0,0,0,8.0,0.0,306193.46,185041.98,491235.43,0.0,1091.31
2026-06-04T21:25:26.890+00:00,183366,c73b8aee-e184-4449-b355-58d5694dddce,,10,FAULT,0x0C81,ESTOP|SENSOR_RANGE|SELFTEST|OVERPRESSURE,0,0,0,0,0,0,0.0,0.0,0.0,15.188,9.232,1822.56,1107.84,32.91,25.5,1005.5,22.9,-1.3,0.0,0.0,0.0,,0.0,0,0,0,0,0,8.0,0.0,306514.23,185236.96,491751.18,0.0,-778.98
2026-06-04T21:25:27.066+00:00,183541,c73b8aee-e184-4449-b355-58d5694dddce,,10,FAULT,0x0C81,ESTOP|SENSOR_RANGE|SELFTEST|OVERPRESSURE,0,0,0,0,0,0,0.0,0.0,0.0,15.244,9.244,1829.28,1109.28,48.8,25.74,1005.5,22.9,-1.3,0.0,0.0,0.0,,0.0,0,0,0,0,0,8.0,0.0,306834.35,185431.08,492265.43,0.0,90.8
2026-06-04T21:25:27.242+00:00,183717,c73b8aee-e184-4449-b355-58d5694dddce,,10,FAULT,0x0C81,ESTOP|SENSOR_RANGE|SELFTEST|OVERPRESSURE,0,0,0,0,0,0,0.0,0.0,0.0,15.247,9.216,1829.64,1105.92,179.54,107.0,1005.5,22.9,-1.3,0.0,0.0,0.0,,0.0,0,0,0,0,0,8.0,0.0,307156.37,185625.72,492782.09,0.0,742.84
2026-06-04T21:25:27.419+00:00,183894,c73b8aee-e184-4449-b355-58d5694dddce,,10,FAULT,0x0C81,ESTOP|SENSOR_RANGE|SELFTEST|OVERPRESSURE,0,0,0,0,0,0,0.0,0.0,0.0,15.203,9.189,1824.36,1102.68,-25.0,-12.5,1005.5,22.9,-1.3,0.0,0.0,0.0,,0.0,0,0,0,0,0,8.0,0.0,307479.28,185820.9,493300.18,0.0,-1155.59
2026-06-04T21:25:27.595+00:00,184070,c73b8aee-e184-4449-b355-58d5694dddce,,10,FAULT,0x0C81,ESTOP|SENSOR_RANGE|SELFTEST|OVERPRESSURE,0,0,0,0,0,0,0.0,0.0,0.0,15.138,9.172,1816.56,1100.64,175.39,108.95,1005.5,22.9,-1.3,0.0,0.0,0.0,,0.0,0,0,0,0,0,8.0,0.0,307798.99,186014.61,493813.6,0.0,1138.58
2026-06-04T21:25:27.771+00:00,184246,c73b8aee-e184-4449-b355-58d5694dddce,,10,FAULT,0x0C81,ESTOP|SENSOR_RANGE|SELFTEST|OVERPRESSURE,0,0,0,0,0,0,0.0,0.0,0.0,15.116,9.176,1813.92,1101.12,-18.64,-12.5,1005.5,22.9,-1.3,0.0,0.0,0.0,,0.0,0,0,0,0,0,8.0,0.0,308118.24,186208.41,494326.65,0.0,-1102.44
2026-06-04T21:25:27.947+00:00,184422,c73b8aee-e184-4449-b355-58d5694dddce,,10,FAULT,0x0C81,ESTOP|SENSOR_RANGE|SELFTEST|OVERPRESSURE,0,0,0,0,0,0,0.0,0.0,0.0,15.15,9.206,1818.0,1104.72,133.6,75.96,1005.5,22.9,-1.3,0.0,0.0,0.0,,0.0,0,0,0,0,0,8.0,0.0,308438.21,186402.84,494841.05,0.0,865.0
2026-06-04T21:25:28.124+00:00,184598,c73b8aee-e184-4449-b355-58d5694dddce,,10,FAULT,0x0C81,ESTOP|SENSOR_RANGE|SELFTEST|OVERPRESSURE,0,0,0,0,0,0,0.0,0.0,0.0,15.209,9.231,1825.08,1107.72,101.83,63.74,1005.5,22.9,-1.3,0.0,0.0,0.0,,0.0,0,0,0,0,0,8.0,0.0,308759.43,186597.8,495357.22,0.0,-180.51
2026-06-04T21:25:28.299+00:00,184774,c73b8aee-e184-4449-b355-58d5694dddce,,10,FAULT,0x0C81,ESTOP|SENSOR_RANGE|SELFTEST|OVERPRESSURE,0,0,0,0,0,0,0.0,0.0,0.0,15.235,9.22,1828.2,1106.4,-23.53,-11.88,1005.5,22.9,-1.3,0.0,0.0,0.0,,0.0,0,0,0,0,0,8.0,0.0,309081.19,186792.52,495873.71,0.0,-712.27
2026-06-04T21:25:28.478+00:00,184950,c73b8aee-e184-4449-b355-58d5694dddce,,10,FAULT,0x0C81,ESTOP|SENSOR_RANGE|SELFTEST|OVERPRESSURE,0,0,0,0,0,0,0.0,0.0,0.0,15.186,9.176,1822.32,1101.12,182.47,112.5,1005.5,22.9,-1.3,0.0,0.0,0.0,,0.0,0,0,0,0,0,8.0,0.0,309401.92,186986.32,496388.24,0.0,1170.45
2026-06-04T21:25:28.654+00:00,185126,c73b8aee-e184-4449-b355-58d5694dddce,,10,FAULT,0x0C81,ESTOP|SENSOR_RANGE|SELFTEST|OVERPRESSURE,0,0,0,0,0,0,0.0,0.0,0.0,15.141,9.17,1816.92,1100.4,-23.04,-12.5,1005.5,22.9,-1.3,0.0,0.0,0.0,,0.0,0,0,0,0,0,8.0,0.0,309721.69,187179.99,496901.68,0.0,-1167.67
2026-06-04T21:25:28.831+00:00,185303,c73b8aee-e184-4449-b355-58d5694dddce,,10,FAULT,0x0C81,ESTOP|SENSOR_RANGE|SELFTEST|OVERPRESSURE,0,0,0,0,0,0,0.0,0.0,0.0,15.13,9.182,1815.6,1101.84,171.48,104.43,1005.5,22.9,-1.3,0.0,0.0,0.0,,0.0,0,0,0,0,0,8.0,0.0,310043.06,187375.02,497418.07,0.0,1098.98
2026-06-04T21:25:29.007+00:00,185479,c73b8aee-e184-4449-b355-58d5694dddce,,10,FAULT,0x0C81,ESTOP|SENSOR_RANGE|SELFTEST|OVERPRESSURE,0,0,0,0,0,0,0.0,0.0,0.0,15.157,9.208,1818.84,1104.96,20.94,16.33,1005.5,22.9,-1.3,0.0,0.0,0.0,,0.0,0,0,0,0,0,8.0,0.0,310363.17,187569.49,497932.66,0.0,-855.34
2026-06-04T21:25:29.183+00:00,185655,c73b8aee-e184-4449-b355-58d5694dddce,,10,FAULT,0x0C81,ESTOP|SENSOR_RANGE|SELFTEST|OVERPRESSURE,0,0,0,0,0,0,0.0,0.0,0.0,15.218,9.223,1826.16,1106.76,65.66,35.39,1005.5,22.9,-1.3,0.0,0.0,0.0,,0.0,0,0,0,0,0,8.0,0.0,310684.58,187764.28,498448.85,0.0,254.09
2026-06-04T21:25:29.359+00:00,185831,c73b8aee-e184-4449-b355-58d5694dddce,,10,FAULT,0x0C81,ESTOP|SENSOR_RANGE|SELFTEST|OVERPRESSURE,0,0,0,0,0,0,0.0,0.0,0.0,15.228,9.204,1827.36,1104.48,163.41,96.0,1005.5,22.9,-1.3,0.0,0.0,0.0,,0.0,0,0,0,0,0,8.0,0.0,311006.19,187958.67,498964.86,0.0,555.4
2026-06-04T21:25:29.535+00:00,186007,c73b8aee-e184-4449-b355-58d5694dddce,,10,FAULT,0x0C81,ESTOP|SENSOR_RANGE|SELFTEST|OVERPRESSURE,0,0,0,0,0,0,0.0,0.0,0.0,15.207,9.187,1824.84,1102.44,-25.0,-12.5,1005.5,22.9,-1.3,0.0,0.0,0.0,,0.0,0,0,0,0,0,8.0,0.0,311327.36,188152.7,499480.06,0.0,-1070.51
2026-06-04T21:25:29.712+00:00,186183,c73b8aee-e184-4449-b355-58d5694dddce,,10,FAULT,0x0C81,ESTOP|SENSOR_RANGE|SELFTEST|OVERPRESSURE,0,0,0,0,0,0,0.0,0.0,0.0,15.144,9.159,1817.28,1099.08,180.52,112.5,1005.5,22.9,-1.3,0.0,0.0,0.0,,0.0,0,0,0,0,0,8.0,0.0,311647.2,188346.13,499993.34,0.0,1167.73
2026-06-04T21:25:29.888+00:00,186359,c73b8aee-e184-4449-b355-58d5694dddce,,10,FAULT,0x0C81,ESTOP|SENSOR_RANGE|SELFTEST|OVERPRESSURE,0,0,0,0,0,0,0.0,0.0,0.0,15.118,9.156,1814.16,1098.72,-20.35,-12.5,1005.5,22.9,-1.3,0.0,0.0,0.0,,0.0,0,0,0,0,0,8.0,0.0,311966.5,188539.51,500506.01,0.0,-1141.31
2026-06-04T21:25:30.064+00:00,186535,c73b8aee-e184-4449-b355-58d5694dddce,,10,FAULT,0x0C81,ESTOP|SENSOR_RANGE|SELFTEST|OVERPRESSURE,0,0,0,0,0,0,0.0,0.0,0.0,15.131,9.172,1815.72,1100.64,149.97,87.32,1005.5,22.9,-1.3,0.0,0.0,0.0,,0.0,0,0,0,0,0,8.0,0.0,312286.06,188733.22,501019.28,0.0,967.73
2026-06-04T21:25:30.240+00:00,186712,c73b8aee-e184-4449-b355-58d5694dddce,,10,FAULT,0x0C81,ESTOP|SENSOR_RANGE|SELFTEST|OVERPRESSURE,0,0,0,0,0,0,0.0,0.0,0.0,15.177,9.195,1821.24,1103.4,72.5,47.98,1005.5,22.9,-1.3,0.0,0.0,0.0,,0.0,0,0,0,0,0,8.0,0.0,312608.42,188928.52,501536.95,0.0,-437.68
2026-06-04T21:25:30.417+00:00,186888,c73b8aee-e184-4449-b355-58d5694dddce,,10,FAULT,0x0C81,ESTOP|SENSOR_RANGE|SELFTEST|OVERPRESSURE,0,0,0,0,0,0,0.0,0.0,0.0,15.201,9.188,1824.12,1102.56,9.45,5.21,1005.5,22.9,-1.3,0.0,0.0,0.0,,0.0,0,0,0,0,0,8.0,0.0,312929.47,189122.57,502052.04,0.0,-358.24
2026-06-04T21:25:30.593+00:00,187063,c73b8aee-e184-4449-b355-58d5694dddce,,10,FAULT,0x0C81,ESTOP|SENSOR_RANGE|SELFTEST|OVERPRESSURE,0,0,0,0,0,0,0.0,0.0,0.0,15.198,9.184,1823.76,1102.08,185.16,112.5,1005.5,22.9,-1.3,0.0,0.0,0.0,,0.0,0,0,0,0,0,8.0,0.0,313248.63,189315.44,502564.06,0.0,1004.06
2026-06-04T21:25:30.772+00:00,187239,c73b8aee-e184-4449-b355-58d5694dddce,,10,FAULT,0x0C81,ESTOP|SENSOR_RANGE|SELFTEST|OVERPRESSURE,0,0,0,0,0,0,0.0,0.0,0.0,15.173,9.171,1820.76,1100.52,-25.0,-12.5,1005.5,22.9,-1.3,0.0,0.0,0.0,,0.0,0,0,0,0,0,8.0,0.0,313569.08,189509.13,503078.21,0.0,-1194.09
2026-06-04T21:25:30.948+00:00,187415,c73b8aee-e184-4449-b355-58d5694dddce,,10,FAULT,0x0C81,ESTOP|SENSOR_RANGE|SELFTEST|OVERPRESSURE,0,0,0,0,0,0,0.0,0.0,0.0,15.161,9.182,1819.32,1101.84,173.43,107.61,1005.5,22.9,-1.3,0.0,0.0,0.0,,0.0,0,0,0,0,0,8.0,0.0,313889.28,189703.05,503592.33,0.0,1127.44
2026-06-04T21:25:31.124+00:00,187592,c73b8aee-e184-4449-b355-58d5694dddce,,10,FAULT,0x0C81,ESTOP|SENSOR_RANGE|SELFTEST|OVERPRESSURE,0,0,0,0,0,0,0.0,0.0,0.0,15.169,9.198,1820.28,1103.76,-11.8,-3.7,1005.5,22.9,-1.3,0.0,0.0,0.0,,0.0,0,0,0,0,0,8.0,0.0,314211.47,189898.42,504109.89,0.0,-1046.5
2026-06-04T21:25:31.301+00:00,187767,c73b8aee-e184-4449-b355-58d5694dddce,,10,FAULT,0x0C81,ESTOP|SENSOR_RANGE|SELFTEST|OVERPRESSURE,0,0,0,0,0,0,0.0,0.0,0.0,15.189,9.204,1822.68,1104.48,118.2,64.11,1005.5,22.9,-1.3,0.0,0.0,0.0,,0.0,0,0,0,0,0,8.0,0.0,314530.44,190091.7,504622.14,0.0,742.86
2026-06-04T21:25:31.477+00:00,187943,c73b8aee-e184-4449-b355-58d5694dddce,,10,FAULT,0x0C81,ESTOP|SENSOR_RANGE|SELFTEST|OVERPRESSURE,0,0,0,0,0,0,0.0,0.0,0.0,15.194,9.205,1823.28,1104.6,119.91,74.25,1005.5,22.9,-1.3,0.0,0.0,0.0,,0.0,0,0,0,0,0,8.0,0.0,314851.34,190286.11,505137.45,0.0,9.72
2026-06-04T21:25:31.653+00:00,188120,c73b8aee-e184-4449-b355-58d5694dddce,,10,FAULT,0x0C81,ESTOP|SENSOR_RANGE|SELFTEST|OVERPRESSURE,0,0,0,0,0,0,0.0,0.0,0.0,15.197,9.204,1823.64,1104.48,-25.0,-12.5,1005.5,22.9,-1.3,0.0,0.0,0.0,,0.0,0,0,0,0,0,8.0,0.0,315174.12,190481.61,505655.73,0.0,-818.7
2026-06-04T21:25:31.829+00:00,188296,c73b8aee-e184-4449-b355-58d5694dddce,,10,FAULT,0x0C81,ESTOP|SENSOR_RANGE|SELFTEST|OVERPRESSURE,0,0,0,0,0,0,0.0,0.0,0.0,15.175,9.188,1821.0,1102.56,181.98,112.5,1005.5,22.9,-1.3,0.0,0.0,0.0,,0.0,0,0,0,0,0,8.0,0.0,315494.62,190675.66,506170.27,0.0,1176.02
2026-06-04T21:25:32.005+00:00,188472,c73b8aee-e184-4449-b355-58d5694dddce,,10,FAULT,0x0C81,ESTOP|SENSOR_RANGE|SELFTEST|OVERPRESSURE,0,0,0,0,0,0,0.0,0.0,0.0,15.171,9.189,1820.52,1102.68,-21.82,-12.5,1005.5,22.9,-1.3,0.0,0.0,0.0,,0.0,0,0,0,0,0,8.0,0.0,315815.03,190869.73,506684.76,0.0,-1157.95
2026-06-04T21:25:32.181+00:00,188648,c73b8aee-e184-4449-b355-58d5694dddce,,10,FAULT,0x0C81,ESTOP|SENSOR_RANGE|SELFTEST|OVERPRESSURE,0,0,0,0,0,0,0.0,0.0,0.0,15.171,9.19,1820.52,1102.8,169.77,99.91,1005.5,22.9,-1.3,0.0,0.0,0.0,,0.0,0,0,0,0,0,8.0,0.0,316135.44,191063.82,507199.26,0.0,1088.58
2026-06-04T21:25:32.358+00:00,188824,c73b8aee-e184-4449-b355-58d5694dddce,,10,FAULT,0x0C81,ESTOP|SENSOR_RANGE|SELFTEST|OVERPRESSURE,0,0,0,0,0,0,0.0,0.0,0.0,15.174,9.19,1820.88,1102.8,27.78,21.83,1005.5,22.9,-1.3,0.0,0.0,0.0,,0.0,0,0,0,0,0,8.0,0.0,316455.91,191257.91,507713.83,0.0,-806.76
